<?xml version="1.0"?>
<VTKFile type="UnstructuredGrid" version="0.1" byte_order="LittleEndian">
 <UnstructuredGrid>
  <Piece NumberOfPoints="561" NumberOfCells="1000">
   <Points>
    <DataArray type="Float32" NumberOfComponents="3" format="ascii">
0.0 1e-08 0.0
0.0 1.1000000000000001e-08 0.0
0.0 1.2000000000000002e-08 0.0
0.0 1.3e-08 0.0
0.0 1.4000000000000001e-08 0.0
0.0 1.5000000000000002e-08 0.0
0.0 1.6e-08 0.0
0.0 1.7e-08 0.0
0.0 1.8000000000000002e-08 0.0
0.0 1.9e-08 0.0
0.0 2e-08 0.0
1e-09 1e-08 0.0
1e-09 1.1000000000000001e-08 0.0
1e-09 1.2000000000000002e-08 0.0
1e-09 1.3e-08 0.0
1e-09 1.4000000000000001e-08 0.0
1e-09 1.5000000000000002e-08 0.0
1e-09 1.6e-08 0.0
1e-09 1.7e-08 0.0
1e-09 1.8000000000000002e-08 0.0
1e-09 1.9e-08 0.0
1e-09 2e-08 0.0
2e-09 1e-08 0.0
2e-09 1.1000000000000001e-08 0.0
2e-09 1.2000000000000002e-08 0.0
2e-09 1.3e-08 0.0
2e-09 1.4000000000000001e-08 0.0
2e-09 1.5000000000000002e-08 0.0
2e-09 1.6e-08 0.0
2e-09 1.7e-08 0.0
2e-09 1.8000000000000002e-08 0.0
2e-09 1.9e-08 0.0
2e-09 2e-08 0.0
3.0000000000000004e-09 1e-08 0.0
3.0000000000000004e-09 1.1000000000000001e-08 0.0
3.0000000000000004e-09 1.2000000000000002e-08 0.0
3.0000000000000004e-09 1.3e-08 0.0
3.0000000000000004e-09 1.4000000000000001e-08 0.0
3.0000000000000004e-09 1.5000000000000002e-08 0.0
3.0000000000000004e-09 1.6e-08 0.0
3.0000000000000004e-09 1.7e-08 0.0
3.0000000000000004e-09 1.8000000000000002e-08 0.0
3.0000000000000004e-09 1.9e-08 0.0
3.0000000000000004e-09 2e-08 0.0
4e-09 1e-08 0.0
4e-09 1.1000000000000001e-08 0.0
4e-09 1.2000000000000002e-08 0.0
4e-09 1.3e-08 0.0
4e-09 1.4000000000000001e-08 0.0
4e-09 1.5000000000000002e-08 0.0
4e-09 1.6e-08 0.0
4e-09 1.7e-08 0.0
4e-09 1.8000000000000002e-08 0.0
4e-09 1.9e-08 0.0
4e-09 2e-08 0.0
5e-09 1e-08 0.0
5e-09 1.1000000000000001e-08 0.0
5e-09 1.2000000000000002e-08 0.0
5e-09 1.3e-08 0.0
5e-09 1.4000000000000001e-08 0.0
5e-09 1.5000000000000002e-08 0.0
5e-09 1.6e-08 0.0
5e-09 1.7e-08 0.0
5e-09 1.8000000000000002e-08 0.0
5e-09 1.9e-08 0.0
5e-09 2e-08 0.0
6.000000000000001e-09 1e-08 0.0
6.000000000000001e-09 1.1000000000000001e-08 0.0
6.000000000000001e-09 1.2000000000000002e-08 0.0
6.000000000000001e-09 1.3e-08 0.0
6.000000000000001e-09 1.4000000000000001e-08 0.0
6.000000000000001e-09 1.5000000000000002e-08 0.0
6.000000000000001e-09 1.6e-08 0.0
6.000000000000001e-09 1.7e-08 0.0
6.000000000000001e-09 1.8000000000000002e-08 0.0
6.000000000000001e-09 1.9e-08 0.0
6.000000000000001e-09 2e-08 0.0
7.000000000000001e-09 1e-08 0.0
7.000000000000001e-09 1.1000000000000001e-08 0.0
7.000000000000001e-09 1.2000000000000002e-08 0.0
7.000000000000001e-09 1.3e-08 0.0
7.000000000000001e-09 1.4000000000000001e-08 0.0
7.000000000000001e-09 1.5000000000000002e-08 0.0
7.000000000000001e-09 1.6e-08 0.0
7.000000000000001e-09 1.7e-08 0.0
7.000000000000001e-09 1.8000000000000002e-08 0.0
7.000000000000001e-09 1.9e-08 0.0
7.000000000000001e-09 2e-08 0.0
8e-09 1e-08 0.0
8e-09 1.1000000000000001e-08 0.0
8e-09 1.2000000000000002e-08 0.0
8e-09 1.3e-08 0.0
8e-09 1.4000000000000001e-08 0.0
8e-09 1.5000000000000002e-08 0.0
8e-09 1.6e-08 0.0
8e-09 1.7e-08 0.0
8e-09 1.8000000000000002e-08 0.0
8e-09 1.9e-08 0.0
8e-09 2e-08 0.0
9.000000000000001e-09 1e-08 0.0
9.000000000000001e-09 1.1000000000000001e-08 0.0
9.000000000000001e-09 1.2000000000000002e-08 0.0
9.000000000000001e-09 1.3e-08 0.0
9.000000000000001e-09 1.4000000000000001e-08 0.0
9.000000000000001e-09 1.5000000000000002e-08 0.0
9.000000000000001e-09 1.6e-08 0.0
9.000000000000001e-09 1.7e-08 0.0
9.000000000000001e-09 1.8000000000000002e-08 0.0
9.000000000000001e-09 1.9e-08 0.0
9.000000000000001e-09 2e-08 0.0
1e-08 1e-08 0.0
1e-08 1.1000000000000001e-08 0.0
1e-08 1.2000000000000002e-08 0.0
1e-08 1.3e-08 0.0
1e-08 1.4000000000000001e-08 0.0
1e-08 1.5000000000000002e-08 0.0
1e-08 1.6e-08 0.0
1e-08 1.7e-08 0.0
1e-08 1.8000000000000002e-08 0.0
1e-08 1.9e-08 0.0
1e-08 2e-08 0.0
1.1000000000000001e-08 1e-08 0.0
1.1000000000000001e-08 1.1000000000000001e-08 0.0
1.1000000000000001e-08 1.2000000000000002e-08 0.0
1.1000000000000001e-08 1.3e-08 0.0
1.1000000000000001e-08 1.4000000000000001e-08 0.0
1.1000000000000001e-08 1.5000000000000002e-08 0.0
1.1000000000000001e-08 1.6e-08 0.0
1.1000000000000001e-08 1.7e-08 0.0
1.1000000000000001e-08 1.8000000000000002e-08 0.0
1.1000000000000001e-08 1.9e-08 0.0
1.1000000000000001e-08 2e-08 0.0
1.2000000000000002e-08 1e-08 0.0
1.2000000000000002e-08 1.1000000000000001e-08 0.0
1.2000000000000002e-08 1.2000000000000002e-08 0.0
1.2000000000000002e-08 1.3e-08 0.0
1.2000000000000002e-08 1.4000000000000001e-08 0.0
1.2000000000000002e-08 1.5000000000000002e-08 0.0
1.2000000000000002e-08 1.6e-08 0.0
1.2000000000000002e-08 1.7e-08 0.0
1.2000000000000002e-08 1.8000000000000002e-08 0.0
1.2000000000000002e-08 1.9e-08 0.0
1.2000000000000002e-08 2e-08 0.0
1.3e-08 1e-08 0.0
1.3e-08 1.1000000000000001e-08 0.0
1.3e-08 1.2000000000000002e-08 0.0
1.3e-08 1.3e-08 0.0
1.3e-08 1.4000000000000001e-08 0.0
1.3e-08 1.5000000000000002e-08 0.0
1.3e-08 1.6e-08 0.0
1.3e-08 1.7e-08 0.0
1.3e-08 1.8000000000000002e-08 0.0
1.3e-08 1.9e-08 0.0
1.3e-08 2e-08 0.0
1.4000000000000001e-08 1e-08 0.0
1.4000000000000001e-08 1.1000000000000001e-08 0.0
1.4000000000000001e-08 1.2000000000000002e-08 0.0
1.4000000000000001e-08 1.3e-08 0.0
1.4000000000000001e-08 1.4000000000000001e-08 0.0
1.4000000000000001e-08 1.5000000000000002e-08 0.0
1.4000000000000001e-08 1.6e-08 0.0
1.4000000000000001e-08 1.7e-08 0.0
1.4000000000000001e-08 1.8000000000000002e-08 0.0
1.4000000000000001e-08 1.9e-08 0.0
1.4000000000000001e-08 2e-08 0.0
1.5000000000000002e-08 1e-08 0.0
1.5000000000000002e-08 1.1000000000000001e-08 0.0
1.5000000000000002e-08 1.2000000000000002e-08 0.0
1.5000000000000002e-08 1.3e-08 0.0
1.5000000000000002e-08 1.4000000000000001e-08 0.0
1.5000000000000002e-08 1.5000000000000002e-08 0.0
1.5000000000000002e-08 1.6e-08 0.0
1.5000000000000002e-08 1.7e-08 0.0
1.5000000000000002e-08 1.8000000000000002e-08 0.0
1.5000000000000002e-08 1.9e-08 0.0
1.5000000000000002e-08 2e-08 0.0
1.6e-08 1e-08 0.0
1.6e-08 1.1000000000000001e-08 0.0
1.6e-08 1.2000000000000002e-08 0.0
1.6e-08 1.3e-08 0.0
1.6e-08 1.4000000000000001e-08 0.0
1.6e-08 1.5000000000000002e-08 0.0
1.6e-08 1.6e-08 0.0
1.6e-08 1.7e-08 0.0
1.6e-08 1.8000000000000002e-08 0.0
1.6e-08 1.9e-08 0.0
1.6e-08 2e-08 0.0
1.7e-08 1e-08 0.0
1.7e-08 1.1000000000000001e-08 0.0
1.7e-08 1.2000000000000002e-08 0.0
1.7e-08 1.3e-08 0.0
1.7e-08 1.4000000000000001e-08 0.0
1.7e-08 1.5000000000000002e-08 0.0
1.7e-08 1.6e-08 0.0
1.7e-08 1.7e-08 0.0
1.7e-08 1.8000000000000002e-08 0.0
1.7e-08 1.9e-08 0.0
1.7e-08 2e-08 0.0
1.8000000000000002e-08 1e-08 0.0
1.8000000000000002e-08 1.1000000000000001e-08 0.0
1.8000000000000002e-08 1.2000000000000002e-08 0.0
1.8000000000000002e-08 1.3e-08 0.0
1.8000000000000002e-08 1.4000000000000001e-08 0.0
1.8000000000000002e-08 1.5000000000000002e-08 0.0
1.8000000000000002e-08 1.6e-08 0.0
1.8000000000000002e-08 1.7e-08 0.0
1.8000000000000002e-08 1.8000000000000002e-08 0.0
1.8000000000000002e-08 1.9e-08 0.0
1.8000000000000002e-08 2e-08 0.0
1.9e-08 1e-08 0.0
1.9e-08 1.1000000000000001e-08 0.0
1.9e-08 1.2000000000000002e-08 0.0
1.9e-08 1.3e-08 0.0
1.9e-08 1.4000000000000001e-08 0.0
1.9e-08 1.5000000000000002e-08 0.0
1.9e-08 1.6e-08 0.0
1.9e-08 1.7e-08 0.0
1.9e-08 1.8000000000000002e-08 0.0
1.9e-08 1.9e-08 0.0
1.9e-08 2e-08 0.0
2e-08 1e-08 0.0
2e-08 1.1000000000000001e-08 0.0
2e-08 1.2000000000000002e-08 0.0
2e-08 1.3e-08 0.0
2e-08 1.4000000000000001e-08 0.0
2e-08 1.5000000000000002e-08 0.0
2e-08 1.6e-08 0.0
2e-08 1.7e-08 0.0
2e-08 1.8000000000000002e-08 0.0
2e-08 1.9e-08 0.0
2e-08 2e-08 0.0
2.1000000000000003e-08 1e-08 0.0
2.1000000000000003e-08 1.1000000000000001e-08 0.0
2.1000000000000003e-08 1.2000000000000002e-08 0.0
2.1000000000000003e-08 1.3e-08 0.0
2.1000000000000003e-08 1.4000000000000001e-08 0.0
2.1000000000000003e-08 1.5000000000000002e-08 0.0
2.1000000000000003e-08 1.6e-08 0.0
2.1000000000000003e-08 1.7e-08 0.0
2.1000000000000003e-08 1.8000000000000002e-08 0.0
2.1000000000000003e-08 1.9e-08 0.0
2.1000000000000003e-08 2e-08 0.0
2.2000000000000002e-08 1e-08 0.0
2.2000000000000002e-08 1.1000000000000001e-08 0.0
2.2000000000000002e-08 1.2000000000000002e-08 0.0
2.2000000000000002e-08 1.3e-08 0.0
2.2000000000000002e-08 1.4000000000000001e-08 0.0
2.2000000000000002e-08 1.5000000000000002e-08 0.0
2.2000000000000002e-08 1.6e-08 0.0
2.2000000000000002e-08 1.7e-08 0.0
2.2000000000000002e-08 1.8000000000000002e-08 0.0
2.2000000000000002e-08 1.9e-08 0.0
2.2000000000000002e-08 2e-08 0.0
2.3e-08 1e-08 0.0
2.3e-08 1.1000000000000001e-08 0.0
2.3e-08 1.2000000000000002e-08 0.0
2.3e-08 1.3e-08 0.0
2.3e-08 1.4000000000000001e-08 0.0
2.3e-08 1.5000000000000002e-08 0.0
2.3e-08 1.6e-08 0.0
2.3e-08 1.7e-08 0.0
2.3e-08 1.8000000000000002e-08 0.0
2.3e-08 1.9e-08 0.0
2.3e-08 2e-08 0.0
2.4000000000000003e-08 1e-08 0.0
2.4000000000000003e-08 1.1000000000000001e-08 0.0
2.4000000000000003e-08 1.2000000000000002e-08 0.0
2.4000000000000003e-08 1.3e-08 0.0
2.4000000000000003e-08 1.4000000000000001e-08 0.0
2.4000000000000003e-08 1.5000000000000002e-08 0.0
2.4000000000000003e-08 1.6e-08 0.0
2.4000000000000003e-08 1.7e-08 0.0
2.4000000000000003e-08 1.8000000000000002e-08 0.0
2.4000000000000003e-08 1.9e-08 0.0
2.4000000000000003e-08 2e-08 0.0
2.5000000000000002e-08 1e-08 0.0
2.5000000000000002e-08 1.1000000000000001e-08 0.0
2.5000000000000002e-08 1.2000000000000002e-08 0.0
2.5000000000000002e-08 1.3e-08 0.0
2.5000000000000002e-08 1.4000000000000001e-08 0.0
2.5000000000000002e-08 1.5000000000000002e-08 0.0
2.5000000000000002e-08 1.6e-08 0.0
2.5000000000000002e-08 1.7e-08 0.0
2.5000000000000002e-08 1.8000000000000002e-08 0.0
2.5000000000000002e-08 1.9e-08 0.0
2.5000000000000002e-08 2e-08 0.0
2.6e-08 1e-08 0.0
2.6e-08 1.1000000000000001e-08 0.0
2.6e-08 1.2000000000000002e-08 0.0
2.6e-08 1.3e-08 0.0
2.6e-08 1.4000000000000001e-08 0.0
2.6e-08 1.5000000000000002e-08 0.0
2.6e-08 1.6e-08 0.0
2.6e-08 1.7e-08 0.0
2.6e-08 1.8000000000000002e-08 0.0
2.6e-08 1.9e-08 0.0
2.6e-08 2e-08 0.0
2.7e-08 1e-08 0.0
2.7e-08 1.1000000000000001e-08 0.0
2.7e-08 1.2000000000000002e-08 0.0
2.7e-08 1.3e-08 0.0
2.7e-08 1.4000000000000001e-08 0.0
2.7e-08 1.5000000000000002e-08 0.0
2.7e-08 1.6e-08 0.0
2.7e-08 1.7e-08 0.0
2.7e-08 1.8000000000000002e-08 0.0
2.7e-08 1.9e-08 0.0
2.7e-08 2e-08 0.0
2.8000000000000003e-08 1e-08 0.0
2.8000000000000003e-08 1.1000000000000001e-08 0.0
2.8000000000000003e-08 1.2000000000000002e-08 0.0
2.8000000000000003e-08 1.3e-08 0.0
2.8000000000000003e-08 1.4000000000000001e-08 0.0
2.8000000000000003e-08 1.5000000000000002e-08 0.0
2.8000000000000003e-08 1.6e-08 0.0
2.8000000000000003e-08 1.7e-08 0.0
2.8000000000000003e-08 1.8000000000000002e-08 0.0
2.8000000000000003e-08 1.9e-08 0.0
2.8000000000000003e-08 2e-08 0.0
2.9e-08 1e-08 0.0
2.9e-08 1.1000000000000001e-08 0.0
2.9e-08 1.2000000000000002e-08 0.0
2.9e-08 1.3e-08 0.0
2.9e-08 1.4000000000000001e-08 0.0
2.9e-08 1.5000000000000002e-08 0.0
2.9e-08 1.6e-08 0.0
2.9e-08 1.7e-08 0.0
2.9e-08 1.8000000000000002e-08 0.0
2.9e-08 1.9e-08 0.0
2.9e-08 2e-08 0.0
3.0000000000000004e-08 1e-08 0.0
3.0000000000000004e-08 1.1000000000000001e-08 0.0
3.0000000000000004e-08 1.2000000000000002e-08 0.0
3.0000000000000004e-08 1.3e-08 0.0
3.0000000000000004e-08 1.4000000000000001e-08 0.0
3.0000000000000004e-08 1.5000000000000002e-08 0.0
3.0000000000000004e-08 1.6e-08 0.0
3.0000000000000004e-08 1.7e-08 0.0
3.0000000000000004e-08 1.8000000000000002e-08 0.0
3.0000000000000004e-08 1.9e-08 0.0
3.0000000000000004e-08 2e-08 0.0
3.1e-08 1e-08 0.0
3.1e-08 1.1000000000000001e-08 0.0
3.1e-08 1.2000000000000002e-08 0.0
3.1e-08 1.3e-08 0.0
3.1e-08 1.4000000000000001e-08 0.0
3.1e-08 1.5000000000000002e-08 0.0
3.1e-08 1.6e-08 0.0
3.1e-08 1.7e-08 0.0
3.1e-08 1.8000000000000002e-08 0.0
3.1e-08 1.9e-08 0.0
3.1e-08 2e-08 0.0
3.2e-08 1e-08 0.0
3.2e-08 1.1000000000000001e-08 0.0
3.2e-08 1.2000000000000002e-08 0.0
3.2e-08 1.3e-08 0.0
3.2e-08 1.4000000000000001e-08 0.0
3.2e-08 1.5000000000000002e-08 0.0
3.2e-08 1.6e-08 0.0
3.2e-08 1.7e-08 0.0
3.2e-08 1.8000000000000002e-08 0.0
3.2e-08 1.9e-08 0.0
3.2e-08 2e-08 0.0
3.3000000000000004e-08 1e-08 0.0
3.3000000000000004e-08 1.1000000000000001e-08 0.0
3.3000000000000004e-08 1.2000000000000002e-08 0.0
3.3000000000000004e-08 1.3e-08 0.0
3.3000000000000004e-08 1.4000000000000001e-08 0.0
3.3000000000000004e-08 1.5000000000000002e-08 0.0
3.3000000000000004e-08 1.6e-08 0.0
3.3000000000000004e-08 1.7e-08 0.0
3.3000000000000004e-08 1.8000000000000002e-08 0.0
3.3000000000000004e-08 1.9e-08 0.0
3.3000000000000004e-08 2e-08 0.0
3.4e-08 1e-08 0.0
3.4e-08 1.1000000000000001e-08 0.0
3.4e-08 1.2000000000000002e-08 0.0
3.4e-08 1.3e-08 0.0
3.4e-08 1.4000000000000001e-08 0.0
3.4e-08 1.5000000000000002e-08 0.0
3.4e-08 1.6e-08 0.0
3.4e-08 1.7e-08 0.0
3.4e-08 1.8000000000000002e-08 0.0
3.4e-08 1.9e-08 0.0
3.4e-08 2e-08 0.0
3.5e-08 1e-08 0.0
3.5e-08 1.1000000000000001e-08 0.0
3.5e-08 1.2000000000000002e-08 0.0
3.5e-08 1.3e-08 0.0
3.5e-08 1.4000000000000001e-08 0.0
3.5e-08 1.5000000000000002e-08 0.0
3.5e-08 1.6e-08 0.0
3.5e-08 1.7e-08 0.0
3.5e-08 1.8000000000000002e-08 0.0
3.5e-08 1.9e-08 0.0
3.5e-08 2e-08 0.0
3.6000000000000005e-08 1e-08 0.0
3.6000000000000005e-08 1.1000000000000001e-08 0.0
3.6000000000000005e-08 1.2000000000000002e-08 0.0
3.6000000000000005e-08 1.3e-08 0.0
3.6000000000000005e-08 1.4000000000000001e-08 0.0
3.6000000000000005e-08 1.5000000000000002e-08 0.0
3.6000000000000005e-08 1.6e-08 0.0
3.6000000000000005e-08 1.7e-08 0.0
3.6000000000000005e-08 1.8000000000000002e-08 0.0
3.6000000000000005e-08 1.9e-08 0.0
3.6000000000000005e-08 2e-08 0.0
3.7e-08 1e-08 0.0
3.7e-08 1.1000000000000001e-08 0.0
3.7e-08 1.2000000000000002e-08 0.0
3.7e-08 1.3e-08 0.0
3.7e-08 1.4000000000000001e-08 0.0
3.7e-08 1.5000000000000002e-08 0.0
3.7e-08 1.6e-08 0.0
3.7e-08 1.7e-08 0.0
3.7e-08 1.8000000000000002e-08 0.0
3.7e-08 1.9e-08 0.0
3.7e-08 2e-08 0.0
3.8e-08 1e-08 0.0
3.8e-08 1.1000000000000001e-08 0.0
3.8e-08 1.2000000000000002e-08 0.0
3.8e-08 1.3e-08 0.0
3.8e-08 1.4000000000000001e-08 0.0
3.8e-08 1.5000000000000002e-08 0.0
3.8e-08 1.6e-08 0.0
3.8e-08 1.7e-08 0.0
3.8e-08 1.8000000000000002e-08 0.0
3.8e-08 1.9e-08 0.0
3.8e-08 2e-08 0.0
3.9000000000000005e-08 1e-08 0.0
3.9000000000000005e-08 1.1000000000000001e-08 0.0
3.9000000000000005e-08 1.2000000000000002e-08 0.0
3.9000000000000005e-08 1.3e-08 0.0
3.9000000000000005e-08 1.4000000000000001e-08 0.0
3.9000000000000005e-08 1.5000000000000002e-08 0.0
3.9000000000000005e-08 1.6e-08 0.0
3.9000000000000005e-08 1.7e-08 0.0
3.9000000000000005e-08 1.8000000000000002e-08 0.0
3.9000000000000005e-08 1.9e-08 0.0
3.9000000000000005e-08 2e-08 0.0
4e-08 1e-08 0.0
4e-08 1.1000000000000001e-08 0.0
4e-08 1.2000000000000002e-08 0.0
4e-08 1.3e-08 0.0
4e-08 1.4000000000000001e-08 0.0
4e-08 1.5000000000000002e-08 0.0
4e-08 1.6e-08 0.0
4e-08 1.7e-08 0.0
4e-08 1.8000000000000002e-08 0.0
4e-08 1.9e-08 0.0
4e-08 2e-08 0.0
4.1e-08 1e-08 0.0
4.1e-08 1.1000000000000001e-08 0.0
4.1e-08 1.2000000000000002e-08 0.0
4.1e-08 1.3e-08 0.0
4.1e-08 1.4000000000000001e-08 0.0
4.1e-08 1.5000000000000002e-08 0.0
4.1e-08 1.6e-08 0.0
4.1e-08 1.7e-08 0.0
4.1e-08 1.8000000000000002e-08 0.0
4.1e-08 1.9e-08 0.0
4.1e-08 2e-08 0.0
4.2000000000000006e-08 1e-08 0.0
4.2000000000000006e-08 1.1000000000000001e-08 0.0
4.2000000000000006e-08 1.2000000000000002e-08 0.0
4.2000000000000006e-08 1.3e-08 0.0
4.2000000000000006e-08 1.4000000000000001e-08 0.0
4.2000000000000006e-08 1.5000000000000002e-08 0.0
4.2000000000000006e-08 1.6e-08 0.0
4.2000000000000006e-08 1.7e-08 0.0
4.2000000000000006e-08 1.8000000000000002e-08 0.0
4.2000000000000006e-08 1.9e-08 0.0
4.2000000000000006e-08 2e-08 0.0
4.3e-08 1e-08 0.0
4.3e-08 1.1000000000000001e-08 0.0
4.3e-08 1.2000000000000002e-08 0.0
4.3e-08 1.3e-08 0.0
4.3e-08 1.4000000000000001e-08 0.0
4.3e-08 1.5000000000000002e-08 0.0
4.3e-08 1.6e-08 0.0
4.3e-08 1.7e-08 0.0
4.3e-08 1.8000000000000002e-08 0.0
4.3e-08 1.9e-08 0.0
4.3e-08 2e-08 0.0
4.4000000000000004e-08 1e-08 0.0
4.4000000000000004e-08 1.1000000000000001e-08 0.0
4.4000000000000004e-08 1.2000000000000002e-08 0.0
4.4000000000000004e-08 1.3e-08 0.0
4.4000000000000004e-08 1.4000000000000001e-08 0.0
4.4000000000000004e-08 1.5000000000000002e-08 0.0
4.4000000000000004e-08 1.6e-08 0.0
4.4000000000000004e-08 1.7e-08 0.0
4.4000000000000004e-08 1.8000000000000002e-08 0.0
4.4000000000000004e-08 1.9e-08 0.0
4.4000000000000004e-08 2e-08 0.0
4.5000000000000006e-08 1e-08 0.0
4.5000000000000006e-08 1.1000000000000001e-08 0.0
4.5000000000000006e-08 1.2000000000000002e-08 0.0
4.5000000000000006e-08 1.3e-08 0.0
4.5000000000000006e-08 1.4000000000000001e-08 0.0
4.5000000000000006e-08 1.5000000000000002e-08 0.0
4.5000000000000006e-08 1.6e-08 0.0
4.5000000000000006e-08 1.7e-08 0.0
4.5000000000000006e-08 1.8000000000000002e-08 0.0
4.5000000000000006e-08 1.9e-08 0.0
4.5000000000000006e-08 2e-08 0.0
4.6e-08 1e-08 0.0
4.6e-08 1.1000000000000001e-08 0.0
4.6e-08 1.2000000000000002e-08 0.0
4.6e-08 1.3e-08 0.0
4.6e-08 1.4000000000000001e-08 0.0
4.6e-08 1.5000000000000002e-08 0.0
4.6e-08 1.6e-08 0.0
4.6e-08 1.7e-08 0.0
4.6e-08 1.8000000000000002e-08 0.0
4.6e-08 1.9e-08 0.0
4.6e-08 2e-08 0.0
4.7000000000000004e-08 1e-08 0.0
4.7000000000000004e-08 1.1000000000000001e-08 0.0
4.7000000000000004e-08 1.2000000000000002e-08 0.0
4.7000000000000004e-08 1.3e-08 0.0
4.7000000000000004e-08 1.4000000000000001e-08 0.0
4.7000000000000004e-08 1.5000000000000002e-08 0.0
4.7000000000000004e-08 1.6e-08 0.0
4.7000000000000004e-08 1.7e-08 0.0
4.7000000000000004e-08 1.8000000000000002e-08 0.0
4.7000000000000004e-08 1.9e-08 0.0
4.7000000000000004e-08 2e-08 0.0
4.8000000000000006e-08 1e-08 0.0
4.8000000000000006e-08 1.1000000000000001e-08 0.0
4.8000000000000006e-08 1.2000000000000002e-08 0.0
4.8000000000000006e-08 1.3e-08 0.0
4.8000000000000006e-08 1.4000000000000001e-08 0.0
4.8000000000000006e-08 1.5000000000000002e-08 0.0
4.8000000000000006e-08 1.6e-08 0.0
4.8000000000000006e-08 1.7e-08 0.0
4.8000000000000006e-08 1.8000000000000002e-08 0.0
4.8000000000000006e-08 1.9e-08 0.0
4.8000000000000006e-08 2e-08 0.0
4.9e-08 1e-08 0.0
4.9e-08 1.1000000000000001e-08 0.0
4.9e-08 1.2000000000000002e-08 0.0
4.9e-08 1.3e-08 0.0
4.9e-08 1.4000000000000001e-08 0.0
4.9e-08 1.5000000000000002e-08 0.0
4.9e-08 1.6e-08 0.0
4.9e-08 1.7e-08 0.0
4.9e-08 1.8000000000000002e-08 0.0
4.9e-08 1.9e-08 0.0
4.9e-08 2e-08 0.0
5.0000000000000004e-08 1e-08 0.0
5.0000000000000004e-08 1.1000000000000001e-08 0.0
5.0000000000000004e-08 1.2000000000000002e-08 0.0
5.0000000000000004e-08 1.3e-08 0.0
5.0000000000000004e-08 1.4000000000000001e-08 0.0
5.0000000000000004e-08 1.5000000000000002e-08 0.0
5.0000000000000004e-08 1.6e-08 0.0
5.0000000000000004e-08 1.7e-08 0.0
5.0000000000000004e-08 1.8000000000000002e-08 0.0
5.0000000000000004e-08 1.9e-08 0.0
5.0000000000000004e-08 2e-08 0.0
    </DataArray>
   </Points>
   <Cells>
    <DataArray type="Int32" Name="connectivity" format="ascii">
0 11 1
11 12 1
1 12 2
12 13 2
2 13 3
13 14 3
3 14 4
14 15 4
4 15 5
15 16 5
5 16 6
16 17 6
6 17 7
17 18 7
7 18 8
18 19 8
8 19 9
19 20 9
9 20 10
20 21 10
11 22 12
22 23 12
12 23 13
23 24 13
13 24 14
24 25 14
14 25 15
25 26 15
15 26 16
26 27 16
16 27 17
27 28 17
17 28 18
28 29 18
18 29 19
29 30 19
19 30 20
30 31 20
20 31 21
31 32 21
22 33 23
33 34 23
23 34 24
34 35 24
24 35 25
35 36 25
25 36 26
36 37 26
26 37 27
37 38 27
27 38 28
38 39 28
28 39 29
39 40 29
29 40 30
40 41 30
30 41 31
41 42 31
31 42 32
42 43 32
33 44 34
44 45 34
34 45 35
45 46 35
35 46 36
46 47 36
36 47 37
47 48 37
37 48 38
48 49 38
38 49 39
49 50 39
39 50 40
50 51 40
40 51 41
51 52 41
41 52 42
52 53 42
42 53 43
53 54 43
44 55 45
55 56 45
45 56 46
56 57 46
46 57 47
57 58 47
47 58 48
58 59 48
48 59 49
59 60 49
49 60 50
60 61 50
50 61 51
61 62 51
51 62 52
62 63 52
52 63 53
63 64 53
53 64 54
64 65 54
55 66 56
66 67 56
56 67 57
67 68 57
57 68 58
68 69 58
58 69 59
69 70 59
59 70 60
70 71 60
60 71 61
71 72 61
61 72 62
72 73 62
62 73 63
73 74 63
63 74 64
74 75 64
64 75 65
75 76 65
66 77 67
77 78 67
67 78 68
78 79 68
68 79 69
79 80 69
69 80 70
80 81 70
70 81 71
81 82 71
71 82 72
82 83 72
72 83 73
83 84 73
73 84 74
84 85 74
74 85 75
85 86 75
75 86 76
86 87 76
77 88 78
88 89 78
78 89 79
89 90 79
79 90 80
90 91 80
80 91 81
91 92 81
81 92 82
92 93 82
82 93 83
93 94 83
83 94 84
94 95 84
84 95 85
95 96 85
85 96 86
96 97 86
86 97 87
97 98 87
88 99 89
99 100 89
89 100 90
100 101 90
90 101 91
101 102 91
91 102 92
102 103 92
92 103 93
103 104 93
93 104 94
104 105 94
94 105 95
105 106 95
95 106 96
106 107 96
96 107 97
107 108 97
97 108 98
108 109 98
99 110 100
110 111 100
100 111 101
111 112 101
101 112 102
112 113 102
102 113 103
113 114 103
103 114 104
114 115 104
104 115 105
115 116 105
105 116 106
116 117 106
106 117 107
117 118 107
107 118 108
118 119 108
108 119 109
119 120 109
110 121 111
121 122 111
111 122 112
122 123 112
112 123 113
123 124 113
113 124 114
124 125 114
114 125 115
125 126 115
115 126 116
126 127 116
116 127 117
127 128 117
117 128 118
128 129 118
118 129 119
129 130 119
119 130 120
130 131 120
121 132 122
132 133 122
122 133 123
133 134 123
123 134 124
134 135 124
124 135 125
135 136 125
125 136 126
136 137 126
126 137 127
137 138 127
127 138 128
138 139 128
128 139 129
139 140 129
129 140 130
140 141 130
130 141 131
141 142 131
132 143 133
143 144 133
133 144 134
144 145 134
134 145 135
145 146 135
135 146 136
146 147 136
136 147 137
147 148 137
137 148 138
148 149 138
138 149 139
149 150 139
139 150 140
150 151 140
140 151 141
151 152 141
141 152 142
152 153 142
143 154 144
154 155 144
144 155 145
155 156 145
145 156 146
156 157 146
146 157 147
157 158 147
147 158 148
158 159 148
148 159 149
159 160 149
149 160 150
160 161 150
150 161 151
161 162 151
151 162 152
162 163 152
152 163 153
163 164 153
154 165 155
165 166 155
155 166 156
166 167 156
156 167 157
167 168 157
157 168 158
168 169 158
158 169 159
169 170 159
159 170 160
170 171 160
160 171 161
171 172 161
161 172 162
172 173 162
162 173 163
173 174 163
163 174 164
174 175 164
165 176 166
176 177 166
166 177 167
177 178 167
167 178 168
178 179 168
168 179 169
179 180 169
169 180 170
180 181 170
170 181 171
181 182 171
171 182 172
182 183 172
172 183 173
183 184 173
173 184 174
184 185 174
174 185 175
185 186 175
176 187 177
187 188 177
177 188 178
188 189 178
178 189 179
189 190 179
179 190 180
190 191 180
180 191 181
191 192 181
181 192 182
192 193 182
182 193 183
193 194 183
183 194 184
194 195 184
184 195 185
195 196 185
185 196 186
196 197 186
187 198 188
198 199 188
188 199 189
199 200 189
189 200 190
200 201 190
190 201 191
201 202 191
191 202 192
202 203 192
192 203 193
203 204 193
193 204 194
204 205 194
194 205 195
205 206 195
195 206 196
206 207 196
196 207 197
207 208 197
198 209 199
209 210 199
199 210 200
210 211 200
200 211 201
211 212 201
201 212 202
212 213 202
202 213 203
213 214 203
203 214 204
214 215 204
204 215 205
215 216 205
205 216 206
216 217 206
206 217 207
217 218 207
207 218 208
218 219 208
209 220 210
220 221 210
210 221 211
221 222 211
211 222 212
222 223 212
212 223 213
223 224 213
213 224 214
224 225 214
214 225 215
225 226 215
215 226 216
226 227 216
216 227 217
227 228 217
217 228 218
228 229 218
218 229 219
229 230 219
220 231 221
231 232 221
221 232 222
232 233 222
222 233 223
233 234 223
223 234 224
234 235 224
224 235 225
235 236 225
225 236 226
236 237 226
226 237 227
237 238 227
227 238 228
238 239 228
228 239 229
239 240 229
229 240 230
240 241 230
231 242 232
242 243 232
232 243 233
243 244 233
233 244 234
244 245 234
234 245 235
245 246 235
235 246 236
246 247 236
236 247 237
247 248 237
237 248 238
248 249 238
238 249 239
249 250 239
239 250 240
250 251 240
240 251 241
251 252 241
242 253 243
253 254 243
243 254 244
254 255 244
244 255 245
255 256 245
245 256 246
256 257 246
246 257 247
257 258 247
247 258 248
258 259 248
248 259 249
259 260 249
249 260 250
260 261 250
250 261 251
261 262 251
251 262 252
262 263 252
253 264 254
264 265 254
254 265 255
265 266 255
255 266 256
266 267 256
256 267 257
267 268 257
257 268 258
268 269 258
258 269 259
269 270 259
259 270 260
270 271 260
260 271 261
271 272 261
261 272 262
272 273 262
262 273 263
273 274 263
264 275 265
275 276 265
265 276 266
276 277 266
266 277 267
277 278 267
267 278 268
278 279 268
268 279 269
279 280 269
269 280 270
280 281 270
270 281 271
281 282 271
271 282 272
282 283 272
272 283 273
283 284 273
273 284 274
284 285 274
275 286 287
275 287 276
276 287 288
276 288 277
277 288 289
277 289 278
278 289 290
278 290 279
279 290 291
279 291 280
280 291 292
280 292 281
281 292 293
281 293 282
282 293 294
282 294 283
283 294 295
283 295 284
284 295 296
284 296 285
286 297 298
286 298 287
287 298 299
287 299 288
288 299 300
288 300 289
289 300 301
289 301 290
290 301 302
290 302 291
291 302 303
291 303 292
292 303 304
292 304 293
293 304 305
293 305 294
294 305 306
294 306 295
295 306 307
295 307 296
297 308 309
297 309 298
298 309 310
298 310 299
299 310 311
299 311 300
300 311 312
300 312 301
301 312 313
301 313 302
302 313 314
302 314 303
303 314 315
303 315 304
304 315 316
304 316 305
305 316 317
305 317 306
306 317 318
306 318 307
308 319 320
308 320 309
309 320 321
309 321 310
310 321 322
310 322 311
311 322 323
311 323 312
312 323 324
312 324 313
313 324 325
313 325 314
314 325 326
314 326 315
315 326 327
315 327 316
316 327 328
316 328 317
317 328 329
317 329 318
319 330 331
319 331 320
320 331 332
320 332 321
321 332 333
321 333 322
322 333 334
322 334 323
323 334 335
323 335 324
324 335 336
324 336 325
325 336 337
325 337 326
326 337 338
326 338 327
327 338 339
327 339 328
328 339 340
328 340 329
330 341 342
330 342 331
331 342 343
331 343 332
332 343 344
332 344 333
333 344 345
333 345 334
334 345 346
334 346 335
335 346 347
335 347 336
336 347 348
336 348 337
337 348 349
337 349 338
338 349 350
338 350 339
339 350 351
339 351 340
341 352 353
341 353 342
342 353 354
342 354 343
343 354 355
343 355 344
344 355 356
344 356 345
345 356 357
345 357 346
346 357 358
346 358 347
347 358 359
347 359 348
348 359 360
348 360 349
349 360 361
349 361 350
350 361 362
350 362 351
352 363 364
352 364 353
353 364 365
353 365 354
354 365 366
354 366 355
355 366 367
355 367 356
356 367 368
356 368 357
357 368 369
357 369 358
358 369 370
358 370 359
359 370 371
359 371 360
360 371 372
360 372 361
361 372 373
361 373 362
363 374 375
363 375 364
364 375 376
364 376 365
365 376 377
365 377 366
366 377 378
366 378 367
367 378 379
367 379 368
368 379 380
368 380 369
369 380 381
369 381 370
370 381 382
370 382 371
371 382 383
371 383 372
372 383 384
372 384 373
374 385 386
374 386 375
375 386 387
375 387 376
376 387 388
376 388 377
377 388 389
377 389 378
378 389 390
378 390 379
379 390 391
379 391 380
380 391 392
380 392 381
381 392 393
381 393 382
382 393 394
382 394 383
383 394 395
383 395 384
385 396 397
385 397 386
386 397 398
386 398 387
387 398 399
387 399 388
388 399 400
388 400 389
389 400 401
389 401 390
390 401 402
390 402 391
391 402 403
391 403 392
392 403 404
392 404 393
393 404 405
393 405 394
394 405 406
394 406 395
396 407 408
396 408 397
397 408 409
397 409 398
398 409 410
398 410 399
399 410 411
399 411 400
400 411 412
400 412 401
401 412 413
401 413 402
402 413 414
402 414 403
403 414 415
403 415 404
404 415 416
404 416 405
405 416 417
405 417 406
407 418 419
407 419 408
408 419 420
408 420 409
409 420 421
409 421 410
410 421 422
410 422 411
411 422 423
411 423 412
412 423 424
412 424 413
413 424 425
413 425 414
414 425 426
414 426 415
415 426 427
415 427 416
416 427 428
416 428 417
418 429 430
418 430 419
419 430 431
419 431 420
420 431 432
420 432 421
421 432 433
421 433 422
422 433 434
422 434 423
423 434 435
423 435 424
424 435 436
424 436 425
425 436 437
425 437 426
426 437 438
426 438 427
427 438 439
427 439 428
429 440 441
429 441 430
430 441 442
430 442 431
431 442 443
431 443 432
432 443 444
432 444 433
433 444 445
433 445 434
434 445 446
434 446 435
435 446 447
435 447 436
436 447 448
436 448 437
437 448 449
437 449 438
438 449 450
438 450 439
440 451 452
440 452 441
441 452 453
441 453 442
442 453 454
442 454 443
443 454 455
443 455 444
444 455 456
444 456 445
445 456 457
445 457 446
446 457 458
446 458 447
447 458 459
447 459 448
448 459 460
448 460 449
449 460 461
449 461 450
451 462 463
451 463 452
452 463 464
452 464 453
453 464 465
453 465 454
454 465 466
454 466 455
455 466 467
455 467 456
456 467 468
456 468 457
457 468 469
457 469 458
458 469 470
458 470 459
459 470 471
459 471 460
460 471 472
460 472 461
462 473 474
462 474 463
463 474 475
463 475 464
464 475 476
464 476 465
465 476 477
465 477 466
466 477 478
466 478 467
467 478 479
467 479 468
468 479 480
468 480 469
469 480 481
469 481 470
470 481 482
470 482 471
471 482 483
471 483 472
473 484 485
473 485 474
474 485 486
474 486 475
475 486 487
475 487 476
476 487 488
476 488 477
477 488 489
477 489 478
478 489 490
478 490 479
479 490 491
479 491 480
480 491 492
480 492 481
481 492 493
481 493 482
482 493 494
482 494 483
484 495 496
484 496 485
485 496 497
485 497 486
486 497 498
486 498 487
487 498 499
487 499 488
488 499 500
488 500 489
489 500 501
489 501 490
490 501 502
490 502 491
491 502 503
491 503 492
492 503 504
492 504 493
493 504 505
493 505 494
495 506 507
495 507 496
496 507 508
496 508 497
497 508 509
497 509 498
498 509 510
498 510 499
499 510 511
499 511 500
500 511 512
500 512 501
501 512 513
501 513 502
502 513 514
502 514 503
503 514 515
503 515 504
504 515 516
504 516 505
506 517 518
506 518 507
507 518 519
507 519 508
508 519 520
508 520 509
509 520 521
509 521 510
510 521 522
510 522 511
511 522 523
511 523 512
512 523 524
512 524 513
513 524 525
513 525 514
514 525 526
514 526 515
515 526 527
515 527 516
517 528 529
517 529 518
518 529 530
518 530 519
519 530 531
519 531 520
520 531 532
520 532 521
521 532 533
521 533 522
522 533 534
522 534 523
523 534 535
523 535 524
524 535 536
524 536 525
525 536 537
525 537 526
526 537 538
526 538 527
528 539 540
528 540 529
529 540 541
529 541 530
530 541 542
530 542 531
531 542 543
531 543 532
532 543 544
532 544 533
533 544 545
533 545 534
534 545 546
534 546 535
535 546 547
535 547 536
536 547 548
536 548 537
537 548 549
537 549 538
539 550 551
539 551 540
540 551 552
540 552 541
541 552 553
541 553 542
542 553 554
542 554 543
543 554 555
543 555 544
544 555 556
544 556 545
545 556 557
545 557 546
546 557 558
546 558 547
547 558 559
547 559 548
548 559 560
548 560 549
    </DataArray>
    <DataArray type="Int32" Name="offsets" format="ascii">
3 6 9 12 15 18 21 24 27 30 33 36 39 42 45 48 51 54 57 60 63 66 69 72 75 78 81 84 87 90 93 96 99 102 105 108 111 114 117 120 123 126 129 132 135 138 141 144 147 150 153 156 159 162 165 168 171 174 177 180 183 186 189 192 195 198 201 204 207 210 213 216 219 222 225 228 231 234 237 240 243 246 249 252 255 258 261 264 267 270 273 276 279 282 285 288 291 294 297 300 303 306 309 312 315 318 321 324 327 330 333 336 339 342 345 348 351 354 357 360 363 366 369 372 375 378 381 384 387 390 393 396 399 402 405 408 411 414 417 420 423 426 429 432 435 438 441 444 447 450 453 456 459 462 465 468 471 474 477 480 483 486 489 492 495 498 501 504 507 510 513 516 519 522 525 528 531 534 537 540 543 546 549 552 555 558 561 564 567 570 573 576 579 582 585 588 591 594 597 600 603 606 609 612 615 618 621 624 627 630 633 636 639 642 645 648 651 654 657 660 663 666 669 672 675 678 681 684 687 690 693 696 699 702 705 708 711 714 717 720 723 726 729 732 735 738 741 744 747 750 753 756 759 762 765 768 771 774 777 780 783 786 789 792 795 798 801 804 807 810 813 816 819 822 825 828 831 834 837 840 843 846 849 852 855 858 861 864 867 870 873 876 879 882 885 888 891 894 897 900 903 906 909 912 915 918 921 924 927 930 933 936 939 942 945 948 951 954 957 960 963 966 969 972 975 978 981 984 987 990 993 996 999 1002 1005 1008 1011 1014 1017 1020 1023 1026 1029 1032 1035 1038 1041 1044 1047 1050 1053 1056 1059 1062 1065 1068 1071 1074 1077 1080 1083 1086 1089 1092 1095 1098 1101 1104 1107 1110 1113 1116 1119 1122 1125 1128 1131 1134 1137 1140 1143 1146 1149 1152 1155 1158 1161 1164 1167 1170 1173 1176 1179 1182 1185 1188 1191 1194 1197 1200 1203 1206 1209 1212 1215 1218 1221 1224 1227 1230 1233 1236 1239 1242 1245 1248 1251 1254 1257 1260 1263 1266 1269 1272 1275 1278 1281 1284 1287 1290 1293 1296 1299 1302 1305 1308 1311 1314 1317 1320 1323 1326 1329 1332 1335 1338 1341 1344 1347 1350 1353 1356 1359 1362 1365 1368 1371 1374 1377 1380 1383 1386 1389 1392 1395 1398 1401 1404 1407 1410 1413 1416 1419 1422 1425 1428 1431 1434 1437 1440 1443 1446 1449 1452 1455 1458 1461 1464 1467 1470 1473 1476 1479 1482 1485 1488 1491 1494 1497 1500 1503 1506 1509 1512 1515 1518 1521 1524 1527 1530 1533 1536 1539 1542 1545 1548 1551 1554 1557 1560 1563 1566 1569 1572 1575 1578 1581 1584 1587 1590 1593 1596 1599 1602 1605 1608 1611 1614 1617 1620 1623 1626 1629 1632 1635 1638 1641 1644 1647 1650 1653 1656 1659 1662 1665 1668 1671 1674 1677 1680 1683 1686 1689 1692 1695 1698 1701 1704 1707 1710 1713 1716 1719 1722 1725 1728 1731 1734 1737 1740 1743 1746 1749 1752 1755 1758 1761 1764 1767 1770 1773 1776 1779 1782 1785 1788 1791 1794 1797 1800 1803 1806 1809 1812 1815 1818 1821 1824 1827 1830 1833 1836 1839 1842 1845 1848 1851 1854 1857 1860 1863 1866 1869 1872 1875 1878 1881 1884 1887 1890 1893 1896 1899 1902 1905 1908 1911 1914 1917 1920 1923 1926 1929 1932 1935 1938 1941 1944 1947 1950 1953 1956 1959 1962 1965 1968 1971 1974 1977 1980 1983 1986 1989 1992 1995 1998 2001 2004 2007 2010 2013 2016 2019 2022 2025 2028 2031 2034 2037 2040 2043 2046 2049 2052 2055 2058 2061 2064 2067 2070 2073 2076 2079 2082 2085 2088 2091 2094 2097 2100 2103 2106 2109 2112 2115 2118 2121 2124 2127 2130 2133 2136 2139 2142 2145 2148 2151 2154 2157 2160 2163 2166 2169 2172 2175 2178 2181 2184 2187 2190 2193 2196 2199 2202 2205 2208 2211 2214 2217 2220 2223 2226 2229 2232 2235 2238 2241 2244 2247 2250 2253 2256 2259 2262 2265 2268 2271 2274 2277 2280 2283 2286 2289 2292 2295 2298 2301 2304 2307 2310 2313 2316 2319 2322 2325 2328 2331 2334 2337 2340 2343 2346 2349 2352 2355 2358 2361 2364 2367 2370 2373 2376 2379 2382 2385 2388 2391 2394 2397 2400 2403 2406 2409 2412 2415 2418 2421 2424 2427 2430 2433 2436 2439 2442 2445 2448 2451 2454 2457 2460 2463 2466 2469 2472 2475 2478 2481 2484 2487 2490 2493 2496 2499 2502 2505 2508 2511 2514 2517 2520 2523 2526 2529 2532 2535 2538 2541 2544 2547 2550 2553 2556 2559 2562 2565 2568 2571 2574 2577 2580 2583 2586 2589 2592 2595 2598 2601 2604 2607 2610 2613 2616 2619 2622 2625 2628 2631 2634 2637 2640 2643 2646 2649 2652 2655 2658 2661 2664 2667 2670 2673 2676 2679 2682 2685 2688 2691 2694 2697 2700 2703 2706 2709 2712 2715 2718 2721 2724 2727 2730 2733 2736 2739 2742 2745 2748 2751 2754 2757 2760 2763 2766 2769 2772 2775 2778 2781 2784 2787 2790 2793 2796 2799 2802 2805 2808 2811 2814 2817 2820 2823 2826 2829 2832 2835 2838 2841 2844 2847 2850 2853 2856 2859 2862 2865 2868 2871 2874 2877 2880 2883 2886 2889 2892 2895 2898 2901 2904 2907 2910 2913 2916 2919 2922 2925 2928 2931 2934 2937 2940 2943 2946 2949 2952 2955 2958 2961 2964 2967 2970 2973 2976 2979 2982 2985 2988 2991 2994 2997 3000
    </DataArray>
    <DataArray type="UInt8" Name="types" format="ascii">
5 5 5 5 5 5 5 5 5 5 5 5 5 5 5 5 5 5 5 5 5 5 5 5 5 5 5 5 5 5 5 5 5 5 5 5 5 5 5 5 5 5 5 5 5 5 5 5 5 5 5 5 5 5 5 5 5 5 5 5 5 5 5 5 5 5 5 5 5 5 5 5 5 5 5 5 5 5 5 5 5 5 5 5 5 5 5 5 5 5 5 5 5 5 5 5 5 5 5 5 5 5 5 5 5 5 5 5 5 5 5 5 5 5 5 5 5 5 5 5 5 5 5 5 5 5 5 5 5 5 5 5 5 5 5 5 5 5 5 5 5 5 5 5 5 5 5 5 5 5 5 5 5 5 5 5 5 5 5 5 5 5 5 5 5 5 5 5 5 5 5 5 5 5 5 5 5 5 5 5 5 5 5 5 5 5 5 5 5 5 5 5 5 5 5 5 5 5 5 5 5 5 5 5 5 5 5 5 5 5 5 5 5 5 5 5 5 5 5 5 5 5 5 5 5 5 5 5 5 5 5 5 5 5 5 5 5 5 5 5 5 5 5 5 5 5 5 5 5 5 5 5 5 5 5 5 5 5 5 5 5 5 5 5 5 5 5 5 5 5 5 5 5 5 5 5 5 5 5 5 5 5 5 5 5 5 5 5 5 5 5 5 5 5 5 5 5 5 5 5 5 5 5 5 5 5 5 5 5 5 5 5 5 5 5 5 5 5 5 5 5 5 5 5 5 5 5 5 5 5 5 5 5 5 5 5 5 5 5 5 5 5 5 5 5 5 5 5 5 5 5 5 5 5 5 5 5 5 5 5 5 5 5 5 5 5 5 5 5 5 5 5 5 5 5 5 5 5 5 5 5 5 5 5 5 5 5 5 5 5 5 5 5 5 5 5 5 5 5 5 5 5 5 5 5 5 5 5 5 5 5 5 5 5 5 5 5 5 5 5 5 5 5 5 5 5 5 5 5 5 5 5 5 5 5 5 5 5 5 5 5 5 5 5 5 5 5 5 5 5 5 5 5 5 5 5 5 5 5 5 5 5 5 5 5 5 5 5 5 5 5 5 5 5 5 5 5 5 5 5 5 5 5 5 5 5 5 5 5 5 5 5 5 5 5 5 5 5 5 5 5 5 5 5 5 5 5 5 5 5 5 5 5 5 5 5 5 5 5 5 5 5 5 5 5 5 5 5 5 5 5 5 5 5 5 5 5 5 5 5 5 5 5 5 5 5 5 5 5 5 5 5 5 5 5 5 5 5 5 5 5 5 5 5 5 5 5 5 5 5 5 5 5 5 5 5 5 5 5 5 5 5 5 5 5 5 5 5 5 5 5 5 5 5 5 5 5 5 5 5 5 5 5 5 5 5 5 5 5 5 5 5 5 5 5 5 5 5 5 5 5 5 5 5 5 5 5 5 5 5 5 5 5 5 5 5 5 5 5 5 5 5 5 5 5 5 5 5 5 5 5 5 5 5 5 5 5 5 5 5 5 5 5 5 5 5 5 5 5 5 5 5 5 5 5 5 5 5 5 5 5 5 5 5 5 5 5 5 5 5 5 5 5 5 5 5 5 5 5 5 5 5 5 5 5 5 5 5 5 5 5 5 5 5 5 5 5 5 5 5 5 5 5 5 5 5 5 5 5 5 5 5 5 5 5 5 5 5 5 5 5 5 5 5 5 5 5 5 5 5 5 5 5 5 5 5 5 5 5 5 5 5 5 5 5 5 5 5 5 5 5 5 5 5 5 5 5 5 5 5 5 5 5 5 5 5 5 5 5 5 5 5 5 5 5 5 5 5 5 5 5 5 5 5 5 5 5 5 5 5 5 5 5 5 5 5 5 5 5 5 5 5 5 5 5 5 5 5 5 5 5 5 5 5 5 5 5 5 5 5 5 5 5 5 5 5 5 5 5 5 5 5 5 5 5 5 5 5 5 5 5 5 5 5 5 5 5 5 5 5 5 5 5 5 5 5 5 5 5 5 5 5 5 5 5 5 5 5 5 5 5 5 5 5 5 5 5 5 5 5 5 5 5 5 5 5 5 5 5 5 5 5 5 5 5 5 5 5 5 5 5 5 5 5 5 5 5 5 5 5 5 5 5 5 5 5 5 5 5 5 5 5 5 5 5 5 5 5 5 5 5 5 5 5 5 5 5 5 5 5 5 5 5 5 5 5 5 5 5 5 5 5 5 5 5 5 5 5 5 5 5 5 5 5 5 5 5 5 5 5 5 5 5 5 5 5 5 5 5 5
    </DataArray>
   </Cells>
   <PointData>
    <DataArray type="Float32" Name="Acceptor Doping [log10(m^-3)]" NumberOfComponents="1" format="ascii">
0.0 0.0 0.0 0.0 0.0 0.0 0.0 0.0 0.0 0.0 0.0 0.0 0.0 0.0 0.0 0.0 0.0 0.0 0.0 0.0 0.0 0.0 0.0 0.0 0.0 0.0 0.0 0.0 0.0 0.0 0.0 0.0 0.0 0.0 0.0 0.0 0.0 0.0 0.0 0.0 0.0 0.0 0.0 0.0 0.0 0.0 0.0 0.0 0.0 0.0 0.0 0.0 0.0 0.0 0.0 0.0 0.0 0.0 0.0 0.0 0.0 0.0 0.0 0.0 0.0 0.0 0.0 0.0 0.0 0.0 0.0 0.0 0.0 0.0 0.0 0.0 0.0 0.0 0.0 0.0 0.0 0.0 0.0 0.0 0.0 0.0 0.0 0.0 0.0 0.0 0.0 0.0 0.0 0.0 0.0 0.0 0.0 0.0 0.0 0.0 0.0 0.0 0.0 0.0 0.0 0.0 0.0 0.0 0.0 0.0 0.0 0.0 0.0 0.0 0.0 0.0 0.0 0.0 0.0 0.0 0.0 0.0 0.0 0.0 0.0 0.0 0.0 0.0 0.0 0.0 0.0 0.0 0.0 0.0 0.0 0.0 0.0 0.0 0.0 0.0 0.0 0.0 0.0 0.0 0.0 0.0 0.0 0.0 0.0 0.0 0.0 0.0 0.0 0.0 0.0 0.0 0.0 0.0 0.0 0.0 0.0 0.0 0.0 0.0 0.0 0.0 0.0 0.0 0.0 0.0 0.0 0.0 0.0 0.0 0.0 0.0 0.0 0.0 0.0 0.0 0.0 0.0 0.0 0.0 0.0 0.0 0.0 0.0 0.0 0.0 0.0 0.0 0.0 0.0 0.0 0.0 0.0 0.0 0.0 0.0 0.0 0.0 0.0 0.0 0.0 0.0 0.0 0.0 0.0 0.0 0.0 0.0 0.0 0.0 0.0 0.0 0.0 0.0 0.0 0.0 0.0 0.0 0.0 0.0 0.0 0.0 0.0 0.0 0.0 0.0 0.0 0.0 0.0 0.0 0.0 0.0 0.0 0.0 0.0 0.0 0.0 0.0 0.0 0.0 0.0 0.0 0.0 0.0 0.0 0.0 0.0 0.0 0.0 0.0 0.0 0.0 0.0 0.0 0.0 0.0 0.0 0.0 0.0 0.0 0.0 0.0 0.0 0.0 0.0 0.0 0.0 0.0 0.0 0.0 0.0 0.0 0.0 0.0 0.0 0.0 0.0 0.0 0.0 0.0 0.0 0.0 0.0 0.0 0.0 0.0 0.0 0.0 0.0 0.0 0.0 0.0 0.0 0.0 0.0 0.0 0.0 0.0 0.0 0.0 0.0 0.0 0.0 0.0 0.0 0.0 0.0 0.0 0.0 0.0 0.0 0.0 0.0 0.0 0.0 0.0 0.0 0.0 0.0 0.0 0.0 0.0 0.0 0.0 0.0 0.0 0.0 0.0 0.0 0.0 0.0 0.0 0.0 0.0 0.0 0.0 0.0 0.0 0.0 0.0 0.0 0.0 0.0 0.0 0.0 0.0 0.0 0.0 0.0 0.0 0.0 0.0 0.0 0.0 0.0 0.0 0.0 0.0 0.0 0.0 0.0 0.0 0.0 0.0 0.0 0.0 0.0 0.0 0.0 0.0 0.0 0.0 0.0 0.0 0.0 0.0 0.0 0.0 0.0 0.0 0.0 0.0 0.0 0.0 0.0 0.0 0.0 0.0 0.0 0.0 0.0 0.0 0.0 0.0 0.0 0.0 0.0 0.0 0.0 0.0 0.0 0.0 0.0 0.0 0.0 0.0 0.0 0.0 0.0 0.0 0.0 0.0 0.0 0.0 0.0 0.0 0.0 0.0 0.0 0.0 0.0 0.0 0.0 0.0 0.0 0.0 0.0 0.0 0.0 0.0 0.0 0.0 0.0 0.0 0.0 0.0 0.0 0.0 0.0 0.0 0.0 0.0 0.0 0.0 0.0 0.0 0.0 0.0 0.0 0.0 0.0 0.0 0.0 0.0 0.0 0.0 0.0 0.0 0.0 0.0 0.0 0.0 0.0 0.0 0.0 0.0 0.0 0.0 0.0 0.0 0.0 0.0 0.0 0.0 0.0 0.0 0.0 0.0 0.0 0.0 0.0 0.0 0.0 0.0 0.0 0.0 0.0 0.0 0.0 0.0 0.0 0.0 0.0 0.0 0.0 0.0 0.0 0.0 0.0 0.0 0.0 0.0 0.0 0.0 0.0 0.0 0.0 0.0 0.0 0.0 0.0 0.0 0.0 0.0 0.0 0.0 0.0 0.0 0.0 0.0 0.0 0.0 0.0 0.0 0.0 0.0 0.0 0.0 0.0 0.0 0.0 0.0 0.0 0.0 0.0 0.0 0.0 0.0 0.0 0.0 0.0 0.0 0.0 0.0 0.0 0.0 0.0 0.0 0.0 0.0 0.0 0.0 0.0 0.0 0.0 0.0 0.0
    </DataArray>
    <DataArray type="Float32" Name="Donor Doping [log10(m^-3)]" NumberOfComponents="1" format="ascii">
21.025450994599108 21.408013634515736 22.126636775347762 22.79686727977293 23.408904546022494 23.95125693141261 24.411108373006712 24.776445368369448 25.040512285169548 25.207991191381677 25.299942900022767 21.02440558142356 21.407798478135238 22.12691496465052 22.79742586408158 23.409567603749124 23.951898185160022 24.411643227574213 24.776823142286375 25.040716619566687 25.208048102468496 25.299942900022767 21.021165185566044 21.40721651979278 22.127842395174813 22.799167449561583 23.41158737686529 23.953832505314818 24.41325620045105 24.77797075655436 25.04134482358055 25.20822541025629 25.299942900022767 21.015310305355715 21.40648673970466 22.129687515613693 22.802237364161204 23.41498394926891 23.957019728214643 24.415913623158275 24.779891877103733 25.04242160118507 25.208533325264014 25.299942900022767 21.005066341689595 21.405469544885843 22.1322022939172 22.806056193555218 23.418946052347188 23.960595231273988 24.41885797242739 24.782024900881062 25.04357670586558 25.20875891545257 25.299942900022767 20.98002597672324 21.396072360913358 22.126341419359804 22.80089701688179 23.41355553479476 23.95492102040203 24.413182998399165 24.776637028493976 25.038737034934417 25.205327229254166 25.299942900022767 20.890199606147693 21.313208071106967 22.04174822421938 22.71358756080042 23.324387526212526 23.865862717698263 24.327231325704126 24.698160190281254 24.974711504826598 25.16781573421156 25.299942900022767 20.690186757462737 21.095988941324343 21.812860037052825 22.476824161203407 23.08437269139454 23.62879187169702 24.102327331031947 24.499951508756293 24.825445867707188 25.093247768942113 25.299942900022767 20.383857377597984 20.751455920941993 21.450175702771986 22.10671161963874 22.717995329490474 23.280425694499147 23.792146509263034 24.25485244794141 24.67148882605057 25.034048142731244 25.299942900022767 20.008605112648485 20.331914993543318 21.024625706967573 21.695509920760237 22.34137796248729 22.95998712524003 23.548311051756368 24.099111909445664 24.596562467813357 25.012837223098565 25.299942900022767 19.674042975509956 19.996009489594787 20.722145314994396 21.441589600769973 22.145140392150427 22.82396546802981 23.46735301339778 24.06088987090136 24.584754912507762 25.0119769300261 25.299942900022767 19.522071793025873 19.88949960006904 20.646933027082195 21.393291341293594 22.118879138955116 22.814203232260862 23.4682850675927 24.066988310789288 24.591317271216866 25.01572853772428 25.299942900022767 19.498706925817384 19.89566003123459 20.661549590179742 21.411362124060727 22.13770609478362 22.83205708644168 23.483870683072976 24.07924773132382 24.599448438887872 25.019420585664236 25.299942900022767 19.50375170272401 19.91404176064491 20.68347282210207 21.433429848699664 22.158098505824796 22.849774644854993 23.49830431596467 24.08998441058459 24.606260025695438 25.02241367402347 25.299942900022767 19.510568084522028 19.92772649961842 20.699905099085825 21.450391046699195 22.174090644567922 22.86383538122885 23.50980855397042 24.098528901992704 24.611653415269686 25.02476971907666 25.299942900022767 19.515932696971134 19.937173671739533 20.711467757727643 21.462700133828264 22.18601539930983 22.874531359091446 23.518672484883464 24.105157156377597 24.61584753936785 25.026601857881545 25.299942900022767 19.51993542880664 19.943793087051745 20.71963167290016 21.47156970621745 22.19478838969708 22.882535990497807 23.525388661721003 24.11021936311487 24.619064675413078 25.028009730085472 25.299942900022767 19.522907781199343 19.948507473034358 20.725447807231745 21.4779631778511 22.201203753188015 22.888466889811273 23.530417017235244 24.114037497931005 24.621502402978 25.029078995315096 25.299942900022767 19.525115734355037 19.95190024596304 20.729620211238434 21.482578350594693 22.205879058746934 22.892831113808334 23.53414786995554 24.116888314311133 24.623330249466715 25.029882585897056 25.299942900022767 19.526756616799535 19.954357524803374 20.732627817515077 21.485914385664596 22.20927913983518 22.8960268863324 23.53689718637864 24.118999843494194 24.624688949230407 25.03048112436866 25.299942900022767 19.527976272410054 19.956144313330217 20.734802785477736 21.48832835036999 22.21174840984373 22.89835879873335 23.53891272749252 24.120553948616706 24.625691848212043 25.030923649971232 25.299942900022767 19.528882795943886 19.957446807798544 20.736378983503652 21.490076382461094 22.21353992217376 22.900055924582897 23.540384505414668 24.121692142683905 24.626427980559374 25.031248876011354 25.299942900022767 19.529556459003995 19.9583977778652 20.737522848358523 21.491342775713647 22.214838718155306 22.90128861825044 23.54145595605229 24.12252251523845 24.626965908406916 25.031486752184847 25.299942900022767 19.530056941290088 19.959092788047695 20.73835370482874 21.49226046667784 22.21577971669326 22.902182594060534 23.5422341241889 24.123126479918678 24.62735761786091 25.031660076155045 25.299942900022767 19.530428641154874 19.95960104033827 20.738957532125166 21.492925529023758 22.216461108319624 22.902830121767625 23.542798230124635 24.12356471472578 24.627642057811443 25.031785981839636 25.299942900022767 19.530704594343725 19.959972844509057 20.739396493724893 21.49340748947532 22.216954261971388 22.9032986595648 23.54320654013921 24.123882084405107 24.627848142299847 25.031877219436982 25.299942900022767 19.53090938093481 19.960244870888186 20.739715637925578 21.49375670960666 22.217311002588147 22.90363738406659 23.54350171102046 24.124111561811844 24.627997184984935 25.031943204454876 25.299942900022767 19.531061286544638 19.96044389434974 20.739947660973918 21.49400969068522 22.217568935501344 22.903882067211725 23.543714862960968 24.12427726885817 24.62810481214096 25.03199084877346 25.299942900022767 19.53117391102881 19.960589487135522 20.74011631878675 21.494192898017335 22.217755331640262 22.90405868701621 23.54386863923005 24.12439679039049 24.628182432661692 25.032025203187075 25.299942900022767 19.53125736653289 19.96069596739165 20.740238883532562 21.494325524197972 22.217889957495625 22.90418608456012 23.543979481338894 24.124482910971253 24.62823834950141 25.032049945440438 25.299942900022767 19.531319169810647 19.960773814886256 20.740327918863088 21.49442148879129 22.217987133778447 22.904277910512388 23.544059308354143 24.124544905571373 24.628278590075833 25.03206774608409 25.299942900022767 19.53136490675219 19.960830702443797 20.740392565962182 21.49449088697161 22.218057231525172 22.904344046542512 23.544116749680466 24.124589491730095 24.628307521246974 25.03208054007968 25.299942900022767 19.531398727164845 19.960872248825336 20.740439476812483 21.49454103971196 22.218107758541265 22.904391640766498 23.544158046387754 24.124621528141166 24.62832830178876 25.032089726971233 25.299942900022767 19.5314237130598 19.960902568981005 20.740473492240593 21.494577255449226 22.218144147855003 22.904425860633342 23.544187708190258 24.124644525089753 24.628343213636807 25.032096317601685 25.299942900022767 19.531442152711225 19.96092467657769 20.740498134947625 21.494603382651384 22.218170329631135 22.90445043959494 23.54420899121977 24.12466101625923 24.628353903495025 25.032101041205 25.299942900022767 19.531455744531034 19.96094077862243 20.74051596818468 21.494622210739788 22.21818914581237 22.9044680735827 23.544224244843658 24.124672828906064 24.62836155854835 25.03210442332505 25.299942900022767 19.531465748692707 19.96095249121029 20.740528856796058 21.494635760998406 22.21820265063161 22.904480708307645 23.54423516307547 24.124681279823044 24.62836703397404 25.032106842370506 25.299942900022767 19.531473099864463 19.96096099754661 20.740538157237484 21.494645497657377 22.218212328325 22.90448974728849 23.544242966616398 24.124687317265987 24.628370945312227 25.0321085705844 25.299942900022767 19.531478490995223 19.960967163700985 20.74054485590428 21.494652481031338 22.21821925079802 22.904496202377825 23.544248534540408 24.124691623618 24.62837373528304 25.032109803675688 25.299942900022767 19.531482435581488 19.960971623422147 20.74054966984988 21.49465747862109 22.218224191781296 22.904500802631237 23.5442524994863 24.124694689586004 24.628375722070032 25.03211068222642 25.299942900022767 19.531485313905186 19.9609748402545 20.740553120089366 21.494661045678953 22.218227709433478 22.904504072987677 23.54425531640752 24.124696867767074 24.628377134167593 25.032111307136773 25.299942900022767 19.531487407375714 19.96097715305309 20.740555584968558 21.494663583638797 22.218230206107577 22.904506391116485 23.5442573122017 24.124698411297885 24.628378135516428 25.032111750760897 25.299942900022767 19.531488924002772 19.96097880929874 20.74055733898281 21.4946653824523 22.218231971551173 22.904508028448934 23.544258721501002 24.12469950171013 24.62837884360948 25.032112064924974 25.299942900022767 19.531490017283428 19.960979989482347 20.7405585810073 21.494666651254324 22.218233214123526 22.904509179776632 23.544259712462086 24.12470026898924 24.628379342524937 25.03211228669578 25.299942900022767 19.531490800185345 19.96098082493207 20.740559454808487 21.49466754055561 22.218234083322177 22.90450998457824 23.544260405329325 24.124700806002025 24.62837969229456 25.032112442524998 25.299942900022767 19.531491355465743 19.96098141080793 20.740560063900258 21.49466815825256 22.21823468599687 22.904510542340837 23.54426088575569 24.124701178842145 24.62837993561732 25.032112551217576 25.299942900022767 19.531491743262198 19.960981815553524 20.740560482285886 21.494668581156176 22.218235097993713 22.904510923546017 23.5442612143426 24.124701434232946 24.628380102661417 25.032112626053657 25.299942900022767 19.531492006623722 19.960982087704696 20.740560762150533 21.49466886321933 22.218235372442678 22.904511177474827 23.54426143341218 24.124701604779425 24.628380214467775 25.032112676291668 25.299942900022767 19.531492175486463 19.960982260738962 20.74056093931193 21.49466904134361 22.218235545595167 22.904511337697397 23.54426157176197 24.124701712651397 24.62838028533719 25.032112708221906 25.299942900022767 19.531492269444968 19.960982356423948 20.740561036965435 21.494669139357917 22.218235640812814 22.904511425817667 23.54426164790862 24.124701772096156 24.628380324456145 25.032112725884062 25.299942900022767 19.53149229957074 19.96098238700224 20.740561068119863 21.4946691705989 22.218235671153018 22.90451145389948 23.544261672184895 24.124701791060644 24.62838033694768 25.032112731530518 25.299942900022767
    </DataArray>
    <DataArray type="Float32" Name="Potential [V]" NumberOfComponents="1" format="ascii">
2.4826852013585086 2.5607935802939044 2.6392749364796577 2.7183058444125434 2.7979561363320875 2.878121169267541 2.958319006073526 3.037264760824912 3.1123956713502112 3.1800532123206358 3.2377588926880034 2.482623000897237 2.5606065423803264 2.6389956965643186 2.7179738498495034 2.7976063109083738 2.8777815611572963 2.9580127732930146 3.0370124964723373 3.1122160315570304 3.179961145264762 3.2377588926880034 2.482430202373406 2.5600127921371 2.6381185209386753 2.7169428813251666 2.796528499938828 2.8767386198162863 2.957071177581027 3.036233221123645 3.1116576411515884 3.1796734122060286 3.2377588926880034 2.482081846088743 2.558894799387491 2.636513748665959 2.7151057967876873 2.7946401147952584 2.874922966875066 2.9554262772845785 3.0348567269558075 3.1106568192425166 3.1791510825854936 3.2377588926880034 2.481472346151126 2.556969697714835 2.6339268547146735 2.712281241405986 2.791815634963815 2.872231767376629 2.9529688813381965 3.03275618364898 3.1090868059886843 3.1783114978687257 3.2377588926880034 2.4799824833028836 2.5535836564071444 2.629933617362677 2.7082310326671943 2.787920089516391 2.8685590412368946 2.949563060804717 3.029735988103421 3.106720211628983 3.1769916254186557 3.2377588926880034 2.4746379536806997 2.547447672950491 2.6239838716997994 2.70274400654806 2.7828875936094533 2.8638692245235853 2.9451146787779523 3.025581590331295 3.103243879558412 3.1749383722055144 3.2377588926880034 2.4627374996407023 2.5375842350315705 2.615802717582064 2.6958365634469525 2.776864710516256 2.858384453599891 2.9399076256353287 3.0206236257920147 3.0989860580647566 3.1723774835474483 3.2377588926880034 2.4445113770183324 2.524348472069654 2.6058018217708963 2.6879134337462838 2.7702626240085024 2.8525886115363357 2.934591971259483 3.0157339891059864 3.0949240396156283 3.170005722459155 3.2377588926880034 2.422184449714425 2.509496206844078 2.5951408007703423 2.6797436525748966 2.763646109139602 2.846977517168066 2.929689410887337 3.0114975128123125 3.0916307429301457 3.1681839508909984 3.2377588926880034 2.4022785218567018 2.496311011341352 2.585520842235317 2.672270769812902 2.757584856408142 2.8419200306838244 2.9254350094370283 3.0080288952316843 3.089109243486367 3.1668636336995797 3.2377588926880034 2.393236472386147 2.4879484198560036 2.5783604491503453 2.6662317764628174 2.752492460115685 2.8376345399699816 2.9218895242073204 3.0052431014187637 3.0871774399546092 3.1658916749089787 3.2377588926880034 2.3918462990538165 2.483885693088674 2.5737404656555993 2.661801667935341 2.7485091849161787 2.8341889962637437 2.9190327829718075 3.0030338380952735 3.085683808195192 3.1651571061489006 3.2377588926880034 2.3921464554493386 2.4820075313015812 2.5709137447663473 2.658723403851886 2.7455437034098455 2.8315303391210636 2.916798319526829 3.001308618860933 3.0845291428380057 3.164595267360235 3.2377588926880034 2.392552019586041 2.481084173552846 2.5691832525206237 2.6566325595584317 2.743401493577527 2.829539148454204 2.9150936216932517 2.9999842813030884 3.083643921599138 3.1641660947795716 3.2377588926880034 2.392871205699897 2.480593831492684 2.5681021930414674 2.655220070109223 2.74187977941468 2.828078264212455 2.9138186968935837 2.998984299184024 3.082973387589336 3.1638409886022134 3.2377588926880034 2.3931093620311334 2.4803176938584794 2.5674112693071827 2.6542636716757846 2.7408082054272156 2.8270212375743666 2.9128797315503214 2.998240145034287 3.0824718874262618 3.1635974108693907 3.2377588926880034 2.3932862123848606 2.4801562525213536 2.5669611630556464 2.653613021956099 2.7400568221762414 2.826263545986488 2.9121962500196705 2.9976931251527175 3.082101236785493 3.1634169654866424 3.2377588926880034 2.393417582170475 2.4800598805885916 2.566663747890174 2.6531682793809472 2.7395310359336427 2.8257239117304382 2.9117031734876577 2.997295065509013 3.081830147199421 3.1632846836296404 3.2377588926880034 2.393515212128971 2.480001879552519 2.5664653044019863 2.652863137092637 2.7391635266605054 2.825341363687347 2.9113499239253144 2.997007794329103 3.081633646205661 3.163188606128366 3.2377588926880034 2.393587779744667 2.479967060909609 2.566332086336244 2.6526532464176698 2.738906874844877 2.8250711469876904 2.9110982483640835 2.99680188813293 3.0814922912081575 3.1631193836881324 3.2377588926880034 2.3936417164878385 2.479946437901647 2.5662423649878554 2.652508683610161 2.7387278174799095 2.824880848937113 2.9109197590343023 2.996655142141121 3.0813912620687574 3.1630698549301886 3.2377588926880034 2.3936817983942658 2.4799345492187017 2.566181882100138 2.6524090928368467 2.7386030520284423 2.8247471959033708 2.9107936712126663 2.9965510684411876 3.0813194558263963 3.1630346298933936 3.2377588926880034 2.3937115763134478 2.479928018589492 2.5661411503535856 2.652340534398199 2.7385162559890026 2.8246535716786934 2.9107049153098634 2.9964775753356245 3.081268668981262 3.163009710483059 3.2377588926880034 2.393733691878456 2.4799247387014796 2.566113794595378 2.652293414487324 2.738455994228699 2.8245881609556425 2.9106426451120297 2.996425880162333 3.081232907081811 3.1629921660230718 3.2377588926880034 2.3937501106648624 2.4799233900905677 2.566095502578818 2.652261107377853 2.7384142552043227 2.8245425880442943 2.910599098146014 2.9963896518770503 3.0812078285548306 3.162979868867976 3.2377588926880034 2.3937622951491653 2.4799231488807 2.5660833456063323 2.652239027408232 2.738385427367529 2.824510930658717 2.910568744020498 2.996364354355246 3.0811903114428665 3.1629712864570765 3.2377588926880034 2.3937713332971646 2.4799235052507473 2.566075330632683 2.652223997647526 2.7383655826102213 2.8244890107983607 2.9105476574515374 2.996346753724852 3.081178124018451 3.162965322017276 3.2377588926880034 2.3937780342791593 2.4799241488704036 2.566070100897875 2.6522138169999603 2.7383519739558695 2.8244738874021826 2.9105330615576497 2.9963345542630013 3.0811696788485285 3.1629611949248764 3.2377588926880034 2.3937829997521134 2.479924895828576 2.5660667338124674 2.6522069616139263 2.7383426830185256 2.8244634946350766 2.9105229977449563 2.996326132287136 3.081163851640786 3.162958352191947 3.2377588926880034 2.39378667695121 2.479925641743446 2.566064603526186 2.6522023780554416 2.738336372376755 2.8244563846907127 2.910516088482289 2.996320343301873 3.0811598491822108 3.1629564037303717 3.2377588926880034 2.3937893982282397 2.4799263316139393 2.566063287032154 2.652199339640137 2.7383321115785764 2.8244515453124945 2.9105113676052485 2.9963163831490727 3.081157113837318 3.162955075429323 3.2377588926880034 2.393791410490297 2.479926940472841 2.566062499830654 2.6521973464712567 2.7383292548939138 2.8244482705788894 2.9105081593764393 2.996313688559617 3.081155254923792 3.1629541753853347 3.2377588926880034 2.3937928971122644 2.4799274610453725 2.566062051787602 2.652196055838367 2.738327355466674 2.824446069573407 2.9105059925642354 2.996311866230618 3.0811539996555855 3.162953569737789 3.2377588926880034 2.3937939942429023 2.4799278959591504 2.56606181684763 2.652195233758997 2.738326105080098 2.82444460194948 2.910504539569649 2.9963106424289783 3.0811531582253315 3.162953165460232 3.2377588926880034 2.393794802935084 2.47992825290647 2.566061712274873 2.652194721266079 2.7383252919443737 2.8244436325541065 2.9105035734088496 2.9963098272949917 3.081152599042876 3.1629528981553015 3.2377588926880034 2.393795398167175 2.4799285417123205 2.566061684453858 2.6521944109851048 2.738324771158929 2.8244429995352 2.9105029373877764 2.996309289631253 3.081152231234306 3.1629527234297723 3.2377588926880034 2.3937958355504843 2.479928772621882 2.566061699206509 2.652194230890628 2.738324444081391 2.8244425919720793 2.9105025237751 2.9963089391458375 3.0811519923103505 3.162952610819913 3.2377588926880034 2.3937961563143966 2.4799289553580848 2.5660617352149284 2.6521941330683467 2.738324243948156 2.8244423342200706 2.9105022588398706 2.9963087139793085 3.081151839502777 3.162952539526474 3.2377588926880034 2.393796391011157 2.479929098656352 2.566061779576238 2.6521940859625404 2.738324125876715 2.8244421749804967 2.910502092380766 2.996308571966572 3.0811517436955063 3.1629524954296566 3.2377588926880034 2.3937965622669486 2.4799292100863806 2.5660618248163596 2.652194069045942 2.7383240599336736 2.8244420796895793 2.9105019904180187 2.9963084845324817 3.081151685185679 3.162952469006413 3.2377588926880034 2.393796686825196 2.4799292960398387 2.5660618668991875 2.6521940691698775 2.738324026343741 2.8244420252340365 2.910501930107244 2.996308432439578 3.0811516507324064 3.162952453882209 3.2377588926880034 2.393796777062152 2.479929361806623 2.566061903910795 2.6521940780762407 2.7383240121900285 2.8244419962935283 2.9105018962106217 2.996308402835554 3.081151631508237 3.1629524458272753 3.2377588926880034 2.393796842110654 2.4799294116925705 2.566061935199757 2.6521940907105703 2.7383240091507624 2.8244419828184384 2.91050187865694 2.996308387210013 3.0811516216828525 3.1629524420638573 3.2377588926880034 2.3937968886921026 2.479929449149961 2.5660619608226805 2.6521941040852988 2.7383240119539467 2.824441978297617 2.910501870861228 2.996308379986113 3.0811516174475035 3.162952440789876 3.2377588926880034 2.3937969217304245 2.4799294769043256 2.56606198119244 2.6521941165192606 2.7383240173281793 2.8244419785742108 2.9105018685725197 2.99630837755411 3.0811516163460406 3.1629524408530543 3.2377588926880034 2.3937969448037117 2.4799294970687877 2.5660619968598284 2.6521941271331264 2.7383240232948025 2.824441981041443 2.9105018690884714 2.9963083776119173 3.081151616819222 3.162952441529427 3.2377588926880034 2.3937969604733134 2.479929511241621 2.566062008380851 2.6521941355184784 2.7383240286946275 2.8244419841001553 2.9105018707241617 2.996308378718907 3.0811516178964102 3.1629524423739097 3.2377588926880034 2.393796970520384 2.4799295205855802 2.566062016239193 2.6521941415236827 2.738324032875699 2.824441986798394 2.9105018724574903 2.9963083799973425 3.081151618989943 3.162952443120871 3.2377588926880034 2.3937969761107696 2.479929525888581 2.566062020802158 2.6521941451188624 2.738324035491978 2.824441988596703 2.9105018736976778 2.996308380937762 3.0811516197607443 3.162952443619366 3.2377588926880034 2.3937969779032064 2.479929527606506 2.5660620222974933 2.652194146314543 2.7383240363798937 2.8244419892235673 2.9105018741419784 2.9963083812780504 3.0811516200353615 3.162952443793232 3.2377588926880034
    </DataArray>
    <DataArray type="Float32" Name="Electron density [log10(m^-3)]" NumberOfComponents="1" format="ascii">
21.025450994599108 21.024585861092596 21.021453889408825 21.00704080969629 20.965184121699608 20.880245530661938 20.967897777375494 21.948786364120515 23.193777063985703 24.330137059979634 25.299942900022767 21.02440558142356 21.023442000672805 21.020128335052316 21.00544749462677 20.963244176377124 20.877849402046003 20.964167607893884 21.944601376216426 23.1907574882985 24.328589460220698 25.299942900022767 21.021165185566044 21.019754080676524 21.01567875544857 20.999976311796345 20.956561267199838 20.869706540845385 20.952246491252676 21.9316417459957 23.181370232444582 24.32375276037295 25.299942900022767 21.015310305355715 21.01233297616026 21.006077016509153 20.987913271836078 20.941995557583926 20.85256790907367 20.929800507112745 21.908644663588664 23.164541406883195 24.314972420850964 25.299942900022767 21.005066341689595 20.996904243559662 20.985346862284093 20.962439504231078 20.912648456824908 20.820158486009017 20.89283469101595 21.87335917830371 23.138135981256035 24.30085886925178 25.299942900022767 20.98002597672324 20.958956734605454 20.938333446824462 20.90946407753173 20.856696471896612 20.764065189991296 20.837223344323835 21.822460978501663 23.098329580413004 24.278671569741793 25.299942900022767 20.890199606147693 20.860310484474283 20.83587859093033 20.807192597012232 20.759995181750885 20.679460710622024 20.76384394257051 21.752585272926797 23.039856124479726 24.244155839284563 25.299942900022767 20.690186757462737 20.66786113517262 20.65329837965366 20.637182751489675 20.608292936145414 20.55624099075849 20.671553041254885 21.66893551368236 22.9682176321217 24.2011061781816 25.299942900022767 20.383857377597984 20.383082384177886 20.39048165402441 20.397808869557085 20.395172479186712 20.379346655148492 20.552050495013976 21.584853356715477 22.899826451296178 24.161235430641344 25.299942900022767 20.008605112648485 20.0403113176238 20.07677450035784 20.111080601907553 20.13625343100919 20.155025232837595 20.410065269698684 21.509988771240714 22.844334722631856 24.13061019748785 25.299942900022767 19.674042975509956 19.72854089268369 19.782576281735512 19.832912204758138 19.87576161990141 19.920164674870986 20.27175380878029 21.447928777095434 22.801835263954978 24.108414942074788 25.299942900022767 19.522071793025873 19.55858309992494 19.597428131341683 19.637448590542018 19.675802436739982 19.727690571063604 20.16226980139089 21.398504470105618 22.76928749145813 24.092076277742954 25.299942900022767 19.498706925817384 19.510827992095294 19.526764210108944 19.546153190823343 19.5671820778636 19.610107594035853 20.088442817984454 21.360014067950566 22.744140830633985 24.079728706627613 25.299942900022767 19.50375170272401 19.506373127912003 19.5110871666852 19.517967789298897 19.52576158603309 19.556468472775915 20.042816707359496 21.33048575564844 22.724715158147603 24.07028501683502 25.299942900022767 19.510568084522028 19.51079042701191 19.511801240355183 19.51371699768657 19.515217079248792 19.537512709225336 20.015016573918132 21.308116328603365 22.709830666168347 24.06307149133828 25.299942900022767 19.515932696971134 19.515699738178863 19.515716806633097 19.51602612858607 19.51508953767725 19.532646812460406 19.997536311593258 21.29136815211684 22.698559985437825 24.057607226476257 25.299942900022767 19.51993542880664 19.51967319101161 19.519483486006685 19.519350181899846 19.51754957575266 19.53248744880703 19.98606378328563 21.27896651561056 22.690132240433208 24.053513307306638 25.299942900022767 19.522907781199343 19.52269165134945 19.522494917929045 19.52227283804309 19.520172303080454 19.53357672921718 19.978278290333037 21.269875493152476 22.68390412563814 24.05048049492979 25.299942900022767 19.525115734355037 19.524949221277815 19.52478663292208 19.524571228347472 19.522362767793616 19.534803127998916 19.97289134161096 21.263270233300297 22.67934921781514 24.048257184628014 25.299942900022767 19.526756616799535 19.526630858820305 19.52650450657394 19.526315760030144 19.5240647898382 19.53586502735592 19.96913133931353 21.25850756983489 22.676047658708704 24.046642369270334 25.299942900022767 19.527976272410054 19.527882000772763 19.527785851242072 19.52762360398507 19.525353727640105 19.5367147624133 19.966500556417827 21.25509575596048 22.67367267976951 24.04547891174646 25.299942900022767 19.528882795943886 19.528812390898196 19.528739827994826 19.52859951418387 19.52632026350873 19.537374777278668 19.964661375502146 21.25266518747028 22.671975244649182 24.044646449458302 25.299942900022767 19.529556459003995 19.529504010581746 19.529449446347243 19.529326285886345 19.527042081890656 19.537880954326077 19.963378675819595 21.25094197710184 22.670768795712114 24.044054392799758 25.299942900022767 19.530056941290088 19.530017953205135 19.529976986950423 19.529866948637398 19.527580097235045 19.53826674735914 19.962486917392805 21.24972548108977 22.669915499158638 24.043635545515823 25.299942900022767 19.530428641154874 19.53039971974879 19.530368972961924 19.53026887084691 19.52798066219731 19.538559735976243 19.96186920292332 21.248870055528425 22.66931463933469 24.043340651529032 25.299942900022767 19.530704594343725 19.530683189293512 19.530660098083736 19.530567477849413 19.528278652727042 19.538781701360605 19.961443036899137 21.24827075578647 22.66889327224274 24.043133951317227 25.299942900022767 19.53090938093481 19.530893581068657 19.53087621210513 19.530789206035173 19.528500186542992 19.53894953990502 19.96115032502714 21.247852414305196 22.668598945390716 24.04298968695352 25.299942900022767 19.531061286544638 19.531049662551926 19.53103656385724 19.53095376039427 19.528664778151416 19.53907624438065 19.960950267330237 21.24756145791641 22.668394163387344 24.04288942479789 25.299942900022767 19.53117391102881 19.53116539560194 19.53115547974397 19.531075816754516 19.528786989045393 19.539171755421705 19.960814294396226 21.24735986508362 22.668252255790296 24.042820044739813 25.299942900022767 19.53125736653289 19.531251163628628 19.531243617841653 19.531166298534337 19.52887767495402 19.53924365283616 19.960722463351658 21.247220751593552 22.668154333447585 24.042772252551604 25.299942900022767 19.531319169810647 19.531314686264125 19.531308903990684 19.531233331935326 19.52894492322743 19.539297701745966 19.96066089884748 21.247125172534254 22.66808706968351 24.04273949187271 25.299942900022767 19.53136490675219 19.531361700906796 19.53135723000221 19.531282959474304 19.528994755293724 19.53933827821856 19.96061998096841 21.247059820425378 22.668041095748666 24.042717155583514 25.299942900022767 19.531398727164845 19.531396470377704 19.531392974102747 19.531319672416636 19.5290316521224 19.539368698343537 19.960593065565934 21.24701537695489 22.668009847851497 24.04270201823455 25.299942900022767 19.5314237130598 19.531422160911855 19.531419388655337 19.531346807736888 19.529058946792222 19.539391471304484 19.96057558302361 21.24698533776753 22.667988742950357 24.04269182991338 25.299942900022767 19.531442152711225 19.53144112350462 19.53143888886196 19.53136684387181 19.529079117489637 19.53940849324515 19.960564405255177 21.24696517756916 22.667974592104603 24.042685027017974 25.299942900022767 19.531455744531034 19.53145510324855 19.531453267638724 19.531381620939865 19.52909400602163 19.539421195335308 19.96055740232036 21.24695175889588 22.66796518446053 24.042680527125537 25.299942900022767 19.531465748692707 19.531465395041824 19.53146385547996 19.531392504637314 19.529104980673516 19.5394306565836 19.960553132743964 21.24694291464877 22.66795899322167 24.04267758403237 25.299942900022767 19.531473099864463 19.531472959370905 19.531471639351274 19.531400508161852 19.52911305751965 19.53943768961792 19.960550627869896 21.246937154136827 22.667954968469843 24.042675685656686 25.299942900022767 19.531478490995223 19.531478508374605 19.531477351079506 19.531406382875726 19.52911899074163 19.539442905797983 19.96054924218285 21.246933456647703 22.66795239161167 24.042674482355974 25.299942900022767 19.531482435581488 19.53148256980353 19.531481533045188 19.531410685698255 19.529123339841387 19.539446764563987 19.96054854978352 21.246931126873175 22.667950773418696 24.042673736756953 25.299942900022767 19.531485313905186 19.53148553452514 19.531484586982664 19.531413829177747 19.5291265196352 19.53944961078381 19.960548273063726 21.24692969394307 22.66794978281168 24.04267328875103 25.299942900022767 19.531487407375714 19.53148769180222 19.53148681021975 19.53141611867878 19.529128837421183 19.539451702978074 19.960548233778056 21.24692884111803 22.667949197278936 24.042673031153267 25.299942900022767 19.531488924002772 19.531489255466706 19.531488422568856 19.531417779980753 19.529130520591124 19.53945323461846 19.960548319642008 21.24692835699113 22.667948868460687 24.04267289283186 25.299942900022767 19.531490017283428 19.53149038332559 19.531489586264996 19.531418979741826 19.52913173712386 19.53945435017096 19.96054846165402 21.2469281017323 22.66794869835499 24.042672827064624 25.299942900022767 19.531490800185345 19.531491191527692 19.531490420726637 19.531419840650447 19.52913261077202 19.539455157152318 19.960548618796203 21.246927983832673 22.667948622928332 24.042672803532774 25.299942900022767 19.531491355465743 19.531491765169175 19.531491013454133 19.53142045261376 19.52913323228675 19.53945573515916 19.960548767784676 21.24692794415395 22.667948600876954 24.04267280284362 25.299942900022767 19.531491743262198 19.531492166092363 19.531491428042898 19.53142088098399 19.529133667677097 19.539456142593554 19.96054889626353 21.246927945051272 22.66794860597133 24.04267281280765 25.299942900022767 19.531492006623722 19.53149243857098 19.531491710026152 19.531421172557533 19.52913396423791 19.53945642162628 19.960548998332552 21.246927963017743 22.66794862187664 24.04267282592683 25.299942900022767 19.531492175486463 19.53149261339505 19.53149189107241 19.531421359884668 19.529134154883035 19.539456601800417 19.960549071653368 21.246927983765815 22.66794863869829 24.04267283772327 25.299942900022767 19.531492269444968 19.531492710719423 19.53149199191309 19.531421464275862 19.52913426116983 19.539456702567605 19.960549115618274 21.246927999023175 22.667948650724185 24.042672845650596 25.299942900022767 19.53149229957074 19.531492741933196 19.531492024263876 19.53142149777483 19.529134295285086 19.53945673496472 19.96054913025044 21.24692800454287 22.667948655030944 24.04267284842309 25.299942900022767
    </DataArray>
    <DataArray type="Float32" Name="Hole density [log10(m^-3)]" NumberOfComponents="1" format="ascii">
0.0 0.0 0.0 0.0 0.0 0.0 0.0 0.0 0.0 0.0 0.0 0.0 0.0 0.0 0.0 0.0 0.0 0.0 0.0 0.0 0.0 0.0 0.0 0.0 0.0 0.0 0.0 0.0 0.0 0.0 0.0 0.0 0.0 0.0 0.0 0.0 0.0 0.0 0.0 0.0 0.0 0.0 0.0 0.0 0.0 0.0 0.0 0.0 0.0 0.0 0.0 0.0 0.0 0.0 0.0 0.0 0.0 0.0 0.0 0.0 0.0 0.0 0.0 0.0 0.0 0.0 0.0 0.0 0.0 0.0 0.0 0.0 0.0 0.0 0.0 0.0 0.0 0.0 0.0 0.0 0.0 0.0 0.0 0.0 0.0 0.0 0.0 0.0 0.0 0.0 0.0 0.0 0.0 0.0 0.0 0.0 0.0 0.0 0.0 0.0 0.0 0.0 0.0 0.0 0.0 0.0 0.0 0.0 0.0 0.0 0.0 0.0 0.0 0.0 0.0 0.0 0.0 0.0 0.0 0.0 0.0 0.0 0.0 0.0 0.0 0.0 0.0 0.0 0.0 0.0 0.0 0.0 0.0 0.0 0.0 0.0 0.0 0.0 0.0 0.0 0.0 0.0 0.0 0.0 0.0 0.0 0.0 0.0 0.0 0.0 0.0 0.0 0.0 0.0 0.0 0.0 0.0 0.0 0.0 0.0 0.0 0.0 0.0 0.0 0.0 0.0 0.0 0.0 0.0 0.0 0.0 0.0 0.0 0.0 0.0 0.0 0.0 0.0 0.0 0.0 0.0 0.0 0.0 0.0 0.0 0.0 0.0 0.0 0.0 0.0 0.0 0.0 0.0 0.0 0.0 0.0 0.0 0.0 0.0 0.0 0.0 0.0 0.0 0.0 0.0 0.0 0.0 0.0 0.0 0.0 0.0 0.0 0.0 0.0 0.0 0.0 0.0 0.0 0.0 0.0 0.0 0.0 0.0 0.0 0.0 0.0 0.0 0.0 0.0 0.0 0.0 0.0 0.0 0.0 0.0 0.0 0.0 0.0 0.0 0.0 0.0 0.0 0.0 0.0 0.0 0.0 0.0 0.0 0.0 0.0 0.0 0.0 0.0 0.0 0.0 0.0 0.0 0.0 0.0 0.0 0.0 0.0 0.0 0.0 0.0 0.0 0.0 0.0 0.0 0.0 0.0 0.0 0.0 0.0 0.0 0.0 0.0 0.0 0.0 0.0 0.0 0.0 0.0 0.0 0.0 0.0 0.0 0.0 0.0 0.0 0.0 0.0 0.0 0.0 0.0 0.0 0.0 0.0 0.0 0.0 0.0 0.0 0.0 0.0 0.0 0.0 0.0 0.0 0.0 0.0 0.0 0.0 0.0 0.0 0.0 0.0 0.0 0.0 0.0 0.0 0.0 0.0 0.0 0.0 0.0 0.0 0.0 0.0 0.0 0.0 0.0 0.0 0.0 0.0 0.0 0.0 0.0 0.0 0.0 0.0 0.0 0.0 0.0 0.0 0.0 0.0 0.0 0.0 0.0 0.0 0.0 0.0 0.0 0.0 0.0 0.0 0.0 0.0 0.0 0.0 0.0 0.0 0.0 0.0 0.0 0.0 0.0 0.0 0.0 0.0 0.0 0.0 0.0 0.0 0.0 0.0 0.0 0.0 0.0 0.0 0.0 0.0 0.0 0.0 0.0 0.0 0.0 0.0 0.0 0.0 0.0 0.0 0.0 0.0 0.0 0.0 0.0 0.0 0.0 0.0 0.0 0.0 0.0 0.0 0.0 0.0 0.0 0.0 0.0 0.0 0.0 0.0 0.0 0.0 0.0 0.0 0.0 0.0 0.0 0.0 0.0 0.0 0.0 0.0 0.0 0.0 0.0 0.0 0.0 0.0 0.0 0.0 0.0 0.0 0.0 0.0 0.0 0.0 0.0 0.0 0.0 0.0 0.0 0.0 0.0 0.0 0.0 0.0 0.0 0.0 0.0 0.0 0.0 0.0 0.0 0.0 0.0 0.0 0.0 0.0 0.0 0.0 0.0 0.0 0.0 0.0 0.0 0.0 0.0 0.0 0.0 0.0 0.0 0.0 0.0 0.0 0.0 0.0 0.0 0.0 0.0 0.0 0.0 0.0 0.0 0.0 0.0 0.0 0.0 0.0 0.0 0.0 0.0 0.0 0.0 0.0 0.0 0.0 0.0 0.0 0.0 0.0 0.0 0.0 0.0 0.0 0.0 0.0 0.0 0.0 0.0 0.0 0.0 0.0 0.0 0.0 0.0 0.0 0.0 0.0 0.0 0.0 0.0 0.0 0.0 0.0 0.0 0.0 0.0 0.0 0.0 0.0 0.0 0.0 0.0 0.0 0.0 0.0 0.0 0.0 0.0 0.0 0.0 0.0 0.0 0.0 0.0 0.0 0.0 0.0 0.0 0.0 0.0 0.0 0.0 0.0 0.0 0.0 0.0 0.0 0.0
    </DataArray>
    <DataArray type="Float32" Name="Ion density [log10(m^-3)]" NumberOfComponents="1" format="ascii">
20.702966897424233 21.08546721631696 21.804073911488317 22.474314117463997 23.0863842917003 23.628788520304763 24.08870462244173 24.45411021085876 24.718238131465707 24.885760318934697 24.977723605288848 20.701922245003075 21.085252719208224 21.80435267792203 22.474873214248262 23.087047797803912 23.62943014572223 24.089239755632544 24.45448815935292 24.71844254094128 24.88581723640607 24.977723605288848 20.698684185674924 21.084672739547287 21.805281828025656 22.476616327173737 23.08906890995451 23.63136557731554 24.090853562982442 24.45563629859801 24.719070972833695 24.885994564424564 24.977723605288848 20.692833436173682 21.083946283445584 21.807129806367335 22.479688791999568 23.0924677318378 23.634554675207568 24.093512401334376 24.45755832330251 24.720148159361077 24.88630252787927 24.977723605288848 20.682596009720807 21.08293403511275 21.809648878779456 22.483511553284227 23.096433382402427 23.638133196574323 24.096459097868845 24.459692941601396 24.72130409983154 24.886528315446597 24.977723605288848 20.657565805110657 21.073544373576667 21.803795050798264 22.478359265876644 23.091049391699915 23.63246478125582 24.090788835635678 24.45430842819084 24.716466214994572 24.88309686708705 24.977723605288848 20.567743592740758 20.990681966509054 21.719203112052 22.391050190974823 23.001880108854273 23.54340252374949 24.004829435812603 24.375819244273817 24.652424098208822 24.845570143986325 24.977723605288848 20.367719049249615 20.773450298132076 21.490300809631687 22.154269510970398 22.761842900488766 23.306301924373987 23.77988600213957 24.177560888663383 24.503105054894394 24.77096618452482 24.977723605288848 20.061361195955577 20.42888703341733 21.127581536591965 21.784113716834682 22.395410515623766 22.957866212289357 23.46962168764433 23.932373980165522 24.349078393552936 24.711736229166583 24.977723605288848 19.686055088634195 20.009284689834313 20.701957420609183 21.372821899170212 22.018688087575832 22.63731535686661 23.225682563810018 23.77655774127637 24.274113902021814 24.690515353719036 24.977723605288848 19.35140477593096 19.673286552110604 20.399377297925422 21.118801653031287 21.822360944368196 22.501224861813657 23.144681850107812 23.738316604311866 24.262302007598972 24.689655797006516 24.977723605288848 19.19938452210897 19.566733561307107 20.324129497037323 21.070478276783863 21.79608559492522 22.491458076796714 23.145615909643602 23.744420082654756 24.26886932511095 24.693410122748567 24.977723605288848 19.17602991382819 19.57290051385936 20.338753700285118 21.088558296208706 21.814922840346522 22.509322360703333 23.161211121834807 23.756687383319413 24.277005937287587 24.6971047130234 24.977723605288848 19.181092119622647 19.591296592019592 20.3606902612169 21.110638712004455 21.835327164159544 22.527050679655346 23.175653925050376 23.767431215441682 24.283822291926253 24.70009997383472 24.977723605288848 19.187922751322866 19.604994494913523 20.37713489456632 21.127611527705234 21.851330036425185 22.541120979623877 23.187166219261957 23.77598192204274 24.289219777055227 24.702457865451972 24.977723605288848 19.193298981630274 19.614453024498502 20.388708423108724 21.139930870389744 21.863264237273384 22.55182533033985 23.196037159359133 23.78261554377241 24.293417407055422 24.704291571428932 24.977723605288848 19.19731147349698 19.621082243709292 20.39688184386174 21.148809443181754 21.872045503313096 22.559837266103415 23.20275941631467 23.78768237425665 24.296637538643516 24.705700771842594 24.977723605288848 19.200292205868404 19.625805153836648 20.402706300457957 21.155210808037822 21.878468109707878 22.565774531550773 23.207793041489893 23.791504489434693 24.29907782447583 24.706771162367417 24.977723605288848 19.202507457137894 19.629205390157612 20.406886012308053 21.159832911345863 21.883149758421947 22.570144306985267 23.211528464095775 23.79435873466448 24.300907857699798 24.707575707253373 24.977723605288848 19.20415475415347 19.631669240560676 20.409900055935893 21.163175043242106 21.886555402676787 22.5733449271582 23.214281749405608 23.79647322253104 24.302268430221158 24.708175056729726 24.977723605288848 19.205380092960088 19.633461840877093 20.412080710328063 21.165594381925654 21.889029560084538 22.57568108001496 23.216300744146178 23.798029886373282 24.30327293726249 24.708618273580132 24.977723605288848 19.20629166733823 19.634769490358327 20.413661942525227 21.16734715929886 21.8908253734203 22.577381922007355 23.21777553373246 23.799170298855834 24.30401045452976 24.70894409082209 24.977723605288848 19.206969829751724 19.635725042324914 20.414810271686672 21.16861774908662 21.89212796032204 22.578617878169965 23.218849616257636 23.800002599782832 24.304549578874006 24.70918247448649 24.977723605288848 19.207474329111058 19.636424131373083 20.41564509238254 21.169539156066016 21.89307230489239 22.579514722991597 23.219630089113796 23.800608244966895 24.30494232525882 24.709356235695182 24.977723605288848 19.20784962040092 19.636936018828948 20.416252443477106 21.170207512441973 21.8937566535183 22.580164777508376 23.220196217109724 23.80104794776807 24.305227666522896 24.709482519428736 24.977723605288848 19.208128787235356 19.637311065279448 20.416694539834662 21.170692395409848 21.894252423147837 22.580635543728327 23.220606304247617 23.801366602614085 24.305434536598824 24.70957408498259 24.977723605288848 19.20833645083202 19.637585985003916 20.41701647430748 21.171044210257957 21.894611480130926 22.580976235811452 23.220903039373933 23.801597207341946 24.305584265707925 24.709640355362577 24.977723605288848 19.208490932593726 19.63778759118935 20.417250981978523 21.171299496262947 21.894871465632573 22.58122265796914 23.22111757001034 23.801763904960115 24.305692493964454 24.70968824865153 24.977723605288848 19.20860586378194 19.63793548967501 20.4174218527601 21.171484751888734 21.89505968168174 22.58140081604215 23.2212725628039 23.801884298197034 24.305770641875686 24.70972282079807 24.977723605288848 19.208691384280105 19.638044028200447 20.417546388677426 21.171619198734753 21.89519592183147 22.58152957516911 23.221384479328947 23.80197118683121 24.305827022184623 24.709747753851165 24.977723605288848 19.208755035451023 19.638123712685083 20.417637179670752 21.171716781793638 21.895294530396022 22.581622606875595 23.22146525592453 23.802033858830093 24.30586767059471 24.70976572197407 24.977723605288848 19.2088024250855 19.6381822391161 20.417703390114774 21.171787618573017 21.895365899038353 22.581689810954273 23.221523536908173 23.80207904287332 24.30589696101525 24.709778663175843 24.977723605288848 19.208837722519835 19.638225246801913 20.41775169247805 21.17183904968802 21.89541755361834 22.581738351301034 23.221565576258687 23.802111607235243 24.30591805823689 24.709787979583275 24.977723605288848 19.208864027198207 19.638256868936757 20.417786945700012 21.171876400867898 21.89545494298788 22.581773409127766 23.221595894889592 23.802135070464107 24.305933249350883 24.709794684237764 24.977723605288848 19.208883642963336 19.6382801353916 20.417812688502185 21.171903535814852 21.89548201119191 22.581798729905874 23.221617758666724 23.80215197338768 24.305944185493008 24.709799508251866 24.977723605288848 19.208898282125265 19.638297267565186 20.417831498307656 21.171923257372022 21.895501612356206 22.581817020073714 23.22163352542996 23.802164149451958 24.305952057668065 24.70980297878003 24.977723605288848 19.20890921725541 19.638309894325005 20.417845252490128 21.17193759864842 21.895515811407805 22.581830234531438 23.22164489657427 23.802172920819896 24.30595772435257 24.70980547561541 24.977723605288848 19.20891739406504 19.638319210199317 20.417855318573192 21.171948034284362 21.89552610196664 22.581839784834255 23.22165309923422 23.802179240410695 24.305961803940303 24.709807272193544 24.977723605288848 19.208923515319228 19.638326091277936 20.417862692714106 21.171955633747928 21.895533564164467 22.581846689858864 23.221659018089603 23.802183794657903 24.30596474162137 24.709808565251763 24.977723605288848 19.208928103215833 19.638331180155344 20.41786810055767 21.17196117257295 21.895538978931658 22.58185168479199 23.221663290659095 23.80218707778442 24.305966857716893 24.70980949625921 24.977723605288848 19.208931545721985 19.638334948159276 20.417872070657356 21.1719652130422 21.89554291071233 22.581855299912352 23.22166637613601 23.802189445434614 24.30596838256901 24.709810166880736 24.977723605288848 19.208934131002557 19.63833774096321 20.41787498794601 21.171968162717977 21.895545767326485 22.581857917524367 23.221668605090564 23.802191153379038 24.305969481711852 24.709810650128283 24.977723605288848 19.208936072969287 19.63833981198643 20.417877132642378 21.171970316866144 21.895547843254416 22.581859813063378 23.22167021532164 23.802192385416227 24.305970274007045 24.709810998391838 24.977723605288848 19.208937530234206 19.638341346852574 20.417878708559478 21.17197188919832 21.895549350922124 22.581861184756562 23.22167137769866 23.80219327347036 24.305970844701374 24.7098112492187 24.977723605288848 19.208938620150075 19.638342481279466 20.41787986367851 21.171973034124893 21.895550443288514 22.581862175002467 23.221672214768372 23.802193912051404 24.305971254815628 24.709811429466587 24.977723605288848 19.208939429179157 19.638343314128313 20.417880705061748 21.171973862821005 21.89555123010939 22.581862885736623 23.22167281411212 23.802194368627674 24.305971547875178 24.709811558279263 24.977723605288848 19.208940020525713 19.638343916900784 20.417881309640475 21.171974454799948 21.895551789623415 22.581863389454334 23.22167323791575 23.802194691050868 24.305971754725867 24.709811649214412 24.977723605288848 19.208940439701745 19.638344340585235 20.417881731945513 21.171974866177322 21.895552176873665 22.581863737045495 23.221673529766203 23.802194912826025 24.305971896948734 24.70981171175146 24.977723605288848 19.208940718530666 19.638344620536216 20.41788200958832 21.17197513550727 21.895552429572327 22.581863963307864 23.22167371942556 23.802195056808884 24.30597198925591 24.709811752348905 24.977723605288848 19.208940877939924 19.63834477984591 20.41788216702921 21.171975287783432 21.89555257211006 22.58186409070974 23.22167382608924 23.802195137729235 24.305972041123105 24.70981177516464 24.977723605288848 19.208940929794757 19.638344831545208 20.417882218029508 21.171975337035086 21.89555261815597 22.581864131828624 23.221673860493276 23.802195163820578 24.30597205784507 24.709811782521204 24.977723605288848
    </DataArray>
    <DataArray type="Float32" Name="Ion density residual[log10(m^-3)]" NumberOfComponents="1" format="ascii">
19.407464126751 19.79125559617362 20.51020239987572 21.180242001210047 21.79163106011543 22.332960193511774 22.791531842067908 23.155506865909395 23.41835872145199 23.584973390452877 23.676693609624866 19.40640369062863 19.79102745954736 20.510469235101173 21.180790498783548 21.79228527888171 22.333594102293738 22.792061173405354 23.155881167721944 23.41856155825057 23.585030173920018 23.676693609624866 19.40311715089868 19.790406540964586 20.511362833955474 21.182502019054564 21.794278654173734 22.335506457356672 22.793657603841226 23.157018340731693 23.41918521671044 23.585207077319847 23.676693609624866 19.397180681144675 19.789611303313947 20.513151720780687 21.185521731842698 21.797630876372665 22.338656622591376 22.796286961553523 23.158921477941238 23.420253837296787 23.58551402392773 23.676693609624866 19.386807561875457 19.788496680683185 20.51558199153416 21.189263149080805 21.801523028385 22.34217246433018 22.79918477235578 23.16102278531786 23.421392269496664 23.585735668716488 23.676693609624866 19.361566378802895 19.778951287995422 20.50958240373602 21.183968299657675 21.796003780287663 22.33638367160677 22.79341636328447 23.15556809204705 23.41651696700049 23.582299228312568 23.676693609624866 19.27165779369782 19.69604989573415 20.424964471337937 21.096651335572126 21.706860907442206 22.24740356135682 22.707617908701195 23.077336796664195 23.352822213636497 23.54509201956925 23.676693609624866 19.07187612880517 19.47907779676738 20.196354115585983 20.86022816711958 21.467287157639753 22.010920511022185 22.483495050804866 22.880114608464382 23.20461982576928 23.471242399732645 23.676693609624866 18.76610907377853 19.13514003230028 19.834356680810092 20.490965992544666 21.10199255198317 21.663924786337493 22.17496304877293 22.636754400980386 23.052044730885733 23.412647093047724 23.676693609624866 18.391918061143546 18.71680523989416 19.410260125744507 20.08153047223088 20.72743475687348 21.345689698137445 21.93316568931511 22.482506427883987 22.977873362940066 23.391634354351417 23.676693609624866 18.059088031530393 18.382712310566784 19.109727344573077 19.82955975194133 20.53294506329249 21.211013113701128 21.853043743692513 22.44466009811656 22.966151629281132 23.390759406514196 23.676693609624866 17.90807766368676 18.277043085015002 19.035206367811853 19.781750087252277 20.506958204437925 21.201339614926944 21.853936547229626 22.450659453453067 22.972615908377907 23.394456916206 23.676693609624866 17.884512111763353 18.283076430320694 19.049674302044465 19.799641257145684 20.52558488336758 21.218990000085466 21.86933427407331 22.462763858366888 22.980639362968564 23.398098356919554 23.676693609624866 17.889215721868684 18.301178400003245 19.071338107879676 19.821462066459056 20.54574530255861 21.236497530707986 21.883588286459517 22.473359778263887 22.987356600842883 23.401048195959707 23.676693609624866 17.895752955375922 18.31460631330742 19.087529743988256 19.838197104490686 20.561528302765073 21.250371511983612 21.894934661902333 22.481781923515157 22.992668927728737 23.40336747593742 23.676693609624866 17.900889840293324 18.32383177502387 19.098880594777405 19.850306445382543 20.57326891614448 21.26090391786135 21.903661197720997 22.488304492494752 22.996793647414734 23.405168409794506 23.676693609624866 17.90470116375744 18.330259711536044 19.10685919780715 19.859000638380135 20.581880514385553 21.268765798503686 21.910258154146618 22.493275633925226 22.99995147311489 23.40654983333634 23.676693609624866 17.907509101837896 18.33480754128744 19.11251302056745 19.865240243532128 20.588154574682132 21.274572242732358 21.91518315305224 22.497015358914293 23.002338541446875 23.40759668922053 23.676693609624866 17.9095738134465 18.33805442924492 19.11654284495362 19.869720268093502 20.59270609070537 21.27882790798983 21.918824353288734 22.499798617872738 23.004123080922053 23.408381274657035 23.676693609624866 17.911088754802748 18.34038321281252 19.119424814563477 19.872937376570114 20.595997573547134 21.28192886107378 21.921495791900366 22.501851844276608 23.005444688208115 23.408963661128436 23.676693609624866 17.912196796769106 18.34205632877693 19.121488769676727 19.875246486388537 20.598371413363033 21.284177812813045 21.923443553731982 22.503355521533265 23.006415734754665 23.409392419315935 23.676693609624866 17.913004100259577 18.343257970372786 19.12296666361115 19.8769019083252 20.600078927041004 21.285802222009192 21.924856217049417 22.504449989555305 23.00712443265069 23.409705870169073 23.676693609624866 17.913589356834617 18.344119279302728 19.124023332755876 19.878086383608256 20.601303672179203 21.286971065350638 21.925876000621464 22.505242349192763 23.00763865713456 23.409933638189848 23.676693609624866 17.914010892834582 18.344734455626327 19.12477674554112 19.878931522974828 20.602179299166348 21.28780888355015 21.92660891908172 22.505813184198878 23.008009823227688 23.410098253089675 23.676693609624866 17.914311998772828 18.345171545410384 19.125311720996738 19.87953226192002 20.60280291117937 21.288406945533417 21.92713332084822 22.506222476604226 23.00827640579668 23.410216628514036 23.676693609624866 17.914524773536424 18.345479867915373 19.125689422607344 19.87995714523281 20.603244942027693 21.288831854020152 21.92750673300254 22.506514506771737 23.008466925109865 23.4103013335187 23.676693609624866 17.914672991656477 18.345695236293846 19.12595403117709 19.880255683585656 20.603556409723122 21.28913205228151 21.927771183933668 22.506721755613885 23.008602366908317 23.41036163430176 23.676693609624866 17.914774237691528 18.345843677835568 19.126137486426945 19.880463638053286 20.603774221055335 21.289342681688197 21.927957257999882 22.50686792953688 23.00869808342027 23.41040431922205 23.676693609624866 17.914841495975168 18.345944108906597 19.126262881749614 19.880606827962723 20.603925040473662 21.28948917642971 21.9280871400015 22.50697026112992 23.008765253558106 23.41043433642704 23.676693609624866 17.91488433479009 18.346010269697047 19.126346907211587 19.88070388063027 20.604028106549535 21.289589907242018 21.928176877902256 22.507041235171243 23.008811986413992 23.41045527793965 23.676693609624866 17.914909788185703 18.346052129045933 19.126401613741386 19.88076821986895 20.604097279418124 21.289658116948118 21.92823805189925 22.507089870543194 23.0088441452557 23.410469742359023 23.676693609624866 17.914923012317736 18.34607690707821 19.12643569006606 19.88080950531365 20.60414252751978 21.28970333274691 21.928278998771383 22.507122665244623 23.008865957356043 23.410479603952133 23.676693609624866 17.91492777367106 18.34608982084353 19.126455388364892 19.88083467477746 20.604171006184583 21.28973239405674 21.92830570624681 22.50714428914784 23.008880462305306 23.410486210821592 23.676693609624866 17.914926811974105 18.3460946285078 19.126465195880172 19.880848699292294 20.6041878394519 21.289750199039762 21.928322464221026 22.507158089668007 23.008889839907095 23.410490530021967 23.676693609624866 17.914922109743053 18.34609402676739 19.126468322499534 19.880855130014485 20.604196686396346 21.289760245936048 21.928332337743903 22.507166459656716 23.008895649066563 23.41049325336927 23.676693609624866 17.914915092372443 18.346089941045925 19.126467054693737 19.88085649437489 20.60420015097638 21.289765025036278 21.92833750984731 22.507171104352253 23.008899001290747 23.410494874327366 23.676693609624866 17.91490677643625 18.34608373748596 19.126463012559395 19.88085458279492 20.604200078494518 21.289766302180773 21.92833952961628 22.50717323467461 23.008900686390984 23.41049574372765 23.676693609624866 17.914897879582814 18.346076377665916 19.126457336317248 19.88085065623384 20.604197769831945 21.28976532356248 21.928339491426584 22.50717370693564 23.008901263367605 23.41049611005966 23.676693609624866 17.91488890181936 18.346068531494698 19.12645082161271 19.88084559624998 20.604194136137846 21.289762963513333 21.928338164268755 22.5071731236552 23.008901126001373 23.410496148547956 23.676693609624866 17.91488018558671 18.346060659527144 19.126444017600008 19.88084001344942 20.604189810431656 21.289759831041273 21.928336084947126 22.50717190621192 23.008900550121606 23.410495982103992 23.676693609624866 17.914871960066996 18.346053072895884 19.12643729795559 19.880834325756624 20.604185228018263 21.289756346524275 21.92833362514468 22.507170347113423 23.008899727609972 23.410495696396108 23.676693609624866 17.914864373833815 18.34604597692367 19.12643091226752 19.880828814885746 20.604180684385938 21.289752796863674 21.928331039626606 22.50716864755741 23.00889879083323 23.41049535067529 23.676693609624866 17.91485751883046 18.346039502780705 19.12642502314522 19.88082366696676 20.604176376764016 21.289749375075342 21.9283285008249 22.50716694437282 23.008897830163164 23.410494985536527 23.676693609624866 17.914851447956956 18.34603373042001 19.126419732926376 19.88081900171321 20.604172434007396 21.28974620866503 21.928326123610766 22.50716532931162 23.008896906521112 23.410494628474737 23.676693609624866 17.914846187931527 18.346028705180064 19.126415102971865 19.88081489343942 20.604168937940965 21.28974337992313 21.928323983002564 22.50716386283515 23.008896060340213 23.410494297853273 23.676693609624866 17.914841748633247 18.346024449713806 19.126411167413984 19.880811385974056 20.604165938595578 21.28974094037991 21.92832212677273 22.507162583926796 23.008895317943264 23.410494005727607 23.676693609624866 17.914838129874777 18.34602097255317 19.12640794300213 19.88080850332226 20.604163465037093 21.28973892107394 21.928320584398083 22.507161517056566 23.008894696069696 23.410493759849302 23.676693609624866 17.91483532625301 18.346018274184036 19.12640543605274 19.88080625717301 20.604161532988087 21.289737339772813 21.928319373353563 22.507160677078517 23.0088942050574 23.41049356507431 23.676693609624866 17.914833330576943 18.346016351307583 19.126403647306795 19.880804652132905 20.604160150136437 21.289736205999716 21.928318503488736 22.507160072634395 23.00889385105553 23.410493424342278 23.676693609624866 17.91483213621852 18.346015199739064 19.126402575222492 19.880803689268614 20.60415931972224 21.28973552442721 21.928317979985344 22.50715970845534 23.008893637519105 23.41049333933825 23.676693609624866 17.914831738633826 18.346014816275414 19.126402218092473 19.8808033683807 20.604159042841392 21.28973529705738 21.92831780525414 22.50715958683665 23.00889356616829 23.410493310917083 23.676693609624866
    </DataArray>
    <DataArray type="Float32" Name="Ion density last step [log10(m^-3)]" NumberOfComponents="1" format="ascii">
20.439194274633056 20.86253475294047 21.615945507184232 22.32079971306374 22.96679304987544 23.54166256271872 24.03138185005129 24.42221307065672 24.7054241695969 24.883912502806247 24.977723605288848 20.438038829453877 20.86224785835941 21.61618533864003 22.32134123862093 22.967450126219845 23.5423023977347 24.03191660987083 24.42259066065739 24.705627299200195 24.88396669072579 24.977723605288848 20.434464264982687 20.86145380574274 21.617004781701063 22.323037915769035 22.969455426399747 23.544233346729985 24.033528883327982 24.423737280468593 24.706251803673595 24.884135640781277 24.977723605288848 20.428053221382864 20.86039821679664 21.618710027255432 22.3260669113947 22.97284930722238 23.547425260359958 24.036189259914302 24.425659605622947 24.707325532371414 24.88443066188468 24.977723605288848 20.41713341017592 20.859112244408422 21.62123464486579 22.330006090110825 22.976945956426267 23.551110097196606 24.03921491292667 24.42785565613746 24.70852193946758 24.884655610406863 24.977723605288848 20.39169490353692 20.85016409802695 21.616176540117493 22.325714486209304 22.972349102011464 23.546098342159315 24.03405914830302 24.422839951735202 24.70385948699185 24.881146206163226 24.977723605288848 20.30068798619169 20.766766976123453 21.53105910497463 22.23756233771853 22.88181958883129 23.45499639997444 23.94522330865929 24.340488506823622 24.634972426447717 24.83899506643129 24.977723605288848 20.097418262495147 20.545981662239996 21.297699255405217 21.99511205158992 22.634565778786424 23.208690731321518 23.708572282927303 24.12780583888438 24.469966349602604 24.753126167594836 24.977723605288848 19.784705935138316 20.193458061820667 20.924404685301358 21.611323319426617 22.25084912685113 22.838699471248482 23.372557656291928 23.855218030562792 24.29356598017348 24.68351504581481 24.977723605288848 19.395167930771983 19.754132933571956 20.47307041162275 21.1685513185483 21.837746842544576 22.479380166918492 23.092471277691562 23.672357902971154 24.204340047643885 24.658111515008347 24.977723605288848 19.031032324935833 19.378863068591723 20.127875943455997 20.8725755142783 21.604186674239497 22.3143741163276 22.992729332062044 23.62465872751667 24.189250241329518 24.656728965042653 24.977723605288848 18.85229812694344 19.246661492350736 20.031712689562198 20.80878366142871 21.56772424673923 22.298867846974893 22.99114085247103 23.630159542175107 24.19604514297295 24.660789508136745 24.977723605288848 18.82210009053405 19.249794387924872 20.044973395364824 20.826547141492398 21.586904288149054 22.31744470368166 23.007592100422993 23.6432492489343 24.204826611372173 24.664834661805333 24.977723605288848 18.826302484960088 19.2690721505685 20.06827813039965 20.850082300514675 21.60867831350974 22.336386359626605 23.02306097946709 23.65480996643078 24.21221932283686 24.66812576224801 24.977723605288848 18.832935229367088 19.283419464524314 20.08574573609756 20.868189723009653 21.625781500289946 22.351448545927692 23.035418907850747 23.664034292951705 24.218089779966085 24.670724760201622 24.977723605288848 18.838163377489725 19.29321836615209 20.097955362655316 20.881284785997174 21.638517682994976 22.362908117835325 23.04495209528888 23.67120380315269 24.22266608404548 24.67275162479131 24.977723605288848 18.842046853291762 19.300028044107634 20.106527911048378 20.89069083873004 21.647875094916362 22.37148416755844 23.052182294794214 23.676688383277952 24.226183848018223 24.67431304977945 24.977723605288848 18.844920992751536 19.304850976429766 20.11261028707568 20.897454773869477 21.65471096195161 22.377838941208427 23.05760031001536 23.680831230038244 24.22885448083158 24.675501619267 24.977723605288848 18.847051622775155 19.308309134327036 20.11696152536669 20.90232942226211 21.65968980151237 22.382516314320025 23.061624014875143 23.683928920614502 24.23086057774627 24.676396752169808 24.977723605288848 18.848633433642473 19.310807991393006 20.120092534395052 20.90584972024021 21.663310059754174 22.38594312943867 23.064592221350004 23.686226637148152 24.232354414260477 24.677064826142832 24.977723605288848 18.849808960831037 19.312622665424865 20.122354627023054 20.908396155804112 21.665939886623324 22.3884455397344 23.06677081609555 23.687920353624026 24.233459031343685 24.677559754997663 24.977723605288848 18.85068311181663 19.31394482120726 20.123993522799214 20.91024043491588 21.667849075033338 22.390268613187665 23.06836381759148 23.689162814779632 24.234271321137662 24.677924235311846 24.977723605288848 18.851333416389437 19.314910281876607 20.12518322828669 20.91157738572779 21.669234522372122 22.39159448199845 23.069525308042817 23.690070849686627 24.234866051223808 24.678191384326215 24.977723605288848 18.85181732678559 19.315616374953755 20.126048048449125 20.912547199190534 21.670239600153028 22.392557508280905 23.070370340391626 23.690732565530013 24.235300015685908 24.67838646741662 24.977723605288848 18.85217749029694 19.31613335805618 20.126677326518145 20.913251024592107 21.670968567415784 22.393256307736333 23.070984118562485 23.691213709994372 24.235615836907396 24.678528511608956 24.977723605288848 18.852445597860893 19.316512198925167 20.127135550596464 20.913761988533643 21.67149717847531 22.393762997968608 23.071429360617827 23.691562957369296 24.235845206955148 24.678631702760672 24.977723605288848 18.85264521357769 19.316789995928826 20.127469406290604 20.91413303472938 21.671880445396383 22.394130180271524 23.071752026384463 23.691816127134746 24.236011524575154 24.67870653582245 24.977723605288848 18.85279386492882 19.316993814640664 20.127712761239934 20.914402533557283 21.67215830085688 22.39439614675938 23.07198568255575 23.69199945988869 24.236131972462694 24.678760729142596 24.977723605288848 18.85290459157894 19.317143432876346 20.12789022009911 20.914598313231906 21.672359721988837 22.394588732251222 23.072154782608063 23.692132113010164 24.236219116699075 24.678799933230778 24.977723605288848 18.85298709519122 19.317253319430524 20.128019676307634 20.914740565995874 21.6725057301819 22.39472814746061 23.072277106711173 23.692228036018353 24.23628211816069 24.67882827028555 24.977723605288848 18.853048594022777 19.317334067796107 20.128114152077824 20.91484394812805 21.67261157162439 22.394829054461972 23.072365563673735 23.692297365831887 24.2363276390558 24.67884873944515 24.977723605288848 18.85309445852381 19.31739343871032 20.128183129399066 20.9149190999076 21.672688301482726 22.39490208260903 23.072429514717562 23.692347457269534 24.236360515318694 24.678863518186528 24.977723605288848 18.853128684235653 19.317437120162406 20.128233515042975 20.914973747030228 21.672743934346986 22.394954933352796 23.072475742176895 23.69238364003245 24.23638425205494 24.678874184841128 24.977723605288848 18.8531542436888 19.317469282401987 20.128270341323194 20.915013499366133 21.672784279400517 22.394993184116828 23.072509156291222 23.69240977251342 24.236401386801962 24.67888188196769 24.977723605288848 18.853173348281505 19.317492983761262 20.12829727555714 20.91504243055639 21.672813546549186 22.39502087248574 23.072533309776166 23.692428645735514 24.23641375488843 24.678887435805873 24.977723605288848 18.85318764315151 19.317510467641608 20.12831699073235 20.915063498722443 21.672834786193082 22.39504092031419 23.07255077180757 23.69244227728779 24.23642268272445 24.678891443339733 24.977723605288848 18.853198352181867 19.317523380000267 20.128331435351736 20.915078851922633 21.672850208231996 22.395055441393392 23.072563399480483 23.69245212483699 24.23642912829552 24.678894335601807 24.977723605288848 18.853206385885308 19.317532928685342 20.12834202995215 20.915090049955005 21.672861413411617 22.395065964500063 23.07257253464302 23.692459241002965 24.23643378310869 24.678896423615512 24.977723605288848 18.853212421652724 19.31754000019487 20.128349810248977 20.915098225415704 21.672869561052188 22.395073595006533 23.072579146494522 23.69246438557156 24.23643714606526 24.67889793168618 24.977723605288848 18.853216963448048 19.317545245272573 20.128355531436757 20.91510420066274 21.67287549063991 22.395079131933116 23.07258393482902 23.692468106730015 24.236439576939667 24.67889902149898 24.977723605288848 18.85322038618236 19.317549141635503 20.128359744162907 20.91510857272602 21.672879809928016 22.395083152671727 23.072587404724544 23.692470799819976 24.23644133505019 24.678899809540923 24.977723605288848 18.853222968710778 19.31755203997115 20.128362849892056 20.915111774960987 21.672882958771854 22.39508607429791 23.072589920554993 23.692472749808555 24.236442607207334 24.678900379688653 24.977723605288848 18.853224918338178 19.31755419763382 20.128365141217433 20.91511412177986 21.672885255343154 22.395088197901007 23.072591745012858 23.69247416195819 24.2364435278879 24.67890079229213 24.977723605288848 18.85322638901441 19.317555803332215 20.128366831212162 20.91511584109824 21.672886929575437 22.39508974061952 23.07259306728288 23.692475183957338 24.23644419378795 24.67890109072487 24.977723605288848 18.853227494824363 19.317556995196092 20.128368074776798 20.915117097846387 21.672888147342164 22.3950908587669 23.072594023361702 23.69247592187203 24.236444674307048 24.67890130610099 24.977723605288848 18.853228319958617 19.317557873961206 20.128368984124577 20.91511801096152 21.6728890278896 22.395091664478244 23.07259471066999 23.692476451609643 24.23644501907921 24.678901460662225 24.977723605288848 18.85322892605943 19.317558512570642 20.1283696399918 20.915118665641245 21.67288965637877 22.39509223766989 23.072595198538714 23.692476827139778 24.236445263371674 24.678901570204964 24.977723605288848 18.853229357581668 19.317558963099597 20.12837009967703 20.915119122102446 21.672890092828485 22.3950926345533 23.072595535669336 23.692477086339736 24.23644543192063 24.678901645803844 24.977723605288848 18.853229645652227 19.317559261693596 20.12837040274495 20.915119421772705 21.672890378425272 22.39509289363419 23.072595755381816 23.69247725510253 24.236445541627138 24.67890169502262 24.977723605288848 18.853229810763747 19.31755943198184 20.128370574950182 20.915119591538552 21.67289053984216 22.395093039812448 23.0725958792017 23.692477350144816 24.23644560339728 24.678901722740676 24.977723605288848 18.853229864544385 19.317559487306646 20.128370630792023 20.915119646503985 21.672890592041554 22.39509308704172 23.072595919182458 23.692477380822528 24.236445623333264 24.678901731687535 24.977723605288848
    </DataArray>
    <DataArray type="Float32" Name="Ion density max [log10(m^-3)]" NumberOfComponents="1" format="ascii">
20.708494122414983 21.0922855918376 21.8112323955397 22.481271996874028 23.092661055779413 23.633990189175755 24.09256183773189 24.456536861573376 24.719388717115972 24.886003386116855 24.977723605288848 20.70743368629261 21.092057455211343 21.811499230765154 22.48182049444753 23.09331527454569 23.63462409795772 24.093091169069336 24.456911163385925 24.71959155391455 24.886060169584 24.977723605288848 20.70414714656266 21.091436536628567 21.812392829619455 22.483532014718545 23.095308649837715 23.636536453020653 24.094687599505207 24.458048336395674 24.72021521237442 24.88623707298383 24.977723605288848 20.698210676808657 21.09064129897793 21.81418171644467 22.48655172750668 23.098660872036646 23.639686618255357 24.097316957217505 24.45995147360522 24.72128383296077 24.88654401959171 24.977723605288848 20.68783755753944 21.089526676347166 21.81661198719814 22.490293144744786 23.10255302404898 23.64320245999416 24.10021476801976 24.462052780981843 24.722422265160645 24.88676566438047 24.977723605288848 20.662596374466876 21.079981283659404 21.8106123994 22.484998295321656 23.097033775951644 23.637413667270753 24.094446358948453 24.456598087711033 24.71754696266447 24.88332922397655 24.977723605288848 20.5726877893618 20.99707989139813 21.725994467001918 22.397681331236107 23.007890903106187 23.5484335570208 24.008647904365176 24.378366792328176 24.653852209300478 24.84612201523323 24.977723605288848 20.37290612446915 20.780107792431362 21.497384111249964 22.16125816278356 22.768317153303734 23.311950506686166 23.784525046468843 24.181144604128363 24.505649821433263 24.772272395396627 24.977723605288848 20.06713906944251 20.436170027964263 21.135386676474074 21.791995988208647 22.40302254764715 22.964954782001474 23.475993044436912 23.937784396644368 24.353074726549714 24.713677088711705 24.977723605288848 19.692948056807527 20.01783523555814 20.71129012140849 21.382560467894862 22.02846475253746 22.646719693801426 23.234195684979092 23.783536423547968 24.278903358604047 24.6926643500154 24.977723605288848 19.360118027194375 19.683742306230766 20.41075734023706 21.13058974760531 21.833975058956472 22.51204310936511 23.154073739356495 23.745690093780542 24.267181624945113 24.691789402178177 24.977723605288848 19.209107659350742 19.578073080678983 20.336236363475834 21.08278008291626 21.807988200101907 22.502369610590925 23.154966542893607 23.75168944911705 24.273645904041885 24.69548691186998 24.977723605288848 19.185542107427334 19.584106425984675 20.350704297708447 21.100671252809665 21.82661487903156 22.520019995749447 23.17036426973729 23.76379385403087 24.281669358632545 24.699128352583536 24.977723605288848 19.190245717532665 19.602208395667226 20.372368103543657 21.122492062123037 21.846775298222592 22.537527526371967 23.1846182821235 23.77438977392787 24.288386596506864 24.702078191623688 24.977723605288848 19.196782951039904 19.6156363089714 20.388559739652237 21.139227100154663 21.862558298429054 22.551401507647594 23.195964657566314 23.78281191917914 24.293698923392718 24.7043974716014 24.977723605288848 19.201919835957305 19.62486177068785 20.399910590441387 21.151336441046524 21.874298911808463 22.56193391352533 23.204691193384978 23.789334488158733 24.297823643078715 24.706198405458487 24.977723605288848 19.205731159421422 19.631289707200025 20.40788919347113 21.160030634044116 21.882910510049534 22.569795794167668 23.2112881498106 23.794305629589207 24.300981468778872 24.70757982900032 24.977723605288848 19.208539097501877 19.63583753695142 20.413543016231433 21.16627023919611 21.889184570346114 22.57560223839634 23.21621314871622 23.798045354578274 24.303368537110856 24.70862668488451 24.977723605288848 19.21060380911048 19.6390844249089 20.417572840617602 21.170750263757483 21.89373608636935 22.57985790365381 23.219854348952715 23.80082861353672 24.305153076586034 24.709411270321016 24.977723605288848 19.21211875046673 19.6414132084765 20.420454810227458 21.173967372234095 21.897027569211115 22.58295885673776 23.222525787564347 23.802881839940586 24.306474683872096 24.709993656792417 24.977723605288848 19.213226792433087 19.64308632444091 20.422518765340705 21.17627648205252 21.899401409027014 22.585207808477026 23.224473549395963 23.804385517197247 24.307445730418646 24.710422414979917 24.977723605288848 19.21403409592356 19.644287966036767 20.423996659275133 21.17793190398918 21.901108922704985 22.586832217673173 23.225886212713394 23.805479985219286 24.308154428314673 24.710735865833055 24.977723605288848 19.214619352498598 19.64514927496671 20.425053328419857 21.179116379272237 21.902333667843184 22.58800106101462 23.226905996285446 23.806272344856744 24.30866865279854 24.71096363385383 24.977723605288848 19.215040888498564 19.645764451290308 20.4258067412051 21.17996151863881 21.90320929483033 22.58883887921413 23.2276389147457 23.80684317986286 24.30903981889167 24.711128248753656 24.977723605288848 19.21534199443681 19.646201541074365 20.42634171666072 21.180562257584 21.903832906843352 22.5894369411974 23.2281633165122 23.807252472268207 24.30930640146066 24.711246624178017 24.977723605288848 19.215554769200406 19.646509863579354 20.426719418271325 21.180987140896793 21.904274937691675 22.589861849684134 23.228536728666523 23.807544502435718 24.309496920773846 24.71133132918268 24.977723605288848 19.21570298732046 19.646725231957827 20.426984026841073 21.181285679249637 21.904586405387104 22.59016204794549 23.22880117959765 23.807751751277866 24.309632362572298 24.711391629965743 24.977723605288848 19.21580423335551 19.64687367349955 20.427167482090926 21.181493633717267 21.904804216719317 22.590372677352175 23.228987253663863 23.807897925200862 24.309728079084252 24.71143431488603 24.977723605288848 19.21587149163915 19.646974104570578 20.427292877413596 21.181636823626704 21.904955036137643 22.590519172093693 23.229117135665483 23.8080002567939 24.309795249222088 24.711464332091023 24.977723605288848 19.215914330454073 19.647040265361028 20.42737690287557 21.181733876294253 21.905058102213516 22.590619902906 23.229206873566238 23.80807123083522 24.309841982077973 24.711485273603632 24.977723605288848 19.215939783849684 19.647082124709915 20.427431609405367 21.181798215532933 21.905127275082105 22.5906881126121 23.22926804756323 23.808119866207175 24.309874140919682 24.711499738023004 24.977723605288848 19.215953007981717 19.64710690274219 20.42746568573004 21.18183950097763 21.90517252318376 22.59073332841089 23.229308994435364 23.808152660908604 24.309895953020025 24.711509599616114 24.977723605288848 19.21595776933504 19.647119816507512 20.427485384028873 21.181864670441442 21.905201001848564 22.59076238972072 23.22933570191079 23.80817428481182 24.309910457969288 24.711516206485573 24.977723605288848 19.215956807638086 19.64712462417178 20.427495191544153 21.181878694956275 21.90521783511588 22.590780194703743 23.229352459885007 23.808188085331988 24.309919835571076 24.71152052568595 24.977723605288848 19.215952105407034 19.64712402243137 20.427498318163515 21.181885125678466 21.905226682060327 22.59079024160003 23.229362333407884 23.808196455320697 24.309925644730544 24.711523249033252 24.977723605288848 19.215945088036424 19.647119936709906 20.42749705035772 21.18188649003887 21.90523014664036 22.59079502070026 23.22936750551129 23.808201100016234 24.309928996954728 24.711524869991347 24.977723605288848 19.215936772100232 19.64711373314994 20.427493008223376 21.181884578458902 21.9052300741585 22.590796297844754 23.229369525280262 23.80820323033859 24.309930682054965 24.711525739391632 24.977723605288848 19.215927875246795 19.647106373329898 20.42748733198123 21.18188065189782 21.905227765495926 22.590795319226462 23.229369487090565 23.80820370259962 24.309931259031586 24.711526105723642 24.977723605288848 19.21591889748334 19.64709852715868 20.42748081727669 21.18187559191396 21.905224131801827 22.590792959177314 23.229368159932736 23.80820311931918 24.309931121665354 24.711526144211934 24.977723605288848 19.215910181250692 19.647090655191125 20.42747401326399 21.1818700091134 21.905219806095637 22.59078982670525 23.229366080611108 23.8082019018759 24.309930545785587 24.711525977767973 24.977723605288848 19.215901955730978 19.647083068559866 20.42746729361957 21.181864321420605 21.905215223682244 22.590786342188256 23.229363620808662 23.808200342777404 24.309929723273953 24.71152569206009 24.977723605288848 19.215894369497796 19.64707597258765 20.4274609079315 21.181858810549727 21.90521068004992 22.590782792527655 23.229361035290587 23.80819864322139 24.30992878649721 24.711525346339272 24.977723605288848 19.21588751449444 19.647069498444687 20.4274550188092 21.18185366263074 21.905206372427998 22.590779370739323 23.22935849648888 23.8081969400368 24.309927825827145 24.711524981200508 24.977723605288848 19.215881443620937 19.647063726083992 20.427449728590357 21.18184899737719 21.905202429671377 22.59077620432901 23.229356119274748 23.8081953249756 24.309926902185094 24.71152462413872 24.977723605288848 19.21587618359551 19.647058700844045 20.427445098635847 21.181844889103402 21.905198933604947 22.590773375587112 23.229353978666545 23.80819385849913 24.309926056004194 24.711524293517254 24.977723605288848 19.215871744297228 19.647054445377787 20.42744116307796 21.181841381638037 21.90519593425956 22.590770936043892 23.229352122436712 23.808192579590777 24.309925313607245 24.711524001391588 24.977723605288848 19.21586812553876 19.64705096821715 20.42743793866611 21.18183849898624 21.905193460701074 22.59076891673792 23.229350580062064 23.808191512720548 24.309924691733677 24.711523755513284 24.977723605288848 19.21586532191699 19.647048269848018 20.42743543171672 21.18183625283699 21.905191528652068 22.590767335436794 23.229349369017545 23.808190672742498 24.30992420072138 24.711523560738293 24.977723605288848 19.21586332624092 19.647046346971564 20.427433642970776 21.181834647796887 21.905190145800418 22.590766201663698 23.229348499152717 23.808190068298376 24.30992384671951 24.71152342000626 24.977723605288848 19.215862131882503 19.647045195403045 20.427432570886474 21.181833684932595 21.90518931538622 22.590765520091193 23.229347975649326 23.80818970411932 24.309923633183086 24.71152333500223 24.977723605288848 19.215861734297807 19.647044811939395 20.427432213756454 21.18183336404468 21.905189038505373 22.59076529272136 23.22934780091812 23.80818958250063 24.30992356183227 24.711523306581064 24.977723605288848
    </DataArray>
    <DataArray type="Float32" Name="Mobility [m^2/V/s]" NumberOfComponents="1" format="ascii">
0.0 0.0 0.0 0.0 0.0 0.0 0.0 0.0 0.0 0.0 0.0 1.5e-05 1.5e-05 1.5e-05 1.5e-05 1.5e-05 1.5060674413899484e-05 1.5060659078300702e-05 1.5060818402346155e-05 1.5148694352190885e-05 1.549444493908817e-05 1.5494300950641497e-05 4.520432710427888e-05 4.519503789441681e-05 4.5213554694936145e-05 5.4135430597480845e-05 6.336130728292403e-05 6.335207969226677e-05 6.336508545150549e-05 7.258173454629143e-05 7.938025635743643e-05 7.937647818885496e-05 7.938025635743643e-05 0.0 0.0 0.0 0.0 0.0 0.0 0.0 0.0 0.0 0.0 0.0 0.0 0.0 0.0 0.0 0.0 0.0 0.0 0.0 0.0 0.0 0.0 1.6990073809060363e-05 1.8127286636992588e-05 2.1135149940322226e-05 2.115229525872287e-05 2.4153023085171264e-05 3.0226309802653046e-05 3.025457837487697e-05 3.63107197739581e-05 4.5241823267160074e-05 4.5270219581053425e-05 5.417305450203146e-05 0.0 0.0 0.0 0.0 0.0 0.0 0.0 0.0 0.0 0.0 0.0 0.0 0.0 0.0 0.0 0.0 0.0 0.0 0.0 0.0 1.5e-05 1.5e-05 2.1164122294455205e-05 2.119250949405103e-05 2.4198555603167736e-05 3.0282965574472794e-05 3.0330455729502132e-05 3.6386478501211365e-05 4.5317709736082764e-05 4.536647915115439e-05 5.425022023099644e-05 6.345402534827503e-05 6.347448483313133e-05 0.0 0.0 0.0 0.0 0.0 0.0 0.0 0.0 0.0 0.0 0.0 0.0 0.0 0.0 0.0 0.0 0.0 0.0 1.5e-05 1.5e-05 1.5e-05 1.5e-05 2.4258607034218712e-05 3.0362119960957283e-05 3.041510987976908e-05 3.64869585750525e-05 4.541946906996618e-05 4.547193878230747e-05 5.435145935840936e-05 6.352695454547264e-05 6.354196391352946e-05 7.266498938825143e-05 7.942749937815411e-05 0.0 0.0 0.0 0.0 0.0 0.0 0.0 0.0 0.0 0.0 0.0 0.0 0.0 0.0 0.0 0.0 1.5e-05 1.5e-05 1.5e-05 1.5e-05 1.5e-05 1.5e-05 3.0221202466326766e-05 3.640678141111863e-05 4.5338771699561815e-05 4.5120101356963846e-05 5.418525872815269e-05 6.332329357093148e-05 6.309602564691888e-05 7.245273083229565e-05 7.920023145414153e-05 7.920023145414153e-05 8.6175e-05 0.0 0.0 0.0 0.0 0.0 0.0 0.0 0.0 0.0 0.0 0.0 0.0 0.0 0.0 1.5e-05 1.5e-05 1.5e-05 1.5e-05 1.5e-05 1.5e-05 1.5e-05 1.5057465354433712e-05 4.335523633754254e-05 4.067883516245781e-05 5.1290187210469984e-05 6.041962447183416e-05 5.804794384677828e-05 6.985378228322718e-05 7.682855082908565e-05 7.682855082908565e-05 8.6175e-05 0.0 0.0 0.0 0.0 0.0 0.0 0.0 0.0 0.0 0.0 0.0 0.0 0.0 0.0 1.5e-05 1.5e-05 1.5e-05 1.5e-05 1.5e-05 1.5e-05 1.5e-05 1.5028871085987329e-05 1.5e-05 1.5070767919613233e-05 4.3713022512858026e-05 5.3147180324251046e-05 4.8999446762496636e-05 6.33343680964169e-05 7.268081726733125e-05 7.268081726733125e-05 8.6175e-05 0.0 0.0 0.0 0.0 0.0 0.0 0.0 0.0 0.0 0.0 0.0 0.0 0.0 0.0 0.0 1.5e-05 1.5e-05 1.5e-05 1.5e-05 1.5e-05 1.5e-05 1.5e-05 1.5e-05 1.5001304505677705e-05 1.5164518647539025e-05 1.5041016586774193e-05 4.261175087457525e-05 5.6365160255076326e-05 6.985934298774508e-05 6.985934298774508e-05 8.6175e-05 0.0 0.0 0.0 0.0 0.0 0.0 0.0 0.0 0.0 0.0 0.0 0.0 0.0 0.0 0.0 0.0 0.0 1.5e-05 1.5e-05 1.5e-05 1.5e-05 1.5e-05 1.5e-05 1.5e-05 1.502705371617172e-05 1.5e-05 1.505735443330878e-05 1.5304476723295745e-05 6.893851343681763e-05 6.893851343681763e-05 8.6175e-05 0.0 0.0 0.0 0.0 0.0 0.0 0.0 0.0 0.0 0.0 0.0 0.0 0.0 0.0 0.0 0.0 0.0 0.0 0.0 1.5e-05 1.5e-05 1.5e-05 1.5e-05 1.5e-05 1.5e-05 1.5e-05 1.5e-05 1.5112595727961909e-05 1.5068831396780512e-05 1.5206605004244956e-05 8.6175e-05 0.0 0.0 0.0 0.0 0.0 0.0 0.0 0.0 0.0 0.0 0.0 0.0 0.0 0.0 0.0 0.0 0.0 0.0 0.0 0.0 0.0 1.5e-05 1.5e-05 1.5e-05 1.5e-05 1.5e-05 1.5e-05 1.5067368933530051e-05 1.5064724399220617e-05 1.5160196138754124e-05 1.5564530477968266e-05 1.556565707986613e-05 0.0 0.0 0.0 0.0 0.0 0.0 0.0 0.0 0.0 0.0 0.0 0.0 0.0 0.0 0.0 0.0 0.0 0.0 0.0 0.0 0.0 0.0 1.5e-05 1.5e-05 1.5e-05 1.5e-05 1.5065763846850823e-05 1.507064647223648e-05 1.516243422983035e-05 1.557053970525179e-05 1.5589712044011504e-05 1.5992934894047288e-05 1.7550412798936743e-05 0.0 0.0 0.0 0.0 0.0 0.0 0.0 0.0 0.0 0.0 0.0 0.0 0.0 0.0 0.0 0.0 0.0 0.0 0.0 0.0 0.0 0.0 1.5e-05 1.5e-05 1.5071824441907225e-05 1.5076872579532304e-05 1.5172364992841087e-05 1.5594760181636582e-05 1.5613140413534737e-05 1.6030487464705154e-05 1.7628436670378494e-05 1.7682075160443066e-05 1.926164413421825e-05 0.0 0.0 0.0 0.0 0.0 0.0 0.0 0.0 0.0 0.0 0.0 0.0 0.0 0.0 0.0 0.0 0.0 0.0 0.0 0.0 0.0 0.0 1.5077835960505862e-05 1.5081991765264579e-05 1.5181568935224882e-05 1.5617296218293455e-05 1.563239116638404e-05 1.6063962644693893e-05 1.769717010853365e-05 1.7740817927227497e-05 1.935893044297667e-05 2.437243282046054e-05 2.4462582095879355e-05 0.0 0.0 0.0 0.0 0.0 0.0 0.0 0.0 0.0 0.0 0.0 0.0 0.0 0.0 0.0 0.0 0.0 0.0 0.0 0.0 0.0 1.5e-05 1.518897779519605e-05 1.5635644221596487e-05 1.5647551865598675e-05 1.609096523678666e-05 1.775272557122968e-05 1.77871844081102e-05 1.9437037098551035e-05 2.449704093275988e-05 2.4567928715751598e-05 2.9593473713079918e-05 4.1195870112615064e-05 0.0 0.0 0.0 0.0 0.0 0.0 0.0 0.0 0.0 0.0 0.0 0.0 0.0 0.0 0.0 0.0 0.0 0.0 0.0 1.5e-05 1.5e-05 1.5e-05 1.5659226511344292e-05 1.6112059689824783e-05 1.779637121714614e-05 1.7823048079829345e-05 1.949817279811476e-05 2.4594605578434802e-05 2.464945209418821e-05 2.971920801182504e-05 4.133069115865695e-05 4.139238134478593e-05 5.294901797586443e-05 0.0 0.0 0.0 0.0 0.0 0.0 0.0 0.0 0.0 0.0 0.0 0.0 0.0 0.0 0.0 0.0 0.0 1.5e-05 1.5e-05 1.5e-05 1.5e-05 1.5e-05 1.7830020868280483e-05 1.7850351251268912e-05 1.9545180043786398e-05 2.4669782477176637e-05 2.47116180681104e-05 2.9815890118512208e-05 4.143421693571969e-05 4.1481209082909614e-05 5.305770030918334e-05 6.963984622818663e-05 6.963984622818663e-05 0.0 0.0 0.0 0.0 0.0 0.0 0.0 0.0 0.0 0.0 0.0
    </DataArray>
    <DataArray type="Float32" Name="Electric Field [Vm^-1]" NumberOfComponents="3" format="ascii">
350945382.2294571 -1482117917.3177238 0.0 98087.60572501607 -78250392.40664804 0.0 174389.09381697665 -78703706.6485585 0.0 228438.37988855524 -79288821.83463918 0.0 271196.4612484833 -79868347.94626611 0.0 337841.0754456183 -80180551.35331975 0.0 494637.4539493976 -79665998.1154045 0.0 812661.6499975676 -77318531.28705399 0.0 1268013.889418265 -71938412.79598059 0.0 1538782.2098267295 -63404968.24587267 0.0 408873689.10190827 1168823319.882484 0.0 1919393.7188543363 -1305172113.6522255 0.0 351800.3636979669 -78147754.11883642 0.0 549373.928651736 -78654819.89274901 0.0 664486.2889359553 -79288311.91727509 0.0 706685.726794994 -79896723.18406168 0.0 691461.5129776705 -80203417.97967073 0.0 629836.3963851489 -79621389.80765627 0.0 526981.8261211595 -77112841.10749549 0.0 385679.12505433237 -71490988.42195521 0.0 212223.8436579328 -62793754.351840936 0.0 -2054716.361843381 1366669708.9783318 0.0 2076948.5058116575 -1304887795.1717634 0.0 795095.1111015858 -77783382.89731848 0.0 1199350.6211281398 -78423421.26598163 0.0 1410842.8034638166 -79181805.77263214 0.0 1472326.777229407 -79887097.96623158 0.0 1425720.4627810002 -80267762.14276545 0.0 1294302.0394026185 -79748354.68886395 0.0 1083824.906435008 -77299171.93345064 0.0 792733.0212640294 -71733222.40519893 0.0 428876.2433596351 -63074470.67193301 0.0 -2025778.162595053 1366495684.1326885 0.0 2298014.9577864814 -1304337435.0629961 0.0 1417944.4346410488 -77112348.51211642 0.0 2042148.1102675933 -78051813.6983649 0.0 2307524.8565496653 -79039887.96160907 0.0 2347350.405995101 -79899502.9621779 0.0 2248742.180857955 -80388397.20568943 0.0 2046822.7993458204 -79962554.71830128 0.0 1736166.2849310592 -77612918.52656761 0.0 1291922.302009364 -72153682.53540027 0.0 706969.5332176385 -63577049.087309666 0.0 -1986741.0846367294 1366193431.9922092 0.0 2825128.733385302 -1303324669.8417118 0.0 2501273.2175709307 -76072956.0091713 0.0 3243873.8249047548 -77609580.01883925 0.0 3430251.193114847 -78937259.2574392 0.0 3362685.5092288502 -79977935.85511671 0.0 3180589.7885400155 -80575250.1566451 0.0 2920364.8607682376 -80250964.75701313 0.0 2542256.2930589328 -78040849.19210947 0.0 1958700.387865996 -72768053.69097194 0.0 1105620.7325269056 -64361935.49876756 0.0 -1927679.1094784345 1365711327.0837808 0.0 4775344.108046921 -1301204468.660058 0.0 4737980.158401544 -74952534.80612613 0.0 5001892.655008398 -77354089.27759634 0.0 4807124.460509901 -79031743.10840401 0.0 4492984.540244272 -80192968.14791349 0.0 4190743.1249435567 -80830957.34258477 0.0 3909077.492450116 -80570449.64559126 0.0 3542344.5424402356 -78533623.29573044 0.0 2875381.189126662 -73581736.6316078 0.0 1699463.6325255998 -65532241.33043029 0.0 -1837521.4142774653 1364956155.9171999 0.0 9001717.347878277 -1297126241.586619 0.0 8231057.978699542 -74904306.30046242 0.0 7217895.4224866815 -77800612.33096477 0.0 6299632.210674814 -79554258.55538084 0.0 5595424.601852746 -80630344.08954784 0.0 5124378.503871649 -81150627.26961938 0.0 4825684.275498234 -80854149.59465882 0.0 4502559.018426669 -79010978.25295328 0.0 3776709.8056375384 -74588023.96063414 0.0 2262530.888409668 -67212966.51760183 0.0 -1775947.9985589667 1363861017.4992294 0.0 14265435.912797889 -1290939606.3205898 0.0 11963109.92282706 -76946118.4530893 0.0 9336169.481216684 -79371308.72445615 0.0 7564437.1637117015 -80680147.22991957 0.0 6410351.178401933 -81371811.45439571 0.0 5706372.326515715 -81587523.39242738 0.0 5290241.144780491 -81148473.48160766 0.0 4889534.943178288 -79504950.54523799 0.0 4051255.6465556235 -75768264.5528806 0.0 2357495.9610258583 -69277588.39946957 0.0 -1801317.403531652 1362598535.324458 0.0 18561208.02409451 -1283272766.1066132 0.0 14573988.45969414 -81175196.74222969 0.0 10595143.170176234 -82046665.60263036 0.0 8192730.015559419 -82376675.69833453 0.0 6702678.420613062 -82430966.62731197 0.0 5769122.317527678 -82230327.72710538 0.0 5144421.912284203 -81608003.32311371 0.0 4542864.720047613 -80145842.40826923 0.0 3584272.8482249943 -77042481.95750374 0.0 1984236.8318540694 -71304897.03981668 0.0 -1871385.3659613435 1361476430.7755497 0.0 19367257.409383845 -1275634856.4462416 0.0 14334916.380397912 -86794361.54420549 0.0 10274739.41010642 -85257972.50772612 0.0 7895558.150508906 -84326880.36844784 0.0 6389659.991418107 -83667708.48782267 0.0 5371194.457642451 -83058554.90525427 0.0 4595606.030659898 -82277122.94155593 0.0 3832872.4698372097 -80950991.55409053 0.0 2841847.1920710295 -78277668.16678335 0.0 1493470.7153130318 -72986501.21445434 0.0 -1935021.169433064 1360624467.6443503 0.0 14178722.52250361 -1270310171.6816027 0.0 10413171.121225365 -91260437.81649573 0.0 8272066.138416693 -87861769.56419335 0.0 6719659.269083574 -85995728.29945669 0.0 5569678.363259673 -84817484.28676227 0.0 4671966.167127396 -83925554.08252823 0.0 3894221.0418150267 -83048709.97573686 0.0 3103777.3567665904 -81813688.68466161 0.0 2183252.4913685773 -79373970.237548 0.0 1101078.934727112 -74279765.54453547 0.0 -1979268.696695921 1360005117.908228 0.0 6657045.951991317 -1267748032.7846797 0.0 5728315.146916967 -92077644.4026771 0.0 5680356.23207086 -88931846.245619 0.0 5139960.67748584 -86971415.22137503 0.0 4492826.7146512335 -85656372.7222515 0.0 3840232.9611820253 -84673247.79695946 0.0 3179752.1143526216 -83782919.60613334 0.0 2471714.522062909 -82618143.82750186 0.0 1682190.9984520732 -80293760.09797195 0.0 826651.8014318292 -75264114.39278941 0.0 -2009474.079962749 1359546783.6132383 0.0 2634604.2315174234 -1266323571.482198 0.0 2767811.5953113628 -90744450.61899154 0.0 3581047.933320413 -88815683.16465491 0.0 3666889.240194092 -87297062.56501803 0.0 3421259.738401348 -86140545.54968303 0.0 3016853.161075026 -85226551.7644304 0.0 2517691.813455571 -84394510.38897485 0.0 1941442.8597359662 -83299714.19251285 0.0 1300584.918028651 -81038070.38654035 0.0 630486.0004271466 -76019824.47246109 0.0 -2031472.1288375116 1359199552.1923225 0.0 1694323.3110669923 -1265332211.8315172 0.0 1353214.4200041876 -89336099.3105945 0.0 2209157.6546396413 -88288487.36230417 0.0 2525412.360348031 -87255837.4936426 0.0 2509071.931511227 -86358693.89677408 0.0 2290777.088239486 -85593161.24196145 0.0 1941736.7171083982 -84861295.94776535 0.0 1501004.195914868 -83841637.45541063 0.0 1000729.5168341054 -81624110.46845797 0.0 482281.9183568705 -76601651.15869129 0.0 -2048366.1346404718 1358934039.9296553 0.0 1569856.9691067927 -1264753843.47991 0.0 706550.6948199536 -88315317.25766255 0.0 1376980.1910319903 -87745397.33138494 0.0 1716658.8174330518 -87074112.47455305 0.0 1799431.5126956815 -86420763.96299896 0.0 1697829.5902811962 -85817856.19383942 0.0 1465511.2124161762 -85198266.32023576 0.0 1141638.1336579286 -84254628.24814631 0.0 762052.5557171018 -82075081.66962384 0.0 366671.28548335016 -77047017.45090537 0.0 -2061609.7447931787 1358731565.6021922 0.0 1579408.386149926 -1264434626.512962 0.0 392792.7788774405 -87625046.60247925 0.0 875572.0904670656 -87302699.79201601 0.0 1164912.693134119 -86869261.93841684 0.0 1274643.3907651044 -86407096.3672256 0.0 1237528.9283305656 -85948032.2278638 0.0 1087334.89824298 -85433407.31256229 0.0 855238.5199335767 -84560515.73340894 0.0 573170.3557154121 -82415497.97837211 0.0 275943.9867021093 -77384354.58094542 0.0 -2071977.0267081077 1358578526.6391137 0.0 1606506.7436627466 -1264253029.210258 0.0 228351.28681852433 -87160515.43917796 0.0 567616.2160033734 -86970090.13174546 0.0 792853.0872964315 -86687797.07075109 0.0 897068.5091361806 -86364372.83920789 0.0 891812.9090172403 -86020216.8575866 0.0 796148.2949194149 -85594378.58792299 0.0 632312.9734555685 -84782803.89577246 0.0 425881.2532401087 -82668438.76887052 0.0 205339.99843518855 -77636831.07152061 0.0 -2079999.0645323873 1358464123.710903 0.0 1632517.6253274132 -1264145527.8915565 0.0 136522.03444819796 -86845090.73489708 0.0 373698.2379342068 -86728322.2468026 0.0 541871.9126198372 -86542005.32549869 0.0 629242.8304686759 -86315920.09887655 0.0 637655.6631293443 -86058706.66287975 0.0 577041.0407012748 -85703551.59248425 0.0 462370.7185753001 -84942324.33884972 0.0 312965.71337180334 -82854015.76691392 0.0 151158.91316535563 -77823623.24454542 0.0 -2086115.1295943316 1358379547.9679217 0.0 1654284.484643489 -1264080046.6943445 0.0 82863.0141850327 -86628759.38961716 0.0 248789.94652560668 -86555060.01587339 0.0 371735.5401465196 -86430437.13014993 0.0 440582.886445936 -86271751.30332343 0.0 453391.5878217052 -86078369.21525864 0.0 414948.2462330011 -85777362.0883425 0.0 335041.452407365 -85055862.89648177 0.0 227790.59705109018 -82988804.36744858 0.0 110197.38357365622 -77960390.44872667 0.0 -2090710.1015846408 1358317659.4677918 0.0 1671664.944285591 -1264039488.8350813 0.0 50541.86367986602 -86479178.16069616 0.0 166868.19912619895 -86431666.19222039 0.0 255728.27858899542 -86347322.92620985 0.0 308115.2480444761 -86235148.00101638 0.0 321024.45077691483 -86087840.71180749 0.0 296532.9062861737 -85827285.6653772 0.0 240963.58540509656 -85136236.03753673 0.0 164443.95890480786 -83085921.86290446 0.0 79656.85275345959 -78059630.1231707 0.0 -2094116.9897975584 1358272779.6610808 0.0 1685235.7159111092 -1264014181.0204647 0.0 30700.784398378368 -86375133.2547507 0.0 112416.49066529171 -86344039.53763016 0.0 176216.70143070136 -86286384.21450913 0.0 215238.38111914834 -86206334.07583138 0.0 226534.64711252344 -86091964.03159882 0.0 210837.3649733413 -85861125.49208717 0.0 172225.11140374476 -85192920.4394498 0.0 117890.10534418623 -83155445.81449352 0.0 57160.341741576754 -78131085.48257588 0.0 -2096614.4692457595 1358240487.8031878 0.0 1695699.4159402377 -1263998391.2354863 0.0 18396.81433547182 -86302465.21889012 0.0 75883.02484645763 -86281903.76105057 0.0 121500.12439427273 -86242149.58000976 0.0 150169.65914949917 -86184340.914408 0.0 159388.50427587645 -86093383.73931254 0.0 149266.3099753061 -85884124.33627093 0.0 122447.00453289847 -85232788.67588918 0.0 84013.57539511342 -83204952.27904816 0.0 40758.45332219201 -78182196.86557588 0.0 -2098427.867396256 1358217409.7019265 0.0 1703704.9089031878 -1263988609.667078 0.0 10745.36312506597 -86251577.55998363 0.0 51220.66316670181 -86237885.1551043 0.0 83743.10423814756 -86210253.46240936 0.0 104611.99313876039 -86167882.78094734 0.0 111839.45454179251 -86093510.41744402 0.0 105278.63724096974 -85899793.04393 0.0 86657.82020672664 -85260766.72432336 0.0 59562.17560548091 -83240046.35796079 0.0 28902.523315438797 -78218548.7305542 0.0 -2099734.059030683 1358201013.1679108 0.0 1709797.998560122 -1263982638.7742388 0.0 6005.966651351674 -86215887.7281091 0.0 34512.60511749982 -86206726.75709113 0.0 57648.35577699363 -86187361.99872406 0.0 72739.69184785229 -86155729.4322232 0.0 78265.31328641869 -86093077.49985267 0.0 73997.76631544526 -85910486.54446286 0.0 61077.734941414354 -85280360.43121344 0.0 42032.60217277706 -83264825.80359718 0.0 20394.18880206842 -78244274.10701191 0.0 -2100668.5900010574 1358189424.3059213 0.0 1714418.5272832178 -1263979082.666563 0.0 3102.8085716927267 -86190839.91757058 0.0 23176.48076127788 -86184690.48629957 0.0 39604.35473776359 -86170990.6612252 0.0 50465.0233201796 -86146837.86513948 0.0 54620.01567590056 -86092453.64014176 0.0 51839.947023515866 -85917790.96844417 0.0 42884.90514869491 -85294054.16075215 0.0 29536.753070554343 -83282259.47022404 0.0 14325.42152851819 -78262397.41708353 0.0 -2101333.376592625 1358181272.106615 0.0 -9269.453439859059 -874960881.0048019 0.0 5604.771767437462 -86173523.97474758 0.0 19214.17619721343 -86169478.55208181 0.0 29890.169892298698 -86159452.01525523 0.0 36394.00321094446 -86138923.75643267 0.0 38060.28089714547 -86082649.82122035 0.0 34887.99835841606 -85881027.64851062 0.0 27607.875519846908 -85143562.5980349 0.0 17678.473980707426 -82788038.22538982 0.0 6959.855331758658 -77110029.31773344 0.0 0.0 1836735042.2564836 0.0 -1736416.6075767868 -1263970667.6111832 0.0 -564.3738990575079 -86161032.02239272 0.0 9473.35112223526 -86158551.88571112 0.0 17916.365096737947 -86151679.38066505 0.0 23752.201535165324 -86136535.7207579 0.0 26330.767944390584 -86092116.18150698 0.0 25447.51242512107 -85926984.68307772 0.0 21404.50081583362 -85310828.28646751 0.0 15046.946342910338 -83303271.3727621 0.0 7644.708008021943 -78283919.33991055 0.0 2103942.890391875 1358173410.759962 0.0 -1734417.4404846146 -1263971637.425533 0.0 -851.0477876875985 -86152349.72069512 0.0 6194.800361401626 -86150673.75225678 0.0 12156.856601998206 -86145574.33630294 0.0 16314.173982782742 -86132919.10726416 0.0 18196.302599744784 -86091362.7463254 0.0 17645.838844001282 -85929066.85582587 0.0 14866.50195209682 -85315266.82762693 0.0 10453.188225953572 -83309147.25515513 0.0 5307.75262696544 -78290122.34824935 0.0 2103621.9668914992 1358170085.7280786 0.0 -1732918.6683861192 -1263972534.1261299 0.0 -938.2037590756203 -86146276.22420256 0.0 4000.2783780992017 -86145132.19650811 0.0 8203.596618952144 -86141250.9491783 0.0 11159.0237198905 -86130325.9732391 0.0 12527.619612182176 -86090774.26291995 0.0 12190.561473339789 -85930472.72222668 0.0 10285.926847143613 -85318333.43745002 0.0 7232.415971885125 -83313224.10379809 0.0 3669.330738807716 -78294422.50166337 0.0 2103396.692996498 1358167781.723079 0.0 -1731796.0222677824 -1263973325.193389 0.0 -914.2257250213803 -86142034.81938069 0.0 2541.0894224313797 -86141240.48909733 0.0 5499.320091754196 -86138194.75519669 0.0 7596.258467633111 -86128471.04166465 0.0 8588.541802631607 -86090320.17714769 0.0 8387.622306426361 -85931417.7414038 0.0 7087.394331698616 -85320445.03414728 0.0 4982.429549206091 -83316042.35601495 0.0 2525.0989070783044 -78297391.02195406 0.0 2103239.1891263174 1358166192.3649106 0.0 -1730955.7959169822 -1263974001.499544 0.0 -833.5076444049681 -86139078.90245041 0.0 1579.1051718975928 -86138512.44098265 0.0 3657.1257285823435 -86136038.28645079 0.0 5142.157068813844 -86127146.88054128 0.0 5859.935819644319 -86089972.77823834 0.0 5745.06453593254 -85932049.31089818 0.0 4861.502718831104 -85321893.41627376 0.0 3416.3370894957566 -83317982.77889378 0.0 1729.093305863026 -78299431.0409025 0.0 2103129.500083296 1358165101.2353857 0.0 -1730327.4346957786 -1263974566.7838988 0.0 -728.7829641997819 -86137023.82022385 0.0 951.7981228679421 -86136604.06274192 0.0 2408.4914061462714 -86134519.57389757 0.0 3458.1996792306522 -86126203.3779202 0.0 3976.420307248832 -86089708.6489405 0.0 3915.160652852852 -85932468.31056115 0.0 3318.002166739924 -85322882.48499586 0.0 2330.3715055485577 -83319312.89782885 0.0 1177.5475004534753 -78300826.05036084 0.0 2103053.4160351167 1358164356.0698807 0.0 -1729857.880763121 -1263975031.2452157 0.0 -619.0641631529987 -86135599.01862483 0.0 548.4384555355529 -86135272.18302843 0.0 1567.2542562619658 -86133452.17825875 0.0 2307.8137587560946 -86125532.29600877 0.0 2681.3392661150133 -86089508.77154037 0.0 2652.7732054825565 -85932743.73766503 0.0 2251.7815475549714 -85323554.45135625 0.0 1580.3477748670093 -83320220.15595014 0.0 796.9985160173626 -78301774.72935677 0.0 2103000.8629733827 1358163850.1414864 0.0 -1729507.2752597937 -1263975407.7248619 0.0 -514.767615536849 -86134614.36212936 0.0 293.8069887345856 -86134345.08102037 0.0 1004.5708008756243 -86132703.62486504 0.0 1525.962282925845 -86125055.8121449 0.0 1794.7887567218008 -86089358.07472862 0.0 1785.528436602949 -85932922.70356403 0.0 1518.3292967925477 -85324008.28169762 0.0 1064.5877422361539 -83320835.51507351 0.0 535.6304393332034 -78302415.84832107 0.0 2102964.7269142265 1358163508.9157362 0.0 -1729245.7014928574 -1263975709.5130875 0.0 -421.01764669021 -86133936.38946164 0.0 137.01466589172685 -86133701.64162189 0.0 631.4740699664582 -86132179.92830807 0.0 997.7552055070804 -86124718.10118614 0.0 1190.9506595929467 -86089244.80376607 0.0 1192.5280088402815 -85933037.28943317 0.0 1016.1229900239131 -85324312.67266427 0.0 711.6180872817837 -83321250.20389423 0.0 357.0222145140995 -78302846.00036521 0.0 2102940.00220697 1358163280.5323524 0.0 -1729050.7225231186 -1263975949.162366 0.0 -339.7663346227268 -86133471.55964395 0.0 43.8143712963487 -86133256.56231914 0.0 386.7099847531143 -86131814.51171176 0.0 643.4094164623563 -86124479.19518173 0.0 782.0499548450958 -86089159.88942328 0.0 789.2005912597939 -85933109.2607877 0.0 674.0453182246708 -85324515.17055766 0.0 471.3540741044201 -83321527.57159355 0.0 235.65922935224143 -78303132.1785643 0.0 2102923.1787524982 1358163129.04569 0.0 -1728905.5228729206 -1263976137.915105 0.0 -271.1413722982011 -86133154.42700763 0.0 -8.688285312471198 -86132949.85885935 0.0 228.25311318536606 -86131560.28714786 0.0 407.67913029094564 -86124310.52740842 0.0 507.0180253372451 -86089096.38741192 0.0 516.5506963847068 -85933153.31420507 0.0 442.4240613877775 -85324648.57378036 0.0 308.8088968365353 -83321711.45662558 0.0 153.72684191870985 -78303320.66770114 0.0 2102911.8034855807 1358163029.6423635 0.0 -1728797.507933197 -1263976285.4962635 0.0 -214.2911276817323 -86132939.29625785 0.0 -35.67131146291893 -86132739.42514922 0.0 127.39135729629074 -86131384.00446281 0.0 252.43485064307865 -86124191.71126151 0.0 323.49476935962844 -86089049.00964959 0.0 333.54667089064793 -85933179.31416124 0.0 286.67201039376016 -85324735.421587 0.0 199.62168018519887 -83321832.08112203 0.0 98.82923129407861 -78303443.31124441 0.0 2102904.1679354054 1358162965.2693846 0.0 -1728717.249890038 -1263976400.1135175 0.0 -167.90357887211044 -86132794.33660991 0.0 -47.092447942909935 -86132595.76271439 0.0 64.605910622659 -86131262.224747 0.0 151.45948556102792 -86124108.2187145 0.0 202.19588597475058 -86089013.74576268 0.0 211.74346842229093 -85933193.83331762 0.0 182.78503709896674 -85324791.13604878 0.0 126.8884848791281 -83321910.19251987 0.0 62.372292880382005 -78303521.91544873 0.0 2102899.086489008 1358162924.2643905 0.0 -1728657.6948318789 -1263976488.5673463 0.0 -130.51522112886119 -86132697.43361384 0.0 -49.398245276428646 -86132498.25062397 0.0 26.706118206183124 -86131178.45532249 0.0 86.80502134064838 -86124049.71119791 0.0 122.95320777951271 -86088987.56406341 0.0 131.49240246593828 -85933201.21156114 0.0 114.16367656985923 -85324826.21710703 0.0 78.92340920060482 -83321959.96668202 0.0 38.42093165425754 -78303571.33534744 0.0 2102895.7395471726 1358162898.6953275 0.0 -1728613.567039778 -1263976556.4111378 0.0 -100.6861350437006 -86132633.26909703 0.0 -46.690351525942496 -86132432.50865762 0.0 4.840974950375887 -86131121.11401345 0.0 46.246382842461294 -86124008.84192267 0.0 71.93664952615899 -86088968.17875312 0.0 79.27554829100642 -85933204.28266385 0.0 69.37462520780309 -85324847.77270187 0.0 47.680949245890005 -83321991.03756632 0.0 22.894021289629702 -78303601.63086483 0.0 2102893.562926205 1358162883.2009006 0.0 -1728580.9215989271 -1263976608.1262238 0.0 -77.09132282398743 -86132591.26819728 0.0 -41.517890961386094 -86132388.53569268 0.0 -6.877501454370479 -86131082.08462885 0.0 21.505938475703083 -86123980.39796348 0.0 39.70933848478977 -86088953.87043859 0.0 45.83521966496848 -85933204.87124957 0.0 40.578215781492766 -85324860.582829 0.0 27.647520431669566 -83322009.91251601 0.0 12.998835731710901 -78303619.56853174 0.0 2102892.1700793845 1358162874.1833854 0.0 -1728556.808297974 -1263976647.2919807 0.0 -58.560514216621755 -86132564.15846975 0.0 -35.41285287481285 -86132359.39737685 0.0 -12.324302474657697 -86131055.69357282 0.0 7.018457810084029 -86123960.68667519 0.0 19.869273561821263 -86088943.34882213 0.0 24.864620200593013 -85933204.13154486 0.0 22.426337723930686 -85324867.83725233 0.0 15.06451291530929 -83322020.95612451 0.0 6.834903023722731 -78303629.66415606 0.0 2102891.2976131835 1358162869.2485375 0.0 -1728539.0194843528 -1263976676.7406108 0.0 -44.08767990271253 -86132546.96056236 0.0 -29.24954151113829 -86132340.30259871 0.0 -14.014915060418115 -86131037.98588867 0.0 -0.9256578286488857 -86123947.0976327 0.0 8.102839067578318 -86088935.64820553 0.0 12.093396337627112 -85933202.77708785 0.0 11.292169195236173 -85324871.64550744 0.0 7.38521537681421 -83322027.07207346 0.0 3.117197838508052 -78303634.90407741 0.0 2102890.7671472104 1358162866.8185446 0.0 -1728525.9003487148 -1263976698.69231 0.0 -32.82330919268334 -86132536.28272048 0.0 -23.48367516837253 -86132327.95500255 0.0 -13.55290335557585 -86131026.21419135 0.0 -4.7729466504107885 -86123937.79039717 0.0 1.5272758589047923 -86088930.04847862 0.0 4.650760718780232 -85933201.23569773 0.0 4.733110406639972 -85324873.38797869 0.0 2.8963946191390586 -83322030.1738926 0.0 0.9834697486618391 -78303637.24218178 0.0 2102890.4587674835 1358162865.8655748 0.0 -1728516.2061359447 -1263976714.869667 0.0 -24.057773778835948 -86132529.82936817 0.0 -18.30995926898456 -86132320.09885281 0.0 -11.93498322864374 -86131018.47893901 0.0 -6.115470185875896 -86123931.47251728 0.0 -1.765207818561917 -86088926.01546498 0.0 0.6229836163905649 -85933199.7533445 0.0 1.1172643403212235 -85324873.95659405 0.0 0.4550593265851465 -83322031.50855339 0.0 -0.1396487880915779 -78303637.94085474 0.0 2102890.2925800723 1358162865.729142 0.0 -1728508.9942539525 -1263976726.5920393 0.0 -17.20077447096508 -86132526.0601851 0.0 -13.764380907018984 -86132315.20234475 0.0 -9.758108319259945 -86131013.47598653 0.0 -5.971490358312928 -86123927.24242444 0.0 -3.0225184013446182 -86088923.15638058 0.0 -1.25364346623546 -85933198.46305972 0.0 -0.6359412453359362 -85324873.91891819 0.0 -0.6941748261451725 -83322031.87774484 0.0 -0.6294684737096606 -78303637.80343151 0.0 2102890.2158985417 1358162865.9917443 0.0 -1728503.5420982381 -1263976734.8516536 0.0 -11.759790146972788 -86132523.95516273 0.0 -9.789516475217887 -86132312.23826286 0.0 -7.359220396893475 -86131010.32083045 0.0 -4.97828501425693 -86123924.47867516 0.0 -3.0505007966499744 -86088921.1867924 0.0 -1.8055255675340889 -85933197.43039198 0.0 -1.2356873366804895 -85324873.62909895 0.0 -1.045764204072927 -83322031.78790508 0.0 -0.7314399638117103 -78303637.33151472 0.0 2102890.1943934723 1358162866.3947659 0.0 -1728499.2836898298 -1263976740.3734748 0.0 -7.318864464759831 -86132522.85478887 0.0 -6.275382386065879 -86132310.53378029 0.0 -4.909471611181896 -86131008.42753252 0.0 -3.5244455138842286 -86123922.76312591 0.0 -2.36386271954986 -86088919.90648454 0.0 -1.5699008138987036 -85933196.68261716 0.0 -1.1450869739055638 -85324873.30188563 0.0 -0.9212415894905608 -83322031.55083871 0.0 -0.6037376701007662 -78303636.83003984 0.0 2102890.2059643418 1358162866.7822115 0.0 -1728495.759723962 -1263976743.6607258 0.0 -3.5185622175534585 -86132522.35379347 0.0 -3.0841976751883835 -86132309.67018837 0.0 -2.477932638344428 -86131007.42741254 0.0 -1.8418285200993232 -86123921.82865135 0.0 -1.2920124381780629 -86088919.18227576 0.0 -0.8990077010803034 -85933196.22729337 0.0 -0.6696160914287961 -85324873.06079526 0.0 -0.5313176562388741 -83322031.34941024 0.0 -0.3484856316616513 -78303636.47593465 0.0 2102890.2364730258 1358162867.0638373 0.0 -336797887.8777445 -1433720597.058381 0.0 -9.598115771637415 -86132526.13723876 0.0 -54.51235207381448 -86132335.86252683 0.0 -320.41725313307535 -86131166.65198661 0.0 -1706.2932311541085 -86124774.15716973 0.0 -8296.119345128156 -86093066.62728271 0.0 -36197.32251009977 -85951294.46634643 0.0 -137610.13840054095 -85393677.84574763 0.0 -434631.007586098 -83539346.62407522 0.0 -999196.6116664457 -78803234.54522115 0.0 -411290351.2109637 1159064604.5642552 0.0
    </DataArray>
    <DataArray type="Float32" Name="Electron Current Density [Am^-2]" NumberOfComponents="3" format="ascii">
-0.00015670267519659383 -199064.80441783284 0.0 30.959035425413177 -199231.4167625014 0.0 194.41822791319314 -200019.05351821458 0.0 268.3015433120748 -201105.74338375588 0.0 251.15657827725275 -202247.1280792819 0.0 164.82169689732405 -203242.18499978562 0.0 50.47874498180614 -203985.10202971066 0.0 -70.68709769211941 -204460.9954490031 0.0 -226.56476796340834 -204633.5117528283 0.0 -6527.260988832423 -222607.95891861428 0.0 -358.1790735186573 -246347.29829799567 0.0 64.09750636223188 -198399.41316226035 0.0 419.71502257588173 -198388.77115707367 0.0 830.4102288427192 -199239.7997836266 0.0 974.7627836163887 -200333.86497133455 0.0 880.6558081247064 -201414.80423181437 0.0 626.3650628335071 -202301.8299962691 0.0 328.3202690306405 -202915.22024665884 0.0 22.047124421949423 -203258.18200441633 0.0 -391.1391605699633 -203299.0248546588 0.0 -970.4448350742291 -224133.44618784272 0.0 -667.0209433725053 -243958.9679453484 0.0 201.73087877867803 -196199.87618947387 0.0 1013.7954448313179 -195864.78451304964 0.0 1744.466849709558 -196748.52505865745 0.0 1886.7493705286663 -197714.39530950476 0.0 1585.434388815918 -198517.93312992278 0.0 1033.6455555949046 -199061.54798490755 0.0 445.919449113707 -199337.87597892957 0.0 -145.27757461920072 -199380.78834620139 0.0 -962.7151990913094 -199157.2189763828 0.0 -2107.607764738466 -219602.26854606805 0.0 -1276.2824599081925 -238131.68369583687 0.0 372.8529816955619 -192041.93343227793 0.0 1616.873448129055 -191226.3520879649 0.0 2384.2175103611903 -191893.06808825638 0.0 2232.6351497640135 -192282.20008336735 0.0 1580.7622154533751 -192321.9946996658 0.0 752.9978331119008 -192130.28065250802 0.0 -16.647185393754622 -191836.73911792666 0.0 -782.2717657586329 -191491.07468279367 0.0 -1944.7603774541687 -190998.1511287064 0.0 -3676.8121173478226 -210920.72963529787 0.0 -2097.389323698327 -227654.81986519595 0.0 617.0335771167861 -184997.71144445208 0.0 1668.490216254457 -182986.32920383711 0.0 1858.5199129441269 -182531.98349832956 0.0 1143.4575354472715 -181447.2000166957 0.0 231.91484168946658 -180098.8709905468 0.0 -531.8990419398566 -178914.33472009384 0.0 -1082.5939010103268 -178150.46078165868 0.0 -1725.4469073641333 -177733.5511357042 0.0 -3168.742553423344 -177287.977627326 0.0 -5713.108031037388 -196631.08162987223 0.0 -3262.947846166795 -210777.67634449273 0.0 986.3947993144318 -171396.9915519957 0.0 -781.864722428533 -166066.91859001087 0.0 -1281.5249644244163 -163456.40439609243 0.0 -2090.0951104366295 -160497.78773537636 0.0 -2541.707864916903 -157899.59358806408 0.0 -2407.62017690707 -156260.05376194758 0.0 -2039.6286418372854 -155834.63771726598 0.0 -2302.3697528636453 -156102.47985062085 0.0 -4426.362773714897 -155967.8562365807 0.0 -8638.82457933983 -174171.67196609548 0.0 -5374.121787017634 -183881.50881848493 0.0 1375.4448294556819 -139216.12314077173 0.0 -4359.912357905798 -131586.03424660335 0.0 -5309.003372771407 -128704.80304318262 0.0 -5693.6539126874695 -125797.74999728966 0.0 -5174.669445000047 -123410.29232938423 0.0 -3637.0235719781526 -121863.51624995335 0.0 -1930.3178640984447 -121293.55282289821 0.0 -1706.5797055913583 -121125.13756844892 0.0 -4640.567466217127 -120388.8735719279 0.0 -10376.66896878829 -137297.80070991127 0.0 -6242.088844311376 -144711.22745462696 0.0 1354.730547368188 -91105.18638609487 0.0 -5476.315781576028 -85121.83012690228 0.0 -6749.923638826188 -84456.32026127072 0.0 -7006.002449944298 -83790.49472748747 0.0 -6257.746032745857 -83147.48854201907 0.0 -4387.87084641051 -82391.08740449423 0.0 -2233.6123025757156 -81480.39792731438 0.0 -1723.0478346485718 -80305.45112014985 0.0 -4328.057588680246 -79107.07822592714 0.0 -9078.835279099496 -95367.8454589233 0.0 -4777.716773730329 -104129.48586782135 0.0 899.0693922401924 -48239.060561857164 0.0 -4112.404728496652 -45286.967965851836 0.0 -5314.708437712719 -46427.36984511309 0.0 -5736.360403758782 -47714.98830427819 0.0 -5508.0090430417085 -48810.469038480725 0.0 -4537.37928199819 -49426.19411326018 0.0 -3210.4563348002202 -49357.125756063 0.0 -2754.5551835446145 -48772.82121743626 0.0 -4071.8347620049294 -48422.869401002084 0.0 -6498.1518229195035 -64066.97501821142 0.0 -3039.7416502965793 -74335.99604702387 0.0 432.5254652196355 -22211.09819210037 0.0 -2087.0391447001125 -21402.10820635371 0.0 -2903.540019834736 -22890.441630353725 0.0 -3398.187443713856 -24628.65949599242 0.0 -3580.1007633244635 -26315.451383508407 0.0 -3441.517663516913 -27690.65569823588 0.0 -3048.7933065581033 -28569.64934726776 0.0 -2840.2273742475127 -29039.45812885152 0.0 -3263.0723329177586 -29578.701785825273 0.0 -4262.664689711465 -44437.7494391178 0.0 -1869.0145897923892 -55561.98645749508 0.0 182.32810538859528 -10995.13588745979 0.0 -629.4042695050798 -10980.226823177716 0.0 -1066.0541389286245 -11967.799814052172 0.0 -1445.7672556858518 -13184.04936329019 0.0 -1735.1378638583112 -14471.90574822683 0.0 -1912.1312754418796 -15694.533546909535 0.0 -1958.8797504290567 -16729.501707716467 0.0 -1962.5577325463692 -17549.28289685376 0.0 -2129.8681093630908 -18331.868888754652 0.0 -2613.697754382354 -32469.4090337783 0.0 -1108.1586493109335 -44150.284535066865 0.0 84.49500241437906 -7724.722112375853 0.0 -5.097509176840537 -7734.9266519739 0.0 -167.97521954639336 -8125.309862326022 0.0 -379.40538799094173 -8680.256429260933 0.0 -596.5575520478186 -9346.29249678554 0.0 -791.8829888802081 -10064.748976817184 0.0 -938.5366973975937 -10767.533858074843 0.0 -1031.225355493888 -11402.535352515253 0.0 -1158.5706871916461 -12017.310743272947 0.0 -1461.8786474675258 -25510.82666749457 0.0 -610.4877811796015 -37524.27622689679 0.0 40.978425554895644 -7050.1967772010485 0.0 132.81553402516602 -7000.608258681725 0.0 117.33922504263471 -7073.781239166512 0.0 36.31040211720301 -7237.008345269999 0.0 -79.14755950897451 -7485.259009032262 0.0 -208.84224724954552 -7800.342818851821 0.0 -332.7088588230465 -8151.918689076642 0.0 -430.81682726656874 -8504.348195077204 0.0 -533.2109889363678 -8867.098833962742 0.0 -738.6247919315839 -21823.078242789903 0.0 -312.0663781940326 -33969.4738260609 0.0 20.269755870096386 -6927.715415622958 0.0 117.78338823082653 -6879.924232889042 0.0 154.48151434750585 -6858.26711011244 0.0 142.17861842474304 -6869.706686025945 0.0 95.58325572324095 -6925.61573780943 0.0 25.974242134522683 -7026.26800097862 0.0 -54.99439448829918 -7162.698245470255 0.0 -129.98229050518398 -7318.103393704906 0.0 -202.4923821529747 -7494.022450651511 0.0 -340.43832589427126 -20058.47527633891 0.0 -152.07156186850764 -32213.47630253272 0.0 10.598438576475326 -6915.070107848679 0.0 82.30142888944123 -6884.227352316991 0.0 125.5853812646691 -6850.478225925158 0.0 138.97696324155478 -6822.092277239662 0.0 126.70505881673238 -6811.046297223257 0.0 93.5672763237231 -6823.083884065791 0.0 45.17945402988666 -6858.493655139326 0.0 -5.949209425595143 -6911.62607904342 0.0 -53.46514043144037 -6983.374036083707 0.0 -146.75730698027465 -19291.781545372487 0.0 -73.95926142634778 -31401.508119137005 0.0 5.9021270389278815 -6927.789454539469 0.0 55.03065743640943 -6909.711368971107 0.0 90.82358891826213 -6882.997250193742 0.0 109.5598087496628 -6852.2580218672665 0.0 110.97931430613454 -6825.88487058286 0.0 96.33684625831332 -6809.627730199328 0.0 67.80263918023137 -6806.591736870421 0.0 33.97252018477079 -6816.095345486405 0.0 3.3770089287272147 -6839.547182753812 0.0 -62.50917631102127 -18989.03947624579 0.0 -38.1129306859889 -31040.88255284721 0.0 3.4558208717326138 -6946.030855606603 0.0 36.94596227118778 -6935.494777354959 0.0 63.57904229585986 -6916.92497264391 0.0 80.44481352815004 -6892.62005398137 0.0 85.96117260972223 -6867.76950192486 0.0 79.83661181535204 -6846.745353353192 0.0 62.55758752028982 -6832.873081027802 0.0 39.99479942276505 -6827.203080361389 0.0 19.875002586916718 -6831.614145081454 0.0 -29.645160275022928 -18882.832514349197 0.0 -22.004641977868513 -30882.02177518693 0.0 2.0936587004314795 -6963.8343781739995 0.0 25.14045535096366 -6957.575939634154 0.0 44.25250661655262 -6945.017979823685 0.0 57.581532114464544 -6927.416362430634 0.0 63.44787632737118 -6907.899094765212 0.0 61.047280162592244 -6889.521023728861 0.0 50.15518306530518 -6875.055609395742 0.0 34.807774519908484 -6865.922673561032 0.0 21.091288373300813 -6864.312266082944 0.0 -18.32833530519443 -18853.10672960884 0.0 -14.525813437545809 -30810.102754942916 0.0 1.2952618973608976 -6979.344129400144 0.0 17.317518972498178 -6975.552305786864 0.0 30.870329051121434 -6967.043982414028 0.0 40.86527646492928 -6954.636540275745 0.0 45.88650331080489 -6940.24503990231 0.0 45.06694307144814 -6925.958096248704 0.0 37.944766663980445 -6913.900693134162 0.0 27.31615836453936 -6905.38401819518 0.0 17.63760376847364 -6902.796189289385 0.0 -15.05200399908183 -18850.468250452646 0.0 -10.713473594119481 -30775.648597823314 0.0 0.8101950259298977 -6992.1812036937745 0.0 12.037026840181783 -6989.852923071231 0.0 21.616060372924956 -6984.036153987783 0.0 28.93410892631983 -6975.345328490838 0.0 32.89146718095892 -6964.986213932794 0.0 32.72394593817202 -6954.387539011801 0.0 27.94186726058321 -6945.122412399341 0.0 20.49222412555174 -6938.269427207686 0.0 13.480186968778987 -6936.342505446905 0.0 -14.318749232266358 -18856.0681810245 0.0 -8.489578283052015 -30758.033373123588 0.0 0.5084340079287359 -7002.514775902933 0.0 8.418619010615872 -7001.077092645611 0.0 15.185416951447522 -6997.064615372849 0.0 20.480142604084246 -6990.974266191584 0.0 23.47934445063605 -6983.586023908046 0.0 23.564254172206642 -6975.883486805173 0.0 20.299156976639086 -6969.0131230722045 0.0 15.043023255905823 -6963.821258766851 0.0 9.86552060186447 -6962.901070723801 0.0 -14.123380511119944 -18863.24233537657 0.0 -7.009981327073995 -30748.60091879284 0.0 0.3179711631955009 -7010.693600113028 0.0 5.911911521423678 -7009.8076755619695 0.0 10.692685913577662 -7007.020253539407 0.0 14.498407964851742 -7002.743011088321 0.0 16.723941863310365 -6997.491600527982 0.0 16.89007525307468 -6991.947516624996 0.0 14.63873531822415 -6986.939425539526 0.0 10.91890198842278 -6983.11782935113 0.0 7.040218000195547 -6983.125228710293 0.0 -13.843144307381097 -18869.873206623244 0.0 -5.9267123318261845 -30743.516116622046 0.0 0.19685876932053367 -7017.095150301118 0.0 4.16217350493086 -7016.554697851782 0.0 7.540047004513025 -7014.608600528953 0.0 10.264359333970791 -7011.598386374034 0.0 11.895111092539695 -7007.870596049498 0.0 12.070818563578545 -7003.899738136522 0.0 10.509914059025895 -7000.281740348278 0.0 7.874452439730102 -6997.512814669021 0.0 4.931943641454384 -6998.265969055398 0.0 -13.351370150590995 -18875.436857482386 0.0 -5.085495899184663 -30740.90903154786 0.0 0.11971220034301955 -7022.066485912252 0.0 2.9345839146213364 -7021.7432137321175 0.0 5.32077920125357 -7020.380024715651 0.0 7.265395575937221 -7018.258269045244 0.0 8.450583108779547 -7015.613683198406 0.0 8.608209062469841 -7012.777794371142 0.0 7.522821412082214 -7010.177670443007 0.0 5.655302213523619 -7008.192046075835 0.0 3.3953603533139662 -7009.512936555637 0.0 -12.675942744841443 -18879.92697668074 0.0 -4.408712584595283 -30739.764112208508 0.0 0.07073697580173262 -7025.904814407914 0.0 2.0704508898775855 -7025.717793715961 0.0 3.755290688560567 -7024.761043293748 0.0 5.140261739250793 -7023.264169454602 0.0 5.996732586025765 -7021.388994654591 0.0 6.128047671292082 -7019.367671788659 0.0 5.372280675622881 -7017.50548673379 0.0 4.049155698052648 -7016.093511890415 0.0 2.291188622044414 -7017.835900303365 0.0 -11.878472297527567 -18883.48262598446 0.0 -3.851363312778177 -30739.481125428476 0.0 0.07080568488481735 -7028.808758138705 0.0 1.306438389966692 -7028.57238686592 0.0 2.4391610702292987 -7027.906061670893 0.0 3.3294985262828067 -7026.851541710465 0.0 3.8157012837720403 -7025.516466518004 0.0 3.773284961152664 -7024.061981473718 0.0 3.1022375607781214 -7022.697198378322 0.0 2.0847865115791464 -7021.691332355469 0.0 0.3872753098811093 -7024.768718571366 0.0 -15.471515816125853 -22839.32339538107 0.0 0.0 -30746.457058208434 0.0 0.009186674423835943 -7031.054693220722 0.0 1.0628136359813052 -7030.740899769731 0.0 1.9119917415961638 -7030.2853769656895 0.0 2.630099885479771 -7029.551848431072 0.0 3.099440699408662 -7028.6112533260575 0.0 3.2127887953662753 -7027.5731767516045 0.0 2.878264336779683 -7026.574564034092 0.0 2.2318042685298387 -7025.830863993249 0.0 1.142938135353689 -7028.291306915606 0.0 -9.675826247655213 -18888.385759299057 0.0 -3.384548250659371 -30752.896772669923 0.0 0.002392048024816995 -7032.81679804273 0.0 0.7532945067973085 -7032.579705652408 0.0 1.3509291836235633 -7032.259583924516 0.0 1.8594889638188756 -7031.742006054761 0.0 2.195013886232204 -7031.076510765315 0.0 2.2803317026225276 -7030.340063493514 0.0 2.0483110973303447 -7029.630153039618 0.0 1.5906357356191922 -7029.118643014481 0.0 0.7110998669211414 -7031.724242685321 0.0 -8.880253433731312 -18890.115891402424 0.0 -2.987385447776704 -30751.996899960563 0.0 -0.0013750649321082168 -7034.151906405528 0.0 0.5335110328867457 -7033.973142392164 0.0 0.9535161602619455 -7033.7484588766265 0.0 1.3131037380196298 -7033.383529655102 0.0 1.5524577757700424 -7032.913151441034 0.0 1.6162043802190353 -7032.391378095608 0.0 1.4555004446001467 -7031.887630095616 0.0 1.1312584700545762 -7031.5424021868175 0.0 0.4112843042012173 -7034.249627730583 0.0 -8.100821534533068 -18891.431775608908 0.0 -2.6457180548574795 -30751.323597892326 0.0 -0.0032662308088358895 -7035.1616166227695 0.0 0.3774810520530332 -7035.027135629127 0.0 0.6721624284094834 -7034.8697402059815 0.0 0.9259966193485523 -7034.612703383268 0.0 1.0964202220827801 -7034.2806278539465 0.0 1.1437976522632927 -7033.911456519791 0.0 1.0326967093387787 -7033.554669585384 0.0 0.8027142296490032 -7033.328242580922 0.0 0.20592226621656126 -7036.105817930479 0.0 -7.353761592870185 -18892.424676949915 0.0 -2.3488174774888635 -30750.789900071843 0.0 -0.004025438160766911 -7035.923900225108 0.0 0.26676494204669643 -7035.822987009717 0.0 0.4731251940788093 -7035.713022373422 0.0 0.6519948080164494 -7035.532210147544 0.0 0.7731226545987137 -7035.298087327886 0.0 0.8081964368176108 -7035.037262358781 0.0 0.7315642227877533 -7034.78506768025 0.0 0.5681389410419799 -7034.643340679989 0.0 0.06777183706621784 -7037.4689402552385 0.0 -6.6487877212137105 -18893.167392018822 0.0 -2.0886456946077487 -30750.342008231324 0.0 -0.0041286162705686065 -7036.498410144773 0.0 0.18825821895825368 -7036.422905157665 0.0 0.3324580666576368 -7036.346353881889 0.0 0.45826633400074046 -7036.2193537290605 0.0 0.5442081365029787 -7036.054538444299 0.0 0.5700955867666079 -7035.870542625356 0.0 0.5173808884150097 -7035.692673543975 0.0 0.4009405488529537 -7035.611215484307 0.0 -0.022829315499317708 -7038.46900218493 0.0 -5.990984933027086 -18893.717481160907 0.0 -1.8591096451877105 -30749.947542917736 0.0 -0.0038758253053996655 -7036.930667125123 0.0 0.1326407209712436 -7036.8743673908575 0.0 0.23315991096214364 -7036.821332825901 0.0 0.32146785294064745 -7036.732284841495 0.0 0.38233834678837786 -7036.616453663841 0.0 0.4013996633276235 -7036.486866799566 0.0 0.3652494042381419 -7036.361736833873 0.0 0.2819789832523631 -7036.323080756886 0.0 -0.08001801041055491 -7039.201894884899 0.0 -5.382226230088112 -18894.120218308206 0.0 -1.6554730514441873 -30749.58778955125 0.0 -0.0034523414010040037 -7037.2553319292965 0.0 0.09328154186368925 -7037.213529146998 0.0 0.16316012036449504 -7037.1770258474735 0.0 0.22500812422670916 -7037.1147121867725 0.0 0.2680434444946515 -7037.033457071253 0.0 0.2820501742557348 -7036.942348417058 0.0 0.25734497101685855 -7036.854584697346 0.0 0.1975026111728464 -7036.846265633239 0.0 -0.11391933114945142 -7039.7383024145975 0.0 -4.822216302809559 -18894.410947557823 0.0 -1.4740137583051367 -30749.252452373825 0.0 -0.00296914152142148 -7037.498746177186 0.0 0.06546307105751721 -7037.467871660933 0.0 0.11389100313469198 -7037.442972018441 0.0 0.15710137364030197 -7037.3994639553985 0.0 0.18746915402334718 -7037.34258000663 0.0 0.19774295787071125 -7037.27864323921 0.0 0.18092376364867382 -7037.217313389293 0.0 0.13764639620880834 -7037.230451152259 0.0 -0.13175645876193212 -7040.1303018802155 0.0 -4.309237232582839 -18894.617154413816 0.0 -1.3117166830081268 -30748.936307345015 0.0 -0.0024896784368279024 -7037.680895233684 0.0 0.045829790513811725 -7037.658247701998 0.0 0.07927431724549679 -7037.641478861732 0.0 0.10938140182839608 -7037.61117773108 0.0 0.13076619984392363 -7037.571444811501 0.0 0.1382888464772142 -7037.526665525848 0.0 0.1268861015773174 -7037.484005781855 0.0 0.09534310426512144 -7037.512284455824 0.0 -0.13865920807430138 -7040.416244642596 0.0 -3.840684319961716 -18894.76006798824 0.0 -1.166112597274969 -30748.637005019507 0.0 -0.0020475090147159414 -7037.8169186091745 0.0 0.031996124069337405 -7037.800455969002 0.0 0.05500097952131966 -7037.7893731868 0.0 0.07591451504261691 -7037.768330197788 0.0 0.09093954084740598 -7037.740646124833 0.0 0.096438027728643 -7037.709350762937 0.0 0.0887421669204259 -7037.679855261408 0.0 0.06553625858244537 -7037.71879016426 0.0 -0.13825138262620376 -7040.624360567262 0.0 -3.4134375479062347 -18894.856021547912 0.0 -1.035121478792917 -30748.35371757137 0.0 -0.0016578185498615054 -7037.918268431423 0.0 0.02226715797466266 -7037.906448830298 0.0 0.03801882084674921 -7037.8993335074765 0.0 0.052496440349775436 -7037.884767280377 0.0 0.06302660134891391 -7037.865531409859 0.0 0.06703801410276357 -7037.843709105363 0.0 0.061868870366846414 -7037.82347878934 0.0 0.044612452611285026 -7037.869890942249 0.0 -0.13307572625156663 -7040.775421135638 0.0 -3.024116154918467 -18894.917504334342 0.0 -0.9169719486621041 -30748.08630953214 0.0 -0.0013248811351472592 -7037.993595498942 0.0 0.015439627985088793 -7037.9852562353835 0.0 0.026168194738687714 -7037.980902212606 0.0 0.036151601692315315 -7037.970856649055 0.0 0.04351081409774832 -7037.957531768123 0.0 0.04643123103696222 -7037.942351275543 0.0 0.042976728792164555 -7037.928629056321 0.0 0.029992676073343827 -7037.980269096056 0.0 -0.12490129476000789 -7040.884700792287 0.0 -2.669255189966438 -18894.95403936645 0.0 -0.8101183523423067 -30747.834884355216 0.0 -0.0010468191182156682 -7038.049425572238 0.0 0.010660108260708519 -7038.043690963685 0.0 0.0179227983821213 -7038.041253290671 0.0 0.02477665217308338 -7038.034355053609 0.0 0.029903399255393516 -7038.025156220141 0.0 0.03202449041063476 -7038.01462214731 0.0 0.029727910912437094 -7038.005461462861 0.0 0.01983850515262021 -7038.060740855683 0.0 -0.11494456844286097 -7040.963427440223 0.0 -2.3454197253541698 -18894.97283033244 0.0 -0.7132084491545364 -30747.599505597147 0.0 -0.000818587595781978 -7038.090674228541 0.0 0.007323907745255084 -7038.086885681036 0.0 0.012205344633912322 -7038.085773697608 0.0 0.016886810695505645 -7038.081060436631 0.0 0.02044532488495559 -7038.074734172729 0.0 0.021981604514318565 -7038.067442599771 0.0 0.020462910064191982 -7038.061471373358 0.0 0.012841169246755234 -7038.119270643863 0.0 -0.10402900901893498 -7041.019847172373 0.0 -2.049270140312215 -18894.97930772942 0.0 -0.6250342218554583 -30747.380077699174 0.0 -0.0006337885078350948 -7038.121038322197 0.0 0.0050030812412607565 -7038.118701278791 0.0 0.008256572361849273 -7038.118503045933 0.0 0.011435484528580878 -7038.115301806195 0.0 0.013895093069374993 -7038.110969543448 0.0 0.015004131268227767 -7038.105934465362 0.0 0.014005151326965054 -7038.102187194447 0.0 0.008070277688991363 -7038.161719233952 0.0 -0.09269895082910772 -7041.0600106316815 0.0 -1.7776071979692782 -18894.97754160713 0.0 -0.5445092765664421 -30747.17631200691 0.0 -0.0004857346772554058 -7038.143292788666 0.0 0.0033951143832382535 -7038.142036595318 0.0 0.005542170938279532 -7038.142465559145 0.0 0.00768608051203046 -7038.140306807588 0.0 0.009377746772770484 -7038.137353988733 0.0 0.010175118910192914 -7038.133884183906 0.0 0.009521446892340723 -7038.131682622682 0.0 0.004865394003900294 -7038.192395355465 0.0 -0.08130155066945603 -7041.088353089109 0.0 -1.5273886192415091 -18894.970556450047 0.0 -0.47065108449742266 -30746.987715437368 0.0 -0.00036803122776790594 -7038.159515314335 0.0 0.0022864122126217516 -7038.159062897847 0.0 0.0036867054680745554 -7038.159920268784 0.0 0.005120967038019961 -7038.158477149666 0.0 0.006277517143644221 -7038.156474745994 0.0 0.006847822172555124 -7038.154086490141 0.0 0.006422398550706581 -7038.152954936008 0.0 0.002758440311524236 -7038.214462101812 0.0 -0.07004537040878256 -7041.108117961539 0.0 -1.2957343181461531 -18894.960592281222 0.0 -0.4025577822125345 -30746.813625773357 0.0 -0.00027485480287895456 -7038.171255924782 0.0 0.0015263022625193546 -7038.171400928594 0.0 0.0024267302527980336 -7038.172549161732 0.0 0.0033768502475388495 -7038.171594596922 0.0 0.004161532975686755 -7038.170243592172 0.0 0.004566505380438588 -7038.168598822838 0.0 0.004291359213700367 -7038.16820399512 0.0 0.0014181182900094666 -7038.230235950635 0.0 -0.05904168703446549 -7041.1216713356425 0.0 -1.0799187160229875 -18894.949286568975 0.0 -0.33940174527733785 -30746.653236072794 0.0 -0.0002010485443464305 -7038.179664406752 0.0 0.0010085096525169022 -7038.180254029249 0.0 0.0015774949395204797 -7038.18159814476 0.0 0.002198902959814102 -7038.180974556724 0.0 0.0027255970298938354 -7038.1800666679 0.0 0.003010049341441026 -7038.178929164039 0.0 0.002833750082312341 -7038.179037537849 0.0 0.000610149220544069 -7038.241406234182 0.0 -0.04833444176737115 -7041.130729572535 0.0 -0.8773644812300537 -18894.93783723775 0.0 -0.2804092138349925 -30746.50564560359 0.0 -0.00014210729470095617 -7038.185585598928 0.0 0.0006579743624873424 -7038.186507751389 0.0 0.0010093091311015696 -7038.187982142485 0.0 0.001408165128329739 -7038.18758003267 0.0 0.001755627413028076 -7038.186969888876 0.0 0.0019517782657203504 -7038.186174155744 0.0 0.001840844115013426 -7038.186621613701 0.0 0.00016873290258470633 -7038.249195694132 0.0 -0.037920658732825074 -7041.136528431209 0.0 -0.6856203194700073 -18894.927082805763 0.0 -0.2248660704637588 -30746.369851948017 0.0 -9.410207941572695e-05 -7038.189629859819 0.0 0.00042139197055273954 -7038.190803637936 0.0 0.0006306844656385055 -7038.1923627328015 0.0 0.0008783042277117568 -7038.1921054639215 0.0 0.0011001086281559568 -7038.1916907806935 0.0 0.001230716636892396 -7038.191119856225 0.0 0.0011638098495440278 -7038.191790001292 0.0 -2.396364644128692e-05 -7038.254476923693 0.0 -0.02776585993758362 -7041.139941985374 0.0 -0.5023442245269844 -18894.917627559418 0.0 -0.1720860058062509 -30746.24481862781 0.0 -5.356822353527453e-05 -7038.192224359499 0.0 0.0002604132678243333 -7038.1935930483705 0.0 0.0003762233167683283 -7038.195204603137 0.0 0.0005189099723187005 -7038.195037458988 0.0 0.0006502819790815317 -7038.194744760189 0.0 0.0007308641844191672 -7038.194314181946 0.0 0.0006949301687627198 -7038.195122642092 0.0 -5.270161333707319e-05 -7038.257855750664 0.0 -0.017813541230334386 -7041.1415711811505 0.0 -0.32528053322260847 -18894.909859791213 0.0 -0.12142794839810556 -30746.129449938562 0.0 -1.7380575005056647e-05 -7038.193649178053 0.0 0.00014663745362971297 -7038.195175223966 0.0 0.00019777130546572158 -7038.196815403416 0.0 0.00026328580081756643 -7038.1966975299765 0.0 0.0003256269598447642 -7038.19647159594 0.0 0.00036598482499054335 -7038.196117538867 0.0 0.0003537961184037598 -7038.197000348156 0.0 1.981495313910196e-05 -7038.259729266507 0.0 -0.007993626492255624 -7041.141802714763 0.0 -0.15224171038010856 -18894.904045457668 0.0 -0.07226075949511146 -30746.022652713997 0.0 2.7979779243369285e-12 -7038.194095895419 0.0 0.0005922409586439047 -7038.195490047244 0.0 0.0001248075457692827 -7038.197385107041 0.0 0.00014832077500665327 -7038.197288039233 0.0 0.00016052952906421675 -7038.197095143984 0.0 0.00016788736697057635 -7038.196775220942 0.0 0.0005365791610170733 -7038.197499729897 0.0 0.017708524443842667 -7038.25158117482 0.0 0.8028969159644722 -7040.73911225765 0.0 3385.923502127091 -17201.915445121816 0.0 -0.041981799404161746 -30745.917275423857 0.0
    </DataArray>
    <DataArray type="Float32" Name="Hole Current Density [Am^-2]" NumberOfComponents="3" format="ascii">
1e-30 1e-30 0.0 -1e-30 1e-30 0.0 -1e-30 1e-30 0.0 -1e-30 1e-30 0.0 -1e-30 1e-30 0.0 1e-30 -1e-30 0.0 1e-30 -1e-30 0.0 1e-30 -1e-30 0.0 1e-30 -1e-30 0.0 1e-30 -1e-30 0.0 1e-30 -1e-30 0.0 1e-30 1e-30 0.0 1e-30 1e-30 0.0 1e-30 1e-30 0.0 1e-30 1e-30 0.0 1e-30 1e-30 0.0 1e-30 -1e-30 0.0 1e-30 -1e-30 0.0 1e-30 -1e-30 0.0 1e-30 -1e-30 0.0 1e-30 -1e-30 0.0 1e-30 -1e-30 0.0 1e-30 1e-30 0.0 1e-30 1e-30 0.0 1e-30 1e-30 0.0 1e-30 1e-30 0.0 1e-30 1e-30 0.0 1e-30 -1e-30 0.0 1e-30 -1e-30 0.0 1e-30 -1e-30 0.0 1e-30 -1e-30 0.0 1e-30 -1e-30 0.0 1e-30 -1e-30 0.0 1e-30 1e-30 0.0 1e-30 1e-30 0.0 1e-30 1e-30 0.0 1e-30 1e-30 0.0 1e-30 1e-30 0.0 1e-30 -1e-30 0.0 1e-30 -1e-30 0.0 1e-30 -1e-30 0.0 1e-30 -1e-30 0.0 1e-30 -1e-30 0.0 1e-30 -1e-30 0.0 1e-30 1e-30 0.0 1e-30 1e-30 0.0 1e-30 1e-30 0.0 1e-30 1e-30 0.0 1e-30 1e-30 0.0 1e-30 -1e-30 0.0 1e-30 -1e-30 0.0 1e-30 -1e-30 0.0 1e-30 -1e-30 0.0 1e-30 -1e-30 0.0 1e-30 -1e-30 0.0 1e-30 1e-30 0.0 -1e-30 1e-30 0.0 1e-30 1e-30 0.0 1e-30 1e-30 0.0 1e-30 1e-30 0.0 1e-30 -1e-30 0.0 1e-30 -1e-30 0.0 1e-30 -1e-30 0.0 -1e-30 -1e-30 0.0 -1e-30 -1e-30 0.0 -1e-30 -1e-30 0.0 -1e-30 1e-30 0.0 -1e-30 1e-30 0.0 -1e-30 1e-30 0.0 -1e-30 1e-30 0.0 -1e-30 1e-30 0.0 -1e-30 -1e-30 0.0 -1e-30 -1e-30 0.0 -1e-30 -1e-30 0.0 -1e-30 -1e-30 0.0 -1e-30 -1e-30 0.0 -1e-30 -1e-30 0.0 -1e-30 1e-30 0.0 -1e-30 1e-30 0.0 -1e-30 1e-30 0.0 -1e-30 1e-30 0.0 -1e-30 1e-30 0.0 -1e-30 -1e-30 0.0 -1e-30 -1e-30 0.0 -1e-30 -1e-30 0.0 -1e-30 -1e-30 0.0 -1e-30 -1e-30 0.0 -1e-30 -1e-30 0.0 -1e-30 -1e-30 0.0 -1e-30 1e-30 0.0 -1e-30 1e-30 0.0 -1e-30 1e-30 0.0 -1e-30 1e-30 0.0 -1e-30 -1e-30 0.0 -1e-30 -1e-30 0.0 -1e-30 -1e-30 0.0 -1e-30 -1e-30 0.0 -1e-30 -1e-30 0.0 -1e-30 1e-30 0.0 -1e-30 -1e-30 0.0 -1e-30 1e-30 0.0 -1e-30 1e-30 0.0 -1e-30 1e-30 0.0 -1e-30 1e-30 0.0 -1e-30 -1e-30 0.0 -1e-30 -1e-30 0.0 -1e-30 -1e-30 0.0 -1e-30 -1e-30 0.0 -1e-30 -1e-30 0.0 -1e-30 1e-30 0.0 -1e-30 -1e-30 0.0 -1e-30 1e-30 0.0 -1e-30 1e-30 0.0 -1e-30 1e-30 0.0 -1e-30 1e-30 0.0 -1e-30 -1e-30 0.0 -1e-30 -1e-30 0.0 -1e-30 -1e-30 0.0 -1e-30 -1e-30 0.0 -1e-30 -1e-30 0.0 -1e-30 1e-30 0.0 -1e-30 -1e-30 0.0 -1e-30 1e-30 0.0 -1e-30 1e-30 0.0 -1e-30 1e-30 0.0 -1e-30 1e-30 0.0 -1e-30 -1e-30 0.0 -1e-30 -1e-30 0.0 -1e-30 -1e-30 0.0 -1e-30 -1e-30 0.0 -1e-30 -1e-30 0.0 -1e-30 1e-30 0.0 -1e-30 -1e-30 0.0 -1e-30 1e-30 0.0 -1e-30 1e-30 0.0 -1e-30 1e-30 0.0 -1e-30 1e-30 0.0 -1e-30 -1e-30 0.0 -1e-30 -1e-30 0.0 -1e-30 -1e-30 0.0 -1e-30 -1e-30 0.0 -1e-30 -1e-30 0.0 -1e-30 1e-30 0.0 -1e-30 -1e-30 0.0 -1e-30 1e-30 0.0 -1e-30 1e-30 0.0 -1e-30 1e-30 0.0 -1e-30 1e-30 0.0 -1e-30 1e-30 0.0 -1e-30 -1e-30 0.0 -1e-30 -1e-30 0.0 -1e-30 -1e-30 0.0 -1e-30 -1e-30 0.0 -1e-30 1e-30 0.0 -1e-30 -1e-30 0.0 -1e-30 1e-30 0.0 -1e-30 1e-30 0.0 -1e-30 1e-30 0.0 -1e-30 1e-30 0.0 -1e-30 1e-30 0.0 -1e-30 -1e-30 0.0 -1e-30 -1e-30 0.0 -1e-30 -1e-30 0.0 -1e-30 -1e-30 0.0 -1e-30 1e-30 0.0 -1e-30 -1e-30 0.0 -1e-30 1e-30 0.0 -1e-30 1e-30 0.0 -1e-30 1e-30 0.0 -1e-30 1e-30 0.0 -1e-30 1e-30 0.0 -1e-30 -1e-30 0.0 -1e-30 -1e-30 0.0 -1e-30 -1e-30 0.0 -1e-30 -1e-30 0.0 -1e-30 1e-30 0.0 -1e-30 -1e-30 0.0 -1e-30 -1e-30 0.0 -1e-30 1e-30 0.0 -1e-30 1e-30 0.0 -1e-30 1e-30 0.0 -1e-30 1e-30 0.0 -1e-30 -1e-30 0.0 -1e-30 -1e-30 0.0 -1e-30 -1e-30 0.0 -1e-30 -1e-30 0.0 -1e-30 1e-30 0.0 -1e-30 -1e-30 0.0 -1e-30 -1e-30 0.0 -1e-30 -1e-30 0.0 -1e-30 -1e-30 0.0 -1e-30 1e-30 0.0 -1e-30 1e-30 0.0 -1e-30 -1e-30 0.0 -1e-30 -1e-30 0.0 -1e-30 -1e-30 0.0 -1e-30 -1e-30 0.0 -1e-30 1e-30 0.0 -1e-30 -1e-30 0.0 -1e-30 -1e-30 0.0 -1e-30 -1e-30 0.0 -1e-30 -1e-30 0.0 -1e-30 -1e-30 0.0 -1e-30 -1e-30 0.0 -1e-30 -1e-30 0.0 -1e-30 -1e-30 0.0 -1e-30 -1e-30 0.0 -1e-30 -1e-30 0.0 -1e-30 1e-30 0.0 -1e-30 -1e-30 0.0 -1e-30 -1e-30 0.0 -1e-30 -1e-30 0.0 -1e-30 -1e-30 0.0 -1e-30 -1e-30 0.0 -1e-30 -1e-30 0.0 -1e-30 -1e-30 0.0 -1e-30 -1e-30 0.0 -1e-30 -1e-30 0.0 -1e-30 -1e-30 0.0 -1e-30 1e-30 0.0 -1e-30 -1e-30 0.0 -1e-30 -1e-30 0.0 -1e-30 -1e-30 0.0 -1e-30 -1e-30 0.0 -1e-30 -1e-30 0.0 -1e-30 -1e-30 0.0 -1e-30 -1e-30 0.0 -1e-30 -1e-30 0.0 -1e-30 -1e-30 0.0 -1e-30 -1e-30 0.0 -1e-30 1e-30 0.0 -1e-30 -1e-30 0.0 -1e-30 -1e-30 0.0 -1e-30 -1e-30 0.0 1e-30 -1e-30 0.0 1e-30 -1e-30 0.0 -1e-30 -1e-30 0.0 -1e-30 -1e-30 0.0 -1e-30 -1e-30 0.0 -1e-30 -1e-30 0.0 -1e-30 -1e-30 0.0 1e-30 1e-30 0.0 -1e-30 -1e-30 0.0 -1e-30 -1e-30 0.0 -1e-30 -1e-30 0.0 1e-30 -1e-30 0.0 1e-30 -1e-30 0.0 1e-30 -1e-30 0.0 1e-30 -1e-30 0.0 1e-30 -1e-30 0.0 1e-30 -1e-30 0.0 1e-30 -1e-30 0.0 1e-30 1e-30 0.0 -1e-30 -1e-30 0.0 -1e-30 -1e-30 0.0 -1e-30 -1e-30 0.0 1e-30 -1e-30 0.0 1e-30 -1e-30 0.0 1e-30 -1e-30 0.0 1e-30 -1e-30 0.0 1e-30 -1e-30 0.0 1e-30 -1e-30 0.0 1e-30 -1e-30 0.0 1e-30 1e-30 0.0 -1e-30 -1e-30 0.0 -1e-30 -1e-30 0.0 -1e-30 -1e-30 0.0 1e-30 -1e-30 0.0 1e-30 -1e-30 0.0 1e-30 -1e-30 0.0 1e-30 -1e-30 0.0 1e-30 -1e-30 0.0 1e-30 -1e-30 0.0 1e-30 -1e-30 0.0 1e-30 1e-30 0.0 -1e-30 -1e-30 0.0 -1e-30 -1e-30 0.0 -1e-30 -1e-30 0.0 -1e-30 -1e-30 0.0 -1e-30 -1e-30 0.0 1e-30 -1e-30 0.0 1e-30 -1e-30 0.0 1e-30 -1e-30 0.0 1e-30 -1e-30 0.0 1e-30 -1e-30 0.0 0.0 1e-30 0.0 -1e-30 -1e-30 0.0 -1e-30 -1e-30 0.0 -1e-30 -1e-30 0.0 1e-30 -1e-30 0.0 1e-30 -1e-30 0.0 1e-30 -1e-30 0.0 1e-30 -1e-30 0.0 1e-30 -1e-30 0.0 1e-30 -1e-30 0.0 1e-30 -1e-30 0.0 1e-30 1e-30 0.0 -1e-30 -1e-30 0.0 -1e-30 -1e-30 0.0 -1e-30 -1e-30 0.0 1e-30 -1e-30 0.0 1e-30 -1e-30 0.0 1e-30 -1e-30 0.0 1e-30 -1e-30 0.0 1e-30 -1e-30 0.0 1e-30 -1e-30 0.0 1e-30 -1e-30 0.0 1e-30 1e-30 0.0 -1e-30 -1e-30 0.0 -1e-30 -1e-30 0.0 -1e-30 -1e-30 0.0 1e-30 -1e-30 0.0 1e-30 -1e-30 0.0 1e-30 -1e-30 0.0 1e-30 -1e-30 0.0 1e-30 -1e-30 0.0 1e-30 -1e-30 0.0 1e-30 -1e-30 0.0 1e-30 1e-30 0.0 -1e-30 -1e-30 0.0 -1e-30 -1e-30 0.0 -1e-30 -1e-30 0.0 1e-30 -1e-30 0.0 1e-30 -1e-30 0.0 1e-30 -1e-30 0.0 1e-30 -1e-30 0.0 1e-30 -1e-30 0.0 1e-30 -1e-30 0.0 1e-30 -1e-30 0.0 1e-30 1e-30 0.0 -1e-30 -1e-30 0.0 -1e-30 -1e-30 0.0 -1e-30 -1e-30 0.0 1e-30 -1e-30 0.0 1e-30 -1e-30 0.0 1e-30 -1e-30 0.0 1e-30 -1e-30 0.0 1e-30 -1e-30 0.0 1e-30 -1e-30 0.0 1e-30 -1e-30 0.0 1e-30 1e-30 0.0 -1e-30 -1e-30 0.0 -1e-30 -1e-30 0.0 -1e-30 -1e-30 0.0 -1e-30 -1e-30 0.0 1e-30 -1e-30 0.0 1e-30 -1e-30 0.0 1e-30 -1e-30 0.0 1e-30 -1e-30 0.0 1e-30 -1e-30 0.0 1e-30 -1e-30 0.0 1e-30 1e-30 0.0 -1e-30 -1e-30 0.0 -1e-30 -1e-30 0.0 -1e-30 -1e-30 0.0 -1e-30 -1e-30 0.0 1e-30 -1e-30 0.0 1e-30 -1e-30 0.0 1e-30 -1e-30 0.0 1e-30 -1e-30 0.0 1e-30 -1e-30 0.0 1e-30 -1e-30 0.0 1e-30 1e-30 0.0 -1e-30 -1e-30 0.0 -1e-30 -1e-30 0.0 -1e-30 -1e-30 0.0 -1e-30 -1e-30 0.0 1e-30 -1e-30 0.0 1e-30 -1e-30 0.0 1e-30 -1e-30 0.0 1e-30 -1e-30 0.0 1e-30 -1e-30 0.0 1e-30 -1e-30 0.0 1e-30 1e-30 0.0 -1e-30 -1e-30 0.0 -1e-30 -1e-30 0.0 -1e-30 -1e-30 0.0 -1e-30 -1e-30 0.0 1e-30 -1e-30 0.0 1e-30 -1e-30 0.0 1e-30 -1e-30 0.0 1e-30 -1e-30 0.0 1e-30 -1e-30 0.0 1e-30 -1e-30 0.0 1e-30 1e-30 0.0 -1e-30 -1e-30 0.0 -1e-30 -1e-30 0.0 -1e-30 -1e-30 0.0 -1e-30 -1e-30 0.0 1e-30 -1e-30 0.0 1e-30 -1e-30 0.0 1e-30 -1e-30 0.0 1e-30 -1e-30 0.0 1e-30 -1e-30 0.0 1e-30 -1e-30 0.0 1e-30 1e-30 0.0 -1e-30 -1e-30 0.0 -1e-30 -1e-30 0.0 -1e-30 -1e-30 0.0 -1e-30 -1e-30 0.0 -1e-30 -1e-30 0.0 1e-30 -1e-30 0.0 1e-30 -1e-30 0.0 1e-30 -1e-30 0.0 1e-30 -1e-30 0.0 1e-30 -1e-30 0.0 1e-30 1e-30 0.0 -1e-30 -1e-30 0.0 -1e-30 -1e-30 0.0 -1e-30 -1e-30 0.0 -1e-30 -1e-30 0.0 -1e-30 -1e-30 0.0 1e-30 -1e-30 0.0 1e-30 -1e-30 0.0 1e-30 -1e-30 0.0 1e-30 -1e-30 0.0 1e-30 -1e-30 0.0 1e-30 1e-30 0.0 -1e-30 -1e-30 0.0 -1e-30 -1e-30 0.0 -1e-30 -1e-30 0.0 -1e-30 -1e-30 0.0 -1e-30 -1e-30 0.0 1e-30 -1e-30 0.0 1e-30 -1e-30 0.0 1e-30 -1e-30 0.0 1e-30 -1e-30 0.0 1e-30 -1e-30 0.0 1e-30 1e-30 0.0 -1e-30 -1e-30 0.0 -1e-30 -1e-30 0.0 -1e-30 -1e-30 0.0 -1e-30 -1e-30 0.0 -1e-30 -1e-30 0.0 -1e-30 -1e-30 0.0 1e-30 -1e-30 0.0 1e-30 -1e-30 0.0 1e-30 -1e-30 0.0 1e-30 -1e-30 0.0 1e-30 1e-30 0.0 -1e-30 -1e-30 0.0 -1e-30 -1e-30 0.0 -1e-30 -1e-30 0.0 -1e-30 -1e-30 0.0 -1e-30 -1e-30 0.0 -1e-30 -1e-30 0.0 1e-30 -1e-30 0.0 1e-30 -1e-30 0.0 1e-30 -1e-30 0.0 1e-30 -1e-30 0.0 1e-30 1e-30 0.0 -1e-30 -1e-30 0.0 -1e-30 -1e-30 0.0 -1e-30 -1e-30 0.0 -1e-30 -1e-30 0.0 -1e-30 -1e-30 0.0 -1e-30 -1e-30 0.0 -1e-30 -1e-30 0.0 1e-30 -1e-30 0.0 1e-30 -1e-30 0.0 1e-30 -1e-30 0.0 1e-30 1e-30 0.0 -1e-30 -1e-30 0.0 -1e-30 -1e-30 0.0 -1e-30 -1e-30 0.0 -1e-30 -1e-30 0.0 -1e-30 -1e-30 0.0 -1e-30 -1e-30 0.0 -1e-30 -1e-30 0.0 1e-30 -1e-30 0.0 1e-30 -1e-30 0.0 1e-30 -1e-30 0.0 -1e-30 1e-30 0.0 -1e-30 -1e-30 0.0 -1e-30 -1e-30 0.0 -1e-30 -1e-30 0.0 -1e-30 -1e-30 0.0 -1e-30 -1e-30 0.0 -1e-30 -1e-30 0.0 -1e-30 -1e-30 0.0 -1e-30 -1e-30 0.0 1e-30 -1e-30 0.0 1e-30 -1e-30 0.0 -1e-30 1e-30 0.0 -1e-30 -1e-30 0.0 -1e-30 -1e-30 0.0 -1e-30 -1e-30 0.0 -1e-30 -1e-30 0.0 -1e-30 -1e-30 0.0 -1e-30 -1e-30 0.0 -1e-30 -1e-30 0.0 -1e-30 -1e-30 0.0 1e-30 -1e-30 0.0 1e-30 -1e-30 0.0 -1e-30 1e-30 0.0 -1e-30 -1e-30 0.0 -1e-30 -1e-30 0.0 -1e-30 -1e-30 0.0 -1e-30 -1e-30 0.0 -1e-30 -1e-30 0.0 -1e-30 -1e-30 0.0 -1e-30 -1e-30 0.0 -1e-30 -1e-30 0.0 -1e-30 -1e-30 0.0 1e-30 -1e-30 0.0 -1e-30 1e-30 0.0 -1e-30 -1e-30 0.0 -1e-30 -1e-30 0.0 -1e-30 -1e-30 0.0 -1e-30 -1e-30 0.0 -1e-30 -1e-30 0.0 -1e-30 -1e-30 0.0 -1e-30 -1e-30 0.0 -1e-30 -1e-30 0.0 -1e-30 -1e-30 0.0 1e-30 -1e-30 0.0 -1e-30 1e-30 0.0 -1e-30 -1e-30 0.0 -1e-30 -1e-30 0.0 -1e-30 -1e-30 0.0 -1e-30 -1e-30 0.0 -1e-30 -1e-30 0.0 -1e-30 -1e-30 0.0 -1e-30 -1e-30 0.0 -1e-30 -1e-30 0.0 -1e-30 -1e-30 0.0 -1e-30 -1e-30 0.0 -1e-30 1e-30 0.0 -1e-30 -1e-30 0.0 -1e-30 -1e-30 0.0 -1e-30 -1e-30 0.0 -1e-30 -1e-30 0.0 -1e-30 -1e-30 0.0 -1e-30 -1e-30 0.0 -1e-30 -1e-30 0.0 -1e-30 -1e-30 0.0 -1e-30 -1e-30 0.0 -1e-30 -1e-30 0.0 -1e-30 1e-30 0.0 -1e-30 -1e-30 0.0 -1e-30 -1e-30 0.0 -1e-30 -1e-30 0.0 -1e-30 -1e-30 0.0 -1e-30 -1e-30 0.0 -1e-30 -1e-30 0.0 -1e-30 -1e-30 0.0 -1e-30 -1e-30 0.0 -1e-30 -1e-30 0.0 -1e-30 -1e-30 0.0 -1e-30 1e-30 0.0 -1e-30 -1e-30 0.0 1e-30 -1e-30 0.0 1e-30 -1e-30 0.0 1e-30 -1e-30 0.0 1e-30 -1e-30 0.0 1e-30 -1e-30 0.0 1e-30 -1e-30 0.0 1e-30 -1e-30 0.0 1e-30 -1e-30 0.0 -1e-30 -1e-30 0.0 -1e-30 1e-30 0.0
    </DataArray>
    <DataArray type="Float32" Name="Ion diffusion flux Density [Am^-2]" NumberOfComponents="3" format="ascii">
-158981847172.69534 93437294732499.28 0.0 54845579519210.555 164694800173991.9 0.0 268023483414495.16 803000689789080.6 0.0 1086067682273943.5 3248147426347027.5 0.0 3720027640763838.0 1.1111221789852136e+16 0.0 1.0395950605392452e+16 3.1023117013035508e+16 0.0 2.278242422913671e+16 6.795118584249772e+16 0.0 3.765341565321659e+16 1.1231154467534136e+17 0.0 4.5518682537223384e+16 1.3591167846410669e+17 0.0 4.006171833665633e+16 1.1992128240037725e+17 0.0 5.935055509596553e+16 1.7805166528792118e+17 0.0 13220458749907.504 66751636077115.75 0.0 48027765958854.86 144229597069200.94 0.0 234940442390097.5 703661054342753.1 0.0 952549687009009.0 2847276379204080.0 0.0 3263164858144685.5 9739954604486928.0 0.0 9117991964249356.0 2.718819406333054e+16 0.0 1.997535236240954e+16 5.9527674175952056e+16 0.0 3.299765172333899e+16 9.833725158825894e+16 0.0 3.986174846908631e+16 1.189284177780678e+17 0.0 3.5053222569385268e+16 1.0488811902093688e+17 0.0 3.389574083358807e+16 1.6947870416796243e+17 0.0 13106178073785.39 66898028973257.22 0.0 48134652469744.46 144644446645444.12 0.0 236503827265133.53 706836683335759.1 0.0 961383420931104.1 2862361774508835.5 0.0 3296857239390991.5 9790086962244606.0 0.0 9212733993226710.0 2.7307086669220028e+16 0.0 2.0170171502681148e+16 5.971551610452966e+16 0.0 3.327224768527853e+16 9.849412009842112e+16 0.0 4.0084562099270696e+16 1.189065640488115e+17 0.0 3.5100427479917588e+16 1.0473848918859035e+17 0.0 3.3836961598558732e+16 1.6918480799281123e+17 0.0 12975599487678.428 67260677062712.57 0.0 48382421289757.945 145466958235546.94 0.0 238841854616888.72 712302677408754.4 0.0 972656362379440.6 2886573517689276.5 0.0 3334790244180871.0 9866907706874574.0 0.0 9307605566269636.0 2.7482813257886052e+16 0.0 2.0342950497269148e+16 5.998051055092735e+16 0.0 3.347838617684433e+16 9.868121360860309e+16 0.0 4.0182962154571016e+16 1.1878183356996112e+17 0.0 3.5015037578532988e+16 1.044260323368156e+17 0.0 3.3734831588444732e+16 1.6867415794224243e+17 0.0 12567971193142.172 67880651871585.71 0.0 48195024593740.77 146468840629637.47 0.0 238254404614450.47 717989183910013.5 0.0 967577805792927.1 2908827255212555.5 0.0 3300250869782737.0 9927374096896834.0 0.0 9151316594787810.0 2.7590104898832452e+16 0.0 1.9845212142109336e+16 6.004487833758119e+16 0.0 3.233997476180305e+16 9.842244855043541e+16 0.0 3.8348109015755624e+16 1.1794889422628619e+17 0.0 3.3278199251290144e+16 1.0354159114632608e+17 0.0 3.365991686804707e+16 1.682995843402554e+17 0.0 10525963450340.365 67292764080643.52 0.0 42721296834973.484 143344116603426.75 0.0 206923176476788.88 700256139706264.8 0.0 814477391233301.9 2826032106816276.5 0.0 2666663090490426.5 9600783817746094.0 0.0 6989389408395155.0 2.654902393576593e+16 0.0 1.3956715148509036e+16 5.742925111210112e+16 0.0 2.0090433498283588e+16 9.341948497836795e+16 0.0 2.027612936361323e+16 1.1137732457214547e+17 0.0 1.8133008700960784e+16 9.976625595840867e+16 0.0 3.4793753932561224e+16 1.73968769662824e+17 0.0 5190986794872.912 54956511153704.96 0.0 25360347059622.992 114804996506223.16 0.0 113120508443102.86 553801020312051.3 0.0 390942173342228.6 2209495594816685.8 0.0 1050194737648588.5 7444538749207579.0 0.0 1891494617864971.8 2.0517201462255416e+16 0.0 1113042517646274.1 4.461127449821164e+16 0.0 -4449623018901004.0 7.449523246334126e+16 0.0 -1.1699715237249984e+16 9.719235677629309e+16 0.0 -1687088094263540.5 1.0873531031014598e+17 0.0 4.662167377538028e+16 2.331083688769234e+17 0.0 -396488197247.4744 31354425833949.223 0.0 5968312466963.916 64446583451567.984 0.0 16228513655405.594 304040497151795.25 0.0 -7151114471832.833 1192305298499037.0 0.0 -315790088032026.44 4004566964399779.0 0.0 -1895816545042214.0 1.1261067241391298e+16 0.0 -6928668127765013.0 2.613327679677118e+16 0.0 -1.6185695783333962e+16 5.09869371846677e+16 0.0 -1.9448071148003988e+16 8.948407297960853e+16 0.0 6063437718645609.0 1.3983911336836838e+17 0.0 6.730659398156479e+16 3.3653296990786765e+17 0.0 -2314251535313.004 12623953119262.684 0.0 -2028015065542.3545 26113316479258.46 0.0 -15985902216564.064 121692262172009.53 0.0 -99926692533146.78 480339262745091.5 0.0 -469820394815651.4 1692920573949853.0 0.0 -1696164417251487.8 5332105118187101.0 0.0 -4401359052121736.0 1.5241040787449982e+16 0.0 -6403657057594285.0 4.020697401640529e+16 0.0 3100219051480393.5 9.475639365851584e+16 0.0 3.4967542563450532e+16 1.70228248897001e+17 0.0 8.137784022278926e+16 4.0688920111398637e+17 0.0 -1598911376691.3884 4154052363705.7085 0.0 -1711385544304.661 9369253923474.314 0.0 -8304834146733.398 46555117106358.87 0.0 -35757236014660.75 205190367975393.56 0.0 -111372501491521.78 859200931582433.6 0.0 -158570573844036.0 3392520783174741.0 0.0 725684755443140.5 1.2352116258042364e+16 0.0 6442738975750698.0 3.95257748736585e+16 0.0 2.531367727690359e+16 1.0243449525918254e+17 0.0 5.609668439421166e+16 1.8500064215603258e+17 0.0 8.597033567472773e+16 4.298516783736952e+17 0.0 -456300864678.5068 2004509268583.068 0.0 267288273370.60568 5079989288080.033 0.0 3199276203686.068 28767640006848.574 0.0 23307395233295.52 147466559361032.47 0.0 146219465198496.03 713003815195606.6 0.0 784758712678532.9 3165134774184858.0 0.0 3528881035874718.5 1.244123140591565e+16 0.0 1.2790746946621538e+16 4.116528769946734e+16 0.0 3.5027245621542084e+16 1.0656020238036293e+17 0.0 6.358027140951117e+16 1.885955477818139e+17 0.0 8.615157453633658e+16 4.3075787268176134e+17 0.0 184770131270.66293 1901798409308.9514 0.0 1360013850018.9592 4717440848645.945 0.0 8534838820501.981 27746123213004.152 0.0 47345561372588.28 147831845382866.1 0.0 241683638962524.0 732443100860534.2 0.0 1109138811459953.0 3288318744429057.5 0.0 4426482652420080.5 1.2924889727531798e+16 0.0 1.4644560360439102e+16 4.238477594189735e+16 0.0 3.741233423396927e+16 1.08112701426436e+17 0.0 6.462536080612273e+16 1.8833502967282138e+17 0.0 8.53567341304571e+16 4.2678367065237146e+17 0.0 401357484710.8055 2092490231426.7202 0.0 1717705329750.06 5012564443802.113 0.0 10198404714514.182 29381285732745.92 0.0 54530190510794.195 156123098395060.3 0.0 269238897259347.53 768969932744697.1 0.0 1199130534182487.8 3423887097742464.0 0.0 4659032013777880.0 1.3321130637834438e+16 0.0 1.5051112653982408e+16 4.3175040140008856e+16 0.0 3.7677671423416296e+16 1.08773684140005e+17 0.0 6.4140501171186296e+16 1.8740632755235206e+17 0.0 8.456781509299771e+16 4.228390754650634e+17 0.0 458394863047.669 2237536541299.1387 0.0 1826592584256.5522 5291873395882.014 0.0 10749003066030.084 30926348160007.71 0.0 57044942559386.586 163575109847055.7 0.0 279239169935354.16 800303033748427.1 0.0 1231920112799690.8 3534965616905492.5 0.0 4738357562045435.0 1.3630367214831478e+16 0.0 1.515111656543742e+16 4.3754494226741336e+16 0.0 3.75701441350926e+16 1.0917696260411654e+17 0.0 6.352999604945779e+16 1.8654906568940438e+17 0.0 8.392329199997056e+16 4.196164599999178e+17 0.0 477755176632.5745 2332196150771.932 0.0 1879151791604.2346 5497508361019.991 0.0 11040232498136.426 32119040046908.26 0.0 58452908989819.625 169461206352097.53 0.0 285033670170541.56 825309327701944.9 0.0 1251003560760233.5 3623590575988495.0 0.0 4782127683304785.0 1.387477883445241e+16 0.0 1.5189190888188182e+16 4.420375944031332e+16 0.0 3.742710830946177e+16 1.0947028758472888e+17 0.0 6.301083840318558e+16 1.8585100592883635e+17 0.0 8.341279282655342e+16 4.170639641328524e+17 0.0 488070647023.3944 2396297968726.382 0.0 1915103482306.188 5645815597419.383 0.0 11245667842615.195 33010979694975.656 0.0 59456894479524.336 173975101943265.75 0.0 289169535104508.3 844783864952034.0 0.0 1264443884294582.5 3693061671269962.0 0.0 4811508662722087.0 1.4066152134274824e+16 0.0 1.52066630728408e+16 4.4552617557995544e+16 0.0 3.729508835654746e+16 1.0969067542943314e+17 0.0 6.2589926909182296e+16 1.8529786206664915e+17 0.0 8.301387159067829e+16 4.150693579535077e+17 0.0 494860352991.6738 2441181405481.3223 0.0 1941417022819.5837 5752913173455.187 0.0 11398421136150.691 33670361625624.535 0.0 60204677483136.92 177377433768259.84 0.0 292231491553397.6 859663603692336.8 0.0 1274232389907101.0 3746535523052062.0 0.0 4831951171123203.0 1.4213697547783782e+16 0.0 1.5213694373264538e+16 4.482048521270013e+16 0.0 3.718111448571456e+16 1.0985602839386515e+17 0.0 6.225425186591087e+16 1.8486654247950922e+17 0.0 8.270616132589224e+16 4.1353080662956045e+17 0.0 499588633750.8167 2473168733460.0605 0.0 1960687586315.7405 5830443362414.411 0.0 11511677997468.06 34154643505394.234 0.0 60760681229553.12 179911147674105.0 0.0 294498517170105.44 870865736889371.0 0.0 1281380289949551.2 3787069335613127.5 0.0 4846271007812427.0 1.4325834805610012e+16 0.0 1.5215190582719936e+16 4.502368592469404e+16 0.0 3.7086490140826664e+16 1.0997928796938048e+17 0.0 6.199078394502408e+16 1.845350564125411e+17 0.0 8.247177014381475e+16 4.12358850719157e+17 0.0 502936558929.89374 2496178062226.705 0.0 1974744673539.5632 5886677419743.293 0.0 11595044712295.895 34508911369623.64 0.0 61171333773099.516 181782310493310.7 0.0 296169224029323.6 879207219568940.9 0.0 1286592795045806.8 3817427006797005.0 0.0 4856345069916074.0 1.4410055586309262e+16 0.0 1.5214033578597464e+16 4.5176190433060296e+16 0.0 3.701036587838335e+16 1.1007056679362643e+17 0.0 6.178722320042687e+16 1.8428356050489558e+17 0.0 8.229521669440778e+16 4.1147608347211885e+17 0.0 505324530445.22723 2512815186184.2344 0.0 1984975780275.5842 5927518123349.899 0.0 11656085318919.482 34767415699478.914 0.0 61472882732896.86 183156192293045.62 0.0 297394781388838.9 885368814684319.8 0.0 1290386675314484.5 3839954310981649.0 0.0 4863461391508262.0 1.4472711465542892e+16 0.0 1.521184665297207e+16 4.5289628314006136e+16 0.0 3.695065041344648e+16 1.1013776500587296e+17 0.0 6.163215120020589e+16 1.8409482259696118e+17 0.0 8.216348305601088e+16 4.108174152801075e+17 0.0 507034730952.2098 2524880722061.6045 0.0 1992413351487.259 5957202221414.5625 0.0 11700618403787.584 34955717681683.344 0.0 61693325173045.19 184160817504263.7 0.0 298290194459173.75 889893297573250.4 0.0 1293142408147410.0 3856553505612537.0 0.0 4868505894269349.0 1.4518975771556694e+16 0.0 1.5209469208334326e+16 4.537339419259617e+16 0.0 3.6904721437034984e+16 1.101869837827799e+17 0.0 6.1515415535870344e+16 1.839544410250324e+17 0.0 8.206595224898808e+16 4.103297612450693e+17 0.0 508262493830.61066 2533646027689.682 0.0 1997816240911.8926 5978786092034.694 0.0 11733027717383.438 35092709807725.52 0.0 61853930939996.83 184893245836573.72 0.0 298942234133526.7 893201036428054.0 0.0 1295140159646587.8 3868718907267991.0 0.0 4872091431416184.0 1.4552936542794392e+16 0.0 1.52072873145186e+16 4.543488792793719e+16 0.0 3.686992990811527e+16 1.1022287820100035e+17 0.0 6.1428388807592984e+16 1.838507710411117e+17 0.0 8.199419418802288e+16 4.099709709402719e+17 0.0 509145174199.5829 2540020151148.553 0.0 2001739043463.0334 5994482576329.209 0.0 11756572033441.582 35192276601582.31 0.0 61970641795488.97 185426045579109.72 0.0 299415776335683.6 895611243022976.1 0.0 1296585830662756.5 3877598118358580.0 0.0 4874644902630199.0 1.4577751541110012e+16 0.0 1.5205442368780286e+16 4.5479820754613976e+16 0.0 3.68438809314634e+16 1.1024896047436752e+17 0.0 6.13640130096518e+16 1.8377464406853974e+17 0.0 8.194166019066624e+16 4.097083009534574e+17 0.0 509780278282.78015 2544657950465.8306 0.0 2004585992286.409 6005897498500.389 0.0 11773653461184.4 35264585421425.27 0.0 62055286691265.18 185812971274632.5 0.0 299758938744955.25 897363017769880.8 0.0 1297630317706295.5 3884058217160503.5 0.0 4876465679190525.0 1.459581864426515e+16 0.0 1.520395397518415e+16 4.551253059629412e+16 0.0 3.682455059116876e+16 1.1026785502371003e+17 0.0 6.131668468151244e+16 1.8371898973043296e+17 0.0 8.190335068328086e+16 4.095167534165362e+17 0.0 510237427171.71625 2548033283504.6274 0.0 2006651316323.6035 6014197797186.813 0.0 11786033011079.36 35317063411492.09 0.0 62116579269230.555 186093586779184.66 0.0 300007176169903.56 898633727198102.4 0.0 1298383875462321.5 3888746595607165.0 0.0 4877764910520820.0 1.460893549976468e+16 0.0 1.520278801406833e+16 4.553627152715966e+16 0.0 3.681030287315076e+16 1.1028150710365938e+17 0.0 6.128205697480505e+16 1.8367844254197414e+17 0.0 8.187550017089819e+16 4.093775008545252e+17 0.0 390432341.3480615 1785225850963.8298 0.0 1404953376.2765377 5350849143014.525 0.0 9954842102.137661 31423460832168.395 0.0 61944820918.206276 165576578176415.62 0.0 335135081511.72406 799491869966623.2 0.0 1546029291523.6536 3459166808988847.5 0.0 5879925836990.718 1.2992206099911654e+16 0.0 17404991086575.06 4.048616387148249e+16 0.0 36072264820614.85 9.802473063438888e+16 0.0 40490164761321.75 1.632300416413441e+17 0.0 0.0 5.729871156525114e+17 0.0 -510058100109.625 2552029479547.434 0.0 -2006920261430.4512 6023846554964.583 0.0 -11785185772773.746 35377286554559.445 0.0 -62091859244845.695 186410331121859.47 0.0 -299769990084485.4 900037743373377.0 0.0 -1296801566784778.2 3893759392950975.5 0.0 -4869787450567440.0 1.4622117656235466e+16 0.0 -1.5172896477922164e+16 4.5556444066243496e+16 0.0 -3.673354232219305e+16 1.1027886936670334e+17 0.0 -6.1172620790571e+16 1.836056665952228e+17 0.0 -8.184068210396157e+16 4.0920341051993146e+17 0.0 -510420889591.55414 2553394580579.706 0.0 -2008327140333.2512 6027240030543.825 0.0 -11794317771706.432 35398758637121.336 0.0 -62142782420050.27 186526012084437.0 0.0 -300014201754619.8 900569019386885.1 0.0 -1297780471534549.5 3895765414118536.0 0.0 -4872916860904936.0 1.4627962638042572e+16 0.0 -1.5180255870074958e+16 4.556802835216824e+16 0.0 -3.6744302872888696e+16 1.1028939362274496e+17 0.0 -6.1177646545473576e+16 1.8359630938552016e+17 0.0 -8.183011540320806e+16 4.09150577016161e+17 0.0 -510686411677.8002 2554388613690.6396 0.0 -2009351118573.2422 6029706019091.949 0.0 -11800940131260.908 35414312691664.32 0.0 -62179628796086.83 186609634502092.16 0.0 -300190709449094.5 900952627485073.8 0.0 -1298487697497019.0 3897213028683991.0 0.0 -4875177794599132.0 1.4632179335909592e+16 0.0 -1.5185574453228694e+16 4.5576383308148344e+16 0.0 -3.675208437766664e+16 1.1029697847345118e+17 0.0 -6.118129192014002e+16 1.835895502605479e+17 0.0 -8.182248749033293e+16 4.091124374518653e+17 0.0 -510880680899.60803 2555112176082.8994 0.0 -2010096143942.0244 6031497248105.594 0.0 -11805740267788.438 35425573493449.5 0.0 -62206272184200.65 186670038344141.0 0.0 -300318173297348.8 901229358617549.9 0.0 -1298998099068665.8 3898256546028127.5 0.0 -4876809205355874.0 1.4635217601327494e+16 0.0 -1.5189412551565152e+16 4.5582400823926136e+16 0.0 -3.6757701994662504e+16 1.1030243540154037e+17 0.0 -6.118392905746747e+16 1.8358466959081674e+17 0.0 -8.181698631637541e+16 4.0908493158191565e+17 0.0 -511022761732.50775 2555638615281.027 0.0 -2010637977306.9204 6032797686604.387 0.0 -11809217767008.418 35433721058737.75 0.0 -62225525061726.78 186713637681918.28 0.0 -300410144918620.06 901428811703878.9 0.0 -1299366093490036.5 3899007999007802.5 0.0 -4877985049534120.0 1.4637404267427484e+16 0.0 -1.5192178752175188e+16 4.558672932289163e+16 0.0 -3.6761751521796504e+16 1.1030635501166149e+17 0.0 -6.118583250974048e+16 1.835811458668063e+17 0.0 -8.181302196537426e+16 4.090651098271098e+17 0.0 -511126624785.09534 2556021414126.708 0.0 -2011031833782.431 6033741238216.196 0.0 -11811735586154.414 35439612026967.0 0.0 -62239427728658.516 186745082444172.22 0.0 -300476452778965.4 901572436338367.5 0.0 -1299631165550727.2 3899548585243706.5 0.0 -4878831656975603.0 1.4638976290198518e+16 0.0 -1.5194170112237448e+16 4.558983908173307e+16 0.0 -3.6764666856873816e+16 1.1030916590471424e+17 0.0 -6.1187203635181496e+16 1.8357860170565254e+17 0.0 -8.181016684403614e+16 4.09050834220487e+17 0.0 -511202507040.3091 2556299570484.1406 0.0 -2011317951258.6187 6034425352955.815 0.0 -11813557338216.768 35443868043210.78 0.0 -62249459338235.734 186767741244411.6 0.0 -300524217481535.7 901675760093889.1 0.0 -1299821922479637.8 3899937072582112.0 0.0 -4879440596156021.0 1.464010517742552e+16 0.0 -1.519560210580789e+16 4.55920705197691e+16 0.0 -3.676676311083978e+16 1.1031117839927296e+17 0.0 -6.118818944839948e+16 1.835767643323642e+17 0.0 -8.180811156086195e+16 4.0904055780460256e+17 0.0 -511257908878.5795 2556501518452.1333 0.0 -2011525649581.806 6034920939838.826 0.0 -11814874426721.871 35446940061316.59 0.0 -62256691624770.58 186784052964596.47 0.0 -300558593296439.6 901750013650694.6 0.0 -1299959065764807.0 3900215946830422.0 0.0 -4879878139091961.0 1.4640914897531278e+16 0.0 -1.5196630745924954e+16 4.559366967383563e+16 0.0 -3.676826862735273e+16 1.1031261675460867e+17 0.0 -6.1188896916352264e+16 1.8357543676249514e+17 0.0 -8.180663256590104e+16 4.0903316282978144e+17 0.0 -511298324964.5001 2556647987655.6772 0.0 -2011676289978.6436 6035279585938.268 0.0 -11815825785440.406 35449155100097.336 0.0 -62261900734892.03 186795782396600.47 0.0 -300583308393067.25 901803313719560.6 0.0 -1300057561146475.8 3900415893510222.5 0.0 -4880192190879716.0 1.4641494955701742e+16 0.0 -1.5197368828215718e+16 4.559481413744801e+16 0.0 -3.6769348586363304e+16 1.1031364278650552e+17 0.0 -6.118940365828463e+16 1.8357447684868906e+17 0.0 -8.180556851916531e+16 4.090278425960098e+17 0.0 -511327780019.43695 2556754088525.1753 0.0 -2011785432690.325 6035538813364.815 0.0 -11816512232580.959 35450750222465.836 0.0 -62265648490951.516 186804205904144.5 0.0 -300601057657660.1 901841522480847.5 0.0 -1300128218693816.5 3900559056821083.0 0.0 -4880417344444412.0 1.464190991172417e+16 0.0 -1.519789780435893e+16 4.559563195937609e+16 0.0 -3.6770122306670264e+16 1.1031437309915763e+17 0.0 -6.1189765877508216e+16 1.835737820765053e+17 0.0 -8.18048030898168e+16 4.0902401544925715e+17 0.0 -511349221578.01294 2556830833398.879 0.0 -2011864410076.8528 6035725907407.428 0.0 -11817006905268.398 35451897219096.44 0.0 -62268341393526.47 186810246145673.78 0.0 -300613787910246.6 901868871139155.0 0.0 -1300178840912144.5 3900661405010678.0 0.0 -4880578557610365.0 1.4642206291900126e+16 0.0 -1.519827643172098e+16 4.5596215375552296e+16 0.0 -3.677067587645244e+16 1.1031489161862867e+17 0.0 -6.119002419966815e+16 1.8357327855099293e+17 0.0 -8.180425246824736e+16 4.090212623416206e+17 0.0 -511364807883.2202 2556886246063.6196 0.0 -2011921473506.4287 6035860703808.477 0.0 -11817362842872.795 35452720533307.86 0.0 -62270273432233.54 186814569761669.16 0.0 -300622904765518.5 901888411826348.6 0.0 -1300215055659708.5 3900734444602258.0 0.0 -4880693822486461.0 1.4642417599344538e+16 0.0 -1.5198547058543012e+16 4.5596630765858216e+16 0.0 -3.6771071344907976e+16 1.103152586857897e+17 0.0 -6.11902079484151e+16 1.8357291302947546e+17 0.0 -8.180385631783814e+16 4.090192815895755e+17 0.0 -511376118884.188 2556926171045.195 0.0 -2011962629359.3857 6035957617847.388 0.0 -11817618496031.986 35453310272338.875 0.0 -62271657128809.53 186817658160964.56 0.0 -300629422514068.3 901902344791491.0 0.0 -1300240919575229.2 3900786461167469.0 0.0 -4880776099952008.0 1.4642567940348394e+16 0.0 -1.5198740181434306e+16 4.5596925860997304e+16 0.0 -3.677135339405272e+16 1.1031551763885584e+17 0.0 -6.1190338263736824e+16 1.8357264716311098e+17 0.0 -8.18035712285518e+16 4.090178561432032e+17 0.0 -511384310897.1247 2556954863993.955 0.0 -2011992248481.5503 6036027121533.465 0.0 -11817801728616.465 35453731650834.02 0.0 -62272646039295.56 186819858794297.1 0.0 -300634072653352.06 901912255147742.6 0.0 -1300259354867855.8 3900823416668092.0 0.0 -4880834719979449.0 1.4642674646431048e+16 0.0 -1.5198877745519084e+16 4.5597134952840936e+16 0.0 -3.677155417334363e+16 1.1031569957289365e+17 0.0 -6.119043037027814e+16 1.8357245334033648e+17 0.0 -8.180336598785933e+16 4.090168299394811e+17 0.0 -511390229922.0136 2556975422122.9434 0.0 -2012013510284.747 6036076818405.856 0.0 -11817932723294.031 35454031840240.23 0.0 -62273351054782.91 186821422264939.34 0.0 -300637382411496.44 901919284016263.8 0.0 -1300272465148531.2 3900849597693555.5 0.0 -4880876394053097.0 1.4642750167789734e+16 0.0 -1.5198975530621952e+16 4.559728265597042e+16 0.0 -3.677169679721988e+16 1.1031582677434963e+17 0.0 -6.1190495223469736e+16 1.835723116871429e+17 0.0 -8.180321816686437e+16 4.0901609083470214e+17 0.0 -511394494687.2493 2556990098175.554 0.0 -2012028726414.5674 6036112225776.094 0.0 -11818026091164.469 35454244937309.39 0.0 -62273852207462.63 186822529185550.56 0.0 -300639731539882.25 901924252207977.5 0.0 -1300281763687869.8 3900868083546842.0 0.0 -4880905946545772.0 1.4642803439830056e+16 0.0 -1.5199044875205428e+16 4.5597386621485224e+16 0.0 -3.677179787273229e+16 1.1031591519869733e+17 0.0 -6.119054070222936e+16 1.8357220790567232e+17 0.0 -8.180311166001706e+16 4.090155583003055e+17 0.0 -511397557479.3002 2557000529187.578 0.0 -2012039576524.9934 6036137343486.008 0.0 -11818092402623.396 35454395564349.805 0.0 -62274207215895.09 186823309593020.34 0.0 -300641393355509.25 901927749505922.2 0.0 -1300288338241095.2 3900881083832223.5 0.0 -4880926842717993.0 1.4642840868193432e+16 0.0 -1.5199093920664052e+16 4.559745949240231e+16 0.0 -3.677186932483484e+16 1.1031597625446963e+17 0.0 -6.1190572472908824e+16 1.8357213171712378e+17 0.0 -8.180303491173019e+16 4.0901517455912326e+17 0.0 -511399748688.6963 2557007903150.9717 0.0 -2012047279930.7705 6036155067315.964 0.0 -11818139297590.188 35454501477289.53 0.0 -62274457666727.61 186823856979208.8 0.0 -300642564384908.44 901930199079581.9 0.0 -1300292969972104.0 3900890181761975.0 0.0 -4880941569469681.0 1.4642867038193532e+16 0.0 -1.5199128508592614e+16 4.559751031116978e+16 0.0 -3.677191971250063e+16 1.103160180868485e+17 0.0 -6.1190594614025496e+16 1.8357207574164314e+17 0.0 -8.18029796413598e+16 4.090148982074146e+17 0.0 -511401309434.6896 2557013080322.95 0.0 -2012052720615.9666 6036167489268.176 0.0 -11818172290800.6 35454575453391.77 0.0 -62274633485195.11 186824238417704.88 0.0 -300643385769316.9 901931903904629.0 0.0 -1300296219259621.0 3900896509329143.0 0.0 -4880951909929087.0 1.4642885225289682e+16 0.0 -1.5199152827929136e+16 4.559754553216671e+16 0.0 -3.677195517927074e+16 1.103160465012686e+17 0.0 -6.119061006975036e+16 1.8357203469496957e+17 0.0 -8.180293992678946e+16 4.090146996342767e+17 0.0 -511402415410.8571 2557016681262.801 0.0 -2012056538018.56 6036176114996.323 0.0 -11818195354383.07 35454626653222.1 0.0 -62274756162346.8 186824501854358.47 0.0 -300643958688327.3 901933080125373.0 0.0 -1300298487463344.0 3900900873043466.0 0.0 -4880959141115203.0 1.4642897761208538e+16 0.0 -1.5199169880892998e+16 4.5597569747500536e+16 0.0 -3.677198013805839e+16 1.1031606562478451e+17 0.0 -6.119062097906641e+16 1.8357200481209085e+17 0.0 -8.180291154702491e+16 4.090145577352815e+17 0.0 -511403194315.4709 2557019150609.528 0.0 -2012059192946.8567 6036182020975.357 0.0 -11818211339335.766 35454661602125.92 0.0 -62274841082701.48 186824681345593.53 0.0 -300644355471580.3 901933880986823.9 0.0 -1300300061402920.0 3900903844072447.0 0.0 -4880964176227183.0 1.4642906296286824e+16 0.0 -1.5199181818727038e+16 4.55975862069973e+16 0.0 -3.677199776621232e+16 1.103160783811734e+17 0.0 -6.119062891710441e+16 1.835719834385907e+17 0.0 -8.18028915134225e+16 4.090144575673236e+17 0.0 -511403738541.27295 2557020802878.4937 0.0 -2012061015208.903 6036185967158.972 0.0 -11818222278773.19 35454684890991.22 0.0 -62274899196176.47 186824800791396.75 0.0 -300644627571903.94 901934413863204.4 0.0 -1300301145267564.5 3900905822287564.0 0.0 -4880967666874399.0 1.4642911985833162e+16 0.0 -1.5199190183550378e+16 4.559759718786105e+16 0.0 -3.677201036371448e+16 1.1031608682902792e+17 0.0 -6.119063507420774e+16 1.835719687419708e+17 0.0 -8.18028777365884e+16 4.090143886832368e+17 0.0 -511404114374.4568 2557021854999.2246 0.0 -2012062237796.6887 6036188476864.614 0.0 -11818229605200.74 35454699672096.055 0.0 -62274938213997.19 186824876569639.44 0.0 -300644811266232.25 901934752261540.5 0.0 -1300301883458828.2 3900907081417028.0 0.0 -4880970076412185.0 1.464291562149973e+16 0.0 -1.5199196082516052e+16 4.5597604255292344e+16 0.0 -3.677201961422349e+16 1.1031609240223702e+17 0.0 -6.1190640392216456e+16 1.8357195951362906e+17 0.0 -8.18028687932944e+16 4.0901434396665056e+17 0.0 -511404368600.05664 2557022448797.6343 0.0 -2012063021098.0784 6036189891902.562 0.0 -11818234303849.842 35454708000088.94 0.0 -62274963452795.8 186824919345687.47 0.0 -300644931688310.75 901934944059311.6 0.0 -1300302376803498.0 3900907800009707.0 0.0 -4880971732321113.0 1.4642917721512098e+16 0.0 -1.5199200313606196e+16 4.559760844250323e+16 0.0 -3.677202677685743e+16 1.1031609607796494e+17 0.0 -6.119064567328575e+16 1.8357195503845632e+17 0.0 -8.18028637671465e+16 4.0901431883608474e+17 0.0 147077.7450899912 3579831732014.832 0.0 -2299500821398.598 6898503266878.612 0.0 -13506554834291.656 40519669425876.914 0.0 -71171393898320.69 213514209719780.9 0.0 -343594240718730.0 1030782866169942.8 0.0 -1486059990463179.8 4458180618661554.5 0.0 -5578253829176643.0 1.6734763928672644e+16 0.0 -1.737051564424652e+16 5.2111554190324936e+16 0.0 -4.202517493314684e+16 1.2607554004508342e+17 0.0 -6.993216710481334e+16 2.0979651877435222e+17 0.0 -1.4315500875638725e+17 4.294650262699676e+17 0.0
    </DataArray>
    <DataArray type="Float32" Name="Ion drift flux Density [Am^-2]" NumberOfComponents="3" format="ascii">
-3.183462263702691e+20 3.99766308666633e+23 0.0 1.3648660690260022e+23 4.140797275009884e+23 0.0 7.140335749954145e+23 2.1781841874474946e+24 0.0 3.355436427183682e+24 1.0267077701659967e+25 0.0 1.3818230935317775e+25 4.232056846361146e+25 0.0 4.837354698149737e+25 1.4805110454145847e+26 0.0 1.3867666396382837e+26 4.236483679180779e+26 0.0 3.122895012717744e+26 9.514232255374015e+26 0.0 5.336433788556824e+26 1.619967951764166e+27 0.0 6.92633240750354e+26 2.0922478994927984e+27 0.0 1.3892232135174212e+27 4.167669640552672e+27 0.0 5.66021048820522e+22 2.8431248851698612e+23 0.0 1.1883501318163288e+23 3.6132408979540514e+23 0.0 6.218588276502517e+23 1.902958489056764e+24 0.0 2.9238986749930757e+24 8.97801865471853e+24 0.0 1.2048046299808747e+25 3.7028897029301825e+25 0.0 4.219818782284514e+25 1.2958145823547869e+26 0.0 1.2102934038891286e+26 3.7085836414234126e+26 0.0 2.7268725821880978e+26 8.329537206596247e+26 0.0 4.663043221539688e+26 1.4184758444185809e+27 0.0 6.059428580297733e+26 1.832627977651153e+27 0.0 7.951080570574203e+26 3.9755402852874705e+27 0.0 5.558027987287758e+22 2.8064386647255974e+23 0.0 1.1599667355059964e+23 3.5854079838675145e+23 0.0 6.05314503788718e+23 1.8963457849070648e+24 0.0 2.8460501337418487e+24 8.974054575437687e+24 0.0 1.1744032301443603e+25 3.707892311202814e+25 0.0 4.122228018974345e+25 1.2987017935892989e+26 0.0 1.1854788261267469e+26 3.718099046284999e+26 0.0 2.6799938807141397e+26 8.352024929397696e+26 0.0 4.604352914795054e+26 1.4226954990853267e+27 0.0 6.026207317159924e+26 1.839440186255625e+27 0.0 7.990653567591593e+26 3.9953267837960934e+27 0.0 5.38397498476963e+22 2.7398797062349558e+23 0.0 1.1176323109281331e+23 3.5401508683466766e+23 0.0 5.841082751550679e+23 1.888691025374443e+24 0.0 2.757857509239745e+24 8.987101537525561e+24 0.0 1.1426876881366083e+25 3.723800845162383e+25 0.0 4.024117096273498e+25 1.3057569800336227e+26 0.0 1.1604583622808414e+26 3.7393521535126834e+26 0.0 2.6315375312774263e+26 8.400136863286276e+26 0.0 4.543234335628799e+26 1.431382927972978e+27 0.0 5.9985427029709504e+26 1.8526907121393561e+27 0.0 8.062492822381396e+26 4.031246411191021e+27 0.0 5.047225868031513e+22 2.6261326690628087e+23 0.0 1.047628313352016e+23 3.468935889954369e+23 0.0 5.5451221708030504e+23 1.8788487057888747e+24 0.0 2.649468830061215e+24 9.009975812750651e+24 0.0 1.1065478485503314e+25 3.7451964260969425e+25 0.0 3.913990311389076e+25 1.3144650492364148e+26 0.0 1.1312145997788956e+26 3.76486517168277e+26 0.0 2.5706348793910005e+26 8.460068810359212e+26 0.0 4.460721255535623e+26 1.4432523165089112e+27 0.0 5.961508972899341e+26 1.872736039932534e+27 0.0 8.177969280500693e+26 4.088984640250687e+27 0.0 4.171835215346325e+22 2.4009670576290266e+23 0.0 9.115375573306472e+22 3.306655469442147e+23 0.0 5.036866023128417e+23 1.832047440296446e+24 0.0 2.4676840327431535e+24 8.858351573537265e+24 0.0 1.0440578530612056e+25 3.690575204121656e+25 0.0 3.713438417910784e+25 1.2959579653363833e+26 0.0 1.0749644553849731e+26 3.7157135718754706e+26 0.0 2.446534512117056e+26 8.374917255135345e+26 0.0 4.2787263232931865e+26 1.437789670968558e+27 0.0 5.852881418990747e+26 1.8864804431005492e+27 0.0 8.359510608203834e+26 4.1797553041021523e+27 0.0 2.5137410072168364e+22 1.9032899938375282e+23 0.0 6.288651766045029e+22 2.6808103527496536e+23 0.0 3.749685965155371e+23 1.5003511276724227e+24 0.0 1.898855086997276e+24 7.243409743089606e+24 0.0 8.147075668358563e+24 3.0072340207881396e+25 0.0 2.9174535392582863e+25 1.0555436608851974e+26 0.0 8.507429078940683e+25 3.04726672844963e+26 0.0 1.9691893770688175e+26 7.005124616359613e+26 0.0 3.5905357349996264e+26 1.2532609240167527e+27 0.0 5.3575888005286564e+26 1.7711625589519583e+27 0.0 8.641933607085972e+26 4.320966803543195e+27 0.0 1.0020040300059467e+22 1.2135067383185047e+23 0.0 3.1520964691910675e+22 1.6409898133212872e+23 0.0 2.033301219854675e+23 8.951775110856246e+23 0.0 1.0542685390410568e+24 4.235834469428384e+24 0.0 4.567578918222306e+24 1.740301283980425e+25 0.0 1.6580602932906086e+25 6.1323100035992966e+25 0.0 4.9894176307878665e+25 1.8182565363083446e+26 0.0 1.2356181307397298e+26 4.458331267401688e+26 0.0 2.5591114990473177e+26 9.020700804151533e+26 0.0 4.635797940271401e+26 1.53829685217019e+27 0.0 8.994184068420698e+26 4.497092034210703e+27 0.0 3.172056994045861e+21 6.323332119442881e+22 0.0 1.3110771740726306e+22 7.757956684257396e+22 0.0 8.640042128148975e+22 3.997968752100377e+23 0.0 4.4811352307482476e+23 1.84090281284885e+24 0.0 1.9702057349012083e+24 7.577134887533251e+24 0.0 7.486375824748509e+24 2.770992204997999e+25 0.0 2.4766973755590535e+25 8.958195271028937e+25 0.0 7.2126407595619914e+25 2.5598603147752024e+26 0.0 1.8718914025562418e+26 6.448821354699549e+26 0.0 4.2499230915799744e+26 1.384437934115506e+27 0.0 9.32041381061422e+26 4.660206905307425e+27 0.0 1.6853586181404104e+21 2.9219213017568885e+22 0.0 5.755386991121424e+21 3.1796492490841797e+22 0.0 3.4929681705700742e+22 1.565900969562417e+23 0.0 1.8192734561367466e+23 7.33042618042944e+23 0.0 8.554198778956791e+23 3.237762605261557e+24 0.0 3.687667239158298e+24 1.341113145103705e+25 0.0 1.4612553813507625e+25 5.164838993469208e+25 0.0 5.26165228558855e+25 1.8121207127324825e+26 0.0 1.6590987132998616e+26 5.531572781803875e+26 0.0 4.247670528237651e+26 1.3524072763395487e+27 0.0 9.570983726354933e+26 4.7854918631779194e+27 0.0 1.6475404441793806e+21 1.4834147358868442e+22 0.0 3.5450371832099336e+21 1.5787788739887183e+22 0.0 1.998627777867887e+22 8.131724513515171e+22 0.0 1.096839272894877e+23 4.1919424294244693e+23 0.0 5.73872556567991e+23 2.0976133241016902e+24 0.0 2.8123852089096434e+24 9.940564930178849e+24 0.0 1.2628214916674008e+25 4.3406290052622306e+25 0.0 5.029543953109481e+25 1.6825248419870958e+26 0.0 1.686864813386119e+26 5.4737036780303145e+26 0.0 4.396501716963858e+26 1.375818969202309e+27 0.0 9.752572733309883e+26 4.8762863666555844e+27 0.0 1.813841005520682e+21 1.0744521028992877e+22 0.0 3.458156038628202e+21 1.269948922843923e+22 0.0 1.91260223618831e+22 6.998802274549349e+22 0.0 1.0649347538171616e+23 3.8197229554532105e+23 0.0 5.718801749549298e+23 2.0036334521376894e+24 0.0 2.8753915210348185e+24 9.842544498273767e+24 0.0 1.316011742113338e+25 4.402229448200039e+25 0.0 5.290429328647402e+25 1.727783639169552e+26 0.0 1.7701940128501315e+26 5.633178127395317e+26 0.0 4.5500213364770026e+26 1.407710325857425e+27 0.0 9.886242653473618e+26 4.9431213267375276e+27 0.0 1.965378399968527e+21 9.992769620933912e+21 0.0 3.892438776662275e+21 1.2804851992916954e+22 0.0 2.152889985635148e+22 7.283062321916775e+22 0.0 1.1842201874056256e+23 4.019889187923807e+23 0.0 6.277240329227856e+23 2.113441246586018e+24 0.0 3.1191503065170667e+24 1.0358163345680247e+25 0.0 1.4116087751562437e+25 4.6092085724825186e+25 0.0 5.606429270894715e+25 1.795890698904054e+26 0.0 1.8492953291357476e+26 5.802006485095585e+26 0.0 4.674785016405748e+26 1.4351534953749135e+27 0.0 9.987259338974978e+26 4.993629669488123e+27 0.0 1.999671153002762e+21 9.889705483334144e+21 0.0 4.216423005105486e+21 1.3203962957278545e+22 0.0 2.373052573990808e+22 7.649787281878668e+22 0.0 1.3022429849708121e+23 4.245156643917674e+23 0.0 6.837002429119989e+23 2.228497007222954e+24 0.0 3.3577573928375196e+24 1.0867299603194217e+25 0.0 1.5010188345340777e+25 4.802510949545368e+25 0.0 5.8853406130177234e+25 1.856142955116665e+26 0.0 1.9149366455009586e+26 5.9436433033974285e+26 0.0 4.772880597925856e+26 1.457047644839009e+27 0.0 1.0064517843272814e+27 5.032258921636966e+27 0.0 2.0022484690598182e+21 9.897897349539833e+21 0.0 4.4031756914911646e+21 1.3498396085414164e+22 0.0 2.5260706713737525e+22 7.91820471020129e+22 0.0 1.3931275022035141e+23 4.4178844882351856e+23 0.0 7.293019642674154e+23 2.3199312653342725e+24 0.0 3.5571096494841173e+24 1.1280215797774789e+25 0.0 1.575902341715102e+25 4.960297189764047e+25 0.0 6.115628284705996e+25 1.905068059497662e+26 0.0 1.967821062444416e+26 6.057001487789172e+26 0.0 4.8497850024750136e+26 1.474207360353281e+27 0.0 1.0123529412262978e+27 5.061764706132229e+27 0.0 2.003140843159561e+21 9.927457169313706e+21 0.0 4.514133220363896e+21 1.3702462647454262e+22 0.0 2.6283223672502125e+22 8.105029076566894e+22 0.0 1.4591113094799513e+23 4.5432403589921017e+23 0.0 7.64248694968889e+23 2.388793470816126e+24 0.0 3.7147014650333125e+24 1.1599293368344432e+25 0.0 1.6358603057725427e+25 5.083960803839267e+25 0.0 6.299786731255044e+25 1.9435599202715828e+26 0.0 2.009657463246103e+26 6.14576323802852e+26 0.0 4.909639643057373e+26 1.4874831867412515e+27 0.0 1.0168228142875582e+27 5.084114071438805e+27 0.0 2.0050712155680297e+21 9.959037469868484e+21 0.0 4.584984813204609e+21 1.3847736823987497e+22 0.0 2.6973743043536713e+22 8.236515766218538e+22 0.0 1.5062346349220533e+23 4.6335764971707074e+23 0.0 7.902844254377928e+23 2.439747598047111e+24 0.0 3.8354062296967955e+24 1.1840386293613384e+25 0.0 1.6824611563164093e+25 5.1786574799235905e+25 0.0 6.443480309126837e+25 1.9732069001847325e+26 0.0 2.0421663754891995e+26 6.214053196735627e+26 0.0 4.95567174891485e+26 1.497616414607928e+27 0.0 1.0201714189605063e+27 5.100857094803402e+27 0.0 2.007381352764628e+21 9.987314579422747e+21 0.0 4.632673022548017e+21 1.3953281273184368e+22 0.0 2.744820065889545e+22 8.330331320577022e+22 0.0 1.539756975725404e+23 4.698731194016814e+23 0.0 8.093807162016499e+23 2.4771279397092247e+24 0.0 3.9259400877362194e+24 1.2019998074275261e+25 0.0 1.7178932646508e+25 5.24998487389856e+25 0.0 6.553364401362673e+25 1.9956661662375918e+26 0.0 2.0670063138046532e+26 6.265804906541808e+26 0.0 4.9906044123532485e+26 1.505251146553553e+27 0.0 1.0226517923356522e+27 5.113258961678995e+27 0.0 2.009604153827649e+21 1.0010987267056009e+22 0.0 4.665801984430362e+21 1.4030755236806373e+22 0.0 2.777895781640457e+22 8.397896054468444e+22 0.0 1.5636111231665005e+23 4.7458114416837235e+23 0.0 8.232610075932584e+23 2.504416126298327e+24 0.0 3.992882002671958e+24 1.2152532405547227e+25 0.0 1.7443967582022083e+25 5.303062361411304e+25 0.0 6.6360453713838125e+25 2.0124610726057756e+26 0.0 2.0857095355064814e+26 6.304532558398335e+26 0.0 5.016778735075913e+26 1.510937262072843e+27 0.0 1.0244698254047395e+27 5.122349127024402e+27 0.0 2.011555039840183e+21 1.0030146929883351e+22 0.0 4.6892462706960876e+21 1.4087904459742167e+22 0.0 2.801197749807161e+22 8.446838489028865e+22 0.0 1.5806116839621886e+23 4.779885997726266e+23 0.0 8.332960890469807e+23 2.524277181190145e+24 0.0 4.0418964425264576e+24 1.2249683333646128e+25 0.0 1.763982934112304e+25 5.3422080865733355e+25 0.0 6.697469404727923e+25 2.0248946561424608e+26 0.0 2.099619972359189e+26 6.333218756113863e+26 0.0 5.036170930189827e+26 1.5151305695787696e+27 0.0 1.025790008944126e+27 5.128950044721099e+27 0.0 2.013189120377089e+21 1.004535234000029e+22 0.0 4.7060209073246857e+21 1.4130157410316221e+22 0.0 2.817733788566672e+22 8.482416277354272e+22 0.0 1.592747491550446e+23 4.80457564674719e+23 0.0 8.405273060098231e+23 2.5387041844946294e+24 0.0 4.0775394595564727e+24 1.2320564953354998e+25 0.0 1.7783275165505272e+25 5.370888351413046e+25 0.0 6.742649502338378e+25 2.034028418812936e+26 0.0 2.109862340834847e+26 6.354293645108356e+26 0.0 5.050401200088782e+26 1.5181977252037023e+27 0.0 1.0267409334589947e+27 5.133704667296117e+27 0.0 2.014521218102234e+21 1.0057269108817894e+22 0.0 4.7181046661409737e+21 1.4161427775427126e+22 0.0 2.829526180149209e+22 8.50833348085851e+22 0.0 1.6014220450126547e+23 4.822478009401068e+23 0.0 8.457268763311233e+23 2.549169436638953e+24 0.0 4.103332343738328e+24 1.237210559359081e+25 0.0 1.7887626647912565e+25 5.391797278815087e+25 0.0 6.775624743082697e+25 2.0406981228493088e+26 0.0 2.1173429461406284e+26 6.36967610594978e+26 0.0 5.060760316182743e+26 1.520426080809272e+27 0.0 1.0274210939298435e+27 5.137105469650614e+27 0.0 2.0155884290692864e+21 1.006652843640741e+22 0.0 4.726846261610416e+21 1.418457788637109e+22 0.0 2.837963299395514e+22 8.527236797427052e+22 0.0 1.6076283084979788e+23 4.835464107704423e+23 0.0 8.494599266157374e+23 2.55675296365568e+24 0.0 4.121930218339974e+24 1.240948852776299e+25 0.0 1.7963151033714036e+25 5.406983570181722e+25 0.0 6.799546642892736e+25 2.0455459838935472e+26 0.0 2.122770938485631e+26 6.380845620357394e+26 0.0 5.06825153787884e+26 1.522036086971598e+27 0.0 1.0279046192557158e+27 5.1395230962797e+27 0.0 2.0164332483222047e+21 1.007367810465091e+22 0.0 4.733187153680302e+21 1.4201716216621636e+22 0.0 2.8440128152868877e+22 8.541034147582093e+22 0.0 1.6120711605906613e+23 4.84488563648652e+23 0.0 8.521369390657838e+23 2.562243692811146e+24 0.0 4.135303491063002e+24 1.243655059498169e+25 0.0 1.801759598946078e+25 5.4179816641716895e+25 0.0 6.816817953701228e+25 2.049056878750494e+26 0.0 2.1266888445329016e+26 6.388922467775287e+26 0.0 5.073639110793109e+26 1.52319402279974e+27 0.0 1.0282464933482077e+27 5.141232466742211e+27 0.0 2.017096203043735e+21 1.0079172617091628e+22 0.0 4.737794552133034e+21 1.4214401437301605e+22 0.0 2.8483563460271094e+22 8.551108396421454e+22 0.0 1.61525250368989e+23 4.85172110375362e+23 0.0 8.540547501849866e+23 2.5662163420316766e+24 0.0 4.144899039661453e+24 1.2456111427508838e+25 0.0 1.8056722177187166e+25 5.4259285393533665e+25 0.0 6.829239903145385e+25 2.051592203861726e+26 0.0 2.129504650022991e+26 6.394743403477803e+26 0.0 5.0774959450307074e+26 1.5240236448568226e+27 0.0 1.028487018162682e+27 5.142435090813714e+27 0.0 7.809284665010355e+17 7.058131217993707e+21 0.0 -1.1663064033893362e+17 1.2643405745206526e+22 0.0 -1.3441927008681982e+19 7.607972700527479e+22 0.0 -1.3626862759920419e+20 4.3175029381648775e+23 0.0 -9.355093816555654e+20 2.2839463238872358e+24 0.0 -4.972557399253417e+21 1.1086308717379688e+25 0.0 -2.0765917136296272e+22 4.828834570593187e+25 0.0 -6.583143702852975e+22 1.8254805646290128e+26 0.0 -1.4544786272465796e+23 5.6884198929906096e+26 0.0 -1.8075603627957268e+23 1.3552745670686154e+27 0.0 0.0 7.200588153588993e+27 0.0 -2.0165229879539566e+21 1.00860931087524e+22 0.0 -4.743566219141875e+21 1.4230724018019336e+22 0.0 -2.8557264442100193e+22 8.564505854475808e+22 0.0 -1.621255273081131e+23 4.860974187123952e+23 0.0 -8.578620661004191e+23 2.5716488416170125e+24 0.0 -4.1644540358166514e+24 1.2483005149765766e+25 0.0 -1.8137373047354863e+25 5.436872578605292e+25 0.0 -6.854847723039705e+25 2.0550765839310146e+26 0.0 -2.1352438731877398e+26 6.402687687176548e+26 0.0 -5.0850343737092774e+26 1.5251324552765647e+27 0.0 -1.028772862454075e+27 5.143864312271473e+27 0.0 -2.0172170134692183e+21 1.0088665448771068e+22 0.0 -4.745195950339182e+21 1.4235808169978975e+22 0.0 -2.8566517891864086e+22 8.568199049872422e+22 0.0 -1.6217520027233314e+23 4.863358415299918e+23 0.0 -8.581096739243473e+23 2.572996656769471e+24 0.0 -4.1655694908558884e+24 1.2489543650259041e+25 0.0 -1.8141735406216995e+25 5.439509112989978e+25 0.0 -6.856239174720379e+25 2.055914316894261e+26 0.0 -2.1355722732311657e+26 6.404601999545483e+26 0.0 -5.085551120717881e+26 1.5254031784008078e+27 0.0 -1.028854332456852e+27 5.144271662285333e+27 0.0 -2.017740752119583e+21 1.0090616935098102e+22 0.0 -4.746424381487484e+21 1.4239579620910907e+22 0.0 -2.8573495733628017e+22 8.570908294367874e+22 0.0 -1.6221259020437005e+23 4.865094859700725e+23 0.0 -8.582953512019312e+23 2.573973629525852e+24 0.0 -4.1664016272893706e+24 1.2494267598561115e+25 0.0 -1.8144970062876314e+25 5.441409066493814e+25 0.0 -6.857263809350506e+25 2.0565164226654292e+26 0.0 -2.1358118476024394e+26 6.405972377731155e+26 0.0 -5.08592099405277e+26 1.5255952218687606e+27 0.0 -1.0289105910285714e+27 5.144552955144642e+27 0.0 -2.018135367266949e+21 1.0092094414597896e+22 0.0 -4.747348707953649e+21 1.42423752262467e+22 0.0 -2.8578747615317013e+22 8.572894815876708e+22 0.0 -1.6224068608303284e+23 4.866358944982546e+23 0.0 -8.584344063238797e+23 2.574681388492015e+24 0.0 -4.167021900624587e+24 1.2497677999720389e+25 0.0 -1.814736755407744e+25 5.442776910208609e+25 0.0 -6.858018189627748e+25 2.0569486626651856e+26 0.0 -2.135986585264358e+26 6.406951916026626e+26 0.0 -5.086185462244256e+26 1.5257311562091383e+27 0.0 -1.0289492382029902e+27 5.144746191015294e+27 0.0 -2.0184322503328827e+21 1.0093210884145097e+22 0.0 -4.748043091032212e+21 1.4244445847214516e+22 0.0 -2.8582693616585695e+22 8.574350623977504e+22 0.0 -1.622617643712018e+23 4.867278679937601e+23 0.0 -8.585384123440507e+23 2.575193798138246e+24 0.0 -4.167483839557888e+24 1.2500138203365385e+25 0.0 -1.8149143573154906e+25 5.443760740334718e+25 0.0 -6.858573410051133e+25 2.0572586041090014e+26 0.0 -2.1361139899116933e+26 6.407651076217974e+26 0.0 -5.086374345415414e+26 1.5258271649316763e+27 0.0 -1.0289756339451882e+27 5.144878169728064e+27 0.0 -2.0186552798033493e+21 1.0094052989952755e+22 0.0 -4.748563927776005e+21 1.4245978175626994e+22 0.0 -2.858565357990248e+22 8.575416827380863e+22 0.0 -1.6227755346735302e+23 4.867947456284609e+23 0.0 -8.58616102928384e+23 2.5755645189399284e+24 0.0 -4.167827526635353e+24 1.2501911499100201e+25 0.0 -1.8150458324324204e+25 5.444467682571697e+25 0.0 -6.858981853308996e+25 2.0574805949828396e+26 0.0 -2.136206839359703e+26 6.408149392188191e+26 0.0 -5.086509071787113e+26 1.525894821735188e+27 0.0 -1.028993543532402e+27 5.144967717664733e+27 0.0 -2.0188225811991534e+21 1.009468698231397e+22 0.0 -4.748953994010694e+21 1.4247111064974585e+22 0.0 -2.858787031424103e+22 8.576197109040619e+22 0.0 -1.622893623850219e+23 4.868433396916324e+23 0.0 -8.586740588408867e+23 2.575832517770997e+24 0.0 -4.168082960039236e+24 1.2503188533778832e+25 0.0 -1.8151430820329703e+25 5.444975144095979e+25 0.0 -6.859282133504111e+25 2.0576394029588616e+26 0.0 -2.136274464488536e+26 6.408504029329192e+26 0.0 -5.086605028674205e+26 1.5259423849231726e+27 0.0 -1.0290056020140077e+27 5.145028010072643e+27 0.0 -2.0189478886307558e+21 1.0095163394406415e+22 0.0 -4.749245665654135e+21 1.424794773300336e+22 0.0 -2.8589527715640223e+22 8.576767638010296e+22 0.0 -1.6229818049117945e+23 4.868786182783228e+23 0.0 -8.587172319475321e+23 2.576026080703273e+24 0.0 -4.168272577605847e+24 1.2504107267402612e+25 0.0 -1.815214947328721e+25 5.445339007422361e+25 0.0 -6.8595027228089075e+25 2.0577528663347296e+26 0.0 -2.136323680344865e+26 6.408756014055371e+26 0.0 -5.0866732578850544e+26 1.5259757352216684e+27 0.0 -1.029013646546139e+27 5.145068232733154e+27 0.0 -2.01904159265002e+21 1.0095520690618331e+22 0.0 -4.749463404208643e+21 1.4248564869382502e+22 0.0 -2.8590764792506617e+22 8.577184359576718e+22 0.0 -1.6230475428224413e+23 4.869042037727006e+23 0.0 -8.587493439503964e+23 2.576165733269775e+24 0.0 -4.168413152069164e+24 1.250476747735536e+25 0.0 -1.8152679954163226e+25 5.4455995837911036e+25 0.0 -6.859664617688208e+25 2.0578338194009286e+26 0.0 -2.1363594648773093e+26 6.408934751251328e+26 0.0 -5.0867216773836265e+26 1.5259990524643175e+27 0.0 -1.0290189530570754e+27 5.145094765287005e+27 0.0 -2.019111543404587e+21 1.0095788094799458e+22 0.0 -4.74962566359207e+21 1.4249019426513111e+22 0.0 -2.8591686449841813e+22 8.577488355896994e+22 0.0 -1.6230964617265e+23 4.869227367552115e+23 0.0 -8.58773188945064e+23 2.5762663643308316e+24 0.0 -4.16851721358238e+24 1.2505241287768842e+25 0.0 -1.8153071030902276e+25 5.445785930889004e+25 0.0 -6.859783301650505e+25 2.057891487503291e+26 0.0 -2.1363854541070766e+26 6.409061290757397e+26 0.0 -5.0867559608957395e+26 1.5260153022315395e+27 0.0 -1.0290224040831851e+27 5.145112020417468e+27 0.0 -2.01916366428401e+21 1.0095987772933435e+22 0.0 -4.74974634705397e+21 1.4249353679444359e+22 0.0 -2.8592371742662136e+22 8.577709787551238e+22 0.0 -1.6231327933462344e+23 4.869361416220166e+23 0.0 -8.587908625176574e+23 2.5763387700912475e+24 0.0 -4.1685941169506484e+24 1.2505580806801431e+25 0.0 -1.8153358908163899e+25 5.445918980108325e+25 0.0 -6.859870191690297e+25 2.0579324960392072e+26 0.0 -2.1364043036520235e+26 6.409150684113144e+26 0.0 -5.086780170871041e+26 1.5260265848922502e+27 0.0 -1.029024607367017e+27 5.145123036838501e+27 0.0 -2.0192024195874066e+21 1.0096136511498618e+22 0.0 -4.749835916673077e+21 1.424959899334891e+22 0.0 -2.859288016893008e+22 8.577870791007419e+22 0.0 -1.6231597179311003e+23 4.8694582043504275e+23 0.0 -8.588039348806245e+23 2.5763907760981034e+24 0.0 -4.168650841839866e+24 1.250582366199138e+25 0.0 -1.815357045411501e+25 5.446013799023205e+25 0.0 -6.8599337048411265e+25 2.057961599145314e+26 0.0 -2.136417952795521e+26 6.409213681819592e+26 0.0 -5.086797213687763e+26 1.526034385387608e+27 0.0 -1.0290259793829607e+27 5.145129896918225e+27 0.0 -2.019231170123372e+21 1.0096247004005864e+22 0.0 -4.749902236046941e+21 1.4249778626900726e+22 0.0 -2.8593256453425907e+22 8.577987608115226e+22 0.0 -1.6231796228185968e+23 4.869527943562027e+23 0.0 -8.58813581489875e+23 2.576428052228155e+24 0.0 -4.168692592293102e+24 1.2505997009448305e+25 0.0 -1.8153725599517264e+25 5.446081226627796e+25 0.0 -6.85998004486845e+25 2.057982205281174e+26 0.0 -2.1364278173945845e+26 6.409257953716864e+26 0.0 -5.086809166790178e+26 1.5260397516187214e+27 0.0 -1.0290268039629542e+27 5.145134019818723e+27 0.0 -2.0192524431727788e+21 1.0096328834954763e+22 0.0 -4.749951209203832e+21 1.4249909817771544e+22 0.0 -2.8593534177382175e+22 8.578072151285968e+22 0.0 -1.6231942981916218e+23 4.869578068416944e+23 0.0 -8.588206814839211e+23 2.5764547045768457e+24 0.0 -4.168723245757897e+24 1.2506120436545e+25 0.0 -1.8153839121909423e+25 5.446129054472515e+25 0.0 -6.860013782833322e+25 2.0579967559801596e+26 0.0 -2.1364349308809037e+26 6.409288965483685e+26 0.0 -5.0868175137230865e+26 1.5260434216485033e+27 0.0 -1.029027273334944e+27 5.145136366676362e+27 0.0 -2.0192681370312098e+21 1.009638923022143e+22 0.0 -4.749987263834974e+21 1.4250005332373902e+22 0.0 -2.8593738524920113e+22 8.578133153080988e+22 0.0 -1.6232050849237666e+23 4.869613988892531e+23 0.0 -8.588258917283028e+23 2.5764737050340077e+24 0.0 -4.1687456889282693e+24 1.2506208061756531e+25 0.0 -1.8153921971448085e+25 5.446162878960096e+25 0.0 -6.860038285294229e+25 2.0580069984643544e+26 0.0 -2.1364400472604624e+26 6.40931060721659e+26 0.0 -5.086823312795817e+26 1.5260459142241932e+27 0.0 -1.0290275167358608e+27 5.145137583682686e+27 0.0 -2.019279675814567e+21 1.0096433628571842e+22 0.0 -4.750013716538212e+21 1.4250074617798847e+22 0.0 -2.8593888359723154e+22 8.578177010918318e+22 0.0 -1.6232129861657234e+23 4.869639639233246e+23 0.0 -8.588297024930968e+23 2.5764872030801355e+24 0.0 -4.1687620689771866e+24 1.2506270053515051e+25 0.0 -1.8153982256290427e+25 5.446186716117191e+25 0.0 -6.86005603033908e+25 2.058014181757101e+26 0.0 -2.1364437164040616e+26 6.409325643889478e+26 0.0 -5.086827318121141e+26 1.5260475931239373e+27 0.0 -1.0290276203202741e+27 5.14513810160333e+27 0.0 -2.0192881264111908e+21 1.0096466115648387e+22 0.0 -4.750033048194358e+21 1.4250124656678284e+22 0.0 -2.8593997790930367e+22 8.578208406993462e+22 0.0 -1.623218751338716e+23 4.8696578778357534e+23 0.0 -8.588324792123777e+23 2.576496751841235e+24 0.0 -4.1687739811087583e+24 1.2506313727598834e+25 0.0 -1.8154025974142123e+25 5.4462034445468605e+25 0.0 -6.860068840487381e+25 2.0580191975762884e+26 0.0 -2.1364463390246727e+26 6.409336037660498e+26 0.0 -5.086830066337822e+26 1.5260487128010836e+27 0.0 -1.0290276409376852e+27 5.145138204692629e+27 0.0 -2.0192942867036837e+21 1.0096489752939198e+22 0.0 -4.75004711134627e+21 1.4250160601355868e+22 0.0 -2.8594077352432476e+22 8.578230763148648e+22 0.0 -1.6232229392898575e+23 4.869670778536106e+23 0.0 -8.588344937932849e+23 2.576503471964267e+24 0.0 -4.168782608456333e+24 1.2506344339630002e+25 0.0 -1.8154057554793495e+25 5.446215124338757e+25 0.0 -6.860078054333664e+25 2.058022681467905e+26 0.0 -2.1364482067827093e+26 6.409343178234764e+26 0.0 -5.086831938697918e+26 1.5260494507128118e+27 0.0 -1.0290276156485347e+27 5.145138078248147e+27 0.0 -2.0192987520376475e+21 1.0096506826490112e+22 0.0 -4.750057286136977e+21 1.4250186243689144e+22 0.0 -2.859413488958735e+22 8.578246574330714e+22 0.0 -1.6232259656836804e+23 4.86967984261743e+23 0.0 -8.588359480186496e+23 2.576508170241087e+24 0.0 -4.168788826273712e+24 1.2506365656736694e+25 0.0 -1.8154080261907827e+25 5.446223226410761e+25 0.0 -6.860084652820583e+25 2.0580250853147978e+26 0.0 -2.1364495315563935e+26 6.409348047308288e+26 0.0 -5.086833205472672e+26 1.526049930179495e+27 0.0 -1.0290275682639405e+27 5.145137841322634e+27 0.0 -2.019301965127192e+21 1.0096519034054593e+22 0.0 -4.750064597085679e+21 1.4250204361842605e+22 0.0 -2.8594176222333453e+22 8.578257652147504e+22 0.0 -1.6232281383754423e+23 4.869686152569749e+23 0.0 -8.588369909587374e+23 2.576511425246099e+24 0.0 -4.168793279042996e+24 1.250638036860809e+25 0.0 -1.815409648899113e+25 5.4462287968981755e+25 0.0 -6.860089351641712e+25 2.0580267291399757e+26 0.0 -2.1364504666473315e+26 6.409351335504771e+26 0.0 -5.0868340575291e+26 1.5260502364765597e+27 0.0 -1.0290275138064211e+27 5.145137569033502e+27 0.0 -2.019304253439224e+21 1.009652762526275e+22 0.0 -4.750069800343731e+21 1.425021697562904e+22 0.0 -2.859420564032885e+22 8.57826530250645e+22 0.0 -1.6232296837312073e+23 4.8696904834363137e+23 0.0 -8.588377318800317e+23 2.576513649031208e+24 0.0 -4.1687964373933793e+24 1.250639038254715e+25 0.0 -1.8154107976519163e+25 5.446232574780726e+25 0.0 -6.860092668646011e+25 2.0580278380552568e+26 0.0 -2.1364511221328133e+26 6.409353525411691e+26 0.0 -5.086834628769199e+26 1.5260504281511133e+27 0.0 -1.0290274615548795e+27 5.145137307776274e+27 0.0 -2.019305857044893e+21 1.0096533505569693e+22 0.0 -4.750073448329084e+21 1.4250225532655391e+22 0.0 -2.859422626796542e+22 8.578270453822219e+22 0.0 -1.6232307659428007e+23 4.869693382652107e+23 0.0 -8.588382496563267e+23 2.5765151311371116e+24 0.0 -4.168798639343786e+24 1.2506397033140433e+25 0.0 -1.8154115968424104e+25 5.446235075223117e+25 0.0 -6.860094972149685e+25 2.0580285683611446e+26 0.0 -2.1364515757707267e+26 6.409354949953015e+26 0.0 -5.086835011789506e+26 1.5260505448912455e+27 0.0 -1.0290274170863753e+27 5.1451370854345e+27 0.0 -2.0193069491660265e+21 1.0096537312085129e+22 0.0 -4.75007593710143e+21 1.425023104234134e+22 0.0 -2.8594240330277933e+22 8.57827374854074e+22 0.0 -1.623231500975592e+23 4.8696952266472924e+23 0.0 -8.588385995070727e+23 2.576516069658843e+24 0.0 -4.168800119593218e+24 1.2506401229754488e+25 0.0 -1.8154121322384902e+25 5.446236647990095e+25 0.0 -6.860096514720679e+25 2.058029025774809e+26 0.0 -2.136451880594932e+26 6.409355832999562e+26 0.0 -5.086835268619517e+26 1.5260506129498965e+27 0.0 -1.0290273836393624e+27 5.145136918198401e+27 0.0 -2.0193076511417051e+21 1.0096539467305317e+22 0.0 -4.75007754024778e+21 1.425023416952487e+22 0.0 -2.859424933980075e+22 8.57827560644019e+22 0.0 -1.623231966194192e+23 4.8696962597413606e+23 0.0 -8.588388175647041e+23 2.5765165924726967e+24 0.0 -4.1688010290400215e+24 1.2506403556876096e+25 0.0 -1.8154124582532767e+25 5.446237517106601e+25 0.0 -6.860097455310664e+25 2.0580292777815527e+26 0.0 -2.1364520698430417e+26 6.409356316753285e+26 0.0 -5.086835437664789e+26 1.5260506487715472e+27 0.0 -1.0290273629944286e+27 5.145136814975275e+27 0.0 294155494585425.7 1.4135156300811556e+22 0.0 -5.428660523817072e+21 1.6285983087326357e+22 0.0 -3.2679144843161633e+22 9.8037442472362e+22 0.0 -1.8551223928919718e+23 5.565367539223046e+23 0.0 -9.81530147854005e+23 2.9445905852362285e+24 0.0 -4.764344336517473e+24 1.4293033495258047e+25 0.0 -2.0747572058984245e+25 6.224271767878532e+25 0.0 -7.840111697088156e+25 2.3520335529016962e+26 0.0 -2.4416595708889002e+26 7.324978825331912e+26 0.0 -5.8135262641622934e+26 1.7440578973218167e+27 0.0 -1.800797873045122e+27 5.402393619142537e+27 0.0
    </DataArray>
    <DataArray type="Float32" Name="Ion soret flux Density [Am^-2]" NumberOfComponents="3" format="ascii">
0.0021265294453490153 -0.12131528155110467 0.0 -0.03315800012730325 -0.1137034951721707 0.0 -0.13084916592076196 -0.4842139798283858 0.0 -0.4265383251894701 -1.7727667255744657 0.0 -1.0298237562716874 -5.303761133023196 0.0 -1.2243338287400878 -11.838871891362743 0.0 2.930276131937295 -15.348824712889558 0.0 20.757880328522578 6.466517330528638 0.0 61.020776138794574 83.50396929255282 0.0 121.5636812081 225.82453793650467 0.0 253.92442652029933 602.4706736846392 0.0 -0.015358965313950673 -0.08525541712574679 0.0 -0.02788334100378179 -0.09787218306564555 0.0 -0.10783011744047778 -0.41531167653038753 0.0 -0.3390509645151978 -1.5116960169795293 0.0 -0.7523285344157765 -4.4783984488194415 0.0 -0.5365258599915491 -9.800249475712299 0.0 4.104610177536467 -11.883791462671438 0.0 21.625191801253745 8.990473687024345 0.0 59.377804256987574 78.56377137212759 0.0 114.4406638793069 204.63688629127242 0.0 178.17360697552388 573.1170632029703 0.0 -0.013115783228080104 -0.0822678225811807 0.0 -0.021838423641242905 -0.09391087533135861 0.0 -0.07051338007885001 -0.39587354749135817 0.0 -0.14272437129965523 -1.4235661940786477 0.0 0.1156859138763594 -4.127106827830664 0.0 2.6192169311307714 -8.628020843510587 0.0 13.291812956799852 -8.747944936215783 0.0 42.503409391579524 15.478912507114947 0.0 95.92513695478122 88.7451022505796 0.0 164.42137039816149 216.88995969871502 0.0 242.7113260151293 582.0789763657575 0.0 -0.010648016360093304 -0.07764505297635274 0.0 -0.01535473660980848 -0.08851191086909889 0.0 -0.03103863920809954 -0.37107959646784777 0.0 0.06298071975444186 -1.3169472503530726 0.0 1.0153635207977159 -3.7230789251851455 0.0 5.847773419277721 -7.3538149593152164 0.0 22.550761451377944 -5.566432902460916 0.0 63.18806966038349 21.492479590705674 0.0 131.4445309450417 97.05135452936021 0.0 212.00459879386548 225.11856719105674 0.0 303.0922936748932 580.5926694967272 0.0 -0.00800307066738944 -0.07116155641144743 0.0 -0.008497126438095363 -0.08161985150631143 0.0 0.010251389402693748 -0.3406398079473992 0.0 0.27495070196292165 -1.1908738515529695 0.0 1.9250463564838718 -3.267792697292101 0.0 9.047979982390773 -6.005423046157729 0.0 31.55318506322662 -2.4709638727649286 0.0 82.91453985982143 26.664316532797105 0.0 164.60331684894564 102.7962775380858 0.0 255.36062610503373 228.36583448236956 0.0 356.9561108669948 567.199829672072 0.0 -0.005208044842694905 -0.06155245774508363 0.0 -0.0015212881963066057 -0.07196762246370088 0.0 0.050122413280476716 -0.29916953952651465 0.0 0.46853852068153823 -1.0286091072386179 0.0 2.7134102273165475 -2.7296808279579925 0.0 11.705954934911109 -4.586610768398105 0.0 38.81101762082611 0.2694846008746239 0.0 98.52017625135129 29.964489052622074 0.0 190.52274318252606 103.77844540556602 0.0 289.27274354863283 223.78615483164634 0.0 400.74566327608323 540.4093278137344 0.0 -0.002395497282086375 -0.0445873003545877 0.0 0.0037814763594280656 -0.05215329481549385 0.0 0.06870825151724001 -0.21454796597332693 0.0 0.5098016823666802 -0.7229165929942637 0.0 2.7059899864404056 -1.8523331128165335 0.0 11.17097632419432 -2.8153443070130812 0.0 36.26470840152259 1.8345148733855314 0.0 91.74824118071038 26.326884544184665 0.0 180.38153276763964 87.56693520456066 0.0 286.5968938384516 195.904697826716 0.0 428.04390333654237 498.71062216086193 0.0 -0.0005371797852586401 -0.02441589941411583 0.0 0.004424017007402429 -0.02717519113637167 0.0 0.050247862386093446 -0.10924558760445531 0.0 0.33429736163833573 -0.36011643760239914 0.0 1.6915271642340033 -0.8995683840814371 0.0 6.8670473928907825 -1.2763022310073378 0.0 22.56225996089587 1.4982473871029616 0.0 59.98272167706499 16.07954252717386 0.0 130.82677614131399 57.6236785402292 0.0 245.167352996963 151.45415921540132 0.0 433.3163009486646 445.6658255678493 0.0 7.214170930707882e-05 -0.010313963507917861 0.0 0.002439659494594719 -0.010485652253526058 0.0 0.02279542665397023 -0.040961307746426784 0.0 0.14329024859853431 -0.13382293753934074 0.0 0.7187474777308093 -0.33831591067040034 0.0 3.0105703705222058 -0.4978309141817807 0.0 10.722473743715048 0.6652926291800197 0.0 32.945662623167124 8.103666443925967 0.0 88.41451471441049 35.759743351482925 0.0 206.06624716559472 117.50415157332125 0.0 418.7148721436419 389.4992945686348 0.0 0.00011287596069757379 -0.0037153822050535637 0.0 0.0009402936607372115 -0.003421368427001707 0.0 0.008067107997924162 -0.013406616760798356 0.0 0.05158601970577761 -0.04599372743215675 0.0 0.2790159903554778 -0.1284919788919301 0.0 1.3286136886088844 -0.22767332483542743 0.0 5.644139017535305 0.2577634446072627 0.0 21.259182757000012 4.716936052872394 0.0 68.87513160213881 25.752361753835512 0.0 182.37296868574657 97.49716808758794 0.0 391.5714107958625 336.38036799652724 0.0 7.000440801967232e-05 -0.0014840451011213275 0.0 0.0004022032361969169 -0.0013693910288242685 0.0 0.003583075314430586 -0.005884364528015035 0.0 0.025475038493674718 -0.022974743633391307 0.0 0.1576172675180279 -0.0753053222947588 0.0 0.8652312809533068 -0.16564231642599275 0.0 4.18959252597728 0.09853683951374527 0.0 17.49012177088863 3.4576677248169645 0.0 60.51496374019619 21.020423746549557 0.0 165.33159248305165 83.84060025260546 0.0 358.38351330564745 289.21424319323694 0.0 5.318088061852134e-05 -0.000914836275581234 0.0 0.0002811628396789319 -0.000941686288452909 0.0 0.002623619453884506 -0.004398395708673699 0.0 0.019783528617323895 -0.018561409916102035 0.0 0.1291190438193859 -0.06574448410853995 0.0 0.7395755240102181 -0.16175886753393592 0.0 3.689635340825148 -0.004268738548243494 0.0 15.674465291383536 2.7324032464243664 0.0 54.608203146035315 17.70272299226668 0.0 149.29934701108579 72.54453807203639 0.0 323.43557497244154 248.9619140716641 0.0 4.9613563323535294e-05 -0.0007681698470634816 0.0 0.000251534703871311 -0.0008494392480979962 0.0 0.002348461530329188 -0.004077971660294048 0.0 0.017793100776902663 -0.01757695346023004 0.0 0.11653556747358591 -0.06387980522852278 0.0 0.6685037200554679 -0.16709178997172858 0.0 3.3333146353884224 -0.09035884569576426 0.0 14.12671679355108 2.1445275817732976 0.0 49.02740336196823 14.888114592701656 0.0 133.6684554469045 62.78794552461803 0.0 289.4044641458394 215.4377397694832 0.0 4.697287635788505e-05 -0.0006963382571110379 0.0 0.0002300035007028584 -0.0007965295302059951 0.0 0.002137000341271593 -0.003878017507598873 0.0 0.016150647399619553 -0.016904939903198215 0.0 0.10547695586464469 -0.0624894093466956 0.0 0.6030555280973988 -0.1712954425426332 0.0 2.9958651998004657 -0.16202021815191409 0.0 12.646356677314971 1.641708741435936 0.0 43.717424678450186 12.46375402033318 0.0 119.00346100006249 54.44196548357137 0.0 257.7812694243014 187.81946542000426 0.0 4.3068419824187216e-05 -0.0006399170957014362 0.0 0.00020670956061532314 -0.0007459954550987317 0.0 0.0019197450285513946 -0.0036721582519749297 0.0 0.014506583615158594 -0.016177303759828898 0.0 0.09462809879408728 -0.060759200736963684 0.0 0.5399279245119938 -0.17336245860820648 0.0 2.675330545166849 -0.22024644791317965 0.0 11.261162127588298 1.2150147744197444 0.0 38.8231147910537 10.395981072768157 0.0 105.66611485476206 47.3615268331944 0.0 229.18603366306607 165.07410644123345 0.0 3.815666482277997e-05 -0.00059106476571186 0.0 0.00018251009709577344 -0.000697899693100131 0.0 0.0017028240327167244 -0.0034660145429534443 0.0 0.012900494725443667 -0.015421321352153017 0.0 0.08422618467324314 -0.05880419410324685 0.0 0.48042265232073394 -0.1737810154993803 0.0 2.3778484343040827 -0.26715119732577175 0.0 9.993831764880063 0.8547578310254015 0.0 34.40233163633634 8.638653066887535 0.0 93.73891770206505 41.35766180258535 0.0 203.70053636132792 146.2249700179398 0.0 3.267800984593107e-05 -0.0005483443036786873 0.0 0.00015853958013184523 -0.0006537770693005661 0.0 0.001494187319482313 -0.003270277338705618 0.0 0.011378408794220468 -0.014682412981911464 0.0 0.0744912060414742 -0.05678573045910866 0.0 0.42541109503210156 -0.17311618411266377 0.0 2.106105502832714 -0.30501105096330405 0.0 8.849234994081236 0.5502064760240908 0.0 30.449821122598685 7.141936522713853 0.0 83.15534425301529 36.24513663547004 0.0 181.13884051894325 130.45980398905178 0.0 2.696279297692562e-05 -0.0005109731669549371 0.0 0.0001354744419760319 -0.0006141288106054512 0.0 0.0012981785224585884 -0.003090270219052535 0.0 0.009964679405872935 -0.013987929037647074 0.0 0.06552954204236029 -0.05481551879595475 0.0 0.37521071548618384 -0.1718126523700714 0.0 1.8603170128035447 -0.3358264764693625 0.0 7.822871496032223 0.29147819121250496 0.0 26.932961353321648 5.860857251479062 0.0 73.79224746308222 31.865037623754837 0.0 161.2148358183327 117.14313770084279 0.0 2.123721785222962e-05 -0.00047827467235025094 0.0 0.0001136838997779954 -0.0005788854242095118 0.0 0.0011167107236180452 -0.0029277571406768625 0.0 0.008668464058928271 -0.013350942670590275 0.0 0.057369526911985685 -0.05295995803721356 0.0 0.329795437413847 -0.17018786723242652 0.0 1.6394040135317711 -0.3612172734494161 0.0 6.906301451469392 0.07022609880628014 0.0 23.810534934094786 4.757873897832921 0.0 65.5151429740539 28.088569878716378 0.0 143.6265112550558 105.78975550095367 0.0 1.5651261392911195e-05 -0.0004496443772381639 0.0 9.3350439227316e-05 -0.0005477373013031943 0.0 0.0009502890036021109 -0.0027826318751712343 0.0 0.0074899013230255995 -0.012775722165155145 0.0 0.049992797794226655 -0.051253344675222925 0.0 0.2889440895871219 -0.16845537235157773 0.0 1.4416563894772223 -0.3824408969397168 0.0 6.089739929619172 -0.1203270264901006 0.0 21.040755988455672 3.8026255182049065 0.0 58.19636991464433 24.813385978012068 0.0 128.09100648569895 96.03050590787902 0.0 1.0300638731335341e-05 -0.0004245497790270012 0.0 7.45408235166661e-05 -0.00052029058662874 0.0 0.0007986238913367857 -0.0026538806707624065 0.0 0.00642411459119499 -0.012261507784787365 0.0 0.04335525321201164 -0.049708965176784456 0.0 0.25233421736186645 -0.16675081281527881 0.0 1.265098755764589 -0.4004493653411238 0.0 5.363255810606539 -0.2855873091368108 0.0 18.584324949975198 2.9708003079309964 0.0 51.72081333863591 21.95826533982556 0.0 114.35566434189846 87.58245685709592 0.0 5.242748668451983e-06 -0.0004025270553760813 0.0 5.7249813218784115e-05 -0.000496139116317863 0.0 0.000660994275949279 -0.0025401020772617294 0.0 0.0054636785035059015 -0.011804869692337112 0.0 0.03740040000025644 -0.04832711491741792 0.0 0.21960082434705064 -0.16515439679751526 0.0 1.107699298422296 -0.4159526288293873 0.0 4.717336806138795 -0.42983987472358925 0.0 16.40542962249889 2.2429180054599773 0.0 45.986709882011525 19.458296124780684 0.0 102.19903436722606 80.22605396686693 0.0 5.081584927800521e-07 -0.000383174963967809 0.0 4.1428148096010035e-05 -0.0004748969927746165 0.0 0.0005364636692306271 -0.0024397825109498854 0.0 0.004600094582065869 -0.01140112345834034 0.0 0.03206749012905725 -0.04710054796980009 0.0 0.19037197173922457 -0.16370846988304766 0.0 0.9674883473195912 -0.4294759409535099 0.0 4.143152265361899 -0.5564828000566447 0.0 14.471933982665652 1.6032795465513159 0.0 40.90477338324254 17.261061767211224 0.0 91.42830516089643 73.7885049706231 0.0 -3.89112797745695e-06 -0.00036614766297133873 0.0 2.7000791765375433e-05 -0.0004562120763204113 0.0 0.00042400876431565116 -0.0023514384129069794 0.0 0.003824647282603611 -0.011045154845923161 0.0 0.027296242222933854 -0.04601803490211294 0.0 0.16428916121894405 -0.16243052183537185 0.0 0.8426218484230621 -0.44140727382092476 0.0 3.6326595728817437 -0.6682241320305914 0.0 12.755246423058546 1.0391290283874612 0.0 36.39687078825229 15.323762907719622 0.0 81.87582917516377 68.1318615316293 0.0 -7.955749884414408e-06 -0.0003511475176151618 0.0 1.3878843921287729e-05 -0.00043977006786269666 0.0 0.0003225948245413482 -0.0022736851525600107 0.0 0.0031288789002058776 -0.010731883828996572 0.0 0.023029394689331767 -0.0450666175778958 0.0 0.14101794930920214 -0.1613224484839279 0.0 0.7314106755086619 -0.45203438070611734 0.0 3.1786238531058104 -0.76723949322863 0.0 11.230060246573103 0.5400050889041811 0.0 32.39467057274984 13.611072132669298 0.0 73.39571951407991 63.14448007423319 0.0 4.657409378103452e-05 -0.00025051510168720194 0.0 0.00014373193851468347 -0.00042594974568151877 0.0 0.0009663071420935106 -0.002282338738673376 0.0 0.005990338443841801 -0.011291456268706486 0.0 0.033958262851442725 -0.05063762873055651 0.0 0.17371150639495012 -0.200461101644418 0.0 0.786186650428196 -0.6723491825990265 0.0 3.0596874342986595 -1.7801577452327306 0.0 9.841630721675957 -3.194103985955406 0.0 24.80721738480706 2.4807337048931584 0.0 67.64230014002761 55.17186238589397 0.0 0.00012253397478313773 -0.0003620434364565116 0.0 0.0002983685299629231 -0.0005090543445268499 0.0 0.0017949576602074736 -0.002793021618132045 0.0 0.010092442122854262 -0.014227174808247343 0.0 0.052380132438509634 -0.06623149802905227 0.0 0.24683220175744366 -0.2757646748947261 0.0 1.0326535319615673 -0.9957414296619282 0.0 3.7189098674181804 -2.9784175228796843 0.0 11.056713415619026 -6.871145156768865 0.0 24.034867684397415 -5.823840413715962 0.0 44.11414520161979 20.40232671052631 0.0 0.00011452940753992329 -0.00034801176502468077 0.0 0.000277716837699545 -0.00048767141429440885 0.0 0.0016626148686196376 -0.0026712272211091045 0.0 0.009305711162776583 -0.013585267645205155 0.0 0.048087119393690536 -0.06314708115955041 0.0 0.22564561554324963 -0.26252523292505064 0.0 0.9400518228661404 -0.9464335897667661 0.0 3.3708786273268294 -2.825790306088419 0.0 9.976782960731066 -6.503695053587555 0.0 21.414537444990657 -5.209937847488987 0.0 38.78523440567115 20.69699398992147 0.0 0.00010735017334804644 -0.00033554209864862305 0.0 0.0002592238873726499 -0.0004686470128310262 0.0 0.001544273628177126 -0.002562915156814191 0.0 0.008603004239426846 -0.013014591323188298 0.0 0.04425599593646894 -0.06040545210447678 0.0 0.20675144523872144 -0.25075806883678425 0.0 0.8575117680277754 -0.9026059452804738 0.0 3.0607690748250787 -2.690082847438984 0.0 9.01468157170178 -6.176702610069721 0.0 19.080008944700776 -4.662468898357519 0.0 34.03630441249878 20.9654477107206 0.0 0.00010091200017867226 -0.0003244571789831962 0.0 0.00024266328498059823 -0.00045171786254650663 0.0 0.0014384311905312436 -0.0024665760406417615 0.0 0.007975146055323951 -0.012507161129527997 0.0 0.04083564847402564 -0.05796816182230239 0.0 0.1898933281790775 -0.24029800281980246 0.0 0.7838986153341466 -0.8636439228329373 0.0 2.784276210840135 -2.5694026339993306 0.0 8.156973613811447 -5.885682341418423 0.0 16.998643806041905 -4.174257374189244 0.0 29.80139071569119 21.20865570495162 0.0 9.51386213805132e-05 -0.0003146012589574807 0.0 0.00022783114463218728 -0.0004366510035554837 0.0 0.0013437398907648567 -0.0023808717522354208 0.0 0.00741393244406182 -0.012055883136307186 0.0 0.03778047748442626 -0.055800981028355526 0.0 0.17484299220783392 -0.23099768731956666 0.0 0.7182037831466014 -0.828998070844439 0.0 2.537579871807988 -2.4620519780553014 0.0 7.3917514039570555 -5.626582859763982 0.0 15.14153098995733 -3.7387096878482424 0.0 26.02199232817773 21.428537719188135 0.0 8.996116085085428e-05 -0.0003058373761019208 0.0 0.00021454420468350612 -0.00042324043764098055 0.0 0.0012589933065396937 -0.0023046178506653395 0.0 0.006912039809736625 -0.011654469861810495 0.0 0.035049864754655734 -0.053873529541740205 0.0 0.16139745623808766 -0.22272615083525232 0.0 0.6595316807475475 -0.7981791056806559 0.0 2.3172917612347486 -2.3665148732700456 0.0 6.708461690154552 -5.395766034901784 0.0 13.483049823721794 -3.349824473805575 0.0 22.64620611555731 21.62752411720231 0.0 8.531750380027694e-05 -0.0002980449724905145 0.0 0.00020263794029788275 -0.0004113040459227833 0.0 0.0011831123855762403 -0.002236766815731821 0.0 0.006462935642794981 -0.011297356811608822 0.0 0.0326076507812546 -0.052158893424541726 0.0 0.14937629148546877 -0.21536723582402065 0.0 0.6070871672001077 -0.770752467252206 0.0 2.120406155074396 -2.2814415049502315 0.0 6.097746683931944 -5.189977332346518 0.0 12.000478471550075 -3.0021742127386126 0.0 19.627947382783383 21.808279743921812 0.0 8.11516877200469e-05 -0.00029111783838884096 0.0 0.0001919647254086683 -0.0004006808177994915 0.0 0.0011151322687635587 -0.0021763925771028686 0.0 0.006060793275576269 -0.010979622679083567 0.0 0.03042164403423729 -0.05063325732075486 0.0 0.13861907859168368 -0.2088180620208265 0.0 0.5601639364040174 -0.7463327313264518 0.0 1.944254786957191 -2.2056322840576295 0.0 5.551300929937357 -5.0063126916411225 0.0 10.67364432960286 -2.6908711757677435 0.0 16.926258276397977 21.973519347754998 0.0 7.741332470338691e-05 -0.000284962363324991 0.0 0.00018239212203523378 -0.0003912283867284988 0.0 0.0010541900470946808 -0.002122676497402093 0.0 0.005700413663238196 -0.010696916710171377 0.0 0.028463166653948286 -0.049275556455435916 0.0 0.12898308732350586 -0.20298757775067663 0.0 0.5181340736519734 -0.7245784213299253 0.0 1.7864664632248892 -2.1380221646671362 0.0 5.061744265023506 -4.842184095776789 0.0 9.484614415616285 -2.4115238252592603 0.0 14.504692201366526 22.12591069882893 0.0 7.405705310901434e-05 -0.00027949599104293066 0.0 0.0001738013025243417 -0.00038282085726239586 0.0 0.0009995135771655149 -0.0020748948960024015 0.0 0.005377154178853953 -0.010445392868726484 0.0 0.026706648304833498 -0.048067164692470105 0.0 0.12034117676021126 -0.19779520718089427 0.0 0.4804386179647163 -0.7051870125572245 0.0 1.644931114077558 -2.0776658989918833 0.0 4.622508652900057 -4.695286449347552 0.0 8.417421656384306 -2.1601914867626792 0.0 12.33077017877305 22.26801121913966 0.0 7.104204192424557e-05 -0.00027464591167753355 0.0 0.00016608560523980967 -0.0003753468917093963 0.0 0.0009504114203429405 -0.0020324080196683116 0.0 0.005086864550236192 -0.010221651085435064 0.0 0.025129260290316258 -0.04699161050992479 0.0 0.11257993874724033 -0.1931696558037774 0.0 0.4465792130524034 -0.6878904999623486 0.0 1.5177677692364646 -2.0237243556302595 0.0 4.227738255727272 -4.563565953685448 0.0 7.457822466927317 -1.9333357063943346 0.0 10.375495361350866 22.40225441114797 0.0 6.833152707486672e-05 -0.00027034791874386857 0.0 0.000159149221670359 -0.00036870804046221434 0.0 0.0009062637220753865 -0.001994650336177998 0.0 0.004825829840291049 -0.010022685582402466 0.0 0.023710589421514952 -0.046034326294800886 0.0 0.10559803715268574 -0.1890478169479208 0.0 0.4161107444413183 -0.6724513451060792 0.0 1.4032964022762577 -1.975452121879505 0.0 3.8722014225875028 -4.445190991735773 0.0 6.5930835167012605 -1.72777602172089 0.0 8.612926853655294 22.530937956719455 0.0 6.58923932298918e-05 -0.00026654543314104666 0.0 0.00015290601752425339 -0.0003628172810023296 0.0 0.0008665140924851164 -0.0019611219765577137 0.0 0.004590719443783712 -0.009845839026206707 0.0 0.022432350015908126 -0.04518242575917099 0.0 0.09930473855837167 -0.18537380795372252 0.0 0.3886347385971501 -0.6586588804218109 0.0 1.3000130121472362 -1.9321864613893085 0.0 3.5512127720517985 -4.338525613043299 0.0 5.811792540343074 -1.5406455969192028 0.0 7.019797489155886 22.65624491027652 0.0 6.36947864334337e-05 -0.0002631886443341415 0.0 0.0001472784695342002 -0.0003575977441254957 0.0 0.0008306623501941462 -0.0019313813308976448 0.0 0.0043785417669572 -0.009688762553146262 0.0 0.021278126554293918 -0.044424509167428405 0.0 0.09361861682869113 -0.18209813145456555 0.0 0.3637935812824454 -0.6463260844316285 0.0 1.2065674712546115 -1.893337090697744 0.0 3.260564275432036 -4.242105308856616 0.0 5.1036922124871476 -1.369352658505969 0.0 5.575180052032559 22.78025069383619 0.0 6.171176687389268e-05 -0.0002602337686360235 0.0 0.00014219669278505478 -0.00035298158890488323 0.0 0.0007982579800446575 -0.0019050384920289464 0.0 0.004186603680541129 -0.009549380697133241 0.0 0.020233145401676023 -0.04375049059771313 0.0 0.08846639364107153 -0.17917691352061535 0.0 0.3412654095929384 -0.6352867948121634 0.0 1.1217439987207456 -1.8583774846273458 0.0 2.996463707032125 -4.154614986992808 0.0 4.459529815078782 -1.2115412016598954 0.0 4.260185657035602 22.904956400283545 0.0 5.991899576868584e-05 -0.00025764242565623805 0.0 0.00013759758798401647 -0.0003489090446893615 0.0 0.000768894291286383 -0.001881749583901565 0.0 0.004012474382649786 -0.00942586067448979 0.0 0.01928407206927178 -0.043151448248149794 0.0 0.08378190908863264 -0.17657125123964973 0.0 0.3207595000940922 -0.6253931694309525 0.0 1.0444438607288429 -1.8268369556209167 0.0 2.755481091584652 -4.074869903719966 0.0 3.870925763097199 -1.0650572284844897 0.0 3.0576923028013345 23.032315937309733 0.0 5.829443908925267e-05 -0.0002553810673219939 0.0 0.00013342404666682924 -0.0003453275561538602 0.0 0.0007422031543712066 -0.0018612118234525874 0.0 0.00385395302012986 -0.009316585554438997 0.0 0.01841882841269761 -0.04261949221329014 0.0 0.07950521166792485 -0.1742466334084726 0.0 0.3020122098982923 -0.6165134756402375 0.0 0.9736697112834481 -1.7982934451223251 0.0 2.534499543204728 -4.001797748231691 0.0 3.330255895256857 -0.9279190708820378 0.0 1.952107461270799 23.164256698357384 0.0 5.681811198464335e-05 -0.0002534205162229351 0.0 0.00012962424600039362 -0.00034219105045041527 0.0 0.0007178503274621039 -0.0018431591841430305 0.0 0.0037090397899627297 -0.009220130981438533 0.0 0.01762643126441139 -0.042147648856435176 0.0 0.07558173349782629 -0.17217242927973506 0.0 0.2847833382700434 -0.6085301749098444 0.0 0.908511756758571 -1.7723674761923935 0.0 2.330671495012518 -3.934422642449718 0.0 2.830543029639339 -0.7982859512590335 0.0 0.9291506086964147 23.30271307467726 0.0 5.5471838307919255e-05 -0.00025173554823214593 0.0 0.0001261510121692818 -0.0003394592932193932 0.0 0.0006955311179643198 -0.0018273586342610801 0.0 0.003575909728438026 -0.009135244823828076 0.0 0.01689684536574648 -0.0417297610509958 0.0 0.07196154791447333 -0.17032144606611088 0.0 0.2688528127697345 -0.6013381729790052 0.0 0.848135235183452 -1.748716505264927 0.0 2.1413800043988775 -3.8718513767776717 0.0 2.3653614873196958 -0.6744325840685843 0.0 -0.024346390025332818 23.449659863185683 0.0 5.4239033754405263e-05 -0.0002503045432901934 0.0 0.00012296123053379582 -0.0003370973459710007 0.0 0.0006749665292201947 -0.001813606897954471 0.0 0.0034528887449845535 -0.009060829209225532 0.0 0.016220849318297807 -0.04136039972744471 0.0 0.06859870676926326 -0.16866953780607816 0.0 0.25401771756083985 -0.5948433002784357 0.0 0.791768935496345 -1.7270298810011766 0.0 1.964202211392361 -3.8132600328233717 0.0 1.9287490478521707 -0.5547245511715506 0.0 -0.9206182249702405 23.607135860442867 0.0 5.310450673102665e-05 -0.00024910919655034205 0.0 0.00012001531957036826 -0.0003350750838735412 0.0 0.000655899761586883 -0.0018017276367819446 0.0 0.0033384320344342342 -0.008995925495392887 0.0 0.015589915187740647 -0.04103478634123144 0.0 0.06545062292682798 -0.1671952568470394 0.0 0.2400895670694925 -0.5889609926840758 0.0 0.7386948784361724 -1.7070245532092012 0.0 1.7968766661444318 -3.757882348979896 0.0 1.5151255701891835 -0.43759445637389194 0.0 -1.7711319299922843 23.77727768814891 0.0 5.2054272387515585e-05 -0.0002481342490610496 0.0 0.00011727673835951216 -0.0003333667893502566 0.0 0.0006380929143005044 -0.001791569086968795 0.0 0.003231104470069039 -0.008939700930882359 0.0 0.014996098293805098 -0.04074872706558276 0.0 0.062477505323156185 -0.16587955681548874 0.0 0.22689180367023826 -0.5836150644407035 0.0 0.6882386175502087 -1.688440915199565 0.0 1.6372731781540697 -3.7049990202132186 0.0 1.119218342815398 -0.321520193847701 0.0 -2.5867407693856483 23.96234965121741 0.0 5.107539189238325e-05 -0.00024736730052918673 0.0 0.0001147115348220135 -0.00033195081226615605 0.0 0.0006213240276846172 -0.0017830019208283812 0.0 0.0031295620546703895 -0.008891436948956747 0.0 0.014431932605563604 -0.0404985556692487 0.0 0.0596418496531153 -0.1647055288808289 0.0 0.21425745546493483 -0.5787366599648758 0.0 0.6397603301063911 -1.6710393266622088 0.0 1.4833641461078197 -3.6539274321182247 0.0 0.7359911155369403 -0.20500365633927922 0.0 -3.377830816277878 24.164777980856602 0.0 5.01558121551345e-05 -0.00024679863970835747 0.0 0.00011228793922549228 -0.0003308092863774841 0.0 0.0006053843470533643 -0.0017759175978581164 0.0 0.0030325349011187486 -0.008850520029391793 0.0 0.013890335220387353 -0.040281081461634234 0.0 0.05690794017252636 -0.1636581665236351 0.0 0.20202695211666388 -0.5742633247208415 0.0 0.5926463594723216 -1.6545966851002236 0.0 1.333197822186127 -3.6040125532261498 0.0 0.36057741058129134 -0.08655047630740033 0.0 -4.154458656753863 24.38718309395601 0.0 9.920625846833104e-07 -0.00034498954585715193 0.0 0.00012784249560991476 -0.00037749157539528836 0.0 0.0006886975258036748 -0.0020259815162861575 0.0 0.003446611653318081 -0.010093517602710602 0.0 0.015768586976093162 -0.04592016993434842 0.0 0.06450571048603666 -0.18647358665963423 0.0 0.22852323393872734 -0.6538519856910034 0.0 0.6682564907929345 -1.8818150566459675 0.0 1.4949737820958016 -4.090587264547868 0.0 0.3408334147396634 -0.03046008175822203 0.0 -7.9456958973450655 25.638819966909224 0.0
    </DataArray>
    <DataArray type="Float32" Name="Power density [Wm^-3]" NumberOfComponents="1" format="ascii">
7774314588079.391 9746506355386.066 9845284017594.555 9974442134903.95 10105194972429.166 10195303760097.947 10169661650620.656 9900177480383.389 9230760990754.568 8748760968538.534 7108137989785.642 5807229163233.903 7769094036808.948 7865079858951.62 7977601152171.84 8082051169737.517 8144542171117.293 8103738760570.508 7854496983303.484 7274523878041.794 6980275998462.224 5291439945622.454 5724728367011.508 7657310493955.046 7778270709402.538 7900586568772.64 8000563655839.086 8050851643108.036 7997150171569.786 7738894499241.56 7155681128983.94 6862656317223.981 5192862043470.731 5562418732203.562 7440818166163.03 7587979139273.192 7705068822632.172 7781276262221.804 7805060932223.359 7734030039027.495 7473475003191.538 6903574466631.931 6631288384615.96 5010807348362.257 5288646856386.241 7061299710735.581 7209276877647.923 7282007256970.743 7305830474904.356 7293915630614.509 7217066564548.655 6982066229916.411 6460799835721.913 6238723490025.781 4706655469824.156 4814339485658.871 6343907721743.691 6437335574054.348 6436590816314.599 6408172128006.005 6385203342011.282 6344994743990.526 6181845839026.968 5742809682015.313 5589517660743.009 4189717852063.1846 3925679062660.6816 5029411768733.946 5067690432430.665 5038294491887.893 5003358791737.513 4987663299811.263 4966822541910.107 4842873491443.087 4487590832805.226 4474068235771.065 3396379435430.5225 2690449513804.9746 3327864414239.6597 3353430158928.9106 3359440052818.772 3363257701778.059 3364675306016.603 3338954170373.392 3225713110319.569 2977898757863.496 3172736175274.8804 2537791993908.6616 1540444798609.2334 1849395793770.443 1878262806388.1038 1923669663458.3782 1969281999787.0896 2002461097409.946 2002565955812.1113 1945534464201.3174 1829338443835.8752 2181175121533.5303 1876410084869.326 777204940596.9381 928449456170.9606 955061412522.9501 1007244932885.4034 1065876199467.5552 1116628158920.0571 1147211675562.2515 1148544611376.616 1121450795108.4875 1545168780959.7542 1441018790731.9614 409479739597.70123 505874611687.1987 521075424878.35126 555153676872.5073 597065772365.945 638947258692.2054 673947867674.5214 696244058723.5808 702006498202.1261 1150091906897.3254 1168637651199.2302 283875599054.7983 363238119128.63794 365772792565.44025 378163409023.30255 397164228550.6021 419586606070.93195 441872205480.6748 459809141639.6948 468476542738.7412 919334651182.2296 1008967983909.1316 247491823894.5323 323073650464.8229 320272739263.2748 320848265468.4216 325316855631.70215 332951274685.6603 342198159494.00366 350376822154.69507 353265735883.7086 798603372916.0289 924285699895.8472 235327382883.35217 310711705955.234 307726272128.5638 304844670976.94086 303421894030.3171 303761389592.3114 305371642655.7955 306636358330.23724 304085208057.4288 742867367127.098 884117105171.0536 230498808911.33356 306047506233.9999 304048072867.5394 301104037415.9379 298289445204.4644 296116870487.6106 294509305683.8076 292380871097.98676 286665286287.5467 720502614372.0013 867177531914.9218 228387606573.65515 304000400605.201 302819609941.96674 300607546455.30804 298023080807.6573 295482323148.6489 292991679013.7622 289650618931.2397 282532869039.91046 713221447924.2487 861016020046.8535 227434937439.5354 303056088486.99445 302377492641.4809 300858942372.68 298869143285.54395 296678457859.1152 294253627713.9653 290715220156.2203 283145204356.71454 711950098513.8655 859336282176.3335 227019191595.8036 302639750370.8793 302245637444.94055 301228466879.51373 299788651888.71326 298079802367.7668 296002008146.5359 292637099207.9587 285026047669.28577 712706041701.691 859304172669.6382 226863088993.70474 302488856892.3092 302254616334.5579 301573483962.0533 300553396129.4437 299268258810.1833 297557698358.71405 294451924884.5424 286940382566.77374 713927960704.8789 859766260758.6697 226833401346.08728 302471052262.3367 302328400573.95197 301868683113.71857 301148946213.49567 300191283083.5026 298788347549.88855 295923071711.01154 288537682911.3826 715082383785.6678 860299903178.6333 226863050351.0086 302516625162.02356 302427901812.2732 302114637060.4639 301605154226.06635 300888105854.73114 299721683390.44354 297050454387.5772 289777961638.7219 716030473276.2072 860772425938.0459 226917491376.98795 302588418819.5994 302532314234.94165 302316904511.0634 301953759466.1645 301409761998.9016 300418389430.5963 297894700377.775 290712196376.92596 716768348973.3981 861156268166.1392 226978961732.81046 302666871890.9217 302630952844.95795 302481618680.8625 302220345716.27936 301799657667.21094 300935468929.9861 298520755225.9612 291406393250.4372 717329655522.309 861457587101.5193 227038619138.1282 302742114596.8408 302718911592.9722 302614591767.4343 302424374128.95856 302091186897.33795 301318506383.10443 298983039692.18854 291918968843.0607 717752430178.4927 861690757980.0337 227092426841.65018 302809635556.4989 302794546902.15155 302721101027.38116 302580544174.16626 302309319408.884 301602104140.90375 299323737045.7067 292296272441.5105 718069532349.6002 861870120864.3774 242278978866.46478 302838429512.1574 302795524536.1303 302714890745.10986 302585287255.3302 302325016986.6332 301558314314.9922 298926016141.68195 290781694568.231 862140511049.0444 766396681579.0714 227175842389.0302 302873343453.1277 302821055961.6618 302745116378.99396 302637828970.5923 302432423886.9481 301815173718.9641 299632803031.1641 292703491033.52277 718710023482.4298 862474455738.9768 227210205835.04504 302926813240.5316 302890296363.26294 302835792739.5927 302752961719.2972 302571756536.9712 301974770461.193 299805428787.9449 292878647399.81085 718831360380.1552 862524361238.69 227237492652.8971 302968735875.4478 302943217366.9543 302903764433.5376 302838193899.62683 302674144459.2104 302091576408.2082 299931515008.2287 293006223926.59357 718917233028.0297 862556943792.9641 227259001447.98315 303001428281.1368 302983574192.93146 302954680404.8259 302901277105.15375 302749367993.13666 302177033178.63605 300023557158.09357 293099034892.32135 718977247216.8639 862576919845.8301 227275850500.5349 303026803068.0269 303014283050.0916 302992788669.3365 302947950429.0142 302804617325.4541 302239529258.2952 300090710426.6796 293166469165.5248 719018492292.4181 862587831903.8525 227288978042.90845 303046415565.8482 303037601066.6181 303021284116.3693 302982465765.9351 302845179942.13605 302285212760.26715 300139676794.3837 293215396344.57434 719046182882.6904 862592322638.3259 227299156809.85968 303061516215.8796 303055270007.6265 303042569174.1863 303007974428.63324 302874944823.11346 302318588701.0813 300175359274.50183 293250837583.7665 719064146257.0433 862592352384.3641 227307014484.71793 303073101342.4478 303068630298.35065 303058449720.84424 303026812484.8932 302896772601.028 302342957463.20734 300201343045.3206 293276459910.2784 719075181634.2418 862589364616.847 227313055469.96136 303081959027.48016 303078710951.79224 303070282557.3255 303040711753.3451 302912767529.3271 302360736473.44586 300220248621.385 293294939564.5932 719081331501.586 862584414502.2712 227317681610.52173 303088708862.71436 303086300124.19916 303079086502.8911 303050956027.4854 302924477419.42395 302373696108.06 300233990768.2889 293308228490.8726 719084079648.2057 862578265806.042 227321210768.1279 303093835461.63806 303092000219.96643 303085626104.79913 303058496844.7904 302933040682.6563 302383132644.4256 300243968145.53033 293317749449.62177 719084499941.0497 862571464733.9592 227323892857.76105 303097716165.1751 303096270758.1047 303090474705.63116 303064039322.0829 302939294498.497 302389995029.9755 300251202113.4414 293324538871.60236 719083364824.2047 862564395791.7244 227325923343.0722 303100643614.99927 303099461599.4983 303094061942.2017 303068105815.13995 302943854398.14056 302394977782.69604 300256438280.8204 293329351164.8842 719081226895.0912 862557324440.7887 227327454388.9673 303102843942.6547 303101838622.3305 303096709501.544 303071083137.79443 302947172820.86176 302398589059.0828 300260220760.0261 293332735089.99634 719078477279.1669 862550428324.3489 227328603943.67056 303104491287.94543 303103603501.4604 303098658018.89105 303073257584.53986 302949582197.41705 302401200517.55646 300262946448.6783 293335089359.4615 719075389848.1333 862543820952.5637 227329463057.7674 303105719305.0467 303104908906.63275 303100087297.45215 303074840902.37354 302951326644.63153 302403083836.8409 300264904691.118 293336703286.2675 719072153297.1207 862537569679.686 227330101721.4632 303106630216.07965 303105870146.42316 303101131492.54254 303075989542.35443 302952585274.5871 302404437451.3439 300266306245.4057 293337786481.40137 719068894354.6859 862531708504.8025 227330573484.36853 303107301893.9528 303106574064.4857 303101890499.4042 303076818920.47064 302953489327.4423 302405406112.49304 300267304426.59686 293338490365.51416 719065695413.8481 862526248029.6125 227330919081.88287 303107793369.1282 303107085814.3416 303102438478.94855 303077413968.57825 302954134751.8448 302406095186.53864 300268010522.202 293338923957.30615 719062606653.5741 862521182408.1956 227331169255.37317 303108149080.1758 303107453995.0958 303102830222.69714 303077836923.81866 302954591424.34973 302406581086.1279 300268505008.0866 293339165229.55817 719059655791.0043 862516494921.6829 227331346924.97668 303108402129.17114 303107714522.57184 303103105882.84686 303078133058.97235 302954909883.8686 302406918855.60126 300268845687.39856 293339269437.28345 719056853372.7736 862512160766.1659 227331468837.80508 303108576742.9887 303107893519.573 303103294461.9541 303078334868.93085 302955126220.35535 302407147653.7643 300269073552.7964 293339274969.60986 719054198992.2604 862508150652.196 227331546792.10828 303108690101.72577 303108009440.4842 303103416352.74725 303078465094.1031 302955265582.5388 302407294669.6741 300269216964.10516 293339207631.0749 719051682871.2284 862504431600.5486 227331588511.1541 303108753652.4888 303108074590.7958 303103485142.36993 303078538853.382 302955344639.28174 302407377858.6346 300269294554.6783 293339083520.11053 719049289910.3116 862500969224.7544 303108801393.09015 378885975196.1776 378885284765.33606 378880370014.1372 378853458983.5891 378719761850.75446 378120705764.45044 375759727497.3734 367983263938.6895 791073322975.6104 1149996969002.6018
    </DataArray>
    <DataArray type="Float32" Name="Temperature [K]" NumberOfComponents="1" format="ascii">
300.00029772460687 300.00038649094347 300.0004600601753 300.0005192360326 300.00056455883214 300.0005963654879 300.00061487611566 300.0006203527159 300.00061337354833 300.0005951576334 300.0005649507421 300.00029616861764 300.0003843335601 300.0004574036046 300.0005161821119 300.0005612086225 300.0005928215515 300.0006112423071 300.0006167304246 300.0006098554748 300.0005918207061 300.00056185316583 300.00029151904084 300.0003778615806 300.00044942275355 300.0005070016236 300.00055113538707 300.00058216765734 300.0006003238997 300.0006058559114 300.0005993062706 300.0005818290988 300.00055259365075 300.00028383617104 300.00036708127647 300.0004360942708 300.0004916557943 300.0005342977717 300.0005643720047 300.00058210903734 300.0005877457362 300.0005817769239 300.00056527017415 300.00053729545704 300.000273239935 300.00035202827405 300.0004174257389 300.0004701580532 300.00051073782254 300.00053951640325 300.0005567215685 300.0005625643045 300.0005574704218 300.0005423833811 300.00051623721254 300.0002599511141 300.0003328418063 300.0003935890307 300.00044277002826 300.00048082062983 300.0005080493106 300.0005246576806 300.00053082304515 300.00052689646435 300.00051367639145 300.00048994441585 300.000244390307 300.00031001117014 300.0003652780614 300.0004104170924 300.00044565340534 300.00047116875936 300.0004871084372 300.0004936374497 300.0004910781092 300.000480098153 300.00045932936627 300.0002273721159 300.0002849384847 300.00033429530464 300.0003751845996 300.0004075163742 300.000431279753 300.0004465318514 300.0004534300529 300.00045229521595 300.00044367860824 300.00042610660836 300.0002099820348 300.0002596939323 300.00030320410553 300.0003398688121 300.00036932016025 300.0003913667628 300.000405963085 300.0004132196555 300.0004134138891 300.0004069827151 300.0003924031885 300.0001931514899 300.0002359724242 300.000274115705 300.00030677053627 300.0003334176712 300.00035375195773 300.00036764516483 300.00037513680616 300.000376424681 300.00037184378215 300.0003598350931 300.0001774278989 300.0002145867731 300.0002480635477 300.0002770680286 300.0003010538501 300.00031967480834 300.0003327551599 300.0003402742452 300.000342354212 300.0003392463003 300.0003293436784 300.0001630099976 300.0001956304655 300.0002251762218 300.00025097322083 300.0002725228265 300.00028948782114 300.0003016767579 300.0003090320796 300.00031162095155 300.0003096285644 300.00030139448336 300.000149893475 300.0001788592713 300.00020513906736 300.00022818799243 300.0002475809363 300.00026301452124 300.0002743026838 300.0002813705498 300.0002842492387 300.00028307333423 300.0002761331435 300.0001380018041 300.00016398011877 300.00018754855887 300.0002082712107 300.00022579517406 300.0002398581761 300.000250290049 300.0002570109339 300.00026002918656 300.00025944145034 300.00025349745613 300.0001272424901 300.00015074297926 300.000172047064 300.00019080429104 300.0002067236776 300.00021958240336 300.0002292296159 300.0002355870632 300.00023864903835 300.000238484305 300.0002333111272 300.00011752204534 300.0001389428143 300.0001583411169 300.00017543268757 300.00018997725493 300.0002017866271 300.00021072907083 300.000216731084 300.0002197786077 300.0002199203805 300.00021535120334 300.0001087504269 300.0001284087905 300.00014619091337 300.00016186400956 300.0001752287652 300.0001861262881 300.0001944423091 300.00020010939534 300.00020310895417 300.00020347572155 300.0001993874956 300.00010084271327 300.00011899578686 300.0001353979556 300.0001498568197 300.0001622060761 300.0001723112656 300.00018007351866 300.00018543186735 300.0001883657572 300.00018890042816 300.0001852016105 300.0000937197623 300.00011057870904 300.00012579555903 300.0001392099068 300.00015068212963 300.00016009805097 300.0001673721653 300.0001724498949 300.0001753104293 300.0001759727946 300.0001725942745 300.0000873083888 300.0001030486048 300.0001172420179 300.0001297538221 300.00014046607083 300.0001492814303 300.0001561259112 300.000160951006 300.00016373673856 300.0001644982453 300.0001613869461 300.0000815412873 300.0000963098784 300.0001096156493 300.0001213444794 300.00013139614583 300.00013968734004 300.0001461539687 300.0001507531516 300.0001534663978 300.000154306558 300.00015142099494 300.0000763568129 300.00009027819937 300.00010281111844 300.0001138583237 300.00012333418516 300.0001311671208 300.0001373015355 300.0001416996786 300.00014434489054 300.0001452488137 300.00014255600354 300.00007169868576 300.00008487887555 300.0000967366468 300.0001071886428 300.0001161613338 300.0001235929874 300.00012943530896 300.00013365516827 300.0001362378766 300.0001371945725 300.00013466786265 300.00006751565684 300.0000800455522 300.00009131184675 300.0001012427137 300.0001097747256 300.0001168544624 300.00012243990716 300.00012650205474 300.00012902819253 300.0001300294011 300.00012764692616 300.00006376115783 300.0000757191474 300.00008646600895 300.0000959395615 300.0001040848671 300.0001108555525 300.0001162150061 300.00012013788125 300.00012261336474 300.0001236527478 300.00012139631843 300.0000603929517 300.00007184696693 300.0000821367264 300.0000912081764 300.0000990135559 300.00010551249187 300.0001106730334 300.00011447306326 300.00011690354296 300.0001179761262 300.00011583041885 300.00005737279156 300.0000683819565 300.0000782687713 300.0000869860743 300.0000944922052 300.0001007519207 300.0001057372946 300.0001094290497 300.0001118197751 300.00011292156097 300.00011087352016 300.0000546660939 300.0000652820627 300.0000748131665 300.0000832181218 300.0000904604802 300.0000965093993 300.0001013404345 300.0001049367998 300.0001072925565 300.00010842025625 300.00010645864865 300.00005224162976 300.00006250968187 300.0000717264086 300.00007985556476 300.0000868651744 300.0000927281841 300.0000974231644 300.00010093551117 300.0001032606044 300.0001044114515 300.0001025265284 300.00005007123514 300.0000600311807 300.00006896981006 300.0000768552166 300.00008365927664 300.00008935820824 300.0000939331978 300.0000973715494 300.0000996698156 300.0001008414361 300.000099024675 300.00004812954137 300.00005781647553 300.00006650893863 300.0000741787737 300.00008080118664 300.00008635522767 300.0000908243554 300.00009419754167 300.0000964723762 300.00009766269784 300.00009590660187 300.00004639372577 300.0000558386633 300.00006431313426 300.0000717922329 300.0000782540516 300.00008368009765 300.0000880558058 300.0000913716047 300.00009362599786 300.0000948331858 300.00009313112554 300.00004484328196 300.00005407369423 300.0000623550908 300.0000696653928 300.00007598520034 300.00008129815683 300.00008559141753 300.00008885668313 300.0000910932595 300.0000923156709 300.00009066175755 300.0000434598093 300.0000525000822 300.0000606104921 300.0000677714228 300.00007396565775 300.0000791786999 300.00008339920356 300.00008661998015 300.0000888410385 300.00009007718927 300.0000884661722 300.00004222682026 300.0000510986474 300.0000590576932 300.00006608649034 300.0000721697255 300.0000772945225 300.00008145084263 300.00008463246644 300.00008684001756 300.00008808855824 300.00008651573984 300.0000411295652 300.0000498522875 300.0000576774412 300.000064589436 300.00007057461943 300.0000756215286 300.0000797212646 300.00008286845366 300.0000850642558 300.00008632395316 300.0000847851182 300.0000401548736 300.0000487457736 300.0000564526292 300.00006326149014 300.0000691601534 300.0000741383889 300.0000781882917 300.0000813052249 300.0000834908162 300.0000847605387 300.00008325189384 300.0000392910099 300.0000477655692 300.0000553680801 300.00006208602457 300.0000679084644 300.00007282624443 300.0000768323255 300.0000799227125 300.00008209943996 300.00008337814614 300.00008189626845 300.0000385275442 300.00004689966926 300.0000544103558 300.00006104833557 300.0000668037726 300.00007166844756 300.0000756360749 300.0000787032176 300.0000808722631 300.000082158992 300.0000807007836 300.0000378552355 300.00004613745676 300.00005356758936 300.0000601354532 300.00006583217106 300.00007065033697 300.0000745843195 300.0000776311658 300.0000797935689 300.0000810874315 300.00007965008047 300.0000372659285 300.00004546957655 300.0000528293373 300.0000593359748 300.00006498144313 300.00006975904085 300.00007366370284 300.0000766928946 300.0000788495727 300.00008014974446 300.0000787306893 300.00003675246 300.00004488782344 300.0000521864498 300.0000586399191 300.00006424090253 300.0000689833062 300.0000728625529 300.00007587646803 300.00007802823444 300.0000793339483 300.0000779308466 300.00003630857793 300.00004438504396 300.00005163095784 300.0000580385994 300.0000636012548 300.00006831335054 300.0000721707267 300.0000751715166 300.0000773190959 300.000078629636 300.00007724033605 300.00003592886907 300.00004395505107 300.00005115597446 300.0000575245137 300.0000630544774 300.0000677407334 300.00007157947596 300.00007456909884 300.0000767131409 300.00007802783625 300.0000766503512 300.0000356086966 300.0000435925496 300.00005075560955 300.00005709124974 300.0000625937162 300.00006725824676 300.0000710813317 300.0000740615828 300.0000762026748 300.0000775208937 300.00007615337756 300.0000353441461 300.0000432930728 300.0000504248977 300.0000567334043 300.00006221319825 300.0000668598213 300.0000706700067 300.000073642545 300.0000757812223 300.0000771023667 300.00007574309245 300.0000351319801 300.0000430529286 300.0000501597366 300.0000564465152 300.0000619081576 300.0000665404478 300.000070340313 300.00007330668626 300.00007544344214 300.0000767669422 300.0000754142812 300.00003496960005 300.00004286915504 300.00004995683645 300.0000562270057 300.0000616747749 300.00006629611283 300.00007008809484 300.0000730497621 300.0000751850567 300.0000765103654 300.00007516276787 300.000034855016 300.0000427394847 300.0000498136799 300.00005607213905 300.00006151012843 300.00006612374716 300.0000699101742 300.00007286852724 300.00007500279554 300.00007632938355 300.00007498536024 300.0000347868229 300.00004266231724 300.00004972849047 300.0000559799846 300.00006141215766 300.0000660211859 300.0000698043102 300.0000727606934 300.00007489435285 300.0000762217034 300.0000748798077 300.0000347641844 300.00004263670013 300.0000497002109 300.0000559493935 300.00006137963635 300.0000659871413 300.00006976916967 300.0000727248994 300.00007485835704 300.00007618596095 300.00007484477163
    </DataArray>
   </PointData>
  </Piece>
 </UnstructuredGrid>
</VTKFile>
