<?xml version="1.0"?>
<VTKFile type="UnstructuredGrid" version="0.1" byte_order="LittleEndian">
 <UnstructuredGrid>
  <Piece NumberOfPoints="561" NumberOfCells="1000">
   <Points>
    <DataArray type="Float32" NumberOfComponents="3" format="ascii">
0.0 1e-08 0.0
0.0 1.1000000000000001e-08 0.0
0.0 1.2000000000000002e-08 0.0
0.0 1.3e-08 0.0
0.0 1.4000000000000001e-08 0.0
0.0 1.5000000000000002e-08 0.0
0.0 1.6e-08 0.0
0.0 1.7e-08 0.0
0.0 1.8000000000000002e-08 0.0
0.0 1.9e-08 0.0
0.0 2e-08 0.0
1e-09 1e-08 0.0
1e-09 1.1000000000000001e-08 0.0
1e-09 1.2000000000000002e-08 0.0
1e-09 1.3e-08 0.0
1e-09 1.4000000000000001e-08 0.0
1e-09 1.5000000000000002e-08 0.0
1e-09 1.6e-08 0.0
1e-09 1.7e-08 0.0
1e-09 1.8000000000000002e-08 0.0
1e-09 1.9e-08 0.0
1e-09 2e-08 0.0
2e-09 1e-08 0.0
2e-09 1.1000000000000001e-08 0.0
2e-09 1.2000000000000002e-08 0.0
2e-09 1.3e-08 0.0
2e-09 1.4000000000000001e-08 0.0
2e-09 1.5000000000000002e-08 0.0
2e-09 1.6e-08 0.0
2e-09 1.7e-08 0.0
2e-09 1.8000000000000002e-08 0.0
2e-09 1.9e-08 0.0
2e-09 2e-08 0.0
3.0000000000000004e-09 1e-08 0.0
3.0000000000000004e-09 1.1000000000000001e-08 0.0
3.0000000000000004e-09 1.2000000000000002e-08 0.0
3.0000000000000004e-09 1.3e-08 0.0
3.0000000000000004e-09 1.4000000000000001e-08 0.0
3.0000000000000004e-09 1.5000000000000002e-08 0.0
3.0000000000000004e-09 1.6e-08 0.0
3.0000000000000004e-09 1.7e-08 0.0
3.0000000000000004e-09 1.8000000000000002e-08 0.0
3.0000000000000004e-09 1.9e-08 0.0
3.0000000000000004e-09 2e-08 0.0
4e-09 1e-08 0.0
4e-09 1.1000000000000001e-08 0.0
4e-09 1.2000000000000002e-08 0.0
4e-09 1.3e-08 0.0
4e-09 1.4000000000000001e-08 0.0
4e-09 1.5000000000000002e-08 0.0
4e-09 1.6e-08 0.0
4e-09 1.7e-08 0.0
4e-09 1.8000000000000002e-08 0.0
4e-09 1.9e-08 0.0
4e-09 2e-08 0.0
5e-09 1e-08 0.0
5e-09 1.1000000000000001e-08 0.0
5e-09 1.2000000000000002e-08 0.0
5e-09 1.3e-08 0.0
5e-09 1.4000000000000001e-08 0.0
5e-09 1.5000000000000002e-08 0.0
5e-09 1.6e-08 0.0
5e-09 1.7e-08 0.0
5e-09 1.8000000000000002e-08 0.0
5e-09 1.9e-08 0.0
5e-09 2e-08 0.0
6.000000000000001e-09 1e-08 0.0
6.000000000000001e-09 1.1000000000000001e-08 0.0
6.000000000000001e-09 1.2000000000000002e-08 0.0
6.000000000000001e-09 1.3e-08 0.0
6.000000000000001e-09 1.4000000000000001e-08 0.0
6.000000000000001e-09 1.5000000000000002e-08 0.0
6.000000000000001e-09 1.6e-08 0.0
6.000000000000001e-09 1.7e-08 0.0
6.000000000000001e-09 1.8000000000000002e-08 0.0
6.000000000000001e-09 1.9e-08 0.0
6.000000000000001e-09 2e-08 0.0
7.000000000000001e-09 1e-08 0.0
7.000000000000001e-09 1.1000000000000001e-08 0.0
7.000000000000001e-09 1.2000000000000002e-08 0.0
7.000000000000001e-09 1.3e-08 0.0
7.000000000000001e-09 1.4000000000000001e-08 0.0
7.000000000000001e-09 1.5000000000000002e-08 0.0
7.000000000000001e-09 1.6e-08 0.0
7.000000000000001e-09 1.7e-08 0.0
7.000000000000001e-09 1.8000000000000002e-08 0.0
7.000000000000001e-09 1.9e-08 0.0
7.000000000000001e-09 2e-08 0.0
8e-09 1e-08 0.0
8e-09 1.1000000000000001e-08 0.0
8e-09 1.2000000000000002e-08 0.0
8e-09 1.3e-08 0.0
8e-09 1.4000000000000001e-08 0.0
8e-09 1.5000000000000002e-08 0.0
8e-09 1.6e-08 0.0
8e-09 1.7e-08 0.0
8e-09 1.8000000000000002e-08 0.0
8e-09 1.9e-08 0.0
8e-09 2e-08 0.0
9.000000000000001e-09 1e-08 0.0
9.000000000000001e-09 1.1000000000000001e-08 0.0
9.000000000000001e-09 1.2000000000000002e-08 0.0
9.000000000000001e-09 1.3e-08 0.0
9.000000000000001e-09 1.4000000000000001e-08 0.0
9.000000000000001e-09 1.5000000000000002e-08 0.0
9.000000000000001e-09 1.6e-08 0.0
9.000000000000001e-09 1.7e-08 0.0
9.000000000000001e-09 1.8000000000000002e-08 0.0
9.000000000000001e-09 1.9e-08 0.0
9.000000000000001e-09 2e-08 0.0
1e-08 1e-08 0.0
1e-08 1.1000000000000001e-08 0.0
1e-08 1.2000000000000002e-08 0.0
1e-08 1.3e-08 0.0
1e-08 1.4000000000000001e-08 0.0
1e-08 1.5000000000000002e-08 0.0
1e-08 1.6e-08 0.0
1e-08 1.7e-08 0.0
1e-08 1.8000000000000002e-08 0.0
1e-08 1.9e-08 0.0
1e-08 2e-08 0.0
1.1000000000000001e-08 1e-08 0.0
1.1000000000000001e-08 1.1000000000000001e-08 0.0
1.1000000000000001e-08 1.2000000000000002e-08 0.0
1.1000000000000001e-08 1.3e-08 0.0
1.1000000000000001e-08 1.4000000000000001e-08 0.0
1.1000000000000001e-08 1.5000000000000002e-08 0.0
1.1000000000000001e-08 1.6e-08 0.0
1.1000000000000001e-08 1.7e-08 0.0
1.1000000000000001e-08 1.8000000000000002e-08 0.0
1.1000000000000001e-08 1.9e-08 0.0
1.1000000000000001e-08 2e-08 0.0
1.2000000000000002e-08 1e-08 0.0
1.2000000000000002e-08 1.1000000000000001e-08 0.0
1.2000000000000002e-08 1.2000000000000002e-08 0.0
1.2000000000000002e-08 1.3e-08 0.0
1.2000000000000002e-08 1.4000000000000001e-08 0.0
1.2000000000000002e-08 1.5000000000000002e-08 0.0
1.2000000000000002e-08 1.6e-08 0.0
1.2000000000000002e-08 1.7e-08 0.0
1.2000000000000002e-08 1.8000000000000002e-08 0.0
1.2000000000000002e-08 1.9e-08 0.0
1.2000000000000002e-08 2e-08 0.0
1.3e-08 1e-08 0.0
1.3e-08 1.1000000000000001e-08 0.0
1.3e-08 1.2000000000000002e-08 0.0
1.3e-08 1.3e-08 0.0
1.3e-08 1.4000000000000001e-08 0.0
1.3e-08 1.5000000000000002e-08 0.0
1.3e-08 1.6e-08 0.0
1.3e-08 1.7e-08 0.0
1.3e-08 1.8000000000000002e-08 0.0
1.3e-08 1.9e-08 0.0
1.3e-08 2e-08 0.0
1.4000000000000001e-08 1e-08 0.0
1.4000000000000001e-08 1.1000000000000001e-08 0.0
1.4000000000000001e-08 1.2000000000000002e-08 0.0
1.4000000000000001e-08 1.3e-08 0.0
1.4000000000000001e-08 1.4000000000000001e-08 0.0
1.4000000000000001e-08 1.5000000000000002e-08 0.0
1.4000000000000001e-08 1.6e-08 0.0
1.4000000000000001e-08 1.7e-08 0.0
1.4000000000000001e-08 1.8000000000000002e-08 0.0
1.4000000000000001e-08 1.9e-08 0.0
1.4000000000000001e-08 2e-08 0.0
1.5000000000000002e-08 1e-08 0.0
1.5000000000000002e-08 1.1000000000000001e-08 0.0
1.5000000000000002e-08 1.2000000000000002e-08 0.0
1.5000000000000002e-08 1.3e-08 0.0
1.5000000000000002e-08 1.4000000000000001e-08 0.0
1.5000000000000002e-08 1.5000000000000002e-08 0.0
1.5000000000000002e-08 1.6e-08 0.0
1.5000000000000002e-08 1.7e-08 0.0
1.5000000000000002e-08 1.8000000000000002e-08 0.0
1.5000000000000002e-08 1.9e-08 0.0
1.5000000000000002e-08 2e-08 0.0
1.6e-08 1e-08 0.0
1.6e-08 1.1000000000000001e-08 0.0
1.6e-08 1.2000000000000002e-08 0.0
1.6e-08 1.3e-08 0.0
1.6e-08 1.4000000000000001e-08 0.0
1.6e-08 1.5000000000000002e-08 0.0
1.6e-08 1.6e-08 0.0
1.6e-08 1.7e-08 0.0
1.6e-08 1.8000000000000002e-08 0.0
1.6e-08 1.9e-08 0.0
1.6e-08 2e-08 0.0
1.7e-08 1e-08 0.0
1.7e-08 1.1000000000000001e-08 0.0
1.7e-08 1.2000000000000002e-08 0.0
1.7e-08 1.3e-08 0.0
1.7e-08 1.4000000000000001e-08 0.0
1.7e-08 1.5000000000000002e-08 0.0
1.7e-08 1.6e-08 0.0
1.7e-08 1.7e-08 0.0
1.7e-08 1.8000000000000002e-08 0.0
1.7e-08 1.9e-08 0.0
1.7e-08 2e-08 0.0
1.8000000000000002e-08 1e-08 0.0
1.8000000000000002e-08 1.1000000000000001e-08 0.0
1.8000000000000002e-08 1.2000000000000002e-08 0.0
1.8000000000000002e-08 1.3e-08 0.0
1.8000000000000002e-08 1.4000000000000001e-08 0.0
1.8000000000000002e-08 1.5000000000000002e-08 0.0
1.8000000000000002e-08 1.6e-08 0.0
1.8000000000000002e-08 1.7e-08 0.0
1.8000000000000002e-08 1.8000000000000002e-08 0.0
1.8000000000000002e-08 1.9e-08 0.0
1.8000000000000002e-08 2e-08 0.0
1.9e-08 1e-08 0.0
1.9e-08 1.1000000000000001e-08 0.0
1.9e-08 1.2000000000000002e-08 0.0
1.9e-08 1.3e-08 0.0
1.9e-08 1.4000000000000001e-08 0.0
1.9e-08 1.5000000000000002e-08 0.0
1.9e-08 1.6e-08 0.0
1.9e-08 1.7e-08 0.0
1.9e-08 1.8000000000000002e-08 0.0
1.9e-08 1.9e-08 0.0
1.9e-08 2e-08 0.0
2e-08 1e-08 0.0
2e-08 1.1000000000000001e-08 0.0
2e-08 1.2000000000000002e-08 0.0
2e-08 1.3e-08 0.0
2e-08 1.4000000000000001e-08 0.0
2e-08 1.5000000000000002e-08 0.0
2e-08 1.6e-08 0.0
2e-08 1.7e-08 0.0
2e-08 1.8000000000000002e-08 0.0
2e-08 1.9e-08 0.0
2e-08 2e-08 0.0
2.1000000000000003e-08 1e-08 0.0
2.1000000000000003e-08 1.1000000000000001e-08 0.0
2.1000000000000003e-08 1.2000000000000002e-08 0.0
2.1000000000000003e-08 1.3e-08 0.0
2.1000000000000003e-08 1.4000000000000001e-08 0.0
2.1000000000000003e-08 1.5000000000000002e-08 0.0
2.1000000000000003e-08 1.6e-08 0.0
2.1000000000000003e-08 1.7e-08 0.0
2.1000000000000003e-08 1.8000000000000002e-08 0.0
2.1000000000000003e-08 1.9e-08 0.0
2.1000000000000003e-08 2e-08 0.0
2.2000000000000002e-08 1e-08 0.0
2.2000000000000002e-08 1.1000000000000001e-08 0.0
2.2000000000000002e-08 1.2000000000000002e-08 0.0
2.2000000000000002e-08 1.3e-08 0.0
2.2000000000000002e-08 1.4000000000000001e-08 0.0
2.2000000000000002e-08 1.5000000000000002e-08 0.0
2.2000000000000002e-08 1.6e-08 0.0
2.2000000000000002e-08 1.7e-08 0.0
2.2000000000000002e-08 1.8000000000000002e-08 0.0
2.2000000000000002e-08 1.9e-08 0.0
2.2000000000000002e-08 2e-08 0.0
2.3e-08 1e-08 0.0
2.3e-08 1.1000000000000001e-08 0.0
2.3e-08 1.2000000000000002e-08 0.0
2.3e-08 1.3e-08 0.0
2.3e-08 1.4000000000000001e-08 0.0
2.3e-08 1.5000000000000002e-08 0.0
2.3e-08 1.6e-08 0.0
2.3e-08 1.7e-08 0.0
2.3e-08 1.8000000000000002e-08 0.0
2.3e-08 1.9e-08 0.0
2.3e-08 2e-08 0.0
2.4000000000000003e-08 1e-08 0.0
2.4000000000000003e-08 1.1000000000000001e-08 0.0
2.4000000000000003e-08 1.2000000000000002e-08 0.0
2.4000000000000003e-08 1.3e-08 0.0
2.4000000000000003e-08 1.4000000000000001e-08 0.0
2.4000000000000003e-08 1.5000000000000002e-08 0.0
2.4000000000000003e-08 1.6e-08 0.0
2.4000000000000003e-08 1.7e-08 0.0
2.4000000000000003e-08 1.8000000000000002e-08 0.0
2.4000000000000003e-08 1.9e-08 0.0
2.4000000000000003e-08 2e-08 0.0
2.5000000000000002e-08 1e-08 0.0
2.5000000000000002e-08 1.1000000000000001e-08 0.0
2.5000000000000002e-08 1.2000000000000002e-08 0.0
2.5000000000000002e-08 1.3e-08 0.0
2.5000000000000002e-08 1.4000000000000001e-08 0.0
2.5000000000000002e-08 1.5000000000000002e-08 0.0
2.5000000000000002e-08 1.6e-08 0.0
2.5000000000000002e-08 1.7e-08 0.0
2.5000000000000002e-08 1.8000000000000002e-08 0.0
2.5000000000000002e-08 1.9e-08 0.0
2.5000000000000002e-08 2e-08 0.0
2.6e-08 1e-08 0.0
2.6e-08 1.1000000000000001e-08 0.0
2.6e-08 1.2000000000000002e-08 0.0
2.6e-08 1.3e-08 0.0
2.6e-08 1.4000000000000001e-08 0.0
2.6e-08 1.5000000000000002e-08 0.0
2.6e-08 1.6e-08 0.0
2.6e-08 1.7e-08 0.0
2.6e-08 1.8000000000000002e-08 0.0
2.6e-08 1.9e-08 0.0
2.6e-08 2e-08 0.0
2.7e-08 1e-08 0.0
2.7e-08 1.1000000000000001e-08 0.0
2.7e-08 1.2000000000000002e-08 0.0
2.7e-08 1.3e-08 0.0
2.7e-08 1.4000000000000001e-08 0.0
2.7e-08 1.5000000000000002e-08 0.0
2.7e-08 1.6e-08 0.0
2.7e-08 1.7e-08 0.0
2.7e-08 1.8000000000000002e-08 0.0
2.7e-08 1.9e-08 0.0
2.7e-08 2e-08 0.0
2.8000000000000003e-08 1e-08 0.0
2.8000000000000003e-08 1.1000000000000001e-08 0.0
2.8000000000000003e-08 1.2000000000000002e-08 0.0
2.8000000000000003e-08 1.3e-08 0.0
2.8000000000000003e-08 1.4000000000000001e-08 0.0
2.8000000000000003e-08 1.5000000000000002e-08 0.0
2.8000000000000003e-08 1.6e-08 0.0
2.8000000000000003e-08 1.7e-08 0.0
2.8000000000000003e-08 1.8000000000000002e-08 0.0
2.8000000000000003e-08 1.9e-08 0.0
2.8000000000000003e-08 2e-08 0.0
2.9e-08 1e-08 0.0
2.9e-08 1.1000000000000001e-08 0.0
2.9e-08 1.2000000000000002e-08 0.0
2.9e-08 1.3e-08 0.0
2.9e-08 1.4000000000000001e-08 0.0
2.9e-08 1.5000000000000002e-08 0.0
2.9e-08 1.6e-08 0.0
2.9e-08 1.7e-08 0.0
2.9e-08 1.8000000000000002e-08 0.0
2.9e-08 1.9e-08 0.0
2.9e-08 2e-08 0.0
3.0000000000000004e-08 1e-08 0.0
3.0000000000000004e-08 1.1000000000000001e-08 0.0
3.0000000000000004e-08 1.2000000000000002e-08 0.0
3.0000000000000004e-08 1.3e-08 0.0
3.0000000000000004e-08 1.4000000000000001e-08 0.0
3.0000000000000004e-08 1.5000000000000002e-08 0.0
3.0000000000000004e-08 1.6e-08 0.0
3.0000000000000004e-08 1.7e-08 0.0
3.0000000000000004e-08 1.8000000000000002e-08 0.0
3.0000000000000004e-08 1.9e-08 0.0
3.0000000000000004e-08 2e-08 0.0
3.1e-08 1e-08 0.0
3.1e-08 1.1000000000000001e-08 0.0
3.1e-08 1.2000000000000002e-08 0.0
3.1e-08 1.3e-08 0.0
3.1e-08 1.4000000000000001e-08 0.0
3.1e-08 1.5000000000000002e-08 0.0
3.1e-08 1.6e-08 0.0
3.1e-08 1.7e-08 0.0
3.1e-08 1.8000000000000002e-08 0.0
3.1e-08 1.9e-08 0.0
3.1e-08 2e-08 0.0
3.2e-08 1e-08 0.0
3.2e-08 1.1000000000000001e-08 0.0
3.2e-08 1.2000000000000002e-08 0.0
3.2e-08 1.3e-08 0.0
3.2e-08 1.4000000000000001e-08 0.0
3.2e-08 1.5000000000000002e-08 0.0
3.2e-08 1.6e-08 0.0
3.2e-08 1.7e-08 0.0
3.2e-08 1.8000000000000002e-08 0.0
3.2e-08 1.9e-08 0.0
3.2e-08 2e-08 0.0
3.3000000000000004e-08 1e-08 0.0
3.3000000000000004e-08 1.1000000000000001e-08 0.0
3.3000000000000004e-08 1.2000000000000002e-08 0.0
3.3000000000000004e-08 1.3e-08 0.0
3.3000000000000004e-08 1.4000000000000001e-08 0.0
3.3000000000000004e-08 1.5000000000000002e-08 0.0
3.3000000000000004e-08 1.6e-08 0.0
3.3000000000000004e-08 1.7e-08 0.0
3.3000000000000004e-08 1.8000000000000002e-08 0.0
3.3000000000000004e-08 1.9e-08 0.0
3.3000000000000004e-08 2e-08 0.0
3.4e-08 1e-08 0.0
3.4e-08 1.1000000000000001e-08 0.0
3.4e-08 1.2000000000000002e-08 0.0
3.4e-08 1.3e-08 0.0
3.4e-08 1.4000000000000001e-08 0.0
3.4e-08 1.5000000000000002e-08 0.0
3.4e-08 1.6e-08 0.0
3.4e-08 1.7e-08 0.0
3.4e-08 1.8000000000000002e-08 0.0
3.4e-08 1.9e-08 0.0
3.4e-08 2e-08 0.0
3.5e-08 1e-08 0.0
3.5e-08 1.1000000000000001e-08 0.0
3.5e-08 1.2000000000000002e-08 0.0
3.5e-08 1.3e-08 0.0
3.5e-08 1.4000000000000001e-08 0.0
3.5e-08 1.5000000000000002e-08 0.0
3.5e-08 1.6e-08 0.0
3.5e-08 1.7e-08 0.0
3.5e-08 1.8000000000000002e-08 0.0
3.5e-08 1.9e-08 0.0
3.5e-08 2e-08 0.0
3.6000000000000005e-08 1e-08 0.0
3.6000000000000005e-08 1.1000000000000001e-08 0.0
3.6000000000000005e-08 1.2000000000000002e-08 0.0
3.6000000000000005e-08 1.3e-08 0.0
3.6000000000000005e-08 1.4000000000000001e-08 0.0
3.6000000000000005e-08 1.5000000000000002e-08 0.0
3.6000000000000005e-08 1.6e-08 0.0
3.6000000000000005e-08 1.7e-08 0.0
3.6000000000000005e-08 1.8000000000000002e-08 0.0
3.6000000000000005e-08 1.9e-08 0.0
3.6000000000000005e-08 2e-08 0.0
3.7e-08 1e-08 0.0
3.7e-08 1.1000000000000001e-08 0.0
3.7e-08 1.2000000000000002e-08 0.0
3.7e-08 1.3e-08 0.0
3.7e-08 1.4000000000000001e-08 0.0
3.7e-08 1.5000000000000002e-08 0.0
3.7e-08 1.6e-08 0.0
3.7e-08 1.7e-08 0.0
3.7e-08 1.8000000000000002e-08 0.0
3.7e-08 1.9e-08 0.0
3.7e-08 2e-08 0.0
3.8e-08 1e-08 0.0
3.8e-08 1.1000000000000001e-08 0.0
3.8e-08 1.2000000000000002e-08 0.0
3.8e-08 1.3e-08 0.0
3.8e-08 1.4000000000000001e-08 0.0
3.8e-08 1.5000000000000002e-08 0.0
3.8e-08 1.6e-08 0.0
3.8e-08 1.7e-08 0.0
3.8e-08 1.8000000000000002e-08 0.0
3.8e-08 1.9e-08 0.0
3.8e-08 2e-08 0.0
3.9000000000000005e-08 1e-08 0.0
3.9000000000000005e-08 1.1000000000000001e-08 0.0
3.9000000000000005e-08 1.2000000000000002e-08 0.0
3.9000000000000005e-08 1.3e-08 0.0
3.9000000000000005e-08 1.4000000000000001e-08 0.0
3.9000000000000005e-08 1.5000000000000002e-08 0.0
3.9000000000000005e-08 1.6e-08 0.0
3.9000000000000005e-08 1.7e-08 0.0
3.9000000000000005e-08 1.8000000000000002e-08 0.0
3.9000000000000005e-08 1.9e-08 0.0
3.9000000000000005e-08 2e-08 0.0
4e-08 1e-08 0.0
4e-08 1.1000000000000001e-08 0.0
4e-08 1.2000000000000002e-08 0.0
4e-08 1.3e-08 0.0
4e-08 1.4000000000000001e-08 0.0
4e-08 1.5000000000000002e-08 0.0
4e-08 1.6e-08 0.0
4e-08 1.7e-08 0.0
4e-08 1.8000000000000002e-08 0.0
4e-08 1.9e-08 0.0
4e-08 2e-08 0.0
4.1e-08 1e-08 0.0
4.1e-08 1.1000000000000001e-08 0.0
4.1e-08 1.2000000000000002e-08 0.0
4.1e-08 1.3e-08 0.0
4.1e-08 1.4000000000000001e-08 0.0
4.1e-08 1.5000000000000002e-08 0.0
4.1e-08 1.6e-08 0.0
4.1e-08 1.7e-08 0.0
4.1e-08 1.8000000000000002e-08 0.0
4.1e-08 1.9e-08 0.0
4.1e-08 2e-08 0.0
4.2000000000000006e-08 1e-08 0.0
4.2000000000000006e-08 1.1000000000000001e-08 0.0
4.2000000000000006e-08 1.2000000000000002e-08 0.0
4.2000000000000006e-08 1.3e-08 0.0
4.2000000000000006e-08 1.4000000000000001e-08 0.0
4.2000000000000006e-08 1.5000000000000002e-08 0.0
4.2000000000000006e-08 1.6e-08 0.0
4.2000000000000006e-08 1.7e-08 0.0
4.2000000000000006e-08 1.8000000000000002e-08 0.0
4.2000000000000006e-08 1.9e-08 0.0
4.2000000000000006e-08 2e-08 0.0
4.3e-08 1e-08 0.0
4.3e-08 1.1000000000000001e-08 0.0
4.3e-08 1.2000000000000002e-08 0.0
4.3e-08 1.3e-08 0.0
4.3e-08 1.4000000000000001e-08 0.0
4.3e-08 1.5000000000000002e-08 0.0
4.3e-08 1.6e-08 0.0
4.3e-08 1.7e-08 0.0
4.3e-08 1.8000000000000002e-08 0.0
4.3e-08 1.9e-08 0.0
4.3e-08 2e-08 0.0
4.4000000000000004e-08 1e-08 0.0
4.4000000000000004e-08 1.1000000000000001e-08 0.0
4.4000000000000004e-08 1.2000000000000002e-08 0.0
4.4000000000000004e-08 1.3e-08 0.0
4.4000000000000004e-08 1.4000000000000001e-08 0.0
4.4000000000000004e-08 1.5000000000000002e-08 0.0
4.4000000000000004e-08 1.6e-08 0.0
4.4000000000000004e-08 1.7e-08 0.0
4.4000000000000004e-08 1.8000000000000002e-08 0.0
4.4000000000000004e-08 1.9e-08 0.0
4.4000000000000004e-08 2e-08 0.0
4.5000000000000006e-08 1e-08 0.0
4.5000000000000006e-08 1.1000000000000001e-08 0.0
4.5000000000000006e-08 1.2000000000000002e-08 0.0
4.5000000000000006e-08 1.3e-08 0.0
4.5000000000000006e-08 1.4000000000000001e-08 0.0
4.5000000000000006e-08 1.5000000000000002e-08 0.0
4.5000000000000006e-08 1.6e-08 0.0
4.5000000000000006e-08 1.7e-08 0.0
4.5000000000000006e-08 1.8000000000000002e-08 0.0
4.5000000000000006e-08 1.9e-08 0.0
4.5000000000000006e-08 2e-08 0.0
4.6e-08 1e-08 0.0
4.6e-08 1.1000000000000001e-08 0.0
4.6e-08 1.2000000000000002e-08 0.0
4.6e-08 1.3e-08 0.0
4.6e-08 1.4000000000000001e-08 0.0
4.6e-08 1.5000000000000002e-08 0.0
4.6e-08 1.6e-08 0.0
4.6e-08 1.7e-08 0.0
4.6e-08 1.8000000000000002e-08 0.0
4.6e-08 1.9e-08 0.0
4.6e-08 2e-08 0.0
4.7000000000000004e-08 1e-08 0.0
4.7000000000000004e-08 1.1000000000000001e-08 0.0
4.7000000000000004e-08 1.2000000000000002e-08 0.0
4.7000000000000004e-08 1.3e-08 0.0
4.7000000000000004e-08 1.4000000000000001e-08 0.0
4.7000000000000004e-08 1.5000000000000002e-08 0.0
4.7000000000000004e-08 1.6e-08 0.0
4.7000000000000004e-08 1.7e-08 0.0
4.7000000000000004e-08 1.8000000000000002e-08 0.0
4.7000000000000004e-08 1.9e-08 0.0
4.7000000000000004e-08 2e-08 0.0
4.8000000000000006e-08 1e-08 0.0
4.8000000000000006e-08 1.1000000000000001e-08 0.0
4.8000000000000006e-08 1.2000000000000002e-08 0.0
4.8000000000000006e-08 1.3e-08 0.0
4.8000000000000006e-08 1.4000000000000001e-08 0.0
4.8000000000000006e-08 1.5000000000000002e-08 0.0
4.8000000000000006e-08 1.6e-08 0.0
4.8000000000000006e-08 1.7e-08 0.0
4.8000000000000006e-08 1.8000000000000002e-08 0.0
4.8000000000000006e-08 1.9e-08 0.0
4.8000000000000006e-08 2e-08 0.0
4.9e-08 1e-08 0.0
4.9e-08 1.1000000000000001e-08 0.0
4.9e-08 1.2000000000000002e-08 0.0
4.9e-08 1.3e-08 0.0
4.9e-08 1.4000000000000001e-08 0.0
4.9e-08 1.5000000000000002e-08 0.0
4.9e-08 1.6e-08 0.0
4.9e-08 1.7e-08 0.0
4.9e-08 1.8000000000000002e-08 0.0
4.9e-08 1.9e-08 0.0
4.9e-08 2e-08 0.0
5.0000000000000004e-08 1e-08 0.0
5.0000000000000004e-08 1.1000000000000001e-08 0.0
5.0000000000000004e-08 1.2000000000000002e-08 0.0
5.0000000000000004e-08 1.3e-08 0.0
5.0000000000000004e-08 1.4000000000000001e-08 0.0
5.0000000000000004e-08 1.5000000000000002e-08 0.0
5.0000000000000004e-08 1.6e-08 0.0
5.0000000000000004e-08 1.7e-08 0.0
5.0000000000000004e-08 1.8000000000000002e-08 0.0
5.0000000000000004e-08 1.9e-08 0.0
5.0000000000000004e-08 2e-08 0.0
    </DataArray>
   </Points>
   <Cells>
    <DataArray type="Int32" Name="connectivity" format="ascii">
0 11 1
11 12 1
1 12 2
12 13 2
2 13 3
13 14 3
3 14 4
14 15 4
4 15 5
15 16 5
5 16 6
16 17 6
6 17 7
17 18 7
7 18 8
18 19 8
8 19 9
19 20 9
9 20 10
20 21 10
11 22 12
22 23 12
12 23 13
23 24 13
13 24 14
24 25 14
14 25 15
25 26 15
15 26 16
26 27 16
16 27 17
27 28 17
17 28 18
28 29 18
18 29 19
29 30 19
19 30 20
30 31 20
20 31 21
31 32 21
22 33 23
33 34 23
23 34 24
34 35 24
24 35 25
35 36 25
25 36 26
36 37 26
26 37 27
37 38 27
27 38 28
38 39 28
28 39 29
39 40 29
29 40 30
40 41 30
30 41 31
41 42 31
31 42 32
42 43 32
33 44 34
44 45 34
34 45 35
45 46 35
35 46 36
46 47 36
36 47 37
47 48 37
37 48 38
48 49 38
38 49 39
49 50 39
39 50 40
50 51 40
40 51 41
51 52 41
41 52 42
52 53 42
42 53 43
53 54 43
44 55 45
55 56 45
45 56 46
56 57 46
46 57 47
57 58 47
47 58 48
58 59 48
48 59 49
59 60 49
49 60 50
60 61 50
50 61 51
61 62 51
51 62 52
62 63 52
52 63 53
63 64 53
53 64 54
64 65 54
55 66 56
66 67 56
56 67 57
67 68 57
57 68 58
68 69 58
58 69 59
69 70 59
59 70 60
70 71 60
60 71 61
71 72 61
61 72 62
72 73 62
62 73 63
73 74 63
63 74 64
74 75 64
64 75 65
75 76 65
66 77 67
77 78 67
67 78 68
78 79 68
68 79 69
79 80 69
69 80 70
80 81 70
70 81 71
81 82 71
71 82 72
82 83 72
72 83 73
83 84 73
73 84 74
84 85 74
74 85 75
85 86 75
75 86 76
86 87 76
77 88 78
88 89 78
78 89 79
89 90 79
79 90 80
90 91 80
80 91 81
91 92 81
81 92 82
92 93 82
82 93 83
93 94 83
83 94 84
94 95 84
84 95 85
95 96 85
85 96 86
96 97 86
86 97 87
97 98 87
88 99 89
99 100 89
89 100 90
100 101 90
90 101 91
101 102 91
91 102 92
102 103 92
92 103 93
103 104 93
93 104 94
104 105 94
94 105 95
105 106 95
95 106 96
106 107 96
96 107 97
107 108 97
97 108 98
108 109 98
99 110 100
110 111 100
100 111 101
111 112 101
101 112 102
112 113 102
102 113 103
113 114 103
103 114 104
114 115 104
104 115 105
115 116 105
105 116 106
116 117 106
106 117 107
117 118 107
107 118 108
118 119 108
108 119 109
119 120 109
110 121 111
121 122 111
111 122 112
122 123 112
112 123 113
123 124 113
113 124 114
124 125 114
114 125 115
125 126 115
115 126 116
126 127 116
116 127 117
127 128 117
117 128 118
128 129 118
118 129 119
129 130 119
119 130 120
130 131 120
121 132 122
132 133 122
122 133 123
133 134 123
123 134 124
134 135 124
124 135 125
135 136 125
125 136 126
136 137 126
126 137 127
137 138 127
127 138 128
138 139 128
128 139 129
139 140 129
129 140 130
140 141 130
130 141 131
141 142 131
132 143 133
143 144 133
133 144 134
144 145 134
134 145 135
145 146 135
135 146 136
146 147 136
136 147 137
147 148 137
137 148 138
148 149 138
138 149 139
149 150 139
139 150 140
150 151 140
140 151 141
151 152 141
141 152 142
152 153 142
143 154 144
154 155 144
144 155 145
155 156 145
145 156 146
156 157 146
146 157 147
157 158 147
147 158 148
158 159 148
148 159 149
159 160 149
149 160 150
160 161 150
150 161 151
161 162 151
151 162 152
162 163 152
152 163 153
163 164 153
154 165 155
165 166 155
155 166 156
166 167 156
156 167 157
167 168 157
157 168 158
168 169 158
158 169 159
169 170 159
159 170 160
170 171 160
160 171 161
171 172 161
161 172 162
172 173 162
162 173 163
173 174 163
163 174 164
174 175 164
165 176 166
176 177 166
166 177 167
177 178 167
167 178 168
178 179 168
168 179 169
179 180 169
169 180 170
180 181 170
170 181 171
181 182 171
171 182 172
182 183 172
172 183 173
183 184 173
173 184 174
184 185 174
174 185 175
185 186 175
176 187 177
187 188 177
177 188 178
188 189 178
178 189 179
189 190 179
179 190 180
190 191 180
180 191 181
191 192 181
181 192 182
192 193 182
182 193 183
193 194 183
183 194 184
194 195 184
184 195 185
195 196 185
185 196 186
196 197 186
187 198 188
198 199 188
188 199 189
199 200 189
189 200 190
200 201 190
190 201 191
201 202 191
191 202 192
202 203 192
192 203 193
203 204 193
193 204 194
204 205 194
194 205 195
205 206 195
195 206 196
206 207 196
196 207 197
207 208 197
198 209 199
209 210 199
199 210 200
210 211 200
200 211 201
211 212 201
201 212 202
212 213 202
202 213 203
213 214 203
203 214 204
214 215 204
204 215 205
215 216 205
205 216 206
216 217 206
206 217 207
217 218 207
207 218 208
218 219 208
209 220 210
220 221 210
210 221 211
221 222 211
211 222 212
222 223 212
212 223 213
223 224 213
213 224 214
224 225 214
214 225 215
225 226 215
215 226 216
226 227 216
216 227 217
227 228 217
217 228 218
228 229 218
218 229 219
229 230 219
220 231 221
231 232 221
221 232 222
232 233 222
222 233 223
233 234 223
223 234 224
234 235 224
224 235 225
235 236 225
225 236 226
236 237 226
226 237 227
237 238 227
227 238 228
238 239 228
228 239 229
239 240 229
229 240 230
240 241 230
231 242 232
242 243 232
232 243 233
243 244 233
233 244 234
244 245 234
234 245 235
245 246 235
235 246 236
246 247 236
236 247 237
247 248 237
237 248 238
248 249 238
238 249 239
249 250 239
239 250 240
250 251 240
240 251 241
251 252 241
242 253 243
253 254 243
243 254 244
254 255 244
244 255 245
255 256 245
245 256 246
256 257 246
246 257 247
257 258 247
247 258 248
258 259 248
248 259 249
259 260 249
249 260 250
260 261 250
250 261 251
261 262 251
251 262 252
262 263 252
253 264 254
264 265 254
254 265 255
265 266 255
255 266 256
266 267 256
256 267 257
267 268 257
257 268 258
268 269 258
258 269 259
269 270 259
259 270 260
270 271 260
260 271 261
271 272 261
261 272 262
272 273 262
262 273 263
273 274 263
264 275 265
275 276 265
265 276 266
276 277 266
266 277 267
277 278 267
267 278 268
278 279 268
268 279 269
279 280 269
269 280 270
280 281 270
270 281 271
281 282 271
271 282 272
282 283 272
272 283 273
283 284 273
273 284 274
284 285 274
275 286 287
275 287 276
276 287 288
276 288 277
277 288 289
277 289 278
278 289 290
278 290 279
279 290 291
279 291 280
280 291 292
280 292 281
281 292 293
281 293 282
282 293 294
282 294 283
283 294 295
283 295 284
284 295 296
284 296 285
286 297 298
286 298 287
287 298 299
287 299 288
288 299 300
288 300 289
289 300 301
289 301 290
290 301 302
290 302 291
291 302 303
291 303 292
292 303 304
292 304 293
293 304 305
293 305 294
294 305 306
294 306 295
295 306 307
295 307 296
297 308 309
297 309 298
298 309 310
298 310 299
299 310 311
299 311 300
300 311 312
300 312 301
301 312 313
301 313 302
302 313 314
302 314 303
303 314 315
303 315 304
304 315 316
304 316 305
305 316 317
305 317 306
306 317 318
306 318 307
308 319 320
308 320 309
309 320 321
309 321 310
310 321 322
310 322 311
311 322 323
311 323 312
312 323 324
312 324 313
313 324 325
313 325 314
314 325 326
314 326 315
315 326 327
315 327 316
316 327 328
316 328 317
317 328 329
317 329 318
319 330 331
319 331 320
320 331 332
320 332 321
321 332 333
321 333 322
322 333 334
322 334 323
323 334 335
323 335 324
324 335 336
324 336 325
325 336 337
325 337 326
326 337 338
326 338 327
327 338 339
327 339 328
328 339 340
328 340 329
330 341 342
330 342 331
331 342 343
331 343 332
332 343 344
332 344 333
333 344 345
333 345 334
334 345 346
334 346 335
335 346 347
335 347 336
336 347 348
336 348 337
337 348 349
337 349 338
338 349 350
338 350 339
339 350 351
339 351 340
341 352 353
341 353 342
342 353 354
342 354 343
343 354 355
343 355 344
344 355 356
344 356 345
345 356 357
345 357 346
346 357 358
346 358 347
347 358 359
347 359 348
348 359 360
348 360 349
349 360 361
349 361 350
350 361 362
350 362 351
352 363 364
352 364 353
353 364 365
353 365 354
354 365 366
354 366 355
355 366 367
355 367 356
356 367 368
356 368 357
357 368 369
357 369 358
358 369 370
358 370 359
359 370 371
359 371 360
360 371 372
360 372 361
361 372 373
361 373 362
363 374 375
363 375 364
364 375 376
364 376 365
365 376 377
365 377 366
366 377 378
366 378 367
367 378 379
367 379 368
368 379 380
368 380 369
369 380 381
369 381 370
370 381 382
370 382 371
371 382 383
371 383 372
372 383 384
372 384 373
374 385 386
374 386 375
375 386 387
375 387 376
376 387 388
376 388 377
377 388 389
377 389 378
378 389 390
378 390 379
379 390 391
379 391 380
380 391 392
380 392 381
381 392 393
381 393 382
382 393 394
382 394 383
383 394 395
383 395 384
385 396 397
385 397 386
386 397 398
386 398 387
387 398 399
387 399 388
388 399 400
388 400 389
389 400 401
389 401 390
390 401 402
390 402 391
391 402 403
391 403 392
392 403 404
392 404 393
393 404 405
393 405 394
394 405 406
394 406 395
396 407 408
396 408 397
397 408 409
397 409 398
398 409 410
398 410 399
399 410 411
399 411 400
400 411 412
400 412 401
401 412 413
401 413 402
402 413 414
402 414 403
403 414 415
403 415 404
404 415 416
404 416 405
405 416 417
405 417 406
407 418 419
407 419 408
408 419 420
408 420 409
409 420 421
409 421 410
410 421 422
410 422 411
411 422 423
411 423 412
412 423 424
412 424 413
413 424 425
413 425 414
414 425 426
414 426 415
415 426 427
415 427 416
416 427 428
416 428 417
418 429 430
418 430 419
419 430 431
419 431 420
420 431 432
420 432 421
421 432 433
421 433 422
422 433 434
422 434 423
423 434 435
423 435 424
424 435 436
424 436 425
425 436 437
425 437 426
426 437 438
426 438 427
427 438 439
427 439 428
429 440 441
429 441 430
430 441 442
430 442 431
431 442 443
431 443 432
432 443 444
432 444 433
433 444 445
433 445 434
434 445 446
434 446 435
435 446 447
435 447 436
436 447 448
436 448 437
437 448 449
437 449 438
438 449 450
438 450 439
440 451 452
440 452 441
441 452 453
441 453 442
442 453 454
442 454 443
443 454 455
443 455 444
444 455 456
444 456 445
445 456 457
445 457 446
446 457 458
446 458 447
447 458 459
447 459 448
448 459 460
448 460 449
449 460 461
449 461 450
451 462 463
451 463 452
452 463 464
452 464 453
453 464 465
453 465 454
454 465 466
454 466 455
455 466 467
455 467 456
456 467 468
456 468 457
457 468 469
457 469 458
458 469 470
458 470 459
459 470 471
459 471 460
460 471 472
460 472 461
462 473 474
462 474 463
463 474 475
463 475 464
464 475 476
464 476 465
465 476 477
465 477 466
466 477 478
466 478 467
467 478 479
467 479 468
468 479 480
468 480 469
469 480 481
469 481 470
470 481 482
470 482 471
471 482 483
471 483 472
473 484 485
473 485 474
474 485 486
474 486 475
475 486 487
475 487 476
476 487 488
476 488 477
477 488 489
477 489 478
478 489 490
478 490 479
479 490 491
479 491 480
480 491 492
480 492 481
481 492 493
481 493 482
482 493 494
482 494 483
484 495 496
484 496 485
485 496 497
485 497 486
486 497 498
486 498 487
487 498 499
487 499 488
488 499 500
488 500 489
489 500 501
489 501 490
490 501 502
490 502 491
491 502 503
491 503 492
492 503 504
492 504 493
493 504 505
493 505 494
495 506 507
495 507 496
496 507 508
496 508 497
497 508 509
497 509 498
498 509 510
498 510 499
499 510 511
499 511 500
500 511 512
500 512 501
501 512 513
501 513 502
502 513 514
502 514 503
503 514 515
503 515 504
504 515 516
504 516 505
506 517 518
506 518 507
507 518 519
507 519 508
508 519 520
508 520 509
509 520 521
509 521 510
510 521 522
510 522 511
511 522 523
511 523 512
512 523 524
512 524 513
513 524 525
513 525 514
514 525 526
514 526 515
515 526 527
515 527 516
517 528 529
517 529 518
518 529 530
518 530 519
519 530 531
519 531 520
520 531 532
520 532 521
521 532 533
521 533 522
522 533 534
522 534 523
523 534 535
523 535 524
524 535 536
524 536 525
525 536 537
525 537 526
526 537 538
526 538 527
528 539 540
528 540 529
529 540 541
529 541 530
530 541 542
530 542 531
531 542 543
531 543 532
532 543 544
532 544 533
533 544 545
533 545 534
534 545 546
534 546 535
535 546 547
535 547 536
536 547 548
536 548 537
537 548 549
537 549 538
539 550 551
539 551 540
540 551 552
540 552 541
541 552 553
541 553 542
542 553 554
542 554 543
543 554 555
543 555 544
544 555 556
544 556 545
545 556 557
545 557 546
546 557 558
546 558 547
547 558 559
547 559 548
548 559 560
548 560 549
    </DataArray>
    <DataArray type="Int32" Name="offsets" format="ascii">
3 6 9 12 15 18 21 24 27 30 33 36 39 42 45 48 51 54 57 60 63 66 69 72 75 78 81 84 87 90 93 96 99 102 105 108 111 114 117 120 123 126 129 132 135 138 141 144 147 150 153 156 159 162 165 168 171 174 177 180 183 186 189 192 195 198 201 204 207 210 213 216 219 222 225 228 231 234 237 240 243 246 249 252 255 258 261 264 267 270 273 276 279 282 285 288 291 294 297 300 303 306 309 312 315 318 321 324 327 330 333 336 339 342 345 348 351 354 357 360 363 366 369 372 375 378 381 384 387 390 393 396 399 402 405 408 411 414 417 420 423 426 429 432 435 438 441 444 447 450 453 456 459 462 465 468 471 474 477 480 483 486 489 492 495 498 501 504 507 510 513 516 519 522 525 528 531 534 537 540 543 546 549 552 555 558 561 564 567 570 573 576 579 582 585 588 591 594 597 600 603 606 609 612 615 618 621 624 627 630 633 636 639 642 645 648 651 654 657 660 663 666 669 672 675 678 681 684 687 690 693 696 699 702 705 708 711 714 717 720 723 726 729 732 735 738 741 744 747 750 753 756 759 762 765 768 771 774 777 780 783 786 789 792 795 798 801 804 807 810 813 816 819 822 825 828 831 834 837 840 843 846 849 852 855 858 861 864 867 870 873 876 879 882 885 888 891 894 897 900 903 906 909 912 915 918 921 924 927 930 933 936 939 942 945 948 951 954 957 960 963 966 969 972 975 978 981 984 987 990 993 996 999 1002 1005 1008 1011 1014 1017 1020 1023 1026 1029 1032 1035 1038 1041 1044 1047 1050 1053 1056 1059 1062 1065 1068 1071 1074 1077 1080 1083 1086 1089 1092 1095 1098 1101 1104 1107 1110 1113 1116 1119 1122 1125 1128 1131 1134 1137 1140 1143 1146 1149 1152 1155 1158 1161 1164 1167 1170 1173 1176 1179 1182 1185 1188 1191 1194 1197 1200 1203 1206 1209 1212 1215 1218 1221 1224 1227 1230 1233 1236 1239 1242 1245 1248 1251 1254 1257 1260 1263 1266 1269 1272 1275 1278 1281 1284 1287 1290 1293 1296 1299 1302 1305 1308 1311 1314 1317 1320 1323 1326 1329 1332 1335 1338 1341 1344 1347 1350 1353 1356 1359 1362 1365 1368 1371 1374 1377 1380 1383 1386 1389 1392 1395 1398 1401 1404 1407 1410 1413 1416 1419 1422 1425 1428 1431 1434 1437 1440 1443 1446 1449 1452 1455 1458 1461 1464 1467 1470 1473 1476 1479 1482 1485 1488 1491 1494 1497 1500 1503 1506 1509 1512 1515 1518 1521 1524 1527 1530 1533 1536 1539 1542 1545 1548 1551 1554 1557 1560 1563 1566 1569 1572 1575 1578 1581 1584 1587 1590 1593 1596 1599 1602 1605 1608 1611 1614 1617 1620 1623 1626 1629 1632 1635 1638 1641 1644 1647 1650 1653 1656 1659 1662 1665 1668 1671 1674 1677 1680 1683 1686 1689 1692 1695 1698 1701 1704 1707 1710 1713 1716 1719 1722 1725 1728 1731 1734 1737 1740 1743 1746 1749 1752 1755 1758 1761 1764 1767 1770 1773 1776 1779 1782 1785 1788 1791 1794 1797 1800 1803 1806 1809 1812 1815 1818 1821 1824 1827 1830 1833 1836 1839 1842 1845 1848 1851 1854 1857 1860 1863 1866 1869 1872 1875 1878 1881 1884 1887 1890 1893 1896 1899 1902 1905 1908 1911 1914 1917 1920 1923 1926 1929 1932 1935 1938 1941 1944 1947 1950 1953 1956 1959 1962 1965 1968 1971 1974 1977 1980 1983 1986 1989 1992 1995 1998 2001 2004 2007 2010 2013 2016 2019 2022 2025 2028 2031 2034 2037 2040 2043 2046 2049 2052 2055 2058 2061 2064 2067 2070 2073 2076 2079 2082 2085 2088 2091 2094 2097 2100 2103 2106 2109 2112 2115 2118 2121 2124 2127 2130 2133 2136 2139 2142 2145 2148 2151 2154 2157 2160 2163 2166 2169 2172 2175 2178 2181 2184 2187 2190 2193 2196 2199 2202 2205 2208 2211 2214 2217 2220 2223 2226 2229 2232 2235 2238 2241 2244 2247 2250 2253 2256 2259 2262 2265 2268 2271 2274 2277 2280 2283 2286 2289 2292 2295 2298 2301 2304 2307 2310 2313 2316 2319 2322 2325 2328 2331 2334 2337 2340 2343 2346 2349 2352 2355 2358 2361 2364 2367 2370 2373 2376 2379 2382 2385 2388 2391 2394 2397 2400 2403 2406 2409 2412 2415 2418 2421 2424 2427 2430 2433 2436 2439 2442 2445 2448 2451 2454 2457 2460 2463 2466 2469 2472 2475 2478 2481 2484 2487 2490 2493 2496 2499 2502 2505 2508 2511 2514 2517 2520 2523 2526 2529 2532 2535 2538 2541 2544 2547 2550 2553 2556 2559 2562 2565 2568 2571 2574 2577 2580 2583 2586 2589 2592 2595 2598 2601 2604 2607 2610 2613 2616 2619 2622 2625 2628 2631 2634 2637 2640 2643 2646 2649 2652 2655 2658 2661 2664 2667 2670 2673 2676 2679 2682 2685 2688 2691 2694 2697 2700 2703 2706 2709 2712 2715 2718 2721 2724 2727 2730 2733 2736 2739 2742 2745 2748 2751 2754 2757 2760 2763 2766 2769 2772 2775 2778 2781 2784 2787 2790 2793 2796 2799 2802 2805 2808 2811 2814 2817 2820 2823 2826 2829 2832 2835 2838 2841 2844 2847 2850 2853 2856 2859 2862 2865 2868 2871 2874 2877 2880 2883 2886 2889 2892 2895 2898 2901 2904 2907 2910 2913 2916 2919 2922 2925 2928 2931 2934 2937 2940 2943 2946 2949 2952 2955 2958 2961 2964 2967 2970 2973 2976 2979 2982 2985 2988 2991 2994 2997 3000
    </DataArray>
    <DataArray type="UInt8" Name="types" format="ascii">
5 5 5 5 5 5 5 5 5 5 5 5 5 5 5 5 5 5 5 5 5 5 5 5 5 5 5 5 5 5 5 5 5 5 5 5 5 5 5 5 5 5 5 5 5 5 5 5 5 5 5 5 5 5 5 5 5 5 5 5 5 5 5 5 5 5 5 5 5 5 5 5 5 5 5 5 5 5 5 5 5 5 5 5 5 5 5 5 5 5 5 5 5 5 5 5 5 5 5 5 5 5 5 5 5 5 5 5 5 5 5 5 5 5 5 5 5 5 5 5 5 5 5 5 5 5 5 5 5 5 5 5 5 5 5 5 5 5 5 5 5 5 5 5 5 5 5 5 5 5 5 5 5 5 5 5 5 5 5 5 5 5 5 5 5 5 5 5 5 5 5 5 5 5 5 5 5 5 5 5 5 5 5 5 5 5 5 5 5 5 5 5 5 5 5 5 5 5 5 5 5 5 5 5 5 5 5 5 5 5 5 5 5 5 5 5 5 5 5 5 5 5 5 5 5 5 5 5 5 5 5 5 5 5 5 5 5 5 5 5 5 5 5 5 5 5 5 5 5 5 5 5 5 5 5 5 5 5 5 5 5 5 5 5 5 5 5 5 5 5 5 5 5 5 5 5 5 5 5 5 5 5 5 5 5 5 5 5 5 5 5 5 5 5 5 5 5 5 5 5 5 5 5 5 5 5 5 5 5 5 5 5 5 5 5 5 5 5 5 5 5 5 5 5 5 5 5 5 5 5 5 5 5 5 5 5 5 5 5 5 5 5 5 5 5 5 5 5 5 5 5 5 5 5 5 5 5 5 5 5 5 5 5 5 5 5 5 5 5 5 5 5 5 5 5 5 5 5 5 5 5 5 5 5 5 5 5 5 5 5 5 5 5 5 5 5 5 5 5 5 5 5 5 5 5 5 5 5 5 5 5 5 5 5 5 5 5 5 5 5 5 5 5 5 5 5 5 5 5 5 5 5 5 5 5 5 5 5 5 5 5 5 5 5 5 5 5 5 5 5 5 5 5 5 5 5 5 5 5 5 5 5 5 5 5 5 5 5 5 5 5 5 5 5 5 5 5 5 5 5 5 5 5 5 5 5 5 5 5 5 5 5 5 5 5 5 5 5 5 5 5 5 5 5 5 5 5 5 5 5 5 5 5 5 5 5 5 5 5 5 5 5 5 5 5 5 5 5 5 5 5 5 5 5 5 5 5 5 5 5 5 5 5 5 5 5 5 5 5 5 5 5 5 5 5 5 5 5 5 5 5 5 5 5 5 5 5 5 5 5 5 5 5 5 5 5 5 5 5 5 5 5 5 5 5 5 5 5 5 5 5 5 5 5 5 5 5 5 5 5 5 5 5 5 5 5 5 5 5 5 5 5 5 5 5 5 5 5 5 5 5 5 5 5 5 5 5 5 5 5 5 5 5 5 5 5 5 5 5 5 5 5 5 5 5 5 5 5 5 5 5 5 5 5 5 5 5 5 5 5 5 5 5 5 5 5 5 5 5 5 5 5 5 5 5 5 5 5 5 5 5 5 5 5 5 5 5 5 5 5 5 5 5 5 5 5 5 5 5 5 5 5 5 5 5 5 5 5 5 5 5 5 5 5 5 5 5 5 5 5 5 5 5 5 5 5 5 5 5 5 5 5 5 5 5 5 5 5 5 5 5 5 5 5 5 5 5 5 5 5 5 5 5 5 5 5 5 5 5 5 5 5 5 5 5 5 5 5 5 5 5 5 5 5 5 5 5 5 5 5 5 5 5 5 5 5 5 5 5 5 5 5 5 5 5 5 5 5 5 5 5 5 5 5 5 5 5 5 5 5 5 5 5 5 5 5 5 5 5 5 5 5 5 5 5 5 5 5 5 5 5 5 5 5 5 5 5 5 5 5 5 5 5 5 5 5 5 5 5 5 5 5 5 5 5 5 5 5 5 5 5 5 5 5 5 5 5 5 5 5 5 5 5 5 5 5 5 5 5 5 5 5 5 5 5 5 5 5 5 5 5 5 5 5 5 5 5 5 5 5 5 5 5 5 5 5 5 5 5 5 5 5 5 5 5 5 5 5 5 5 5 5 5 5 5 5 5 5 5 5 5 5 5 5 5 5 5 5 5 5 5 5 5 5 5 5 5 5 5 5 5 5 5 5 5 5 5 5 5 5 5 5 5 5 5 5 5 5 5 5 5 5 5 5 5 5 5 5 5 5 5 5 5 5 5 5 5 5 5 5 5 5 5 5 5 5 5 5 5 5
    </DataArray>
   </Cells>
   <PointData>
    <DataArray type="Float32" Name="Acceptor Doping [log10(m^-3)]" NumberOfComponents="1" format="ascii">
0.0 0.0 0.0 0.0 0.0 0.0 0.0 0.0 0.0 0.0 0.0 0.0 0.0 0.0 0.0 0.0 0.0 0.0 0.0 0.0 0.0 0.0 0.0 0.0 0.0 0.0 0.0 0.0 0.0 0.0 0.0 0.0 0.0 0.0 0.0 0.0 0.0 0.0 0.0 0.0 0.0 0.0 0.0 0.0 0.0 0.0 0.0 0.0 0.0 0.0 0.0 0.0 0.0 0.0 0.0 0.0 0.0 0.0 0.0 0.0 0.0 0.0 0.0 0.0 0.0 0.0 0.0 0.0 0.0 0.0 0.0 0.0 0.0 0.0 0.0 0.0 0.0 0.0 0.0 0.0 0.0 0.0 0.0 0.0 0.0 0.0 0.0 0.0 0.0 0.0 0.0 0.0 0.0 0.0 0.0 0.0 0.0 0.0 0.0 0.0 0.0 0.0 0.0 0.0 0.0 0.0 0.0 0.0 0.0 0.0 0.0 0.0 0.0 0.0 0.0 0.0 0.0 0.0 0.0 0.0 0.0 0.0 0.0 0.0 0.0 0.0 0.0 0.0 0.0 0.0 0.0 0.0 0.0 0.0 0.0 0.0 0.0 0.0 0.0 0.0 0.0 0.0 0.0 0.0 0.0 0.0 0.0 0.0 0.0 0.0 0.0 0.0 0.0 0.0 0.0 0.0 0.0 0.0 0.0 0.0 0.0 0.0 0.0 0.0 0.0 0.0 0.0 0.0 0.0 0.0 0.0 0.0 0.0 0.0 0.0 0.0 0.0 0.0 0.0 0.0 0.0 0.0 0.0 0.0 0.0 0.0 0.0 0.0 0.0 0.0 0.0 0.0 0.0 0.0 0.0 0.0 0.0 0.0 0.0 0.0 0.0 0.0 0.0 0.0 0.0 0.0 0.0 0.0 0.0 0.0 0.0 0.0 0.0 0.0 0.0 0.0 0.0 0.0 0.0 0.0 0.0 0.0 0.0 0.0 0.0 0.0 0.0 0.0 0.0 0.0 0.0 0.0 0.0 0.0 0.0 0.0 0.0 0.0 0.0 0.0 0.0 0.0 0.0 0.0 0.0 0.0 0.0 0.0 0.0 0.0 0.0 0.0 0.0 0.0 0.0 0.0 0.0 0.0 0.0 0.0 0.0 0.0 0.0 0.0 0.0 0.0 0.0 0.0 0.0 0.0 0.0 0.0 0.0 0.0 0.0 0.0 0.0 0.0 0.0 0.0 0.0 0.0 0.0 0.0 0.0 0.0 0.0 0.0 0.0 0.0 0.0 0.0 0.0 0.0 0.0 0.0 0.0 0.0 0.0 0.0 0.0 0.0 0.0 0.0 0.0 0.0 0.0 0.0 0.0 0.0 0.0 0.0 0.0 0.0 0.0 0.0 0.0 0.0 0.0 0.0 0.0 0.0 0.0 0.0 0.0 0.0 0.0 0.0 0.0 0.0 0.0 0.0 0.0 0.0 0.0 0.0 0.0 0.0 0.0 0.0 0.0 0.0 0.0 0.0 0.0 0.0 0.0 0.0 0.0 0.0 0.0 0.0 0.0 0.0 0.0 0.0 0.0 0.0 0.0 0.0 0.0 0.0 0.0 0.0 0.0 0.0 0.0 0.0 0.0 0.0 0.0 0.0 0.0 0.0 0.0 0.0 0.0 0.0 0.0 0.0 0.0 0.0 0.0 0.0 0.0 0.0 0.0 0.0 0.0 0.0 0.0 0.0 0.0 0.0 0.0 0.0 0.0 0.0 0.0 0.0 0.0 0.0 0.0 0.0 0.0 0.0 0.0 0.0 0.0 0.0 0.0 0.0 0.0 0.0 0.0 0.0 0.0 0.0 0.0 0.0 0.0 0.0 0.0 0.0 0.0 0.0 0.0 0.0 0.0 0.0 0.0 0.0 0.0 0.0 0.0 0.0 0.0 0.0 0.0 0.0 0.0 0.0 0.0 0.0 0.0 0.0 0.0 0.0 0.0 0.0 0.0 0.0 0.0 0.0 0.0 0.0 0.0 0.0 0.0 0.0 0.0 0.0 0.0 0.0 0.0 0.0 0.0 0.0 0.0 0.0 0.0 0.0 0.0 0.0 0.0 0.0 0.0 0.0 0.0 0.0 0.0 0.0 0.0 0.0 0.0 0.0 0.0 0.0 0.0 0.0 0.0 0.0 0.0 0.0 0.0 0.0 0.0 0.0 0.0 0.0 0.0 0.0 0.0 0.0 0.0 0.0 0.0 0.0 0.0 0.0 0.0 0.0 0.0 0.0 0.0 0.0 0.0 0.0 0.0 0.0 0.0 0.0 0.0 0.0 0.0 0.0 0.0 0.0 0.0 0.0 0.0 0.0 0.0 0.0 0.0 0.0 0.0 0.0 0.0 0.0 0.0 0.0 0.0 0.0 0.0 0.0 0.0 0.0 0.0 0.0 0.0 0.0 0.0 0.0 0.0 0.0 0.0 0.0 0.0 0.0 0.0
    </DataArray>
    <DataArray type="Float32" Name="Donor Doping [log10(m^-3)]" NumberOfComponents="1" format="ascii">
22.35123317930373 22.51453613547127 23.0565811287276 23.552140318808853 23.99398382966655 24.374719878917926 24.687917899069117 24.930139900268607 25.103668785488217 25.219895266029617 25.299942900022767 22.350695368835595 22.51462838715357 23.056994322102227 23.5527220319647 23.994609630578292 24.375299036298564 24.688388934524202 24.93046847922992 25.103850339430515 25.21995743685655 25.299942900022767 22.348984414143704 22.514942910972003 23.058285493821856 23.55450001747091 23.9965008631722 24.37704310449575 24.689811269925407 24.93146783889017 25.10440772781855 25.220150043335046 25.299942900022767 22.345603932233445 22.515513416808503 23.060501702860567 23.557444974574583 23.999570840741075 24.37985826238941 24.692122321639022 24.933115199549558 25.10534086604838 25.22047520744251 25.299942900022767 22.338118199002988 22.515223049953136 23.062424781014236 23.56017731947915 24.00240209218676 24.382438303363386 24.69424052342136 24.93460829120592 25.106134029007276 25.220699590949337 25.299942900022767 22.314433161808445 22.50321005031566 23.052549530273033 23.550983789122505 23.993589230101104 24.374182021874795 24.686851022467422 24.92840244108061 25.101537454227522 25.218368113679663 25.299942900022767 22.231165341626756 22.42457531601256 22.97321168341935 23.47154765356126 23.915840367108075 24.300680639107185 24.620852492818262 24.87393483549648 25.063450581321202 25.200879662366553 25.299942900022767 22.05161826149498 22.231621857259817 22.775503264397916 23.27434758377419 23.725144814558625 24.123824886052027 24.46694057752056 24.75355528707189 24.98640449030213 25.169700494951964 25.299942900022767 21.788844556821747 21.944158703179994 22.486581630222087 22.99528945721699 23.46718211533866 23.898999296398973 24.28744966017948 24.62885713980269 24.91807153459507 25.146712802026286 25.299942900022767 21.505876554053643 21.650141859631375 22.210621492383396 22.749921431795702 23.26199881014319 23.740555131325216 24.177946952434485 24.564609316263336 24.889141435566238 25.139048449323877 25.299942900022767 21.31403760545502 21.484492174880256 22.07427825275181 22.644272615011168 23.186068907499404 23.69126242485189 24.150416829701577 24.552693682975345 24.886260050364942 25.139389949402837 25.299942900022767 21.251699322223907 21.452548583245843 22.055418212657916 22.63507611837352 23.18398068662704 23.693978396684802 24.155720203757365 24.55849113109332 24.890787660910537 25.141575802597828 25.299942900022767 21.247299624495376 21.46333274601041 22.069573270002323 22.650026487137374 23.198323710512675 23.706816573342294 24.166374841802934 24.566434687642506 24.89572792723673 25.14363356399881 25.299942900022767 21.254158250330924 21.477011997529857 22.084844761122703 22.66508882299798 23.21209199415112 23.718620804217252 24.175779089148527 24.573181479095965 24.89978093590956 25.14527319918782 25.299942900022767 21.261032668177602 21.48742832151723 22.096463878451292 22.676722775025308 23.222864216388427 23.727919056084247 24.183191873838958 24.578478197006195 24.902941081911848 25.146541457063602 25.299942900022767 21.266457111762495 21.494955053549695 22.10489667199091 22.685308279636853 23.23094529264427 23.734980030716184 24.18886225899838 24.582542090019317 24.90536515734634 25.14751184309959 25.299942900022767 21.27057142892439 21.500405778093363 22.110997867406315 22.691582699515756 23.236923424516903 23.740258599043127 24.193133191716846 24.58561660891534 24.907202264819084 25.148246770398266 25.299942900022767 21.273662342727746 21.504373164306497 22.115419950228503 22.696152187937184 23.241311820752188 23.744164081310714 24.19631324628284 24.587915742464993 24.908579116663176 25.148797594301044 25.299942900022767 21.27597391529388 21.50726818484804 22.11862851465518 22.699472588288653 23.244515807792954 23.747031300039527 24.19865943627989 24.58961825402831 24.90960082202104 25.14920642145246 25.299942900022767 21.277696848162922 21.509382282297278 22.12095700398527 22.701880858269686 23.246845418703565 23.749123652384206 24.20037775553269 24.590868750796236 24.910352555022353 25.149507252930395 25.299942900022767 21.278977399801466 21.51092579462062 22.122646115875938 22.703624603587734 23.248533701687457 23.750643295602288 24.201628825827097 24.591781122492065 24.910901708253576 25.149726989814834 25.299942900022767 21.279926784005355 21.512051919474903 22.123870465347583 22.704885159700762 23.249753860381997 23.751742737495633 24.202535343726787 24.592443146689334 24.911300487817407 25.149886496101168 25.299942900022767 21.280629050994797 21.512872699451794 22.12475703543851 22.70579498928988 23.25063359964503 23.752535608407346 24.20318959677643 24.59292132919297 24.911588629585648 25.150001674873636 25.299942900022767 21.281147413820975 21.513470203875908 22.125398249223153 22.706450642447507 23.251266526636595 23.753105797162103 24.20366019126083 24.593265390354684 24.911795951185617 25.150084474297746 25.299942900022767 21.281529227269008 21.5139045617274 22.125861374478802 22.706922356798323 23.251720949159136 23.753514808267685 24.20399767473054 24.59351211695726 24.911944576230148 25.15014376683704 25.299942900022767 21.281809852861628 21.514219810834845 22.126195347693486 22.70726114057104 23.25204653983541 23.753807496370943 24.204239033998096 24.593688506891283 24.91205077371284 25.15018607959694 25.299942900022767 21.28201562749559 21.51444818346574 22.12643574583912 22.70750398086676 23.252279319756525 23.754016438870714 24.204411188754346 24.593814248698177 24.912126423232714 25.15021617856425 25.299942900022767 21.28216612457819 21.51461325375676 22.126608414201765 22.707677661661855 23.252445351332785 23.754165219174933 24.204533649310655 24.593903628831985 24.912180150848666 25.150237523069435 25.299942900022767 21.282275864906456 21.51473225030899 22.126732113968384 22.70780155499917 23.252563456062678 23.754270864722205 24.20462050838423 24.593966972526207 24.91221819214035 25.15025261197975 25.299942900022767 21.2823556044566 21.51481775465162 22.126820453451423 22.707889656639047 23.252647204349834 23.754345642561255 24.204681917443036 24.594011717926502 24.912245038279995 25.15026324329896 25.299942900022767 21.282413299741687 21.51487894767944 22.12688329567393 22.707952067640722 23.252706366537314 23.75439837365009 24.204725172033022 24.594043208897173 24.912263914271623 25.15027070652469 25.299942900022767 21.282454829140573 21.514922523562074 22.12692778342207 22.70799607081261 23.25274796775046 23.754435390373636 24.204755504709063 24.5940652757983 24.912277129955836 25.15027592389006 25.299942900022767 21.282484530527675 21.51495335927613 22.126959085114102 22.708026911677237 23.25277705284157 23.754461231614602 24.20477666159462 24.594080658498033 24.912286335956008 25.150279553348934 25.299942900022767 21.282505601180986 21.514975004722263 22.12698093710581 22.708048364359897 23.25279724000715 23.7544791458755 24.20479132006324 24.594091313105036 24.912292709366977 25.15028206325828 25.299942900022767 21.282520394779997 21.5149900412705 22.12699603772984 22.708063141212413 23.252811120826046 23.754491454648083 24.20480139044943 24.59409863361267 24.912297087942637 25.150283786305394 25.299942900022767 21.282530641683643 21.51500034388497 22.12700633341628 22.708073189046512 23.252820548924475 23.75449981435443 24.204808233470846 24.59410361160715 24.912300066755787 25.1502849583131 25.299942900022767 21.282537612136533 21.515007272662015 22.127013226341646 22.708079903199348 23.252826848043743 23.754505404889382 24.204812816612453 24.594106951087102 24.912302067648838 25.15028574608585 25.299942900022767 21.28254223707629 21.51501181271572 22.1270177250434 22.708084282106878 23.25283096185924 23.754509065148486 24.20481582642246 24.59410915085247 24.912303389026278 25.150286267344637 25.299942900022767 21.282545197478555 21.515014676283673 22.127020553601504 22.70808703883512 23.252833561751352 23.75451139032752 24.204817749030035 24.594110563521596 24.91230424148449 25.150286604968127 25.299942900022767 21.282546990393747 21.51501637723477 22.12702223075714 22.7080886815118 23.25283512427217 23.754512801709865 24.204818927809377 24.594111437748463 24.912304773269252 25.150286817149524 25.299942900022767 21.28254797770156 21.51501728538707 22.127023127192018 22.70808957127086 23.252835986764293 23.754513596654427 24.20481960461609 24.594111948373442 24.912305088431328 25.150286944626018 25.299942900022767 21.282548422094617 21.515017666106424 22.127023506991982 22.70808996398346 23.25283638727208 23.754513984375112 24.204819949248115 24.594112217933176 24.912305259760775 25.150287015818186 25.299942900022767 21.282548513595874 21.515017709132174 22.127023557618703 22.70809004026878 23.252836493138094 23.754514111509586 24.204820080459527 24.59411233197892 24.912305337982225 25.150287050475633 25.299942900022767 21.282548389083605 21.515017549551207 22.127023411563982 22.708089927061238 23.25283642147484 23.75451408037205 24.204820080929824 24.59411234997047 24.912305358284183 25.15028706225946 25.299942900022767 21.282548146642437 21.515017283034453 22.127023161969678 22.70808971308548 23.252836253796243 23.75451396196257 24.20482000791088 24.59411231301097 24.912305344946112 25.15028706056781 25.299942900022767 21.28254785607711 21.515016976871067 22.127022873860117 22.708089459925635 23.252836046441388 23.754513805206003 24.20481990077093 24.59411224931761 24.91230531460475 25.150287051821223 25.299942900022767 21.28254756658699 21.515016677938778 22.127022592201925 22.708089209924776 23.252835837984804 23.75451364350232 24.204819786330834 24.594112178083797 24.91230527855638 25.150287040366248 25.299942900022767 21.282547312318172 21.515016418406777 22.127022347631584 22.708088991771355 23.25283565445469 23.754513499324453 24.204819682602984 24.594112112180923 24.9123052443633 25.1502870291042 25.299942900022767 21.282547116325233 21.51501621977043 22.12702216048447 22.708088824408755 23.252835512973512 23.75451338741808 24.20481960138523 24.594112060028237 24.912305216964775 25.150287019924853 25.299942900022767 21.282546993316004 21.515016095620666 22.12702204354413 22.708088719692146 23.252835424221388 23.754513316960082 24.204819550009756 24.594112026852777 24.912305199423013 25.150287013997126 25.299942900022767 21.282546951442814 21.51501605344145 22.12702200382039 22.708088684100467 23.252835394021776 23.75451329294667 24.204819532463898 24.59411201549473 24.912305193400535 25.150287011954532 25.299942900022767
    </DataArray>
    <DataArray type="Float32" Name="Potential [V]" NumberOfComponents="1" format="ascii">
2.561567183490448 2.664736691927455 2.7681987247816213 2.8720676432127106 2.976266915625127 3.080374808659483 3.1833717742246073 3.283384784440367 3.377683773502795 3.4631429465486456 3.537570955602694 2.5615351846023744 2.664586610912377 2.7679617804755767 2.871780451380772 2.975961522367007 3.0800770652776244 3.1831030103263154 3.283163476610029 3.377526025195323 3.463061503018545 3.537570955602694 2.561433385453924 2.6641051216851452 2.7672142273470652 2.8708864539111776 2.9750184303949094 3.079160187630468 3.182274388933088 3.282478757888421 3.3770359917688753 3.4628077432922755 3.537570955602694 2.5612322520273936 2.6631785061953326 2.765836109291069 2.8692871342934576 2.9733590993258994 3.0775551207346594 3.180818592029784 3.281265545024043 3.3761596545149715 3.4623508879380553 3.537570955602694 2.560786862519417 2.6615325874983573 2.7635964874076206 2.8668192855039427 2.9708639042345055 3.075155418351686 3.1786232134964165 3.2794058647928352 3.3747934962607484 3.461630398484042 3.537570955602694 2.5593776395698793 2.6585601495729585 2.760128999177524 2.8632798083389046 2.9674047385112523 3.071841462013454 3.175539111257125 3.2767201880687056 3.372766800647986 3.460543366638775 3.537570955602694 2.554423333516053 2.653192570457282 2.7550112286852464 2.8585207087916187 2.962930313774106 3.0675607258923367 3.1714575411510424 3.2730357699749617 3.369893748315128 3.458974923890868 3.537570955602694 2.5437405609383297 2.644767973121051 2.74814549865216 2.8526569178354353 2.9576469632920626 3.062573415203292 3.1666759454163924 3.2686611635230247 3.366445673925245 3.4570897599687296 3.537570955602694 2.52810593338343 2.6339887782743245 2.740110283614802 2.846185433235178 2.952049017279639 3.0574524087322064 3.1618943014706957 3.2643867531369106 3.363144420416866 3.4553126800528005 3.537570955602694 2.5112697764371537 2.6229690318393555 2.7321037702354136 2.8398583846530405 2.9467032129778645 3.0527228607410466 3.1576618211054046 3.260770005037767 3.3604572924173315 3.4538991124206753 3.537570955602694 2.499855656764895 2.614512997262525 2.7254682265747134 2.834403111024839 2.9420529121051135 3.048678108439361 3.154171656130343 3.2579198204905855 3.3584244418542633 3.45285427173819 3.537570955602694 2.4961466256731346 2.6097584212289013 2.720846135301092 2.830202781919477 2.938317892253169 3.045411093156437 3.15140480446129 3.2557302772237238 3.356910814288899 3.452090776805847 3.537570955602694 2.495884850487428 2.607527171241749 2.717948269563189 2.827214159220435 2.9354956091180933 3.0428870615413013 3.1492712460033556 3.2540677950315393 3.355782851585646 3.451528938522571 3.537570955602694 2.496292928078793 2.606516293070764 2.716198422082781 2.8251789454094185 2.933450306616509 3.0410029170633663 3.1476645205528513 3.2528204735615205 3.3549439109438657 3.4511139844083103 3.537570955602694 2.4967019452703085 2.6060457437098865 2.7151426834049266 2.8238207050503377 2.9320070258551154 3.0396322032563114 3.146479358831769 3.2518975288827163 3.3543245714708596 3.4508085700570135 3.537570955602694 2.4970246912438743 2.605821112035168 2.7144981415903313 2.8229210767363893 2.931005198660269 3.038653734685774 3.145620408459029 3.251224313200134 3.3538722457694474 3.4505856389782283 3.537570955602694 2.49726948672883 2.6057149083305005 2.7140998109107106 2.8223264993963566 2.9303170060199957 3.037965015619993 3.1450069500822972 3.250739884332738 3.353545820206028 3.450424642362861 3.537570955602694 2.497453391302462 2.605668244985878 2.71385169320615 2.8219338429986465 2.929847661389645 3.037485457524225 3.1445741686511175 3.250395601560041 3.353313047456055 3.4503096976021426 3.537570955602694 2.497590926282161 2.605651997529203 2.713696786894825 2.8216748900552666 2.9295294297022605 3.0371544810691997 3.144272047532262 3.2501536564153337 3.3531489453237766 3.4502285651171287 3.537570955602694 2.4976934381135605 2.6056510345908652 2.7136004171341748 2.8215046038636835 2.929314849110464 3.0369278308855323 3.1440631077570718 3.2499853744627143 3.3530345038637006 3.4501719329527907 3.537570955602694 2.4977696289484017 2.6056572826637594 2.7135410479587927 2.821393166315479 2.9291710160299242 3.0367737783784223 3.1439198706373164 3.2498694607829326 3.352955521869432 3.4501328296120857 3.537570955602694 2.497826115834914 2.60566641227429 2.7135050973856742 2.8213207620366445 2.929075260281748 3.036669867711731 3.1438225177932413 3.2497903737517135 3.3529015685112826 3.4501061193984826 3.537570955602694 2.497867899630738 2.605676143520559 2.713483914930642 2.8212741854796777 2.9290120271247506 3.036600355024608 3.143756936687402 3.2497369324806895 3.3528650954276693 3.450088074965759 3.537570955602694 2.4978987414143012 2.6056853355713727 2.7134719636193334 2.821244624449014 2.9289706806686358 3.0365542840395383 3.1437131805774663 3.249701189272779 3.3528407102866282 3.4500760269343598 3.537570955602694 2.4979214587218146 2.605693480666097 2.7134656972561317 2.821226200769758 2.9289439735293286 3.036524078669946 3.143684299380289 3.2496775524579906 3.3528246042450793 3.4500680861553867 3.537570955602694 2.497938155508993 2.605700417084098 2.713462852646605 2.8212150018014213 2.9289269864497647 3.0365045311332475 3.143665474171928 3.2496621236125782 3.3528141139656826 3.450062929891571 3.537570955602694 2.497950398780313 2.6057061648204827 2.713461996606118 2.8212084334378846 2.9289163956839293 3.036492082666043 3.143653387771363 3.2496522075217236 3.352807394345746 3.450059641118463 3.537570955602694 2.497959353123129 2.605710831668884 2.713462233000568 2.8212047857921583 2.9289099678036776 3.036484316389662 3.143645772992679 3.249645955817867 3.3528031784668126 3.4500575900832895 3.537570955602694 2.497965882502324 2.6057145602924714 2.713463012062233 2.821202940783465 2.9289062119407925 3.0364796020093245 3.14364109169369 3.249642111176825 3.3528006041131215 3.450056348382909 3.537570955602694 2.497970626881787 2.6057174993078966 2.7134640059026855 2.821202175017539 2.9289041408795278 3.036476848210286 3.1436383086226525 3.2496398256187677 3.3527990899082982 3.4500556274413907 3.537570955602694 2.4979740596616957 2.6057197884108465 2.7134650272459813 2.8212020269499245 2.9289031073304925 3.0364753309378085 3.1436367331784743 3.249638532580909 3.3527982477728338 3.45005523493971 3.537570955602694 2.497976530596468 2.605721551620083 2.713465976532027 2.8212022075304564 2.928902692066356 3.036474574860164 3.143635909386237 3.249637857541801 3.3527978215952734 3.4500550442520317 3.537570955602694 2.4979782977828986 2.6057228951042064 2.713466807688048 2.8212025402905287 2.928902627773982 3.036474271933184 3.1436355398509903 3.2496375560181137 3.3527976446084224 3.4500549731887418 3.537570955602694 2.497979551454065 2.6057239074832808 2.7134675061817997 2.821202921360209 2.9289027474505156 3.036474225735787 3.1436354335051773 3.249637470840153 3.352797609986824 3.4500549693306524 3.537570955602694 2.497980431650244 2.60572466135984 2.713468075134495 2.821203292952556 2.92890294961944 3.036474313631889 3.1436354699227387 3.249637502909146 3.3527976507140655 3.4500549999901016 3.537570955602694 2.497981041325106 2.6057252153567614 2.713468526694886 2.821203625922187 2.9289031750349572 3.0364744612087726 3.1436355751053426 3.249637591322538 3.352797725901528 3.4500550453943384 3.537570955602694 2.4979814560562335 2.6057256162565943 2.7134688768216724 2.8212039084115292 2.9289033912008486 3.0364746251317816 3.1436357051706527 3.2496376999680554 3.352797811566826 3.4500550940966015 3.537570955602694 2.49798173123297 2.605725901027638 2.7134691422488912 2.8212041385585405 2.928903582179218 3.036474781739627 3.1436358354531313 3.2496378085575817 3.352797894474001 3.450055139916334 3.537570955602694 2.49798190737231 2.605726098635314 2.713469338828127 2.821204319894651 2.92890374195936 3.036474919533038 3.143635953290504 3.249637906688953 3.352797968061425 3.4500551799211494 3.537570955602694 2.497982014047981 2.605726231603188 2.713469480721071 2.8212044585083214 2.9289038702060113 3.0364750342873394 3.143636053303575 3.249637989958127 3.3527980297828677 3.450055213113264 3.537570955602694 2.497982072791263 2.6057263173238034 2.713469580100777 2.821204561353778 2.928903969584271 3.036475125919732 3.1436361343503636 3.2496380574497654 3.3527980793969667 3.450055239587982 3.537570955602694 2.4979820992319604 2.6057263691390444 2.7134696471441906 2.8212046352918456 2.9289040441189624 3.0364751965201022 3.143636197594916 3.2496381101457334 3.352798117888008 3.450055260005649 3.537570955602694 2.4979821046761432 2.605726397216791 2.713469690177985 2.8212046865888967 2.928904098223288 3.0364752491442606 3.1436362453106135 3.2496381499390448 3.352798146801163 3.4500552752689355 3.537570955602694 2.4979820972678564 2.605726409253757 2.7134697158943504 2.8212047206950026 2.9289041361537715 3.0364752871006404 3.143636280161251 3.2496381790414657 3.3527981678473693 3.450055286333258 3.537570955602694 2.497982082842983 2.6057264110326357 2.713469729586004 2.821204742185001 2.928904161730099 3.036475313550352 3.1436363047880738 3.249638199643328 3.3527981826796602 3.450055294101283 3.537570955602694 2.497982065554797 2.605726406858943 2.7134697353721666 2.821204754788611 2.9289041782147756 3.0364753313012516 3.143636321587969 3.2496382137310382 3.3527981927760617 3.450055299369537 3.537570955602694 2.4979820483305843 2.605726399899468 2.7134697364009903 2.821204761462877 2.9289041882838136 3.036475342718631 3.1436363326078856 3.24963822300027 3.3527981993870757 3.4500553028061303 3.537570955602694 2.497982033201984 2.6057263924405163 2.7134697350206554 2.8212047644789835 2.928904194045088 3.0364753497007424 3.1436363395062124 3.2496382288246335 3.3527982035194137 3.450055304945767 3.537570955602694 2.4979820215407087 2.605726386080778 2.7134697329181066 2.8212047655059913 2.9289041970770304 3.0364753536883193 3.1436363435498444 3.2496382322531323 3.352798205938846 3.450055306193483 3.537570955602694 2.4979820142218507 2.6057263818699914 2.7134697312244795 2.821204765682253 2.9289041984706583 3.0364753556863575 3.143636345626542 3.249638234020893 3.352798207180312 3.4500553068314437 3.537570955602694 2.4979820117304605 2.6057263804023023 2.7134697305893805 2.821204765668736 2.928904198865052 3.03647535628721 3.1436363462609713 3.249638234562288 3.352798207559391 3.4500553070258193 3.537570955602694
    </DataArray>
    <DataArray type="Float32" Name="Electron density [log10(m^-3)]" NumberOfComponents="1" format="ascii">
22.35123317930373 22.346050808005884 22.3292862114995 22.288204498758326 22.20788345123015 22.089352406323325 21.96031911272492 21.91334423009611 22.673856390839624 24.05129464751353 25.299942900022767 22.350695368835595 22.345445979092933 22.328555785592116 22.287277974607477 22.206709731656737 22.087938188937184 21.9587070671112 21.911322815070232 22.671295112920152 24.049921644939786 25.299942900022767 22.348984414143704 22.343414988582925 22.325991085552534 22.283967559635204 22.20252660509097 22.082932854486764 21.953032676198223 21.904438389000713 22.663243643159003 24.04564020982627 25.299942900022767 22.345603932233445 22.33886123208536 22.319875135787907 22.276053850201997 22.19278706504492 22.071602113949268 21.94045513023313 21.890012398657753 22.64851838989086 24.037920745367188 25.299942900022767 22.338118199002988 22.327546554113468 22.30476324358186 22.257561339504466 22.17155871909913 22.048341330207332 21.91566789654427 21.863201650014275 22.62488653887479 24.025724272143616 25.299942900022767 22.314433161808445 22.295200227476013 22.266435856143893 22.21580822907336 22.12865086895991 22.005402105897996 21.87216887508724 21.817528587717515 22.588755215379834 24.007288710111453 25.299942900022767 22.231165341626756 22.207408035085205 22.178328621326635 22.131873942080784 22.053002304085545 21.937978502382716 21.806759506543578 21.746531417197694 22.535900150389367 23.980642549445946 25.299942900022767 22.05161826149498 22.03696826703208 22.019644551883047 21.98964138219881 21.932486802517843 21.83795948453385 21.713830153107853 21.64566458204837 22.470219672570675 23.94858597713689 25.299942900022767 21.788844556821747 21.793926251347287 21.797270347034225 21.790698238590952 21.761310500302404 21.69369846673989 21.58232270694905 21.514737711925118 22.40502760445037 23.91836530420209 25.299942900022767 21.505876554053643 21.5318276922568 21.555568037639524 21.569169228156152 21.56220196387623 21.516508016790386 21.418144741377386 21.366911028454762 22.350700011331405 23.89434015369533 25.299942900022767 21.31403760545502 21.342769644256585 21.369722418739855 21.388047898451255 21.388416429475118 21.351173760927132 21.258858138129458 21.231734369903503 22.30980395440371 23.876604818769994 25.299942900022767 21.251699322223907 21.26596777591965 21.280654807307958 21.28934124150626 21.28288798141694 21.241052802584864 21.145549385554293 21.135318120447568 22.28044770755636 23.863672393671315 25.299942900022767 21.247299624495376 21.251418545178606 21.256058835980898 21.255085305200204 21.239580931064822 21.189519125766783 21.0871091575918 21.081351623870276 22.259718029567104 23.85417943755368 25.299942900022767 21.254158250330924 21.254823608044354 21.255252026431396 21.249468438809433 21.22860132294136 21.172850202300467 21.06507906751828 21.056592747843414 22.2450839635864 23.847183948165235 25.299942900022767 21.261032668177602 21.26088374730377 21.259993222504253 21.25239886369151 21.22913354288706 21.170462642869715 21.059714030603487 21.046775601908223 22.234701952402197 23.842043503861195 25.299942900022767 21.266457111762495 21.266189873661837 21.26495222043031 21.25674725162579 21.232482209921827 21.17241179880496 21.060174825545523 21.04331932903907 22.22731449871281 23.83829508569426 25.299942900022767 21.27057142892439 21.270330469456887 21.26901857604842 21.26060672002405 21.235894343240208 21.175107032931233 21.062103557072742 21.04229234314236 22.22206585409712 23.835589427822256 25.299942900022767 21.273662342727746 21.273467426159264 21.272150517272152 21.26366060538428 21.23871506975082 21.177512004621775 21.064072175330296 21.042135487995107 22.218357188762173 23.833658035802493 25.299942900022767 21.27597391529388 21.275820436205315 21.27451426454752 21.265989664538353 21.24090350507832 21.17943205318354 21.065716766925103 21.04227397752278 22.215757425991637 23.83229470466277 25.299942900022767 21.277696848162922 21.277576754817296 21.276283528464436 21.267741217956104 21.242562368857385 21.180906706844723 21.067005306813183 21.04250050168882 22.213951670800228 23.831342846115827 25.299942900022767 21.278977399801466 21.278883289956596 21.27760182406306 21.269049789593076 21.243807356636086 21.1820219133058 21.067990588300656 21.042738997011174 22.21270959247998 23.830685339983994 25.299942900022767 21.279926784005355 21.279852576910706 21.27858095054697 21.270023492293213 21.24473681073635 21.182859186406354 21.068736099866623 21.042960850865985 22.211863829563352 23.83023594666501 25.299942900022767 21.280629050994797 21.28056994262293 21.279306250452404 21.270745842881098 21.245428255615796 21.183485111375674 21.069297094180314 21.043155805287437 22.211293985137704 23.829932088923147 25.299942900022767 21.281147413820975 21.2810996830397 21.279842255541862 21.271280351215136 21.24594118733855 21.183951564472633 21.06971769262401 21.043321426841715 22.210914375905272 23.829728955245603 25.299942900022767 21.281529227269008 21.281490027473115 21.28023747938843 21.271674925474706 21.246320729367152 21.184298227671455 21.07003208010767 21.043458864748803 22.210664657014643 23.82959483267301 25.299942900022767 21.281809852861628 21.28177702538911 21.28052824202552 21.271965520127512 21.24660088180973 21.184555192910086 21.070266412520795 21.043570888470086 22.210502745100356 23.829507516006707 25.299942900022767 21.28201562749559 21.28198754582485 21.280741647557083 21.272179018422168 21.246807152504118 21.184745163824235 21.07044057488278 21.043660875926644 22.21039956494514 23.829451609877704 25.299942900022767 21.28216612457819 21.282141569019863 21.280897870872618 21.27233546321701 21.246958616501075 21.184885208999184 21.07056962363311 21.043732268928864 22.210335210925656 23.82941654055722 25.299942900022767 21.282275864906456 21.28225392417993 21.28101189772608 21.272449762957486 21.247069502020164 21.184988125307907 21.070664924699496 21.043788287619485 22.210296180427957 23.829395113765436 25.299942900022767 21.2823556044566 21.282335599620893 21.281094839949944 21.272532985765398 21.24715039980665 21.185063485286094 21.070735036795195 21.043831796498253 22.210273403023997 23.82938248208587 25.299942900022767 21.282413299741687 21.28239472607328 21.281154924455688 21.27259333528202 21.24720917906909 21.185118435682753 21.07078639088384 21.04386525938742 22.210260850541637 23.829375413720243 25.299942900022767 21.282454829140573 21.282437312092192 21.281198233999127 21.27263688323318 21.2472516777085 21.185158303014223 21.070823809777348 21.043890744795686 22.210254565453948 23.829371779554425 25.299942900022767 21.282484530527675 21.282467792558954 21.281229260319957 21.272668117472445 21.24728222046785 21.185187050884338 21.070850903742357 21.043909957732787 22.21025198716778 23.82937019642595 25.299942900022767 21.282505601180986 21.282489436891826 21.28125131618985 21.272690350883728 21.247304006747793 21.185207624251042 21.070870370662494 21.04392428332084 22.210251488465982 23.829369781010346 25.299942900022767 21.282520394779997 21.282504652329987 21.281266841780376 21.272706025829944 21.247319400196112 21.185222207925094 21.070884223141473 21.043934833523362 22.210252058999522 23.829369981355967 25.299942900022767 21.282530641683643 21.28251520894574 21.28127763210933 21.27271694045103 21.247330144547785 21.185232420268353 21.070893959928565 21.043942492132782 22.21025309090212 23.829370462492776 25.299942900022767 21.282537612136533 21.28252240639791 21.281285005689014 21.27272441664507 21.247337524254963 21.1852394580879 21.070900695059386 21.043947955544226 22.210254234834373 23.829371029422884 25.299942900022767 21.28254223707629 21.282527197389037 21.281289929445776 21.272729424619108 21.247342483878423 21.185244204866148 21.070905254975102 21.04395176830266 22.210255304254396 23.82937157576958 25.299942900022767 21.282545197478555 21.282530278987196 21.281293111163908 21.272732675147203 21.24734571673111 21.18524731150287 21.070908251448518 21.04395435326261 22.210256212474846 23.82937204990612 25.299942900022767 21.282546990393747 21.282532160129055 21.28129506784253 21.272734687848985 21.24734773062835 21.185249256480965 21.07091013626596 21.04395603666379 22.210256931837044 23.829372432904428 25.299942900022767 21.28254797770156 21.282533211468404 21.281296176195653 21.272735841675686 21.247348896610614 21.18525039065086 21.07091124217442 21.043957068656557 22.21025746766827 23.829372724404244 25.299942900022767 21.282548422094617 21.282533702166276 21.28129670993319 21.272736412209362 21.247349485014542 21.185250970528205 21.0709118135013 21.04395763988932 22.210257842032313 23.82937293374175 25.299942900022767 21.282548513595874 21.28253382700913 21.281296867251868 21.272736599189546 21.24734969214774 21.185251183020814 21.070912029018075 21.043957894772483 22.210258083871015 23.82937307452371 25.299942900022767 21.282548389083605 21.282533726376965 21.281296791083495 21.272736546802737 21.24734965998865 21.185251163763095 21.070912018982423 21.043957941983628 22.210258223273346 23.82937316143575 25.299942900022767 21.282548146642437 21.28253350092073 21.28129658398243 21.272736358610647 21.24734949070822 21.18525101068285 21.07091187781155 21.043957862714645 22.21025828834324 23.82937320846231 25.299942900022767 21.28254785607711 21.282533222318303 21.281296319039786 21.272736108502624 21.24734925734368 21.185250794010567 21.07091167347699 21.043957717086876 22.21025830366121 23.82937322798145 25.299942900022767 21.28254756658699 21.28253294112467 21.281296047850415 21.27273584869528 21.24734901160768 21.185250563626784 21.07091145443118 21.043957549087743 22.210258289693797 23.829373230382924 25.299942900022767 21.282547312318172 21.28253269245311 21.28129580628091 21.272735615528106 21.24734878955528 21.185250354411874 21.070911254671273 21.043957390318152 22.210258262717158 23.829373223977253 25.299942900022767 21.282547116325233 21.282532500028474 21.281295618585325 21.27273543360098 21.24734861563511 21.185250190080783 21.07091109738219 21.043957262775454 22.210258234995568 23.82937321505247 25.299942900022767 21.282546993316004 21.282532378996116 21.281295500258334 21.27273531864406 21.247348505503247 21.18525008585376 21.070910997481647 21.043957180850988 22.210258215036344 23.829373207983537 25.299942900022767 21.282546951442814 21.282532337755534 21.281295459898196 21.272735279392407 21.24734846786286 21.18525005020529 21.070910963290878 21.04395715266807 22.21025820783465 23.82937320534428 25.299942900022767
    </DataArray>
    <DataArray type="Float32" Name="Hole density [log10(m^-3)]" NumberOfComponents="1" format="ascii">
0.0 0.0 0.0 0.0 0.0 0.0 0.0 0.0 0.0 0.0 0.0 0.0 0.0 0.0 0.0 0.0 0.0 0.0 0.0 0.0 0.0 0.0 0.0 0.0 0.0 0.0 0.0 0.0 0.0 0.0 0.0 0.0 0.0 0.0 0.0 0.0 0.0 0.0 0.0 0.0 0.0 0.0 0.0 0.0 0.0 0.0 0.0 0.0 0.0 0.0 0.0 0.0 0.0 0.0 0.0 0.0 0.0 0.0 0.0 0.0 0.0 0.0 0.0 0.0 0.0 0.0 0.0 0.0 0.0 0.0 0.0 0.0 0.0 0.0 0.0 0.0 0.0 0.0 0.0 0.0 0.0 0.0 0.0 0.0 0.0 0.0 0.0 0.0 0.0 0.0 0.0 0.0 0.0 0.0 0.0 0.0 0.0 0.0 0.0 0.0 0.0 0.0 0.0 0.0 0.0 0.0 0.0 0.0 0.0 0.0 0.0 0.0 0.0 0.0 0.0 0.0 0.0 0.0 0.0 0.0 0.0 0.0 0.0 0.0 0.0 0.0 0.0 0.0 0.0 0.0 0.0 0.0 0.0 0.0 0.0 0.0 0.0 0.0 0.0 0.0 0.0 0.0 0.0 0.0 0.0 0.0 0.0 0.0 0.0 0.0 0.0 0.0 0.0 0.0 0.0 0.0 0.0 0.0 0.0 0.0 0.0 0.0 0.0 0.0 0.0 0.0 0.0 0.0 0.0 0.0 0.0 0.0 0.0 0.0 0.0 0.0 0.0 0.0 0.0 0.0 0.0 0.0 0.0 0.0 0.0 0.0 0.0 0.0 0.0 0.0 0.0 0.0 0.0 0.0 0.0 0.0 0.0 0.0 0.0 0.0 0.0 0.0 0.0 0.0 0.0 0.0 0.0 0.0 0.0 0.0 0.0 0.0 0.0 0.0 0.0 0.0 0.0 0.0 0.0 0.0 0.0 0.0 0.0 0.0 0.0 0.0 0.0 0.0 0.0 0.0 0.0 0.0 0.0 0.0 0.0 0.0 0.0 0.0 0.0 0.0 0.0 0.0 0.0 0.0 0.0 0.0 0.0 0.0 0.0 0.0 0.0 0.0 0.0 0.0 0.0 0.0 0.0 0.0 0.0 0.0 0.0 0.0 0.0 0.0 0.0 0.0 0.0 0.0 0.0 0.0 0.0 0.0 0.0 0.0 0.0 0.0 0.0 0.0 0.0 0.0 0.0 0.0 0.0 0.0 0.0 0.0 0.0 0.0 0.0 0.0 0.0 0.0 0.0 0.0 0.0 0.0 0.0 0.0 0.0 0.0 0.0 0.0 0.0 0.0 0.0 0.0 0.0 0.0 0.0 0.0 0.0 0.0 0.0 0.0 0.0 0.0 0.0 0.0 0.0 0.0 0.0 0.0 0.0 0.0 0.0 0.0 0.0 0.0 0.0 0.0 0.0 0.0 0.0 0.0 0.0 0.0 0.0 0.0 0.0 0.0 0.0 0.0 0.0 0.0 0.0 0.0 0.0 0.0 0.0 0.0 0.0 0.0 0.0 0.0 0.0 0.0 0.0 0.0 0.0 0.0 0.0 0.0 0.0 0.0 0.0 0.0 0.0 0.0 0.0 0.0 0.0 0.0 0.0 0.0 0.0 0.0 0.0 0.0 0.0 0.0 0.0 0.0 0.0 0.0 0.0 0.0 0.0 0.0 0.0 0.0 0.0 0.0 0.0 0.0 0.0 0.0 0.0 0.0 0.0 0.0 0.0 0.0 0.0 0.0 0.0 0.0 0.0 0.0 0.0 0.0 0.0 0.0 0.0 0.0 0.0 0.0 0.0 0.0 0.0 0.0 0.0 0.0 0.0 0.0 0.0 0.0 0.0 0.0 0.0 0.0 0.0 0.0 0.0 0.0 0.0 0.0 0.0 0.0 0.0 0.0 0.0 0.0 0.0 0.0 0.0 0.0 0.0 0.0 0.0 0.0 0.0 0.0 0.0 0.0 0.0 0.0 0.0 0.0 0.0 0.0 0.0 0.0 0.0 0.0 0.0 0.0 0.0 0.0 0.0 0.0 0.0 0.0 0.0 0.0 0.0 0.0 0.0 0.0 0.0 0.0 0.0 0.0 0.0 0.0 0.0 0.0 0.0 0.0 0.0 0.0 0.0 0.0 0.0 0.0 0.0 0.0 0.0 0.0 0.0 0.0 0.0 0.0 0.0 0.0 0.0 0.0 0.0 0.0 0.0 0.0 0.0 0.0 0.0 0.0 0.0 0.0 0.0 0.0 0.0 0.0 0.0 0.0 0.0 0.0 0.0 0.0 0.0 0.0 0.0 0.0 0.0 0.0 0.0 0.0 0.0 0.0 0.0 0.0 0.0 0.0 0.0 0.0 0.0 0.0 0.0 0.0 0.0 0.0 0.0 0.0 0.0 0.0 0.0 0.0 0.0 0.0 0.0 0.0 0.0 0.0 0.0
    </DataArray>
    <DataArray type="Float32" Name="Ion density [log10(m^-3)]" NumberOfComponents="1" format="ascii">
22.02874928072673 22.192021406717796 22.734068528017698 23.229647035775034 23.67152473709283 24.052306245704806 24.365555792065308 24.607828650359476 24.781400655257997 24.897660209604123 24.977723605288848 22.02821173761945 22.19211394931238 22.734482016917465 23.230229045743854 23.672150825013876 24.052885663579545 24.366027042544534 24.608157382079373 24.78158229200005 24.89772240319802 24.977723605288848 22.026501611184326 22.192429353671045 22.735774077407758 23.232007921080413 23.674042915820596 24.054630509813222 24.367450021598827 24.609157202184218 24.782139932920085 24.897915080290286 24.977723605288848 22.02312264128493 22.1930013883891 22.737991811992927 23.23495439503467 23.677114346196497 24.057446979494877 24.369762162704063 24.61080535415824 24.783073517000503 24.89824037398451 24.977723605288848 22.015639469310447 22.192713481961302 22.73991732955307 23.237689144334002 23.679947869721687 24.060029047447962 24.371882042299582 24.6122996743725 24.783867376066134 24.89846494843486 24.977723605288848 21.991958435520964 22.180704225632066 22.730045786663055 23.22849917061067 23.671138184003482 24.051775343780186 24.364494352856628 24.606094740983984 24.779270795353174 24.896132967610388 24.977723605288848 21.908690853478735 22.10206866802917 22.65070603526917 23.149059529053215 23.593383631138927 23.978265624038514 24.298484709560952 24.551613816160984 24.74117052144601 24.87863588580492 24.977723605288848 21.729134224088817 21.90910270778112 22.452981458354007 22.95183844341167 23.40266121716805 23.801376773679326 24.144534508515246 24.431194641577687 24.664091320310757 24.8474398432154 24.977723605288848 21.46633790412487 21.621610045429033 22.16402277142802 22.672734714099107 23.144644745074352 23.576491819768552 23.964984387368865 24.306446261143986 24.595725829274077 24.824439783218025 24.977723605288848 21.18332864491399 21.327541699163405 21.888003524426356 22.42730291514809 22.93939795719267 23.41799066579914 23.855437117431535 24.242169769674057 24.566782119665664 24.8167718436292 24.977723605288848 20.991446561505825 21.16184714296414 21.75161775900204 22.321617240376394 22.86343932285105 23.368678399853664 23.827896047291087 24.2302498599186 24.563900361304775 24.817114029328252 24.977723605288848 20.92909681141624 21.129894477973558 21.732751731887745 22.312418040704333 22.861351296727783 23.37139672019629 23.83320298458174 24.236051074349486 24.56843097380297 24.819301372394243 24.977723605288848 20.924702467848526 21.14068453773156 21.746913163433096 22.327375126868894 22.875701071659076 23.384241306316913 23.843863294863223 24.243999167497268 24.573374285829704 24.821360487642895 24.977723605288848 20.931567802551605 21.15437094752817 21.762191863671855 22.34244454657906 22.889476074169956 23.39605162288791 23.853272717662406 24.250749953504286 24.577429890127263 24.823001244677044 24.977723605288848 20.93844789128631 21.164793469473285 21.773817268393497 22.35408467583135 22.900254135572556 23.405355132340446 23.860689934009823 24.256050051185486 24.580592200789802 24.8242704242504 24.977723605288848 20.943877088114064 21.17232545851144 21.782255429417027 22.36267546454981 22.90834020268398 23.412420585764597 23.866364071666535 24.260116781269936 24.58301807354292 24.82524156639885 24.977723605288848 20.94799548397579 21.177780693615883 21.788361231647446 22.36895441150814 22.914322595932184 23.417702959523655 23.870638171671537 24.263193674764622 24.584856670227655 24.825977113140738 24.977723605288848 20.951089960404158 21.181751994777922 21.792787297967653 22.373527796073425 22.918714639290734 23.421611677765195 23.873820899390434 24.265494795053304 24.586234755571468 24.826528444359976 24.977723605288848 20.953404680196893 21.184650442898953 21.795999329561432 22.37685156613714 22.92192175911435 23.424481655505776 23.87616934995897 24.267198971540786 24.587257484127473 24.82693768753272 24.977723605288848 20.95513041312988 21.186767559939977 21.79833085272824 22.37926276399198 22.924254071892893 23.42657636864998 23.877889587145997 24.268450867880482 24.58801006845624 24.827238861155838 24.977723605288848 20.9564134670206 21.18831374410969 21.800022630370094 22.381009063589847 22.925944694393355 23.428098039936444 23.879142291167753 24.269364420884358 24.58855993299 24.827458880621077 24.977723605288848 20.957365093411482 21.189442240378472 21.801249329744262 22.38227185575382 22.92716688636249 23.42919923101058 23.88005020667433 24.270027446767838 24.588959309809063 24.827618621509068 24.977723605288848 20.958069372755087 21.190265129636085 21.802137976494087 22.383183648496203 22.928048398656248 23.429993616320118 23.880705660485958 24.27050648274229 24.589247955754008 24.827733996180665 24.977723605288848 20.95858954320866 21.190864512981115 21.80278102902317 22.383841029399445 22.928682876322288 23.430565120835055 23.88117729088207 24.270851274563995 24.58945570527504 24.827816960178044 24.977723605288848 20.95897298097893 21.191300546265627 21.80324578481368 22.3843142673923 22.929138658559182 23.430975278776376 23.88151567149407 24.271098629541697 24.589604695448305 24.827876391810456 24.977723605288848 20.95925506622568 21.19161729037586 21.80358120561147 22.384654397068903 22.929465444174717 23.431268969327345 23.881757810455703 24.271275562174974 24.58971120604625 24.82791882281337 24.977723605288848 20.959462152280217 21.191846997577237 21.803822890057386 22.384898427904442 22.92969927623839 23.431478790255888 23.88193064496303 24.2714017744904 24.5897871253199 24.82794902284759 24.977723605288848 20.959613827173698 21.192013259486863 21.803996702158678 22.385073162985858 22.92986623572002 23.431628341974744 23.882053699774062 24.271491563942472 24.58984108630251 24.827970454169776 24.977723605288848 20.95972462479181 21.19213332007236 21.804121419366428 22.385197990769882 22.929985159878694 23.431734666199123 23.882141079595844 24.271555264788212 24.589879330226147 24.827985617989697 24.977723605288848 20.959805312867122 21.192219774426025 21.804210664184126 22.385286921181233 22.930069632570437 23.43181004202977 23.88220294590498 24.271600322619868 24.589906352872422 24.827996314197858 24.977723605288848 20.95986385849311 21.192281815448148 21.804274312059214 22.385350067551148 22.93012943567345 23.431863300651617 23.882246602650216 24.271632087485166 24.58992538302895 24.828003833821782 24.977723605288848 20.959906149578778 21.192326147955825 21.80431951668426 22.38539472335617 22.930171604244546 23.4319007831695 23.88227728947984 24.271654394910286 24.589938733662947 24.828009100343927 24.977723605288848 20.959936532583022 21.19235765838041 21.80435145607063 22.38542614341838 22.93020119171713 23.431927035933352 23.882298758536084 24.271669989104943 24.589948057998537 24.82801277274563 24.977723605288848 20.959958212512205 21.192379905023774 21.804373875024247 22.385448109987628 22.93022182372445 23.431945313864684 23.88231369232318 24.271680829846417 24.58995453530748 24.828015320234744 24.977723605288848 20.959973549996338 21.19239547672225 21.804389479328165 22.385463342525888 22.93023609830627 23.431957943991243 23.88232400556726 24.27168831424337 24.589959005176382 24.8280170762078 24.977723605288848 20.95998428163634 21.192406255073465 21.80440022198438 22.385473794074617 22.93024587471277 23.431966587522393 23.882331062758063 24.27169343653887 24.58996206422895 24.828018277082318 24.977723605288848 20.959991683272296 21.192413606062903 21.804407510966147 22.385480865432758 22.930252481587157 23.43197242850129 23.882335834629632 24.271696903005598 24.58996413562584 24.828019090164027 24.977723605288848 20.95999669084644 21.192418520026422 21.804412359920928 22.385485559825042 22.930256866880338 23.431976309423 23.882339010534494 24.27169921439534 24.5899655188961 24.82801963359834 24.977723605288848 20.959999989798384 21.192421713823276 21.804415497427925 22.385488594513635 22.93025970570181 23.43197882860847 23.88234107902528 24.27170072500498 24.589966425597982 24.828019990624487 24.977723605288848 20.960002081146943 21.192423705402696 21.80441744618221 22.38549048129802 22.930261477853467 23.431980410053658 23.88234238557114 24.271701684933316 24.589967004801306 24.828020219742736 24.977723605288848 20.96000333028522 21.19242486817322 21.804418580330395 22.38549158451769 22.93026252350487 23.431981353468807 23.882343173837207 24.271702270264107 24.589967361263096 24.828020361952053 24.977723605288848 20.960004003000506 21.192425470646235 21.804419166982886 22.385492162832637 22.930263083152113 23.43198187010081 23.882343615181178 24.271702604602318 24.589967568378093 24.82802044589611 24.977723605288848 20.960004292024003 21.192425705300796 21.804419396227306 22.385492399276323 22.930263326254405 23.431982108337827 23.882343829696563 24.27170277441413 24.589967677387218 24.828020491514227 24.977723605288848 20.960004336584294 21.192425709591692 21.804419402818752 22.385492422858743 22.93026337173962 23.431982171991944 23.88234390120643 24.271702839938627 24.5899677239176 24.828020512628115 24.977723605288848 20.960004236783412 21.192425581215108 21.804419281830242 22.385492324071688 22.930263302664155 23.431982133333463 23.882343887930542 24.27170284293725 24.589967732618398 24.828020518770902 24.977723605288848 20.960004064132224 21.192425389167784 21.804419099911048 22.385492165983468 22.930263176660326 23.431982042350473 23.882343830045993 24.271702812176375 24.589967720434235 24.828020516475245 24.977723605288848 20.960003869243362 21.192425181738336 21.80441890336812 22.385491992159483 22.930263033366206 23.43198193331614 23.88234375503703 24.271702767299253 24.589967698913185 24.828020510179204 24.977723605288848 20.96000368739869 21.192424992227487 21.804418723911365 22.385491832265874 22.93026289965968 23.431981829400236 23.882343681444873 24.27170272153545 24.5899676758178 24.828020502856745 24.977723605288848 20.96000354252347 21.192424842996612 21.804418582696808 22.385491705992738 22.930262793311577 23.431981745879696 23.882343621470213 24.27170268357685 24.58996765623962 24.828020496452822 24.977723605288848 20.960003449940693 21.192424748247756 21.804418493086644 22.385491625721368 22.930262725458523 23.431981692305232 23.882343582728513 24.27170265884207 24.589967643347794 24.828020492175057 24.977723605288848 20.96000341816909 21.192424715828594 21.804418462434885 22.385491598243508 22.930262702195268 23.431981673895113 23.882343569375323 24.271702650285015 24.58996763886828 24.828020490679915 24.977723605288848
    </DataArray>
    <DataArray type="Float32" Name="Ion density residual[log10(m^-3)]" NumberOfComponents="1" format="ascii">
20.733242389709947 20.89715370954498 21.439156739440918 21.934334805015286 22.37550289895328 22.755339206846635 23.06751503614387 23.308725636448447 23.48139505358139 23.596961089395773 23.676693609624866 20.732699299563155 20.89724022491517 21.439564104953213 21.934910659512653 22.37612302545392 22.75591320282574 23.06798180059251 23.30905117375275 23.481574955426783 23.59702280522987 23.676693609624866 20.73097198853533 20.897537385442337 21.440837749299817 21.936671080557918 22.377997290006753 22.757641854709796 23.069391350903018 23.310041365121837 23.482127305023138 23.597214000504643 23.676693609624866 20.72756164590881 20.89807774167231 21.443023871429517 21.939586094657216 22.381038542006255 22.7604310190316 23.0716807627756 23.31167296878935 23.483051547009826 23.597536574830926 23.676693609624866 20.72002532548859 20.89773885046727 21.444898834926725 21.94227097177195 22.38382486484745 22.762970891439405 23.07376563400596 23.313141595691324 23.48383081987751 23.597757142316947 23.676693609624866 20.696261204914535 20.88565201468535 21.434950440099712 21.933007216026063 22.374949184380927 22.754663519737417 23.066340143513393 23.306917489284366 23.479234363490693 23.59543572855213 23.676693609624866 20.612988680042218 20.80703352096793 21.355650165370555 21.853640306113004 22.297312842069218 22.68132734589234 23.0005623608863 23.252715049439423 23.441414811720712 23.578119718929788 23.676693609624866 20.433630213387936 20.61432659097351 21.158260366485 21.656854950037186 22.107148077314807 22.505126812162427 22.8474100028299 23.133123393435376 23.365028456347478 23.547277518629233 23.676693609624866 20.17130285475447 20.327444755806646 20.870068455420398 21.378695291171844 21.850245898751616 22.281473846776347 22.66909089896269 23.00942188603071 23.29734275969968 23.524536599832008 23.676693609624866 19.889147868990317 20.03444057131506 20.59526976277024 21.13458046821294 21.64631112069666 22.124152264306325 22.560468019195408 22.94574176720749 23.268683129762092 23.51694379278069 23.676693609624866 19.69815724655507 19.869671141717145 20.45976010462345 21.029654212070945 21.57094505276996 22.075244143810277 22.533153753880214 22.933910753082603 23.265809157487546 23.517271618129513 23.676693609624866 19.636044187712635 19.837905316834792 20.44101728589789 21.020510655780008 21.568853012703546 22.07791395723005 22.538386881604822 22.939633677459188 23.270277129582265 23.519427754206962 23.676693609624866 19.631539342403304 19.848573953392012 20.455047540024342 21.035329448208667 21.583063621062966 22.09062613386585 22.54892967141228 22.947487450843525 23.27515687954461 23.521458509773638 23.676693609624866 19.63826617850235 19.862112925863045 20.470177835278808 21.050252984554522 21.59670007808128 22.10231069390995 22.558231839931448 22.954155170520213 23.27915830761651 23.52307576565534 23.676693609624866 19.645029164010047 19.872407751472736 20.48167377000567 21.061765863219456 21.607357699694244 22.11150553123526 22.565557196138474 22.95938497439833 23.282275432280343 23.52432563599335 23.676693609624866 19.650360183732268 19.879831402573995 20.490001374738878 21.07024777138699 21.6153407992243 22.118478389453653 22.57115353693117 22.963392689597104 23.284663783671775 23.525280937245014 23.676693609624866 19.6543943181751 19.885193662199153 20.49601226713269 21.076433415902766 21.62123525658604 22.123682074386807 22.575361962351554 22.966420182387967 23.286471288782852 23.52600350596258 23.676693609624866 19.657415181987407 19.889084249780012 20.50035624931151 21.08092648624163 21.625552026043017 22.12752386839724 22.578489254130517 22.968679966821277 23.287823619675724 23.526544208062425 23.676693609624866 19.659664862440266 19.891912020580186 20.503496824284817 21.08418078242218 21.628694477653703 22.13033677836492 22.580790819630657 22.970349500210414 23.288824983599888 23.526944734715094 23.676693609624866 19.661332722566947 19.8939668640129 20.50576581238051 21.08653160725898 21.630971009985295 22.132382654745857 22.58247127439171 22.97157227276666 23.28955979123674 23.52723873955357 23.676693609624866 19.662564052730097 19.895457939107352 20.50740263505531 21.088225230856906 21.6326133273262 22.133862368149966 22.583690088364897 22.972461242404613 23.290094802427884 23.527452838169772 23.676693609624866 19.663469326186206 19.896537517386133 20.50858088525496 21.0894419047504 21.63379353311281 22.134927368035004 22.584569009908968 22.973103421867233 23.290481707054322 23.527607663445995 23.676693609624866 19.664131999940807 19.897316891593107 20.509426712156618 21.09031320386093 21.634638429987042 22.135690417582445 22.585199551919757 22.973564695228387 23.290759824255147 23.527718933399914 23.676693609624866 19.664614794314065 19.897877508780613 20.510031847181892 21.090934943873688 21.635240881774735 22.136234694777745 22.585649689514742 22.97389427985199 23.290958637291286 23.527798449028584 23.676693609624866 19.664964643569867 19.898278971520867 20.51046297640839 21.091376749027905 21.635668580158445 22.13662111966558 22.58596945565593 22.974128556077087 23.29110000216403 23.527854966167745 23.676693609624866 19.665216543279328 19.89856486583664 20.510768541584966 21.091689110815025 21.635970683796778 22.136894064172612 22.586195416419088 22.974294192879853 23.291199973602765 23.527894919546238 23.676693609624866 19.665396507552426 19.89876703204674 20.51098369514219 21.091908577732237 21.63618278230449 22.137085704901885 22.58635414601903 22.97441061172787 23.291270259211313 23.52792300184763 23.676693609624866 19.665523822502394 19.898908701600728 20.511133915497943 21.092061559053857 21.636330573673646 22.137219290617587 22.586464869623914 22.97449188119514 23.291319346398595 23.5279426140185 23.676693609624866 19.665612751732354 19.899006801788016 20.511237645057324 21.092167104938103 21.63643256989477 22.137311567769636 22.58654144327788 22.97454814778009 23.291353358370007 23.527956208187152 23.676693609624866 19.665673820155124 19.899073648135666 20.511308213933486 21.092238933330496 21.636502077156397 22.137374566176216 22.58659382086745 22.974586702120764 23.291376694657334 23.527965544711908 23.676693609624866 19.665714776291875 19.89911818604166 20.511355241543278 21.092286904556538 21.636548639215384 22.13741690546988 22.586629132046276 22.974612765589576 23.291392505039887 23.52797188256445 23.676693609624866 19.665741311142757 19.89914690078347 20.51138565679788 21.092318092126206 21.636579086090475 22.137444746362153 22.586652469318533 22.97463006620326 23.291403037194012 23.527976119049935 23.676693609624866 19.665757593769705 19.89916448381792 20.511404439969642 21.092337559092442 21.636598294038922 22.137462480712927 22.586667459967657 22.97464125781786 23.291409890032977 23.527978891620712 23.676693609624866 19.66576666945143 19.89917432017628 20.511415161664463 21.092348920148545 21.636609735133103 22.137473230631734 22.58667668005669 22.974648223859532 23.291414197367715 23.527980651655916 23.676693609624866 19.665770755149474 19.899178844688695 20.511420374059423 21.092354748107617 21.636615873990944 22.13747920859712 22.58668195319959 22.97465229659944 23.291416760511613 23.527981717691183 23.676693609624866 19.665771458427237 19.899179802110947 20.511421894649956 21.092356867510823 21.63661845371709 22.13748197675601 22.586684565623834 22.9746544149831 23.291418143699765 23.52798231368302 23.676693609624866 19.665769939441464 19.89917843693081 20.51142101187619 21.0923565664886 21.636618701714706 22.137482633306973 22.586685420650433 22.974655237952067 23.291418742562392 23.527982596433457 23.676693609624866 19.665767030657232 19.899175631746104 20.511418634005704 21.09235474947419 21.636617477626675 22.137481946253956 22.586685149444623 22.97465522563214 23.29141883314317 23.527982675194927 23.676693609624866 19.66576332520909 19.899172008053046 20.511415396827058 21.092352047159352 21.63661537953649 22.137480449240797 22.586684190273033 22.974654697382437 23.291418606912274 23.527982625651354 23.676693609624866 19.665759242051994 19.89916799960185 20.511411741487088 21.092348895587346 21.636612820117374 22.137478510123543 22.586682845134252 22.974653873228004 23.291418195729598 23.527982499868923 23.676693609624866 19.66575507392 19.899163905706573 20.511407970665662 21.092345592957752 21.636610081142177 22.137476379947017 22.586681320144237 22.9746529033715 23.291417689602127 23.527982333361305 23.676693609624866 19.66575102259762 19.899159929962728 20.511404289086098 21.09234234038638 21.636607352459777 22.137474227880276 22.5866797542942 22.974651889180272 23.29141714929582 23.527982150097486 23.676693609624866 19.665747224802576 19.899156208306284 20.511400832668777 21.09233927108899 21.636604759803042 22.137472166080148 22.58667823988225 22.97465089807587 23.29141661526891 23.52798196604151 23.676693609624866 19.66574377115117 19.899152829320546 20.511397689480972 21.092336471245883 21.636602384596415 22.137470267354846 22.586676837000432 22.974649974075586 23.2914161139878 23.527981791649534 23.676693609624866 19.66574072001714 19.899149848900983 20.51139491475762 21.092333994882427 21.636600278029913 22.137468577682462 22.586675583782743 22.974649145238047 23.291415662380317 23.527981633626386 23.676693609624866 19.665738107620726 19.899147300799182 20.51139254162631 21.09233187443916 21.636598471017923 22.137467125043138 22.586674503620745 22.974648428897265 23.291415270960876 23.527981496155252 23.676693609624866 19.665735955340878 19.89914520418174 20.511390588743268 21.09233012825698 21.63659698122576 22.137465925635613 22.586673610231767 22.974647835332842 23.29141494601881 23.52798138175677 23.676693609624866 19.66573427496534 19.89914356899345 20.511389065673328 21.09232876582561 21.63659581797654 22.13746498820546 22.586672911182333 22.974647370318085 23.2914146911342 23.52798129188247 23.676693609624866 19.665733072408386 19.899142399719814 20.511387976641995 21.092327791425042 21.63659498564563 22.137464317032585 22.586672410313106 22.974647036869865 23.291414508218274 23.527981227321195 23.676693609624866 19.66573235026771 19.899141697948316 20.51138732307369 21.09232720657884 21.63659448593784 22.1374639139296 22.58667210936065 22.974646836418575 23.291414398206683 23.52798118846944 23.676693609624866 19.665732109482562 19.899141464019067 20.51138710522147 21.09232701162336 21.63659431934282 22.137463779518164 22.58667200898972 22.974646769550944 23.29141436150032 23.52798117550275 23.676693609624866
    </DataArray>
    <DataArray type="Float32" Name="Ion density last step [log10(m^-3)]" NumberOfComponents="1" format="ascii">
21.832827944388633 22.03036015447722 22.59879765829018 23.120384888596156 23.587461103470684 23.991949939425776 24.326412355788342 24.586168532877036 24.77232295206441 24.89561275724874 24.977723605288848 21.83222317947272 22.03041527119469 22.599199004699283 23.120971203682142 23.588100396646684 23.992545962682883 24.326899578491382 24.586509438320594 24.772510790484077 24.895675278726056 24.977723605288848 21.83031197812312 22.030623107913797 22.600461079388538 23.122767812280333 23.59003442226272 23.99434120216936 24.32837058539931 24.587546241066132 24.77308770308847 24.895869172078026 24.977723605288848 21.826616491833327 22.03104934782513 22.602665798200103 23.125771695616766 23.593192134063734 23.99724989531818 24.330767811810308 24.589261041578197 24.774057790247213 24.896197842502755 24.977723605288848 21.818810197901477 22.030727550561753 22.604736892986608 23.128715078615866 23.596236175976134 24.000020294484994 24.333046417751454 24.590875273799707 24.774914461196136 24.8964230763226 24.977723605288848 21.794992323123182 22.019117559732347 22.59541996699444 23.12004526687271 23.58783006376586 23.99202921796885 24.325781728368383 24.58465229372162 24.770154824274645 24.89387288448167 24.977723605288848 21.71060806426369 21.939577757096103 22.514896772878114 23.03892671597208 23.507789536463058 23.915586085327128 24.25623564358376 24.526219217481422 24.72820734738312 24.873837007620573 24.977723605288848 21.52736699208549 21.742072776315368 22.311361594450332 22.83445510294918 23.30826769647486 23.728377996854057 24.09081964721233 24.394244312878143 24.64154138852237 24.837596783585255 24.977723605288848 21.25657166917469 21.44398063347194 22.009138881660533 22.539619639432548 23.03245544470128 23.484529407481883 23.89283749674203 24.254087645263276 24.563197534406186 24.810661323599195 24.977723605288848 20.95794718675233 21.12934256095589 21.710185283161326 22.270508370789372 22.804546675646407 23.30627037097206 23.768105532536637 24.1800610960637 24.529495723699014 24.801595991141323 24.977723605288848 20.746854563242422 20.9427446946515 21.554898699276215 22.149066246607248 22.71654162828134 23.24866924656514 23.735612072351802 24.165751104470818 24.525836661087137 24.801864333625623 24.977723605288848 20.67532254963717 20.904118660719984 21.53131728406272 22.136789655565085 22.712694004457717 23.250617148378733 23.740816324070995 24.171814464999247 24.530719538379554 24.804274905936204 24.977723605288848 20.669287004648925 20.914914808039097 21.545994104276847 22.152484964237562 22.727864075512784 23.264282193520316 23.75223618581546 24.180401340014598 24.536118107917012 24.806556453356446 24.977723605288848 20.67610141270808 20.929307641811207 21.562218845462393 22.168546984380914 22.742583116576032 23.276941087988263 23.762369319424913 24.187722284956507 24.54055981828137 24.80837909433627 24.977723605288848 20.683071737301002 20.94022208109181 21.574528068585064 22.18093897347956 22.754101372443866 23.286924006173823 23.770371056501535 24.193482501931257 24.544031679355577 24.809792924762498 24.977723605288848 20.688567817085065 20.948066146607857 21.583427439405522 22.190065594863242 22.762737723598775 23.29450953768084 23.77650056033147 24.19791061229327 24.546701093936033 24.810877677680466 24.977723605288848 20.692730378701114 20.953726517954095 21.589848563265033 22.19672558601061 22.769124470326012 23.300183512973305 23.78112311973226 24.201266566898603 24.548728479219744 24.81170132868518 24.977723605288848 20.695855437864566 20.957838198810617 21.594494785071014 22.201571719374666 22.77381267744492 23.304384395229608 23.784569259412635 24.20378036091707 24.550251030208887 24.812320150422504 24.977723605288848 20.698192737786297 20.960835828573057 21.597863388447966 22.20509224805644 22.777236704145135 23.30747118019013 23.78711513396658 24.20564498002232 24.551383129011455 24.812780539480805 24.977723605288848 20.69993612142364 20.96302479350441 21.600307974577955 22.20764645911181 22.779728112691224 23.309726309746498 23.78898247275443 24.207016997800782 24.552217811644237 24.813120128515358 24.977723605288848 20.70123358419239 20.96462406931635 21.60208242750778 22.20949742216725 22.78153568834201 23.311366515276337 23.790344357994265 24.208019985800956 24.55282889969788 24.813368797042894 24.977723605288848 20.702197321625956 20.96579243384074 21.60337021867921 22.210837285933504 22.782844078260364 23.31255527123715 23.79133311514676 24.208749339456265 24.553273709818765 24.813549786259905 24.977723605288848 20.702911963553436 20.966645663700852 21.60430441720995 22.211806154059573 22.78378930225278 23.31341437868891 23.792048351776426 24.209277439168655 24.553595953224995 24.81368085546043 24.977723605288848 20.703441089325583 20.96726840165788 21.604981709229623 22.212506028874497 22.78447101660853 23.314033778409605 23.792564177183763 24.20965846996067 24.553828489444363 24.813775377550368 24.977723605288848 20.703832305948616 20.967722594139158 21.605472395533422 22.21301107145603 22.784961938725324 23.31447944203873 23.792935244263422 24.209932575925297 24.553995741091775 24.81384330418305 24.977723605288848 20.704121164265054 20.968053588409227 21.605827597744025 22.213375133387785 22.78531496275627 23.314799515023413 23.793201586253165 24.210129260142796 24.554115698667527 24.8138919716987 24.977723605288848 20.70433415351246 20.96829457552966 21.606084483047084 22.213637274446793 22.78556846843779 23.315028996467586 23.79339237525524 24.210270070084537 24.55420152199168 24.81392674827385 24.977723605288848 20.70449097544011 20.968469840911148 21.6062700634702 22.21382579686047 22.78575024859504 23.315193251177813 23.793528782861838 24.210370666086895 24.55426278435605 24.813951538796466 24.977723605288848 20.704606261731254 20.968597146458364 21.606403962032797 22.213961189415382 22.7858803967169 23.315310617038126 23.793626125178797 24.210442385948017 24.55430641961959 24.813969170401457 24.977723605288848 20.704690865247684 20.968689477131562 21.60650042733487 22.214058272297034 22.785973420009228 23.315394325486984 23.79369545381662 24.210493412692024 24.55433743237121 24.813981682196484 24.977723605288848 20.704752827422872 20.9687563213547 21.606569800546342 22.21412775725078 22.786039780103167 23.31545390771628 23.793744726423974 24.210529637521216 24.554359424445412 24.813990540372625 24.977723605288848 20.704798101002154 20.968804609333407 21.60661958324035 22.214177380935766 22.786087013296704 23.315496219711164 23.793779662649676 24.210555292765335 24.554374981963935 24.813996796458653 24.977723605288848 20.704831088815627 20.968839400367195 21.60665521432708 22.214212727297788 22.786120543282955 23.315526186887077 23.79380436717501 24.210573413494995 24.55438595800522 24.814001202932584 24.977723605288848 20.704855044704757 20.96886438605777 21.60668063506213 22.214237823704423 22.786144269733505 23.315547343576572 23.793821781578494 24.210586172705685 24.55439367801378 24.814004297223637 24.977723605288848 20.704872371462496 20.96888225857479 21.606698699761925 22.214255572729147 22.786160993956116 23.31556222307075 23.7938340111493 24.21059512387515 24.55439908848943 24.814006462490585 24.977723605288848 20.704884841985304 20.968894980045423 21.606711474222138 22.214268064659482 22.786172726351037 23.315572639120372 23.793842560721775 24.210601376012868 24.554402864282817 24.814007971448195 24.977723605288848 20.704893763282126 20.968903979550994 21.606720452465854 22.214276803539065 22.786180908275057 23.315579888823606 23.793848504554926 24.210605719717833 24.55440548583191 24.814009017885258 24.977723605288848 20.704900098007677 20.96891029713139 21.606726714109104 22.214282870569768 22.78618657199862 23.315584898676395 23.79385260851499 24.210608717791917 24.55440729464607 24.814009739280372 24.977723605288848 20.704904554454345 20.968914689009964 21.606731038563144 22.2142870421611 22.786190455932847 23.315588329592185 23.793855417834198 24.210610770271714 24.554408533092385 24.814010232997806 24.977723605288848 20.704907653157804 20.968917704471462 21.606733987895897 22.21428987518166 22.786193087585136 23.315590652356136 23.793857320078384 24.210612161043116 24.554409372886894 24.81401056786858 24.977723605288848 20.70490977614552 20.968919741985317 21.60673596690636 22.21429176847199 22.786194843221526 23.315592201773832 23.79385859026761 24.210613091205833 24.554409935462957 24.814010792456703 24.977723605288848 20.704911203345567 20.96892109018372 21.60673726668044 22.214293007221606 22.786195990760095 23.3155932155079 23.793859423182855 24.210613702932122 24.554410306519422 24.814010940953093 24.977723605288848 20.704912139465986 20.968921957742968 21.60673809613067 22.214293794943668 22.78619672056782 23.315593861893504 23.793859956464622 24.210614096501462 24.55441054639229 24.814011037369912 24.977723605288848 20.704912733825704 20.968922495167106 21.606738604827925 22.21429427650158 22.786197167557248 23.31559425984289 23.79386028710981 24.210614342448352 24.554410697441302 24.8140110985219 24.977723605288848 20.70491309496165 20.968922810645477 21.60673889950575 22.214294554668708 22.78619742701798 23.315594493069 23.793860483237484 24.21061449021286 24.554410789301357 24.81401113614161 24.977723605288848 20.704913301354544 20.968922981562713 21.606739055956467 22.214294702003002 22.786197565925303 23.315594620215464 23.793860592450926 24.210614574278537 24.554410842602465 24.814011158374633 24.977723605288848 20.704913409277072 20.968923062832562 21.60673912758805 22.21429476934315 22.786197631001684 23.31559468205952 23.79386064777051 24.210614618519852 24.554410871600943 24.81401117083497 24.977723605288848 20.704913458485255 20.968923092875645 21.606739151520593 22.214294791833456 22.78619765441034 23.315594706583855 23.793860671804488 24.210614639253887 24.55441088602238 24.814011177342554 24.977723605288848 20.704913476289427 20.968923097858852 21.60673915288552 22.21429479315136 22.78619765773843 23.31559471251652 23.793860679651516 24.210614647359563 24.554410892340684 24.814011180434044 24.977723605288848 20.70491348038072 20.968923094611892 21.606739147766344 22.214294788387853 22.78619765469991 23.31559471172612 23.79386068086372 24.21061464971014 24.554410894640004 24.81401118170654 24.977723605288848 20.70491348067918 20.968923092523987 21.60673914510435 22.21429478590741 22.786197652879085 23.31559471076546 23.79386068070779 24.210614650091337 24.55441089516776 24.814011182037607 24.977723605288848
    </DataArray>
    <DataArray type="Float32" Name="Ion density max [log10(m^-3)]" NumberOfComponents="1" format="ascii">
22.034272385373928 22.19818370520896 22.7401867351049 23.235364800679267 23.67653289461726 24.056369202510616 24.36854503180785 24.609755632112428 24.782425049245372 24.897991085059754 24.977723605288848 22.033729295227136 22.19827022057915 22.740594100617194 23.235940655176634 23.677153021117903 24.056943198489723 24.36901179625649 24.61008116941673 24.782604951090764 24.89805280089385 24.977723605288848 22.03200198419931 22.19856738110632 22.7418677449638 23.2377010762219 23.679027285670735 24.058671850373777 24.370421346567 24.611071360785818 24.78315730068712 24.898243996168624 24.977723605288848 22.028591641572792 22.19910773733629 22.7440538670935 23.240616090321197 23.682068537670236 24.06146101469558 24.37271075843958 24.61270296445333 24.784081542673807 24.898566570494907 24.977723605288848 22.02105532115257 22.19876884613125 22.745928830590707 23.243300967435932 23.684854860511432 24.064000887103386 24.37479562966994 24.614171591355305 24.784860815541492 24.89878713798093 24.977723605288848 21.997291200578516 22.18668201034933 22.735980435763693 23.234037211690044 23.67597918004491 24.055693515401398 24.367370139177375 24.607947484948347 24.780264359154675 24.896465724216107 24.977723605288848 21.9140186757062 22.108063516631912 22.656680161034537 23.154670301776985 23.5983428377332 23.98235734155632 24.30159235655028 24.553745045103405 24.742444807384693 24.87914971459377 24.977723605288848 21.734660209051917 21.91535658663749 22.45929036214898 22.957884945701167 23.40817807297879 23.806156807826408 24.14843999849388 24.434153389099357 24.66605845201146 24.848307514293214 24.977723605288848 21.47233285041845 21.628474751470627 22.17109845108438 22.679725286835826 23.151275894415598 23.582503842440328 23.970120894626668 24.310451881694693 24.598372755363663 24.82556659549599 24.977723605288848 21.1901778646543 21.33547056697904 21.89629975843422 22.43561046387692 22.94734111636064 23.425182259970306 23.86149801485939 24.24677176287147 24.569713125426073 24.81797378844467 24.977723605288848 20.99918724221905 21.170701137381126 21.76079010028743 22.330684207734926 22.871975048433942 23.37627413947426 23.834183749544195 24.234940748746585 24.566839153151527 24.818301613793494 24.977723605288848 20.937074183376616 21.138935312498774 21.74204728156187 22.32154065144399 22.869883008367527 23.37894395289403 23.839416877268803 24.24066367312317 24.571307125246243 24.820457749870943 24.977723605288848 20.932569338067285 21.149603949055994 21.756077535688323 22.33635944387265 22.884093616726947 23.39165612952983 23.849959667076263 24.248517446507506 24.57618687520859 24.82248850543762 24.977723605288848 20.93929617416633 21.163142921527026 21.77120783094279 22.351282980218503 22.89773007374526 23.40334068957393 23.85926183559543 24.25518516618419 24.58018830328049 24.82410576131932 24.977723605288848 20.94605915967403 21.173437747136717 21.782703765669652 22.362795858883434 22.908387695358225 23.41253552689924 23.866587191802456 24.26041497006231 24.583305427944325 24.82535563165733 24.977723605288848 20.95139017939625 21.180861398237976 21.79103137040286 22.37127776705097 22.91637079488828 23.419508385117634 23.87218353259515 24.264422685261085 24.585693779335756 24.826310932908996 24.977723605288848 20.95542431383908 21.186223657863135 21.797042262796673 22.377463411566747 22.92226525225002 23.424712070050788 23.876391958015535 24.26745017805195 24.587501284446834 24.827033501626563 24.977723605288848 20.958445177651388 21.190114245443993 21.80138624497549 22.38195648190561 22.926582021707 23.42855386406122 23.879519249794498 24.26970996248526 24.588853615339705 24.827574203726407 24.977723605288848 20.960694858104247 21.192942016244167 21.804526819948798 22.38521077808616 22.929724473317684 23.431366774028902 23.88182081529464 24.271379495874395 24.58985497926387 24.827974730379076 24.977723605288848 20.962362718230928 21.19499685967688 21.80679580804449 22.38756160292296 22.932001005649273 23.43341265040984 23.883501270055692 24.272602268430642 24.590589786900722 24.828268735217552 24.977723605288848 20.96359404839408 21.196487934771334 21.80843263071929 22.389255226520888 22.933643322990182 23.434892363813947 23.884720084028878 24.273491238068594 24.591124798091865 24.828482833833753 24.977723605288848 20.964499321850187 21.197567513050114 21.809610880918942 22.390471900414383 22.934823528776793 23.435957363698986 23.88559900557295 24.274133417531214 24.591511702718304 24.828637659109976 24.977723605288848 20.965161995604788 21.198346887257088 21.8104567078206 22.39134319952491 22.935668425651023 23.436720413246427 23.88622954758374 24.274594690892368 24.59178981991913 24.828748929063895 24.977723605288848 20.965644789978047 21.198907504444595 21.811061842845874 22.39196493953767 22.936270877438716 23.437264690441726 23.886679685178724 24.27492427551597 24.591988632955267 24.828828444692565 24.977723605288848 20.96599463923385 21.199308967184848 21.811492972072372 22.392406744691886 22.936698575822426 23.43765111532956 23.886999451319912 24.275158551741068 24.59212999782801 24.828884961831726 24.977723605288848 20.96624653894331 21.19959486150062 21.811798537248947 22.392719106479007 22.93700067946076 23.437924059836593 23.88722541208307 24.275324188543834 24.592229969266747 24.82892491521022 24.977723605288848 20.966426503216407 21.199797027710723 21.81201369080617 22.39293857339622 22.937212777968472 23.438115700565866 23.88738414168301 24.27544060739185 24.592300254875294 24.82895299751161 24.977723605288848 20.966553818166375 21.19993869726471 21.812163911161925 22.393091554717838 22.937360569337628 23.438249286281568 23.887494865287895 24.27552187685912 24.592349342062576 24.82897260968248 24.977723605288848 20.966642747396335 21.200036797451997 21.812267640721306 22.393197100602084 22.93746256555875 23.438341563433617 23.887571438941862 24.275578143444072 24.592383354033988 24.828986203851134 24.977723605288848 20.966703815819105 21.200103643799647 21.812338209597467 22.393268928994477 22.937532072820378 23.438404561840198 23.88762381653143 24.275616697784745 24.592406690321315 24.82899554037589 24.977723605288848 20.966744771955856 21.200148181705643 21.81238523720726 22.393316900220515 22.937578634879365 23.43844690113386 23.887659127710258 24.275642761253557 24.59242250070387 24.829001878228432 24.977723605288848 20.966771306806738 21.200176896447452 21.812415652461862 22.393348087790187 22.937609081754456 23.438474742026134 23.887682464982515 24.275660061867242 24.592433032857993 24.829006114713916 24.977723605288848 20.966787589433686 21.2001944794819 21.812434435633623 22.393367554756423 22.937628289702904 23.438492476376908 23.88769745563164 24.275671253481843 24.592439885696958 24.829008887284694 24.977723605288848 20.96679666511541 21.20020431584026 21.812445157328444 22.393378915812526 22.937639730797084 23.438503226295715 23.887706675720672 24.275678219523513 24.592444193031696 24.829010647319894 24.977723605288848 20.966800750813455 21.200208840352676 21.812450369723404 22.3933847437716 22.937645869654926 23.438509204261102 23.887711948863572 24.275682292263422 24.592446756175594 24.829011713355165 24.977723605288848 20.966801454091218 21.200209797774928 21.812451890313937 22.393386863174804 22.937648449381072 23.43851197241999 23.887714561287815 24.275684410647077 24.592448139363746 24.829012309347 24.977723605288848 20.966799935105445 21.200208432594792 21.81245100754017 22.393386562152582 22.937648697378688 23.438512628970955 23.887715416314414 24.27568523361605 24.592448738226373 24.82901259209744 24.977723605288848 20.966797026321213 21.200205627410085 21.812448629669685 22.39338474513817 22.937647473290657 23.438511941917938 23.887715145108604 24.275685221296122 24.59244882880715 24.82901267085891 24.977723605288848 20.966793320873073 21.200202003717028 21.81244539249104 22.393382042823333 22.93764537520047 23.43851044490478 23.887714185937014 24.27568469304642 24.592448602576255 24.829012621315336 24.977723605288848 20.966789237715975 21.20019799526583 21.81244173715107 22.393378891251327 22.937642815781356 23.438508505787524 23.887712840798233 24.275683868891985 24.59244819139358 24.829012495532904 24.977723605288848 20.96678506958398 21.200193901370554 21.812437966329643 22.393375588621733 22.937640076806158 23.438506375611 23.887711315808218 24.27568289903548 24.59244768526611 24.829012329025286 24.977723605288848 20.966781018261603 21.200189925626706 21.81243428475008 22.393372336050362 22.937637348123758 23.438504223544257 23.88770974995818 24.275681884844253 24.592447144959802 24.829012145761467 24.977723605288848 20.966777220466557 21.200186203970265 21.812430828332758 22.39336926675297 22.937634755467023 23.43850216174413 23.88770823554623 24.27568089373985 24.592446610932893 24.82901196170549 24.977723605288848 20.96677376681515 21.200182824984527 21.812427685144954 22.393366466909864 22.937632380260396 23.438500263018827 23.887706832664414 24.275679969739567 24.59244610965178 24.829011787313515 24.977723605288848 20.966770715681122 21.200179844564964 21.8124249104216 22.39336399054641 22.937630273693895 23.438498573346443 23.887705579446724 24.275679140902028 24.592445658044298 24.829011629290367 24.977723605288848 20.966768103284707 21.200177296463163 21.812422537290292 22.393361870103142 22.937628466681904 23.43849712070712 23.887704499284727 24.275678424561246 24.592445266624857 24.829011491819234 24.977723605288848 20.96676595100486 21.20017519984572 21.81242058440725 22.39336012392096 22.937626976889742 23.438495921299594 23.887703605895748 24.275677830996823 24.592444941682793 24.829011377420752 24.977723605288848 20.966764270629323 21.20017356465743 21.81241906133731 22.39335876148959 22.937625813640523 23.43849498386944 23.887702906846314 24.275677365982066 24.59244468679818 24.82901128754645 24.977723605288848 20.966763068072368 21.200172395383795 21.812417972305976 22.393357787089023 22.93762498130961 23.438494312696566 23.887702405977087 24.275677032533846 24.592444503882255 24.829011222985176 24.977723605288848 20.96676234593169 21.200171693612297 21.812417318737673 22.39335720224282 22.937624481601823 23.438493909593582 23.88770210502463 24.275676832082556 24.592444393870664 24.82901118413342 24.977723605288848 20.966762105146543 21.200171459683048 21.81241710088545 22.393357007287342 22.9376243150068 23.438493775182145 23.8877020046537 24.275676765214925 24.5924443571643 24.82901117116673 24.977723605288848
    </DataArray>
    <DataArray type="Float32" Name="Mobility [m^2/V/s]" NumberOfComponents="1" format="ascii">
0.0 0.0 0.0 0.0 0.0 0.0 0.0 0.0 0.0 0.0 0.0 1.504171560992134e-05 1.5186646430236024e-05 1.5186633994934886e-05 1.5186840066235077e-05 1.5331758451248623e-05 1.5764800043376512e-05 1.5764606407377458e-05 1.5765653370309325e-05 1.6198501326438163e-05 1.7322352960823398e-05 1.732149963389058e-05 5.280605878048941e-05 5.279454861428097e-05 5.2815541701580736e-05 6.027243704126983e-05 6.723071920273187e-05 6.722123628164053e-05 6.723496230907799e-05 7.41837615494487e-05 8.01815023278974e-05 8.017725922155128e-05 8.01815023278974e-05 0.0 0.0 0.0 0.0 0.0 0.0 0.0 0.0 0.0 0.0 0.0 0.0 0.0 0.0 0.0 0.0 0.0 0.0 0.0 0.0 0.0 0.0 2.0948082264235317e-05 2.3413290345324803e-05 2.788847629261072e-05 2.7917064320048505e-05 3.2375198771017794e-05 3.8876475119627945e-05 3.891153627392156e-05 4.538422459509394e-05 5.2850602855874356e-05 5.287974105680527e-05 6.031105816329207e-05 0.0 0.0 0.0 0.0 0.0 0.0 0.0 0.0 0.0 0.0 0.0 0.0 0.0 0.0 0.0 0.0 0.0 0.0 0.0 0.0 1.5004410270579299e-05 1.5022957100440026e-05 2.7944733197683037e-05 2.7991384943010373e-05 3.245043854378291e-05 3.8958188019248895e-05 3.9016161015944746e-05 4.5477258746083395e-05 5.293771405350111e-05 5.2986580099837656e-05 6.038906241055952e-05 6.73261156489927e-05 6.734832829719068e-05 0.0 0.0 0.0 0.0 0.0 0.0 0.0 0.0 0.0 0.0 0.0 0.0 0.0 0.0 0.0 0.0 0.0 0.0 1.500342570581922e-05 1.5022358435807537e-05 1.50223196783071e-05 1.504192805414032e-05 3.254008159969566e-05 3.905915232653016e-05 3.91119048642013e-05 4.558798428045038e-05 5.30393326375088e-05 5.308096785830214e-05 6.0479563677689426e-05 6.738996351798403e-05 6.740530827330784e-05 7.427407289280909e-05 8.023220882406644e-05 0.0 0.0 0.0 0.0 0.0 0.0 0.0 0.0 0.0 0.0 0.0 0.0 0.0 0.0 0.0 0.0 1.5000687054559396e-05 1.5020256672892181e-05 1.501866268227149e-05 1.5040295306019194e-05 1.5187889261032143e-05 1.5183258814215058e-05 3.87451224846307e-05 4.54228730646846e-05 5.286310410486521e-05 5.262308104955768e-05 6.0281175843175234e-05 6.716528521800028e-05 6.700633123631659e-05 7.413046366644919e-05 8.007325484238274e-05 8.007325484238274e-05 8.6175e-05 0.0 0.0 0.0 0.0 0.0 0.0 0.0 0.0 0.0 0.0 0.0 0.0 0.0 0.0 1.5e-05 1.5012240057393697e-05 1.5002824512286164e-05 1.502928577029097e-05 1.5173843269107525e-05 1.5140213997242687e-05 1.5294187041166775e-05 1.5727423264308026e-05 5.0838113034791945e-05 4.894343694384929e-05 5.814647669692502e-05 6.511165514537393e-05 6.394584890096527e-05 7.280570344035685e-05 7.890744859797407e-05 7.890744859797407e-05 8.6175e-05 0.0 0.0 0.0 0.0 0.0 0.0 0.0 0.0 0.0 0.0 0.0 0.0 0.0 0.0 1.5e-05 1.5e-05 1.5e-05 1.500285334512208e-05 1.512319711718133e-05 1.5061835652644643e-05 1.519919630476525e-05 1.555997316406874e-05 1.5367054327780834e-05 1.578919265162101e-05 5.289144732641615e-05 6.058549562139906e-05 5.8619974610554284e-05 6.96743761851034e-05 7.69419275871293e-05 7.69419275871293e-05 8.6175e-05 0.0 0.0 0.0 0.0 0.0 0.0 0.0 0.0 0.0 0.0 0.0 0.0 0.0 0.0 0.0 1.5e-05 1.5e-05 1.5e-05 1.5047108083776055e-05 1.5e-05 1.5086125823333356e-05 1.5315345310885624e-05 1.5156217048546806e-05 1.5437145552994284e-05 1.6049255790473944e-05 1.562471861741362e-05 5.473840141797132e-05 6.634751553491059e-05 7.558058794778127e-05 7.558058794778127e-05 8.6175e-05 0.0 0.0 0.0 0.0 0.0 0.0 0.0 0.0 0.0 0.0 0.0 0.0 0.0 0.0 0.0 0.0 0.0 1.5e-05 1.5e-05 1.5e-05 1.5008684160305927e-05 1.5130484402414586e-05 1.505428343641114e-05 1.5201816324652019e-05 1.5548517651410175e-05 1.5351466572693423e-05 1.5774368865455025e-05 1.6665398798742138e-05 7.514252442271097e-05 7.514252442271097e-05 8.6175e-05 0.0 0.0 0.0 0.0 0.0 0.0 0.0 0.0 0.0 0.0 0.0 0.0 0.0 0.0 0.0 0.0 0.0 0.0 0.0 1.5e-05 1.5e-05 1.5046474178145445e-05 1.5024807404796769e-05 1.5103948585299898e-05 1.5329799799344746e-05 1.5277464326083374e-05 1.55249823134769e-05 1.618062094639334e-05 1.6075238148888147e-05 1.678321225506596e-05 8.6175e-05 0.0 0.0 0.0 0.0 0.0 0.0 0.0 0.0 0.0 0.0 0.0 0.0 0.0 0.0 0.0 0.0 0.0 0.0 0.0 0.0 0.0 1.5023907604144577e-05 1.5022259355370276e-05 1.508063356317692e-05 1.5275816077309074e-05 1.5274502732952334e-05 1.547133349585879e-05 1.6073924804531407e-05 1.6079427631544954e-05 1.6683332284574313e-05 1.83299760254082e-05 1.8360996120887422e-05 0.0 0.0 0.0 0.0 0.0 0.0 0.0 0.0 0.0 0.0 0.0 0.0 0.0 0.0 0.0 0.0 0.0 0.0 0.0 0.0 0.0 0.0 1.508168312837079e-05 1.5277200546920504e-05 1.528635511767609e-05 1.5479174722257633e-05 1.608858220230054e-05 1.6115055126321823e-05 1.6715308035609144e-05 1.8387469044908706e-05 1.845093792636582e-05 2.0096626011644102e-05 2.400031401104512e-05 0.0 0.0 0.0 0.0 0.0 0.0 0.0 0.0 0.0 0.0 0.0 0.0 0.0 0.0 0.0 0.0 0.0 0.0 0.0 0.0 0.0 0.0 1.52982458647868e-05 1.5497406357498168e-05 1.6124132190806773e-05 1.6149174152219996e-05 1.6766822921043654e-05 1.8475979887779047e-05 1.853331048163239e-05 2.0217425486954558e-05 2.417691731471677e-05 2.427995123651542e-05 2.8182112470424286e-05 0.0 0.0 0.0 0.0 0.0 0.0 0.0 0.0 0.0 0.0 0.0 0.0 0.0 0.0 0.0 0.0 0.0 0.0 0.0 0.0 0.0 0.0 1.6156479886291016e-05 1.617669170720021e-05 1.681207670336607e-05 1.855352230254158e-05 1.859959827470991e-05 2.032083205297623e-05 2.432602720868375e-05 2.4408049807912854e-05 2.8367168991452045e-05 3.586007525944067e-05 3.596365229896597e-05 0.0 0.0 0.0 0.0 0.0 0.0 0.0 0.0 0.0 0.0 0.0 0.0 0.0 0.0 0.0 0.0 0.0 0.0 0.0 0.0 0.0 1.5e-05 1.6847930069069798e-05 1.8615239819504445e-05 1.86510228333019e-05 2.0402691038942017e-05 2.4443832821710313e-05 2.45074504256266e-05 2.851280919459744e-05 3.6027269902882256e-05 3.610723872050462e-05 4.355808182487315e-05 5.430235415796438e-05 0.0 0.0 0.0 0.0 0.0 0.0 0.0 0.0 0.0 0.0 0.0 0.0 0.0 0.0 0.0 0.0 0.0 0.0 0.0 1.5e-05 1.5e-05 1.5e-05 1.869014866837076e-05 2.046573836268609e-05 2.4534714735573222e-05 2.4583245323914054e-05 2.8624957386854564e-05 3.615576930884545e-05 3.621667685813268e-05 4.369895819178274e-05 5.4419274321860185e-05 5.446178192568069e-05 6.512119050647091e-05 0.0 0.0 0.0 0.0 0.0 0.0 0.0 0.0 0.0 0.0 0.0 0.0 0.0 0.0 0.0 0.0 0.0 1.5e-05 1.5e-05 1.5e-05 1.5e-05 1.5e-05 2.4603722824654357e-05 2.464024284584962e-05 2.8710007996390653e-05 3.625319687932794e-05 3.629901834381836e-05 4.380568720556039e-05 5.450760339017111e-05 5.453951232812517e-05 6.519560704824547e-05 7.570125799309976e-05 7.570125799309976e-05 0.0 0.0 0.0 0.0 0.0 0.0 0.0 0.0 0.0 0.0 0.0
    </DataArray>
    <DataArray type="Float32" Name="Electric Field [Vm^-1]" NumberOfComponents="3" format="ascii">
358859578.73665076 -1538935048.562202 0.0 74554.06205382716 -103278007.16907464 0.0 153999.71192224103 -103624003.34556669 0.0 225641.97006492084 -104003320.49081615 0.0 313247.04750560015 -104157509.61807874 0.0 458632.9849663306 -103632874.101294 0.0 703323.0863630001 -101722267.48447779 0.0 1051155.4430868647 -97570923.44546802 0.0 1438739.030658872 -90519576.41573271 0.0 1679125.465321134 -80742432.01755996 0.0 411259557.90692747 1159269221.136634 0.0 1910280.2867263358 -1358014756.8602273 0.0 279181.7726779856 -103176694.58812429 0.0 465271.67035482597 -103569943.18727429 0.0 574564.2864038425 -103983840.58135243 0.0 617149.567763252 -104141213.90108052 0.0 606964.8696792749 -103570398.33482604 0.0 553792.6690065686 -101548305.68944927 0.0 463056.16956716153 -97221550.32809795 0.0 338688.4316833848 -89963810.76898168 0.0 186955.3994448045 -80041818.97494517 0.0 -2071144.0015234775 1358280126.6727202 0.0 2014826.4191957926 -1357792677.2234952 0.0 646625.0882718901 -102832993.67632027 0.0 1024703.3141163726 -103352533.83487856 0.0 1225145.1612546493 -103880588.14151956 0.0 1290433.2985248459 -104126088.63761625 0.0 1256723.2613915394 -103623730.25899836 0.0 1142880.0633763818 -101659956.04408725 0.0 954953.1359636785 -97386788.76086435 0.0 695760.578962866 -90177067.9407141 0.0 376022.81192168087 -80288197.18858615 0.0 -2046094.9438979088 1358127127.4602273 0.0 2198835.383844059 -1357338758.2091792 0.0 1192638.7655420904 -102208300.3039857 0.0 1762307.266628615 -103007751.34596889 0.0 2012557.271770348 -103740468.08556822 0.0 2067061.770816898 -104123791.91121578 0.0 1995662.4788805563 -103723024.1914317 0.0 1820805.1946707661 -101850429.62102695 0.0 1536299.3842535869 -97670384.07905445 0.0 1130502.763726054 -90551926.4666687 0.0 612274.0848653612 -80729252.22461005 0.0 -2013672.3921592077 1357864504.9802237 0.0 2739945.3688570755 -1356448114.5317411 0.0 2187989.3375135246 -101283623.4704282 0.0 2820202.1319434545 -102609996.07796386 0.0 2998082.648143664 -103628128.08430962 0.0 2975282.7489941106 -104166168.76554206 0.0 2849440.052529519 -103872265.32288243 0.0 2626509.86092699 -102111992.6951724 0.0 2260791.4199409042 -98073254.32443802 0.0 1698090.9723873788 -91113930.88449807 0.0 931157.4388254978 -81416126.46015806 0.0 -1968656.1612126995 1357456523.6965277 0.0 4588828.221083108 -1354547628.589751 0.0 4180230.6758935708 -100385901.95917833 0.0 4332854.055979663 -102400054.07776558 0.0 4184083.294062892 -103672664.60476495 0.0 3984228.4083395605 -104298260.01541446 0.0 3792825.5443106624 -104062665.68757243 0.0 3557928.735171187 -102414455.59010991 0.0 3152318.7715581856 -98581116.05805193 0.0 2433836.721984106 -91895552.0342084 0.0 1354934.5140476618 -82429274.6948145 0.0 -1909635.3727528094 1356849991.2743948 0.0 8346474.6369047165 -1350955831.2081056 0.0 7147134.0532153705 -100544993.4118584 0.0 6141774.807451148 -102814093.71193741 0.0 5401103.285080088 -104049200.57777518 0.0 4927231.59185875 -104568352.53262287 0.0 4646132.627326483 -104275722.91071379 0.0 4407653.288123258 -102713592.40906957 0.0 3978965.213068837 -99167556.52227111 0.0 3113303.6710083685 -92922317.26759087 0.0 1726111.800002321 -83837912.1087628 0.0 -1871428.7313901745 1356022370.8601122 0.0 12705517.447760051 -1345692030.033215 0.0 10013966.767107304 -102614539.53254366 0.0 7668227.626780435 -104162227.44875027 0.0 6290549.023590376 -104873643.5653214 0.0 5512835.596587711 -105030436.03328276 0.0 5088061.653433065 -104548394.1355328 0.0 4773166.495507855 -103035420.81520088 0.0 4272096.1062165955 -99832451.94161732 0.0 3300944.750379787 -94140579.02410115 0.0 1785998.1278226569 -85517517.0475135 0.0 -1886235.003099676 1355089095.2144752 0.0 15280975.069090763 -1339685003.402027 0.0 11283524.478590198 -106386228.9534282 0.0 8202052.035683197 -106279515.30773677 0.0 6500007.367374498 -106070107.60859576 0.0 5534913.249477189 -105696525.84089221 0.0 4959888.954276013 -104957253.8186815 0.0 4505791.413779649 -103465901.460638 0.0 3900901.166180412 -100580381.3966366 0.0 2919871.5673516816 -95388644.27133974 0.0 1532383.830462162 -87150327.64934914 0.0 -1932699.0102360114 1354242231.2652533 0.0 13717752.482863648 -1334578581.2624853 0.0 9730997.010880705 -110410103.40411082 0.0 7338656.784904197 -108462304.6717025 0.0 5916039.324186489 -107324599.59024246 0.0 5021642.142867252 -106455827.59960744 0.0 4400710.264572327 -105492864.18191965 0.0 3853679.552736028 -104015929.03091986 0.0 3197261.36419646 -101361530.69699724 0.0 2302960.9833893273 -96507525.39354207 0.0 1176009.4383624392 -88503636.87373854 0.0 -1979545.4187966187 1353578605.9059024 0.0 8485830.719623795 -1331561924.6878436 0.0 6247050.822977881 -112448030.42265993 0.0 5497844.308098753 -109814083.722095 0.0 4779900.043382849 -108244441.4418012 0.0 4175130.447641725 -107119968.79255486 0.0 3645060.947604403 -106048549.16791421 0.0 3111031.220306207 -104603378.92386128 0.0 2489860.7092813645 -102096389.6642199 0.0 1734227.2918305353 -97428213.85141651 0.0 867329.3012311853 -89536418.36803243 0.0 -2015265.485801725 1353089193.0181897 0.0 3858771.2564810775 -1330073656.3967009 0.0 3230168.0652070423 -112087009.86879763 0.0 3623931.265885997 -110086133.10541162 0.0 3524967.6253823964 -108666370.19921908 0.0 3240943.3678783257 -107566447.49284804 0.0 2870284.4372884263 -106518217.09231903 0.0 2426850.6578698494 -105136237.62801981 0.0 1900407.800054637 -102727399.98433602 0.0 1293843.4912974113 -98153298.14805028 0.0 637995.2937638011 -90305399.34285177 0.0 -2040878.770588105 1352731070.693676 0.0 2008847.5793322222 -1329148155.9720347 0.0 1527021.5776186879 -110937667.03643058 0.0 2242830.0656199157 -109762467.44580762 0.0 2455455.0182074406 -108717206.54063031 0.0 2395250.2920165407 -107797908.63411951 0.0 2175423.6548412344 -106859154.05093719 0.0 1845934.7994294162 -105566159.59032919 0.0 1433012.3925458991 -103233913.35258938 0.0 963733.7235493502 -98710853.79654843 0.0 471164.7292987653 -90876820.53905451 0.0 -2059539.3419914634 1352467346.8052268 0.0 1608033.945645492 -1328573905.4242642 0.0 723139.1105599297 -109935172.34662274 0.0 1365315.2058351636 -109293848.29603118 0.0 1660175.4612163852 -108589390.6430317 0.0 1713516.8282436675 -107881211.0237286 0.0 1601822.6333584487 -107081500.4590346 0.0 1374212.0989792044 -105887046.76226306 0.0 1066862.6011664462 -103621424.7222621 0.0 714092.3921780091 -99131707.7581796 0.0 347555.60870980215 -91300893.70534532 0.0 -2073452.6256525228 1352272702.4002278 0.0 1573716.6312118575 -1328262080.8798985 0.0 352316.97638466273 -109225095.52589552 0.0 835464.1888935802 -108872804.61289428 0.0 1107678.5743845936 -108410915.4629644 0.0 1200708.2487154931 -107883903.3735822 0.0 1154317.006088201 -107215892.30561885 0.0 1004218.6913510903 -106114825.45764244 0.0 783346.3662382293 -103907872.50509018 0.0 524203.19464175147 -99443891.19458112 0.0 254670.24895725632 -91613689.59983355 0.0 -2083924.1606723485 1352129674.2131865 0.0 1605136.0188213424 -1328100279.2098274 0.0 174031.55847472855 -108745339.04201016 0.0 516806.18765797216 -108545352.29116066 0.0 735346.8545512905 -108241772.5625296 0.0 830388.176991159 -107851707.23412362 0.0 818588.2402460426 -107292599.32146688 0.0 722395.1245973307 -106271480.00704148 0.0 567339.7160098554 -104114436.09622988 0.0 380451.7175844946 -99671738.97421582 0.0 184776.0807345807 -91842167.15028174 0.0 -2091782.2817628388 1352025490.910346 0.0 1642715.1271521545 -1328016568.2960665 0.0 84128.40673233077 -108422856.97302759 0.0 322573.2296499611 -108305144.57048729 0.0 487251.4447578044 -108102232.13052896 0.0 569248.4094204012 -107809737.88592656 0.0 573454.3114662172 -107334287.76184247 0.0 512838.298362287 -106377152.75077914 0.0 405667.7393597466 -104260746.98117857 0.0 272859.2910301538 -99835639.14939545 0.0 132574.60977876995 -92007171.62006898 0.0 -2097621.7683370477 1351950418.2034116 0.0 1675682.6821319524 -1327973648.5658169 0.0 37414.391094225706 -108205109.94228935 0.0 202246.98775522903 -108133533.9861967 0.0 322384.87061819824 -107994564.29182076 0.0 387654.9990442028 -107769674.10296576 0.0 397827.0963680445 -107355813.45170763 0.0 359995.8597284553 -106447616.60261904 0.0 286697.2026301501 -104363022.6463967 0.0 193439.3190224866 -99952049.8989475 0.0 94041.73368443543 -92124957.18413779 0.0 -2101906.863737283 1351896936.836248 0.0 1702517.117226706 -1327952545.8254108 0.0 13003.208120423607 -108057328.316946 0.0 126718.01220537622 -108012526.23924957 0.0 212789.85661543402 -107914491.69285172 0.0 262462.4355189234 -107735851.80289488 0.0 273697.7033412396 -107366193.29899572 0.0 250222.25131399417 -106494279.47735822 0.0 200465.39993112782 -104433800.74702494 0.0 135630.65183708316 -100033813.20655729 0.0 65966.92601645486 -92208089.74079928 0.0 -2105010.2619850524 1351859267.3789215 0.0 1723680.9609936927 -1327943259.9500408 0.0 540.4402675380312 -107956672.51785272 0.0 78906.86584821346 -107927822.03424126 0.0 139890.12331761423 -107856244.24156848 0.0 176666.09361005833 -107709072.76836625 0.0 186860.11600777015 -107370638.09392303 0.0 172358.1430708091 -106525041.48418906 0.0 138783.184629346 -104482383.42174312 0.0 94102.0258942694 -100090669.54375999 0.0 45773.56367474111 -92266131.68065 0.0 -2107229.563999253 1351833027.026012 0.0 1740082.3689429134 -1327940323.9087203 0.0 -5406.345175586106 -107887992.00173223 0.0 48533.39789689579 -107868815.34950656 0.0 91413.64184689421 -107814476.76389317 0.0 118152.90901163522 -107688664.52612504 0.0 126610.29866688943 -107372056.01546241 0.0 117699.27974553399 -106545245.50008552 0.0 95167.12141828517 -104515492.3819755 0.0 64624.55364724994 -100129841.29201473 0.0 31424.252634197455 -92306234.34211129 0.0 -2108797.95805912 1351814945.0550864 0.0 1752651.445048088 -1327940680.4527638 0.0 -7801.974138013487 -107841119.22964175 0.0 29259.014627257 -107827867.3817291 0.0 59235.08882666626 -107784826.11896266 0.0 78431.74239736101 -107673490.1273538 0.0 85107.00781444607 -107372024.08665399 0.0 79675.19601065412 -106558461.24104477 0.0 64639.921339690685 -104537901.12923878 0.0 43928.85123934096 -100156588.45374249 0.0 21342.127824172367 -92333658.35036659 0.0 -2109894.181330171 1351802619.0603445 0.0 1762209.2320118586 -1327942608.1274905 0.0 -8303.652472337091 -107809165.6460208 0.0 17098.225646942858 -107799552.32203592 0.0 37949.653899694495 -107763936.95713872 0.0 51601.569640403024 -107662396.5355494 0.0 56709.82231658202 -107371372.76754592 0.0 53440.48792732463 -106567060.60808073 0.0 43472.82879401746 -104552959.9594604 0.0 29545.289324641246 -100174687.41953208 0.0 14332.816676172733 -92352216.6721272 0.0 -2110652.407514143 1351794309.94777 0.0 1769436.0171694781 -1327945146.664588 0.0 -7847.179102447598 -107787432.49618268 0.0 9508.619933754202 -107780044.22149925 0.0 23945.868634471302 -107749312.03832579 0.0 33581.93132397833 -107654384.92887503 0.0 37411.53915354112 -107370523.31623793 0.0 35482.56235525507 -106572616.52541919 0.0 28925.800789393776 -104563000.64402084 0.0 19644.799244706828 -100186818.03873996 0.0 9509.059083203469 -92364637.31193003 0.0 -2111171.5291668973 1351788775.083047 0.0 1774876.5769569168 -1327947775.9298522 0.0 -6959.370269052158 -107772700.65325207 0.0 4852.522429991775 -107766657.08789624 0.0 14802.461451460913 -107739129.27425358 0.0 21560.874317773203 -107648652.71497622 0.0 24390.874451720705 -107369677.3467865 0.0 23287.946012804892 -106576171.63726595 0.0 19016.028814102214 -104569635.63110876 0.0 12894.82340278473 -100194863.51162794 0.0 6222.67597045004 -92372849.83338337 0.0 -2111523.3021723833 1351785136.830503 0.0 -11760.711897090085 -924935380.4210398 0.0 -3611.276459577185 -107762708.99487968 0.0 4194.7719833950205 -107756349.72484648 0.0 10518.751524319257 -107726438.86945571 0.0 14525.28245030841 -107623541.18335193 0.0 15817.269455395639 -107300933.38824727 0.0 14528.025686467687 -106385666.09908676 0.0 11316.628644540919 -104100838.49219628 0.0 7144.139264985919 -99216851.98341163 0.0 2815.0123078475394 -90754955.78271158 0.0 0.0 1832457455.3099914 0.0 -1799139.0632872977 -1327948405.0515766 0.0 -5465.427516053123 -107756057.04802549 0.0 -30.14406835536163 -107751474.27578792 0.0 4741.493565941852 -107727566.0499711 0.0 8173.822272300725 -107642160.11485025 0.0 9856.22190940877 -107368747.19360013 0.0 9725.463600956342 -106580187.55386394 0.0 8100.707953929906 -104576986.47659308 0.0 5596.702829788132 -100203587.84497494 0.0 2842.380597563468 -92381608.1520171 0.0 2112578.7570793536 1351781957.1972308 0.0 -1796898.3146589426 -1327951413.9362066 0.0 -4364.977555849183 -107751607.18028101 0.0 -733.5260065535839 -107747202.85958621 0.0 2499.678961818416 -107724114.04980285 0.0 4864.156934288124 -107639993.01338597 0.0 6068.893674434223 -107368074.02918543 0.0 6062.393805171049 -106580905.35913385 0.0 5059.770883778731 -104578691.13863216 0.0 3483.0127638106883 -100205729.23625956 0.0 1761.7606994311004 -92383773.17501831 0.0 2112426.467615042 1351780771.3516128 0.0 -1795234.8137850673 -1327953763.6938453 0.0 -3440.7670856495974 -107748671.72753385 0.0 -1035.195501759648 -107744338.98993975 0.0 1140.5404321610797 -107721764.78615722 0.0 2759.9475226868994 -107638484.12748198 0.0 3617.9340064475923 -107367556.03213051 0.0 3674.131059343614 -106581312.63770437 0.0 3073.2626388045232 -104579748.04662652 0.0 2103.907262966037 -100207058.97503616 0.0 1057.7849234292898 -92385099.28081226 0.0 2112326.8156168414 1351780045.8918953 0.0 -1794002.4230747405 -1327955581.5731285 0.0 -2681.259735512761 -107746756.7109972 0.0 -1104.5623819470538 -107742434.82532905 0.0 347.65115047991264 -107720176.75404082 0.0 1449.6086628804408 -107637439.29286043 0.0 2057.464998867114 -107367161.9423215 0.0 2140.2978180795894 -106581527.6640308 0.0 1795.1242812871933 -104580384.81649956 0.0 1218.3850752140422 -100207860.69638008 0.0 606.8168026953932 -92385882.75199498 0.0 2112262.6384902727 1351779618.2885313 0.0 -1793091.4061097815 -1327956975.6715255 0.0 -2067.3753141661496 -107745525.01136371 0.0 -1047.696438285736 -107741181.65130652 0.0 -87.95223888754848 -107719111.73803589 0.0 656.3230967670683 -107636720.07743101 0.0 1084.6739547669897 -107366864.92509708 0.0 1173.752603944172 -106581626.68715414 0.0 988.2315798451508 -104580753.1040832 0.0 661.0830763889028 -100208324.25283624 0.0 323.9629426961723 -92386321.54666702 0.0 2112222.1168913944 1351779379.838944 0.0 -1792419.5607605071 -1327958035.6283913 0.0 -1577.77135911584 -107744747.39245856 0.0 -929.6619385977589 -107740367.396092 0.0 -303.1269355595368 -107718404.22379798 0.0 195.12699745595467 -107636228.31611158 0.0 495.22665707767027 -107366642.9355957 0.0 579.6979729593094 -106581658.3065876 0.0 491.30843432357347 -104580953.07748148 0.0 319.449454004566 -100208575.48786692 0.0 151.42880803998148 -92386546.45038632 0.0 2112197.181006634 1351779258.680361 0.0 -1791925.4331938801 -1327958834.4802375 0.0 -1191.6587219804928 -107744268.67969765 0.0 -789.1878902048136 -107739846.95616508 0.0 -386.5402265618496 -107717939.66831726 0.0 -56.58939422868611 -107635894.71864207 0.0 152.25141474803334 -107366478.34927788 0.0 226.96851503060142 -106581653.01447979 0.0 195.5327236723979 -104581050.19681633 0.0 117.52589062604686 -100208696.86364807 0.0 50.218873608228165 -92386642.73895189 0.0 2112182.369713592 1351779207.9425714 0.0 -1791563.1584223167 -1327959430.9388604 0.0 -890.1738453656441 -107743984.4098957 0.0 -648.2888452788466 -107739521.50408596 0.0 -394.8310947716237 -107717639.13443905 0.0 -179.31276947756618 -107635670.57782947 0.0 -35.14877623120886 -107366357.3267546 0.0 27.989144837885622 -106581629.52716404 0.0 28.118184218804053 -104581086.67712277 0.0 4.525197770463364 -100208741.66723031 0.0 -5.722810122809481 -92386665.13006529 0.0 2112174.0223589954 1351779197.5527003 0.0 -1791298.5566844246 -1327959871.6954226 0.0 -656.9221265266343 -107743824.72751151 0.0 -518.5481812258563 -107739324.08799598 0.0 -363.5067683587727 -107717448.46825184 0.0 -225.24031945069643 -107635521.787765 0.0 -126.72131061057253 -107366269.13646726 0.0 -75.13874872423258 -106581598.97729474 0.0 -59.131522351400044 -104581089.28599322 0.0 -53.152167777220434 -100208743.73529336 0.0 -33.61478744789131 -92386648.02725877 0.0 2112169.7111998494 1351779208.6110463 0.0 -1791106.190920404 -1327960193.5522466 0.0 -478.06148878936074 -107743743.29800183 0.0 -405.1934744894771 -107739209.63259861 0.0 -314.26290026110934 -107717330.70344925 0.0 -227.7046082785021 -107635424.55719659 0.0 -161.24756314158367 -107366205.53280956 0.0 -120.24576790426254 -106581567.67869364 0.0 -97.75307868698422 -104581074.62171672 0.0 -77.45924201852688 -100208724.06876196 0.0 -44.68837028432218 -92386612.48570338 0.0 2112167.846011703 1351779229.562039 0.0 -1790967.1551231893 -1327960425.2973297 0.0 -342.1463720103107 -107743709.69365314 0.0 -309.71360743843246 -107739148.01407236 0.0 -259.8767769833407 -107717260.74818845 0.0 -207.56624630590292 -107635362.3542419 0.0 -163.50511660973177 -107366160.22459152 0.0 -131.69448765016642 -106581538.93873034 0.0 -108.0847020198902 -104581052.66526674 0.0 -82.52283356957943 -100208695.30087009 0.0 -46.153910585683256 -92386570.91084686 0.0 2112167.400662216 1351779253.6091452 0.0 -1790867.4155212427 -1327960589.2993777 0.0 -239.8615163813036 -107743704.18011709 0.0 -231.51581468184796 -107739119.27803877 0.0 -207.45709078811169 -107717221.68069337 0.0 -177.52699460585922 -107635323.73828197 0.0 -149.00243888298675 -107366128.43876733 0.0 -124.88734635608442 -106581514.23639816 0.0 -103.00407449791433 -104581029.15406035 0.0 -77.25976736843589 -100208664.69184388 0.0 -42.54760232909686 -92386530.199675 0.0 2112167.725347086 1351779276.985723 0.0 -1790796.5689407575 -1327960702.83419 0.0 -163.71986677948755 -107743714.1600001 0.0 -168.95473565461938 -107739110.3483144 0.0 -160.58440365694503 -107717202.17512996 0.0 -145.02134892546047 -107635300.82714573 0.0 -127.17954384088445 -107366106.57125951 0.0 -109.32673956249238 -106581493.97947533 0.0 -90.47005639254238 -104581007.1552442 0.0 -67.15626078095643 -100208636.11792545 0.0 -36.64727671631504 -92386493.81944633 0.0 2112168.418623507 1351779297.8104155 0.0 -1790746.9144086677 -1327960779.169272 0.0 -107.76510572930184 -107743731.75740583 0.0 -119.95391019486112 -107739112.77015176 0.0 -120.7060730805 -107717194.71897985 0.0 -114.14009942611065 -107635288.21715292 0.0 -103.55669016937358 -107366091.91212516 0.0 -90.67818985280441 -106581477.98365389 0.0 -75.23870088656747 -104580988.09794089 0.0 -55.46881464991281 -100208611.37861219 0.0 -30.090242632668875 -92386463.16673945 0.0 2112169.2408494283 1351779315.338752 0.0 -1790712.7600326808 -1327960828.438978 0.0 -67.29928313692415 -107743752.18611181 0.0 -82.36600529650849 -107739121.16943268 0.0 -88.03312129082836 -107717194.38310619 0.0 -86.8980850676696 -107635282.22458631 0.0 -81.16513755917552 -107366082.4318024 0.0 -72.15029778974302 -106581465.7696444 0.0 -60.012581183409665 -104580972.4420794 0.0 -44.028090834617636 -100208591.04462892 0.0 -23.786406788668696 -92386438.44307795 0.0 2112170.056142049 1351779329.4811237 0.0 -1790689.9059351212 -1327960858.3433008 0.0 -38.64418168072033 -107743772.65380308 0.0 -54.16798943581893 -107739132.20578612 0.0 -62.106636884833875 -107717197.97646348 0.0 -64.05990954938446 -107635280.3545294 0.0 -61.490496916571594 -107366076.61620925 0.0 -55.40930393630353 -106581456.74199468 0.0 -46.203193170618874 -104580960.10509957 0.0 -33.771480508115 -100208574.99933991 0.0 -18.19173767356406 -92386419.208604 0.0 2112170.793810106 1351779340.498153 0.0 -1790675.258607929 -1327960874.7008617 0.0 -18.93808571000895 -107743791.63165025 0.0 -33.55429145497799 -107739143.86526453 0.0 -42.14671861131987 -107717203.46779165 0.0 -45.66973227759205 -107635280.93000959 0.0 -45.08707219660223 -107366073.34046589 0.0 -41.17819808321244 -106581450.2924227 0.0 -34.43113756179811 -104580950.72854619 0.0 -25.091964621080034 -100208562.77722937 0.0 -13.486997746866606 -92386404.72395873 0.0 2112171.4230870423 1351779348.812747 0.0 -1790666.5436664103 -1327960881.8829741 0.0 -5.966362679998084 -107743808.37168716 0.0 -18.96887769301733 -107739154.98549104 0.0 -27.26012566489534 -107717209.59178415 0.0 -31.384531304240245 -107635282.83394466 0.0 -31.97194764514765 -107366071.77264158 0.0 -29.62382789350596 -106581445.85551049 0.0 -24.849472322956682 -104580943.84038971 0.0 -18.06324218213559 -100208553.76988965 0.0 -9.692906149667165 -92386394.15439473 0.0 2112171.9367233026 1351779354.898147 0.0 -1790662.0915198796 -1327960883.1519032 0.0 1.977893946527132 -107743822.59102324 0.0 -9.101992212759638 -107739164.9392667 0.0 -16.557144431298518 -107717215.5823877 0.0 -20.677988705068 -107635285.3301623 0.0 -21.872257007161156 -107366071.30093892 0.0 -20.602197009266327 -106581442.93532605 0.0 -17.348992742888008 -104580938.94999963 0.0 -12.582024199233562 -100208547.34665546 0.0 -6.742641063415323 -92386386.68601842 0.0 2112172.340610003 1351779359.2143846 0.0 -1790660.6773840508 -1327960880.9223816 0.0 6.20735818644365 -107743834.26791038 0.0 -2.868191573050812 -107739173.42553233 0.0 -9.211103657881422 -107717220.99347004 0.0 -12.960266749064136 -107635287.93972957 0.0 -14.376178744434714 -107366071.47863604 0.0 -13.809945790937014 -106581441.11493336 0.0 -11.6852167993784 -104580935.60079221 0.0 -8.45581870151864 -100208542.92136033 0.0 -4.526367836635968 -92386381.58726051 0.0 2112172.6473553395 1351779362.1748767 0.0 -1790661.4014923088 -1327960876.961904 0.0 7.732478544116025 -107743843.51193778 0.0 0.6247378190358481 -107739180.33272237 0.0 -4.482651976769725 -107717225.57887737 0.0 -7.643414398034418 -107635290.35613504 0.0 -9.020729660987858 -107366071.98302025 0.0 -8.874559143156278 -106581440.05625696 0.0 -7.554130056397068 -104580933.39692737 0.0 -5.454865554968518 -100208539.98611972 0.0 -2.9174630527115473 -92386378.23715721 0.0 2112172.8724282132 1351779364.131343 0.0 -1790663.5987749768 -1327960872.5423415 0.0 7.3359024405068975 -107743850.48277816 0.0 2.110074392927491 -107739185.6506011 0.0 -1.722618771618165 -107717229.21327804 0.0 -4.172916737227816 -107635292.3871877 0.0 -5.339246439933173 -107366072.5849644 0.0 -5.404560866893261 -106581439.49552704 0.0 -4.634543307415529 -104580932.01471268 0.0 -3.340923763777927 -100208538.1256054 0.0 -1.786799497289776 -92386376.13476337 0.0 2112173.032010185 1351779365.3691404 0.0 -1790666.7699411332 -1327960868.5527139 0.0 5.633309652407967 -107743855.34065166 0.0 2.1965005367724157 -107739189.41419415 0.0 -0.3626109411319098 -107717231.84043814 0.0 -2.037719547748567 -107635293.91609842 0.0 -2.883185642957088 -107366073.12678508 0.0 -3.0145407904887875 -106581439.23678258 0.0 -2.6092345615228028 -104580931.20560548 0.0 -1.881144293877542 -100208537.02087039 0.0 -1.009557712516845 -92386374.89864358 0.0 2112173.141918505 1351779366.1080098 0.0 -1790670.5277619902 -1327960865.5805151 0.0 3.123672937353454 -107743858.21687914 0.0 1.401310230294864 -107739191.66918361 0.0 0.10137495594664488 -107717233.44034216 0.0 -0.7676474402348205 -107635294.87568878 0.0 -1.2280912299950921 -107366073.50658765 0.0 -1.334101725588707 -106581439.14580607 0.0 -1.1729053893645047 -104580930.79521257 0.0 -0.8529714097579324 -100208536.44797422 0.0 -0.4673094137923525 -92386374.26233229 0.0 2112173.2172150663 1351779366.505123 0.0 -348914004.2756517 -1503811158.2789307 0.0 -143.73764825566735 -107743932.03212857 0.0 -1186.9995498776836 -107739786.45054121 0.0 -5085.792179294446 -107719777.0406841 0.0 -18325.38844188752 -107644457.80626115 0.0 -58595.891635429834 -107395371.34335095 0.0 -165586.57804243042 -106664232.10934544 0.0 -405988.46857817203 -104783924.61280137 0.0 -843268.07269418 -100630170.07857326 0.0 -1391636.088512828 -93082191.96872021 0.0 -413105951.17140967 1151802204.7429805 0.0
    </DataArray>
    <DataArray type="Float32" Name="Electron Current Density [Am^-2]" NumberOfComponents="3" format="ascii">
-0.06379972905467704 -5576484.871951749 0.0 1091.2020057127288 -5580080.468430592 0.0 4389.976142887442 -5595943.283912715 0.0 5914.0503335829 -5617750.054873304 0.0 5779.01292331093 -5640816.104668051 0.0 4627.007015893656 -5661980.113388546 0.0 3060.6746624103903 -5680001.438601949 0.0 1142.9617123766357 -5694278.417546017 0.0 -1618.963971107889 -5703116.029934105 0.0 -10201.496044493164 -5715937.280523452 0.0 -5779.533273042686 -5725330.984772565 0.0 1135.0332208980485 -5565487.2323893225 0.0 8943.914652365986 -5566067.443000898 0.0 17219.253085688168 -5583418.322855061 0.0 20194.932407990822 -5605762.109140643 0.0 18900.81145182077 -5628171.270237998 0.0 15439.958712226196 -5647776.510850335 0.0 11285.584278502607 -5663733.783925883 0.0 6174.849286635618 -5675632.581642871 0.0 -1563.7862889019536 -5681652.359311836 0.0 -13501.48856036819 -5693151.825454137 0.0 -11523.552030357463 -5685499.869320491 0.0 3623.640862589389 -5528227.713673518 0.0 20977.29995285958 -5522749.8987046555 0.0 35838.535604924786 -5541221.639531314 0.0 39080.46982593803 -5561947.409482376 0.0 34384.128323887075 -5580203.338259846 0.0 26359.279201859506 -5594297.175056093 0.0 17557.029462680835 -5604281.954892591 0.0 6916.802777792328 -5609994.594759303 0.0 -9337.779260729236 -5609234.799571785 0.0 -34104.16769170046 -5612788.742764144 0.0 -24685.881001634763 -5580166.517815878 0.0 6895.421010821871 -5453495.665278778 0.0 31878.704035325605 -5436925.209909505 0.0 47877.07655276534 -5450998.804398369 0.0 46103.955895997584 -5460982.563583872 0.0 35522.38422065415 -5465673.6383096585 0.0 22806.931218318234 -5466706.378687113 0.0 10085.787799813781 -5465364.3280217005 0.0 -5761.798641768907 -5460932.9118873095 0.0 -31574.75708658941 -5449595.268502579 0.0 -71306.04012629046 -5440293.368357642 0.0 -46283.31731361709 -5366902.537112817 0.0 11927.27037280458 -5308410.383538997 0.0 25214.299240015065 -5259286.407261987 0.0 30953.587349864345 -5249124.100987927 0.0 20381.33269918058 -5229132.406847789 0.0 7097.50206007025 -5207523.473582694 0.0 -4151.314435834686 -5190237.257058919 0.0 -15618.051364800267 -5177274.204141271 0.0 -34978.193635269075 -5163553.096996895 0.0 -73184.57648845205 -5140531.6042348165 0.0 -132961.35566483435 -5114163.918834023 0.0 -80593.72784775643 -4978044.657850288 0.0 20043.930633582517 -4967564.308234622 0.0 -42664.992767279975 -4833113.57386801 0.0 -48266.00443056176 -4777439.3969726395 0.0 -54814.53334822101 -4718581.603525314 0.0 -53114.02068713401 -4673377.326979108 0.0 -47324.169089166266 -4647883.707104417 0.0 -49804.58700613458 -4634392.49349173 0.0 -75342.80575099897 -4616977.520844836 0.0 -136496.2512510048 -4581214.215271133 0.0 -225213.4202854519 -4536597.546115929 0.0 -130407.72942479062 -4318883.491656985 0.0 29320.60547608174 -4106162.9652852127 0.0 -131783.43111518075 -3909554.266131619 0.0 -143883.28929238004 -3848107.050245231 0.0 -134811.6587513378 -3787615.487816586 0.0 -106169.22485842976 -3741720.974456932 0.0 -73976.85397205113 -3713253.709316916 0.0 -63306.69311995833 -3692549.5957092424 0.0 -95309.04561942776 -3664248.166050001 0.0 -178134.23508591903 -3624183.2055223347 0.0 -286761.1061939276 -3600984.232989841 0.0 -152068.87801178626 -3367905.873958531 0.0 29619.447535231033 -2795495.3629041226 0.0 -154115.07906795706 -2636563.736592024 0.0 -173618.37655781038 -2623287.565520042 0.0 -162485.22317826175 -2608428.2921395414 0.0 -127555.81476200023 -2591883.042234804 0.0 -87086.08463198335 -2572565.5672498676 0.0 -70337.0222544226 -2547845.345236385 0.0 -98138.2050604479 -2518556.6707745544 0.0 -171095.61749154187 -2499753.253265526 0.0 -262512.0650146689 -2530491.1442606165 0.0 -124152.46668266968 -2364617.506232859 0.0 20695.950929299812 -1605940.6793959648 0.0 -110428.97788573903 -1526475.4868604 0.0 -132042.90698024313 -1556073.88236564 0.0 -132087.78760654872 -1586341.1549832353 0.0 -115150.66304628096 -1608002.726307808 0.0 -91295.63821898277 -1616878.3089963435 0.0 -80036.75119461915 -1614266.1995812831 0.0 -95555.35397141497 -1609471.008891083 0.0 -136991.0683474203 -1620548.5699657004 0.0 -191817.64823275222 -1678795.7219425484 0.0 -82979.70439383133 -1583114.0385732788 0.0 11115.800225454235 -881981.2304552887 0.0 -50212.18839622633 -859808.7796228484 0.0 -66561.42883015044 -897823.3529964554 0.0 -74267.43079759103 -939249.8271528921 0.0 -74072.22676386764 -976156.1079295755 0.0 -69041.64091178736 -1003908.033500378 0.0 -66889.26851415388 -1022905.1716769348 0.0 -74477.68944610433 -1039756.4639905782 0.0 -93590.56343185015 -1065218.9960279788 0.0 -122775.64510548301 -1121709.9377128137 0.0 -50185.599020517824 -1072758.4765141753 0.0 5560.493913131535 -578517.880102707 0.0 -10195.310417234801 -575499.3595570337 0.0 -18788.36334046027 -598592.7677641113 0.0 -26386.70203178535 -626318.7785575795 0.0 -31860.503956788594 -654349.0950095677 0.0 -35305.09936280273 -679595.1158358894 0.0 -38491.19101406097 -701221.3631438722 0.0 -43914.12848976947 -721704.7633014853 0.0 -53934.33955134845 -745922.0899306695 0.0 -70679.5216397677 -790806.4581532152 0.0 -27645.90282822523 -771062.0734092561 0.0 2767.746582831569 -492776.47442980355 0.0 4477.03334200642 -490823.7600410632 0.0 2459.895760511357 -498197.75835228764 0.0 -1631.7666173611458 -509305.9910310154 0.0 -6269.055555259828 -522616.8101581825 0.0 -10786.643611027972 -536574.8917647286 0.0 -15015.513371134692 -550265.8600059631 0.0 -19468.481547069463 -564240.167632773 0.0 -25662.801097276384 -580491.560726448 0.0 -36152.147689659614 -612737.780678375 0.0 -13533.0819305079 -609859.6394339879 0.0 1325.0296930265708 -476754.8698131916 0.0 6436.062306459682 -474588.30802113126 0.0 7723.833455853164 -474707.61253462685 0.0 6636.2975154979695 -476692.53954072733 0.0 4182.104662408315 -480477.5070393379 0.0 975.9646565142708 -485578.822715912 0.0 -2377.0448970229863 -491517.5638533494 0.0 -5604.039166102924 -498334.7310247694 0.0 -9413.765498387223 -506816.84904943797 0.0 -16094.697825425106 -528895.3651218357 0.0 -5736.3916361622405 -534383.8603813477 0.0 630.5189853175661 -476841.5211639395 0.0 4996.955900283239 -475354.2094326647 0.0 7127.47679160741 -473733.5070187944 0.0 7524.552454517126 -472599.8655483631 0.0 6608.338428227211 -472363.75997043535 0.0 4748.400245463087 -473076.05791319004 0.0 2521.9808676036378 -474621.3205610791 0.0 434.2225804142056 -476983.4820531834 0.0 -1757.9647142666126 -480458.03199620964 0.0 -5996.720291369244 -496011.7814505919 0.0 -1990.5434180020347 -504977.31605257624 0.0 308.48166433395625 -479942.5608915427 0.0 3422.507078021916 -479131.5430336236 0.0 5342.045310269223 -477614.7763264892 0.0 6178.780406432689 -475979.6579852866 0.0 6013.010845120721 -474639.1948604512 0.0 5011.990747998853 -473808.1207193217 0.0 3617.8652135554175 -473543.4107560166 0.0 2332.5292253685534 -473849.9038906239 0.0 1125.229477022538 -474821.0733726942 0.0 -1631.265218688116 -486908.7202160822 0.0 -440.3807084869592 -497031.39680980326 0.0 154.98124112823098 -483232.37372596835 0.0 2296.3761244029342 -482836.6913455715 0.0 3762.274856910381 -481741.6588582224 0.0 4580.2589092780445 -480370.0626646306 0.0 4695.859058542739 -479019.28765288583 0.0 4160.896669579437 -477904.05754990695 0.0 3288.402499614108 -477130.40434470185 0.0 2496.915636307638 -476718.3368296099 0.0 1831.5327709427788 -476681.4279360732 0.0 -73.38072354276662 -487204.6610712336 0.0 87.0460597721988 -497562.0452270954 0.0 78.01954413693169 -486101.9772407993 0.0 1550.8122450404344 -485925.57305702404 0.0 2605.2198775045117 -485183.3847338978 0.0 3268.8339220122057 -484176.56480108935 0.0 3454.0731302139484 -483099.0174815793 0.0 3159.9144859783323 -482120.1893878082 0.0 2601.677992149065 -481342.7325553852 0.0 2102.3609011695967 -480790.81540380383 0.0 1721.3615381768527 -480451.0101018805 0.0 302.80881217923655 -490375.8068389903 0.0 201.7319615765369 -500668.1109377918 0.0 37.81759812108941 -488451.12198076665 0.0 1057.695178061818 -488384.803344874 0.0 1799.3144323720862 -487886.5233900667 0.0 2299.490486571621 -487178.224467104 0.0 2475.6507004440814 -486383.788067759 0.0 2307.476330569285 -485626.53823736426 0.0 1941.8625549512012 -484990.37383279705 0.0 1618.433950014002 -484498.0395740665 0.0 1388.023870425842 -484130.68902966374 0.0 262.36898070455436 -493877.0101492046 0.0 176.3694667528606 -504040.1636819013 0.0 16.4004566929164 -490316.2165498107 0.0 726.7284802988262 -490303.6711252992 0.0 1243.802684259153 -489967.50020938186 0.0 1608.195836930671 -489475.54048177454 0.0 1752.7802019140772 -488907.5389063459 0.0 1653.2701425708735 -488350.5935540574 0.0 1409.8670192224859 -487868.7476032683 0.0 1196.538470981565 -487481.31131166464 0.0 1049.917864167478 -487171.4977491881 0.0 117.50239562646789 -496897.17408814025 0.0 117.80403186869884 -506941.9301497769 0.0 5.044110184162857 -491770.50513439 0.0 501.55640773737133 -491782.95486225904 0.0 860.5865043392602 -491554.64193887037 0.0 1121.3752313525963 -491213.9979760354 0.0 1232.6686161367502 -490813.0886048225 0.0 1172.2973803666735 -490412.7229924861 0.0 1008.7938521078541 -490060.1981028293 0.0 866.8697598889902 -489771.00776603015 0.0 769.8702564221462 -489532.1316431014 0.0 -22.722926642996114 -499285.7783190953 0.0 62.12137634512104 -509239.77651784813 0.0 -0.7724985265522266 -492891.016000825 0.0 346.90987142144155 -492913.69563364435 0.0 595.4966554136479 -492757.87123290205 0.0 780.1478890971033 -492522.1249982734 0.0 862.9542226478201 -492240.8942992987 0.0 825.721863481701 -491956.4260795305 0.0 715.4767385190348 -491703.00706887536 0.0 620.9082524615975 -491492.61561988964 0.0 554.8528341268733 -491315.7299342868 0.0 -129.33593329593222 -501105.82780068816 0.0 18.56714966949015 -510995.64779152547 0.0 -3.5093237806830397 -493747.0255496937 0.0 240.07937229575828 -493772.4215333138 0.0 411.73091736373675 -493665.7815286152 0.0 541.5005447410899 -493502.6871341073 0.0 601.8547344701147 -493306.1485480883 0.0 578.6639553133268 -493105.4373189743 0.0 504.2919551334535 -492925.11567803234 0.0 441.459575617065 -492774.2010776657 0.0 395.348937955896 -492645.9446815093 0.0 -201.01800739625457 -502468.3910681418 0.0 -12.598712152265412 -512315.3287844825 0.0 -4.547814578656109 -494396.7511016392 0.0 166.04046220433287 -494421.181222827 0.0 284.21211986105976 -494348.1427611411 0.0 374.87352308801695 -494235.40692022094 0.0 418.2555819364306 -494098.46606660256 0.0 403.7391449660064 -493957.5590106691 0.0 353.64662472746795 -493830.1353649991 0.0 312.1399910614711 -493722.85205137817 0.0 279.12085913242015 -493631.05020961445 0.0 -244.14373739455516 -503479.04328382376 0.0 -33.550146843422645 -513299.0397889289 0.0 -4.676994895504324 -494887.35035825457 0.0 114.6521646724022 -494909.17768547294 0.0 195.72501624899445 -494859.192564317 0.0 258.7350919465717 -494781.38288404065 0.0 289.6001213091636 -494686.2403934401 0.0 280.5070414242023 -494587.72905679315 0.0 246.87270271787793 -494498.1673483643 0.0 219.67139102692963 -494422.3991347933 0.0 195.3354530587676 -494357.3257178 0.0 -265.98415395340015 -504224.4953904313 0.0 -46.72582779426636 -514029.07705538836 0.0 -4.349383468171186 -495256.17153029697 0.0 78.97692731798722 -495274.8436193506 0.0 134.37434677473001 -495240.7096387962 0.0 177.9501681812107 -495187.1202941727 0.0 199.73232799492715 -495121.21547910344 0.0 194.05620869454657 -495052.6066546948 0.0 171.57348133817615 -494989.9456137897 0.0 153.92661753529683 -494936.71987282485 0.0 135.39955249081225 -494891.00351340655 0.0 -272.7493152901102 -504772.17447595694 0.0 -54.217407177271824 -514569.47268730233 0.0 -8.236534389463491 -495538.9770999483 0.0 30.262473584608735 -495531.8073258031 0.0 65.89822661146172 -495508.618570707 0.0 92.2864263161804 -495471.8367144292 0.0 102.41623396819347 -495426.1706187035 0.0 93.52010143754887 -495378.33332243614 0.0 75.51941347917698 -495334.6183270459 0.0 64.34954261415994 -495297.1834455688 0.0 43.16753487152164 -495267.24541388894 0.0 -428.37662563833874 -508461.34393001726 0.0 0.0 -515084.20920099696 0.0 -2.6726527844090024 -495750.22859622544 0.0 42.440380785032204 -495723.39083569346 0.0 68.37942961479229 -495708.09195025254 0.0 89.70205417230805 -495683.2988953547 0.0 101.46854361728771 -495652.20703840995 0.0 100.50709097372604 -495619.41810534947 0.0 91.33914817007978 -495589.3311389112 0.0 84.22868565594162 -495562.9910020238 0.0 72.82357161451368 -495543.25469847076 0.0 -239.75443332962598 -505447.24309450726 0.0 -57.671089144098026 -515495.7779548336 0.0 -2.1634851487334523 -495901.23625625897 0.0 29.33359915693501 -495881.43698297185 0.0 46.76476911410871 -495871.12573846924 0.0 61.27890602060747 -495854.2213435715 0.0 69.42766401680241 -495832.94335918105 0.0 68.97086810138335 -495810.4362756345 0.0 63.005757310505295 -495789.70359676995 0.0 58.604698933040105 -495771.4282247544 0.0 49.04738975405749 -495758.81899388554 0.0 -229.24832574491532 -505667.02246159816 0.0 -58.31908086048244 -515712.2915839876 0.0 -1.723398531763815 -496012.73834891745 0.0 20.186351665433573 -495998.20059951016 0.0 31.810420357311756 -495991.3121469435 0.0 41.62739689485274 -495979.8400852328 0.0 47.23894196108659 -495965.34456900076 0.0 47.071167202394754 -495949.9649311778 0.0 43.238221372788125 -495935.74141400587 0.0 40.58382487710542 -495923.1199011801 0.0 32.36251567509802 -495915.51873069105 0.0 -215.6055160021641 -505826.45161331457 0.0 -57.08353599384385 -515865.58407827176 0.0 -1.3540481211133144 -496094.7316929285 0.0 13.817382215718341 -496084.117584976 0.0 21.49682824579559 -496079.5711225831 0.0 28.08796914480626 -496071.8283872551 0.0 31.92920729194123 -496062.00453941355 0.0 31.920007793136822 -496051.54722689954 0.0 29.49652485207963 -496041.83492331195 0.0 27.951434612080146 -496033.1613410577 0.0 20.735635045704505 -496029.05679586815 0.0 -200.29773964342883 -505941.6634925182 0.0 -54.63018199957478 -515972.9155373543 0.0 -1.0506917562464648 -496154.7421362053 0.0 9.395267043223921 -496147.0468719929 0.0 14.410338475894871 -496144.09700362204 0.0 18.797088000030882 -496138.90511730855 0.0 21.409168708914283 -496132.2868865469 0.0 21.480492891939896 -496125.2153784947 0.0 19.980462628417758 -496118.61667035235 0.0 19.126391266453243 -496112.6890214669 0.0 12.70199197451301 -496111.00864135474 0.0 -184.3359440729636 -506024.5500191667 0.0 -51.436060926550596 -516046.97928430035 0.0 -0.805702558623618 -496198.4207191118 0.0 6.335162105504427 -496192.89130207116 0.0 9.562602975774404 -496191.02503753 0.0 12.451334694868175 -496187.57043803995 0.0 14.21418060948297 -496183.1424309733 0.0 14.320239035005219 -496178.38961051876 0.0 13.41844488340922 -496173.93044544663 0.0 12.983854714937314 -496169.90504330414 0.0 7.210694344772495 -496169.8914942713 0.0 -168.39700310118428 -506083.85882052704 0.0 -47.837849438330196 -516097.08145462204 0.0 -0.6105730031598293 -496230.00108304195 0.0 4.226059292737248 -496226.07433122845 0.0 6.263689840951833 -496224.93958955025 0.0 8.140892451728126 -496222.6622389509 0.0 9.320010599896783 -496219.7233761561 0.0 9.434818298363954 -496216.55068011617 0.0 8.915021199579867 -496213.5547072644 0.0 8.726062439578175 -496210.84150429635 0.0 3.5104396273984846 -496211.9624900615 0.0 -152.91837231413075 -506126.01314896444 0.0 -44.068969387083385 -516130.0251397938 0.0 -0.4570046316844759 -496252.64837605786 0.0 2.7794687843609927 -496249.90385752596 0.0 4.032876098549983 -496249.25980669394 0.0 5.232115358773931 -496247.7754832981 0.0 6.012243534205485 -496245.84338583227 0.0 6.121871351344105 -496243.7415299184 0.0 5.84144212468631 -496241.7408943604 0.0 5.788786585694957 -496239.9286916761 0.0 1.065849478357579 -496241.81189932255 0.0 -138.16785354543566 -506155.7220002979 0.0 -40.287540901486835 -516150.76925252867 0.0 -0.3374502163245303 -496268.7242196731 0.0 1.7931982512624633 -496266.8486393509 0.0 2.535936709551607 -496266.53120820277 0.0 3.284803096789148 -496265.57734448195 0.0 3.793923732960444 -496264.3214105476 0.0 3.8916689729861305 -496262.9406239739 0.0 3.7574757772197764 -496261.612992973 0.0 3.773998340573425 -496260.41626071616 0.0 -0.5033810508709092 -496262.80265447026 0.0 -124.29451697119833 -506176.43237256375 0.0 -36.59727558206071 -516162.91731755954 0.0 -0.24533501156652032 -496279.9872275675 0.0 1.1257847746438392 -496278.7475546269 0.0 1.5410818418236987 -496278.6455031641 0.0 1.9940001086430226 -496278.0434862531 0.0 2.320381199536694 -496277.2381440941 0.0 2.403763829577302 -496276.33928073366 0.0 2.3557683762843316 -496275.46354622993 0.0 2.4016124338009934 -496274.6847639957 0.0 -1.4665185186486749 -496277.3952074833 0.0 -111.36551073891894 -506190.66360829497 0.0 -33.062930753442544 -516169.0788436583 0.0 -0.1750964102813372 -496287.7443367255 0.0 0.6784546751296152 -496286.9675725712 0.0 0.8880237393334746 -496287.00591040356 0.0 1.1491093650693078 -496286.63488695864 0.0 1.3533395158010544 -496286.12701414345 0.0 1.4222448945531865 -496285.5473884095 0.0 1.4223770354496743 -496284.97260918067 0.0 1.475031365213606 -496284.4756931456 0.0 -2.0135305540742245 -496287.3871899276 0.0 -99.39247194242908 -506200.25411409425 0.0 -29.721635204774415 -516171.1358958787 0.0 -0.1221269763987489 -496292.96475367696 0.0 0.38240176959273736 -496292.5227288803 0.0 0.4662858357963464 -496292.6512472137 0.0 0.605215558881305 -496292.42996001436 0.0 0.7286683745915075 -496292.1162316843 0.0 0.7842128434955765 -496291.7458118463 0.0 0.8088553599480345 -496291.3695071729 0.0 0.8566173247343671 -496291.0611210974 0.0 -2.277888342621737 -496294.089962095 0.0 -88.35030126990684 -506206.54301277525 0.0 -26.591189575649352 -516170.43920200114 0.0 -0.08267190870642462 -496296.36558109056 0.0 0.18982394800521754 -496296.1635514496 0.0 0.20001348106320113 -496296.34891168907 0.0 0.26300778593299073 -496296.2231374556 0.0 0.33377205924208897 -496296.0343198688 0.0 0.3776237249860766 -496295.79918817093 0.0 0.4125618862668587 -496295.55221532035 0.0 0.4502773422884982 -496295.36866618873 0.0 -2.3529060352378908 -496298.4585110513 0.0 -78.19038443011088 -506210.50384111935 0.0 -23.67603550179591 -516167.95227775554 0.0 -0.05371033705429612 -496298.47606315225 0.0 0.06761642543521404 -496298.4441662585 0.0 0.03735621508495671 -496298.6644560042 0.0 0.05475133886405579 -496298.59834113374 0.0 0.09177076958197485 -496298.48843318335 0.0 0.12575507608527112 -496298.3393305501 0.0 0.16280363539026946 -496298.1753831255 0.0 0.18912852784463524 -496298.07346088893 0.0 -2.3034190425522527 -496301.1869366275 0.0 -68.8498065103188 -506212.84272567864 0.0 -20.97158913437705 -516164.35708277643 0.0 -0.03283752228412601 -496299.68569697015 0.0 -0.007063670433126394 -496299.7725642675 0.0 -0.05694267031503843 -496300.013566203 0.0 -0.06549423150899113 -496299.9836722962 0.0 -0.04954135080333802 -496299.922424283 0.0 -0.02365892654052005 -496299.82684399147 0.0 0.011109314859949197 -496299.71518415934 0.0 0.026779203754333323 -496299.665776911 0.0 -2.174115719118467 -496302.7785727737 0.0 -60.257658853136725 -506214.0704771321 0.0 -18.467308452352896 -516160.13138673606 0.0 -0.018155815566888226 -496300.28022320743 0.0 -0.049907294273528816 -496300.44820737443 0.0 -0.10670398712959979 -496300.7008503436 0.0 -0.1286782793641174 -496300.69207646773 0.0 -0.12538321515777792 -496300.6598547669 0.0 -0.10600665232813201 -496300.5966057472 0.0 -0.07558220746952636 -496300.5170528361 0.0 -0.06881989156232127 -496300.5007116077 0.0 -1.995467188436173 -496303.5974404667 0.0 -52.33928615677341 -506214.55546671234 0.0 -16.148861935897358 -516155.60534808546 0.0 -0.008178732848106473 -496300.46849123726 0.0 -0.07163507287623365 -496300.69010880234 0.0 -0.12789668389000852 -496300.9487362903 0.0 -0.15547892651132622 -496300.9515399375 0.0 -0.15932440635515385 -496300.9358170005 0.0 -0.14507197559371204 -496300.89130155166 0.0 -0.11967956689858923 -496300.8307906098 0.0 -0.11970462793639555 -496300.8346573556 0.0 -1.7879408014889084 -496303.905966411 0.0 -45.019059883235904 -506214.56234644365 0.0 -13.999646932142415 -516151.00277638005 0.0 -0.00174871274316513 -496300.4024827773 0.0 -0.07952165295137097 -496300.6577667498 0.0 -0.1311200185058018 -496300.91896669415 0.0 -0.1595675033923324 -496300.9274794388 0.0 -0.1669800187034223 -496300.92044683994 0.0 -0.15669299021828925 -496300.88612392533 0.0 -0.13625445641706502 -496300.83635289036 0.0 -0.14093835938928773 -496300.8520412939 0.0 -1.5649874208029366 -496303.8926004922 0.0 -38.22209062830789 -506214.2803768493 0.0 -12.001824640017011 -516146.4711477436 0.0 0.0020319586172717094 -496300.192199788 0.0 -0.07845997689757209 -496300.46673416236 0.0 -0.12331731219491206 -496300.7285533615 0.0 -0.14985903621987343 -496300.7393104919 0.0 -0.15855993173007252 -496300.73626477935 0.0 -0.15129108185439893 -496300.7069311544 0.0 -0.13534464413325825 -496300.66275985853 0.0 -0.1427440745541289 -496300.68489852804 0.0 -1.335154577524968 -496303.6920056232 0.0 -31.875220925584614 -506213.84416377544 0.0 -10.136991520865916 -516142.1034461302 0.0 0.0038584294832920926 -496299.9166906834 0.0 -0.07170343424271175 -496300.20015799935 0.0 -0.10895672723599006 -496300.4615795647 0.0 -0.13205818007312098 -496300.47267102957 0.0 -0.14062243162576737 -496300.47092875215 0.0 -0.13561580287240674 -496300.4435608361 0.0 -0.12355020213380569 -496300.40192819166 0.0 -0.13199723182090875 -496300.4271626889 0.0 -1.1035787962017476 -496303.39978025435 0.0 -25.907493774099382 -506213.3486932935 0.0 -8.386643419798562 -516137.9538711015 0.0 0.004270486337600166 -496299.6321784961 0.0 -0.06138045606591432 -496299.9172922157 0.0 -0.09084014274412769 -496300.177890549 0.0 -0.10971750089846778 -496300.1883970484 0.0 -0.11727431891874107 -496300.18657205155 0.0 -0.11394253089868778 -496300.15955039096 0.0 -0.10513750114374594 -496300.11874544044 0.0 -0.11326969833941006 -496300.14505836164 0.0 -0.873037663540648 -496303.08315002575 0.0 -20.250255568961254 -506212.86030925065 0.0 -6.732411242870153 -516134.04915396526 0.0 0.0036913974462094725 -496299.37799354736 0.0 -0.04885355654482745 -496299.65972166293 0.0 -0.07065707126735614 -496299.91943839303 0.0 -0.08495937916243042 -496299.9290607871 0.0 -0.09099247500300113 -496299.92658471584 0.0 -0.08889429185642764 -496299.89917867 0.0 -0.08280058239845149 -496299.8583527837 0.0 -0.08955990650949595 -496299.884600278 0.0 -0.6446915472992157 -496302.7886736961 0.0 -14.837028315153635 -506212.4245885101 0.0 -5.156204259290459 -516130.39660342387 0.0 0.002460389559776887 -496299.1808368995 0.0 -0.03496787431261815 -496299.45584745746 0.0 -0.04936341520114092 -496299.71484633296 0.0 -0.058968348971878505 -496299.7236637058 0.0 -0.06318356255845481 -496299.7204704441 0.0 -0.06200492575867944 -496299.6924957143 0.0 -0.05818852661850041 -496299.651335439 0.0 -0.06280550806938363 -496299.6769318527 0.0 -0.4186063000417515 -496302.54772285203 0.0 -9.603198770879255 -506212.07191245176 0.0 -3.6402602014361025 -516126.9896520854 0.0 0.0008599616722221718 -496299.0577477636 0.0 -0.020226576772984128 -496299.3240264963 0.0 -0.0274416122895976 -496299.58260083385 0.0 -0.032328319442715206 -496299.5909123307 0.0 -0.03456960985204207 -496299.58722822653 0.0 -0.03410825746444365 -496299.5588178504 0.0 -0.032272373790748266 -496299.5173242143 0.0 -0.03424824300739404 -496299.54202315054 0.0 -0.19412781936504575 -496302.380273077 0.0 -4.485597293706873 -506211.8213671915 0.0 -2.1671107427100664 -516123.81164761644 0.0 -7.63496973878034e-08 -496299.0163206112 0.0 0.05855060330281949 -496299.23818314873 0.0 -0.016129390876737277 -496299.5320824583 0.0 -0.01919664397706183 -496299.5404495302 0.0 -0.02336412506876219 -496299.5379970058 0.0 -0.02738753480836454 -496299.51144046185 0.0 -0.02604831634658293 -496299.4695740438 0.0 -0.008046927704577331 -496299.4847249242 0.0 0.7182105003760421 -496301.92182445753 0.0 2828.739623749879 -504796.64849314134 0.0 -1.259186108072148 -516120.6583088278 0.0
    </DataArray>
    <DataArray type="Float32" Name="Hole Current Density [Am^-2]" NumberOfComponents="3" format="ascii">
1e-30 1e-30 0.0 -1e-30 1e-30 0.0 -1e-30 1e-30 0.0 1e-30 -1e-30 0.0 1e-30 -1e-30 0.0 1e-30 -1e-30 0.0 1e-30 -1e-30 0.0 1e-30 -1e-30 0.0 1e-30 -1e-30 0.0 1e-30 -1e-30 0.0 1e-30 -1e-30 0.0 1e-30 1e-30 0.0 1e-30 1e-30 0.0 1e-30 1e-30 0.0 1e-30 -1e-30 0.0 1e-30 -1e-30 0.0 1e-30 -1e-30 0.0 1e-30 -1e-30 0.0 1e-30 -1e-30 0.0 1e-30 -1e-30 0.0 1e-30 -1e-30 0.0 1e-30 -1e-30 0.0 1e-30 1e-30 0.0 1e-30 1e-30 0.0 1e-30 1e-30 0.0 1e-30 -1e-30 0.0 1e-30 -1e-30 0.0 1e-30 -1e-30 0.0 1e-30 -1e-30 0.0 1e-30 -1e-30 0.0 1e-30 -1e-30 0.0 1e-30 -1e-30 0.0 1e-30 -1e-30 0.0 1e-30 1e-30 0.0 1e-30 1e-30 0.0 1e-30 1e-30 0.0 1e-30 -1e-30 0.0 1e-30 -1e-30 0.0 1e-30 -1e-30 0.0 1e-30 -1e-30 0.0 1e-30 -1e-30 0.0 1e-30 -1e-30 0.0 1e-30 -1e-30 0.0 1e-30 -1e-30 0.0 1e-30 1e-30 0.0 1e-30 1e-30 0.0 1e-30 1e-30 0.0 1e-30 -1e-30 0.0 1e-30 -1e-30 0.0 1e-30 -1e-30 0.0 1e-30 -1e-30 0.0 1e-30 -1e-30 0.0 1e-30 -1e-30 0.0 1e-30 -1e-30 0.0 1e-30 -1e-30 0.0 -1e-30 1e-30 0.0 -1e-30 1e-30 0.0 1e-30 1e-30 0.0 1e-30 -1e-30 0.0 1e-30 -1e-30 0.0 1e-30 -1e-30 0.0 1e-30 -1e-30 0.0 -1e-30 -1e-30 0.0 -1e-30 -1e-30 0.0 -1e-30 -1e-30 0.0 -1e-30 -1e-30 0.0 -1e-30 -1e-30 0.0 -1e-30 1e-30 0.0 -1e-30 1e-30 0.0 -1e-30 -1e-30 0.0 -1e-30 -1e-30 0.0 -1e-30 -1e-30 0.0 -1e-30 -1e-30 0.0 -1e-30 -1e-30 0.0 -1e-30 -1e-30 0.0 -1e-30 -1e-30 0.0 -1e-30 -1e-30 0.0 -1e-30 -1e-30 0.0 -1e-30 1e-30 0.0 -1e-30 1e-30 0.0 -1e-30 -1e-30 0.0 -1e-30 -1e-30 0.0 -1e-30 -1e-30 0.0 -1e-30 -1e-30 0.0 -1e-30 -1e-30 0.0 -1e-30 -1e-30 0.0 -1e-30 -1e-30 0.0 -1e-30 -1e-30 0.0 -1e-30 -1e-30 0.0 -1e-30 1e-30 0.0 -1e-30 1e-30 0.0 -1e-30 -1e-30 0.0 -1e-30 -1e-30 0.0 -1e-30 -1e-30 0.0 -1e-30 -1e-30 0.0 -1e-30 -1e-30 0.0 -1e-30 -1e-30 0.0 -1e-30 -1e-30 0.0 -1e-30 1e-30 0.0 -1e-30 -1e-30 0.0 -1e-30 1e-30 0.0 -1e-30 1e-30 0.0 -1e-30 -1e-30 0.0 -1e-30 -1e-30 0.0 -1e-30 -1e-30 0.0 -1e-30 -1e-30 0.0 -1e-30 -1e-30 0.0 -1e-30 -1e-30 0.0 -1e-30 -1e-30 0.0 -1e-30 1e-30 0.0 -1e-30 -1e-30 0.0 -1e-30 1e-30 0.0 -1e-30 1e-30 0.0 -1e-30 1e-30 0.0 -1e-30 -1e-30 0.0 -1e-30 -1e-30 0.0 -1e-30 -1e-30 0.0 -1e-30 -1e-30 0.0 -1e-30 -1e-30 0.0 -1e-30 -1e-30 0.0 -1e-30 1e-30 0.0 -1e-30 -1e-30 0.0 -1e-30 1e-30 0.0 -1e-30 1e-30 0.0 -1e-30 1e-30 0.0 -1e-30 -1e-30 0.0 -1e-30 -1e-30 0.0 -1e-30 -1e-30 0.0 -1e-30 -1e-30 0.0 -1e-30 -1e-30 0.0 -1e-30 -1e-30 0.0 -1e-30 1e-30 0.0 -1e-30 -1e-30 0.0 -1e-30 1e-30 0.0 -1e-30 1e-30 0.0 -1e-30 1e-30 0.0 -1e-30 -1e-30 0.0 -1e-30 -1e-30 0.0 -1e-30 -1e-30 0.0 -1e-30 -1e-30 0.0 -1e-30 -1e-30 0.0 -1e-30 -1e-30 0.0 -1e-30 1e-30 0.0 -1e-30 -1e-30 0.0 -1e-30 1e-30 0.0 -1e-30 1e-30 0.0 -1e-30 1e-30 0.0 -1e-30 -1e-30 0.0 -1e-30 -1e-30 0.0 -1e-30 -1e-30 0.0 -1e-30 -1e-30 0.0 -1e-30 -1e-30 0.0 -1e-30 -1e-30 0.0 -1e-30 1e-30 0.0 -1e-30 -1e-30 0.0 -1e-30 1e-30 0.0 -1e-30 1e-30 0.0 -1e-30 1e-30 0.0 -1e-30 -1e-30 0.0 -1e-30 -1e-30 0.0 -1e-30 -1e-30 0.0 -1e-30 -1e-30 0.0 -1e-30 -1e-30 0.0 -1e-30 -1e-30 0.0 -1e-30 1e-30 0.0 -1e-30 -1e-30 0.0 -1e-30 1e-30 0.0 -1e-30 1e-30 0.0 -1e-30 1e-30 0.0 -1e-30 1e-30 0.0 -1e-30 -1e-30 0.0 -1e-30 -1e-30 0.0 -1e-30 -1e-30 0.0 -1e-30 -1e-30 0.0 -1e-30 -1e-30 0.0 -1e-30 1e-30 0.0 -1e-30 -1e-30 0.0 -1e-30 -1e-30 0.0 -1e-30 -1e-30 0.0 -1e-30 1e-30 0.0 -1e-30 1e-30 0.0 -1e-30 -1e-30 0.0 -1e-30 -1e-30 0.0 -1e-30 -1e-30 0.0 -1e-30 -1e-30 0.0 -1e-30 -1e-30 0.0 -1e-30 1e-30 0.0 -1e-30 -1e-30 0.0 -1e-30 -1e-30 0.0 -1e-30 -1e-30 0.0 -1e-30 -1e-30 0.0 -1e-30 -1e-30 0.0 -1e-30 -1e-30 0.0 -1e-30 -1e-30 0.0 -1e-30 -1e-30 0.0 -1e-30 -1e-30 0.0 -1e-30 -1e-30 0.0 -1e-30 1e-30 0.0 -1e-30 -1e-30 0.0 -1e-30 -1e-30 0.0 -1e-30 -1e-30 0.0 -1e-30 -1e-30 0.0 -1e-30 -1e-30 0.0 -1e-30 -1e-30 0.0 -1e-30 -1e-30 0.0 -1e-30 -1e-30 0.0 -1e-30 -1e-30 0.0 -1e-30 -1e-30 0.0 -1e-30 1e-30 0.0 -1e-30 -1e-30 0.0 -1e-30 -1e-30 0.0 -1e-30 -1e-30 0.0 -1e-30 -1e-30 0.0 -1e-30 -1e-30 0.0 -1e-30 -1e-30 0.0 -1e-30 -1e-30 0.0 -1e-30 -1e-30 0.0 -1e-30 -1e-30 0.0 -1e-30 -1e-30 0.0 -1e-30 1e-30 0.0 -1e-30 -1e-30 0.0 -1e-30 -1e-30 0.0 -1e-30 -1e-30 0.0 -1e-30 -1e-30 0.0 -1e-30 -1e-30 0.0 -1e-30 -1e-30 0.0 -1e-30 -1e-30 0.0 -1e-30 -1e-30 0.0 -1e-30 -1e-30 0.0 -1e-30 -1e-30 0.0 -1e-30 1e-30 0.0 -1e-30 -1e-30 0.0 -1e-30 -1e-30 0.0 -1e-30 -1e-30 0.0 1e-30 -1e-30 0.0 1e-30 -1e-30 0.0 -1e-30 -1e-30 0.0 -1e-30 -1e-30 0.0 -1e-30 -1e-30 0.0 -1e-30 -1e-30 0.0 -1e-30 -1e-30 0.0 1e-30 1e-30 0.0 -1e-30 -1e-30 0.0 -1e-30 -1e-30 0.0 -1e-30 -1e-30 0.0 1e-30 -1e-30 0.0 1e-30 -1e-30 0.0 1e-30 -1e-30 0.0 1e-30 -1e-30 0.0 1e-30 -1e-30 0.0 1e-30 -1e-30 0.0 1e-30 -1e-30 0.0 1e-30 1e-30 0.0 -1e-30 -1e-30 0.0 -1e-30 -1e-30 0.0 -1e-30 -1e-30 0.0 -1e-30 -1e-30 0.0 1e-30 -1e-30 0.0 1e-30 -1e-30 0.0 1e-30 -1e-30 0.0 1e-30 -1e-30 0.0 1e-30 -1e-30 0.0 1e-30 -1e-30 0.0 1e-30 1e-30 0.0 -1e-30 -1e-30 0.0 -1e-30 -1e-30 0.0 -1e-30 -1e-30 0.0 -1e-30 -1e-30 0.0 1e-30 -1e-30 0.0 1e-30 -1e-30 0.0 1e-30 -1e-30 0.0 1e-30 -1e-30 0.0 1e-30 -1e-30 0.0 1e-30 -1e-30 0.0 1e-30 1e-30 0.0 -1e-30 -1e-30 0.0 -1e-30 -1e-30 0.0 -1e-30 -1e-30 0.0 -1e-30 -1e-30 0.0 -1e-30 -1e-30 0.0 -1e-30 -1e-30 0.0 1e-30 -1e-30 0.0 1e-30 -1e-30 0.0 1e-30 -1e-30 0.0 1e-30 -1e-30 0.0 0.0 1e-30 0.0 -1e-30 -1e-30 0.0 -1e-30 -1e-30 0.0 -1e-30 -1e-30 0.0 -1e-30 -1e-30 0.0 1e-30 -1e-30 0.0 1e-30 -1e-30 0.0 1e-30 -1e-30 0.0 1e-30 -1e-30 0.0 1e-30 -1e-30 0.0 1e-30 -1e-30 0.0 1e-30 1e-30 0.0 -1e-30 -1e-30 0.0 -1e-30 -1e-30 0.0 -1e-30 -1e-30 0.0 -1e-30 -1e-30 0.0 1e-30 -1e-30 0.0 1e-30 -1e-30 0.0 1e-30 -1e-30 0.0 1e-30 -1e-30 0.0 1e-30 -1e-30 0.0 1e-30 -1e-30 0.0 1e-30 1e-30 0.0 -1e-30 -1e-30 0.0 -1e-30 -1e-30 0.0 -1e-30 -1e-30 0.0 -1e-30 -1e-30 0.0 -1e-30 -1e-30 0.0 1e-30 -1e-30 0.0 1e-30 -1e-30 0.0 1e-30 -1e-30 0.0 1e-30 -1e-30 0.0 1e-30 -1e-30 0.0 1e-30 1e-30 0.0 -1e-30 -1e-30 0.0 -1e-30 -1e-30 0.0 -1e-30 -1e-30 0.0 -1e-30 -1e-30 0.0 -1e-30 -1e-30 0.0 1e-30 -1e-30 0.0 1e-30 -1e-30 0.0 1e-30 -1e-30 0.0 1e-30 -1e-30 0.0 1e-30 -1e-30 0.0 1e-30 1e-30 0.0 -1e-30 -1e-30 0.0 -1e-30 -1e-30 0.0 -1e-30 -1e-30 0.0 -1e-30 -1e-30 0.0 -1e-30 -1e-30 0.0 1e-30 -1e-30 0.0 1e-30 -1e-30 0.0 1e-30 -1e-30 0.0 1e-30 -1e-30 0.0 1e-30 -1e-30 0.0 1e-30 1e-30 0.0 -1e-30 -1e-30 0.0 -1e-30 -1e-30 0.0 -1e-30 -1e-30 0.0 -1e-30 -1e-30 0.0 -1e-30 -1e-30 0.0 -1e-30 -1e-30 0.0 1e-30 -1e-30 0.0 1e-30 -1e-30 0.0 1e-30 -1e-30 0.0 1e-30 -1e-30 0.0 1e-30 1e-30 0.0 -1e-30 -1e-30 0.0 -1e-30 -1e-30 0.0 -1e-30 -1e-30 0.0 -1e-30 -1e-30 0.0 -1e-30 -1e-30 0.0 -1e-30 -1e-30 0.0 -1e-30 -1e-30 0.0 1e-30 -1e-30 0.0 1e-30 -1e-30 0.0 1e-30 -1e-30 0.0 -1e-30 1e-30 0.0 -1e-30 -1e-30 0.0 -1e-30 -1e-30 0.0 -1e-30 -1e-30 0.0 -1e-30 -1e-30 0.0 -1e-30 -1e-30 0.0 -1e-30 -1e-30 0.0 -1e-30 -1e-30 0.0 -1e-30 -1e-30 0.0 1e-30 -1e-30 0.0 1e-30 -1e-30 0.0 -1e-30 1e-30 0.0 -1e-30 -1e-30 0.0 -1e-30 -1e-30 0.0 -1e-30 -1e-30 0.0 -1e-30 -1e-30 0.0 -1e-30 -1e-30 0.0 -1e-30 -1e-30 0.0 -1e-30 -1e-30 0.0 -1e-30 -1e-30 0.0 -1e-30 -1e-30 0.0 1e-30 -1e-30 0.0 -1e-30 1e-30 0.0 -1e-30 -1e-30 0.0 -1e-30 -1e-30 0.0 -1e-30 -1e-30 0.0 -1e-30 -1e-30 0.0 -1e-30 -1e-30 0.0 -1e-30 -1e-30 0.0 -1e-30 -1e-30 0.0 -1e-30 -1e-30 0.0 -1e-30 -1e-30 0.0 -1e-30 -1e-30 0.0 -1e-30 1e-30 0.0 -1e-30 -1e-30 0.0 -1e-30 -1e-30 0.0 -1e-30 -1e-30 0.0 -1e-30 -1e-30 0.0 -1e-30 -1e-30 0.0 -1e-30 -1e-30 0.0 -1e-30 -1e-30 0.0 -1e-30 -1e-30 0.0 -1e-30 -1e-30 0.0 -1e-30 -1e-30 0.0 -1e-30 1e-30 0.0 -1e-30 -1e-30 0.0 -1e-30 -1e-30 0.0 -1e-30 -1e-30 0.0 -1e-30 -1e-30 0.0 -1e-30 -1e-30 0.0 -1e-30 -1e-30 0.0 -1e-30 -1e-30 0.0 -1e-30 -1e-30 0.0 -1e-30 -1e-30 0.0 -1e-30 -1e-30 0.0 -1e-30 1e-30 0.0 -1e-30 -1e-30 0.0 -1e-30 -1e-30 0.0 -1e-30 -1e-30 0.0 -1e-30 -1e-30 0.0 -1e-30 -1e-30 0.0 -1e-30 -1e-30 0.0 -1e-30 -1e-30 0.0 -1e-30 -1e-30 0.0 -1e-30 -1e-30 0.0 -1e-30 -1e-30 0.0 -1e-30 1e-30 0.0 -1e-30 -1e-30 0.0 -1e-30 -1e-30 0.0 -1e-30 -1e-30 0.0 -1e-30 -1e-30 0.0 -1e-30 -1e-30 0.0 -1e-30 -1e-30 0.0 -1e-30 -1e-30 0.0 -1e-30 -1e-30 0.0 -1e-30 -1e-30 0.0 -1e-30 -1e-30 0.0 -1e-30 1e-30 0.0 -1e-30 -1e-30 0.0 -1e-30 -1e-30 0.0 -1e-30 -1e-30 0.0 -1e-30 -1e-30 0.0 -1e-30 -1e-30 0.0 -1e-30 -1e-30 0.0 -1e-30 -1e-30 0.0 -1e-30 -1e-30 0.0 -1e-30 -1e-30 0.0 -1e-30 -1e-30 0.0 -1e-30 1e-30 0.0 -1e-30 -1e-30 0.0 -1e-30 -1e-30 0.0 -1e-30 -1e-30 0.0 -1e-30 -1e-30 0.0 -1e-30 -1e-30 0.0 -1e-30 -1e-30 0.0 -1e-30 -1e-30 0.0 -1e-30 -1e-30 0.0 -1e-30 -1e-30 0.0 -1e-30 -1e-30 0.0 -1e-30 1e-30 0.0 -1e-30 -1e-30 0.0 -1e-30 -1e-30 0.0 -1e-30 -1e-30 0.0 -1e-30 -1e-30 0.0 -1e-30 -1e-30 0.0 -1e-30 -1e-30 0.0 -1e-30 -1e-30 0.0 -1e-30 -1e-30 0.0 -1e-30 -1e-30 0.0 -1e-30 -1e-30 0.0 -1e-30 1e-30 0.0 1e-30 -1e-30 0.0 -1e-30 -1e-30 0.0 -1e-30 -1e-30 0.0 -1e-30 -1e-30 0.0 -1e-30 -1e-30 0.0 -1e-30 -1e-30 0.0 -1e-30 -1e-30 0.0 -1e-30 -1e-30 0.0 -1e-30 -1e-30 0.0 -1e-30 -1e-30 0.0 -1e-30 1e-30 0.0 1e-30 -1e-30 0.0 1e-30 -1e-30 0.0 -1e-30 -1e-30 0.0 -1e-30 -1e-30 0.0 -1e-30 -1e-30 0.0 -1e-30 -1e-30 0.0 -1e-30 -1e-30 0.0 -1e-30 -1e-30 0.0 -1e-30 -1e-30 0.0 -1e-30 -1e-30 0.0 -1e-30 1e-30 0.0 1e-30 -1e-30 0.0 1e-30 -1e-30 0.0 1e-30 -1e-30 0.0 -1e-30 -1e-30 0.0 -1e-30 -1e-30 0.0 -1e-30 -1e-30 0.0 -1e-30 -1e-30 0.0 -1e-30 -1e-30 0.0 -1e-30 -1e-30 0.0 -1e-30 -1e-30 0.0 -1e-30 1e-30 0.0 1e-30 -1e-30 0.0 1e-30 -1e-30 0.0 1e-30 -1e-30 0.0 1e-30 -1e-30 0.0 -1e-30 -1e-30 0.0 -1e-30 -1e-30 0.0 -1e-30 -1e-30 0.0 -1e-30 -1e-30 0.0 -1e-30 -1e-30 0.0 -1e-30 -1e-30 0.0 -1e-30 1e-30 0.0 1e-30 -1e-30 0.0 1e-30 -1e-30 0.0 1e-30 -1e-30 0.0 1e-30 -1e-30 0.0 -1e-30 -1e-30 0.0 -1e-30 -1e-30 0.0 -1e-30 -1e-30 0.0 -1e-30 -1e-30 0.0 -1e-30 -1e-30 0.0 -1e-30 -1e-30 0.0 -1e-30 1e-30 0.0 1e-30 -1e-30 0.0 1e-30 -1e-30 0.0 1e-30 -1e-30 0.0 1e-30 -1e-30 0.0 -1e-30 -1e-30 0.0 -1e-30 -1e-30 0.0 -1e-30 -1e-30 0.0 -1e-30 -1e-30 0.0 -1e-30 -1e-30 0.0 -1e-30 -1e-30 0.0 1e-30 1e-30 0.0 1e-30 -1e-30 0.0 1e-30 -1e-30 0.0 1e-30 -1e-30 0.0 1e-30 -1e-30 0.0 -1e-30 -1e-30 0.0 -1e-30 -1e-30 0.0 -1e-30 -1e-30 0.0 -1e-30 -1e-30 0.0 -1e-30 -1e-30 0.0 -1e-30 -1e-30 0.0 1e-30 1e-30 0.0 1e-30 -1e-30 0.0 1e-30 -1e-30 0.0 1e-30 -1e-30 0.0 1e-30 -1e-30 0.0 1e-30 -1e-30 0.0 1e-30 -1e-30 0.0 1e-30 -1e-30 0.0 1e-30 -1e-30 0.0 1e-30 -1e-30 0.0 -1e-30 -1e-30 0.0 1e-30 1e-30 0.0
    </DataArray>
    <DataArray type="Float32" Name="Ion diffusion flux Density [Am^-2]" NumberOfComponents="3" format="ascii">
-1735119211688.2498 640121197193810.5 0.0 408518533172368.06 1224687632430672.8 0.0 1450668479146905.8 4338452406197789.5 0.0 3916610052048933.5 1.1690078029786818e+16 0.0 9055208306716264.0 2.6987782822725624e+16 0.0 1.7508467142555128e+16 5.2129882465264376e+16 0.0 2.7682869105205676e+16 8.23870005921128e+16 0.0 3.5227721983444496e+16 1.0487715396859734e+17 0.0 3.631918356883327e+16 1.0829359048303229e+17 0.0 3.250525718327607e+16 9.721871020720763e+16 0.0 5.249241584106891e+16 1.5747724752322848e+17 0.0 90203470447580.73 458258121289608.44 0.0 358069740986027.4 1073252084374012.8 0.0 1272173303375573.8 3802523260075802.0 0.0 3436218736859159.5 1.0247937575921572e+16 0.0 7945313997687140.0 2.3656731159374172e+16 0.0 1.5360234550106328e+16 4.568326984181796e+16 0.0 2.4277939374505892e+16 7.216789598474454e+16 0.0 3.0877720361530724e+16 9.181787584819278e+16 0.0 3.180893465036498e+16 9.475078958306195e+16 0.0 2.8442273072021812e+16 8.50224173750036e+16 0.0 2.9974040101492584e+16 1.4987020050748243e+17 0.0 89253861602388.38 462589100798183.0 0.0 360151465823261.7 1078370400567200.6 0.0 1283342435073281.8 3821137471727068.0 0.0 3474584697861458.5 1.0301735495489732e+16 0.0 8042383302755705.0 2.377242312099793e+16 0.0 1.5549836624935824e+16 4.586654250058472e+16 0.0 2.4560475644471092e+16 7.236419321185957e+16 0.0 3.118249824648298e+16 9.191891824996542e+16 0.0 3.201806125422295e+16 9.468889906992726e+16 0.0 2.8495254679053268e+16 8.486689439011029e+16 0.0 2.9907066585364144e+16 1.4953533292683622e+17 0.0 87291444678453.9 470919756917941.6 0.0 362559858655279.5 1087019879229787.4 0.0 1294625301668019.2 3849656380434869.5 0.0 3509090437561745.5 1.0379841185925612e+16 0.0 8118878129951434.0 2.3932421962839044e+16 0.0 1.567880580314228e+16 4.610532295338473e+16 0.0 2.471933233953489e+16 7.258896607307669e+16 0.0 3.1300940536954664e+16 9.196501877743914e+16 0.0 3.2019349572814628e+16 9.44744401471928e+16 0.0 2.8400716518788052e+16 8.454501922720118e+16 0.0 2.9793976460356012e+16 1.4896988230179664e+17 0.0 77317472823179.1 482426484836492.1 0.0 355035700971663.5 1093696600167304.0 0.0 1266235277900333.2 3863860076891563.5 0.0 3414551765081524.0 1.0410206958597126e+16 0.0 7845760037367044.0 2.3964344461338892e+16 0.0 1.5031531228002282e+16 4.6067853133843064e+16 0.0 2.349185185217282e+16 7.233157778750576e+16 0.0 2.9483427047403816e+16 9.13424455697704e+16 0.0 3.0037785739579092e+16 9.35870448118713e+16 0.0 2.7117992335605004e+16 8.386732155792144e+16 0.0 2.9714484109313876e+16 1.4857242054658694e+17 0.0 36572490838467.586 479747124194922.2 0.0 287850777775795.5 1056222727305500.0 0.0 1013157215598104.0 3709203676932593.5 0.0 2622204822568152.5 9961605710772096.0 0.0 5727714905783592.0 2.2861547238194104e+16 0.0 1.0295868068663602e+16 4.382479175951009e+16 0.0 1.4872369330521556e+16 6.865117777996871e+16 0.0 1.7218390749430342e+16 8.671171231017931e+16 0.0 1.745695752993219e+16 8.972671162512037e+16 0.0 1.989136753518088e+16 8.284959332744355e+16 0.0 3.050563038650147e+16 1.525281519325213e+17 0.0 -40067691948145.37 384334091174077.6 0.0 127108795231920.52 843830167788416.5 0.0 429199719020012.75 2950112749764685.5 0.0 887432065742933.9 7896256283897235.0 0.0 1325722893397333.5 1.817169263665088e+16 0.0 945948606888877.2 3.5243149419620096e+16 0.0 -1224414094740700.8 5.670143508895124e+16 0.0 -4043635080216278.5 7.57020154847913e+16 0.0 -1662846751385237.2 8.695497408009766e+16 0.0 1.2182330688677478e+16 9.131821844161651e+16 0.0 3.632742140723893e+16 1.8163710703620973e+17 0.0 -93938218686805.61 209442947322718.97 0.0 -19460545188487.78 497013123571451.0 0.0 -74289849889069.25 1755835979814641.2 0.0 -469818457110628.0 4752125070655431.0 0.0 -1757443258574095.5 1.1305175669960976e+16 0.0 -4758050619891109.0 2.3403808031116304e+16 0.0 -9279207412823320.0 4.210707103300569e+16 0.0 -1.1392810940786384e+16 6.662550991058247e+16 0.0 -2991800931297889.0 9.389978329768138e+16 0.0 1.8244627032220492e+16 1.1291860940507893e+17 0.0 4.614280114131844e+16 2.307140057066206e+17 0.0 -84192199202603.06 81976707589847.83 0.0 -51593097400189.33 237898865466788.66 0.0 -156340813820570.3 886041227571129.4 0.0 -519333911850890.75 2560273284730995.5 0.0 -1371259994586489.2 6764557700588419.0 0.0 -2709517262540451.0 1.6228555240387188e+16 0.0 -3164272442194158.5 3.499797350161997e+16 0.0 1334491182929530.8 6.649260938257198e+16 0.0 1.5347022909751362e+16 1.0679683417877533e+17 0.0 3.3767004752792856e+16 1.3276863211748379e+17 0.0 5.293692978884835e+16 2.646846489442674e+17 0.0 -43427500397800.55 38084154067675.21 0.0 -16348824884528.76 130205246170305.62 0.0 -18071860372030.668 532637617684296.5 0.0 8008082143893.25 1736527308634674.5 0.0 292124415077282.9 5240358812180536.0 0.0 1638559820018232.8 1.4326755800890794e+16 0.0 6034635439242701.0 3.4488920475777468e+16 0.0 1.634992494829393e+16 7.042838842652114e+16 0.0 3.259970556895387e+16 1.1606948465343733e+17 0.0 4.489812710680589e+16 1.4201634618391971e+17 0.0 5.511747618886333e+16 2.755873809443528e+17 0.0 -10160881923782.57 37833264038114.4 0.0 19137501968339.203 108395744240659.98 0.0 102988831622556.39 461328568824746.06 0.0 399765198172585.8 1607229601141278.8 0.0 1393257687737815.2 5118493177144010.0 0.0 4264828827856763.5 1.4542133463186034e+16 0.0 1.1139615170742752e+16 3.5766326448474956e+16 0.0 2.392307312057757e+16 7.337274807389274e+16 0.0 4.021966952837042e+16 1.1974041808174174e+17 0.0 4.877846512628302e+16 1.4382495293089776e+17 0.0 5.5013150539023176e+16 2.7506575269516586e+17 0.0 5433903187943.494 45490825065907.35 0.0 35661997071714.09 111515100983233.19 0.0 155850680704159.66 471544252181643.9 0.0 558650902418238.06 1657601959409504.5 0.0 1812112908456952.2 5299198122725786.0 0.0 5199931225108215.0 1.5040541228287192e+16 0.0 1.2813185012331472e+16 3.678710578954279e+16 0.0 2.6111966028943776e+16 7.475208565542022e+16 0.0 4.194030414011309e+16 1.205242521017606e+17 0.0 4.91010147157707e+16 1.4307648480087469e+17 0.0 5.438567247586661e+16 2.7192836237938774e+17 0.0 10290759666495.973 50821284285005.84 0.0 40818496604394.31 117328776467091.12 0.0 172275326796589.72 491966177919615.0 0.0 606406306737529.0 1722820865080860.8 0.0 1932040911676433.5 5477241857784837.0 0.0 5446200179567955.0 1.5437636642736256e+16 0.0 1.3186991320625388e+16 3.744854388462046e+16 0.0 2.6431056768296476e+16 7.540641698910994e+16 0.0 4.18506214099861e+16 1.2047134370852675e+17 0.0 4.855022472206507e+16 1.419523012279298e+17 0.0 5.379254452568334e+16 2.689627226284643e+17 0.0 11492148328792.535 53917685120945.016 0.0 42362454359116.266 121913289976569.97 0.0 177502000653281.72 509106794870067.2 0.0 621558211935154.1 1776274684059583.5 0.0 1968307664661772.0 5618419136721352.0 0.0 5510022571254307.0 1.573871981480208e+16 0.0 1.324192846359691e+16 3.791776992997356e+16 0.0 2.6346490062764756e+16 7.580446229862346e+16 0.0 4.146377140830093e+16 1.2027870828553126e+17 0.0 4.79655092566764e+16 1.4097701324477974e+17 0.0 5.331746837396729e+16 2.6658734186987776e+17 0.0 11815616705109.572 55860021020654.56 0.0 43074175537601.64 125274824443480.52 0.0 180052868575792.5 522229947090200.6 0.0 628839716791828.4 1817728113720780.5 0.0 1984614505669184.0 5728160571553165.0 0.0 5532589401228326.0 1.597090411492173e+16 0.0 1.3234429925687336e+16 3.827224878145723e+16 0.0 2.621116112461171e+16 7.608791160652331e+16 0.0 4.110084796742839e+16 1.200951658404752e+17 0.0 4.748548360673102e+16 1.4020230578502845e+17 0.0 5.294823258372943e+16 2.647411629187013e+17 0.0 11941498576184.883 57179991607642.23 0.0 43547386932705.79 127734569353696.52 0.0 181782012995714.47 532084555522896.2 0.0 633638024325508.5 1849309831092584.2 0.0 1994652903451621.5 5812405036802125.0 0.0 5543333923970767.0 1.6149214636568448e+16 0.0 1.3214801680514894e+16 3.854240275947279e+16 0.0 2.608592084961894e+16 7.62978858248181e+16 0.0 4.0801164350607496e+16 1.1994211120754181e+17 0.0 4.710712362428098e+16 1.3960042602458482e+17 0.0 5.266446842874163e+16 2.6332234214378192e+17 0.0 12007722348996.232 58110712813379.8 0.0 43890720888063.52 129534069944467.11 0.0 183049590446279.72 539404427960087.75 0.0 637084409606279.0 1873023958544054.0 0.0 2001475220605941.5 5876112809399421.0 0.0 5548908394417687.0 1.6284369854531468e+16 0.0 1.319359717920804e+16 3.874645321217126e+16 0.0 2.5979858585584092e+16 7.64534885088218e+16 0.0 4.056124676134577e+16 1.1981926322470118e+17 0.0 4.681284632894313e+16 1.3913882201856552e+17 0.0 5.2448632404754616e+16 2.62243162023836e+17 0.0 12046420163458.36 58775885899005.7 0.0 44140318643488.01 130848096776198.42 0.0 183979459140473.44 544796837506120.1 0.0 639581051124979.2 1890620908525687.5 0.0 2006206049673273.8 5923650394524743.0 0.0 5551728894571814.0 1.6385471769588466e+16 0.0 1.3174099157461112e+16 3.889879654899806e+16 0.0 2.5893527946979708e+16 7.65678981477243e+16 0.0 4.037289993282403e+16 1.1972275724713282e+17 0.0 4.658671474837444e+16 1.3878885366532568e+17 0.0 5.228614171694924e+16 2.6143070858479898e+17 0.0 12069393320656.96 59253478665905.4 0.0 44320489801906.71 131805365177981.56 0.0 184655566899229.4 548744382494003.56 0.0 641380786014403.2 1903559841402957.5 0.0 2009497126532236.8 5958742072084471.0 0.0 5553040074245634.0 1.6460254186630834e+16 0.0 1.3157487838594904e+16 3.90113173227854e+16 0.0 2.5825222766643092e+16 7.665124949590624e+16 0.0 4.022756776230612e+16 1.1964810284076978e+17 0.0 4.641504971057428e+16 1.385262194291219e+17 0.0 5.216494765904442e+16 2.6082473829527274e+17 0.0 12082840941209.818 59596809558740.05 0.0 44449840445218.88 132501050936182.39 0.0 185143504348522.25 551620009494316.25 0.0 642670377752419.5 1913006825345031.5 0.0 2011784664538441.5 5984426080433639.0 0.0 5553538394637532.0 1.6515057450483158e+16 0.0 1.3143974722975184e+16 3.909364594562765e+16 0.0 2.57723430647549e+16 7.67114117364536e+16 0.0 4.011707913051949e+16 1.1959098279175826e+17 0.0 4.628617394154594e+16 1.3833079756587997e+17 0.0 5.207526540331785e+16 2.603763270166229e+17 0.0 12090456225228.877 59843552598554.71 0.0 44542335967582.52 133005426403185.64 0.0 185493623946971.25 553706364980897.75 0.0 643589322012424.5 1919865669712112.8 0.0 2013370175575017.2 6003095803112633.0 0.0 5553613370423115.0 1.6554911178077314e+16 0.0 1.3133306810124064e+16 3.915339124006196e+16 0.0 2.573207594530624e+16 7.67544348960033e+16 0.0 4.003409604857465e+16 1.1954759494602365e+17 0.0 4.619033475876037e+16 1.3818636135059078e+17 0.0 5.200932039288895e+16 2.6004660196452646e+17 0.0 12094516253479.242 60020693267554.17 0.0 44608256007322.57 133370239896312.81 0.0 185743666003056.62 555214849196086.5 0.0 644240770709546.5 1924822379538948.8 0.0 2014464224808142.0 6016589854109441.0 0.0 5553480232182354.0 1.6583704984285702e+16 0.0 1.3125051311334714e+16 3.919643339426049e+16 0.0 2.5701788460993616e+16 7.67849109668844e+16 0.0 3.997236793805312e+16 1.195147728386983e+17 0.0 4.611961091457564e+16 1.3808014031780467e+17 0.0 5.19610629917749e+16 2.5980531495897424e+17 0.0 12096438183646.646 60147671589316.59 0.0 44655083671375.14 133633485980780.8 0.0 185921465470885.16 556302105710436.9 0.0 644700210964478.8 1928390058020399.0 0.0 2015214462053601.2 6026295300433733.0 0.0 5553255915650790.0 1.6604389448792054e+16 0.0 1.311874640782864e+16 3.922723547151786e+16 0.0 2.5679210785562356e+16 7.680628166367443e+16 0.0 3.992678800864906e+16 1.1948997810912789e+17 0.0 4.606773465434183e+16 1.3800228855074006e+17 0.0 5.192586963167672e+16 2.5962934815846355e+17 0.0 12097104383302.826 60238520913391.54 0.0 44688232024985.25 133822979074744.62 0.0 186047341300931.84 557083407701230.06 0.0 645022435695750.9 1930948453986639.0 0.0 2015724576374574.8 6033244766365041.0 0.0 5553002377937058.0 1.6619170372195374e+16 0.0 1.3113971472229378e+16 3.9249136554912856e+16 0.0 2.566248603799318e+16 7.682109750498142e+16 0.0 3.989331483427475e+16 1.1947122958493587e+17 0.0 4.6029854779606696e+16 1.379453398711472e+17 0.0 5.190025838533947e+16 2.5950129192678093e+17 0.0 12097061438732.496 60303375107064.07 0.0 44711601617149.2 133959025816130.45 0.0 186136026383000.3 557643141010778.94 0.0 645246976636524.8 1932776441303328.5 0.0 2016067407428540.8 6038199462036705.0 0.0 5552751119242209.0 1.6629678533106702e+16 0.0 1.3110372624812176e+16 3.926460653091552e+16 0.0 2.565014801380565e+16 7.683123010089154e+16 0.0 3.986882630695108e+16 1.1945701000147634e+17 0.0 4.60022828187785e+16 1.3790370631242392e+17 0.0 5.188163782965725e+16 2.5940818914830794e+17 0.0 22278871526.527042 42238000453669.3 0.0 42523883722.91746 119147083921506.3 0.0 183877791556.06937 495976777974740.25 0.0 709687337692.9161 1718943541910672.2 0.0 2388652901594.3174 5369618323546791.0 0.0 6813873639569.042 1.4786270334042968e+16 0.0 15847045884560.773 3.4906234050522876e+16 0.0 28386871455334.27 6.829101891071831e+16 0.0 35563064973717.73 1.0616252153356232e+17 0.0 24504242948911.543 1.2254583013438181e+17 0.0 0.0 3.6307667991530944e+17 0.0 -12054072917775.457 60368323005417.17 0.0 -44670141532174.48 134102803453688.23 0.0 -185943670055849.47 558227949029420.3 0.0 -644364331667717.2 1934618561197505.0 0.0 -2012599795222633.2 6042920406717425.0 0.0 -5541367553037547.0 1.6638687091697284e+16 0.0 -1.308021543149461e+16 3.927453126380095e+16 0.0 -2.5588899724783016e+16 7.682735190664264e+16 0.0 -3.978098769229782e+16 1.1941888060536744e+17 0.0 -4.59285454469308e+16 1.3783786466325024e+17 0.0 -5.18582374488689e+16 2.592911872444228e+17 0.0 -12064735375326.607 60395255391813.4 0.0 -44697288727056.77 134158589726667.02 0.0 -186057490562640.2 558457383558359.8 0.0 -644762556848268.6 1935378019138492.5 0.0 -2013794480507355.2 6045033361384529.0 0.0 -5544336645556718.0 1.6643386494479748e+16 0.0 -1.3086032595838032e+16 3.9282179248160824e+16 0.0 -2.5597174014489136e+16 7.683459041077742e+16 0.0 -3.978803795878055e+16 1.1941796915471365e+17 0.0 -4.5929421913236664e+16 1.3782525619457794e+17 0.0 -5.185104043764097e+16 2.592552021882813e+17 0.0 -12072439765936.703 60414328683499.81 0.0 -44716707101712.41 134198169131115.08 0.0 -186138558121482.7 558619575610661.75 0.0 -645045236093082.1 1935912706818730.5 0.0 -2014640539975501.8 6046515260792285.0 0.0 -5546435369353769.0 1.6646666305031962e+16 0.0 -1.309013582334784e+16 3.92874684949771e+16 0.0 -2.5602988564845996e+16 7.683945116419938e+16 0.0 -3.979293857312697e+16 1.1941689825591998e+17 0.0 -4.592991129986683e+16 1.378158478722119e+17 0.0 -5.1845767877408936e+16 2.5922883938717178e+17 0.0 -12077989569606.916 60427765954561.38 0.0 -44730540755686.21 134226095831656.05 0.0 -186196053297913.44 558733568744515.3 0.0 -645245010871126.2 1936286798703040.2 0.0 -2015236907349738.0 6047547349813111.0 0.0 -5547911347881507.0 1.6648936517828574e+16 0.0 -1.309301357107709e+16 3.929108584474008e+16 0.0 -2.5607046041406284e+16 7.684264185537126e+16 0.0 -3.979630780700708e+16 1.1941575914643752e+17 0.0 -4.593013383797474e+16 1.3780877325077424e+17 0.0 -5.184188630259627e+16 2.592094315130058e+17 0.0 -12081972609368.326 60437170398458.055 0.0 -44740346697240.195 134245663976961.16 0.0 -186236618591209.84 558813102028004.0 0.0 -645385439611824.1 1936546478550372.5 0.0 -2015654912958997.5 6048259880010330.0 0.0 -5548943100181458.0 1.6650491511489394e+16 0.0 -1.3095018143253506e+16 3.9293523939298696e+16 0.0 -2.560985360555452e+16 7.684466865222741e+16 0.0 -3.97985923064478e+16 1.1941461311453386e+17 0.0 -4.593017689701973e+16 1.3780340559189243e+17 0.0 -5.1839011084069144e+16 2.591950554204969e+17 0.0 -12084818343985.465 60443696770158.52 0.0 -44747254127868.87 134259253075667.64 0.0 -186265052876569.06 558868071610712.2 0.0 -645483493501039.4 1936724917212278.8 0.0 -2015945865927639.8 6048746231400322.0 0.0 -5549658961544451.0 1.6651542041689796e+16 0.0 -1.3096402783203342e+16 3.929513489606862e+16 0.0 -2.5611775833856984e+16 7.684589188508163e+16 0.0 -3.980011307985113e+16 1.1941349989786786e+17 0.0 -4.593010309983334e+16 1.3779929168989368e+17 0.0 -5.183686532596196e+16 2.5918432663000384e+17 0.0 -12086840142264.693 60448175754657.016 0.0 -44752080957125.336 134268579571895.19 0.0 -186284818145404.06 558905594226231.75 0.0 -645551377343418.1 1936845893678900.5 0.0 -2016146596939458.8 6049073197332429.0 0.0 -5550150960970069.0 1.6652238585884532e+16 0.0 -1.3097348991422868e+16 3.929616955840021e+16 0.0 -2.5613073886200556e+16 7.684656687461002e+16 0.0 -3.980109979817451e+16 1.1941244400823392e+17 0.0 -4.592995675236152e+16 1.3779610368949438e+17 0.0 -5.183524986288716e+16 2.5917624931462134e+17 0.0 -12088266393626.727 60451204076652.7 0.0 -44755418862028.055 134274879785945.05 0.0 -186298408372106.88 558930779292030.06 0.0 -645597853563259.2 1936926421101804.5 0.0 -2016283491781528.2 6049288445107187.0 0.0 -5550484940232044.0 1.6652688293619058e+16 0.0 -1.309798650005053e+16 3.9296806029709176e+16 0.0 -2.561393424313612e+16 7.684687365516766e+16 0.0 -3.980171609588007e+16 1.1941145939436451e+17 0.0 -4.592976878453636e+16 1.3779360414930766e+17 0.0 -5.183402147734866e+16 2.591701073869183e+17 0.0 -12089263356449.938 60453209721899.82 0.0 -44757695285037.86 134279042765432.97 0.0 -186307617505188.7 558947288461479.3 0.0 -645629202446857.8 1936978646686737.5 0.0 -2016375416538631.8 6049425911259355.0 0.0 -5550707899933512.0 1.6652967247442762e+16 0.0 -1.3098407798627882e+16 3.9297170323614984e+16 0.0 -2.5614489651694676e+16 7.684693849441645e+16 0.0 -3.980207807989739e+16 1.194105528236196e+17 0.0 -4.59295604675542e+16 1.3779162078984435e+17 0.0 -5.183307715050509e+16 2.591653857526415e+17 0.0 -12089951910604.629 60454499098404.28 0.0 -44759218563180.16 134281706647625.56 0.0 -186313733861477.44 558957740525066.4 0.0 -645649917111790.0 1937011223532142.2 0.0 -2016435833194496.8 6049509693455806.0 0.0 -5550853314092121.0 1.6653129304395344e+16 0.0 -1.3098678652789504e+16 3.929735125331326e+16 0.0 -2.5614834314584748e+16 7.684684940305499e+16 0.0 -3.98022677835494e+16 1.1940972629920312e+17 0.0 -4.592934616758374e+16 1.3779002828392256e+17 0.0 -5.1832342711505464e+16 2.5916171355763702e+17 0.0 -12090419824716.205 60455291111538.1 0.0 -44760210742671.74 134283328488520.23 0.0 -186317680954562.8 558964004053668.3 0.0 -645663205654036.4 1937030299617449.5 0.0 -2016474326403747.8 6049556852308157.0 0.0 -5550944964502798.0 1.6653212456168936e+16 0.0 -1.3098845695940694e+16 3.929741113599433e+16 0.0 -2.561503486081595e+16 7.684666727218133e+16 0.0 -3.9802342896858936e+16 1.1940897876679042e+17 0.0 -4.592913536158699e+16 1.3778873514868718e+17 0.0 -5.183176467751909e+16 2.5915882338783862e+17 0.0 -12090730730032.53 60455741764502.055 0.0 -44760831418643.32 134284234819801.98 0.0 -186320119410880.0 558967408674502.06 0.0 -645671353477477.9 1937040229792307.0 0.0 -2016497703411494.5 6049579424913770.0 0.0 -5550999701235481.0 1.6653243394685888e+16 0.0 -1.3098941894158478e+16 3.929739346921113e+16 0.0 -2.5615138244603504e+16 7.684643384572827e+16 0.0 -3.980234377674739e+16 1.1940830730502862e+17 0.0 -4.592893410009347e+16 1.3778767432208989e+17 0.0 -5.183130439913079e+16 2.591565219958977e+17 0.0 -12090930678306.34 60455961903420.29 0.0 -44761195038287.39 134284658219914.95 0.0 -186321520645471.72 558968897440561.7 0.0 -645675984392731.5 1937044087673589.5 0.0 -2016510785161211.5 6049585869572132.0 0.0 -5551029426049930.0 1.6653240783106826e+16 0.0 -1.3098990470783742e+16 3.929732842300072e+16 0.0 -2.561517741670654e+16 7.684617741027323e+16 0.0 -3.980229847963475e+16 1.1940770794438666e+17 0.0 -4.5928746060035576e+16 1.3778679639363288e+17 0.0 -5.1830933865870776e+16 2.5915466932963533e+17 0.0 -12091052931830.56 60456030011109.33 0.0 -44761383453209.0 134284763752858.53 0.0 -186322220088363.94 558969136636427.7 0.0 -645678248597695.5 1937044033318228.8 0.0 -2016516974630723.5 6049582101079499.0 0.0 -5551042515451359.0 1.6653217595861818e+16 0.0 -1.3099007720031714e+16 3.929723676227923e+16 0.0 -2.5615175388114268e+16 7.684591684631122e+16 0.0 -3.980222636512419e+16 1.1940717622387886e+17 0.0 -4.592857329803772e+16 1.3778606474529253e+17 0.0 -5.1830632705387496e+16 2.5915316352705434e+17 0.0 -12091121458801.914 60456001418951.67 0.0 -44761455016126.6 134284668058554.64 0.0 -186322455593667.12 558968594804260.94 0.0 -645678957848007.5 1937041576911517.8 0.0 -2016518664541451.2 6049572231367534.0 0.0 -5551044839957615.0 1.665318278934547e+16 0.0 -1.3099005020302114e+16 3.929713264157581e+16 0.0 -2.5615148135244756e+16 7.684566450387701e+16 0.0 -3.980214066960985e+16 1.1940670756158278e+17 0.0 -4.5928416786068216e+16 1.3778545206370914e+17 0.0 -5.1830386037930024e+16 2.5915193018989107e+17 0.0 -12091153483078.396 60455914938648.625 0.0 -44761451170555.836 134284453132960.69 0.0 -186322395141478.03 558967599590882.4 0.0 -645678682576641.5 1937037767742079.8 0.0 -2016517529551520.2 6049559098832848.0 0.0 -5551040493336821.0 1.6653142493345642e+16 0.0 -1.309899027260215e+16 3.92970255933566e+16 0.0 -2.5615106673574908e+16 7.684542823949736e+16 0.0 -3.980205034009154e+16 1.194062974971829e+17 0.0 -4.592827679008359e+16 1.3778493783756742e+17 0.0 -5.1830182944479896e+16 2.59150914722539e+17 0.0 -12091161343037.697 60455797627880.44 0.0 -44761401220128.99 134284176258808.33 0.0 -186322156797112.62 558966378569304.8 0.0 -645677821596915.2 1937033329384228.0 0.0 -2016514735387330.2 6049544645892980.0 0.0 -5551032313583988.0 1.6653100858778938e+16 0.0 -1.3098968926955096e+16 3.929692193908942e+16 0.0 -2.56150585351222e+16 7.68452128542997e+16 0.0 -3.980196133878429e+16 1.1940594184578053e+17 0.0 -4.59281531367954e+16 1.3778450656142653e+17 0.0 -5.183001537255643e+16 2.591500768630814e+17 0.0 -12091153845766.646 60455668212845.45 0.0 -44761325776673.73 134283877156402.52 0.0 -186321823075601.94 558965088527194.2 0.0 -645676652066830.0 1937028756290845.0 0.0 -2016511088330856.8 6049530187927106.0 0.0 -5551022254497928.0 1.6653060659926888e+16 0.0 -1.3098944713258654e+16 3.929682578860964e+16 0.0 -2.5615008819049056e+16 7.684502110620475e+16 0.0 -3.980187756788456e+16 1.1940563679127677e+17 0.0 -4.592804539993338e+16 1.3778414644629757e+17 0.0 -5.182987735623844e+16 2.5914938678158214e+17 0.0 -12091137253947.139 60455539542402.89 0.0 -44761239253057.89 134283583124928.31 0.0 -186321451276982.3 558963836444831.56 0.0 -645675365286699.6 1937024382693710.0 0.0 -2016507142015640.5 6049516604488611.0 0.0 -5551011650666791.0 1.665302372147156e+16 0.0 -1.3098920161622574e+16 3.929673974654863e+16 0.0 -2.5614960938606336e+16 7.684485442097485e+16 0.0 -3.980180152636635e+16 1.1940537894120602e+17 0.0 -4.592795303087922e+16 1.3778384849505738e+17 0.0 -5.182976445999152e+16 2.591488223001663e+17 0.0 -12091116004182.041 60455420342093.86 0.0 -44761151660594.01 134283312726993.77 0.0 -186321080902500.0 558962694470055.1 0.0 -645674092286142.4 1937020431577719.5 0.0 -2016503273522253.2 6049504474761151.0 0.0 -5551001405834625.0 1.6652991219998626e+16 0.0 -1.309889697183764e+16 3.929666540918808e+16 0.0 -2.561491715068288e+16 7.684471338826718e+16 0.0 -3.98017347741583e+16 1.1940516535469952e+17 0.0 -4.5927875449670856e+16 1.3778360583899837e+17 0.0 -5.182967338266085e+16 2.5914836691340365e+17 0.0 -12091093230558.342 60455316466019.555 0.0 -44761069905049.54 134283078423450.16 0.0 -186320738977641.3 558961710590248.75 0.0 -645672922107885.2 1937017049427229.0 0.0 -2016499737610573.8 6049494173333297.0 0.0 -5550992126918604.0 1.6652963896653722e+16 0.0 -1.3098876275754846e+16 3.929660371374945e+16 0.0 -2.5614878931598704e+16 7.684459810779477e+16 0.0 -3.980167826152934e+16 1.1940499355608658e+17 0.0 -4.5927812109445256e+16 1.3778341326449971e+17 0.0 -5.18296016768231e+16 2.5914800838424925e+17 0.0 -12091071146255.795 60455231782685.266 0.0 -44760998718298.53 134282888442339.19 0.0 -186320443856568.53 558960916167390.0 0.0 -645671914831424.1 1937014330666028.8 0.0 -2016496705258494.8 6049485937339002.0 0.0 -5550984219119516.0 1.665294220566645e+16 0.0 -1.3098858823583416e+16 3.9296555181498824e+16 0.0 -2.5614847244230156e+16 7.684450842859526e+16 0.0 -3.980163256357581e+16 1.1940486153937874e+17 0.0 -4.5927762543389416e+16 1.3778326687670592e+17 0.0 -5.182954755052353e+16 2.591477377528044e+17 0.0 -12091051322469.193 60455168797142.914 0.0 -44760941325533.766 134282748091683.86 0.0 -186320207937519.12 558960331217394.06 0.0 -645671110840192.4 1937012334707983.8 0.0 -2016494291036962.5 6049479913173356.0 0.0 -5550977953490813.0 1.6652926417560008e+16 0.0 -1.3098845116392726e+16 3.929652008628643e+16 0.0 -2.561482272847713e+16 7.684444411391848e+16 0.0 -3.980159804920212e+16 1.1940476776979728e+17 0.0 -4.5927726400852904e+16 1.3778316386490694e+17 0.0 -5.182950972910681e+16 2.5914754864564717e+17 0.0 -12091034893297.014 60455129077573.79 0.0 -44760899920667.88 134282660659232.5 0.0 -186320039584871.7 558959968011588.1 0.0 -645670537372700.0 1937011097558526.5 0.0 -2016492572491696.5 6049476188205194.0 0.0 -5550973514915276.0 1.6652916689051884e+16 0.0 -1.3098835500764032e+16 3.9296498568716616e+16 0.0 -2.5614805838876132e+16 7.68444049535271e+16 0.0 -3.98015750055034e+16 1.1940471118546494e+17 0.0 -4.592770347868353e+16 1.3778310234412661e+17 0.0 -5.1829487361115384e+16 2.5914743680580006e+17 0.0 -11526884.196781533 84637158950002.83 0.0 -51155301023189.734 153465863405370.8 0.0 -212937134005117.53 638811249125862.2 0.0 -737909001470212.9 2213726482301677.0 0.0 -2304562387593441.5 6913685609769701.0 0.0 -6343968298733672.0 1.903190097593988e+16 0.0 -1.4970094584946568e+16 4.491027567599287e+16 0.0 -2.927405823036249e+16 8.782216187445269e+16 0.0 -4.5487506460465816e+16 1.364625052417927e+17 0.0 -5.248879582206861e+16 1.574663791712524e+17 0.0 -9.070158992674734e+16 2.721047697807526e+17 0.0
    </DataArray>
    <DataArray type="Float32" Name="Ion drift flux Density [Am^-2]" NumberOfComponents="3" format="ascii">
-3.472259213205372e+21 1.1197432049314734e+25 0.0 2.3166120461289496e+24 6.997294443626509e+24 0.0 8.066506855469796e+24 2.4460629988767797e+25 0.0 2.528467102594348e+25 7.6844896167172945e+25 0.0 6.996934146252198e+25 2.1282302967800892e+26 0.0 1.672297386031544e+26 5.085191440373171e+26 0.0 3.375753263996491e+26 1.0254075720641415e+27 0.0 5.6544898495532756e+26 1.714587012525254e+27 0.0 7.820580533704977e+26 2.3655608125066404e+27 0.0 9.123464149966884e+26 2.750118368605177e+27 0.0 1.7963381263772754e+27 5.389014379132355e+27 0.0 1.5927051901076425e+24 7.978026512654498e+24 0.0 2.021529414034851e+24 6.11452661868807e+24 0.0 7.039977636683904e+24 2.1391412237015496e+25 0.0 2.207356276987465e+25 6.724088337095972e+25 0.0 6.110090806791002e+25 1.862861827459269e+26 0.0 1.4606711973878561e+26 4.451760406662223e+26 0.0 2.949150976221667e+26 8.977040461781674e+26 0.0 4.9411955612072704e+26 1.5010409168350485e+27 0.0 6.837088164350585e+26 2.0710367973534523e+27 0.0 7.982387015206032e+26 2.408175433664883e+27 0.0 1.0275885097141217e+27 5.137942548571084e+27 0.0 1.5766369354574977e+24 7.915885689540843e+24 0.0 1.9935118709977095e+24 6.091952246904027e+24 0.0 6.928092977853643e+24 2.137216691212253e+25 0.0 2.1715374205213827e+25 6.73083545844251e+25 0.0 6.01396256850477e+25 1.8666466561032067e+26 0.0 1.4390464680580687e+26 4.46253248949103e+26 0.0 2.9093959648326782e+26 8.998821782469006e+26 0.0 4.884232987426894e+26 1.5044935752377305e+27 0.0 6.779222521115928e+26 2.0758158679495963e+27 0.0 7.953654468503706e+26 2.4146409385428413e+27 0.0 1.0310471134071028e+27 5.155235567035896e+27 0.0 1.5453623675881816e+24 7.796059188036907e+24 0.0 1.949792907427589e+24 6.053189047790609e+24 0.0 6.784251945098744e+24 2.135836009932821e+25 0.0 2.1315778628074225e+25 6.74981954538426e+25 0.0 5.915360785573868e+25 1.8750166129882998e+26 0.0 1.417511266010915e+26 4.484897535207224e+26 0.0 2.8694943905859988e+26 9.043310719061502e+26 0.0 4.8260563588236464e+26 1.5115594653023113e+27 0.0 6.721150500683636e+26 2.0854997204399994e+27 0.0 7.932744317468973e+26 2.42714800147131e+27 0.0 1.0372787664332294e+27 5.18639383216656e+27 0.0 1.4735603627144007e+24 7.563039837969233e+24 0.0 1.8698766589806357e+24 5.975252635858211e+24 0.0 6.566408039708885e+24 2.129251104408165e+25 0.0 2.0781168972165364e+25 6.762084619942919e+25 0.0 5.791364468470648e+25 1.882243670618811e+26 0.0 1.3905971865098455e+26 4.505248416958701e+26 0.0 2.8182300985327388e+26 9.086443234928606e+26 0.0 4.74882066637967e+26 1.5192474566947985e+27 0.0 6.643483799044336e+26 2.0978551767334885e+27 0.0 7.909727159570035e+26 2.4456039928083584e+27 0.0 1.0471178318938558e+27 5.235589159469712e+27 0.0 1.276678512289053e+24 7.017696856666309e+24 0.0 1.6914417415538767e+24 5.716514094656207e+24 0.0 6.10428239554526e+24 2.065551762728693e+25 0.0 1.9605497796948203e+25 6.595312383796097e+25 0.0 5.504140840137869e+25 1.840319083140709e+26 0.0 1.3265267212246301e+26 4.4144123264797825e+26 0.0 2.696347138488704e+26 8.93191965914394e+26 0.0 4.5675584691623784e+26 1.500948053399688e+27 0.0 6.46106480715994e+26 2.0880666834303508e+27 0.0 7.840573654253859e+26 2.458372091639943e+27 0.0 1.0619832616930884e+27 5.309916308465736e+27 0.0 8.854756119152635e+23 5.71402742371272e+24 0.0 1.2785128499673316e+24 4.7215756897808617e+24 0.0 4.812098242061964e+24 1.7159946296518192e+25 0.0 1.5759443156649276e+25 5.488574023704183e+25 0.0 4.47686480797292e+25 1.5374639827395477e+26 0.0 1.0918578031789842e+26 3.7235255317055485e+26 0.0 2.2590542259556782e+26 7.672591220463649e+26 0.0 3.941275500600851e+26 1.32820153725262e+27 0.0 5.8425094870473296e+26 1.9296943290439724e+27 0.0 7.553024575038243e+26 2.398557619508487e+27 0.0 1.083460067749506e+27 5.417300338747787e+27 0.0 4.785974317235919e+23 3.825079805402197e+24 0.0 7.558516879193468e+23 3.058612098940964e+24 0.0 2.9403156146804495e+24 1.0968861824721194e+25 0.0 9.80425672488369e+24 3.5021685013243664e+25 0.0 2.845367141035999e+25 9.933342923519844e+25 0.0 7.183820117684487e+25 2.4802293754605205e+26 0.0 1.5714903367421356e+26 5.392211052788594e+26 0.0 2.979151759273666e+26 1.0123355625222649e+27 0.0 4.927235613562841e+26 1.6363620205805988e+27 0.0 7.154775860254409e+26 2.2773331703063706e+27 0.0 1.1092830276064204e+27 5.546415138032533e+27 0.0 2.4274005410955424e+23 2.1784548635013665e+24 0.0 3.8937955163170846e+23 1.631316829179492e+24 0.0 1.519715018217843e+24 5.747856902783536e+24 0.0 5.187023218586837e+24 1.8621395507876124e+25 0.0 1.5810403707411783e+25 5.51887596518395e+25 0.0 4.318173707401287e+25 1.4841983190820488e+26 0.0 1.0539187670724444e+26 3.584247240845063e+26 0.0 2.2834856051530232e+26 7.66226255309971e+26 0.0 4.3288179146503914e+26 1.4185482938252462e+27 0.0 6.984658732460575e+26 2.2035460787838235e+27 0.0 1.1336061108572874e+27 5.668030554286817e+27 0.0 1.533837515115148e+23 1.20439092222729e+24 0.0 2.1915818673978143e+23 8.6773071131815e+23 0.0 8.485293758412545e+23 3.120252914867866e+24 0.0 3.044702677053531e+24 1.073517511845111e+25 0.0 1.0101059179909554e+25 3.4720300799968288e+25 0.0 3.0698724025862544e+25 1.03767393391068e+26 0.0 8.416058890113777e+25 2.8060637240675163e+26 0.0 2.033668250811102e+26 6.674713828431713e+26 0.0 4.189872929392006e+26 1.3453639399415346e+27 0.0 7.064715001783214e+26 2.2012736182190398e+27 0.0 1.1529191902270074e+27 5.764595951135579e+27 0.0 1.3081673197637254e+23 8.046422259180088e+23 0.0 1.7136901642301615e+23 6.11491307723124e+23 0.0 6.669719270617202e+23 2.3236674304769725e+24 0.0 2.4983268400600075e+24 8.523598269801905e+24 0.0 8.769087129007026e+24 2.9417818010430716e+25 0.0 2.8224146917737922e+25 9.335344162156492e+25 0.0 8.136798505019459e+25 2.6548811808567424e+26 0.0 2.0402416037927137e+26 6.555655014993504e+26 0.0 4.285402078706749e+26 1.3515948878236462e+27 0.0 7.235175198998739e+26 2.230804747555468e+27 0.0 1.1671583004727927e+27 5.83579150236473e+27 0.0 1.3263702977711776e+23 6.974288116493786e+23 0.0 1.7440821404828734e+23 5.7106612350825136e+23 0.0 6.78938347693838e+23 2.24322637018802e+24 0.0 2.553731455729113e+24 8.410906592794395e+24 0.0 9.022052685068679e+24 2.9486639937919875e+25 0.0 2.922330304983201e+25 9.458764162157387e+25 0.0 8.458237035025705e+25 2.7069838488003153e+26 0.0 2.1200304736692964e+26 6.696944355556985e+26 0.0 4.427025021094702e+26 1.377756741613177e+27 0.0 7.394760000247719e+26 2.262804103606365e+27 0.0 1.1775321699181743e+27 5.887660849591725e+27 0.0 1.3642075887964663e+23 6.80855080775746e+23 0.0 1.8632257394372705e+23 5.8172754143775646e+23 0.0 7.29228211039631e+23 2.3194721344516422e+24 0.0 2.731563011010512e+24 8.736904191603649e+24 0.0 9.587868752858243e+24 3.062049600627167e+25 0.0 3.084054895764037e+25 9.79448259972127e+25 0.0 8.859679423379389e+25 2.790483715171013e+26 0.0 2.2015681090016075e+26 6.863827618822476e+26 0.0 4.5513925428289365e+26 1.402804623814772e+27 0.0 7.52043511090842e+26 2.288988020485235e+27 0.0 1.1851407936937188e+27 5.925703968469345e+27 0.0 1.3807281579662316e+23 6.8327852035437e+23 0.0 1.951014526187099e+23 5.9603607771249356e+23 0.0 7.71796918960614e+23 2.3977848740505604e+24 0.0 2.8919039695386464e+24 9.054854511656596e+24 0.0 1.0106820586956086e+25 3.1694025132296016e+25 0.0 3.2303145954810866e+25 1.010236598291082e+26 0.0 9.210335890219128e+25 2.8642191415102422e+26 0.0 2.2695649266576714e+26 7.004966110699366e+26 0.0 4.650145259391657e+26 1.4230195112269855e+27 0.0 7.615994420343396e+26 2.3091193704994532e+27 0.0 1.1907391095737214e+27 5.953695547869266e+27 0.0 1.3900037183358449e+23 6.885553078185671e+23 0.0 2.0065520122956178e+23 6.071235582709195e+23 0.0 8.018267465581145e+23 2.456764317314268e+24 0.0 3.013505777002045e+24 9.29961291928795e+24 0.0 1.0517097019639606e+25 3.2538101701758744e+25 0.0 3.347957792501759e+25 1.0347215317887667e+26 0.0 9.49197470691027e+25 2.9228950498902075e+26 0.0 2.3233868952927714e+26 7.116269695118133e+26 0.0 4.72661015651802e+26 1.4386903210873214e+27 0.0 7.688181380229316e+26 2.3243429431865708e+27 0.0 1.1948410078937843e+27 5.974205039469794e+27 0.0 1.3972942450578984e+23 6.935846733518952e+23 0.0 2.0427138181280713e+23 6.153115889276012e+23 0.0 8.224867267095286e+23 2.4995302419491797e+24 0.0 3.1017595830996824e+24 9.480153881770266e+24 0.0 1.0826225346640648e+25 3.3173503634028977e+25 0.0 3.438484486423108e+25 1.0534243589507718e+26 0.0 9.71021470139765e+25 2.9680146487489127e+26 0.0 2.3649316967537742e+26 7.201750889476962e+26 0.0 4.784963706819739e+26 1.4506195476246416e+27 0.0 7.742333912256979e+26 2.335727098391858e+27 0.0 1.1978182310161011e+27 5.989091155081699e+27 0.0 1.4033415051782425e+23 6.978105120496396e+23 0.0 2.0673760601835995e+23 6.213813173541931e+23 0.0 8.368119235652984e+23 2.530595306104769e+24 0.0 3.1649859517989066e+24 9.612173724775028e+24 0.0 1.105391599806392e+25 3.364421829254998e+25 0.0 3.5063927550580083e+25 1.067435917609778e+26 0.0 9.875352235131234e+25 3.0020344077490284e+26 0.0 2.396380473047577e+26 7.266245259323314e+26 0.0 4.828859506873389e+26 1.459567846653975e+27 0.0 7.782537233308203e+26 2.3441392425059092e+27 0.0 1.1999527392133415e+27 5.999763696067729e+27 0.0 1.4082407008989203e+23 7.012053668497212e+23 0.0 2.0847010547458112e+23 6.258955936888098e+23 0.0 8.468503828594491e+23 2.553247508358661e+24 0.0 3.2100820670785807e+24 9.708427080308005e+24 0.0 1.1219397394094725e+25 3.398977509994689e+25 0.0 3.5564515982956033e+25 1.0777983228224588e+26 0.0 9.998061952502962e+25 3.0273160388196926e+26 0.0 2.4197939047225907e+26 7.314210773587562e+26 0.0 4.861414383543585e+26 1.46619146456192e+27 0.0 7.812025533809362e+26 2.3502795311971346e+27 0.0 1.2014622190068617e+27 6.00731109503517e+27 0.0 1.4121159616340863e+23 7.038695598180697e+23 0.0 2.0970609111797787e+23 6.292519136504426e+23 0.0 8.539382935650404e+23 2.569789130854316e+24 0.0 3.2421856928281955e+24 9.778450571658126e+24 0.0 1.1338621557933026e+25 3.4241837422883763e+25 0.0 3.5928896025831128e+25 1.085389339868912e+26 0.0 1.0087963159402633e+26 3.0458932266751852e+26 0.0 2.4369819095319295e+26 7.349462238561373e+26 0.0 4.885243336926309e+26 1.4710368489436057e+27 0.0 7.83338919827552e+26 2.354708597365789e+27 0.0 1.2025142401034104e+27 6.012571200517878e+27 0.0 1.4151307159691758e+23 7.059297590670204e+23 0.0 2.1059447960019358e+23 6.317422018022532e+23 0.0 8.589655165740706e+23 2.5818653129603346e+24 0.0 3.265011865034718e+24 9.829282989280092e+24 0.0 1.14239938126709e+25 3.4424800264933558e+25 0.0 3.619164562690554e+25 1.0909096619751873e+26 0.0 1.0153097686294551e+26 3.059422520099076e+26 0.0 2.449452503115351e+26 7.375116456950674e+26 0.0 4.902481626612885e+26 1.4745450229218293e+27 0.0 7.8486835020197e+26 2.357867604609989e+27 0.0 1.2032361343731393e+27 6.016180671866248e+27 0.0 1.4174489329479394e+23 7.075065612853117e+23 0.0 2.112351579324138e+23 6.335850642836787e+23 0.0 8.625393580444158e+23 2.5906709473725864e+24 0.0 3.2812219358957865e+24 9.866103406336215e+24 0.0 1.1484841582470613e+25 3.45570734446555e+25 0.0 3.637973736959974e+25 1.0949008340428836e+26 0.0 1.0199868364882526e+26 3.069204606818587e+26 0.0 2.4584116924196053e+26 7.393633524749549e+26 0.0 4.914822975616729e+26 1.4770620998914778e+27 0.0 7.859509451999742e+26 2.3600967215815017e+27 0.0 1.2037230900627131e+27 6.018615450314905e+27 0.0 1.4192161795834272e+23 7.08704067622348e+23 0.0 2.1169770465810427e+23 6.349450507720023e+23 0.0 8.650820074614726e+23 2.5970809744684654e+24 0.0 3.292717230089138e+24 9.892714849098476e+24 0.0 1.1528043048387803e+25 3.4652368587619623e+25 0.0 3.651359282827425e+25 1.097772513025207e+26 0.0 1.023320543613937e+26 3.076234822887331e+26 0.0 2.4647941940234264e+26 7.406905304670497e+26 0.0 4.9235764194327876e+26 1.4788534293701645e+27 0.0 7.867089433930312e+26 2.361653222638215e+27 0.0 1.2040451008076826e+27 6.020225504040049e+27 0.0 1.4205541196293489e+23 7.096078870881166e+23 0.0 2.12031578639967e+23 6.359459048630951e+23 0.0 8.668905415907849e+23 2.601737934863128e+24 0.0 3.3008551121593023e+24 9.911903791363855e+24 0.0 1.1558609779012566e+25 3.472080545892695e+25 0.0 3.6608370595798897e+25 1.0998299968986112e+26 0.0 1.0256816765624031e+26 3.0812608741691196e+26 0.0 2.4693074006939205e+26 7.416358319003666e+26 0.0 4.929731918546521e+26 1.4801186322584152e+27 0.0 7.872339501977974e+26 2.3627284145616924e+27 0.0 1.2042528471238424e+27 6.021264235620524e+27 0.0 1.4215610563224759e+23 7.102864537890392e+23 0.0 2.1227231441557244e+23 6.36680402274434e+23 0.0 8.681755616722281e+23 2.605113818429234e+24 0.0 3.3066043054731755e+24 9.925707095415615e+24 0.0 1.1580164572234672e+25 3.476980312422101e+25 0.0 3.6675170105767518e+25 1.1012983808200545e+26 0.0 1.0273443845953697e+26 3.0848368686931996e+26 0.0 2.4724770273556085e+26 7.423052222015403e+26 0.0 4.934024998520756e+26 1.481005631681679e+27 0.0 7.875935046407329e+26 2.363462514389736e+27 0.0 1.2043825147036059e+27 6.021912573519403e+27 0.0 1.4223147699220387e+23 7.107934821150582e+23 0.0 2.1244558485834948e+23 6.372178614707342e+23 0.0 8.690870188768863e+23 2.607554999445837e+24 0.0 3.310655889951577e+24 9.935610224954768e+24 0.0 1.1595311852177498e+25 3.480477307710968e+25 0.0 3.6722039711099065e+25 1.1023423154256722e+26 0.0 1.0285088344461032e+26 3.087369296895346e+26 0.0 2.4746883492214233e+26 7.427765152870436e+26 0.0 4.9369943911820605e+26 1.4816227292967103e+27 0.0 7.878367145974343e+26 2.3639570520630024e+27 0.0 1.2044596116570705e+27 6.022298058285708e+27 0.0 4.456114678302166e+19 4.978060564408377e+23 0.0 3.3354934870784102e+19 5.6675324332263306e+23 0.0 -3.98273350087872e+19 2.3194046584072032e+24 0.0 -7.288080875086971e+20 8.838193315008075e+24 0.0 -3.966020587501368e+21 3.0961008033897833e+25 0.0 -1.4610497157820555e+22 9.805656051361259e+25 0.0 -3.982276139885367e+22 2.7460474646897553e+26 0.0 -8.004877459726943e+22 6.605656555084986e+26 0.0 -1.1313673671909813e+23 1.3174141160889333e+27 0.0 -9.606323099738947e+22 2.1016185019553827e+27 0.0 0.0 8.431513339468174e+27 0.0 -1.422451784528047e+23 7.114218197202587e+23 0.0 -2.125973743122943e+23 6.378743251913511e+23 0.0 -8.702018272767958e+23 2.610585464538722e+24 0.0 -3.316438795124541e+24 9.948058536403925e+24 0.0 -1.1618818046447521e+25 3.48491078971093e+25 0.0 -3.679829785321288e+25 1.1036718851773465e+26 0.0 -1.0304524691994061e+26 3.090595703670838e+26 0.0 -2.4784239242546958e+26 7.433739444288057e+26 0.0 -4.9420297543049484e+26 1.482393225688755e+27 0.0 -7.882417352124142e+26 2.3645429742209309e+27 0.0 -1.2045216299113162e+27 6.022608149557867e+27 0.0 -1.4229837528554023e+23 7.11635038873276e+23 0.0 -2.126727688503521e+23 6.38084596271944e+23 0.0 -8.704817118047069e+23 2.6114779511002677e+24 0.0 -3.317391612147723e+24 9.95149829216662e+24 0.0 -1.1621733345113637e+25 3.4860802531743706e+25 0.0 -3.680606619853007e+25 1.104010878517042e+26 0.0 -1.03062384686232e+26 3.0913960139572922e+26 0.0 -2.4787114495199216e+26 7.435177272875585e+26 0.0 -4.942343601214319e+26 1.482569130364401e+27 0.0 -7.882572731464991e+26 2.3646594450319804e+27 0.0 -1.2045271081178061e+27 6.022635540590286e+27 0.0 -1.423374028149089e+23 7.117912764645514e+23 0.0 -2.1272798486879745e+23 6.382366153501806e+23 0.0 -8.706865841147783e+23 2.6121170615452376e+24 0.0 -3.3180878542958653e+24 9.953941899872143e+24 0.0 -1.1623856746437485e+25 3.486905343431451e+25 0.0 -3.681169562612641e+25 1.104248458208107e+26 0.0 -1.0307470436964494e+26 3.0919524083578905e+26 0.0 -2.478915054970351e+26 7.436163982330803e+26 0.0 -4.942556662104639e+26 1.482686338516941e+27 0.0 -7.88265268055804e+26 2.3647288219876924e+27 0.0 -1.2045239318999299e+27 6.022619659501739e+27 0.0 -1.4236588124001238e+23 7.119050436852783e+23 0.0 -2.127681929672009e+23 6.383458780608684e+23 0.0 -8.708356177562267e+23 2.6125720067717875e+24 0.0 -3.3185932236599557e+24 9.955667059687073e+24 0.0 -1.1625392334140496e+25 3.4874835797496406e+25 0.0 -3.681574324825402e+25 1.1044137193261774e+26 0.0 -1.0308347983094593e+26 3.0923357857099514e+26 0.0 -2.479057445194135e+26 7.436833031718805e+26 0.0 -4.9426976335480266e+26 1.4827628014271124e+27 0.0 -7.882682635382561e+26 2.3647667900279877e+27 0.0 -1.2045158031907314e+27 6.022579015954058e+27 0.0 -1.423865301627872e+23 7.119872660783717e+23 0.0 -2.1279727612794042e+23 6.384238435500761e+23 0.0 -8.709432377681654e+23 2.612893434873435e+24 0.0 -3.318957135215473e+24 9.95687541249493e+24 0.0 -1.1626493229166522e+25 3.4878853716181044e+25 0.0 -3.681862535115283e+25 1.1045275779488352e+26 0.0 -1.0308965786754466e+26 3.092596913517326e+26 0.0 -2.4791553740989098e+26 7.437279508456124e+26 0.0 -4.942787384976859e+26 1.482811191981957e+27 0.0 -7.88268025163249e+26 2.3647841718069013e+27 0.0 -1.2045051298947786e+27 6.022525649476378e+27 0.0 -1.4240138695913601e+23 7.120461451111468e+23 0.0 -2.1281814123993567e+23 6.384789703085535e+23 0.0 -8.710202588360409e+23 2.61311835361406e+24 0.0 -3.319216626182167e+24 9.957713151068935e+24 0.0 -1.1627273963777687e+25 3.488161467724858e+25 0.0 -3.682065220630347e+25 1.1046050391923071e+26 0.0 -1.0309394074589408e+26 3.092772051813252e+26 0.0 -2.479221182546914e+26 7.437570945962353e+26 0.0 -4.9428410624588425e+26 1.4828404182279458e+27 0.0 -7.882657703161181e+26 2.364788377641059e+27 0.0 -1.2044934430184346e+27 6.022467215095361e+27 0.0 -1.4241197414512425e+23 7.120878208676126e+23 0.0 -2.128329585334374e+23 6.385174909145935e+23 0.0 -8.71074764403311e+23 2.613273763184937e+24 0.0 -3.319399372129928e+24 9.958286106033481e+24 0.0 -1.1627819965763167e+25 3.488348382945109e+25 0.0 -3.6822054499017463e+25 1.1046568455819281e+26 0.0 -1.0309684822885657e+26 3.0928870340249242e+26 0.0 -2.479263941918145e+26 7.437755156194499e+26 0.0 -4.9428696295723906e+26 1.4828567137627137e+27 0.0 -7.882623313162184e+26 2.3647844369561372e+27 0.0 -1.2044816861226213e+27 6.022408430616156e+27 0.0 -1.4241942686475464e+23 7.121168785295962e+23 0.0 -2.128433442228589e+23 6.385439896845595e+23 0.0 -8.71112779832598e+23 2.6133793313863223e+24 0.0 -3.3195259952268553e+24 9.958670765818974e+24 0.0 -1.1628194783090919e+25 3.488472342974866e+25 0.0 -3.682300331602478e+25 1.104690671524535e+26 0.0 -1.0309876410389908e+26 3.0929602173637808e+26 0.0 -2.479290304152478e+26 7.437865876212051e+26 0.0 -4.9428809962545925e+26 1.4828644193368178e+27 0.0 -7.882582709628873e+26 2.3647757275808046e+27 0.0 -1.204470414432499e+27 6.022352072165373e+27 0.0 -1.4242458955267565e+23 7.121367336093497e+23 0.0 -2.1285049905965717e+23 6.385618323383374e+23 0.0 -8.711387846283007e+23 2.6134493603571914e+24 0.0 -3.319611820235739e+24 9.958922313926866e+24 0.0 -1.1628445561402243e+25 3.4885521462773167e+25 0.0 -3.682362521460147e+25 1.1047119868802525e+26 0.0 -1.0309997102660663e+26 3.0930046097987292e+26 0.0 -2.479305133224063e+26 7.437926824810703e+26 0.0 -4.942880845915672e+26 1.4828665408178753e+27 0.0 -7.882539642383261e+26 2.3647644886599183e+27 0.0 -1.204459930609051e+27 6.02229965304716e+27 0.0 -1.4242808895795123e+23 7.121499238449622e+23 0.0 -2.1285531299168853e+23 6.385734849584397e+23 0.0 -8.711561003185656e+23 2.6134942304000836e+24 0.0 -3.3196682041332046e+24 9.959080482931947e+24 0.0 -1.162860718075359e+25 3.4886012372442003e+25 0.0 -3.6824013552236876e+25 1.1047246800736685e+26 0.0 -1.0310067656796243e+26 3.0930293996844387e+26 0.0 -2.4793119738283748e+26 7.437954608345505e+26 0.0 -4.942873241246967e+26 1.4828651460636472e+27 0.0 -7.882496559519218e+26 2.3647521795630198e+27 0.0 -1.204450376458858e+27 6.022251882296094e+27 0.0 -1.4243038915306134e+23 7.121583297112352e+23 0.0 -2.1285844396503826e+23 6.385807504066388e+23 0.0 -8.711671831105932e+23 2.613521458772542e+24 0.0 -3.319703539354288e+24 9.959173813788217e+24 0.0 -1.1628705370500833e+25 3.4886292061124846e+25 0.0 -3.6824236985630014e+25 1.1047315070021915e+26 0.0 -1.031010326585183e+26 3.0930410536561313e+26 0.0 -2.4793133989913348e+26 7.437960797142944e+26 0.0 -4.9428610678079256e+26 1.4828616463389498e+27 0.0 -7.882455013209903e+26 2.3647397298355503e+27 0.0 -1.2044417942484111e+27 6.022208971246053e+27 0.0 -1.4243183287539253e+23 7.121633405834477e+23 0.0 -2.1286037710100584e+23 6.385849433230323e+23 0.0 -8.711738440471539e+23 2.613536475335482e+24 0.0 -3.3197240085309955e+24 9.959222751819825e+24 0.0 -1.1628759048705115e+25 3.4886428728972186e+25 0.0 -3.682434583369407e+25 1.10473441397845e+26 0.0 -1.0310115008233402e+26 3.093044103235112e+26 0.0 -2.4793112676077373e+26 7.43795340593384e+26 0.0 -4.9428463586280925e+26 1.4828569952760521e+27 0.0 -7.882415944627721e+26 2.3647277124188733e+27 0.0 -1.2044341672062188e+27 6.022170836035099e+27 0.0 -1.4243267253293827e+23 7.121659796731096e+23 0.0 -2.1286146903532618e+23 6.385870195021005e+23 0.0 -8.711774142058676e+23 2.6135431902304924e+24 0.0 -3.319734150867457e+24 9.95924189498793e+24 0.0 -1.1628782075114454e+25 3.4886470698393224e+25 0.0 -3.6824376832218727e+25 1.1047347697364817e+26 0.0 -1.0310110926452366e+26 3.093041707449197e+26 0.0 -2.4793069150432362e+26 7.437937947107946e+26 0.0 -4.942830531481302e+26 1.4828518291221396e+27 0.0 -7.882379883320134e+26 2.3647164630587877e+27 0.0 -1.2044274458747005e+27 6.022137229378128e+27 0.0 -1.4243309342202781e+23 7.121669978046699e+23 0.0 -2.1286198108675508e+23 6.385876714622649e+23 0.0 -8.711788684432567e+23 2.6135444091035987e+24 0.0 -3.319737286405424e+24 9.959241625521959e+24 0.0 -1.1628784562646947e+25 3.488645205778469e+25 0.0 -3.6824356682213855e+25 1.1047335319377531e+26 0.0 -1.0310096829273638e+26 3.0930360547084685e+26 0.0 -2.479301294100911e+26 7.437918178718239e+26 0.0 -4.9428145622608364e+26 1.4828465653489915e+27 0.0 -7.88234708631582e+26 2.3647061621947524e+27 0.0 -1.2044215649626493e+27 6.022107824815168e+27 0.0 -1.42433231081509e+23 7.121669436526724e+23 0.0 -2.1286210401598325e+23 6.385873989345247e+23 0.0 -8.711789178649483e+23 2.613542136413828e+24 0.0 -3.3197358330829415e+24 9.959229292525857e+24 0.0 -1.1628773856320227e+25 3.4886396726656503e+25 0.0 -3.682430469222837e+25 1.1047313664748429e+26 0.0 -1.0310076887070277e+26 3.0930286493135044e+26 0.0 -2.4792950790841647e+26 7.437896634428946e+26 0.0 -4.9427991113992885e+26 1.4828414717446088e+27 0.0 -7.882317634651326e+26 2.3646968907250005e+27 0.0 -1.2044164538375582e+27 6.022082269191749e+27 0.0 -1.424331842484266e+23 7.12166216286923e+23 0.0 -2.128619764916687e+23 6.385865608341017e+23 0.0 -8.711780788641472e+23 2.613537796943103e+24 0.0 -3.3197315434439293e+24 9.959210068863444e+24 0.0 -1.162875526335233e+25 3.488632138218196e+25 0.0 -3.682423474494638e+25 1.1047287328897518e+26 0.0 -1.0310054073355514e+26 3.093020515478672e+26 0.0 -2.4792887426050235e+26 7.43787499838258e+26 0.0 -4.9427846160421173e+26 1.4828367147019542e+27 0.0 -7.882291500137707e+26 2.364688667746767e+27 0.0 -1.2044120428665215e+27 6.022060214334901e+27 0.0 -1.4243302451252953e+23 7.121651043883222e+23 0.0 -2.128616988317553e+23 6.385854135035906e+23 0.0 -8.711767245384936e+23 2.613532397274739e+24 0.0 -3.3197256809230796e+24 9.959187570938645e+24 0.0 -1.1628732596285174e+25 3.4886237562156283e+25 0.0 -3.682415675723328e+25 1.1047259454058944e+26 0.0 -1.0310030491679499e+26 3.093012342300441e+26 0.0 -2.4792826121302846e+26 7.437854369614547e+26 0.0 -4.942771357098931e+26 1.482832392828728e+27 0.0 -7.882268591200534e+26 2.3646814758571976e+27 0.0 -1.2044082670312247e+27 6.022041335161043e+27 0.0 -1.4243280349952367e+23 7.121638154672962e+23 0.0 -2.1286134321607145e+23 6.38584138828579e+23 0.0 -8.711751229393841e+23 2.6135266434309494e+24 0.0 -3.319719150995656e+24 9.959164306642382e+24 0.0 -1.1628708576702089e+25 3.488615317483087e+25 0.0 -3.682407776298477e+25 1.1047232164850466e+26 0.0 -1.0310007617311154e+26 3.0930045865901436e+26 0.0 -2.4792769116073772e+26 7.437835448154154e+26 0.0 -4.94275950791253e+26 1.4828285602553474e+27 0.0 -7.8822487841816e+26 2.36467527795503e+27 0.0 -1.2044050678384635e+27 6.022025339198725e+27 0.0 -1.4243255820678606e+23 7.121624975814688e+23 0.0 -2.1286096126434088e+23 6.385828648684322e+23 0.0 -8.711734654753029e+23 2.6135210264158205e+24 0.0 -3.319712598545254e+24 9.959141998545937e+24 0.0 -1.162868513468969e+25 3.4886073580863357e+25 0.0 -3.6824002715409e+25 1.104720687855181e+26 0.0 -1.0309986475745972e+26 3.0929975456702127e+26 0.0 -2.4792717920590662e+26 7.437818665694744e+26 0.0 -4.942749169675533e+26 1.4828252427435806e+27 0.0 -7.882231944619879e+26 2.3646700282801315e+27 0.0 -1.2044023941710775e+27 6.022011970858817e+27 0.0 -1.4243231495350277e+23 7.121612554122404e+23 0.0 -2.128605896399354e+23 6.385816809403274e+23 0.0 -8.7117188792598e+23 2.613515884202086e+24 0.0 -3.319706479931584e+24 9.959121816283023e+24 0.0 -1.1628663630228537e+25 3.488600236593399e+25 0.0 -3.6823935078685224e+25 1.1047184525226376e+26 0.0 -1.0309967774089121e+26 3.0929914086725863e+26 0.0 -2.4792673539845913e+26 7.437804276827099e+26 0.0 -4.94274039698105e+26 1.4828224487297201e+27 0.0 -7.882217941516724e+26 2.3646656795282547e+27 0.0 -1.2044002024991143e+27 6.022001012497207e+27 0.0 -1.4243209229626514e+23 7.121601621102413e+23 0.0 -2.1286025418481604e+23 6.38580648613565e+23 0.0 -8.711704859734362e+23 2.6135114465519246e+24 0.0 -3.319701116232184e+24 9.959104543279224e+24 0.0 -1.162864501677721e+25 3.488594189142958e+25 0.0 -3.6823877264751187e+25 1.1047165703664097e+26 0.0 -1.0309951997748626e+26 3.092986292643526e+26 0.0 -2.479263663795143e+26 7.437792422669765e+26 0.0 -4.9427332164024986e+26 1.4828201768857254e+27 0.0 -7.882206657002992e+26 2.3646621874030425e+27 0.0 -1.2043984567667663e+27 6.021992283836028e+27 0.0 -1.4243190316841066e+23 7.121592679467776e+23 0.0 -2.1285997295014185e+23 6.385798096491675e+23 0.0 -8.711693265839085e+23 2.613507867103916e+24 0.0 -3.3196967322778375e+24 9.95909069525143e+24 0.0 -1.1628629961011479e+25 3.4885893683034783e+25 0.0 -3.6823830952516664e+25 1.1047150790690942e+26 0.0 -1.030993948098738e+26 3.0929822676779116e+26 0.0 -2.479260765772767e+26 7.437783174741454e+26 0.0 -4.9427276398551214e+26 1.4828184212226304e+27 0.0 -7.88219799275667e+26 2.364659513428413e+27 0.0 -1.204397128101703e+27 6.021985640511586e+27 0.0 -1.424317564324544e+23 7.121586065333106e+23 0.0 -2.1285975839864056e+23 6.385791916631518e+23 0.0 -8.711684562970621e+23 2.6135052461103457e+24 0.0 -3.319693485084717e+24 9.959080603591131e+24 0.0 -1.162861893003892e+25 3.4885858702646415e+25 0.0 -3.6823797320261703e+25 1.1047140017249767e+26 0.0 -1.0309930458239954e+26 3.0929793742887532e+26 0.0 -2.4792586907422042e+26 7.43777656497208e+26 0.0 -4.9427236742834173e+26 1.4828171745142432e+27 0.0 -7.882191874392235e+26 2.3646576266713888e+27 0.0 -1.204396194484107e+27 6.021980972422396e+27 0.0 -1.4243165798960973e+23 7.121581991712447e+23 0.0 -2.128596189758659e+23 6.385788120540868e+23 0.0 -8.711679071350675e+23 2.613503646087147e+24 0.0 -3.3196914841071303e+24 9.959074472389752e+24 0.0 -1.1628612253439807e+25 3.488583753303208e+25 0.0 -3.6823777210512267e+25 1.1047133519700764e+26 0.0 -1.0309925100521264e+26 3.0929776350596172e+26 0.0 -2.4792574622375803e+26 7.43777260568541e+26 0.0 -4.9427213285125965e+26 1.4828164305273048e+27 0.0 -7.882188254486947e+26 2.3646565047523767e+27 0.0 -1.2043956404319262e+27 6.021978202163297e+27 0.0 -2.3053613907765444e+16 9.970212807965466e+23 0.0 -2.432680853605947e+23 7.298042096893269e+23 0.0 -9.956202586886998e+23 2.9868606939040623e+24 0.0 -3.793932351126149e+24 1.138179704672299e+25 0.0 -1.3289839945952358e+25 3.986952051965432e+25 0.0 -4.208430881449943e+25 1.262529297408899e+26 0.0 -1.1782769409753133e+26 3.5348309211204175e+26 0.0 -2.8334366132534536e+26 8.500310045117425e+26 0.0 -5.648823456668316e+26 1.694647066917604e+27 0.0 -9.008213750648779e+26 2.702464151730644e+27 0.0 -2.1076920493335904e+27 6.323076148009163e+27 0.0
    </DataArray>
    <DataArray type="Float32" Name="Ion soret flux Density [Am^-2]" NumberOfComponents="3" format="ascii">
1.5174227027360476 -93.88384373317213 0.0 -15.63739996539019 -52.952991744325914 0.0 -40.94271631499532 -148.63482345411356 0.0 -88.42076163999398 -357.9303445546016 0.0 -140.91134072823493 -703.3147829205108 0.0 -103.21278614640936 -1021.1969433697567 0.0 242.7260250202415 -769.7750835340078 0.0 1157.7314931041888 866.6409639796806 0.0 2702.085415770319 4327.744495828563 0.0 4614.9210529009 9150.266845893517 0.0 9294.826798378292 22625.62843106438 0.0 -12.018639386453158 -66.14754238284834 0.0 -13.209504611145846 -45.68423031181888 0.0 -33.94228960930288 -127.7499822856812 0.0 -70.8854006406324 -305.82272862342194 0.0 -104.23729264639815 -594.8451971931705 0.0 -43.17994152005377 -844.7890284190937 0.0 309.13574413285687 -577.2335277651467 0.0 1176.8606294077233 915.04588789198 0.0 2594.86971807142 3997.821048414381 0.0 4315.50476936075 8248.519122401069 0.0 6408.694087534578 21534.98650459065 0.0 -10.445882993545844 -64.25438488632055 0.0 -10.642563308685553 -44.100197539388006 0.0 -23.346546619327896 -122.39205477990538 0.0 -33.60730644784358 -289.317718321357 0.0 6.892343883909181 -550.2007020069435 0.0 234.5760960103786 -742.0530913279738 0.0 885.0313015430073 -380.8343917950184 0.0 2162.4564563002646 1222.6209331447649 0.0 3997.925940852449 4392.985764599856 0.0 6025.543630746009 8676.195403844467 0.0 8562.746393374813 21856.532959746204 0.0 -8.699307711170112 -61.281781416093715 0.0 -7.840008201794166 -41.9185385962878 0.0 -11.917657961673374 -115.45698838362351 0.0 6.169099293565334 -269.05967201290207 0.0 124.05051731605732 -498.19685039545897 0.0 523.4639929812331 -628.9957275902127 0.0 1475.0673956914693 -178.63529875818742 0.0 3155.4067728780474 1513.545828257661 0.0 5384.98629574583 4725.2348337550775 0.0 7681.18560788966 8977.514116707667 0.0 10607.432002229743 21844.138517015996 0.0 -6.77125632191338 -56.876828706905314 0.0 -4.778264782170076 -38.98241002205899 0.0 0.371319320704373 -106.52780669066831 0.0 48.13388139945013 -244.200854761543 0.0 245.15555090221184 -437.9628516088371 0.0 816.1781169334695 -506.8217128114114 0.0 2061.4664686067704 21.730891274226227 0.0 4122.741690302556 1769.0036813184652 0.0 6706.588517554384 4963.1317423551145 0.0 9219.480804700857 9111.980372456628 0.0 12460.28124912526 21430.5416745436 0.0 -4.630012698940492 -49.716605298305176 0.0 -1.5394910578350482 -34.43147907000708 0.0 12.509990350175045 -93.35516347477623 0.0 87.0473704790645 -210.28057571721385 0.0 351.63878169941614 -363.9664354766577 0.0 1063.3598581851572 -376.2115584949691 0.0 2543.0809852666525 196.89259778544013 0.0 4903.693878201503 1924.604880344819 0.0 7765.934296283027 5003.055240701471 0.0 10459.824937337766 8975.902156672353 0.0 13974.748589202449 20535.240234978242 0.0 -2.3792787628428576 -36.86389298649402 0.0 1.094040937499885 -25.412093609599648 0.0 19.062538911836956 -68.27610229133633 0.0 99.37266846271532 -151.40761209640098 0.0 366.0921548815705 -254.01174321283418 0.0 1063.4237715297625 -231.76702321251946 0.0 2505.8729989599487 274.8397351275333 0.0 4845.595295886604 1757.839953587194 0.0 7815.4506319914335 4488.027771338951 0.0 10852.667496157648 8267.28616686116 0.0 14923.737285013309 19100.20959490637 0.0 -0.7657215035550688 -21.356364735324284 0.0 1.7740482028826652 -14.140593608783297 0.0 15.399957874826065 -37.685545473155905 0.0 72.24179804560335 -83.2338372732049 0.0 258.29000123772215 -138.78689708825516 0.0 754.9988872029502 -117.84660983572665 0.0 1843.7051312472486 218.3247297575505 0.0 3802.959682064823 1280.3648642506955 0.0 6712.2102493622715 3512.1078451753297 0.0 10282.067864572726 7119.278274690254 0.0 15134.290174820295 17248.324769766412 0.0 -0.11077320843193884 -10.082310076980077 0.0 1.160971814374215 -6.298196657128777 0.0 8.304900392964862 -16.939417000788428 0.0 38.18453269144347 -38.557818572281036 0.0 140.7776337457735 -67.66826312530866 0.0 439.7187443671162 -61.47703692446667 0.0 1184.3586752774606 131.2819502385045 0.0 2760.6935621415573 862.9197413606739 0.0 5539.03593971907 2693.40709289261 0.0 9422.172643150487 6071.947396499442 0.0 14664.790724578948 15263.16295360472 0.0 0.0325444559446334 -4.5520394952373255 0.0 0.5927222238419786 -2.7848526332513304 0.0 4.103993639784221 -7.935817130720062 0.0 19.983166858256578 -19.682555011287267 0.0 80.63104358325606 -38.69488743532913 0.0 280.60356413026557 -42.09058873250802 0.0 847.2558179562982 79.57269884911175 0.0 2197.3669168409565 638.1871140640593 0.0 4800.108452322353 2204.21334562265 0.0 8617.089143552334 5273.754962474693 0.0 13739.856340049606 13377.765437571517 0.0 0.046266156174093284 -2.5657656062061096 0.0 0.36487224496124976 -1.6781727643284654 0.0 2.624419752301838 -5.189021442813685 0.0 13.718750858885224 -14.047469342730105 0.0 59.58730654616122 -30.400402352339555 0.0 221.8245253835063 -38.70347297961959 0.0 708.4844798711769 51.57255763688442 0.0 1916.52430252457 519.1166416504939 0.0 4302.583078172122 1891.6503632613571 0.0 7836.935390630667 4631.761471419935 0.0 12586.088188899854 11711.437832855023 0.0 0.04547481945366707 -1.9785410452037118 0.0 0.29148767147787075 -1.396064694434042 0.0 2.1400568738210324 -4.493754294366098 0.0 11.494500823452906 -12.623485772496327 0.0 51.12611959716418 -28.516154478229048 0.0 193.92895402893913 -40.04741872312104 0.0 627.8227552962948 31.555960751729856 0.0 1713.0288504361004 435.4080426253565 0.0 3863.701887032279 1646.9752713861005 0.0 7055.702545962699 4085.0532252801677 0.0 11367.949082726644 10302.080622079997 0.0 0.04174829571457293 -1.7681873330676585 0.0 0.25169244404106156 -1.298198067580049 0.0 1.866482705994853 -4.239504339970195 0.0 10.108887343472214 -12.071995586787917 0.0 45.232517605660384 -27.85726201352201 0.0 172.268392596668 -41.83333041648511 0.0 559.0681104677295 15.376151871926666 0.0 1527.3359665972177 366.90775796054174 0.0 3447.337518345478 1440.9717401232165 0.0 6303.877905153271 3619.166085395248 0.0 10187.688292795496 9139.188795001272 0.0 0.03449223124461783 -1.6411894962861104 0.0 0.2154592999947335 -1.229071329332582 0.0 1.6269458853380894 -4.046594149350543 0.0 8.88463538772775 -11.623121632485976 0.0 39.93669962990999 -27.245129350940452 0.0 152.50404785285318 -43.05287620289031 0.0 495.69256504114134 2.3894311315283705 0.0 1355.5392960306144 309.9584084029759 0.0 3062.808527303184 1267.773946696645 0.0 5611.959359977731 3227.1542819111464 0.0 9098.211579165914 8188.61307660793 0.0 0.024537753455479976 -1.5387947525212424 0.0 0.17965195509354018 -1.1663270710366913 0.0 1.401249290595491 -3.8628698764652505 0.0 7.749210221593164 -11.176347690171804 0.0 35.06609424233086 -26.548236229977945 0.0 134.43872250326143 -43.68512615899507 0.0 438.10259670852776 -7.861233189961536 0.0 1200.3722438661853 262.95087194809184 0.0 2717.4541082257624 1123.2029343406748 0.0 4992.439268276781 2899.0783081193927 0.0 8118.792462307026 7410.333689216433 0.0 0.013010167434761775 -1.4504135461819738 0.0 0.14494228858248243 -1.108911608690318 0.0 1.190780794156113 -3.6891677142109294 0.0 6.707155444033861 -10.740303994232699 0.0 30.6406535323482 -25.807093950015368 0.0 118.1551705742677 -43.88876408316611 0.0 386.5579396578772 -15.923230365302118 0.0 1062.3599114830906 224.17542782326387 0.0 2411.7437579915577 1002.4814443078595 0.0 4444.992058409954 2623.8485126397895 0.0 7249.758820474775 6768.061494680016 0.0 0.0007673577076216189 -1.3731944216452279 0.0 0.11197930355461141 -1.0571863489248057 0.0 0.9970632196116247 -3.5291171148266045 0.0 5.761214818413031 -10.328789320014199 0.0 26.65838957876118 -25.066899573195787 0.0 103.60424588048299 -43.81416720083422 0.0 340.77851345358226 -22.305454224662967 0.0 940.4228033772872 192.00422927038815 0.0 2142.640227113517 901.0919994445142 0.0 3963.5851044504047 2391.4257196785734 0.0 6482.886595363923 6232.453257039992 0.0 -0.011606264692199102 -1.3055243219680595 0.0 0.08112546451261715 -1.0110583935162993 0.0 0.8203393730253284 -3.3841839780422567 0.0 4.9085516436127135 -9.949503724257433 0.0 23.09544334945845 -24.357766687126205 0.0 90.66017529270923 -43.57457103882891 0.0 300.2542171961828 -27.421795132215433 0.0 832.9238977570093 165.06951003128634 0.0 1906.0579665878888 815.2499556852927 0.0 3540.606851363959 2193.583073268883 0.0 5807.223642137464 5780.980838694721 0.0 -0.023727426911739256 -1.2461269288990477 0.0 0.052539952827589165 -0.9701511381207142 0.0 0.6600568299606439 -3.2543316212734137 0.0 4.143279452416466 -9.605355497298099 0.0 19.91806446093187 -23.696921514847666 0.0 79.171149410254 -43.24896859506389 0.0 264.4237383364718 -31.588994341979678 0.0 738.1704264029985 142.2893140134435 0.0 1697.9451149160484 741.9528440921414 0.0 3168.6452063055985 2023.853107400329 0.0 5211.769812935019 5396.653537941218 0.0 -0.03535430947413448 -1.1939211048901484 0.0 0.02625056675347335 -0.9339824865004976 0.0 0.5152449060026326 -3.138752288435859 0.0 3.4581920374207558 -9.296337308735591 0.0 17.08939370188233 -23.092647195598406 0.0 68.98294721847388 -42.8898575293158 0.0 232.7462433516222 -35.042343951643886 0.0 654.5938330280809 122.82932380137409 0.0 1514.6431645925425 678.8660684202727 0.0 2841.06945181563 1877.2106583274458 0.0 4686.476548951461 5066.648622026711 0.0 -0.04634356178790182 -1.1479787743647791 0.0 0.00220237475359489 -0.9020524163753535 0.0 0.38473957262453407 -3.0362937018238423 0.0 2.845737805674479 -9.020813029570913 0.0 14.572949737839549 -22.547419375370964 0.0 59.94927288822134 -42.530494585658225 0.0 204.72649395179351 -37.95394522336383 0.0 580.7975723427355 106.05143147550484 0.0 1352.9560128369028 624.179562630267 0.0 2552.123469766825 1749.7391979661752 0.0 4222.495461140077 4781.194232164748 0.0 -0.05661966763795476 -1.10750038141687 0.0 -0.019709266031868778 -0.8738827125134808 0.0 0.2673166053562986 -2.9456905782099976 0.0 2.2985550567546706 -8.77632246832777 0.0 12.334393153294554 -22.060134749925368 0.0 51.93611772656551 -42.190694707971744 0.0 179.92166756808967 -40.448727676991666 0.0 515.5579080353464 91.46711120737689 0.0 1210.1219389955536 576.4819830389448 0.0 2296.856065052337 1638.3564084350946 0.0 3812.1404967225258 4532.742275323016 0.0 -0.06615317930406481 -1.0717960784023146 0.0 -0.0396164655925389 -0.8490338060090789 0.0 0.1617687811142824 -2.8656871258828187 0.0 1.8097472064965463 -8.560068314960942 0.0 10.342326143914068 -21.627626676296025 0.0 44.82319192941695 -41.88118202743909 0.0 157.9408048054337 -42.61720144545537 0.0 457.8096921246402 78.69994006295995 0.0 1083.7609573348734 534.6619976551793 0.0 2071.0135602204227 1540.606670349418 0.0 3448.761852752193 4315.3765841927225 0.0 -0.0749453440138397 -1.0402700526642932 0.0 -0.057664111849736716 -0.827110403381324 0.0 0.0669482288588421 -2.795098946570426 0.0 1.3730031239192493 -8.369202114061107 0.0 8.56853838037981 -21.245664677552263 0.0 38.50382929080068 -41.60673318950347 0.0 138.44117771890132 -44.525138449610836 0.0 406.6283087438241 67.4569587023086 0.0 971.8211497632077 497.83411410299055 0.0 1870.9353740383247 1454.5085227138309 0.0 3126.6061109972093 4124.3921713756545 0.0 -0.08301732363930797 -1.0124071298120068 0.0 -0.07400042609059419 -0.807761568622937 0.0 -0.01821276325075446 -2.7328410978513604 0.0 0.9826278734488166 -8.20098502866056 0.0 6.987945491212979 -20.909594169264334 0.0 32.88411374054338 -41.36838399760287 0.0 121.12345830265421 -46.22071410070738 0.0 361.21163362478 57.50731211849684 0.0 872.5304478535363 465.28382851059206 0.0 1693.4629005898964 1378.443082646585 0.0 2840.687031118848 3955.9945295298785 0.0 0.08929129838669089 -0.7182202764871767 0.0 0.1747882882080366 -0.7610877817607474 0.0 0.7979518540138032 -2.6463727098124257 0.0 3.3178149889865636 -8.264046353366016 0.0 12.449948497250233 -22.4741884963278 0.0 41.603306200268314 -50.45882670469345 0.0 121.63983265028509 -82.9818772946709 0.0 304.6411876834054 -58.28793947607105 0.0 638.879240041601 174.97555883953837 0.0 1098.8385151791047 799.1178644806877 0.0 2281.5707090779556 4417.287445999933 0.0 0.30295697475330385 -1.0345505856176866 0.0 0.4540470503061956 -0.8928994664118204 0.0 1.767906002475565 -3.1643590079518304 0.0 6.343349019830398 -10.144046476838016 0.0 20.667777132266114 -28.685942403400357 0.0 60.02585680451683 -68.81070391271176 0.0 151.86046685614812 -130.40349905327867 0.0 325.6339760707369 -162.75245070244418 0.0 574.3686690634911 -15.996306267580586 0.0 806.2438616281669 517.2751844989018 0.0 1123.0088498442926 2513.8239762327644 0.0 0.28766120983128346 -1.008084650685292 0.0 0.4289850712887855 -0.8671967914807299 0.0 1.6587420798399577 -3.0647011928411976 0.0 5.907788117248354 -9.791019843549499 0.0 19.093774815715374 -27.56109090473241 0.0 54.950378274269575 -65.65226506308939 0.0 137.52937195135416 -122.79732195356263 0.0 290.98126451033653 -147.59731849580302 0.0 504.2916630825675 7.777803486411428 0.0 690.2808158328778 544.3222101869691 0.0 943.4821338785903 2523.461752494011 0.0 0.27394391541783103 -0.9845320680320085 0.0 0.40654986161449286 -0.8443103403785948 0.0 1.5611777475414326 -2.97603902543338 0.0 5.51900779493081 -9.477157547524017 0.0 17.69020041505497 -26.561541270620797 0.0 50.42764662315567 -62.846584293134256 0.0 124.76476889118669 -116.04127544041381 0.0 260.12275034135024 -134.1323047805917 0.0 441.8854222338619 28.92031680751085 0.0 586.982606185115 568.4322228951027 0.0 783.4926522936993 2532.226840655626 0.0 0.26164378565563423 -0.9635691532582187 0.0 0.3864635830506767 -0.8239288616793472 0.0 1.4739494351093154 -2.8971421306476066 0.0 5.171799711430922 -9.198035197870126 0.0 16.43777507665528 -25.673033690815153 0.0 46.39443452837293 -60.35330658779024 0.0 113.3861948497826 -110.03787582110232 0.0 232.61985225915066 -122.16406342441567 0.0 386.2635294278312 47.728918175960644 0.0 494.89179637196173 589.9271678686126 0.0 640.8112852875197 2540.1572553116293 0.0 0.25061483098069426 -0.9449101467888947 0.0 0.3684768363505729 -0.805776592883981 0.0 1.3959306465280317 -2.826921860443265 0.0 4.861542803301502 -8.949740584162864 0.0 15.319450686277406 -24.88296081034395 0.0 42.79495415322225 -58.136736475183255 0.0 103.23462413827285 -104.70076388714145 0.0 208.08623789742464 -111.52069359715625 0.0 336.64471208344196 64.47041254879265 0.0 412.72161861105127 609.1012916322376 0.0 513.4639503084405 2547.3212034001376 0.0 0.2407252101279855 -0.9283026504699805 0.0 0.35236599063239815 -0.7896093104425794 0.0 1.3261172766019507 -2.7644155433931004 0.0 4.584135530721089 -8.728817229592723 0.0 14.320140337086212 -24.180187743223286 0.0 39.57993061904716 -56.16533974590565 0.0 94.16974601951068 -99.95355785507482 0.0 186.1811266362183 -102.04971222833895 0.0 292.33940368785557 79.38299546669275 0.0 339.334590219767 626.2213120989715 0.0 399.70113762391713 2553.802606812136 0.0 0.23185603714334466 -0.9135236287815047 0.0 0.3379306252664561 -0.7752107445792684 0.0 1.2636140706240382 -2.708772051293699 0.0 4.335934609569831 -8.53221216397869 0.0 13.426477637743966 -23.55488411124835 0.0 36.7057821431028 -54.41127375678446 0.0 86.06757312359365 -95.72875452998423 0.0 166.60343467220375 -93.6160378266509 0.0 252.73801494476933 92.6787940013954 0.0 273.7237726537037 641.5276645217764 0.0 297.97082648899567 2559.691919374738 0.0 0.22390021516933467 -0.9003759173713726 0.0 0.32499114305380256 -0.7623893704484493 0.0 1.2076223550192784 -2.6592388173866097 0.0 4.113700379851422 -8.357228675348637 0.0 12.626604217870861 -22.998371134627483 0.0 34.13390114435054 -52.84995701312125 0.0 78.81835452117691 -91.96671103841382 0.0 149.0866806391508 -86.10007383456032 0.0 217.30072518423012 104.54645780795873 0.0 214.99639021139657 655.2363414908045 0.0 206.89452034833374 2565.0805115330945 0.0 0.21676132593509753 -0.8886851788945644 0.0 0.3133865797653843 -0.7509755620972168 0.0 1.1574290410929007 -2.6151502955487933 0.0 3.9145484949958163 -8.201484160058332 0.0 11.909983322640576 -22.502984744541475 0.0 31.83002695777039 -51.45968174257005 0.0 72.32476051866392 -88.61471943198947 0.0 133.3945610016074 -79.39593523287762 0.0 185.54860769453325 115.15366899627193 0.0 162.3595198364669 667.5410187200927 0.0 125.2460970684162 2570.0574355117283 0.0 0.21035259035025777 -0.8782972504322266 0.0 0.30297261314940366 -0.7408190808305175 0.0 1.112396826742783 -2.575917775437066 0.0 3.735907369468392 -8.062872875876028 0.0 11.26723681174166 -22.06195423781758 0.0 29.763699692203947 -50.221269102864596 0.0 66.50030609419048 -85.6261779403526 0.0 119.31710747884154 -73.40983611986033 0.0 157.05591018082478 124.64950017625121 0.0 115.10758643817265 678.6152703952221 0.0 51.93315612622544 2574.707784653159 0.0 0.20459590647736836 -0.8690758329522871 0.0 0.2936197642891243 -0.7317868675559308 0.0 1.0719554923066623 -2.54102043646163 0.0 3.5754807583108494 -7.9395331802473255 0.0 10.690002686190688 -21.669295396028186 0.0 27.907784476366537 -49.11776457351372 0.0 61.26797992437903 -82.95985451693706 0.0 106.6673470584731 -68.05864192623433 0.0 131.44332946458886 133.16658726733485 0.0 72.61142111839534 688.614756092515 0.0 -14.019426712660119 2579.112071821076 0.0 0.19942096570828274 -0.8609004781612645 0.0 0.2852117778504175 -0.7237611048395716 0.0 1.0355941767903776 -2.5099975076062977 0.0 3.431214843650294 -7.82981884211979 0.0 10.170810441286898 -21.319716779413053 0.0 26.238056638714944 -48.134170184856664 0.0 56.559050278524786 -80.57923605353842 0.0 95.2783912463966 -63.268577403622814 0.0 108.37213911321291 140.82310439790558 0.0 34.308664539761956 697.6793126495573 0.0 -73.48402283217735 2583.346286608071 0.0 0.1947644450336343 -0.853664834606062 0.0 0.27764416667390684 -0.7166375188199546 0.0 1.0028545185335254 -2.4824414097396637 0.0 3.301269237375209 -7.7322739480946705 0.0 9.702971805160931 -21.00853767603204 0.0 24.732838997181965 -47.25720962494229 0.0 52.31202206977814 -78.45195563765333 0.0 85.00089182096703 -58.97408105678002 0.0 87.53904636982904 147.7245445507422 0.0 -0.3046678018295329 705.9349112212113 0.0 -127.24309051584194 2587.482351463523 0.0 0.19056927077499317 -0.8472751186591323 0.0 0.27082290421704347 -0.710323892190755 0.0 0.9733245585404936 -2.457991761202168 0.0 3.1839913837395484 -7.645610981162727 0.0 9.280484660790094 -20.73161641987342 0.0 23.37268358031827 -46.47512266038659 0.0 48.471722477371 -76.54928931569802 0.0 75.70080960797185 -55.11679074608201 0.0 68.67167168282812 153.9653186980094 0.0 -31.68162707753577 713.4954694834502 0.0 -176.0005543103417 2591.588831494698 0.0 0.18678394918087876 -0.8416487824438046 0.0 0.26466324900865945 -0.7047387623271055 0.0 0.9466333100988296 -2.4363301410180127 0.0 3.077893880749609 -7.5686916829366755 0.0 8.897948278754669 -20.48528778513544 0.0 22.14009145342673 -45.77748518913478 0.0 44.98849621285539 -74.84571378158611 0.0 67.25744939450807 -51.64464760330378 0.0 51.52455941443329 159.63018434714417 0.0 -60.23092165912754 720.4645157914638 0.0 -220.39192831793235 2595.7317921743766 0.0 0.18336195829694607 -0.8367133549574701 0.0 0.2590886869397026 -0.6998102829995303 0.0 0.9224459071445549 -2.4171755168584053 0.0 2.981634331851343 -7.500510349956052 0.0 8.55048820009432 -20.266308256949433 0.0 21.019264887265987 -45.15505183710728 0.0 41.817493995719865 -73.31851846326404 0.0 59.5617202756288 -48.51110386636863 0.0 35.875640536451414 164.79552343140602 0.0 -86.32277450661783 726.9367108674736 0.0 -260.99335093708225 2599.975733887912 0.0 0.18026119511923633 -0.8324054348329496 0.0 0.2540299784663956 -0.6954752303195705 0.0 0.9004592589607929 -2.400280253997608 0.0 2.893997376229603 -7.44017925936018 0.0 8.233689415743102 -20.07180827710703 0.0 19.99588700909367 -44.59961809996973 0.0 38.91804028860748 -71.94746439794608 0.0 52.51458918967975 -45.67442261433212 0.0 21.523081060220534 169.5304864244187 0.0 -110.29415981539891 732.9992407713197 0.0 -298.32967821203437 2604.3845497880216 0.0 0.17744347313660533 -0.8286698158304379 0.0 0.24942429712543257 -0.6916781349964104 0.0 0.8803981448929725 -2.385426638287838 0.0 2.8138785782438966 -7.386915956895368 0.0 7.943536611796198 -19.899250529161044 0.0 19.056925054985044 -44.10389969655277 0.0 36.253068302935816 -70.71448417824791 0.0 46.025696961927814 -43.09705697993066 0.0 8.282457158822035 173.8980165027177 0.0 -132.45351163480433 738.7330954390933 0.0 -332.8817880016833 2609.0225273571536 0.0 0.1748740653104969 -0.825458734459421 0.0 0.2452144496834513 -0.6883705282701472 0.0 0.8620116876813722 -2.3724238482196665 0.0 2.7402699235775647 -7.340032181017978 0.0 7.676360418924811 -19.74639347981383 0.0 18.19045342183401 -43.661426760449025 0.0 33.78861185599344 -69.6034177597216 0.0 40.01211257237696 -40.745099306331404 0.0 -4.01579384341339 177.95577250362498 0.0 -153.08497908457895 744.214244068847 0.0 -365.09319776300407 2613.9553371825145 0.0 0.1725212866735751 -0.822731221236524 0.0 0.24134816754927924 -0.685510287780117 0.0 0.8450701581104877 -2.3611053293349986 0.0 2.672246700138598 -7.2989242305526 0.0 7.428788815700596 -19.61125959213058 0.0 17.38549365878213 -43.266451150459105 0.0 31.493345289615196 -68.59977903347225 0.0 34.39720351615558 -38.58778978139388 0.0 -15.5286886594141 181.7569634123655 0.0 -172.45230801455173 749.5147291648791 0.0 -395.37611298027275 2619.251042941839 0.0 0.1703561133247674 -0.8204525501591902 0.0 0.2377774599646241 -0.6830610737368368 0.0 0.8293620623947026 -2.351326521082422 0.0 2.6089555381649516 -7.263064600984044 0.0 7.197702848033254 -19.49210759953733 0.0 16.63186860351954 -42.91386510098524 0.0 29.338163857441142 -67.69054968524077 0.0 29.109602818867476 -36.59707676209282 0.0 -26.402821160490493 185.3511079632396 0.0 -190.8024092037954 754.7036873053962 0.0 -424.1169993292666 2624.981118783692 0.0 0.1683518326804839 -0.8185937743130657 0.0 0.23445802139209548 -0.6809918460412824 0.0 0.8146914749496764 -2.342962905839181 0.0 2.5496034525240705 -7.231994760667495 0.0 6.980196007917269 -19.38740837883375 0.0 15.920068356233754 -42.59912982490452 0.0 27.29579737646761 -66.86399618895459 0.0 24.082256776819644 -34.74722209112639 0.0 -36.77632520638803 188.7847311501224 0.0 -208.3686675839795 759.8483185850794 0.0 -451.6817653153325 2631.2215048480057 0.0 0.1664837217631615 -0.817131342534624 0.0 0.23134868553203364 -0.6792764551969227 0.0 0.8008755745460989 -2.3359083404831473 0.0 2.493447720785845 -7.205318939403903 0.0 6.773536656907596 -19.29582403268176 0.0 15.241126096929369 -42.31821294276013 0.0 25.340451117789787 -66.10950720282685 0.0 19.25153729955833 -33.01444357340417 0.0 -46.78070935546324 192.10200965257414 0.0 -225.3740465958028 765.014811862915 0.0 -478.4206337707766 2638.053681240601 0.0 0.1647287492879874 -0.8160467894077251 0.0 0.22841091960320728 -0.6778933012984509 0.0 0.7877423568448714 -2.330073652476893 0.0 2.439786447579075 -7.182698823408387 0.0 6.5751329109748 -19.21618979642801 0.0 14.586501710871932 -42.06753366015414 0.0 23.447468637790184 -65.4174486914837 0.0 14.556405315440282 -31.37658954364498 0.0 -56.54259195668472 195.34537532954656 0.0 -242.03403779476824 770.2692467397396 0.0 -504.6727762676857 2645.5658055510476 0.0 0.001893422086390623 -1.1414570924391978 0.0 0.2604512786347977 -0.7740369808640406 0.0 0.8976650077283512 -2.659944173799629 0.0 2.7777411017689007 -8.19698724818654 0.0 7.475578713649611 -21.919114182427304 0.0 16.542925687741818 -47.94209422190379 0.0 26.43112884863635 -74.38386245239491 0.0 15.73370917165429 -34.94710500608619 0.0 -66.48445226573656 225.09004930854854 0.0 -279.77228304345147 883.3448349094414 0.0 -906.008274162237 2778.9330833065333 0.0
    </DataArray>
    <DataArray type="Float32" Name="Power density [Wm^-3]" NumberOfComponents="1" format="ascii">
287661601521813.0 360254140657832.9 362587565128905.4 365402523137180.25 367504845726012.0 367111418925089.6 361645201279056.94 347997996974245.2 323648827617337.5 289497535414452.6 213068279835178.6 215193410594771.1 287559969736162.7 289873528662100.94 292348778813858.06 293975299391926.8 293310571547271.4 288279280851062.1 276420530609890.66 255848999429936.62 227784942465801.62 158929995632606.53 213227595576379.06 284927139222750.1 287935821489949.75 290727726504749.94 292340393077396.56 291487401973412.9 286223032362768.2 274147053210221.16 253378123612915.34 225127584570361.88 156527608262629.4 209209821232351.4 279506306716805.5 283220392987731.0 285939646814449.7 287084394452431.8 285730221822301.3 280127393605398.53 267923323741610.75 247184440410354.97 219037675723611.03 151414368147745.88 201804493853009.22 268744867839291.62 272355311712992.88 273932965778616.75 273922576544973.9 271910365057502.03 266238549828805.4 254417990585504.5 234305876202910.34 206887594823768.12 141619921846220.0 186892268757898.53 245162940559852.72 247098023344117.97 246785651534194.84 245742217187356.5 243793079101641.03 238999429202712.62 228435740170785.53 209799591442383.16 184338630207177.34 124215723794936.05 155301334212913.0 198324171260958.22 198710017666874.47 197660002713327.4 196516510283526.9 194924903504249.22 190969626081863.72 182089254544419.22 166830181806563.5 147154022278167.8 98384472636485.0 109381971684025.67 135894601381432.62 136083820688387.64 136036855042926.67 135828452152846.19 134842107845227.06 131786606985966.02 125453964613028.02 115728669412380.36 104431545985495.75 70503595425031.36 66342760825716.164 81192032474003.33 81777709748980.72 82995027850566.06 84058145581163.83 84313721849287.16 83089184586866.72 80068935438436.36 75476019557070.5 70251296811762.29 48187284586017.28 38390398523205.37 47593124570674.09 48277032006677.38 49738172229595.85 51244723343151.93 52293749960511.97 52526473775799.73 51799767993399.22 50064053695964.73 47718521715736.29 33242324675883.9 25594821955061.332 32718432034740.293 33003880912165.56 33843599199045.395 34854168327741.63 35745379481606.48 36286785442798.89 36301551957896.05 35558192266703.64 34277021099173.137 24263320122592.266 21334856298633.33 27862240908735.793 27770160635971.344 27935517098814.06 28263678935028.86 28621852659965.684 28858947493250.996 28791417082861.918 28142893193285.844 27085696058763.56 19442568533945.55 20113066406718.8 26570074182414.62 26379846315263.543 26235291816592.562 26168292116539.25 26137313247298.67 26048248121542.246 25734979992079.598 24922261909612.168 23772695786030.625 17206833513074.092 19778993050505.965 26279862224708.74 26130666885055.613 25932892812887.28 25738929198617.285 25543543757268.676 25282627091028.215 24803971380465.3 23837678161070.656 22545104387145.887 16369439883142.637 19712065103690.58 26257631554763.25 26165328904757.69 26003694823357.855 25809777035659.254 25583651285456.598 25270301474776.527 24721786706013.594 23669223684920.39 22273215614033.6 16180374178361.625 19730930342944.01 26308918042307.734 26255935548566.78 26141273432177.72 25984262955376.28 25779275238266.73 25469926968036.234 24906411370363.66 23817834229955.14 22363886419223.445 16241190467259.857 19775841211717.81 26377599994536.11 26347449916850.035 26269308210726.625 26150324369245.973 25977666257372.973 25690194383293.95 25133929905133.207 24034979584183.08 22552430953179.785 16371173173503.273 19824986761686.95 26444991167935.434 26427494114256.598 26374241755196.934 26285116220027.246 26141460333755.176 25877183565316.574 25333911850250.83 24234828012360.22 22738847553778.113 16500736512011.656 19870253350141.01 26504599127615.453 26494126123048.285 26457209731267.39 26389546031581.01 26268328716082.363 26023345189195.89 25492407839653.043 24396217557516.277 22893833138982.168 16608948988985.102 19909012921906.816 26554689601180.688 26548186379549.363 26521939045742.043 26469214329168.49 26364373239360.996 26134049921293.516 25613010899674.016 24519976440200.66 23014325003126.348 16693316344521.512 19940925352786.918 26595524512358.973 26591308339285.76 26572066822167.72 26529624637351.74 26436430946974.535 26216798253175.207 25703161680797.527 24612714341116.125 23105239053501.848 16757097532010.152 19966573849902.594 26628155876022.547 26625275984315.66 26610667322949.188 26575276894978.03 26490263521675.87 26278262714463.824 25769968771756.02 24681424651785.203 23172852513695.57 16804608788703.777 19986854424491.996 26653865229865.84 26651771265126.375 26640243467885.562 26609682597355.688 26530373400610.953 26323752611641.453 25819235182972.62 24732013655660.715 23222758233320.66 16839735380639.445 20002701628429.938 26673906330622.484 26672273657668.56 26662801597178.47 26635544717775.516 26560193156920.246 26357332026653.5 25855446311729.25 24769109454028.23 23259433312191.15 16865600494293.998 20014971810677.41 26689397369605.406 26688032149633.402 26679933414240.75 26654933274761.297 26582315907559.207 26382063902855.656 25881991602410.375 24796227949353.88 23286310503472.79 16884602981229.36 21360101476016.29 26699924895063.51 26697100140969.062 26687708892277.027 26659760793492.98 26577281445213.953 26348257126654.0 25780437112178.73 24569445951383.45 23051258756496.28 15024667407384.807 20032804823523.66 26708288139314.926 26705413221685.332 26697375328878.98 26674041063620.14 26604402692266.105 26407566774657.156 25910080407468.11 24825862282196.94 23325970971975.637 16917311249440.938 20038044555742.258 26715844753012.574 26713584120161.074 26706421451236.45 26684079307824.92 26615367998844.88 26419230548375.52 25922105844082.043 24837779694517.496 23336654965096.777 16924900023204.48 20041974210102.977 26721495514569.99 26719642313344.47 26713070080382.09 26691402927936.973 26623324825029.69 26427664161648.42 25930782746084.26 24846364261384.332 23344249539641.656 16930209580597.555 20044906102851.18 26725700890112.62 26724115691673.203 26717939407909.02 26696728972236.785 26629080874808.188 26433743506395.62 25937024100122.406 24852527497719.87 23349609728135.023 16933878233983.77 20047081354109.1 26728814244808.535 26727403482085.55 26721490811624.707 26700587447741.668 26633229504599.547 26438109797382.832 25941497140837.797 24856935124244.0 23353359135815.004 16936371084719.297 20048685158418.344 26731105573284.676 26729806818043.344 26724068115834.97 26703369681055.37 26636206114665.027 26441231811866.598 25944688703160.902 24860072413256.465 23355951416931.133 16938025925097.635 20049859137279.414 26732780401050.535 26731552305588.707 26725927171967.043 26705364295573.297 26638329860412.45 26443451847122.527 25946953495403.004 24862292523229.934 23357715824396.953 16939087331991.816 20050711179480.65 26733994662738.36 26732810093097.25 26727258095696.73 26706783934789.23 26639834444797.094 26445019561355.402 25948549626753.49 24863852091310.23 23358890789296.363 16939731840045.938 20051323193828.92 26734866311313.434 26733707667446.566 26728201950994.38 26707785086020.645 26640890814978.8 26446116839956.895 25949664683183.348 24864937356406.91 23359648576069.387 16940086444864.484 20051757166162.273 26735484315504.363 26734340350656.72 26728863246830.38 26708482769336.39 26641623870945.707 26446876037515.344 25950434826402.984 24865683284026.223 23360113331815.676 16940242155685.217 20052059861014.96 26735915596220.535 26734779263134.61 26729319283855.47 26708961411366.605 26642124753619.984 26447393343146.996 25950958760264.44 24866187540849.355 23360374272440.824 16940263898496.1 20052266452105.938 26736210350896.215 26735077350192.06 26729627136097.793 26709282888089.375 26642459874346.574 26447738562778.27 25951307930928.934 24866520690691.84 23360495293170.176 16940197733297.377 20052403313481.695 26736406125525.402 26735273933093.434 26729828860023.082 26709492469063.254 26642677545071.137 26447962272842.33 25951533968719.547 24866733624269.53 23360521967830.035 16940076107147.27 20052490157726.277 26736530919523.137 26735398139463.48 26729955376849.047 26709623207559.51 26642812843555.188 26448101047820.63 25951674112895.64 24866862968100.605 23360486634498.81 16939921668787.092 20052541668177.73 26736605546099.656 26735471484151.074 26730029362837.01 26709699180475.426 26642891181099.125 26448181277555.0 25951755162823.78 24866935018387.176 23360412088878.617 16939750034629.348 20052568741646.62 26736645422453.223 26735509807810.703 26730067398773.01 26709737877571.457 26642930917014.438 26448221952795.152 25951796353754.098 24866968599784.246 23360314262644.98 16939571791785.234 20052579431338.156 26736661923662.547 26735524730200.074 26730081566450.016 26709751961660.7 26642945272944.23 26448236696199.895 25951811447951.215 24866977140949.51 23360204161937.715 16939393944579.3 20052579660346.12 26736663404032.285 26735524737514.527 26730080632622.562 26709750563864.105 26642943733041.31 26448235241618.426 25951810253808.656 24866970179755.19 23360089267962.402 16939220956231.055 20052573759568.54 26736655965091.895 26735515993840.64 26730070925255.746 26709740235081.875 26642933066523.066 26448224509922.36 25951799727685.527 24866954453240.625 23359974548946.016 16939055498846.277 20052564871213.777 26736644030571.27 26735502944457.543 26730056980055.332 26709725643015.887 26642918072496.504 26448209389542.145 25951784771224.223 24866934685028.285 23359863183925.344 16938898987696.764 20052555249605.84 26736630774429.312 26735488762036.17 26730042015131.13 26709710080619.707 26642902120334.074 26448193300517.64 25951768806209.938 24866914152025.594 23359757082816.44 16938751961494.059 20052546482891.094 26736618436274.84 26735475673666.594 26730028276691.34 26709695833997.3 26642887538807.63 26448178599253.707 25951754186029.38 24866895089400.188 23359657253543.77 16938614350082.053 20052539653522.875 26736608550140.234 26735465196783.613 26730017287027.3 26709684445010.457 26642875892514.26 26448166865027.637 25951742486451.36 24866878976397.902 23359564056573.152 16938485656851.031 20052535450391.69 26736602105297.61 26735458304459.38 26730010017486.613 26709676893579.24 26642868173096.906 26448159097733.207 25951734705918.688 24866866732952.176 23359477378780.27 16938365081658.973 26736712092960.16 33420777744977.41 33419577356934.773 33413613169705.805 33391071348422.36 33316304465771.434 33096149059851.652 32527816427639.617 31266642211948.63 29393083860234.258 22584335461045.44
    </DataArray>
    <DataArray type="Float32" Name="Temperature [K]" NumberOfComponents="1" format="ascii">
300.0111151717168 300.01435470972365 300.0170163716456 300.01912793220646 300.02070974158977 300.0217769850428 300.0223433546291 300.0224265210553 300.0220547580286 300.0212723364311 300.02013603439923 300.01106280127533 300.0142831664202 300.01692866728166 300.01902734373465 300.02059965136897 300.02166081104446 300.02222445829256 300.0223080777673 300.02193961030366 300.02116285549084 300.0200340219931 300.0109059586375 300.014067886634 300.01666430073834 300.01872394800426 300.0202675726388 300.0213104913294 300.02186615342026 300.02195146441267 300.0215933414196 300.02083414020296 300.019728334856 300.010645619917 300.013707029652 300.01621973840895 300.01821330625313 300.01970880358954 300.0207215945781 300.02126471072626 300.02135400396213 300.0210146094973 300.0202864019692 300.0192209114643 300.0102840953105 300.01319817152836 300.01559042589406 300.0174903773461 300.0189188788501 300.0198908420185 300.02041836053394 300.02051563801723 300.0202052548224 300.01952358090415 300.0185180138234 300.0098266733147 300.0125410617761 300.0147757468633 300.0165566338504 300.0179020961998 300.0188250938999 300.0193359347683 300.01944672658567 300.0191770851997 300.01855912651797 300.0176349453895 300.0092859725187 300.0117481815059 300.0137940707324 300.01543740080024 300.0166891944566 300.01755807168684 300.01805197646456 300.0181813603578 300.0179634021764 300.0174256090815 300.0166032637006 300.00869030325094 300.01086831894696 300.01270842374186 300.0142058017905 300.01536008588135 300.01617350296544 300.01665103054296 300.0168017045516 300.01664061420456 300.0161906473841 300.01548009575356 300.00807969078585 300.009978737202 300.0116146542534 300.01296685962024 300.0140244569678 300.0147831964086 300.015244412672 300.0154148646809 300.01530700569106 300.01493953989905 300.0143353734823 300.0074892850203 300.0091443482451 300.0105931355118 300.0118077471845 300.0127712787631 300.0134749966555 300.0139168688847 300.0141008030651 300.01403625892056 300.01373836265964 300.0132259630345 300.0069394772484 300.0083958341869 300.0096825856889 300.01077219652524 300.0116464103478 300.0122945607754 300.01271240636527 300.0129013987625 300.01286827693195 300.01262510923436 300.01218730260774 300.0064370764175 300.0077356814268 300.00888683603756 300.00986707607217 300.01065961825293 300.01125376160064 300.01164428488 300.0118309956297 300.0118185071066 300.01161634733336 300.0112369374701 300.0059815154143 300.00715419013966 300.0081934994507 300.0090805336579 300.0098009651592 300.0103450446417 300.01070742629986 300.01088699485587 300.01088684075154 300.01071448063084 300.0103798613745 300.00556976629287 300.0066403021216 300.00758735504564 300.00839587360565 300.00905397922827 300.0095531953907 300.0098885002337 300.0100583427186 300.01006477390143 300.0099137809809 300.0096133573694 300.005198265483 300.00618463851595 300.00705506330644 300.0077975149286 300.0084022255038 300.0088619753557 300.00917224360217 300.00933133288095 300.0093406088851 300.0092049322888 300.0089308112933 300.0048634679622 300.00577956574193 300.0065857810017 300.0072724228748 300.0078314525416 300.0082567668559 300.00854438217755 300.00869261672204 300.0087024018026 300.00857779182843 300.0083241984823 300.0045620103363 300.00541879084466 300.006170740349 300.0068099708718 300.00732983634214 300.00772518392563 300.0079925418525 300.00813033111916 300.00813922399686 300.0080227139882 300.00778542155996 300.004290762745 300.0050970273175 300.0058027606892 300.00640147791336 300.00688765074534 300.00725692126554 300.00750628152883 300.00763429949046 300.007641508915 300.00753102432714 300.00730690486284 300.00404684213777 300.00480976577876 300.0054758725992 300.00603977997525 300.006496858884 300.0068434123895 300.007076842946 300.00719588444446 300.0072010130409 300.00709509519527 300.0068817963235 300.0038276091866 300.0045531156889 300.0051850474079 300.0057188967848 300.00615076197334 300.0064774954466 300.0066968584505 300.0068077548053 300.00681065553823 300.0067082707551 300.00650399155614 300.0036306575643 300.00432369163406 300.0049260017793 300.005433782465 300.0058437239093 300.00615313638997 300.0063600928855 300.00646366229796 300.0064643429795 300.0063647514021 300.00616808810753 300.00345379969986 300.0041185284237 300.00469505368653 300.00518013903815 300.0055709603939 300.00586521101036 300.00606123386643 300.0061582531046 300.00615681305845 300.0060594784959 300.0058693175933 300.0032950511461 300.0039350157116 300.00448901399255 300.00495427549254 300.0053283776459 300.005609335566 300.005795725762 300.00588691523996 300.0058835037072 300.00578803160084 300.00560347494115 300.00315261471985 300.0037708464008 300.0043051032425 300.0047529998746 300.00511244816755 300.0053817350188 300.0055596388524 300.0056456561893 300.00564044546735 300.00554654016486 300.005366851848 300.00302486504916 300.0036239751001 300.00414088668003 300.0045735355331 300.00492011408284 300.00517913980616 300.0053495657572 300.0054310046243 300.0054241731445 300.00533160844884 300.0051561767071 300.00291033386264 300.0034925840999 300.00399422267475 300.00441345522 300.0047487110704 300.0049987041966 300.0051625387899 300.00523993093867 300.0052316529912 300.0051402518439 300.00496856137414 300.00280769618695 300.0033750550938 300.0038632211768 300.0042706285427 300.0045959077903 300.0048379410307 300.00499596338466 300.00506978246943 300.0050602223229 300.00496984277623 300.0048014544266 300.0027157575171 300.00326994537073 300.00374620978164 300.0041431795135 300.00445965707144 300.0046946689894 300.0048475639376 300.0049182302338 300.00490753911583 300.0048180646345 300.0046526003121 300.00263344196827 300.0031759675465 300.00364170565115 300.00402945182753 300.0043381561158 300.00456696952386 300.0047153393153 300.0047832247616 300.0047715396645 300.0046828724084 300.00452000372326 300.00255978138466 300.00309197214193 300.0035483920095 300.0039279801296 300.0042298136924 300.00445315131213 300.0045975259622 300.00466295917596 300.0046504027935 300.0045624589503 300.0044018985526 300.0024939053645 300.003016932487 300.00346509826085 300.0038374659796 300.0041332228112 300.0043517206417 300.0044925670402 300.00455583810157 300.0045425194356 300.0044552259624 300.0042967208371 300.0024350321504 300.0029499315527 300.003390783018 300.00375675755515 300.00404713774714 300.00426135651117 300.0043990864084 300.00446045130286 300.00444646663783 300.00435975896903 300.0042030851644 300.00238246033183 300.0028901504018 300.00332451950254 300.00368483236406 300.0039704545585 300.0041808895335 300.00431586652655 300.0043755511972 300.00436098524796 300.00427480566515 300.00411976408117 300.00233556130394 300.0028368580186 300.0032654829025 300.00362078241335 300.0039021944474 300.00410928393427 300.00424182957255 300.0043000335716 300.0042849606813 300.0041992571357 300.0040456701043 300.00229377243033 300.0027894023237 300.00321293936906 300.0035638014084 300.00384148945875 300.00404562210196 300.0041760212205 300.0042329209711 300.0042174062857 300.00413213152916 300.00397983999295 300.0022565908577 300.0027472022194 300.00316623639844 300.00351317364965 300.00378757012726 300.0039890912608 300.00411759664206 300.00417334833554 300.0041574489119 300.00407255983816 300.0039214209867 300.0022235679333 300.00270974053836 300.0031247944016 300.0034682643658 300.0037397547623 300.0039389719307 300.0040658083831 300.00412055054295 300.00410431636834 300.00401977349793 300.00386965875896 300.00219430417957 300.00267655779027 300.0030880992982 300.0034285112735 300.0036974401272 300.00389462790525 300.0040199958369 300.0040738515826 300.00405732649773 300.0039730935605 300.00382388686944 300.0021684447831 300.0026472466181 300.0030556960059 300.00339341719723 300.0036600933144 300.00385549752946 300.0039795760872 300.00403265513125 300.0040158776564 300.0039319212414 300.00378351753363 300.0021456755579 300.0026214468891 300.00302718271513 300.00336254360997 300.0036272446567 300.00382108610296 300.00394403593623 300.0039964363476 300.0039794404155 300.00389572966725 300.00374803354947 300.00212571934753 300.002598841357 300.0030022058611 300.00333550498397 300.00359848154375 300.0037909592636 300.0039129249662 300.0039647347282 300.00394755033204 300.00386405667945 300.00371698124775 300.00210833283086 300.00257915183994 300.0029804557165 300.00331196385764 300.0035734430354 300.0037647372314 300.00388584950775 300.00393714789857 300.00391980166324 300.0038364985723 300.0036899643509 300.0020933037035 300.0025621358684 300.002961662543 300.00329162654043 300.0035518151822 300.0037420898156 300.00386246741124 300.0039133262317 300.0038958419168 300.00381270465994 300.00366663864116 300.00208044820624 300.00254758376013 300.0029455932462 300.00327423939063 300.00353332697784 300.0037227321014 300.0038424835328 300.0038929682032 300.00387536714703 300.0037923725861 300.0036467073539 300.0020696089765 300.0025353160898 300.0029320484905 300.0032595856122 300.0035177468814 300.00370642074756 300.003825645863 300.00387581640894 300.0038581179219 300.00377524430104 300.00362991722517 300.00206065320174 300.00252518152075 300.00292086023444 300.0032474825241 300.00350487985725 300.0036929508389 300.00381174223685 300.0038616541816 300.0038438758966 300.00376110264324 300.00361605513206 300.00205347105566 300.0025170549753 300.0029118896548 300.00323777926354 300.0034945648887 300.00368215324437 300.00380059757487 300.0038503027544 300.00383246094145 300.00374976847377 300.0036049452759 300.0020479744019 300.0025108361209 300.0029050254326 300.0032303548935 300.00348667293076 300.00367389244354 300.0037920716135 300.00384161892856 300.0038237287802 300.00374109832023 300.00359644686546 300.0020440957509 300.002506448155 300.00290018237905 300.0032251168865 300.00348110527216 300.0036680647886 300.00378605709125 300.0038354932096 300.0038175691035 300.00373498249405 300.00359045226594 300.0020417874601 300.00250383687427 300.00289730038486 300.00322199996623 300.00347779228406 300.00366459717736 300.003782478365 300.00383184838546 300.0038139041294 300.0037313436544 300.0035868855869 300.0020410211686 300.0025029700175 300.00289634367846 300.00322096529067 300.00347669253847 300.00366344611876 300.00378129043486 300.0038306385256 300.00381268759 300.0037301357973 300.0035857016877
    </DataArray>
   </PointData>
  </Piece>
 </UnstructuredGrid>
</VTKFile>
