<?xml version="1.0"?>
<VTKFile type="UnstructuredGrid" version="0.1" byte_order="LittleEndian">
 <UnstructuredGrid>
  <Piece NumberOfPoints="561" NumberOfCells="1000">
   <Points>
    <DataArray type="Float32" NumberOfComponents="3" format="ascii">
0.0 1e-08 0.0
0.0 1.1000000000000001e-08 0.0
0.0 1.2000000000000002e-08 0.0
0.0 1.3e-08 0.0
0.0 1.4000000000000001e-08 0.0
0.0 1.5000000000000002e-08 0.0
0.0 1.6e-08 0.0
0.0 1.7e-08 0.0
0.0 1.8000000000000002e-08 0.0
0.0 1.9e-08 0.0
0.0 2e-08 0.0
1e-09 1e-08 0.0
1e-09 1.1000000000000001e-08 0.0
1e-09 1.2000000000000002e-08 0.0
1e-09 1.3e-08 0.0
1e-09 1.4000000000000001e-08 0.0
1e-09 1.5000000000000002e-08 0.0
1e-09 1.6e-08 0.0
1e-09 1.7e-08 0.0
1e-09 1.8000000000000002e-08 0.0
1e-09 1.9e-08 0.0
1e-09 2e-08 0.0
2e-09 1e-08 0.0
2e-09 1.1000000000000001e-08 0.0
2e-09 1.2000000000000002e-08 0.0
2e-09 1.3e-08 0.0
2e-09 1.4000000000000001e-08 0.0
2e-09 1.5000000000000002e-08 0.0
2e-09 1.6e-08 0.0
2e-09 1.7e-08 0.0
2e-09 1.8000000000000002e-08 0.0
2e-09 1.9e-08 0.0
2e-09 2e-08 0.0
3.0000000000000004e-09 1e-08 0.0
3.0000000000000004e-09 1.1000000000000001e-08 0.0
3.0000000000000004e-09 1.2000000000000002e-08 0.0
3.0000000000000004e-09 1.3e-08 0.0
3.0000000000000004e-09 1.4000000000000001e-08 0.0
3.0000000000000004e-09 1.5000000000000002e-08 0.0
3.0000000000000004e-09 1.6e-08 0.0
3.0000000000000004e-09 1.7e-08 0.0
3.0000000000000004e-09 1.8000000000000002e-08 0.0
3.0000000000000004e-09 1.9e-08 0.0
3.0000000000000004e-09 2e-08 0.0
4e-09 1e-08 0.0
4e-09 1.1000000000000001e-08 0.0
4e-09 1.2000000000000002e-08 0.0
4e-09 1.3e-08 0.0
4e-09 1.4000000000000001e-08 0.0
4e-09 1.5000000000000002e-08 0.0
4e-09 1.6e-08 0.0
4e-09 1.7e-08 0.0
4e-09 1.8000000000000002e-08 0.0
4e-09 1.9e-08 0.0
4e-09 2e-08 0.0
5e-09 1e-08 0.0
5e-09 1.1000000000000001e-08 0.0
5e-09 1.2000000000000002e-08 0.0
5e-09 1.3e-08 0.0
5e-09 1.4000000000000001e-08 0.0
5e-09 1.5000000000000002e-08 0.0
5e-09 1.6e-08 0.0
5e-09 1.7e-08 0.0
5e-09 1.8000000000000002e-08 0.0
5e-09 1.9e-08 0.0
5e-09 2e-08 0.0
6.000000000000001e-09 1e-08 0.0
6.000000000000001e-09 1.1000000000000001e-08 0.0
6.000000000000001e-09 1.2000000000000002e-08 0.0
6.000000000000001e-09 1.3e-08 0.0
6.000000000000001e-09 1.4000000000000001e-08 0.0
6.000000000000001e-09 1.5000000000000002e-08 0.0
6.000000000000001e-09 1.6e-08 0.0
6.000000000000001e-09 1.7e-08 0.0
6.000000000000001e-09 1.8000000000000002e-08 0.0
6.000000000000001e-09 1.9e-08 0.0
6.000000000000001e-09 2e-08 0.0
7.000000000000001e-09 1e-08 0.0
7.000000000000001e-09 1.1000000000000001e-08 0.0
7.000000000000001e-09 1.2000000000000002e-08 0.0
7.000000000000001e-09 1.3e-08 0.0
7.000000000000001e-09 1.4000000000000001e-08 0.0
7.000000000000001e-09 1.5000000000000002e-08 0.0
7.000000000000001e-09 1.6e-08 0.0
7.000000000000001e-09 1.7e-08 0.0
7.000000000000001e-09 1.8000000000000002e-08 0.0
7.000000000000001e-09 1.9e-08 0.0
7.000000000000001e-09 2e-08 0.0
8e-09 1e-08 0.0
8e-09 1.1000000000000001e-08 0.0
8e-09 1.2000000000000002e-08 0.0
8e-09 1.3e-08 0.0
8e-09 1.4000000000000001e-08 0.0
8e-09 1.5000000000000002e-08 0.0
8e-09 1.6e-08 0.0
8e-09 1.7e-08 0.0
8e-09 1.8000000000000002e-08 0.0
8e-09 1.9e-08 0.0
8e-09 2e-08 0.0
9.000000000000001e-09 1e-08 0.0
9.000000000000001e-09 1.1000000000000001e-08 0.0
9.000000000000001e-09 1.2000000000000002e-08 0.0
9.000000000000001e-09 1.3e-08 0.0
9.000000000000001e-09 1.4000000000000001e-08 0.0
9.000000000000001e-09 1.5000000000000002e-08 0.0
9.000000000000001e-09 1.6e-08 0.0
9.000000000000001e-09 1.7e-08 0.0
9.000000000000001e-09 1.8000000000000002e-08 0.0
9.000000000000001e-09 1.9e-08 0.0
9.000000000000001e-09 2e-08 0.0
1e-08 1e-08 0.0
1e-08 1.1000000000000001e-08 0.0
1e-08 1.2000000000000002e-08 0.0
1e-08 1.3e-08 0.0
1e-08 1.4000000000000001e-08 0.0
1e-08 1.5000000000000002e-08 0.0
1e-08 1.6e-08 0.0
1e-08 1.7e-08 0.0
1e-08 1.8000000000000002e-08 0.0
1e-08 1.9e-08 0.0
1e-08 2e-08 0.0
1.1000000000000001e-08 1e-08 0.0
1.1000000000000001e-08 1.1000000000000001e-08 0.0
1.1000000000000001e-08 1.2000000000000002e-08 0.0
1.1000000000000001e-08 1.3e-08 0.0
1.1000000000000001e-08 1.4000000000000001e-08 0.0
1.1000000000000001e-08 1.5000000000000002e-08 0.0
1.1000000000000001e-08 1.6e-08 0.0
1.1000000000000001e-08 1.7e-08 0.0
1.1000000000000001e-08 1.8000000000000002e-08 0.0
1.1000000000000001e-08 1.9e-08 0.0
1.1000000000000001e-08 2e-08 0.0
1.2000000000000002e-08 1e-08 0.0
1.2000000000000002e-08 1.1000000000000001e-08 0.0
1.2000000000000002e-08 1.2000000000000002e-08 0.0
1.2000000000000002e-08 1.3e-08 0.0
1.2000000000000002e-08 1.4000000000000001e-08 0.0
1.2000000000000002e-08 1.5000000000000002e-08 0.0
1.2000000000000002e-08 1.6e-08 0.0
1.2000000000000002e-08 1.7e-08 0.0
1.2000000000000002e-08 1.8000000000000002e-08 0.0
1.2000000000000002e-08 1.9e-08 0.0
1.2000000000000002e-08 2e-08 0.0
1.3e-08 1e-08 0.0
1.3e-08 1.1000000000000001e-08 0.0
1.3e-08 1.2000000000000002e-08 0.0
1.3e-08 1.3e-08 0.0
1.3e-08 1.4000000000000001e-08 0.0
1.3e-08 1.5000000000000002e-08 0.0
1.3e-08 1.6e-08 0.0
1.3e-08 1.7e-08 0.0
1.3e-08 1.8000000000000002e-08 0.0
1.3e-08 1.9e-08 0.0
1.3e-08 2e-08 0.0
1.4000000000000001e-08 1e-08 0.0
1.4000000000000001e-08 1.1000000000000001e-08 0.0
1.4000000000000001e-08 1.2000000000000002e-08 0.0
1.4000000000000001e-08 1.3e-08 0.0
1.4000000000000001e-08 1.4000000000000001e-08 0.0
1.4000000000000001e-08 1.5000000000000002e-08 0.0
1.4000000000000001e-08 1.6e-08 0.0
1.4000000000000001e-08 1.7e-08 0.0
1.4000000000000001e-08 1.8000000000000002e-08 0.0
1.4000000000000001e-08 1.9e-08 0.0
1.4000000000000001e-08 2e-08 0.0
1.5000000000000002e-08 1e-08 0.0
1.5000000000000002e-08 1.1000000000000001e-08 0.0
1.5000000000000002e-08 1.2000000000000002e-08 0.0
1.5000000000000002e-08 1.3e-08 0.0
1.5000000000000002e-08 1.4000000000000001e-08 0.0
1.5000000000000002e-08 1.5000000000000002e-08 0.0
1.5000000000000002e-08 1.6e-08 0.0
1.5000000000000002e-08 1.7e-08 0.0
1.5000000000000002e-08 1.8000000000000002e-08 0.0
1.5000000000000002e-08 1.9e-08 0.0
1.5000000000000002e-08 2e-08 0.0
1.6e-08 1e-08 0.0
1.6e-08 1.1000000000000001e-08 0.0
1.6e-08 1.2000000000000002e-08 0.0
1.6e-08 1.3e-08 0.0
1.6e-08 1.4000000000000001e-08 0.0
1.6e-08 1.5000000000000002e-08 0.0
1.6e-08 1.6e-08 0.0
1.6e-08 1.7e-08 0.0
1.6e-08 1.8000000000000002e-08 0.0
1.6e-08 1.9e-08 0.0
1.6e-08 2e-08 0.0
1.7e-08 1e-08 0.0
1.7e-08 1.1000000000000001e-08 0.0
1.7e-08 1.2000000000000002e-08 0.0
1.7e-08 1.3e-08 0.0
1.7e-08 1.4000000000000001e-08 0.0
1.7e-08 1.5000000000000002e-08 0.0
1.7e-08 1.6e-08 0.0
1.7e-08 1.7e-08 0.0
1.7e-08 1.8000000000000002e-08 0.0
1.7e-08 1.9e-08 0.0
1.7e-08 2e-08 0.0
1.8000000000000002e-08 1e-08 0.0
1.8000000000000002e-08 1.1000000000000001e-08 0.0
1.8000000000000002e-08 1.2000000000000002e-08 0.0
1.8000000000000002e-08 1.3e-08 0.0
1.8000000000000002e-08 1.4000000000000001e-08 0.0
1.8000000000000002e-08 1.5000000000000002e-08 0.0
1.8000000000000002e-08 1.6e-08 0.0
1.8000000000000002e-08 1.7e-08 0.0
1.8000000000000002e-08 1.8000000000000002e-08 0.0
1.8000000000000002e-08 1.9e-08 0.0
1.8000000000000002e-08 2e-08 0.0
1.9e-08 1e-08 0.0
1.9e-08 1.1000000000000001e-08 0.0
1.9e-08 1.2000000000000002e-08 0.0
1.9e-08 1.3e-08 0.0
1.9e-08 1.4000000000000001e-08 0.0
1.9e-08 1.5000000000000002e-08 0.0
1.9e-08 1.6e-08 0.0
1.9e-08 1.7e-08 0.0
1.9e-08 1.8000000000000002e-08 0.0
1.9e-08 1.9e-08 0.0
1.9e-08 2e-08 0.0
2e-08 1e-08 0.0
2e-08 1.1000000000000001e-08 0.0
2e-08 1.2000000000000002e-08 0.0
2e-08 1.3e-08 0.0
2e-08 1.4000000000000001e-08 0.0
2e-08 1.5000000000000002e-08 0.0
2e-08 1.6e-08 0.0
2e-08 1.7e-08 0.0
2e-08 1.8000000000000002e-08 0.0
2e-08 1.9e-08 0.0
2e-08 2e-08 0.0
2.1000000000000003e-08 1e-08 0.0
2.1000000000000003e-08 1.1000000000000001e-08 0.0
2.1000000000000003e-08 1.2000000000000002e-08 0.0
2.1000000000000003e-08 1.3e-08 0.0
2.1000000000000003e-08 1.4000000000000001e-08 0.0
2.1000000000000003e-08 1.5000000000000002e-08 0.0
2.1000000000000003e-08 1.6e-08 0.0
2.1000000000000003e-08 1.7e-08 0.0
2.1000000000000003e-08 1.8000000000000002e-08 0.0
2.1000000000000003e-08 1.9e-08 0.0
2.1000000000000003e-08 2e-08 0.0
2.2000000000000002e-08 1e-08 0.0
2.2000000000000002e-08 1.1000000000000001e-08 0.0
2.2000000000000002e-08 1.2000000000000002e-08 0.0
2.2000000000000002e-08 1.3e-08 0.0
2.2000000000000002e-08 1.4000000000000001e-08 0.0
2.2000000000000002e-08 1.5000000000000002e-08 0.0
2.2000000000000002e-08 1.6e-08 0.0
2.2000000000000002e-08 1.7e-08 0.0
2.2000000000000002e-08 1.8000000000000002e-08 0.0
2.2000000000000002e-08 1.9e-08 0.0
2.2000000000000002e-08 2e-08 0.0
2.3e-08 1e-08 0.0
2.3e-08 1.1000000000000001e-08 0.0
2.3e-08 1.2000000000000002e-08 0.0
2.3e-08 1.3e-08 0.0
2.3e-08 1.4000000000000001e-08 0.0
2.3e-08 1.5000000000000002e-08 0.0
2.3e-08 1.6e-08 0.0
2.3e-08 1.7e-08 0.0
2.3e-08 1.8000000000000002e-08 0.0
2.3e-08 1.9e-08 0.0
2.3e-08 2e-08 0.0
2.4000000000000003e-08 1e-08 0.0
2.4000000000000003e-08 1.1000000000000001e-08 0.0
2.4000000000000003e-08 1.2000000000000002e-08 0.0
2.4000000000000003e-08 1.3e-08 0.0
2.4000000000000003e-08 1.4000000000000001e-08 0.0
2.4000000000000003e-08 1.5000000000000002e-08 0.0
2.4000000000000003e-08 1.6e-08 0.0
2.4000000000000003e-08 1.7e-08 0.0
2.4000000000000003e-08 1.8000000000000002e-08 0.0
2.4000000000000003e-08 1.9e-08 0.0
2.4000000000000003e-08 2e-08 0.0
2.5000000000000002e-08 1e-08 0.0
2.5000000000000002e-08 1.1000000000000001e-08 0.0
2.5000000000000002e-08 1.2000000000000002e-08 0.0
2.5000000000000002e-08 1.3e-08 0.0
2.5000000000000002e-08 1.4000000000000001e-08 0.0
2.5000000000000002e-08 1.5000000000000002e-08 0.0
2.5000000000000002e-08 1.6e-08 0.0
2.5000000000000002e-08 1.7e-08 0.0
2.5000000000000002e-08 1.8000000000000002e-08 0.0
2.5000000000000002e-08 1.9e-08 0.0
2.5000000000000002e-08 2e-08 0.0
2.6e-08 1e-08 0.0
2.6e-08 1.1000000000000001e-08 0.0
2.6e-08 1.2000000000000002e-08 0.0
2.6e-08 1.3e-08 0.0
2.6e-08 1.4000000000000001e-08 0.0
2.6e-08 1.5000000000000002e-08 0.0
2.6e-08 1.6e-08 0.0
2.6e-08 1.7e-08 0.0
2.6e-08 1.8000000000000002e-08 0.0
2.6e-08 1.9e-08 0.0
2.6e-08 2e-08 0.0
2.7e-08 1e-08 0.0
2.7e-08 1.1000000000000001e-08 0.0
2.7e-08 1.2000000000000002e-08 0.0
2.7e-08 1.3e-08 0.0
2.7e-08 1.4000000000000001e-08 0.0
2.7e-08 1.5000000000000002e-08 0.0
2.7e-08 1.6e-08 0.0
2.7e-08 1.7e-08 0.0
2.7e-08 1.8000000000000002e-08 0.0
2.7e-08 1.9e-08 0.0
2.7e-08 2e-08 0.0
2.8000000000000003e-08 1e-08 0.0
2.8000000000000003e-08 1.1000000000000001e-08 0.0
2.8000000000000003e-08 1.2000000000000002e-08 0.0
2.8000000000000003e-08 1.3e-08 0.0
2.8000000000000003e-08 1.4000000000000001e-08 0.0
2.8000000000000003e-08 1.5000000000000002e-08 0.0
2.8000000000000003e-08 1.6e-08 0.0
2.8000000000000003e-08 1.7e-08 0.0
2.8000000000000003e-08 1.8000000000000002e-08 0.0
2.8000000000000003e-08 1.9e-08 0.0
2.8000000000000003e-08 2e-08 0.0
2.9e-08 1e-08 0.0
2.9e-08 1.1000000000000001e-08 0.0
2.9e-08 1.2000000000000002e-08 0.0
2.9e-08 1.3e-08 0.0
2.9e-08 1.4000000000000001e-08 0.0
2.9e-08 1.5000000000000002e-08 0.0
2.9e-08 1.6e-08 0.0
2.9e-08 1.7e-08 0.0
2.9e-08 1.8000000000000002e-08 0.0
2.9e-08 1.9e-08 0.0
2.9e-08 2e-08 0.0
3.0000000000000004e-08 1e-08 0.0
3.0000000000000004e-08 1.1000000000000001e-08 0.0
3.0000000000000004e-08 1.2000000000000002e-08 0.0
3.0000000000000004e-08 1.3e-08 0.0
3.0000000000000004e-08 1.4000000000000001e-08 0.0
3.0000000000000004e-08 1.5000000000000002e-08 0.0
3.0000000000000004e-08 1.6e-08 0.0
3.0000000000000004e-08 1.7e-08 0.0
3.0000000000000004e-08 1.8000000000000002e-08 0.0
3.0000000000000004e-08 1.9e-08 0.0
3.0000000000000004e-08 2e-08 0.0
3.1e-08 1e-08 0.0
3.1e-08 1.1000000000000001e-08 0.0
3.1e-08 1.2000000000000002e-08 0.0
3.1e-08 1.3e-08 0.0
3.1e-08 1.4000000000000001e-08 0.0
3.1e-08 1.5000000000000002e-08 0.0
3.1e-08 1.6e-08 0.0
3.1e-08 1.7e-08 0.0
3.1e-08 1.8000000000000002e-08 0.0
3.1e-08 1.9e-08 0.0
3.1e-08 2e-08 0.0
3.2e-08 1e-08 0.0
3.2e-08 1.1000000000000001e-08 0.0
3.2e-08 1.2000000000000002e-08 0.0
3.2e-08 1.3e-08 0.0
3.2e-08 1.4000000000000001e-08 0.0
3.2e-08 1.5000000000000002e-08 0.0
3.2e-08 1.6e-08 0.0
3.2e-08 1.7e-08 0.0
3.2e-08 1.8000000000000002e-08 0.0
3.2e-08 1.9e-08 0.0
3.2e-08 2e-08 0.0
3.3000000000000004e-08 1e-08 0.0
3.3000000000000004e-08 1.1000000000000001e-08 0.0
3.3000000000000004e-08 1.2000000000000002e-08 0.0
3.3000000000000004e-08 1.3e-08 0.0
3.3000000000000004e-08 1.4000000000000001e-08 0.0
3.3000000000000004e-08 1.5000000000000002e-08 0.0
3.3000000000000004e-08 1.6e-08 0.0
3.3000000000000004e-08 1.7e-08 0.0
3.3000000000000004e-08 1.8000000000000002e-08 0.0
3.3000000000000004e-08 1.9e-08 0.0
3.3000000000000004e-08 2e-08 0.0
3.4e-08 1e-08 0.0
3.4e-08 1.1000000000000001e-08 0.0
3.4e-08 1.2000000000000002e-08 0.0
3.4e-08 1.3e-08 0.0
3.4e-08 1.4000000000000001e-08 0.0
3.4e-08 1.5000000000000002e-08 0.0
3.4e-08 1.6e-08 0.0
3.4e-08 1.7e-08 0.0
3.4e-08 1.8000000000000002e-08 0.0
3.4e-08 1.9e-08 0.0
3.4e-08 2e-08 0.0
3.5e-08 1e-08 0.0
3.5e-08 1.1000000000000001e-08 0.0
3.5e-08 1.2000000000000002e-08 0.0
3.5e-08 1.3e-08 0.0
3.5e-08 1.4000000000000001e-08 0.0
3.5e-08 1.5000000000000002e-08 0.0
3.5e-08 1.6e-08 0.0
3.5e-08 1.7e-08 0.0
3.5e-08 1.8000000000000002e-08 0.0
3.5e-08 1.9e-08 0.0
3.5e-08 2e-08 0.0
3.6000000000000005e-08 1e-08 0.0
3.6000000000000005e-08 1.1000000000000001e-08 0.0
3.6000000000000005e-08 1.2000000000000002e-08 0.0
3.6000000000000005e-08 1.3e-08 0.0
3.6000000000000005e-08 1.4000000000000001e-08 0.0
3.6000000000000005e-08 1.5000000000000002e-08 0.0
3.6000000000000005e-08 1.6e-08 0.0
3.6000000000000005e-08 1.7e-08 0.0
3.6000000000000005e-08 1.8000000000000002e-08 0.0
3.6000000000000005e-08 1.9e-08 0.0
3.6000000000000005e-08 2e-08 0.0
3.7e-08 1e-08 0.0
3.7e-08 1.1000000000000001e-08 0.0
3.7e-08 1.2000000000000002e-08 0.0
3.7e-08 1.3e-08 0.0
3.7e-08 1.4000000000000001e-08 0.0
3.7e-08 1.5000000000000002e-08 0.0
3.7e-08 1.6e-08 0.0
3.7e-08 1.7e-08 0.0
3.7e-08 1.8000000000000002e-08 0.0
3.7e-08 1.9e-08 0.0
3.7e-08 2e-08 0.0
3.8e-08 1e-08 0.0
3.8e-08 1.1000000000000001e-08 0.0
3.8e-08 1.2000000000000002e-08 0.0
3.8e-08 1.3e-08 0.0
3.8e-08 1.4000000000000001e-08 0.0
3.8e-08 1.5000000000000002e-08 0.0
3.8e-08 1.6e-08 0.0
3.8e-08 1.7e-08 0.0
3.8e-08 1.8000000000000002e-08 0.0
3.8e-08 1.9e-08 0.0
3.8e-08 2e-08 0.0
3.9000000000000005e-08 1e-08 0.0
3.9000000000000005e-08 1.1000000000000001e-08 0.0
3.9000000000000005e-08 1.2000000000000002e-08 0.0
3.9000000000000005e-08 1.3e-08 0.0
3.9000000000000005e-08 1.4000000000000001e-08 0.0
3.9000000000000005e-08 1.5000000000000002e-08 0.0
3.9000000000000005e-08 1.6e-08 0.0
3.9000000000000005e-08 1.7e-08 0.0
3.9000000000000005e-08 1.8000000000000002e-08 0.0
3.9000000000000005e-08 1.9e-08 0.0
3.9000000000000005e-08 2e-08 0.0
4e-08 1e-08 0.0
4e-08 1.1000000000000001e-08 0.0
4e-08 1.2000000000000002e-08 0.0
4e-08 1.3e-08 0.0
4e-08 1.4000000000000001e-08 0.0
4e-08 1.5000000000000002e-08 0.0
4e-08 1.6e-08 0.0
4e-08 1.7e-08 0.0
4e-08 1.8000000000000002e-08 0.0
4e-08 1.9e-08 0.0
4e-08 2e-08 0.0
4.1e-08 1e-08 0.0
4.1e-08 1.1000000000000001e-08 0.0
4.1e-08 1.2000000000000002e-08 0.0
4.1e-08 1.3e-08 0.0
4.1e-08 1.4000000000000001e-08 0.0
4.1e-08 1.5000000000000002e-08 0.0
4.1e-08 1.6e-08 0.0
4.1e-08 1.7e-08 0.0
4.1e-08 1.8000000000000002e-08 0.0
4.1e-08 1.9e-08 0.0
4.1e-08 2e-08 0.0
4.2000000000000006e-08 1e-08 0.0
4.2000000000000006e-08 1.1000000000000001e-08 0.0
4.2000000000000006e-08 1.2000000000000002e-08 0.0
4.2000000000000006e-08 1.3e-08 0.0
4.2000000000000006e-08 1.4000000000000001e-08 0.0
4.2000000000000006e-08 1.5000000000000002e-08 0.0
4.2000000000000006e-08 1.6e-08 0.0
4.2000000000000006e-08 1.7e-08 0.0
4.2000000000000006e-08 1.8000000000000002e-08 0.0
4.2000000000000006e-08 1.9e-08 0.0
4.2000000000000006e-08 2e-08 0.0
4.3e-08 1e-08 0.0
4.3e-08 1.1000000000000001e-08 0.0
4.3e-08 1.2000000000000002e-08 0.0
4.3e-08 1.3e-08 0.0
4.3e-08 1.4000000000000001e-08 0.0
4.3e-08 1.5000000000000002e-08 0.0
4.3e-08 1.6e-08 0.0
4.3e-08 1.7e-08 0.0
4.3e-08 1.8000000000000002e-08 0.0
4.3e-08 1.9e-08 0.0
4.3e-08 2e-08 0.0
4.4000000000000004e-08 1e-08 0.0
4.4000000000000004e-08 1.1000000000000001e-08 0.0
4.4000000000000004e-08 1.2000000000000002e-08 0.0
4.4000000000000004e-08 1.3e-08 0.0
4.4000000000000004e-08 1.4000000000000001e-08 0.0
4.4000000000000004e-08 1.5000000000000002e-08 0.0
4.4000000000000004e-08 1.6e-08 0.0
4.4000000000000004e-08 1.7e-08 0.0
4.4000000000000004e-08 1.8000000000000002e-08 0.0
4.4000000000000004e-08 1.9e-08 0.0
4.4000000000000004e-08 2e-08 0.0
4.5000000000000006e-08 1e-08 0.0
4.5000000000000006e-08 1.1000000000000001e-08 0.0
4.5000000000000006e-08 1.2000000000000002e-08 0.0
4.5000000000000006e-08 1.3e-08 0.0
4.5000000000000006e-08 1.4000000000000001e-08 0.0
4.5000000000000006e-08 1.5000000000000002e-08 0.0
4.5000000000000006e-08 1.6e-08 0.0
4.5000000000000006e-08 1.7e-08 0.0
4.5000000000000006e-08 1.8000000000000002e-08 0.0
4.5000000000000006e-08 1.9e-08 0.0
4.5000000000000006e-08 2e-08 0.0
4.6e-08 1e-08 0.0
4.6e-08 1.1000000000000001e-08 0.0
4.6e-08 1.2000000000000002e-08 0.0
4.6e-08 1.3e-08 0.0
4.6e-08 1.4000000000000001e-08 0.0
4.6e-08 1.5000000000000002e-08 0.0
4.6e-08 1.6e-08 0.0
4.6e-08 1.7e-08 0.0
4.6e-08 1.8000000000000002e-08 0.0
4.6e-08 1.9e-08 0.0
4.6e-08 2e-08 0.0
4.7000000000000004e-08 1e-08 0.0
4.7000000000000004e-08 1.1000000000000001e-08 0.0
4.7000000000000004e-08 1.2000000000000002e-08 0.0
4.7000000000000004e-08 1.3e-08 0.0
4.7000000000000004e-08 1.4000000000000001e-08 0.0
4.7000000000000004e-08 1.5000000000000002e-08 0.0
4.7000000000000004e-08 1.6e-08 0.0
4.7000000000000004e-08 1.7e-08 0.0
4.7000000000000004e-08 1.8000000000000002e-08 0.0
4.7000000000000004e-08 1.9e-08 0.0
4.7000000000000004e-08 2e-08 0.0
4.8000000000000006e-08 1e-08 0.0
4.8000000000000006e-08 1.1000000000000001e-08 0.0
4.8000000000000006e-08 1.2000000000000002e-08 0.0
4.8000000000000006e-08 1.3e-08 0.0
4.8000000000000006e-08 1.4000000000000001e-08 0.0
4.8000000000000006e-08 1.5000000000000002e-08 0.0
4.8000000000000006e-08 1.6e-08 0.0
4.8000000000000006e-08 1.7e-08 0.0
4.8000000000000006e-08 1.8000000000000002e-08 0.0
4.8000000000000006e-08 1.9e-08 0.0
4.8000000000000006e-08 2e-08 0.0
4.9e-08 1e-08 0.0
4.9e-08 1.1000000000000001e-08 0.0
4.9e-08 1.2000000000000002e-08 0.0
4.9e-08 1.3e-08 0.0
4.9e-08 1.4000000000000001e-08 0.0
4.9e-08 1.5000000000000002e-08 0.0
4.9e-08 1.6e-08 0.0
4.9e-08 1.7e-08 0.0
4.9e-08 1.8000000000000002e-08 0.0
4.9e-08 1.9e-08 0.0
4.9e-08 2e-08 0.0
5.0000000000000004e-08 1e-08 0.0
5.0000000000000004e-08 1.1000000000000001e-08 0.0
5.0000000000000004e-08 1.2000000000000002e-08 0.0
5.0000000000000004e-08 1.3e-08 0.0
5.0000000000000004e-08 1.4000000000000001e-08 0.0
5.0000000000000004e-08 1.5000000000000002e-08 0.0
5.0000000000000004e-08 1.6e-08 0.0
5.0000000000000004e-08 1.7e-08 0.0
5.0000000000000004e-08 1.8000000000000002e-08 0.0
5.0000000000000004e-08 1.9e-08 0.0
5.0000000000000004e-08 2e-08 0.0
    </DataArray>
   </Points>
   <Cells>
    <DataArray type="Int32" Name="connectivity" format="ascii">
0 11 1
11 12 1
1 12 2
12 13 2
2 13 3
13 14 3
3 14 4
14 15 4
4 15 5
15 16 5
5 16 6
16 17 6
6 17 7
17 18 7
7 18 8
18 19 8
8 19 9
19 20 9
9 20 10
20 21 10
11 22 12
22 23 12
12 23 13
23 24 13
13 24 14
24 25 14
14 25 15
25 26 15
15 26 16
26 27 16
16 27 17
27 28 17
17 28 18
28 29 18
18 29 19
29 30 19
19 30 20
30 31 20
20 31 21
31 32 21
22 33 23
33 34 23
23 34 24
34 35 24
24 35 25
35 36 25
25 36 26
36 37 26
26 37 27
37 38 27
27 38 28
38 39 28
28 39 29
39 40 29
29 40 30
40 41 30
30 41 31
41 42 31
31 42 32
42 43 32
33 44 34
44 45 34
34 45 35
45 46 35
35 46 36
46 47 36
36 47 37
47 48 37
37 48 38
48 49 38
38 49 39
49 50 39
39 50 40
50 51 40
40 51 41
51 52 41
41 52 42
52 53 42
42 53 43
53 54 43
44 55 45
55 56 45
45 56 46
56 57 46
46 57 47
57 58 47
47 58 48
58 59 48
48 59 49
59 60 49
49 60 50
60 61 50
50 61 51
61 62 51
51 62 52
62 63 52
52 63 53
63 64 53
53 64 54
64 65 54
55 66 56
66 67 56
56 67 57
67 68 57
57 68 58
68 69 58
58 69 59
69 70 59
59 70 60
70 71 60
60 71 61
71 72 61
61 72 62
72 73 62
62 73 63
73 74 63
63 74 64
74 75 64
64 75 65
75 76 65
66 77 67
77 78 67
67 78 68
78 79 68
68 79 69
79 80 69
69 80 70
80 81 70
70 81 71
81 82 71
71 82 72
82 83 72
72 83 73
83 84 73
73 84 74
84 85 74
74 85 75
85 86 75
75 86 76
86 87 76
77 88 78
88 89 78
78 89 79
89 90 79
79 90 80
90 91 80
80 91 81
91 92 81
81 92 82
92 93 82
82 93 83
93 94 83
83 94 84
94 95 84
84 95 85
95 96 85
85 96 86
96 97 86
86 97 87
97 98 87
88 99 89
99 100 89
89 100 90
100 101 90
90 101 91
101 102 91
91 102 92
102 103 92
92 103 93
103 104 93
93 104 94
104 105 94
94 105 95
105 106 95
95 106 96
106 107 96
96 107 97
107 108 97
97 108 98
108 109 98
99 110 100
110 111 100
100 111 101
111 112 101
101 112 102
112 113 102
102 113 103
113 114 103
103 114 104
114 115 104
104 115 105
115 116 105
105 116 106
116 117 106
106 117 107
117 118 107
107 118 108
118 119 108
108 119 109
119 120 109
110 121 111
121 122 111
111 122 112
122 123 112
112 123 113
123 124 113
113 124 114
124 125 114
114 125 115
125 126 115
115 126 116
126 127 116
116 127 117
127 128 117
117 128 118
128 129 118
118 129 119
129 130 119
119 130 120
130 131 120
121 132 122
132 133 122
122 133 123
133 134 123
123 134 124
134 135 124
124 135 125
135 136 125
125 136 126
136 137 126
126 137 127
137 138 127
127 138 128
138 139 128
128 139 129
139 140 129
129 140 130
140 141 130
130 141 131
141 142 131
132 143 133
143 144 133
133 144 134
144 145 134
134 145 135
145 146 135
135 146 136
146 147 136
136 147 137
147 148 137
137 148 138
148 149 138
138 149 139
149 150 139
139 150 140
150 151 140
140 151 141
151 152 141
141 152 142
152 153 142
143 154 144
154 155 144
144 155 145
155 156 145
145 156 146
156 157 146
146 157 147
157 158 147
147 158 148
158 159 148
148 159 149
159 160 149
149 160 150
160 161 150
150 161 151
161 162 151
151 162 152
162 163 152
152 163 153
163 164 153
154 165 155
165 166 155
155 166 156
166 167 156
156 167 157
167 168 157
157 168 158
168 169 158
158 169 159
169 170 159
159 170 160
170 171 160
160 171 161
171 172 161
161 172 162
172 173 162
162 173 163
173 174 163
163 174 164
174 175 164
165 176 166
176 177 166
166 177 167
177 178 167
167 178 168
178 179 168
168 179 169
179 180 169
169 180 170
180 181 170
170 181 171
181 182 171
171 182 172
182 183 172
172 183 173
183 184 173
173 184 174
184 185 174
174 185 175
185 186 175
176 187 177
187 188 177
177 188 178
188 189 178
178 189 179
189 190 179
179 190 180
190 191 180
180 191 181
191 192 181
181 192 182
192 193 182
182 193 183
193 194 183
183 194 184
194 195 184
184 195 185
195 196 185
185 196 186
196 197 186
187 198 188
198 199 188
188 199 189
199 200 189
189 200 190
200 201 190
190 201 191
201 202 191
191 202 192
202 203 192
192 203 193
203 204 193
193 204 194
204 205 194
194 205 195
205 206 195
195 206 196
206 207 196
196 207 197
207 208 197
198 209 199
209 210 199
199 210 200
210 211 200
200 211 201
211 212 201
201 212 202
212 213 202
202 213 203
213 214 203
203 214 204
214 215 204
204 215 205
215 216 205
205 216 206
216 217 206
206 217 207
217 218 207
207 218 208
218 219 208
209 220 210
220 221 210
210 221 211
221 222 211
211 222 212
222 223 212
212 223 213
223 224 213
213 224 214
224 225 214
214 225 215
225 226 215
215 226 216
226 227 216
216 227 217
227 228 217
217 228 218
228 229 218
218 229 219
229 230 219
220 231 221
231 232 221
221 232 222
232 233 222
222 233 223
233 234 223
223 234 224
234 235 224
224 235 225
235 236 225
225 236 226
236 237 226
226 237 227
237 238 227
227 238 228
238 239 228
228 239 229
239 240 229
229 240 230
240 241 230
231 242 232
242 243 232
232 243 233
243 244 233
233 244 234
244 245 234
234 245 235
245 246 235
235 246 236
246 247 236
236 247 237
247 248 237
237 248 238
248 249 238
238 249 239
249 250 239
239 250 240
250 251 240
240 251 241
251 252 241
242 253 243
253 254 243
243 254 244
254 255 244
244 255 245
255 256 245
245 256 246
256 257 246
246 257 247
257 258 247
247 258 248
258 259 248
248 259 249
259 260 249
249 260 250
260 261 250
250 261 251
261 262 251
251 262 252
262 263 252
253 264 254
264 265 254
254 265 255
265 266 255
255 266 256
266 267 256
256 267 257
267 268 257
257 268 258
268 269 258
258 269 259
269 270 259
259 270 260
270 271 260
260 271 261
271 272 261
261 272 262
272 273 262
262 273 263
273 274 263
264 275 265
275 276 265
265 276 266
276 277 266
266 277 267
277 278 267
267 278 268
278 279 268
268 279 269
279 280 269
269 280 270
280 281 270
270 281 271
281 282 271
271 282 272
282 283 272
272 283 273
283 284 273
273 284 274
284 285 274
275 286 287
275 287 276
276 287 288
276 288 277
277 288 289
277 289 278
278 289 290
278 290 279
279 290 291
279 291 280
280 291 292
280 292 281
281 292 293
281 293 282
282 293 294
282 294 283
283 294 295
283 295 284
284 295 296
284 296 285
286 297 298
286 298 287
287 298 299
287 299 288
288 299 300
288 300 289
289 300 301
289 301 290
290 301 302
290 302 291
291 302 303
291 303 292
292 303 304
292 304 293
293 304 305
293 305 294
294 305 306
294 306 295
295 306 307
295 307 296
297 308 309
297 309 298
298 309 310
298 310 299
299 310 311
299 311 300
300 311 312
300 312 301
301 312 313
301 313 302
302 313 314
302 314 303
303 314 315
303 315 304
304 315 316
304 316 305
305 316 317
305 317 306
306 317 318
306 318 307
308 319 320
308 320 309
309 320 321
309 321 310
310 321 322
310 322 311
311 322 323
311 323 312
312 323 324
312 324 313
313 324 325
313 325 314
314 325 326
314 326 315
315 326 327
315 327 316
316 327 328
316 328 317
317 328 329
317 329 318
319 330 331
319 331 320
320 331 332
320 332 321
321 332 333
321 333 322
322 333 334
322 334 323
323 334 335
323 335 324
324 335 336
324 336 325
325 336 337
325 337 326
326 337 338
326 338 327
327 338 339
327 339 328
328 339 340
328 340 329
330 341 342
330 342 331
331 342 343
331 343 332
332 343 344
332 344 333
333 344 345
333 345 334
334 345 346
334 346 335
335 346 347
335 347 336
336 347 348
336 348 337
337 348 349
337 349 338
338 349 350
338 350 339
339 350 351
339 351 340
341 352 353
341 353 342
342 353 354
342 354 343
343 354 355
343 355 344
344 355 356
344 356 345
345 356 357
345 357 346
346 357 358
346 358 347
347 358 359
347 359 348
348 359 360
348 360 349
349 360 361
349 361 350
350 361 362
350 362 351
352 363 364
352 364 353
353 364 365
353 365 354
354 365 366
354 366 355
355 366 367
355 367 356
356 367 368
356 368 357
357 368 369
357 369 358
358 369 370
358 370 359
359 370 371
359 371 360
360 371 372
360 372 361
361 372 373
361 373 362
363 374 375
363 375 364
364 375 376
364 376 365
365 376 377
365 377 366
366 377 378
366 378 367
367 378 379
367 379 368
368 379 380
368 380 369
369 380 381
369 381 370
370 381 382
370 382 371
371 382 383
371 383 372
372 383 384
372 384 373
374 385 386
374 386 375
375 386 387
375 387 376
376 387 388
376 388 377
377 388 389
377 389 378
378 389 390
378 390 379
379 390 391
379 391 380
380 391 392
380 392 381
381 392 393
381 393 382
382 393 394
382 394 383
383 394 395
383 395 384
385 396 397
385 397 386
386 397 398
386 398 387
387 398 399
387 399 388
388 399 400
388 400 389
389 400 401
389 401 390
390 401 402
390 402 391
391 402 403
391 403 392
392 403 404
392 404 393
393 404 405
393 405 394
394 405 406
394 406 395
396 407 408
396 408 397
397 408 409
397 409 398
398 409 410
398 410 399
399 410 411
399 411 400
400 411 412
400 412 401
401 412 413
401 413 402
402 413 414
402 414 403
403 414 415
403 415 404
404 415 416
404 416 405
405 416 417
405 417 406
407 418 419
407 419 408
408 419 420
408 420 409
409 420 421
409 421 410
410 421 422
410 422 411
411 422 423
411 423 412
412 423 424
412 424 413
413 424 425
413 425 414
414 425 426
414 426 415
415 426 427
415 427 416
416 427 428
416 428 417
418 429 430
418 430 419
419 430 431
419 431 420
420 431 432
420 432 421
421 432 433
421 433 422
422 433 434
422 434 423
423 434 435
423 435 424
424 435 436
424 436 425
425 436 437
425 437 426
426 437 438
426 438 427
427 438 439
427 439 428
429 440 441
429 441 430
430 441 442
430 442 431
431 442 443
431 443 432
432 443 444
432 444 433
433 444 445
433 445 434
434 445 446
434 446 435
435 446 447
435 447 436
436 447 448
436 448 437
437 448 449
437 449 438
438 449 450
438 450 439
440 451 452
440 452 441
441 452 453
441 453 442
442 453 454
442 454 443
443 454 455
443 455 444
444 455 456
444 456 445
445 456 457
445 457 446
446 457 458
446 458 447
447 458 459
447 459 448
448 459 460
448 460 449
449 460 461
449 461 450
451 462 463
451 463 452
452 463 464
452 464 453
453 464 465
453 465 454
454 465 466
454 466 455
455 466 467
455 467 456
456 467 468
456 468 457
457 468 469
457 469 458
458 469 470
458 470 459
459 470 471
459 471 460
460 471 472
460 472 461
462 473 474
462 474 463
463 474 475
463 475 464
464 475 476
464 476 465
465 476 477
465 477 466
466 477 478
466 478 467
467 478 479
467 479 468
468 479 480
468 480 469
469 480 481
469 481 470
470 481 482
470 482 471
471 482 483
471 483 472
473 484 485
473 485 474
474 485 486
474 486 475
475 486 487
475 487 476
476 487 488
476 488 477
477 488 489
477 489 478
478 489 490
478 490 479
479 490 491
479 491 480
480 491 492
480 492 481
481 492 493
481 493 482
482 493 494
482 494 483
484 495 496
484 496 485
485 496 497
485 497 486
486 497 498
486 498 487
487 498 499
487 499 488
488 499 500
488 500 489
489 500 501
489 501 490
490 501 502
490 502 491
491 502 503
491 503 492
492 503 504
492 504 493
493 504 505
493 505 494
495 506 507
495 507 496
496 507 508
496 508 497
497 508 509
497 509 498
498 509 510
498 510 499
499 510 511
499 511 500
500 511 512
500 512 501
501 512 513
501 513 502
502 513 514
502 514 503
503 514 515
503 515 504
504 515 516
504 516 505
506 517 518
506 518 507
507 518 519
507 519 508
508 519 520
508 520 509
509 520 521
509 521 510
510 521 522
510 522 511
511 522 523
511 523 512
512 523 524
512 524 513
513 524 525
513 525 514
514 525 526
514 526 515
515 526 527
515 527 516
517 528 529
517 529 518
518 529 530
518 530 519
519 530 531
519 531 520
520 531 532
520 532 521
521 532 533
521 533 522
522 533 534
522 534 523
523 534 535
523 535 524
524 535 536
524 536 525
525 536 537
525 537 526
526 537 538
526 538 527
528 539 540
528 540 529
529 540 541
529 541 530
530 541 542
530 542 531
531 542 543
531 543 532
532 543 544
532 544 533
533 544 545
533 545 534
534 545 546
534 546 535
535 546 547
535 547 536
536 547 548
536 548 537
537 548 549
537 549 538
539 550 551
539 551 540
540 551 552
540 552 541
541 552 553
541 553 542
542 553 554
542 554 543
543 554 555
543 555 544
544 555 556
544 556 545
545 556 557
545 557 546
546 557 558
546 558 547
547 558 559
547 559 548
548 559 560
548 560 549
    </DataArray>
    <DataArray type="Int32" Name="offsets" format="ascii">
3 6 9 12 15 18 21 24 27 30 33 36 39 42 45 48 51 54 57 60 63 66 69 72 75 78 81 84 87 90 93 96 99 102 105 108 111 114 117 120 123 126 129 132 135 138 141 144 147 150 153 156 159 162 165 168 171 174 177 180 183 186 189 192 195 198 201 204 207 210 213 216 219 222 225 228 231 234 237 240 243 246 249 252 255 258 261 264 267 270 273 276 279 282 285 288 291 294 297 300 303 306 309 312 315 318 321 324 327 330 333 336 339 342 345 348 351 354 357 360 363 366 369 372 375 378 381 384 387 390 393 396 399 402 405 408 411 414 417 420 423 426 429 432 435 438 441 444 447 450 453 456 459 462 465 468 471 474 477 480 483 486 489 492 495 498 501 504 507 510 513 516 519 522 525 528 531 534 537 540 543 546 549 552 555 558 561 564 567 570 573 576 579 582 585 588 591 594 597 600 603 606 609 612 615 618 621 624 627 630 633 636 639 642 645 648 651 654 657 660 663 666 669 672 675 678 681 684 687 690 693 696 699 702 705 708 711 714 717 720 723 726 729 732 735 738 741 744 747 750 753 756 759 762 765 768 771 774 777 780 783 786 789 792 795 798 801 804 807 810 813 816 819 822 825 828 831 834 837 840 843 846 849 852 855 858 861 864 867 870 873 876 879 882 885 888 891 894 897 900 903 906 909 912 915 918 921 924 927 930 933 936 939 942 945 948 951 954 957 960 963 966 969 972 975 978 981 984 987 990 993 996 999 1002 1005 1008 1011 1014 1017 1020 1023 1026 1029 1032 1035 1038 1041 1044 1047 1050 1053 1056 1059 1062 1065 1068 1071 1074 1077 1080 1083 1086 1089 1092 1095 1098 1101 1104 1107 1110 1113 1116 1119 1122 1125 1128 1131 1134 1137 1140 1143 1146 1149 1152 1155 1158 1161 1164 1167 1170 1173 1176 1179 1182 1185 1188 1191 1194 1197 1200 1203 1206 1209 1212 1215 1218 1221 1224 1227 1230 1233 1236 1239 1242 1245 1248 1251 1254 1257 1260 1263 1266 1269 1272 1275 1278 1281 1284 1287 1290 1293 1296 1299 1302 1305 1308 1311 1314 1317 1320 1323 1326 1329 1332 1335 1338 1341 1344 1347 1350 1353 1356 1359 1362 1365 1368 1371 1374 1377 1380 1383 1386 1389 1392 1395 1398 1401 1404 1407 1410 1413 1416 1419 1422 1425 1428 1431 1434 1437 1440 1443 1446 1449 1452 1455 1458 1461 1464 1467 1470 1473 1476 1479 1482 1485 1488 1491 1494 1497 1500 1503 1506 1509 1512 1515 1518 1521 1524 1527 1530 1533 1536 1539 1542 1545 1548 1551 1554 1557 1560 1563 1566 1569 1572 1575 1578 1581 1584 1587 1590 1593 1596 1599 1602 1605 1608 1611 1614 1617 1620 1623 1626 1629 1632 1635 1638 1641 1644 1647 1650 1653 1656 1659 1662 1665 1668 1671 1674 1677 1680 1683 1686 1689 1692 1695 1698 1701 1704 1707 1710 1713 1716 1719 1722 1725 1728 1731 1734 1737 1740 1743 1746 1749 1752 1755 1758 1761 1764 1767 1770 1773 1776 1779 1782 1785 1788 1791 1794 1797 1800 1803 1806 1809 1812 1815 1818 1821 1824 1827 1830 1833 1836 1839 1842 1845 1848 1851 1854 1857 1860 1863 1866 1869 1872 1875 1878 1881 1884 1887 1890 1893 1896 1899 1902 1905 1908 1911 1914 1917 1920 1923 1926 1929 1932 1935 1938 1941 1944 1947 1950 1953 1956 1959 1962 1965 1968 1971 1974 1977 1980 1983 1986 1989 1992 1995 1998 2001 2004 2007 2010 2013 2016 2019 2022 2025 2028 2031 2034 2037 2040 2043 2046 2049 2052 2055 2058 2061 2064 2067 2070 2073 2076 2079 2082 2085 2088 2091 2094 2097 2100 2103 2106 2109 2112 2115 2118 2121 2124 2127 2130 2133 2136 2139 2142 2145 2148 2151 2154 2157 2160 2163 2166 2169 2172 2175 2178 2181 2184 2187 2190 2193 2196 2199 2202 2205 2208 2211 2214 2217 2220 2223 2226 2229 2232 2235 2238 2241 2244 2247 2250 2253 2256 2259 2262 2265 2268 2271 2274 2277 2280 2283 2286 2289 2292 2295 2298 2301 2304 2307 2310 2313 2316 2319 2322 2325 2328 2331 2334 2337 2340 2343 2346 2349 2352 2355 2358 2361 2364 2367 2370 2373 2376 2379 2382 2385 2388 2391 2394 2397 2400 2403 2406 2409 2412 2415 2418 2421 2424 2427 2430 2433 2436 2439 2442 2445 2448 2451 2454 2457 2460 2463 2466 2469 2472 2475 2478 2481 2484 2487 2490 2493 2496 2499 2502 2505 2508 2511 2514 2517 2520 2523 2526 2529 2532 2535 2538 2541 2544 2547 2550 2553 2556 2559 2562 2565 2568 2571 2574 2577 2580 2583 2586 2589 2592 2595 2598 2601 2604 2607 2610 2613 2616 2619 2622 2625 2628 2631 2634 2637 2640 2643 2646 2649 2652 2655 2658 2661 2664 2667 2670 2673 2676 2679 2682 2685 2688 2691 2694 2697 2700 2703 2706 2709 2712 2715 2718 2721 2724 2727 2730 2733 2736 2739 2742 2745 2748 2751 2754 2757 2760 2763 2766 2769 2772 2775 2778 2781 2784 2787 2790 2793 2796 2799 2802 2805 2808 2811 2814 2817 2820 2823 2826 2829 2832 2835 2838 2841 2844 2847 2850 2853 2856 2859 2862 2865 2868 2871 2874 2877 2880 2883 2886 2889 2892 2895 2898 2901 2904 2907 2910 2913 2916 2919 2922 2925 2928 2931 2934 2937 2940 2943 2946 2949 2952 2955 2958 2961 2964 2967 2970 2973 2976 2979 2982 2985 2988 2991 2994 2997 3000
    </DataArray>
    <DataArray type="UInt8" Name="types" format="ascii">
5 5 5 5 5 5 5 5 5 5 5 5 5 5 5 5 5 5 5 5 5 5 5 5 5 5 5 5 5 5 5 5 5 5 5 5 5 5 5 5 5 5 5 5 5 5 5 5 5 5 5 5 5 5 5 5 5 5 5 5 5 5 5 5 5 5 5 5 5 5 5 5 5 5 5 5 5 5 5 5 5 5 5 5 5 5 5 5 5 5 5 5 5 5 5 5 5 5 5 5 5 5 5 5 5 5 5 5 5 5 5 5 5 5 5 5 5 5 5 5 5 5 5 5 5 5 5 5 5 5 5 5 5 5 5 5 5 5 5 5 5 5 5 5 5 5 5 5 5 5 5 5 5 5 5 5 5 5 5 5 5 5 5 5 5 5 5 5 5 5 5 5 5 5 5 5 5 5 5 5 5 5 5 5 5 5 5 5 5 5 5 5 5 5 5 5 5 5 5 5 5 5 5 5 5 5 5 5 5 5 5 5 5 5 5 5 5 5 5 5 5 5 5 5 5 5 5 5 5 5 5 5 5 5 5 5 5 5 5 5 5 5 5 5 5 5 5 5 5 5 5 5 5 5 5 5 5 5 5 5 5 5 5 5 5 5 5 5 5 5 5 5 5 5 5 5 5 5 5 5 5 5 5 5 5 5 5 5 5 5 5 5 5 5 5 5 5 5 5 5 5 5 5 5 5 5 5 5 5 5 5 5 5 5 5 5 5 5 5 5 5 5 5 5 5 5 5 5 5 5 5 5 5 5 5 5 5 5 5 5 5 5 5 5 5 5 5 5 5 5 5 5 5 5 5 5 5 5 5 5 5 5 5 5 5 5 5 5 5 5 5 5 5 5 5 5 5 5 5 5 5 5 5 5 5 5 5 5 5 5 5 5 5 5 5 5 5 5 5 5 5 5 5 5 5 5 5 5 5 5 5 5 5 5 5 5 5 5 5 5 5 5 5 5 5 5 5 5 5 5 5 5 5 5 5 5 5 5 5 5 5 5 5 5 5 5 5 5 5 5 5 5 5 5 5 5 5 5 5 5 5 5 5 5 5 5 5 5 5 5 5 5 5 5 5 5 5 5 5 5 5 5 5 5 5 5 5 5 5 5 5 5 5 5 5 5 5 5 5 5 5 5 5 5 5 5 5 5 5 5 5 5 5 5 5 5 5 5 5 5 5 5 5 5 5 5 5 5 5 5 5 5 5 5 5 5 5 5 5 5 5 5 5 5 5 5 5 5 5 5 5 5 5 5 5 5 5 5 5 5 5 5 5 5 5 5 5 5 5 5 5 5 5 5 5 5 5 5 5 5 5 5 5 5 5 5 5 5 5 5 5 5 5 5 5 5 5 5 5 5 5 5 5 5 5 5 5 5 5 5 5 5 5 5 5 5 5 5 5 5 5 5 5 5 5 5 5 5 5 5 5 5 5 5 5 5 5 5 5 5 5 5 5 5 5 5 5 5 5 5 5 5 5 5 5 5 5 5 5 5 5 5 5 5 5 5 5 5 5 5 5 5 5 5 5 5 5 5 5 5 5 5 5 5 5 5 5 5 5 5 5 5 5 5 5 5 5 5 5 5 5 5 5 5 5 5 5 5 5 5 5 5 5 5 5 5 5 5 5 5 5 5 5 5 5 5 5 5 5 5 5 5 5 5 5 5 5 5 5 5 5 5 5 5 5 5 5 5 5 5 5 5 5 5 5 5 5 5 5 5 5 5 5 5 5 5 5 5 5 5 5 5 5 5 5 5 5 5 5 5 5 5 5 5 5 5 5 5 5 5 5 5 5 5 5 5 5 5 5 5 5 5 5 5 5 5 5 5 5 5 5 5 5 5 5 5 5 5 5 5 5 5 5 5 5 5 5 5 5 5 5 5 5 5 5 5 5 5 5 5 5 5 5 5 5 5 5 5 5 5 5 5 5 5 5 5 5 5 5 5 5 5 5 5 5 5 5 5 5 5 5 5 5 5 5 5 5 5 5 5 5 5 5 5 5 5 5 5 5 5 5 5 5 5 5 5 5 5 5 5 5 5 5 5 5 5 5 5 5 5 5 5 5 5 5 5 5 5 5 5 5 5 5 5 5 5 5 5 5 5 5 5 5 5 5 5 5 5 5 5 5 5 5 5 5 5 5 5 5 5 5 5 5 5 5 5 5 5 5 5 5 5 5 5 5 5 5 5 5 5 5 5 5 5 5 5 5 5 5 5 5 5 5 5 5 5 5 5 5 5 5 5 5 5 5 5 5 5 5 5
    </DataArray>
   </Cells>
   <PointData>
    <DataArray type="Float32" Name="Acceptor Doping [log10(m^-3)]" NumberOfComponents="1" format="ascii">
0.0 0.0 0.0 0.0 0.0 0.0 0.0 0.0 0.0 0.0 0.0 0.0 0.0 0.0 0.0 0.0 0.0 0.0 0.0 0.0 0.0 0.0 0.0 0.0 0.0 0.0 0.0 0.0 0.0 0.0 0.0 0.0 0.0 0.0 0.0 0.0 0.0 0.0 0.0 0.0 0.0 0.0 0.0 0.0 0.0 0.0 0.0 0.0 0.0 0.0 0.0 0.0 0.0 0.0 0.0 0.0 0.0 0.0 0.0 0.0 0.0 0.0 0.0 0.0 0.0 0.0 0.0 0.0 0.0 0.0 0.0 0.0 0.0 0.0 0.0 0.0 0.0 0.0 0.0 0.0 0.0 0.0 0.0 0.0 0.0 0.0 0.0 0.0 0.0 0.0 0.0 0.0 0.0 0.0 0.0 0.0 0.0 0.0 0.0 0.0 0.0 0.0 0.0 0.0 0.0 0.0 0.0 0.0 0.0 0.0 0.0 0.0 0.0 0.0 0.0 0.0 0.0 0.0 0.0 0.0 0.0 0.0 0.0 0.0 0.0 0.0 0.0 0.0 0.0 0.0 0.0 0.0 0.0 0.0 0.0 0.0 0.0 0.0 0.0 0.0 0.0 0.0 0.0 0.0 0.0 0.0 0.0 0.0 0.0 0.0 0.0 0.0 0.0 0.0 0.0 0.0 0.0 0.0 0.0 0.0 0.0 0.0 0.0 0.0 0.0 0.0 0.0 0.0 0.0 0.0 0.0 0.0 0.0 0.0 0.0 0.0 0.0 0.0 0.0 0.0 0.0 0.0 0.0 0.0 0.0 0.0 0.0 0.0 0.0 0.0 0.0 0.0 0.0 0.0 0.0 0.0 0.0 0.0 0.0 0.0 0.0 0.0 0.0 0.0 0.0 0.0 0.0 0.0 0.0 0.0 0.0 0.0 0.0 0.0 0.0 0.0 0.0 0.0 0.0 0.0 0.0 0.0 0.0 0.0 0.0 0.0 0.0 0.0 0.0 0.0 0.0 0.0 0.0 0.0 0.0 0.0 0.0 0.0 0.0 0.0 0.0 0.0 0.0 0.0 0.0 0.0 0.0 0.0 0.0 0.0 0.0 0.0 0.0 0.0 0.0 0.0 0.0 0.0 0.0 0.0 0.0 0.0 0.0 0.0 0.0 0.0 0.0 0.0 0.0 0.0 0.0 0.0 0.0 0.0 0.0 0.0 0.0 0.0 0.0 0.0 0.0 0.0 0.0 0.0 0.0 0.0 0.0 0.0 0.0 0.0 0.0 0.0 0.0 0.0 0.0 0.0 0.0 0.0 0.0 0.0 0.0 0.0 0.0 0.0 0.0 0.0 0.0 0.0 0.0 0.0 0.0 0.0 0.0 0.0 0.0 0.0 0.0 0.0 0.0 0.0 0.0 0.0 0.0 0.0 0.0 0.0 0.0 0.0 0.0 0.0 0.0 0.0 0.0 0.0 0.0 0.0 0.0 0.0 0.0 0.0 0.0 0.0 0.0 0.0 0.0 0.0 0.0 0.0 0.0 0.0 0.0 0.0 0.0 0.0 0.0 0.0 0.0 0.0 0.0 0.0 0.0 0.0 0.0 0.0 0.0 0.0 0.0 0.0 0.0 0.0 0.0 0.0 0.0 0.0 0.0 0.0 0.0 0.0 0.0 0.0 0.0 0.0 0.0 0.0 0.0 0.0 0.0 0.0 0.0 0.0 0.0 0.0 0.0 0.0 0.0 0.0 0.0 0.0 0.0 0.0 0.0 0.0 0.0 0.0 0.0 0.0 0.0 0.0 0.0 0.0 0.0 0.0 0.0 0.0 0.0 0.0 0.0 0.0 0.0 0.0 0.0 0.0 0.0 0.0 0.0 0.0 0.0 0.0 0.0 0.0 0.0 0.0 0.0 0.0 0.0 0.0 0.0 0.0 0.0 0.0 0.0 0.0 0.0 0.0 0.0 0.0 0.0 0.0 0.0 0.0 0.0 0.0 0.0 0.0 0.0 0.0 0.0 0.0 0.0 0.0 0.0 0.0 0.0 0.0 0.0 0.0 0.0 0.0 0.0 0.0 0.0 0.0 0.0 0.0 0.0 0.0 0.0 0.0 0.0 0.0 0.0 0.0 0.0 0.0 0.0 0.0 0.0 0.0 0.0 0.0 0.0 0.0 0.0 0.0 0.0 0.0 0.0 0.0 0.0 0.0 0.0 0.0 0.0 0.0 0.0 0.0 0.0 0.0 0.0 0.0 0.0 0.0 0.0 0.0 0.0 0.0 0.0 0.0 0.0 0.0 0.0 0.0 0.0 0.0 0.0 0.0 0.0 0.0 0.0 0.0 0.0 0.0 0.0 0.0 0.0 0.0 0.0 0.0 0.0 0.0 0.0 0.0 0.0 0.0 0.0 0.0 0.0 0.0 0.0 0.0 0.0 0.0 0.0 0.0 0.0 0.0 0.0 0.0 0.0 0.0 0.0
    </DataArray>
    <DataArray type="Float32" Name="Donor Doping [log10(m^-3)]" NumberOfComponents="1" format="ascii">
26.08168773341301 26.24789432463419 26.220332154910782 26.202343041868133 26.18843800765204 26.172415810007283 26.14858492933209 26.10461883639571 25.997637659626836 25.698575530813525 25.299942900022767 25.888450744669484 26.12284516088184 26.138478355225757 26.140701734310497 26.13903458994597 26.129810124516368 26.10872738008573 26.06282040960422 25.945953517742726 25.64037606688877 25.299942900022767 25.495711839358066 25.803749830525085 25.93509538879059 25.973777737597853 25.998771439730724 26.004796570139977 25.987779007915275 25.93058060480334 25.78035280594108 25.477458528897625 25.299942900022767 25.159338921074205 25.351717467925607 25.624958911098346 25.676777518233038 25.72880968810705 25.75898943342906 25.743350497840716 25.657414654915225 25.467671219177063 25.272368893000795 25.299942900022767 25.00799622175599 25.001502105631555 25.28514600469758 25.371153317888815 25.361634263518813 25.347803653648814 25.31499054320174 25.24762453932001 25.193144526025513 25.214184874379264 25.299942900022767 24.887042979394568 24.803956305395214 25.062677975547516 25.18968008192268 25.208667193588553 25.16935544858027 25.11728386523074 25.085529457591445 25.10023456186873 25.174199064045098 25.299942900022767 24.7527937589894 24.627831132056922 24.88491863090162 25.043515894321136 25.11611118017008 25.12902683468203 25.114207653376273 25.101434360527715 25.116046803065185 25.17851664673134 25.299942900022767 24.587948881711036 24.440398164137214 24.707252673268854 24.895089745063668 25.01218906604056 25.074999872563136 25.10463648205094 25.122397398338357 25.148105235240468 25.20020176876007 25.299942900022767 24.41077528241133 24.255194985963996 24.538198349811886 24.754261181907708 24.90836136048497 25.01148855392071 25.078297820971766 25.124614999788328 25.16572447473335 25.217161241730818 25.299942900022767 24.26260706422404 24.11005039621981 24.407469686800756 24.64502215869427 24.82577705611749 24.957522516230213 25.051123479264824 25.11883704851689 25.173027078891845 25.227095258006422 25.299942900022767 24.167768839419857 24.01980248321431 24.324540894909465 24.574034323109245 24.770529355456198 24.91990532759689 25.030612830067707 25.1124865802525 25.175922217705438 25.232720709254824 25.299942900022767 24.114197951498525 23.966723459345467 24.27374007665497 24.529003347214932 24.734346559634506 24.894395444887195 25.015938923615508 25.107121461629383 25.176931602773443 25.235989463373627 25.299942900022767 24.080763089532155 23.931113821901274 24.238873656531645 24.497508934538793 24.708562801849354 24.875787595921473 25.00479894021226 25.102543204138257 25.177000424631483 25.23793705438825 25.299942900022767 24.055890704097916 23.90361764438356 24.211999898870584 24.473235691883012 24.688604247103846 24.86121431077528 24.99583146048518 25.09853810758633 25.17658417012658 25.239122832571265 25.299942900022767 24.035314935491513 23.88085741128223 24.189982310538646 24.453487423292444 24.67239588662396 24.849314880013484 24.988371898003976 25.095008826871975 25.175935197250332 25.23985441858051 25.299942900022767 24.01754727455911 23.861468713583434 24.171419349046346 24.43695993677982 24.658872336687033 24.83935742020525 24.98204656488381 25.091891556064937 25.175190553956373 25.240308713966105 25.299942900022767 24.001940639237006 23.84470923410907 24.15551273760217 24.42288447600101 24.647386793614103 24.830883938424925 24.976610223455545 25.08913120430246 25.174422887941148 25.240588548275756 25.299942900022767 23.98811897750969 23.830086242709374 24.141732553034938 24.410750575446738 24.637507224697124 24.82358410546717 24.97189066108064 25.086680411226336 25.173670632930392 25.240756032650328 25.299942900022767 23.975820932878236 23.81724392845882 24.129701210992124 24.400198322981623 24.628930070342978 24.817238564258886 24.967763025945473 25.084499827018288 25.172954051839856 25.240850194234046 25.299942900022767 23.96484793098909 23.805913399452233 24.1191377538577 24.390963173394343 24.621433562607912 24.811686646926336 24.96413404858347 25.082556947425054 25.17228340200971 25.24089646143921 25.299942900022767 23.95504079350493 23.79588398443486 24.109825435043934 24.38284341624544 24.614849657557862 24.806806400566202 24.9609316925569 25.080824482457633 25.17166317100972 25.240911578393142 25.299942900022767 23.946266997885797 23.786985451324643 24.101591686257787 24.375680137540336 24.609046677175076 24.802502079105224 24.958098470024638 25.079279048374037 25.171094399792032 25.240906672216397 25.299942900022767 23.938413201701074 23.779076747444492 24.094295460377726 24.36934463570389 24.603918432744983 24.798696277290894 24.95558717882754 25.077900245481345 25.170576042703633 25.240889312690605 25.299942900022767 23.931380693390363 23.77203873505928 24.08781907536179 24.363730364720347 24.59937729843856 24.7953249338953 24.953358187308467 25.076670050696485 25.170105807206514 25.24086458277242 25.299942900022767 23.925082514274987 23.765769371636566 24.082062813705782 24.358747635752014 24.595349688359477 24.792334086681535 24.951377678269754 25.075572429999443 25.169680706375544 25.24083589049604 25.299942900022767 23.919441538284538 23.760180390543134 24.076941220703862 24.35432001337004 24.591773002463515 24.7896776941886 24.949616476535414 25.074593081529137 25.169297430700944 25.240805507361934 25.299942900022767 23.914389106815772 23.755194920272498 24.072380471236514 24.350381774442226 24.58859348864826 24.787316114385433 24.94804921981451 25.073719227282098 25.168952560191336 25.24077492445006 25.299942900022767 23.90986398966297 23.750745700878237 24.06831642040017 24.346876045981965 24.58576469024627 24.78521501015351 24.946653767960765 25.072939464733558 25.16864272608606 25.240745098347755 25.299942900022767 23.905811544912865 23.746773692222085 24.06469310170055 24.343753380324827 24.583246257712133 24.78334450097566 24.945410728223862 25.072243633584883 25.168364706025592 25.240716620343704 25.299942900022767 23.902183009293815 23.743226954929312 24.061461539336168 24.340970640579936 24.581003025608553 24.781678506517437 24.944303084824824 25.071622695101762 25.16811547889321 25.240689832683856 25.299942900022767 23.89893488016924 23.74005972499033 24.058578780195905 24.33849009928265 24.579004267624335 24.780194212846162 24.943315889820504 25.071068620787642 25.16789225233178 25.240664909476045 25.299942900022767 23.896028368351228 23.737231635084125 24.056007091040176 24.33627869634528 24.577223084001492 24.778871630629 24.94243600139365 25.070574289426787 25.167692472522155 25.240641913137033 25.299942900022767 23.893428904018474 23.73470705186498 24.053713284278505 24.334307419650507 24.575635890352114 24.7776932241009 24.941651859570765 25.070133392370636 25.16751382275262 25.24062083320629 25.299942900022767 23.891105695366733 23.732454507036824 24.05166814548155 24.332550782275053 24.574221986533562 24.77664359629447 24.940953292439357 25.069740346351697 25.167354213159438 25.24060161313103 25.299942900022767 23.889031378405278 23.73044620698193 24.04984594433565 24.3309863781412 24.572963190402053 24.775709220304 24.940331348315404 25.069390214935414 25.167211767770517 25.240584168852237 25.299942900022767 23.887181613076297 23.728657604905585 24.04822401440406 24.329594502349448 24.571843525149863 24.774878208904703 24.939778150056966 25.069078637773675 25.167084809151547 25.24056840143265 25.299942900022767 23.885534792846066 23.72706703143197 24.046782391775338 24.32835782588434 24.570848951562848 24.774140116588423 24.939286768571144 25.06880176743504 25.166971842283335 25.240554205600368 25.299942900022767 23.884071767570433 23.72565537395187 24.045503503696448 24.327261116325737 24.569967138293084 24.773485769232394 24.938851113100345 25.068556213313222 25.16687153861266 25.240541475470053 25.299942900022767 23.88277559759273 23.724405798169926 24.044371899972603 24.32629099777698 24.569187264556405 24.77290711752009 24.938465836271757 25.068338992778656 25.16678272250181 25.24053010827871 25.299942900022767 23.881631337239863 23.72330350635391 24.043374021253527 24.325435744448782 24.56849985065341 24.772397110764672 24.938126251720224 25.068147487203017 25.16670435566133 25.240520006790483 25.299942900022767 23.880625830622876 23.722335527860928 24.042497999302917 24.32468510323417 24.567896612394264 24.771949588516136 24.937828263188347 25.067979404465262 25.166635525039318 25.240511080745794 25.299942900022767 23.87974757863451 23.721490539193884 24.041733485264462 24.324030141428214 24.56737033634233 24.771559187525604 24.93756830354296 25.067832746502532 25.16657543152854 25.24050324769234 25.299942900022767 23.87898656223731 23.720758706980472 24.041071501958847 24.323463116351103 24.56691477307007 24.77122126206902 24.93734328208946 25.06770578028819 25.16652337990105 25.240496433395613 25.299942900022767 23.878334123884333 23.720131553906675 24.040504317643272 24.32297736409914 24.56652454620969 24.770931816097026 24.937150539868437 25.067597013695437 25.166478769986256 25.240490571976814 25.299942900022767 23.87778286131671 23.719601844724963 24.040025338816548 24.322567205203153 24.56619507536801 24.770687445694293 24.93698781162271 25.067505174706405 25.166441089023888 25.240485605881656 25.299942900022767 23.87732653477258 23.719163489861714 24.03962901984886 24.322227865182455 24.565922511196952 24.770485290571873 24.936853193787794 25.067429193838855 25.16640990510902 25.240481485753868 25.299942900022767 23.876959989376388 23.718811465090713 24.039310788001707 24.321955408954825 24.565703682140075 24.770322994450037 24.936745117905172 25.067368189503913 25.16638486170319 25.240478170259077 25.299942900022767 23.87667909133167 23.718541745644906 24.039066981910683 24.321746686830526 24.565536050234314 24.77019867196965 24.936662328903466 25.067321455996595 25.166365673089967 25.240475625895517 25.299942900022767 23.876480676913943 23.71835125382494 24.03889480279083 24.321599291789333 24.565417676259166 24.770110882653636 24.936603867889943 25.067288454045784 25.166352120712553 25.24047382681538 25.299942900022767 23.876362513672184 23.71823781917283 24.038792277419194 24.321511527157586 24.56534719346655 24.770058611324714 24.936569059070347 25.067268803529153 25.166344050408853 25.24047275467234 25.299942900022767 23.87632327295091 23.718200150477937 24.038758232134303 24.321482383899667 24.56532378910496 24.770041254321267 24.936557500582133 25.067262278366208 25.166341370456188 25.240472398506434 25.299942900022767
    </DataArray>
    <DataArray type="Float32" Name="Potential [V]" NumberOfComponents="1" format="ascii">
2.783523439107822 2.825753793791895 2.854071071920126 2.8768683012495724 2.8970631733176027 2.9158177242443624 2.9339723878304866 2.952626995165249 2.9746143345672533 3.0100726630262677 3.0823912081315035 2.7720261382169578 2.817862617613245 2.8491928726808102 2.87326930909702 2.894072791326709 2.9131425481856454 2.931479574533266 2.950347308964064 2.9729471731352355 3.0098713102113366 3.0823912081315035 2.7486587829540006 2.798638862154009 2.835965008766943 2.8629676877485197 2.885361417739284 2.905379850780274 2.924399103020476 2.9442134661805475 2.9691356965394844 3.010359355140606 3.0823912081315035 2.7286451164287957 2.7778018015426187 2.8180608916927135 2.8476332744044774 2.8719191334461325 2.893578007964553 2.9143430402060178 2.936911282342802 2.966883984418681 3.013777550703928 3.0823912081315035 2.719640460731089 2.763207145129895 2.802761249317133 2.834508926492738 2.860373960182582 2.883788463434545 2.9075515155918175 2.9350902396747145 2.971295186515381 3.020644408896334 3.0823912081315035 2.71244393055228 2.7531910616574664 2.7927443248201165 2.8272865701904344 2.8567458645653394 2.8835713586607348 2.9109852317231075 2.9423862085599377 2.9809739504745956 3.0283492260934546 3.0823912081315035 2.7044563103176738 2.745162270165842 2.7860283878802905 2.8238383334619446 2.857753350416522 2.889079740298288 2.9202870422092135 2.9540367312688165 2.9923840290876575 3.035817903661115 3.0823912081315035 2.6946482959892033 2.7377567764801523 2.7809955620015345 2.822204073804826 2.860436797789626 2.896141904956552 2.9307774393738 2.966072983901643 3.003269096660007 3.042460207846369 3.0823912081315035 2.684106741836909 2.730904548709711 2.7770056941467014 2.8214251929229124 2.8634161999186123 2.902879285577348 2.9403738816068907 2.9767513863804176 3.0126322705491195 3.048007220928635 3.0823912081315035 2.675290962839113 2.7252823303838607 2.7739794427891007 2.821126123291122 2.8661527993901825 2.908610738237192 2.9483636459705003 2.9855217920801094 3.0202112010798574 3.0524272386731175 3.0823912081315035 2.6696482356696456 2.7213408529676286 2.771892037830184 2.8211164036989715 2.868440823145111 2.9131554426748396 2.9546142182649935 2.9923425716183076 3.02606547280065 3.055809909673142 3.0823912081315035 2.6664608509902052 2.718826563516216 2.770545829954073 2.8212350612073567 2.870209677340221 2.9165504822478163 2.959249496505586 2.997395289019741 3.030393862448809 3.0582984164125393 3.0823912081315035 2.664471528600266 2.717191236320013 2.7696593050857383 2.8213494806102375 2.871469270358847 2.9189442296521553 2.9625183812040787 3.00096971909308 3.033461332780827 3.0600593168382977 3.0823912081315035 2.6629916602734496 2.716015631703939 2.769003484947407 2.821377741503032 2.872278903715172 2.9205295346226636 2.9647105448887 3.0033882398569864 3.0355489886451954 3.0612602186361864 3.0823912081315035 2.6617674339787487 2.715072680834572 2.768441297508089 2.8212879191168696 2.8727198457403955 2.921497628914481 2.966099161979567 3.004950949094274 3.036914817438548 3.0620513473951894 3.0823912081315035 2.660710285731951 2.714256129138394 2.767907161676646 2.8210825448070165 2.87287613511252 2.9220144111641937 2.966912681598629 3.0059068435252443 3.037771683317877 3.0625551794894497 3.0823912081315035 2.6597817151546566 2.7135190611483586 2.7673773405830575 2.8207820616971957 2.872823982801698 2.922213129047045 2.9673283219379694 3.0064470002817276 3.038281988664901 3.0628643741946866 3.0823912081315035 2.658959347735644 2.712841310631184 2.76684869522377 2.820413000750598 2.8726272640948656 2.9221957082233363 2.967476981424627 3.0067103985228636 3.0385628146658474 3.063045191421535 3.0823912081315035 2.658227633168902 2.7122143617963905 2.7663265015678205 2.8200012037268656 2.872336648632849 2.922037503362074 2.96745217718247 3.006794465835654 3.0386952544830548 3.063143111748741 3.0823912081315035 2.6575747565886165 2.71163452116325 2.765818255044896 2.8195686806492586 2.8719906401189337 2.921792769603271 2.9673191396523384 3.0067657808929527 3.03873394369584 3.0631884746199276 3.0823912081315035 2.6569912471307915 2.71109983100858 2.765330854659461 2.8191326450251215 2.8716174331578497 2.9214996794491035 2.9671225208764676 3.0066690208309317 3.038715009673757 3.063201138151253 3.0823912081315035 2.656469219909999 2.710608715068838 2.7648695529526695 2.8187056825202434 2.871236953251714 2.921184486485284 2.966892374454978 3.006533744494427 3.0386620368575956 3.063193945619838 3.0823912081315035 2.6560019312275447 2.7101594457015215 2.7644377692406774 2.8182964124102634 2.8708627521762096 2.920864794627181 2.9666485697183878 3.0063792544116366 3.0385902721556834 3.0631751426624656 3.0823912081315035 2.655583507898805 2.709749997185172 2.7640372837295915 2.8179102879092546 2.8705036203873413 2.9205520366854065 2.9664039547586527 3.006217967649921 3.038509479213653 3.063149994005866 3.0823912081315035 2.6552087760173735 2.7093780692444254 2.763668564399408 2.8175503599511944 2.8701648850644292 2.920253308959843 2.9661665822000614 3.0060577084782616 3.0384258338715022 3.063121840543073 3.0823912081315035 2.654873146701775 2.709041173361915 2.763331106301407 2.81721793127402 2.8698494159823635 2.9199727057222464 2.965941258041084 3.005903251849201 3.0383431688035443 3.063092781735055 3.0823912081315035 2.654572534871687 2.7087367303914918 2.763023731125366 2.8169130819966313 2.8695583832480844 2.9197122770092134 2.9657306119200415 3.005757357757619 3.0382637873925367 3.063064114219208 3.0823912081315035 2.65430329742491 2.7084621570058665 2.76274483000773 2.8166350740145276 2.869291815495511 2.919472708574826 2.965535833366633 3.0056214638890935 3.0381889966540223 3.0630366142849814 3.0823912081315035 2.654062183252419 2.708214933301126 2.7624925495098025 2.816382652039597 2.8690490033225102 2.9192537997771484 2.965357176288555 3.0054961496486268 3.0381194573528982 3.063010720758054 3.0823912081315035 2.6538462910152405 2.7079926510108314 2.7622649279212284 2.8161542615608908 2.868828785882628 2.919054796233185 2.965194303359302 3.0053814472829328 3.0380554150622956 3.0629866542417266 3.0823912081315035 2.653653032374023 2.7077930447881626 2.7620599912133534 2.815948202574022 2.868629750947796 2.918874618890555 2.9650465198903224 3.00527705043611 3.0379968532699397 3.0629644954307254 3.0823912081315035 2.6534800994322922 2.7076140099652504 2.7618758177538547 2.815762735064818 2.8684503719165155 2.9187120197566223 2.96491293148904 3.0051824536367238 3.0379435950754665 3.0629442368574185 3.0823912081315035 2.6533254353393403 2.707453610123915 2.7617105796854005 2.815596149079745 2.868289099501906 2.9185656860387277 2.9647925492020692 3.005097045090471 3.0378953707179077 3.062925817208069 3.0823912081315035 2.6531872080306096 2.707310077574755 2.7615625674266173 2.8154468093226974 2.8681444212588736 2.91843430824155 2.9646843585309304 3.0050201678063204 3.037851862223274 3.062909144091854 3.0823912081315035 2.653063789391125 2.707181809385049 2.761430202287449 2.815313181756822 2.8680148985748293 2.9183166232761804 2.9645873636721247 3.004951159227959 3.0378127326696207 3.0628941090987367 3.0823912081315035 2.6529537312252263 2.707067359168401 2.761312040655806 2.8151938476932745 2.8678991880821156 2.91821144040605 2.964500614850759 3.0048893762810573 3.0377776450626577 3.062880597670478 3.0823912081315035 2.652855747977696 2.7069654279415616 2.761206772921118 2.8150875094804446 2.867796052504498 2.918117655553065 2.9644232242102655 3.004834210563359 3.0377462741957997 3.0628684954713705 3.0823912081315035 2.65276870024468 2.706874854040523 2.7611132189893404 2.814992990670875 2.8677043644860745 2.918034257839569 2.964354374048528 3.0047850969230274 3.0377183137894384 3.062857692396343 3.0823912081315035 2.652691580142901 2.70679460282278 2.7610303217867527 2.814909232706619 2.867623105898357 2.917960331071872 2.964293320026176 3.0047415176588803 3.0376934804814932 3.0628480849893194 3.0823912081315035 2.6526234984280084 2.706723756611853 2.760957139740261 2.8148352895554978 2.867551364367033 2.917895052042987 2.964239391157471 3.00470300386606 3.037671515719597 3.062839577796081 3.0823912081315035 2.652563672345029 2.7066615051048655 2.7608928389148026 2.814770321290674 2.867488328221561 2.9178376869496883 2.9641919878352994 3.00466913499611 3.037652186320034 3.0628320840188747 3.0823912081315035 2.6525114177149303 2.7066071370033247 2.760836685343419 2.814713587293585 2.8674332806868694 2.9177875868059084 2.964150578740086 3.00463953734718 3.037635284187948 3.0628255257203736 3.0823912081315035 2.6524661384205337 2.7065600316743392 2.7607880375882607 2.814664439475214 2.8673855938560218 2.9177441824446078 2.964114697206052 3.004613881969364 3.0376206255428375 3.0628198337471426 3.0823912081315035 2.6524273193512364 2.706519652053025 2.7607463399363015 2.8146223158473345 2.8673447228140043 2.9177069795057493 2.9640839374341774 3.0045918823238758 3.037608049886327 3.062814947489828 3.0823912081315035 2.6523945200841235 2.706485538410016 2.760711116287587 2.814586734621469 2.8673102001450292 2.9176755536669017 2.964057950803708 3.004573291912243 3.0375974188696255 3.062810814559364 3.0823912081315035 2.6523673693630507 2.7064573029147434 2.7606819647630796 2.8145572889342243 2.867281630964477 2.917649546277869 2.9640364424448755 3.0045579020196342 3.0375886151658316 3.0628073904328375 3.0823912081315035 2.6523455604809234 2.7064346250025184 2.7606585530551184 2.8145336422551135 2.867258688558591 2.9176286604988624 2.964019168174758 3.0045455396647553 3.0375815414164973 3.062804638104805 3.0823912081315035 2.6523288474832682 2.706417247520254 2.760640614522818 2.8145155245022577 2.8672411106735916 2.9176126579940056 2.9640059318562426 3.004536065813624 3.037576119296376 3.062802527767566 3.0823912081315035 2.652317042133389 2.706404973621249 2.760627945025051 2.8145027288748206 2.8672286964769014 2.917601356213026 2.963996583215464 3.00452937389213 3.0375722887245264 3.062801036535711 3.0823912081315035 2.6523100116039156 2.706397664382798 2.7606204004774106 2.814495109400572 2.8672213041974364 2.917594626274174 2.9639910161355254 3.0045253886167447 3.037570007238824 3.062800148224623 3.0823912081315035 2.6523076768419087 2.7063952371200997 2.760617895118965 2.8144925791914526 2.8672188494438298 2.9175923914526596 2.9639891674351895 3.0045240651543335 3.037569249544032 3.062799853188976 3.0823912081315035
    </DataArray>
    <DataArray type="Float32" Name="Electron density [log10(m^-3)]" NumberOfComponents="1" format="ascii">
26.08168773341301 26.133350469510066 26.16130785825899 26.163777362959703 26.158581799643247 26.14772307706076 26.129035027825076 26.09879553243646 26.054851266865963 26.00140514910941 25.299942900022767 25.888450744669484 25.98674293230471 26.06445068933238 26.09509786991128 26.105280454477064 26.103106024527023 26.089350339750883 26.062186372610114 26.021711025778583 25.97229887742726 25.299942900022767 25.495711839358066 25.642775523678207 25.81554364018978 25.907518098429254 25.95375808190213 25.973818871142488 25.974109507098717 25.957465854114464 25.929325547963003 25.884432874978206 25.299942900022767 25.159338921074205 25.274332049014987 25.491352593218778 25.636074291774715 25.72055460281896 25.770524283122327 25.795053890094202 25.80099259657527 25.791952376563174 25.72831952516865 25.299942900022767 25.00799622175599 25.034091402238722 25.198519788245655 25.37164694767167 25.484976489521205 25.556073123688073 25.602025631985818 25.625876918425426 25.613189121488528 25.53984627452192 25.299942900022767 24.887042979394568 24.872942494626134 24.963315371248513 25.135720739155794 25.27724331508816 25.370925624648805 25.42677462284088 25.44904675838321 25.433429993315983 25.376930971117126 25.299942900022767 24.7527937589894 24.72647922393183 24.76156503692926 24.912694522033444 25.072033835144097 25.188692064242247 25.259177542517225 25.29038679241028 25.28702463366466 25.261974399101597 25.299942900022767 24.587948881711036 24.568338795027678 24.571966072793128 24.692357633479055 24.857417132023908 24.998197987946018 25.09346232662998 25.146294016819166 25.16783458204499 25.18654694197868 25.299942900022767 24.41077528241133 24.40424267986047 24.391110325689056 24.475175302382226 24.6303970350759 24.789485242014216 24.914474850233695 25.00005250368949 25.060021471358247 25.132318304218884 25.299942900022767 24.26260706422404 24.260634871802207 24.23312428115209 24.275707657389923 24.402558277398334 24.56719072225177 24.721110576473222 24.84775519965293 24.958783318315387 25.090781525391463 25.299942900022767 24.167768839419857 24.158799180514062 24.114667076263007 24.1147606052192 24.196638609786525 24.348154790952538 24.524363651424526 24.697216465533526 24.868610785461275 25.060088359085917 25.299942900022767 24.114197951498525 24.09603402762822 24.037506593548514 24.002567139633836 24.03418979741582 24.154304874700145 24.341505670621615 24.56153973806087 24.79582091999325 25.03929371235139 25.299942900022767 24.080763089532155 24.057213107141497 23.99003276887468 23.93223549221637 23.922178781581646 24.002733252558524 24.189185281211767 24.452142808375 24.743131043281043 25.026460557805173 25.299942900022767 24.055890704097916 24.030398767164048 23.959480232361035 23.889261541765237 23.851718692455268 23.89728433100621 24.075909743852943 24.373066475650703 24.70835235534471 25.019076208832814 25.299942900022767 24.035314935491513 24.009560996901314 23.937682104595183 23.861496268123098 23.80822645959041 23.82925048943292 23.998905112685502 24.32030626829281 24.686535260576516 25.0148762167449 25.299942900022767 24.01754727455911 23.992125503708458 23.920519994033995 23.841702156038817 23.779956953632198 23.785834463523067 23.948554037148686 24.286058693637578 24.67270956480498 25.01226042359194 25.299942900022767 24.001940639237006 23.976994285501807 23.90610645683982 23.82621881578348 23.75987008606178 23.75675020622348 23.914930200585587 24.263086920447698 24.66326141597328 25.010289546294324 25.299942900022767 23.98811897750969 23.963639216243493 23.89357495009295 23.813312146781076 23.7443070191166 23.735661700817005 23.89095906809075 24.246437054465524 24.6560277808709 25.008500449668613 25.299942900022767 23.975820932878236 23.951757255687767 23.882493827747147 23.802156411806674 23.73146959586992 23.719146794015654 23.87246635331524 24.233250538127074 24.64988320702655 25.006712247123982 25.299942900022767 23.96484793098909 23.94114408406873 23.87261632525867 23.792331514686346 23.720470264341138 23.70545512634513 23.857222585611478 24.222043617584745 24.64431113426259 25.004886600585944 25.299942900022767 23.95504079350493 23.931645245630044 23.863778436589225 23.78359760735916 23.710846322449967 23.693692861915967 23.844089900979935 24.21209847627258 24.639107947610416 25.003044704848687 25.299942900022767 23.946266997885797 23.923135248662547 23.85585694126554 23.7757978889516 23.702332197380272 23.683383489890723 23.832489346658033 24.203083011800697 24.634212543448967 25.00122455591792 25.299942900022767 23.938413201701074 23.915507601082474 23.848751445712033 23.768816832271376 23.694756416108923 23.674251014969087 23.82211357489484 24.194844429062233 24.62961893061517 24.999462031892882 25.299942900022767 23.931380693390363 23.9086695891827 23.84237619340769 23.762561807434246 23.68799525812743 23.66611716017363 23.812783219748923 24.187306464310794 24.625335786951357 24.997784333172063 25.299942900022767 23.925082514274987 23.90253930617301 23.836656017565705 23.756954612142085 23.681951567637395 23.658853390364058 23.804378427870855 24.180421754730983 24.621370081780146 24.99620914246219 25.299942900022767 23.919441538284538 23.897043816041432 23.83152414337394 23.751927290280143 23.67654471282429 23.652358514836813 23.796807414867708 24.174151541572417 24.617722022676784 24.994746000887293 25.299942900022767 23.914389106815772 23.892117915305473 23.826920860079237 23.74741987336365 23.67170555021832 23.646548073249082 23.789992560459893 24.16845813436591 24.614384802952348 24.993398247614444 25.299942900022767 23.90986398966297 23.88770321988213 23.82279262236883 23.743379022871324 23.667373691492028 23.641349127948025 23.783864531049655 24.163302933119677 24.61134604920102 24.992164841102724 25.299942900022767 23.905811544912865 23.883747436514245 23.81909137518482 23.73975711901016 23.6634958714132 23.636697547323706 23.77835993114512 24.158646612886432 24.60858960007692 24.99104183909013 25.299942900022767 23.902183009293815 23.880203746274894 23.815774001523906 23.736511582194147 23.66002486407213 23.63253644611823 23.773420420304273 24.154449961120495 24.606097089078876 24.99002351496663 25.299942900022767 23.89893488016924 23.877030262876115 23.812801845143216 23.733604326790246 23.65691869088146 23.62881517462837 23.768992376752447 24.15067474951657 24.603849181379818 24.989103161568124 25.299942900022767 23.896028368351228 23.87418954652373 23.810140284313988 23.731001297337954 23.654139996337946 23.625488579316773 23.76502672147762 24.147284427337127 24.601826469272382 24.988273650154284 25.299942900022767 23.893428904018474 23.871648161773102 23.807758345040373 23.72867206250733 23.651655530123694 23.62251640856865 23.761478755500118 24.14424459546884 24.600010083156917 24.98752780704471 25.299942900022767 23.891105695366733 23.86937628072803 23.805628352245567 23.726589455831235 23.649435704431653 23.6198628062329 23.75830796584158 24.141523285605903 24.59838208386184 24.986858658691666 25.299942900022767 23.889031378405278 23.867347341385457 23.803725618422234 23.72472925544609 23.647454207888618 23.617495865542537 23.755477796240502 24.139091087285625 24.59692569526414 24.986259583990382 25.299942900022767 23.887181613076297 23.865537697497615 23.80202814208064 23.723069887402378 23.645687661085134 23.615387229033388 23.75295539255803 24.136921164952184 24.59562542409318 24.985724402282987 25.299942900022767 23.885534792846066 23.863926333861162 23.800516347499027 23.72159216425832 23.64411531364949 23.61351173062419 23.750711336621528 24.134989200537625 24.59446710261769 24.985247417617437 25.299942900022767 23.884071767570433 23.862494606822356 23.79917285048089 23.72027905191408 23.642718776899574 23.611847075785533 23.748719379979864 24.1332732889432 24.59343788045502 24.984823433897137 25.299942900022767 23.88277559759273 23.8612260116733 23.797982247716977 23.71911546112971 23.64148178731343 23.61037355624647 23.746956185962233 24.131753806546527 24.59252618440245 24.984447751222888 25.299942900022767 23.881631337239863 23.860105975521467 23.796930928399696 23.718088061781575 23.640389997633292 23.609073796561933 23.745401085997326 24.130413267008038 24.591721659153595 24.984116150532458 25.299942900022767 23.880625830622876 23.859121670565752 23.796006906709433 23.717185118770896 23.63943079344468 23.60793253024736 23.744035853771667 24.129236174368465 24.591015098584638 24.983824871606718 25.299942900022767 23.87974757863451 23.858261869408256 23.795199681973777 23.716396350654065 23.63859313360748 23.60693640322388 23.742844499250403 24.12820888004453 24.59039837371344 24.983570587819255 25.299942900022767 23.87898656223731 23.857516791002855 23.794500103801276 23.715712800162283 23.637867408446404 23.6060738008436 23.741813083054435 24.127319447885355 24.58986436151492 24.983350379921387 25.299942900022767 23.878334123884333 23.856877980724292 23.79390025987053 23.71512672339868 23.637245317348796 23.605334697721627 23.74092955155001 24.126557530173997 24.589406877422277 24.983161710408226 25.299942900022767 23.87778286131671 23.856338207331444 23.793393380232786 23.71463149525702 23.636719764155476 23.60471052879608 23.740183592447163 24.125914256098707 24.589020613260193 24.983002399464816 25.299942900022767 23.87732653477258 23.85589137380277 23.79297375508582 23.714221528605638 23.63628476818714 23.604194079604028 23.73956651013134 24.125382133486262 24.58870108167415 24.98287060312668 25.299942900022767 23.876959989376388 23.855532442260724 23.792636665354074 23.71389220610268 23.635935389439318 23.603779394197637 23.73907111987857 24.12495496409093 24.588444567661494 24.98276479403995 25.299942900022767 23.87667909133167 23.85525737214467 23.792378325439135 23.713639824009483 23.635667667048725 23.60346169926064 23.73869165996325 24.12462777241838 24.588248087494406 24.982683745039488 25.299942900022767 23.876480676913943 23.855063070761712 23.792195837379943 23.7134615471975 23.635478570091134 23.603237343462375 23.738423720940894 24.12439674794511 24.58810935515741 24.982626515661504 25.299942900022767 23.876362513672184 23.854947355580748 23.79208715583653 23.713355374754506 23.635365960007416 23.603103751196482 23.738264191434386 24.124259200502152 24.588026756311766 24.982592441642357 25.299942900022767 23.87632327295091 23.85490892760349 23.7920510633834 23.71332011573596 23.635328564139694 23.603059390001075 23.738211219825544 24.124213528598737 24.587999329753128 24.982581127420804 25.299942900022767
    </DataArray>
    <DataArray type="Float32" Name="Hole density [log10(m^-3)]" NumberOfComponents="1" format="ascii">
0.0 0.0 0.0 0.0 0.0 0.0 0.0 0.0 0.0 0.0 0.0 0.0 0.0 0.0 0.0 0.0 0.0 0.0 0.0 0.0 0.0 0.0 0.0 0.0 0.0 0.0 0.0 0.0 0.0 0.0 0.0 0.0 0.0 0.0 0.0 0.0 0.0 0.0 0.0 0.0 0.0 0.0 0.0 0.0 0.0 0.0 0.0 0.0 0.0 0.0 0.0 0.0 0.0 0.0 0.0 0.0 0.0 0.0 0.0 0.0 0.0 0.0 0.0 0.0 0.0 0.0 0.0 0.0 0.0 0.0 0.0 0.0 0.0 0.0 0.0 0.0 0.0 0.0 0.0 0.0 0.0 0.0 0.0 0.0 0.0 0.0 0.0 0.0 0.0 0.0 0.0 0.0 0.0 0.0 0.0 0.0 0.0 0.0 0.0 0.0 0.0 0.0 0.0 0.0 0.0 0.0 0.0 0.0 0.0 0.0 0.0 0.0 0.0 0.0 0.0 0.0 0.0 0.0 0.0 0.0 0.0 0.0 0.0 0.0 0.0 0.0 0.0 0.0 0.0 0.0 0.0 0.0 0.0 0.0 0.0 0.0 0.0 0.0 0.0 0.0 0.0 0.0 0.0 0.0 0.0 0.0 0.0 0.0 0.0 0.0 0.0 0.0 0.0 0.0 0.0 0.0 0.0 0.0 0.0 0.0 0.0 0.0 0.0 0.0 0.0 0.0 0.0 0.0 0.0 0.0 0.0 0.0 0.0 0.0 0.0 0.0 0.0 0.0 0.0 0.0 0.0 0.0 0.0 0.0 0.0 0.0 0.0 0.0 0.0 0.0 0.0 0.0 0.0 0.0 0.0 0.0 0.0 0.0 0.0 0.0 0.0 0.0 0.0 0.0 0.0 0.0 0.0 0.0 0.0 0.0 0.0 0.0 0.0 0.0 0.0 0.0 0.0 0.0 0.0 0.0 0.0 0.0 0.0 0.0 0.0 0.0 0.0 0.0 0.0 0.0 0.0 0.0 0.0 0.0 0.0 0.0 0.0 0.0 0.0 0.0 0.0 0.0 0.0 0.0 0.0 0.0 0.0 0.0 0.0 0.0 0.0 0.0 0.0 0.0 0.0 0.0 0.0 0.0 0.0 0.0 0.0 0.0 0.0 0.0 0.0 0.0 0.0 0.0 0.0 0.0 0.0 0.0 0.0 0.0 0.0 0.0 0.0 0.0 0.0 0.0 0.0 0.0 0.0 0.0 0.0 0.0 0.0 0.0 0.0 0.0 0.0 0.0 0.0 0.0 0.0 0.0 0.0 0.0 0.0 0.0 0.0 0.0 0.0 0.0 0.0 0.0 0.0 0.0 0.0 0.0 0.0 0.0 0.0 0.0 0.0 0.0 0.0 0.0 0.0 0.0 0.0 0.0 0.0 0.0 0.0 0.0 0.0 0.0 0.0 0.0 0.0 0.0 0.0 0.0 0.0 0.0 0.0 0.0 0.0 0.0 0.0 0.0 0.0 0.0 0.0 0.0 0.0 0.0 0.0 0.0 0.0 0.0 0.0 0.0 0.0 0.0 0.0 0.0 0.0 0.0 0.0 0.0 0.0 0.0 0.0 0.0 0.0 0.0 0.0 0.0 0.0 0.0 0.0 0.0 0.0 0.0 0.0 0.0 0.0 0.0 0.0 0.0 0.0 0.0 0.0 0.0 0.0 0.0 0.0 0.0 0.0 0.0 0.0 0.0 0.0 0.0 0.0 0.0 0.0 0.0 0.0 0.0 0.0 0.0 0.0 0.0 0.0 0.0 0.0 0.0 0.0 0.0 0.0 0.0 0.0 0.0 0.0 0.0 0.0 0.0 0.0 0.0 0.0 0.0 0.0 0.0 0.0 0.0 0.0 0.0 0.0 0.0 0.0 0.0 0.0 0.0 0.0 0.0 0.0 0.0 0.0 0.0 0.0 0.0 0.0 0.0 0.0 0.0 0.0 0.0 0.0 0.0 0.0 0.0 0.0 0.0 0.0 0.0 0.0 0.0 0.0 0.0 0.0 0.0 0.0 0.0 0.0 0.0 0.0 0.0 0.0 0.0 0.0 0.0 0.0 0.0 0.0 0.0 0.0 0.0 0.0 0.0 0.0 0.0 0.0 0.0 0.0 0.0 0.0 0.0 0.0 0.0 0.0 0.0 0.0 0.0 0.0 0.0 0.0 0.0 0.0 0.0 0.0 0.0 0.0 0.0 0.0 0.0 0.0 0.0 0.0 0.0 0.0 0.0 0.0 0.0 0.0 0.0 0.0 0.0 0.0 0.0 0.0 0.0 0.0 0.0 0.0 0.0 0.0 0.0 0.0 0.0 0.0 0.0 0.0 0.0 0.0 0.0 0.0 0.0 0.0 0.0 0.0 0.0 0.0 0.0 0.0 0.0 0.0 0.0 0.0 0.0 0.0 0.0 0.0 0.0 0.0 0.0 0.0 0.0 0.0
    </DataArray>
    <DataArray type="Float32" Name="Ion density [log10(m^-3)]" NumberOfComponents="1" format="ascii">
25.759456764592077 25.925670747357586 25.898106461996587 25.880115983085815 25.86621043749573 25.85018775549622 25.826355713488326 25.78238617786546 25.675401878658153 25.376348776826525 24.977723605288848 25.56621555884775 25.80061850063353 25.81625214414024 25.818474612484295 25.81680722852041 25.807582429976307 25.786498385934998 25.74058827600169 25.62371863878399 25.31815026625837 24.977723605288848 25.17347667102277 25.481517213970804 25.612866467817707 25.651547730263545 25.676541746967768 25.682566719986298 25.66554776361977 25.608345981201754 25.458114917173365 25.15523170560833 24.977723605288848 24.837114851779084 25.029485118223704 25.302729104091682 25.354541522608233 25.40656970204997 25.436748423088808 25.421107354445127 25.335166863741904 25.14542335979346 24.950012648406922 24.977723605288848 24.685775634465337 24.679279355941823 24.962920543047183 25.04892664568969 25.03940041902751 25.025560979631962 24.992745171293393 24.925379410686546 24.870913022177163 24.8904596418744 24.977723605288848 24.564823073278006 24.481735526451917 24.740456970208765 24.86745945582502 24.88644688082714 24.84696827116622 24.793864332109887 24.760036928987628 24.773105731721653 24.848233764115648 24.977723605288848 24.430574089873296 24.305610967114895 24.56269833553834 24.7212957925303 24.793891591506327 24.806629951390804 24.791118141377762 24.77701849332234 24.79004465632576 24.852913184208237 24.977723605288848 24.265729308952395 24.118178285272275 24.385032689106485 24.572869817402317 24.68996940255092 24.75278056611389 24.78216815872142 24.799420668834188 24.824189300977118 24.875961334397413 24.977723605288848 24.088555767863156 23.932975278810428 24.21597856426096 24.43204140146968 24.586141705471587 24.68926912113414 24.756041552303095 24.802167019333766 24.842885571114326 24.893885778956356 24.977723605288848 23.94038760236277 23.787830813394383 24.085250051563133 24.32280251657353 24.50355747651947 24.6353030633214 24.728904173464663 24.796544430677265 24.85059071904967 24.904324509862906 24.977723605288848 23.845549423677184 23.69758299045138 24.002321369212268 24.251814791073404 24.448309858004453 24.597685904945678 24.70839350544055 24.79024166754334 24.853619872993594 24.91020692550378 24.977723605288848 23.7919785694375 23.644504027321805 23.951520624480224 24.206783891434466 24.41212712515245 24.572176056555094 24.693719596673233 24.784892743306486 24.85467558040446 24.913610387668868 24.977723605288848 23.758543730263334 23.608894429864318 23.91665425237253 24.1752895290463 24.386343410666683 24.55356823451752 24.68257961823995 24.780320455333243 24.85476250777206 24.915632024502344 24.977723605288848 23.73367136048773 23.581398279085622 23.88978052640052 24.15101631952886 24.36638488497808 24.53899496866593 24.673612144457785 24.77631763129031 24.85435448683964 24.916857554330804 24.977723605288848 23.713095603005076 23.558638064299238 23.86776295940211 24.131268073065616 24.350176544015927 24.52709555134348 24.666152587102808 24.772789186945225 24.853709635736486 24.917611216414997 24.977723605288848 23.69532795018168 23.53924937942254 23.849200012561123 24.114740601570595 24.336653007311547 24.517138100831406 24.659827257960394 24.769672193264803 24.85296722439844 24.918077047170286 24.977723605288848 23.679721320882777 23.522489909098237 23.83329341137087 24.100665151161344 24.325167473330293 24.508664625505343 24.654390919490204 24.76691190699697 24.852200846540306 24.918362609255894 24.977723605288848 23.665899663697534 23.507866924341926 23.819513234109905 24.088531257893905 24.315287910757682 24.501364797072988 24.649671359281914 24.76446111545459 24.851449375884933 24.91853291413929 24.977723605288848 23.653601622537003 23.495024614992346 23.807481897362653 24.077979010639126 24.306710760904558 24.495019259079815 24.645543725731486 24.762280531361075 24.850733295549258 24.918628559454362 24.977723605288848 23.64262862333263 23.48369408965555 23.796918444129094 24.068743864840858 24.299214256416565 24.489467344065584 24.641914749535527 24.76033765188228 24.850062978798004 24.918675605023466 24.977723605288848 23.632821487948735 23.47366467742468 23.787606128233115 24.060624110492288 24.292630353747693 24.484587099403 24.63871239437536 24.75860518701704 24.84944297753724 24.91869113281741 24.977723605288848 23.624047693990093 23.464766146458132 23.779372381661066 24.053460833888792 24.286827375138806 24.480282779204128 24.635879172494384 24.75705975302057 24.848874369823932 24.91868650026567 24.977723605288848 23.616193899131257 23.45685744424743 23.77207615748394 24.047125333652474 24.281699132050093 24.476476978342088 24.633367881792935 24.755680950200695 24.848356132260935 24.918669320517637 24.977723605288848 23.609161391889145 23.4498194331773 23.765599773794378 24.04151106390378 24.277157998772317 24.473105635675168 24.631138890655752 24.754450755476224 24.84788598624287 24.91864471093942 24.977723605288848 23.6028632136425 23.443550070801614 23.75984351318362 24.036528335900428 24.273130389492447 24.470114789026347 24.629158381914827 24.75335313482918 24.847460953778988 24.918616103439586 24.977723605288848 23.597222238364022 23.437961090550065 23.75472192101439 24.032100714281366 24.269553704225018 24.46745839697683 24.627397180415358 24.752373786400344 24.847077731311366 24.918585782213427 24.977723605288848 23.59216980748313 23.432975620962576 23.750161172217084 24.028162475963214 24.26637419090965 24.465096817525673 24.625829923881696 24.75149993218782 24.846732902862783 24.91855524632328 24.977723605288848 23.587644690819094 23.428526402127343 23.746097121924898 24.024656747994985 24.26354539290935 24.46299571357615 24.624434472178713 24.75072016966812 24.846423102460555 24.918525457199905 24.977723605288848 23.583592246477924 23.424554393932198 23.74247380367095 24.021534082738548 24.261026960701066 24.461125204627027 24.623191432564326 24.750024338543668 24.846145109737797 24.918497008805932 24.977723605288848 23.57996371120299 23.421007657022283 23.73924224167441 24.018751343322684 24.258783728864106 24.459459210355703 24.62208378926569 24.749403400080972 24.84589590501293 24.91847024516723 24.977723605288848 23.57671558236949 23.417840427403295 23.736359482839873 24.0162708022976 24.256784971099755 24.45797491683837 24.621096594344284 24.74884932578416 24.845672696990615 24.91844534175227 24.977723605288848 23.573809070798838 23.415012337766075 23.73378779393985 24.01405939958694 24.255003787659508 24.456652334748913 24.620216705986373 24.748354994438028 24.84547293264073 24.91842236186174 24.977723605288848 23.571209606677154 23.412487754774205 23.731493987393243 24.01208812308213 24.253416594162733 24.45547392832744 24.619432564221178 24.74791409739445 24.845294295854504 24.918401295665998 24.977723605288848 23.568886398206153 23.410235210138932 23.72944884877807 24.01033148586669 24.25200269047242 24.454424300610533 24.618733997138303 24.74752105138628 24.845134697229785 24.918382087154562 24.977723605288848 23.56681208139992 23.40822691024836 23.72762664778646 24.00876708186824 24.2507438944492 24.453489924695603 24.61811205305487 24.747170919979247 24.844992261152555 24.918364652672803 24.977723605288848 23.564962316204557 23.40643830831244 23.726004717986292 24.0073752061915 24.249624229288823 24.452658913360306 24.61755885482272 24.746859342825474 24.844865310471256 24.918348893589005 24.977723605288848 23.563315496089544 23.404847734959123 23.72456309546982 24.006138529824383 24.248629655779897 24.451920821098433 24.617067473359356 24.74658247249371 24.84475235039094 24.91833470487111 24.977723605288848 23.561852470892777 23.403436077582235 23.723284207486987 24.00504182034945 24.24774784257671 24.45126647378637 24.616631817907777 24.746336918377818 24.844652052536624 24.918321980821002 24.977723605288848 23.56055630097508 23.402186501888913 23.722152603845426 24.004071701872228 24.246967968896875 24.450687822102584 24.61624654109566 24.74611969784837 24.844563241416257 24.918310618839776 24.977723605288848 23.55941204067405 23.401084210145008 23.721154725190424 24.00321644859951 24.246280555030264 24.45017781537157 24.61590695655824 24.74592819227714 24.84448487885759 24.91830052181658 24.977723605288848 23.558406534101753 23.400116231696742 23.720278703281597 24.002465807421302 24.245677316800347 24.4497302931439 24.61560896803844 24.745760109543184 24.844416051904304 24.918291599593562 24.977723605288848 23.557528282151758 23.39927124306796 23.71951418927884 24.00181084564641 24.245151040773333 24.449339892171153 24.615349008403356 24.745613451583708 24.844355961527373 24.91828376980152 24.977723605288848 23.5567672657873 23.398539410887103 23.71885220600356 24.001243820595672 24.24469547752221 24.449001966729654 24.6151239869586 24.745486485372137 24.84430391256296 24.91827695827348 24.977723605288848 23.556114827462032 23.397912257840776 23.71828502171356 24.00075806836591 24.244305250679616 24.448712520770346 24.614931244744938 24.74537771878173 24.844259304892976 24.918271099186068 24.977723605288848 23.555563564917556 23.39738254868196 23.717806042908126 24.0003479094884 24.243975779852732 24.448468150378165 24.614768516505332 24.74528587979465 24.84422162580001 24.91826613503116 24.977723605288848 23.5551072383924 23.396944193837452 23.717409723957843 24.000008569482794 24.243703215693753 24.448265995264364 24.61463389867542 24.745209898928703 24.844190443413826 24.918262016489138 24.977723605288848 23.55474069301133 23.39659216908136 23.717091492124535 23.99973611326716 24.243484386646475 24.448103699149375 24.614525822796775 24.745148894595037 24.844165401223666 24.918258702254832 24.977723605288848 23.55445979497813 23.39632244964689 23.716847686044034 23.99952739115198 24.243316754748005 24.447979376674184 24.61444303379809 24.74510216108869 24.844146213534714 24.918256158849267 24.977723605288848 23.554261380568494 23.396131957834893 23.716675506931566 23.99937999611718 24.243198380777972 24.44789158736182 24.614384572786687 24.74506915913856 24.844132661806334 24.918254360441658 24.977723605288848 23.554143217331543 23.396018523187504 23.71657298156432 23.99929223148923 24.24312789798839 24.447839316035058 24.61434976396835 24.745049508622333 24.844124591887653 24.918253288697503 24.977723605288848 23.554103976611863 23.395980854494177 23.716538936280877 23.999263088232567 24.243104493627804 24.44782195903233 24.61433820548055 24.745042983459523 24.844121912062597 24.918252932663794 24.977723605288848
    </DataArray>
    <DataArray type="Float32" Name="Ion density residual[log10(m^-3)]" NumberOfComponents="1" format="ascii">
24.458671858880212 24.624730676222853 24.597210808327723 24.57924900329713 24.565354192596313 24.54934167805849 24.525534013551614 24.481636735604237 24.374717962567342 24.075475398579044 23.676693609624866 24.265519153981405 24.49974315454534 24.515367368734115 24.517608956142105 24.515946601924025 24.5067287961331 24.48567203254691 24.439827816905204 24.323015794461636 24.017256873957923 23.676693609624866 23.87277989920971 24.180766890755553 24.312038578378253 24.35074264373509 24.37573005765047 24.381758334280324 24.364768639728958 24.30763777819347 24.15747522913771 23.85435978220689 23.676693609624866 23.536185110878936 23.728729194509977 24.001919812737736 24.053862110854013 24.105974017287362 24.136174227290365 24.1205779058632 24.034734900997517 23.844992827585507 23.651849569723183 23.676693609624866 23.384772781685005 23.378321908578577 23.662020034243263 23.748051550483336 23.738675865951603 23.725021684803707 23.69226246774365 23.62489160446331 23.570139345865826 23.620007083859523 23.676693609624866 23.263805916468844 23.180736698119794 23.43946289583142 23.566457417942576 23.585438263239382 23.549450254899977 23.517368004519565 23.523042718711913 23.565057298987796 23.61979142844847 23.676693609624866 23.129551956167383 23.00459924545508 23.261689352606826 23.420282744746647 23.492867768327045 23.509314150293527 23.508006260383095 23.51993314635758 23.562262202192958 23.61793997097431 23.676693609624866 22.964705151770207 22.81716055619474 23.084017171210142 23.271853113020697 23.388947150691315 23.45175081647169 23.486338009481436 23.514025831105073 23.557466936926602 23.615517276103784 23.676693609624866 22.787530388275115 22.631953943876855 22.914958875637605 23.131021605477947 23.285119275613585 23.38824202456665 23.455787348999177 23.505914316407495 23.554685264670766 23.614513207134753 23.676693609624866 22.63936111635962 22.486806867611907 22.78422720642084 23.02177981597441 23.202533462962403 23.334276389318163 23.42787441019167 23.497051626555237 23.554096461883816 23.614730492963716 23.676693609624866 22.54452196918993 22.396557153377668 22.701296223751307 22.950789778722562 23.147284119394914 23.29665859553695 23.407364137534078 23.489749332275185 23.55433060041714 23.615319649143135 23.676693609624866 22.490950407639 22.343476914733312 22.650493935061604 22.905757277735393 23.111100064189944 23.271148026448696 23.39269027738426 23.48406060008315 23.55441621356944 23.615923509285107 23.676693609624866 22.457515089830213 22.307866477559543 22.615626554631806 22.87426185930642 23.08531544042198 23.252539638922077 23.381550194581894 23.479362989393927 23.55412340915709 23.616398922300725 23.676693609624866 22.432642391224135 22.280369765263615 22.588752163192616 22.8499879538868 23.06535630454074 23.23796596788493 23.37258259595659 23.475312447755336 23.55354259862125 23.61679219133824 23.676693609624866 22.41206640014323 22.25760916586444 22.566734148191472 22.83023924275128 23.049147553707254 23.226066268336748 23.36512293095092 23.471766440273118 23.552811223464836 23.61708300064592 23.676693609624866 22.39429857703101 22.238220211724247 22.548170893673685 22.813711455887287 23.035623739119902 23.216108622605578 23.358797518275736 23.468643626989063 23.55202195216773 23.617306790820127 23.676693609624866 22.37869182124503 22.221460549249063 22.53226407715134 22.79963578771757 23.02413801421371 23.207635011740155 23.353361117686035 23.46588196533597 23.551228527234116 23.61747212225443 23.676693609624866 22.364870068676304 22.206837424981767 22.518483746459083 22.78750174142688 23.014258318409468 23.200335088274475 23.348641511978833 23.46343114158499 23.550460586901476 23.61758321072558 23.676693609624866 22.35257195462647 22.193995012711827 22.506452298505113 22.776949384755184 23.005681074035007 23.193989482763953 23.344513845148935 23.461250555086288 23.54973399154263 23.617647702103895 23.676693609624866 22.341598899041998 22.182664410309496 22.495888763353452 22.76771415938771 22.998184501358434 23.18843751906509 23.34088484446604 23.459307673204275 23.54905668055182 23.617678403498598 23.676693609624866 22.331791719552527 22.172634939562112 22.486576386183973 22.75959434623213 22.99160054868491 23.18355723875394 23.337682471111435 23.457575206193205 23.54843185499243 23.617685304191088 23.676693609624866 22.323017890723566 22.163736363578536 22.478342593115844 22.752431025494904 22.985797532824137 23.179252892050847 23.33484923555345 23.456029770367078 23.547859813816345 23.61767492578253 23.676693609624866 22.315164068021033 22.155827626309428 22.4710463331771 22.746095491655893 22.980669261566455 23.175447071190668 23.33233793444336 23.45465096601803 23.547339066297962 23.61765397083848 23.676693609624866 22.30813153833842 22.148789587622545 22.464569921633693 22.74048119597542 22.976128106687135 23.17207571322173 23.33010893528647 23.453420770025435 23.546867041269195 23.61762683419513 23.676693609624866 22.301833341848404 22.142520203259334 22.45881363907277 22.735498447707446 22.972100480623823 23.169084854709062 23.328128420292 23.452323148328407 23.546440573129026 23.61759644643158 23.676693609624866 22.29619235161853 22.13693120532825 22.453692029417024 22.731070810067248 22.968523782157124 23.166428453347763 23.32636721386026 23.451343799028713 23.546056233337026 23.617564825166234 23.676693609624866 22.29113990839227 22.131945721394658 22.44913126654884 22.727132558946185 22.965344258344164 23.16406686650433 23.324799953394546 23.450469944091427 23.545710521622546 23.61753330183835 23.676693609624866 22.286614781464213 22.127496490819833 22.445067204829336 22.723626820645322 22.962515451908356 23.16196575662453 23.32340449852551 23.449690180965984 23.545400013467514 23.617502736170405 23.676693609624866 22.282562328535427 22.123524472943576 22.441443877216212 22.720504146974143 22.959997012857198 23.160095242872032 23.322161456338296 23.44899434933293 23.54512144666123 23.617473665974344 23.676693609624866 22.27893378603406 22.11997772799365 22.438212307495036 22.717721400648696 22.957753775421228 23.158429244675798 23.32105381093121 23.448373410441246 23.544871771384795 23.617446397898604 23.676693609624866 22.275685651087908 22.116810491654796 22.435329542240236 22.71524085390737 22.95575501303965 23.156944947925723 23.320066614268615 23.447819335780984 23.544648174045896 23.61742107883922 23.676693609624866 22.27277913432268 22.113982396368772 22.432757847970418 22.713029446435748 22.953973825764866 23.155622363154446 23.319186724462824 23.447325004125666 23.5444480850453 23.617397753534835 23.676693609624866 22.270179665768545 22.11145780860417 22.430464036907402 22.711058165941726 22.952386629063472 23.154443954493875 23.318402581486176 23.446884106818082 23.544269175612623 23.617376398907332 23.676693609624866 22.26785645350205 22.109205259918358 22.428418894474877 22.709301525366016 22.950972722680085 23.153394324896915 23.317704013384127 23.446491060583742 23.544109346652537 23.617356947558253 23.676693609624866 22.265782133436165 22.10719695657706 22.426596690243137 22.70773711852414 22.94971392438279 23.15245994739566 23.317082068449785 23.446140928982427 23.54396671503175 23.61733930734088 23.676693609624866 22.263932365434805 22.105408351692194 22.424974757683124 22.706345240432128 22.948594257294396 23.151628934716346 23.316528869665614 23.44582935166138 23.54383959766098 23.617323373207288 23.676693609624866 22.26228554290028 22.103817775812697 22.423533132809435 22.70510856200719 22.947599682145565 23.15089084131198 23.316037487730657 23.445552481185373 23.543726495036164 23.617309035088766 23.676693609624866 22.26082251604723 22.1024061162683 22.422254242809405 22.70401185077516 22.946717867544223 23.15023649307662 23.315601831875398 23.445306926944994 23.543626075039437 23.617296183355435 23.676693609624866 22.259526344869474 22.1011565387139 22.4211226374399 22.70304173079576 22.94593799267068 23.14965784079398 23.315216554717374 23.4450897063081 23.543537159119843 23.6172847119628 23.676693609624866 22.25838208347976 22.10005424545568 22.420124757439275 22.702186476357912 22.945250578040024 23.1491478335504 23.314876969883574 23.444898200644225 23.543458706643843 23.61727452117482 23.676693609624866 22.25737657596904 22.099086266068355 22.419248734653 22.7014358344152 22.94464733919631 23.14870031088457 23.314578981110174 23.444730117830552 23.54338980264796 23.617265518697344 23.676693609624866 22.256498323213307 22.0982412766361 22.418484219900595 22.700780871987984 22.944121062645998 23.14830990953835 23.31431902125875 23.444583459802743 23.543329646460734 23.61725762041631 23.676693609624866 22.25573730616115 22.09750944377156 22.417822235988258 22.7002138463835 22.943665498950985 23.14797198378011 23.314093999630387 23.44445649353294 23.543277541572156 23.617250750746244 23.676693609624866 22.255084867254034 22.096882290148315 22.41725505116128 22.69972809368744 22.943275271734827 23.14768253755429 23.31390125726214 23.444347726893323 23.543232886761494 23.617244842700163 23.676693609624866 22.254533604223514 22.096352580508654 22.41677607190872 22.699317934421963 22.942945800597304 23.147438166940518 23.313738528893936 23.44425588786519 23.543195168411472 23.61723983780022 23.676693609624866 22.254077277299878 22.095914225270676 22.416379752592853 22.698978594099366 22.942673236184618 23.14723601164576 23.313603910958957 23.444179906965612 23.54316395392319 23.61723568595751 23.676693609624866 22.253710731601274 22.095562200201517 22.416061520468855 22.698706137631813 22.942454406935795 23.14707371538703 23.31349583499683 23.444118902605172 23.543138886204066 23.61723234525314 23.676693609624866 22.25342983332626 22.095292480528936 22.41581771416737 22.69849741532521 22.942286774884224 23.14694939280266 23.31341304593471 23.444072169078446 23.543119679105615 23.6172297817299 23.676693609624866 22.253231418746623 22.09510198854969 22.415645534899745 22.698350020156052 22.942168400806747 23.14686160341368 23.313354584878788 23.444039167114 23.543106113747644 23.617227969199284 23.676693609624866 22.253113255408742 22.094988553803066 22.41554300944046 22.69826225544842 22.942097917953458 23.146809332041492 23.313319776034046 23.444019516589275 23.5430980357436 23.6172268890786 23.676693609624866 22.2530740146556 22.094950885076848 22.415508964126516 22.69823311216535 22.94207451357176 23.14679197502371 23.313308217537497 23.444012991423648 23.543095353238694 23.617226530268788 23.676693609624866
    </DataArray>
    <DataArray type="Float32" Name="Ion density last step [log10(m^-3)]" NumberOfComponents="1" format="ascii">
25.756686092740274 25.925428586939777 25.89741582765421 25.87925575384142 25.865355987804122 25.849374690436292 25.825555309273454 25.781433453172003 25.67373727633124 25.37356846161661 24.977723605288848 25.56220795405827 25.79930167668719 25.81509301062085 25.817245331433405 25.815651555506374 25.80649055411949 25.785392913620946 25.739220597599086 25.621401869122362 25.314787505834477 24.977723605288848 25.169064330938767 25.47837547468216 25.61078687059713 25.649285885354644 25.674436735464536 25.68053367403688 25.66334241925966 25.605425853194376 25.453592615465176 25.150834395624678 24.977723605288848 24.835681111608594 25.02600974670821 25.30020318981209 25.350659186865695 25.40186813064391 25.431892915722923 25.415772649257946 25.328548846447607 25.137888329355206 24.948571162209163 24.977723605288848 24.685357968336145 24.67831434445561 24.96128122080514 25.047069909004822 25.035845773955185 25.019951038859094 24.986522422989083 24.91912471345226 24.867631563850775 24.888938396721986 24.977723605288848 24.564610011216804 24.481288664283618 24.73998881810943 24.867114890212797 24.886178293847774 24.846496055466535 24.793050058505266 24.759033520505714 24.772089876906236 24.847455907313808 24.977723605288848 24.43043321925513 24.305327268937745 24.562403385008132 24.721072642576196 24.793806949763983 24.806670259450428 24.791215830064097 24.777098304884845 24.79002522518185 24.852748082512566 24.977723605288848 24.26561522462101 24.117971371314027 24.384811956522576 24.57268060527254 24.689861649583023 24.75277473006143 24.782249939158643 24.799553878859975 24.82432014597866 24.87600491804214 24.977723605288848 24.088456986158842 23.9328164288269 24.215807424469418 24.43188358218413 24.586029415018853 24.689223184023692 24.756063768535167 24.802241386112943 24.842980345583822 24.893946119742544 24.977723605288848 23.94030570364914 23.787710350561525 24.085120919546167 24.322679850249497 24.503461745062108 24.635250271657664 24.728899619945018 24.796580415926645 24.85064696085466 24.90436693784938 24.977723605288848 23.84548509101683 23.697493126001852 24.002226167623633 24.251723741129624 24.448236161662585 24.597640778736253 24.708381784368825 24.79025910297751 24.853652892908524 24.910233626226905 24.977723605288848 23.791928251234797 23.644436314025587 23.951450016522262 24.206716665854984 24.412072013780833 24.57214066885913 24.693707503098544 24.784901279871345 24.85469542183685 24.913626968379585 24.977723605288848 23.758503369752606 23.608842194538116 23.91660079326229 24.175239159826354 24.386302054790885 24.55354103100943 24.68256900824522 24.780324586663347 24.854774813750893 24.915642504671304 24.977723605288848 23.733638140556877 23.5813570143815 23.889739124734916 24.150977829333613 24.36635341929432 24.53897402507183 24.673603334514553 24.776319561698173 24.85436240923655 24.91686438730361 24.977723605288848 23.713067702853394 23.55860476734544 23.867730200101043 24.13123805411727 24.350152183974206 24.527079262409053 24.666145412987955 24.77279002074684 24.853714948022215 24.917615838962607 24.977723605288848 23.69530413077222 23.539221994504814 23.84917356499638 24.114716712270546 24.336633789890197 24.517125245301685 24.659821430835336 24.769672483599358 24.852970936749916 24.918080297280557 24.977723605288848 23.67970069314037 23.522466990252955 23.833271653214116 24.10064576481339 24.325152019071304 24.50865430707123 24.65438615560846 24.766911930536455 24.85220354559871 24.918364981897614 24.977723605288848 23.665881568058655 23.507847432366713 23.819495015990192 24.08851523037703 24.31527524651425 24.501356367532647 24.649667420554884 24.76446101084275 24.851451411100243 24.918534708051496 24.977723605288848 23.653585559253674 23.495007789603314 23.80746639170132 24.077965526430532 24.306700194426533 24.495012250998496 24.645540424947534 24.762280368287023 24.850734881254922 24.918629959738965 24.977723605288848 23.64261420786411 23.483679365880317 23.79690504587626 24.068732334459103 24.29920528976515 24.48946141891472 24.641911943589957 24.7603374653851 24.85006425056986 24.91867672965705 24.977723605288848 23.6328084206484 23.4736516294449 23.787594388556407 24.060614101764656 24.292622624187626 24.48458200991833 24.6387099749994 24.75860499456993 24.84944402380399 24.918692059160076 24.977723605288848 23.624035738780524 23.46475444911243 23.779361962975056 24.05345202549969 24.286820614874575 24.480278342812486 24.635877057828704 24.757059563111678 24.84887524997855 24.918687280456464 24.977723605288848 23.61618286815868 23.456846846191592 23.772066802519465 24.04711748342884 24.281693140694358 24.476473058608228 24.633366009654118 24.755680766693807 24.848356887298085 24.91866999061876 24.977723605288848 23.609151134294702 23.449809737893894 23.765591284036056 24.04150398691581 24.277152624379372 24.473102129368176 24.631137213444497 24.754450579855707 24.847886645173805 24.91864529649831 24.977723605288848 23.6028536072353 23.443541122983255 23.75983573364207 24.03652188915873 24.27312551536531 24.470111617066788 24.6291568628598 24.753352967369896 24.847461537605007 24.918616622956847 24.977723605288848 23.597213183375416 23.43795276621471 23.75471472933679 24.03209478591284 24.269549239638003 24.467455498053113 24.627395790829 24.752373626783093 24.847078255550088 24.918586249357737 24.977723605288848 23.59216122183453 23.432967820194584 23.750154470805644 24.028156977461574 24.26637006450894 24.46509414355068 24.625828641158094 24.751499779824254 24.84673337919334 24.91855567137905 24.977723605288848 23.58763650650323 23.428519043688052 23.746090832165667 24.02465160860581 24.26354154796311 24.462993226420018 24.624433278328283 24.75072002387165 24.846423539820854 24.91852584803433 24.977723605288848 23.58358440676751 23.42454741121661 23.742467861660383 24.021529245343324 24.26102335164059 24.461122873741786 24.623190313134113 24.750024198617616 24.84614551507187 24.918497371528353 24.977723605288848 23.579956168479747 23.42100099499514 23.739236595020756 24.0187467613874 24.258780318736036 24.459457011029386 24.622082732538036 24.7494032653621 24.845896283790072 24.918470584587325 24.977723605288848 23.57670829642229 23.41783404025496 23.736354088244095 24.01626643758577 24.25678172966837 24.457972828897677 24.62109559073683 24.74884919566209 24.845673053572586 24.91844566170415 24.977723605288848 23.573802007479348 23.41500618710249 23.73378261534781 24.014055220427387 24.255000689977805 24.456650341584858 24.620215747598756 24.748354868361762 24.845473270545913 24.91842266543698 24.977723605288848 23.571202736829772 23.41248180820674 23.73148899457068 24.012084103043737 24.25341361948528 24.455472016155866 24.619431644489374 24.747913974872194 24.845294617950834 24.91840158538378 24.977723605288848 23.568879696809656 23.4102294401763 23.729444016201363 24.010327602734485 24.251999821419833 24.454422457905288 24.61873311056864 24.747520931981946 24.845135005877715 24.91838236508765 24.977723605288848 23.566805526876333 23.408221293418627 23.72762195377154 24.008763316844885 24.250741116359784 24.4534881417497 24.618111195017484 24.747170803307498 24.844992558312402 24.91836492054211 24.977723605288848 23.56495588985487 23.40643282446154 23.72600014399847 24.007371543268835 24.249621529710677 24.452657181943017 24.61755802138972 24.746859228546317 24.844865597784835 24.918349152835447 24.977723605288848 23.563309181632707 23.404842366685937 23.72455862557239 24.00613495528441 24.248627024069414 24.451919134184827 24.61706666117689 24.74658236030719 24.844752629244372 24.918334956710858 24.977723605288848 23.561846254085445 23.40343080978007 23.72327982789696 24.005038322364623 24.247745269578324 24.45126482534206 24.61663102409406 24.74633680801904 24.844652324109184 24.918322226288474 24.977723605288848 23.560550169295748 23.40218132137035 23.72214830257262 24.004068270182525 24.246965446685362 24.450686206910888 24.616245763158904 24.746119589082948 24.844563506718846 24.91831085882141 24.977723605288848 23.559405983058987 23.40107910533251 23.72115049174179 24.003213074249278 24.246278076701522 24.45017622889345 24.615906192330133 24.745928084897116 24.844485138763265 24.9183007570777 24.977723605288848 23.558400540721735 23.400111192365387 23.720274528416915 24.002462482542896 24.245674876300008 24.4497287314035 24.615608215619634 24.745760003363415 24.844416307172832 24.918291830799934 24.977723605288848 23.557522344223816 23.399266260129757 23.71951006480712 24.001807563280728 24.245148632755082 24.449338351661304 24.615348266118485 24.745613346438667 24.844356212825154 24.918283997536857 24.977723605288848 23.55676137541227 23.39853447620845 23.718848124611725 24.001240574541825 24.244693097229508 24.449000444333162 24.615123253318735 24.745486381113054 24.84430416047937 24.91827718305382 24.977723605288848 23.556108977484538 23.39790736408649 23.71828097682087 24.000754853054055 24.244302893845923 24.448711013693714 24.614930518415967 24.745377615274077 24.844259549953954 24.91827132147169 24.977723605288848 23.55555774880384 23.39737768918063 23.71780202854114 24.000344719870913 24.243973442616415 24.448466656095135 24.61476779628099 24.745285776915882 24.844221868479455 24.9182663552366 24.977723605288848 23.55510145012246 23.3969393624638 23.717405734641694 24.00000540094004 24.243700894524586 24.448264511467244 24.614633183454032 24.745209796566236 24.844190684143317 24.918262234991733 24.977723605288848 23.554734926982597 23.39658736015213 23.717087522787136 23.999732961524735 24.24348207828127 24.448102223706474 24.61452511156092 24.74514879264443 24.84416564040087 24.918258919402113 24.977723605288848 23.55445404591818 23.396317657827353 23.7168437319304 23.99952425220695 24.243314456133362 24.447977907592023 24.6144423255965 24.745102059451938 24.84414645153077 24.918256374965434 24.977723605288848 23.554255643454866 23.396127178053497 23.716671563525875 23.99937686617115 24.24319608901843 24.44789012275091 24.61438386671789 24.74506905772257 24.844132898972475 24.91825457583342 24.977723605288848 23.55413748731671 23.396013750556577 23.716569044517684 23.999289106886472 24.24312561029861 24.447837854078404 24.614349059165583 24.745049407337447 24.844124828561277 24.918253503659397 24.977723605288848 23.554098248951863 23.39597608423475 23.716535001343054 23.999259965401613 24.243102207287446 24.44782049795571 24.614337501097534 24.74504288221811 24.84412214857295 24.91825314748319 24.977723605288848
    </DataArray>
    <DataArray type="Float32" Name="Ion density max [log10(m^-3)]" NumberOfComponents="1" format="ascii">
25.759701854544193 25.925760671886835 25.898240803991705 25.88027899896111 25.866384188260295 25.85037167372247 25.826564009215595 25.78266673126822 25.675747958231323 25.376505394243026 24.977723605288848 25.566549149645386 25.80077315020932 25.816397364398096 25.818638951806086 25.816976597588006 25.80775879179708 25.78670202821089 25.740857812569185 25.624045790125617 25.318286869621904 24.977723605288848 25.173809894873692 25.481796886419534 25.613068574042234 25.65177263939907 25.67676005331445 25.682788329944305 25.66579863539294 25.60866777385745 25.45850522480169 25.155389777870866 24.977723605288848 24.837215106542917 25.02975919017396 25.302949808401717 25.354892106517994 25.407004012951344 25.437204222954346 25.42160790152718 25.335764896661498 25.14602282324949 24.952879565387164 24.977723605288848 24.685802777348986 24.67935190424256 24.963050029907244 25.049081546147317 25.039705861615584 25.02605168046769 24.99329246340763 24.925921600127293 24.871169341529807 24.921037079523504 24.977723605288848 24.564835912132825 24.481766693783776 24.7404928914954 24.867487413606558 24.886468258903363 24.850480250563958 24.818398000183546 24.824072714375895 24.866087294651777 24.92082142411245 24.977723605288848 24.430581951831364 24.30562924111906 24.562719348270807 24.721312740410628 24.793897763991026 24.810344145957508 24.809036256047076 24.82096314202156 24.86329219785694 24.91896996663829 24.977723605288848 24.26573514743419 24.11819055185872 24.385047166874124 24.572883108684678 24.689977146355297 24.752780812135672 24.787368005145417 24.815055826769054 24.858496932590583 24.916547271767765 24.977723605288848 24.088560383939097 23.932983939540836 24.215988871301587 24.43205160114193 24.586149271277566 24.689272020230632 24.75681734466316 24.806944312071476 24.855715260334748 24.915543202798734 24.977723605288848 23.9403911120236 23.78783686327589 24.085257202084822 24.32280981163839 24.503563458626385 24.635306384982144 24.72890440585565 24.798081622219218 24.855126457547797 24.915760488627697 24.977723605288848 23.84555196485391 23.69758714904165 24.002326219415288 24.251819774386544 24.448314115058896 24.59768859120093 24.70839413319806 24.790779327939166 24.85536059608112 24.916349644807116 24.977723605288848 23.791980403302983 23.644506910397293 23.951523930725585 24.206787273399375 24.412130059853926 24.572178022112677 24.693720273048243 24.785090595747132 24.85544620923342 24.91695350494909 24.977723605288848 23.758545085494195 23.608896473223524 23.916656550295787 24.1752918549704 24.38634543608596 24.553569634586058 24.682580190245876 24.780392985057908 24.85515340482107 24.917428917964706 24.977723605288848 23.733672386888117 23.581399760927596 23.889782158856598 24.15101794955078 24.36638630020472 24.53899596354891 24.67361259162057 24.776342443419317 24.85457259428523 24.917822187002223 24.977723605288848 23.713096395807213 23.558639161528422 23.867764143855453 24.13126923841526 24.350177549371235 24.52709626400073 24.666152926614902 24.7727964359371 24.853841219128817 24.9181129963099 24.977723605288848 23.695328572694986 23.53925020738823 23.849200889337666 24.114741451551268 24.336653734783884 24.51713861826956 24.659827513939717 24.769673622653045 24.853051947831712 24.918336786484108 24.977723605288848 23.679721816909012 23.522490544913044 23.83329407281532 24.10066578338155 24.325168009877693 24.508665007404137 24.654391113350016 24.766911960999952 24.852258522898097 24.91850211791841 24.977723605288848 23.665900064340285 23.50786742064575 23.819513742123064 24.08853173709086 24.31528831407345 24.501365083938456 24.649671507642815 24.764461137248972 24.851490582565457 24.918613206389562 24.977723605288848 23.65360195029045 23.49502500837581 23.807482294169095 24.077979380419166 24.306711069698988 24.495019478427935 24.645543840812916 24.76228055075027 24.850763987206612 24.918677697767876 24.977723605288848 23.64262889470598 23.483694405973477 23.796918759017434 24.068744155051693 24.299214497022415 24.48946751472907 24.64191484013002 24.760337668868257 24.850086676215803 24.91870839916258 24.977723605288848 23.632821715216508 23.473664935226093 23.787606381847954 24.060624341896112 24.292630544348892 24.484587234417923 24.638712466775416 24.758605201857186 24.84946185065641 24.91871529985507 24.977723605288848 23.624047886387547 23.464766359242518 23.779372588779825 24.053461021158885 24.286827528488118 24.48028288771483 24.63587923121743 24.75705976603106 24.848889809480326 24.918704921446512 24.977723605288848 23.616194063685015 23.45685762197341 23.77207632884108 24.047125487319875 24.281699257230436 24.47647706685465 24.63336793010734 24.75568096168201 24.848369061961943 24.91868396650246 24.977723605288848 23.6091615340024 23.449819583286526 23.765599917297674 24.041511191639398 24.277158102351116 24.47310570888571 24.631138930950453 24.754450765689416 24.847897036933173 24.91865682985911 24.977723605288848 23.602863337512385 23.443550198923315 23.75984363473675 24.036528443371427 24.273130476287804 24.470114850373044 24.62915841595598 24.75335314399239 24.847470568793007 24.91862644209556 24.977723605288848 23.59722234728251 23.43796120099223 23.754722025081005 24.03210080573123 24.269553777821105 24.467458449011744 24.62739720952424 24.752373794692694 24.847086229001007 24.918594820830215 24.977723605288848 23.592169904056252 23.43297571705864 23.75016126221282 24.028162554610166 24.266374254008145 24.465096862168313 24.625829949058527 24.75149993975541 24.846740517286527 24.91856329750233 24.977723605288848 23.587644777128194 23.428526486483815 23.746097200493317 24.024656816309303 24.263545447572337 24.46299575228851 24.62443449418949 24.750720176629965 24.846430009131495 24.918532731834386 24.977723605288848 23.583592324199408 23.424554468607557 23.742473872880193 24.021534142638124 24.26102700852118 24.461125238536013 24.623191452002278 24.750024344996913 24.846151442325212 24.918503661638326 24.977723605288848 23.57996378169804 23.42100772365763 23.739242303159017 24.018751396312677 24.25878377108521 24.45945924033978 24.622083806595192 24.749403406105227 24.845901767048776 24.918476393562585 24.977723605288848 23.57671564675189 23.417840487318777 23.736359537904217 24.016270849571352 24.25678500870363 24.457974943589704 24.621096609932597 24.748849331444966 24.845678169709878 24.918451074503203 24.977723605288848 23.57380912998666 23.415012392032754 23.7337878436344 24.01405944209973 24.255003821428847 24.456652358818427 24.620216720126805 24.748354999789647 24.84547808070928 24.918427749198816 24.977723605288848 23.571209661432526 23.412487804268153 23.731494032571383 24.012088161605707 24.253416624727453 24.455473950157856 24.619432577150157 24.74791410248206 24.845299171276604 24.918406394571313 24.977723605288848 23.56888644916603 23.41023525558234 23.72944889013886 24.010331521029997 24.252002718344066 24.454424320560896 24.618734009048108 24.747521056247724 24.845139342316518 24.918386943222234 24.977723605288848 23.566812129100146 23.40822695224104 23.72762668590712 24.00876711418812 24.250743920046773 24.45348994305964 24.618112064113767 24.747170924646408 24.84499671069573 24.918369303004862 24.977723605288848 23.564962361098786 23.406438347356175 23.726004753347105 24.00737523609611 24.249624252958377 24.452658930380327 24.617558865329595 24.746859347325362 24.84486959332496 24.91835336887127 24.977723605288848 23.56331553856426 23.40484777147668 23.724563128473417 24.00613855767117 24.248629677809546 24.45192083697596 24.61706748339464 24.746582476849355 24.844756490700146 24.918339030752747 24.977723605288848 23.561852511711212 23.40343611193228 23.723284238473386 24.00504184643914 24.247747863208204 24.4512664887406 24.61663182753938 24.746336922608975 24.84465607070342 24.918326179019417 24.977723605288848 23.560556340533456 23.402186534377883 23.72215263310388 24.004071726459742 24.24696798833466 24.450687836457963 24.616246550381355 24.74611970197208 24.844567154783824 24.91831470762678 24.977723605288848 23.55941207914374 23.401084241119662 23.721154753103256 24.003216472021894 24.246280573704006 24.450177829214383 24.615906965547556 24.745928196308206 24.844488702307824 24.918304516838802 24.977723605288848 23.55840657163302 23.400116261732336 23.720278730316977 24.00246583007918 24.245677334860293 24.449730306548553 24.615608976774155 24.745760113494534 24.844419798311943 24.918295514361326 24.977723605288848 23.55752831887729 23.39927127230008 23.719514215564576 24.001810867651965 24.24515105830998 24.449339905202333 24.615349016922732 24.745613455466724 24.844359642124715 24.918287616080292 24.977723605288848 23.556767301825133 23.39853943943554 23.71885223165224 24.001243842047483 24.244695494614966 24.44900197944409 24.61512399529437 24.74548648919692 24.844307537236137 24.918280746410225 24.977723605288848 23.556114862918015 23.397912285812296 23.71828504682526 24.00075808935142 24.244305267398808 24.44871253321827 24.61493125292612 24.745377722557304 24.844262882425475 24.91827483836414 24.977723605288848 23.555563599887495 23.397382576172635 23.717806067572702 24.000347930085944 24.243975796261285 24.4484681626045 24.614768524557917 24.74528588352917 24.844225164075453 24.9182698334642 24.977723605288848 23.55510727296386 23.396944220934657 23.717409748256834 24.000008589763347 24.2437032318486 24.44826600730974 24.614633906622938 24.745209902629593 24.844193949587172 24.91826568162149 24.977723605288848 23.554740727265255 23.396592195865498 23.717091516132832 23.999736133295794 24.243484402599776 24.44810371105101 24.61452583066081 24.745148898269154 24.844168881868047 24.91826234091712 24.977723605288848 23.55445982899024 23.396322476192918 23.716847709831352 23.99952741098919 24.243316770548205 24.447979388466642 24.61444304159869 24.745102164742427 24.844149674769596 24.91825977739388 24.977723605288848 23.554261414410604 23.39613198421367 23.716675530563727 23.999380015820034 24.243198396470728 24.44789159907766 24.61438458054277 24.74506916277798 24.844136109411625 24.918257964863265 24.977723605288848 23.554143251072723 23.396018549467048 23.71657300510444 23.9992922511124 24.24312791361744 24.447839327705474 24.614349771698027 24.745049512253257 24.844128031407582 24.918256884742583 24.977723605288848 23.55410401031958 23.39598088074083 23.716538959790494 23.999263107829332 24.243104509235742 24.44782197068769 24.614338213201478 24.74504298708763 24.844125348902676 24.91825652593277 24.977723605288848
    </DataArray>
    <DataArray type="Float32" Name="Mobility [m^2/V/s]" NumberOfComponents="1" format="ascii">
0.0 0.0 0.0 0.0 0.0 0.0 0.0 0.0 0.0 0.0 0.0 0.0005678820763350734 0.0005484483899018186 0.0006275130441705628 0.000497502344261494 0.0005571333120969837 0.0005450987039201418 0.0005960447495604663 0.0005074474865283436 0.0005463589239918263 0.0005373925520264521 0.0005750437694182504 0.0003988781469903757 0.00041972575668216617 0.00037895246526339975 0.00035019129084257433 0.00026179842453201256 0.00028172410625898855 0.0002506109191235249 0.0001821437345399392 0.00012856561456572578 0.00013975311997421343 0.00012856561456572578 0.0 0.0 0.0 0.0 0.0 0.0 0.0 0.0 0.0 0.0 0.0 0.0 0.0 0.0 0.0 0.0 0.0 0.0 0.0 0.0 0.0 0.0 0.00037353793049528836 0.00043625148432342324 0.0004248415294284508 0.0003690869224153829 0.00041790304030977674 0.000394893877353955 0.00034072360902536646 0.0003734690530826126 0.0003247821969348112 0.00027479465399971324 0.00028027806618050033 0.0 0.0 0.0 0.0 0.0 0.0 0.0 0.0 0.0 0.0 0.0 0.0 0.0 0.0 0.0 0.0 0.0 0.0 0.0 0.0 9.660925593413563e-05 0.0001543413966915616 0.0002910498931312694 0.00021632504454677421 0.0002874235847122136 0.0002659987604408713 0.00019494497951476388 0.0002482450038279167 0.00020374087307360584 0.00014847299527346696 0.0001750226454452635 0.0001209520028763912 0.00010076276739757488 0.0 0.0 0.0 0.0 0.0 0.0 0.0 0.0 0.0 0.0 0.0 0.0 0.0 0.0 0.0 0.0 0.0 0.0 5.88858006832403e-05 7.32482836245485e-05 5.103278976018691e-05 7.297823427397737e-05 0.00015069063901614524 0.0001329368824031906 8.338366571417272e-05 0.00012763800621279136 9.891977858444906e-05 7.43625327182171e-05 9.51975217788927e-05 7.62055215313429e-05 7.192272935431886e-05 7.748797497300104e-05 7.96900913979885e-05 0.0 0.0 0.0 0.0 0.0 0.0 0.0 0.0 0.0 0.0 0.0 0.0 0.0 0.0 0.0 0.0 4.688139596529514e-05 4.6611346614724e-05 4.006264211970597e-05 4.421403591459774e-05 6.07263380984518e-05 4.692464366404153e-05 5.9834804527561945e-05 6.808572739831718e-05 6.43634705927608e-05 5.874594614457532e-05 6.502275146447524e-05 6.63052049061334e-05 6.360533152338867e-05 7.05053094132323e-05 7.699021801524378e-05 7.699021801524378e-05 8.6175e-05 0.0 0.0 0.0 0.0 0.0 0.0 0.0 0.0 0.0 0.0 0.0 0.0 0.0 0.0 3.8799082928430804e-05 3.6401772228304535e-05 3.26111357958955e-05 3.3874694987170665e-05 4.313400723163249e-05 3.620481432818213e-05 4.9254763005053e-05 5.626227391539187e-05 5.960650391190873e-05 6.049108064736833e-05 6.0289803751749345e-05 6.448990825884826e-05 6.477633566290127e-05 6.809186343454059e-05 7.727664541929678e-05 7.727664541929678e-05 8.6175e-05 0.0 0.0 0.0 0.0 0.0 0.0 0.0 0.0 0.0 0.0 0.0 0.0 0.0 0.0 3.194610326610847e-05 2.94190260249746e-05 2.6762266835027963e-05 2.742729936481499e-05 3.3548055138235494e-05 2.8948242905791948e-05 3.772575786915909e-05 4.3764559775576515e-05 3.805041518063989e-05 4.868902931950087e-05 6.30658457951239e-05 6.666780097081622e-05 6.812450477824195e-05 6.983499464601933e-05 7.873334922672253e-05 7.873334922672253e-05 8.6175e-05 0.0 0.0 0.0 0.0 0.0 0.0 0.0 0.0 0.0 0.0 0.0 0.0 0.0 0.0 0.0 2.4445961389464143e-05 2.2736900283629493e-05 2.3061479069033706e-05 2.72391817999573e-05 2.4304798592678765e-05 3.0191562429437007e-05 3.511603197336136e-05 3.123190015800542e-05 3.909075290920831e-05 4.3431222325079406e-05 3.9525966378163634e-05 7.041249804587803e-05 7.247923516369759e-05 7.992088593697505e-05 7.992088593697505e-05 8.6175e-05 0.0 0.0 0.0 0.0 0.0 0.0 0.0 0.0 0.0 0.0 0.0 0.0 0.0 0.0 0.0 0.0 0.0 2.043942004627858e-05 2.339180067575829e-05 2.1789035213201276e-05 2.5654413759601456e-05 2.9629134695448402e-05 2.737390673127294e-05 3.29513931296769e-05 3.727073841398817e-05 3.4766660709010464e-05 4.1341233957497204e-05 4.5216900319896396e-05 8.063539913882285e-05 8.063539913882285e-05 8.6175e-05 0.0 0.0 0.0 0.0 0.0 0.0 0.0 0.0 0.0 0.0 0.0 0.0 0.0 0.0 0.0 0.0 0.0 0.0 0.0 2.0564119310411623e-05 2.3258422127065833e-05 2.658068056129433e-05 2.5391570002354827e-05 2.9507054606561942e-05 3.357755015007097e-05 3.2149356863730806e-05 3.7408962966179336e-05 4.164614640801923e-05 4.0302567495160146e-05 4.59679442233402e-05 8.6175e-05 0.0 0.0 0.0 0.0 0.0 0.0 0.0 0.0 0.0 0.0 0.0 0.0 0.0 0.0 0.0 0.0 0.0 0.0 0.0 0.0 0.0 2.4975385790869114e-05 2.431583013137931e-05 2.7658388388132634e-05 3.1489801204241e-05 3.0648227007030776e-05 3.513919548262895e-05 3.9460993297949926e-05 3.861386683866817e-05 4.377723885119937e-05 4.808884749013248e-05 4.745224258551302e-05 0.0 0.0 0.0 0.0 0.0 0.0 0.0 0.0 0.0 0.0 0.0 0.0 0.0 0.0 0.0 0.0 0.0 0.0 0.0 0.0 0.0 0.0 2.6576541903091733e-05 3.022593618147968e-05 2.9667605508310246e-05 3.373929061224929e-05 3.805553616549874e-05 3.7468252576644036e-05 4.234282880306291e-05 4.686495899665832e-05 4.639582941372228e-05 5.1505243196172384e-05 5.5832546053768e-05 0.0 0.0 0.0 0.0 0.0 0.0 0.0 0.0 0.0 0.0 0.0 0.0 0.0 0.0 0.0 0.0 0.0 0.0 0.0 0.0 0.0 0.0 2.895241189180291e-05 3.277096567739303e-05 3.705825831495721e-05 3.661556208719402e-05 4.131284898644503e-05 4.595313318595908e-05 4.558413802694444e-05 5.0667118454221686e-05 5.52242253054762e-05 5.501676546640635e-05 5.9942867476675504e-05 0.0 0.0 0.0 0.0 0.0 0.0 0.0 0.0 0.0 0.0 0.0 0.0 0.0 0.0 0.0 0.0 0.0 0.0 0.0 0.0 0.0 0.0 3.629619405721485e-05 3.5945578245889155e-05 4.051953694735614e-05 4.523352221561875e-05 4.493232724317346e-05 4.999692832276177e-05 5.471557049396107e-05 5.453427590935832e-05 5.9554113053002906e-05 6.396440030385525e-05 6.392461355021849e-05 0.0 0.0 0.0 0.0 0.0 0.0 0.0 0.0 0.0 0.0 0.0 0.0 0.0 0.0 0.0 0.0 0.0 0.0 0.0 0.0 0.0 1.8721329471007835e-05 3.9882818768422164e-05 4.464622487556518e-05 4.439484885503262e-05 4.944435732978392e-05 5.428289988882574e-05 5.4123966735392696e-05 5.921388531496709e-05 6.376568039678545e-05 6.371994736056957e-05 6.843067559582095e-05 7.267502061142015e-05 0.0 0.0 0.0 0.0 0.0 0.0 0.0 0.0 0.0 0.0 0.0 0.0 0.0 0.0 0.0 0.0 0.0 0.0 0.0 1.8578053219992192e-05 1.8016729281011053e-05 1.7967592824152025e-05 4.3943357765384595e-05 4.8979841109259166e-05 5.391082653540051e-05 5.377103081952274e-05 5.891515644565627e-05 6.358015164469178e-05 6.353302418864607e-05 6.833781510355935e-05 7.266118357483913e-05 7.268160882280478e-05 7.705210475013028e-05 0.0 0.0 0.0 0.0 0.0 0.0 0.0 0.0 0.0 0.0 0.0 0.0 0.0 0.0 0.0 0.0 0.0 1.845623596115112e-05 1.791140581772499e-05 1.787005520821529e-05 1.738141207121619e-05 1.8687141149745347e-05 5.358814427109406e-05 5.346476550662905e-05 5.8651981965313483e-05 6.340964542418105e-05 6.336351535052499e-05 6.824455757385756e-05 7.263547874914871e-05 7.264766645101982e-05 7.708471769996704e-05 8.163595270091906e-05 8.163595270091906e-05 0.0 0.0 0.0 0.0 0.0 0.0 0.0 0.0 0.0 0.0 0.0
    </DataArray>
    <DataArray type="Float32" Name="Electric Field [Vm^-1]" NumberOfComponents="3" format="ascii">
408019194.4564883 -1640564391.4392085 0.0 10909079.89011734 -36782768.261885665 0.0 6527628.193237784 -26381968.205799613 0.0 4336245.214687059 -21864677.229805652 0.0 3370030.771549053 -19664535.887722693 0.0 2850933.0880010384 -18542485.77108405 0.0 2473496.407842875 -18394977.01575427 0.0 1864475.0761605734 -20113367.80587116 0.0 -82258.49922157706 -27848123.96488973 0.0 -4645589.958218542 -51464965.395550266 0.0 410992465.7099058 1160457499.209551 0.0 16042595.433416178 -1433249767.5453289 0.0 13698793.67699139 -38724695.0899746 0.0 9642617.133917168 -28292931.299213238 0.0 7240010.800989852 -22729663.373412922 0.0 6010258.0177716045 -20095999.772925027 0.0 5314725.909613795 -18799180.78084808 0.0 4845279.75457355 -18661017.738777447 0.0 4248527.487363985 -20775562.295998123 0.0 2846388.7102193045 -29869070.31997114 0.0 368925.0315920328 -55234288.586895205 0.0 -2161859.2097150483 1359372721.2319698 0.0 20610809.91137029 -1423775699.4122345 0.0 19177997.331368823 -42800702.20252694 0.0 15566828.115522621 -32165250.418729585 0.0 12940449.34241029 -24820636.48230954 0.0 11194760.548892898 -21324013.124481834 0.0 9902047.058652442 -19638619.588702 0.0 8668161.072622748 -19516701.609135393 0.0 6771952.40924944 -22422235.85812262 0.0 3125463.1322674663 -33166813.25401948 0.0 -1183376.169621333 -57397499.87268394 0.0 -2525570.7174836244 1359986363.5967348 0.0 15432745.963833679 -1415154116.286236 0.0 16650490.480534738 -43642519.60043667 0.0 16192543.513274483 -34506400.21929885 0.0 14264776.304509623 -26964516.553328328 0.0 12486070.424695907 -22964708.42638247 0.0 10796924.764399527 -21213184.47147758 0.0 8454311.33171609 -21697154.806511424 0.0 4551614.5315628275 -26260473.384977926 0.0 -1009452.8528655226 -38503426.31564578 0.0 -4408295.420485481 -58487843.31378981 0.0 -2951566.5407419815 1362136955.0407555 0.0 9867571.505568372 -1408571289.8236823 0.0 12041049.026230764 -41296073.37667665 0.0 12386266.500244884 -35378873.74536786 0.0 10325276.30033703 -28958279.62603998 0.0 7816463.43433634 -24869597.46484322 0.0 5054946.017862104 -23640399.07057087 0.0 1513946.6113285318 -25485930.4899582 0.0 -3033712.1099247034 -31575586.46042494 0.0 -7054090.655671641 -42767976.9830954 0.0 -6674223.765974321 -56159624.73685032 0.0 -3050666.3620152464 1365691385.182468 0.0 8915523.308418458 -1403036522.1067314 0.0 9017396.20297287 -40145155.85486436 0.0 8181216.513056971 -36862540.06111973 0.0 5294476.456181141 -31959949.81339585 0.0 1440896.3500600634 -28272985.70218015 0.0 -2539379.071712751 -27225942.939042896 0.0 -6376366.296870602 -29398821.961428925 0.0 -9477506.153453326 -34990099.01934166 0.0 -10327733.452853646 -43198196.60004307 0.0 -7116320.36342563 -51179055.84741888 0.0 -3015698.5547058214 1369531616.441264 0.0 9637986.52607669 -1398366250.0754364 0.0 7853350.850029857 -40922247.042681135 0.0 5762502.358740649 -39226152.59750107 0.0 2409103.64804986 -35730336.7233613 0.0 -1868365.2066617834 -32597804.823653247 0.0 -6212112.093332725 -31340006.950921774 0.0 -9761163.789902491 -32613435.52070792 0.0 -11620100.225345487 -36271780.88472907 0.0 -10798796.09459016 -41239363.19426483 0.0 -6652251.603886658 -45406828.79449364 0.0 -2907567.334880312 1373179010.2183497 0.0 10505283.612696668 -1394173807.7935896 0.0 7293443.049930231 -43338215.32803054 0.0 4444321.078540864 -42156622.87408318 0.0 1068230.2623531993 -39582277.8868828 0.0 -2908979.0353277186 -36891361.29158052 0.0 -6858554.391344033 -35211539.04027292 0.0 -9879268.930831742 -35129690.24055232 0.0 -11078184.392530441 -36524971.80637362 0.0 -9758178.881051848 -38559553.822042264 0.0 -5741390.711459071 -39914323.65804918 0.0 -2766626.9810045124 1376377517.7242088 0.0 10055380.207484215 -1390705631.9517388 0.0 6278623.142688007 -46490876.24943835 0.0 3431182.105633208 -45183444.60601685 0.0 410087.596215859 -43076365.22531922 0.0 -2948289.4738344084 -40636757.653661676 0.0 -6217442.693322691 -38495814.791136615 0.0 -8646059.366089972 -37083094.333795 0.0 -9462420.348515183 -36391178.21183244 0.0 -8142966.505188587 -35956002.978845306 0.0 -4685002.876372853 -35177981.3281933 0.0 -2622547.428673062 1379021901.7094495 0.0 8064023.226223226 -1388271635.924241 0.0 4670008.219164469 -49232400.32311706 0.0 2447689.499696811 -47812757.795068726 0.0 34646.64489610493 -45966930.33346662 0.0 -2599450.3433986995 -43655168.742885746 0.0 -5138282.426376599 -41105219.412528105 0.0 -7004515.013955935 -38571180.23655407 0.0 -7575382.317362661 -36143987.856260926 0.0 -6442550.504659082 -33726773.91761028 0.0 -3657792.2442892455 -31333555.653787337 0.0 -2490429.7901586867 1381111499.887018 0.0 5747651.231185776 -1386740680.4661763 0.0 3080261.280161423 -50974278.92660824 0.0 1603105.9435808186 -49774074.89173836 0.0 -158578.7034402167 -48170282.9121406 0.0 -2104249.4745184323 -45943708.988434725 0.0 -3979832.315184454 -43076737.25006895 0.0 -5359171.339554102 -39677318.39972292 0.0 -5763755.097535073 -35898620.6401091 0.0 -4872921.56353908 -31952078.14835391 0.0 -2742740.35830302 -28355716.17683455 0.0 -2376860.111557478 1382698073.098391 0.0 4202984.729782383 -1385730464.6331353 0.0 1973047.5261121653 -51940728.684238106 0.0 1026858.490144391 -51114740.96349189 0.0 -197695.0075716606 -49750767.141135305 0.0 -1574350.0771333019 -47597584.04996464 0.0 -2907654.0238957526 -44506649.04744478 0.0 -3894869.2028785152 -40479615.65262652 0.0 -4184839.596371109 -35700917.11262649 0.0 -3531314.594158282 -30618179.09232914 0.0 -1976961.4784355662 -26146414.945489496 0.0 -2284638.185654033 1383856477.9947808 0.0 3454309.0948747154 -1384996675.6832824 0.0 1349898.5789976963 -52538320.915595375 0.0 711027.5291489164 -52018977.17092814 0.0 -128976.72091505677 -50847346.06347698 0.0 -1078710.9277484177 -48753276.78068611 0.0 -2001959.397419932 -45512122.212619536 0.0 -2692860.024148642 -41050408.88787079 0.0 -2904810.816046932 -35563140.39094979 0.0 -2455599.9723530086 -29666761.998448953 0.0 -1371632.8169137137 -24574205.97024814 0.0 -2213772.7848056057 1384670504.3223448 0.0 3110113.493289698 -1384432646.139741 0.0 1029464.1111694399 -52976098.70542748 0.0 571089.0886900773 -52643140.199411854 0.0 -7845.179612944524 -51599083.457585804 0.0 -655901.0911238997 -49545283.15946612 0.0 -1286662.9371027276 -46205857.28082412 0.0 -1766119.6727735172 -41453623.33213203 0.0 -1927495.3698520393 -35482341.50899241 0.0 -1640508.1260423851 -29022223.592418045 0.0 -917740.0580034353 -23499384.963596456 0.0 -2161981.779391284 1385222151.0058684 0.0 2922208.6484584557 -1383973201.9704783 0.0 862230.4228438352 -53319410.90474142 0.0 524417.9868278422 -53083875.49259625 0.0 122347.98678323318 -52114023.754928805 0.0 -319301.7717509878 -50084168.8257286 0.0 -749942.01094769 -46682154.37940304 0.0 -1085737.702098297 -41741990.742762566 0.0 -1216894.927148491 -35450234.63647088 0.0 -1051888.4010023428 -28609658.085796274 0.0 -592718.5548899046 -22792957.21821958 0.0 -2125707.6329664043 1385583382.57538 0.0 2795116.193397828 -1383576009.8383381 0.0 765445.6834221828 -53587073.812663 0.0 516789.1343728602 -53398018.50616839 0.0 236387.99756070474 -52467946.0056608 0.0 -66088.79047498667 -50451912.91876491 0.0 -363483.4632416119 -47012539.84609495 0.0 -605261.5236286643 -41955534.6360979 0.0 -720082.4726288929 -35457443.98072213 0.0 -643187.8162254099 -28364565.77905386 0.0 -368673.21818945295 -22347602.588372342 0.0 -2101156.1452909564 1385811965.7846794 0.0 2696720.391434201 -1383218019.3682547 0.0 699580.5042788713 -53789983.9648743 0.0 519204.1232028853 -53621471.1711835 0.0 323678.7299205637 -52712227.81103169 0.0 114619.51458869137 -50705717.68068617 0.0 -95351.60124196611 -47247466.49646494 0.0 -276954.4263460692 -42122131.1039942 0.0 -383703.72831741744 -35494907.133958064 0.0 -368248.3737854662 -28236004.25667914 0.0 -218857.7246502468 -22080757.974693574 0.0 -2084979.5445967866 1385951120.8652189 0.0 2615107.996178737 -1382888434.0287306 0.0 646807.2477417454 -53939131.315820634 0.0 518565.8533877704 -53778991.40547633 0.0 382685.7842215715 -52881541.23460426 0.0 236402.54424861947 -50884089.19619309 0.0 83604.12878416228 -47420649.951179124 0.0 -59594.889171841205 -42259677.88284205 0.0 -162302.30257096622 -35554347.09500235 0.0 -188085.24926244965 -28185944.10915002 0.0 -121081.55992135398 -21932483.94993393 0.0 -2074547.6245490024 1386031515.1366997 0.0 2544870.8919230723 -1382582711.730015 0.0 599429.8300046042 -54045469.29549688 0.0 510369.77418683656 -53888570.64998743 0.0 416477.78611991793 -52999391.267964445 0.0 312574.98333314934 -51012412.81297127 0.0 197453.5770336034 -47553748.54181127 0.0 79273.97035978232 -42378834.321005575 0.0 -20693.67466789484 -35628536.16066912 0.0 -72827.80931028143 -28187059.662229538 0.0 -58567.350995407716 -21861051.07242533 0.0 -2067945.896089069 1386074088.087949 0.0 2483124.6059164545 -1382299059.9797158 0.0 554418.5430225708 -54118902.37725716 0.0 494269.2446693879 -53963525.53349399 0.0 429885.62557283306 -53081798.81171955 0.0 354801.9759922477 -51107238.71549868 0.0 264964.5287657828 -47660302.338983014 0.0 163843.00185939603 -42485520.49369924 0.0 66783.07215651625 -35711462.591546156 0.0 -983.5476590953773 -28220240.911179557 0.0 -19393.14818161391 -21838252.270906158 0.0 -2063849.9054386497 1386092760.2495565 0.0 2428173.1392324767 -1382036695.6434536 0.0 510855.7361829222 -54167756.4533117 0.0 471657.23006992275 -54013713.19222725 0.0 427937.88186512573 -53139728.06655188 0.0 372639.15758801135 -51179312.93596918 0.0 300243.50449591863 -47748645.80481137 0.0 211531.07724014658 -42582819.169474185 0.0 118148.70489357926 -35798374.90427559 0.0 42291.66498897845 -28272396.906027485 0.0 4569.97705378259 -21845404.70588216 0.0 -2061373.5619092623 1386096623.6164124 0.0 2378940.0535330027 -1381795059.3527794 0.0 468718.288802742 -54198692.15660856 0.0 444436.0160681972 -54046377.03237908 0.0 415120.18283773697 -53180704.02493103 0.0 373563.25234001013 -51235624.74404009 0.0 313625.2453452291 -47823893.436015956 0.0 234602.7086058655 -42672256.13413765 0.0 145759.60132967433 -35885707.5929908 0.0 66986.89605333244 -28334718.699721906 0.0 18718.89603427424 -21870306.788594555 0.0 -2059936.2328316914 1386091550.8109014 0.0 2334684.1228210297 -1381573502.0583723 0.0 428295.086466191 -54216855.15119958 0.0 414440.78694541764 -54066789.52977739 0.0 395108.8024446419 -53209902.96471629 0.0 363226.8690287895 -51280751.54530106 0.0 312535.74063632893 -47889219.61178678 0.0 241563.38919267734 -42754583.43325782 0.0 157963.7743956969 -35970926.57079046 0.0 79720.33136444047 -28401385.634807684 0.0 26580.972993239382 -21905073.153917342 0.0 -2059161.5206776003 1386081308.5081382 0.0 2294848.896133586 -1381371194.895179 0.0 389918.3454756951 -54226118.03232093 0.0 383208.3706954369 -54078751.312102005 0.0 370751.06203233136 -53230893.16137275 0.0 345785.9043969401 -51317726.7365827 0.0 302225.91058265907 -47946650.26256933 0.0 238247.13028231 -42830218.85337638 0.0 160350.41259332767 -36052339.67340601 0.0 84840.33510031179 -28468634.370982267 0.0 30443.962541038774 -21944657.361769997 0.0 -2058806.5457949797 1386068299.0927181 0.0 2258982.8578134035 -1381187137.8250253 0.0 353852.51444414165 -54229334.79383287 0.0 351919.5156403973 -54084976.154932804 0.0 344157.9158270954 -53246139.93072036 0.0 324221.20220893505 -51348593.504044205 0.0 286354.31626716926 -47997537.40250318 0.0 228619.070245241 -42899470.47067031 0.0 156639.61291101328 -36128907.548271455 0.0 85192.6652725149 -28534103.49262384 0.0 31787.73504891493 -21985868.729644 0.0 -2058714.6213792223 1386054044.4797654 0.0 318970.19071780663 -942807824.5229009 0.0 321251.82998488116 -54254311.33336803 0.0 321157.41710788634 -54025790.86153687 0.0 313509.620911848 -53054004.18773106 0.0 292339.2638864991 -50962717.1501303 0.0 253005.69687976813 -47355911.13217517 0.0 195381.88011369854 -41965607.067937024 0.0 127124.6533750918 -34947823.181759514 0.0 63636.54696602499 -27313112.821150113 0.0 19242.107955008745 -21115488.57480256 0.0 0.0 1855379322.5663714 0.0 -1700054.0692587157 -1380938819.4352212 0.0 289570.25198373216 -54225536.05288012 0.0 292659.97919475293 -54088653.97021351 0.0 290314.3383864463 -53268440.35271895 0.0 277152.39654163783 -51401245.3531756 0.0 248225.34124352047 -48087887.56844512 0.0 201574.57561392905 -43023678.13581441 0.0 141350.09248494613 -36266131.62381639 0.0 79488.80929681416 -28650975.496258646 0.0 30985.470153566843 -22060808.62436668 0.0 2065929.2176380663 1386032309.9933763 0.0 -1725475.662667606 -1380794845.5926766 0.0 260863.65197519062 -54220801.184617646 0.0 265067.5259058231 -54086981.78620652 0.0 264125.3952174782 -53274582.3271902 0.0 253132.06956300754 -51420375.17337335 0.0 227582.0658558241 -48123665.48573766 0.0 185648.69616421798 -43075446.77671275 0.0 130992.77268868685 -36326192.92550208 0.0 74347.18929605346 -28705393.028467115 0.0 29371.390247112744 -22098431.07907058 0.0 2065804.2332920118 1386018350.650697 0.0 -1748321.844341498 -1380665290.685925 0.0 234656.71827127135 -54215279.40793787 0.0 239415.05536900455 -54084395.35711734 0.0 239366.91234005534 -53279266.220832236 0.0 230064.2946929074 -51437024.380524345 0.0 207427.76589710757 -48155614.887945734 0.0 169775.1481706226 -43122164.79123413 0.0 120343.64839535185 -36380805.18685662 0.0 68765.69149677455 -28755310.65908013 0.0 27427.42886108034 -22133427.982068982 0.0 2065623.5519937072 1386005142.975771 0.0 -1768855.369809164 -1380548857.9790716 0.0 210811.81049297846 -54209450.898982614 0.0 215752.02081381073 -54081332.402440414 0.0 216250.6150163461 -53282903.0984709 0.0 208290.6181849402 -51451602.90531942 0.0 188192.94608024074 -48184156.23555344 0.0 154421.19818542642 -43164232.52580463 0.0 109841.54489490639 -36430263.91286029 0.0 63084.17819633742 -28800821.34267978 0.0 25339.78407354279 -22165669.4141947 0.0 2065414.1265024748 1385992825.216608 0.0 -1787315.6675320407 -1380444335.8212814 0.0 189169.40468244514 -54203630.53777335 0.0 194050.52924924943 -54078083.4473673 0.0 194861.9034217721 -53285781.21183593 0.0 187987.50239234677 -51464427.63893028 0.0 170119.09572539374 -48209653.61381935 0.0 139861.21910025517 -43202040.4888082 0.0 99752.82525997613 -36474910.687653154 0.0 57514.422577118086 -28842118.068145096 0.0 23226.74316001974 -22195159.379775915 0.0 2065193.2813616649 1385981455.4996665 0.0 -1803920.2656227692 -1380350604.1141076 0.0 169559.37536595025 -54198017.11753904 0.0 174231.92398047203 -54074836.38977973 0.0 175200.79461735344 -53288103.03385151 0.0 169219.4455960071 -51475748.62325108 0.0 153319.98421663797 -48232426.22795932 0.0 126239.96811811467 -43235962.31605925 0.0 90228.5994697225 -36515105.86656291 0.0 52183.01310394955 -28879449.873259395 0.0 21161.607805243802 -22221984.03154138 0.0 2064971.9761042784 1385971041.1618679 0.0 -1818866.2135596077 -1380266636.2095177 0.0 151809.19040258115 -54192729.17787506 0.0 156186.3225119048 -54071708.31902186 0.0 157211.69223098547 -53290011.08708204 0.0 151976.9693970026 -51485766.83891517 0.0 137824.7038706355 -48252755.90374706 0.0 113616.23454680457 -43266349.770379774 0.0 81343.53410182618 -36551210.13901905 0.0 47160.02738069774 -28913092.457514584 0.0 19187.83178156199 -22246277.257798612 0.0 2064756.945830487 1385961558.1788778 0.0 -1832332.6871053998 -1380191497.3193295 0.0 135749.33306215462 -54187830.73437468 0.0 139786.5386112392 -54068768.0343357 0.0 140804.6139495547 -53291605.96364009 0.0 136203.4379560079 -51494646.485008694 0.0 123607.67368501816 -48270892.34361703 0.0 101992.87067158359 -43293529.67668591 0.0 73122.22654104236 -36583572.550886765 0.0 42478.302766098524 -28943328.8641441 0.0 17329.102828865667 -22268197.9059521 0.0 2064552.1193197954 1385952964.0535886 0.0 -1844481.2664140384 -1380124341.5485392 0.0 121216.93627370405 -54183348.715065256 0.0 124897.8207109571 -54066051.75058127 0.0 125870.06501884865 -53292958.89338282 0.0 121813.7457849086 -51502523.60227311 0.0 110609.37648871544 -48287057.08990894 0.0 91337.36909822213 -43317802.446876876 0.0 65557.13019473967 -36612523.13118478 0.0 38146.43605865416 -28970437.07963835 0.0 15596.102222681462 -22287914.839406755 0.0 2064359.566127234 1385945206.3491085 0.0 -1855457.119309876 -1380064407.025074 0.0 108058.7788811464 -54179286.65815243 0.0 111384.56605885761 -54063574.37954335 0.0 112289.25479916576 -53294120.59654442 0.0 108707.14094090628 -51509512.25061258 0.0 98750.53781921299 -48301446.70806019 0.0 81595.87167577363 -43339441.79675745 0.0 58620.710252972676 -36638368.727996394 0.0 34157.57093400043 -28994682.360686727 0.0 13991.061132698826 -22305597.28697331 0.0 2064180.1338322656 1385938228.2990506 0.0 -1865391.681984379 -1380011010.1140196 0.0 96131.57036769396 -54175633.46528216 0.0 99114.37947579076 -54061337.223198555 0.0 99940.85253883901 -53295127.450351045 0.0 96775.8393061708 -51515708.99502445 0.0 87941.67984993153 -48314235.45627456 0.0 72702.6125012496 -43358695.293761395 0.0 52273.64011806004 -36661391.03166397 0.0 30495.326547974288 -29016312.764067437 0.0 12510.836157774347 -22321408.768761504 0.0 2064013.8782998926 1385931972.44757 0.0 -1874403.6044134346 -1379963539.8683164 0.0 85302.53649352744 -54172369.395227365 0.0 87960.65854871523 -54059333.22380969 0.0 88705.35512151178 -53296005.78015838 0.0 85910.67446123566 -51521196.21295628 0.0 78089.43554421517 -48325577.58627888 0.0 64586.191239002736 -43375785.44253516 0.0 46470.27288984126 -36681846.04980471 0.0 27137.773784325782 -29035556.820026707 0.0 11148.981564347116 -22335503.43049381 0.0 2063860.3543022168 1385926382.9596825 0.0 -1882600.113639323 -1379921452.3237803 0.0 75449.30428515514 -54169470.231975675 0.0 77804.01451279313 -54057550.551946335 0.0 78467.76000530367 -53296774.85348528 0.0 76004.66878310262 -51526044.573364034 0.0 69100.60577103132 -48335609.35642944 0.0 57173.654210981425 -43390911.08482167 0.0 41162.24439382031 -36699964.511748545 0.0 24060.083363753132 -29052622.616776522 0.0 9897.13859139713 -22348023.98654475 0.0 2063718.811271512 1385921407.0358908 0.0 -1890077.9862784974 -1379884265.0977948 0.0 66459.46176186705 -54166910.053321704 0.0 68532.88645014266 -54055975.0213473 0.0 69119.05497491859 -53297448.966383725 0.0 66955.15935095651 -51530314.92279155 0.0 60884.6525058065 -48344450.80380495 0.0 50393.058933060245 -43404248.948041774 0.0 36300.78207228334 -36715952.83037574 0.0 21236.256800503957 -29067697.78893955 0.0 8745.959153786716 -22359100.732021872 0.0 2063588.3247089877 1385916995.7256646 0.0 -1896925.5450607277 -1379851552.0109315 0.0 58229.80999342604 -54164663.27915738 0.0 60043.58682520689 -54054591.704499885 0.0 60556.893235977535 -53298038.89109948 0.0 58664.93113686893 -51534059.73845216 0.0 53355.11899013074 -48352207.30641838 0.0 44174.99929787803 -43415955.232605495 0.0 31838.12636215106 -36729994.37544515 0.0 18640.22042463845 -29080950.056781996 0.0 7685.703335648195 -22368851.24025281 0.0 2063467.8824583122 1385913104.3440652 0.0 -1903223.2678339821 -1379822938.6219878 0.0 50665.33460451555 -54162705.19490304 0.0 52239.98744218889 -54053385.82095898 0.0 52685.73107630857 -53298552.84837871 0.0 51042.681875834074 -51537324.25705534 0.0 46430.32299589252 -48358970.95615272 0.0 38453.42616725883 -43426167.159092344 0.0 27728.35257019822 -36742250.884733744 0.0 16246.494218829097 -29092528.080976155 0.0 6706.618410288865 -22377380.489233453 0.0 2063356.4405443002 1385909692.6308804 0.0 -1909044.2528181253 -1379798098.0078132 0.0 43678.97465684268 -54161013.08435645 0.0 45033.14727726677 -54052343.456718996 0.0 45416.64199098201 -53298997.21501487 0.0 44003.04697810116 -51540147.37415126 0.0 40033.56289994111 -48364821.7621947 0.0 33165.9905644068 -43435004.4247682 0.0 23927.782557216793 -36752863.897487745 0.0 14030.56749921061 -29102562.472200472 0.0 5799.167093477315 -22384781.242512383 0.0 2063252.958091019 1385906724.7474263 0.0 -1914455.8876585928 -1379776746.7286928 0.0 37190.31387272479 -54159566.610821396 0.0 38340.59365020942 -54051451.953841485 0.0 38666.860271261176 -53299377.0054528 0.0 37466.32496310028 -51542562.35974055 0.0 34093.00070061784 -48369828.69823898 0.0 28254.06969031531 -43442570.54054484 0.0 20395.119992465916 -36761956.13464298 0.0 11969.074448506042 -29111166.84513352 0.0 4954.152480697051 -22391134.563996688 0.0 2063156.4177771874 1385904169.1766503 0.0 -1919520.5165610553 -1379758641.5577343 0.0 31124.775808129634 -54158347.89506431 0.0 32085.606239898447 -54050700.08609746 0.0 32359.196074692907 -53299696.189201616 0.0 31358.02043507419 -51544597.42704505 0.0 28541.338931045306 -48374050.604348525 0.0 23662.58742025667 -43448954.029901385 0.0 17091.405873467276 -36769632.77920595 0.0 10039.837455787087 -29118438.846352596 0.0 4162.773459102537 -22396510.385975085 0.0 2063065.8365035164 1385901998.5710738 0.0 -1924296.1713085505 -1379743576.5962799 0.0 25412.83144081137 -54157341.57232235 0.0 26196.483973561208 -54050078.142001085 0.0 26421.378682362545 -53299957.90519394 0.0 25608.27819569659 -51546276.18684571 0.0 23315.369348457858 -48377536.95487051 0.0 19339.70384521125 -43454229.48151244 0.0 13979.856328720854 -36775982.627893075 0.0 8221.822503260195 -29124461.110662438 0.0 3416.6334340042526 -22400968.076681644 0.0 2062980.2694314201 1385900189.5787036 0.0 -1928837.3086231004 -1379731380.793857 0.0 19989.199736947827 -54156534.784605145 0.0 20605.798233208563 -54049577.94819515 0.0 20785.361107554072 -53300164.60661209 0.0 20151.25707793734 -51547618.01023912 0.0 18355.446998966243 -48380328.50301627 0.0 15236.424504576506 -43458458.45275842 0.0 11025.626033612725 -36781079.097840995 0.0 6495.037560562296 -29129302.117191978 0.0 2707.7181435368116 -22404556.971995257 0.0 2062898.8095542653 1385898722.6672292 0.0 -1933195.4916098418 -1379721915.879499 0.0 14792.079903787811 -54155917.130505726 0.0 15249.649987949391 -54049192.85604755 0.0 15386.608733682348 -53300318.1567996 0.0 14924.472363061437 -51548638.3143557 0.0 13604.92291086056 -48382457.81133284 0.0 11306.16302907889 -43461690.22642719 0.0 8195.52603015031 -36784981.0803492 0.0 4840.394862369028 -29133016.928093974 0.0 2028.3534254402696 -22407316.848685373 0.0 2062820.5843290442 1385897581.9598053 0.0 -1937420.0330648294 -1379715074.683753 0.0 9762.413736018048 -54155480.60082312 0.0 10066.938684434668 -54048917.710805 0.0 10163.385286087794 -53300419.89148189 0.0 9868.124344334012 -51549348.78283596 0.0 9009.55451543768 -48383949.67468174 0.0 7504.2773145520505 -43463962.42259602 0.0 5457.7146399393705 -36787733.6383309 0.0 3239.5506547864943 -29135647.79991165 0.0 1371.1500848585517 -22409278.32487523 0.0 2062744.7503868914 1385896755.0910976 0.0 -1941558.603167723 -1379710779.8369427 0.0 4843.173920852445 -54155219.51340131 0.0 4998.64572855582 -54048748.81620147 0.0 5056.04391886893 -53300470.657777995 0.0 4924.42437222352 -51549757.52896454 0.0 4516.907612552247 -48384821.44161522 0.0 3787.5927609338173 -43465301.468661785 0.0 2781.3735150035536 -36789368.547032446 0.0 1674.7315644311416 -29137224.662621904 0.0 728.940738384093 -22410463.17896886 0.0 2062670.486984048 1385896233.089266 0.0 -379052207.78667957 -1570749586.9363334 0.0 21700.50831143949 -54145472.51572161 0.0 -47227.515536145394 -54073537.472667344 0.0 -161536.00823163867 -53382510.271107964 0.0 -333627.72246789 -51717947.36864072 0.0 -565811.7730734401 -48669182.29297383 0.0 -835452.1598110346 -43884487.28091046 0.0 -1068485.5166739365 -37324945.54396385 0.0 -1115449.335139027 -29695997.53228664 0.0 -805179.7335139557 -22813716.67831621 0.0 -403402396.300782 1190616128.9954674 0.0
    </DataArray>
    <DataArray type="Float32" Name="Electron Current Density [Am^-2]" NumberOfComponents="3" format="ascii">
-10733299890.29662 -426841257969.76807 0.0 -59597147607.870834 -382513213169.10785 0.0 -49779339566.53979 -330109069240.794 0.0 -33376549011.774555 -287476738077.0029 0.0 -22436320526.388832 -257369306994.80695 0.0 -15809111700.669502 -236323914878.5351 0.0 -11893745134.650381 -221275233284.6249 0.0 -9874048427.090782 -209538971122.74106 0.0 -9537859680.615435 -198209669065.61362 0.0 -10056153273.004642 -185634584457.61972 0.0 -6360397438.863867 -175134888029.72748 0.0 1013021650.4927347 -223739556947.27655 0.0 -31369200082.56867 -202885773930.55396 0.0 -36538457968.60221 -204716731155.8298 0.0 -30263221210.302048 -200883611942.21436 0.0 -23641114106.714073 -194482651923.21808 0.0 -18303312377.589565 -187420366811.14487 0.0 -14632667951.083332 -180599008049.3499 0.0 -13150563063.279146 -173719362990.04288 0.0 -14465481694.718882 -165444665666.1063 0.0 -15241744982.3954 -155686475255.70877 0.0 -7731581124.287627 -140464549575.13297 0.0 2711613071.54391 -53961013589.89762 0.0 -9468708120.03042 -52826376960.42542 0.0 -17329328099.17915 -70540918476.44334 0.0 -18450672694.099667 -86084647236.12035 0.0 -17644116541.879845 -96666672368.46494 0.0 -16062115590.439562 -102629646642.37097 0.0 -14727930391.733976 -105037190162.1457 0.0 -15228246386.051222 -104636109295.23473 0.0 -18417347062.74621 -101984446764.22539 0.0 -18748227722.815975 -99353729381.80756 0.0 -6789729690.738374 -88024458132.89323 0.0 1118591859.3332813 -11802941463.109945 0.0 -859130463.0125836 -11520690211.62335 0.0 -4070547129.634004 -17534384530.59071 0.0 -6207430881.859708 -24777368649.47887 0.0 -7526146365.54698 -31904238126.868946 0.0 -8672191919.31354 -38091150272.27049 0.0 -10170384854.908531 -42498948624.41295 0.0 -12769024435.293043 -45137330536.12907 0.0 -15772007213.129515 -47257890326.56887 0.0 -14270899539.752365 -51215887161.12285 0.0 -3501498936.392139 -46945715549.336334 0.0 267311998.45727944 -4283466568.6978683 0.0 76724058.73677576 -3968659356.444515 0.0 -1142663605.702924 -5062008185.647815 0.0 -2557094363.8325944 -7087976158.395804 0.0 -3708009270.7908382 -9192580858.50321 0.0 -5037836834.92135 -11275010825.871552 0.0 -6896767786.283086 -13689042432.866272 0.0 -9230657269.24486 -17040033442.344358 0.0 -10615240289.198792 -21910813383.646435 0.0 -8547818402.503852 -27358197281.781555 0.0 -1844377654.962027 -25693220424.264732 0.0 51989655.86004191 -2231335382.792491 0.0 -36576128.25789611 -2060988900.169401 0.0 -579063908.2809503 -2310159313.733298 0.0 -1682807790.5189502 -3105492266.82413 0.0 -2961369499.1255345 -4260669671.470427 0.0 -4206756424.9921856 -5543997808.1547985 0.0 -5372804704.008557 -7128209349.039047 0.0 -6205673277.8009615 -9372020522.179663 0.0 -6200087677.290425 -12325006310.424803 0.0 -4701097952.524486 -15389518264.230915 0.0 -885851534.3852059 -14685595100.765278 0.0 13600636.075290168 -1310438189.72068 0.0 -66694429.13160925 -1221403399.4432766 0.0 -316903283.53967303 -1318914216.033139 0.0 -963250768.199274 -1736135329.2038713 0.0 -1970974435.092599 -2573468757.9193573 0.0 -3070261200.9824896 -3725251859.6724086 0.0 -3946521867.5615687 -5076428026.852572 0.0 -4332787800.335043 -6598528293.33477 0.0 -4006727205.2318635 -8227984881.050229 0.0 -2766735694.7966747 -9758203261.621283 0.0 -484941252.4381614 -9292199949.425415 0.0 3164670.141173115 -765527570.0430055 0.0 -55772384.97832225 -729104713.6530957 0.0 -172613674.28657174 -786187649.8794984 0.0 -502377326.919333 -1009915643.3673766 0.0 -1124334514.31697 -1541527089.5255005 0.0 -1938868858.3199031 -2411776724.1238046 0.0 -2670365108.5164266 -3511072005.117722 0.0 -3018781942.3538117 -4677835982.036142 0.0 -2775512806.476106 -5759614262.648946 0.0 -1833730294.0790374 -6617816021.810525 0.0 -320457558.07763875 -6241480345.985868 0.0 805812.0004232205 -459795400.72824544 0.0 -35574447.26079919 -449375146.8360998 0.0 -91320600.30428252 -486016375.6799497 0.0 -249291615.22469708 -602378926.7495348 0.0 -586406842.6037315 -897663316.4524429 0.0 -1106886508.625931 -1449079063.3727975 0.0 -1664284878.4734344 -2229516629.643431 0.0 -2011580127.0451477 -3104272634.7318196 0.0 -1929753414.2776349 -3903342871.199416 0.0 -1293979234.3265696 -4486935394.738732 0.0 -226998714.45812142 -4204494791.585819 0.0 541960.5530576725 -309549595.0110379 0.0 -19072788.98247262 -307916799.39181364 0.0 -46655295.12958736 -329770029.74415654 0.0 -120789411.40614067 -388552646.62420374 0.0 -290534224.7122665 -539364928.7933719 0.0 -589559497.6099721 -849028359.5901017 0.0 -968592273.519207 -1339488182.7941096 0.0 -1271629789.3443904 -1943678615.9974425 0.0 -1302927272.276483 -2529713376.2136507 0.0 -911520456.9093326 -2965452878.7578306 0.0 -158391215.2820094 -2773778044.1106753 0.0 534720.6548437777 -241764192.89909703 0.0 -9201519.987633282 -241424434.6193801 0.0 -23133953.02164649 -252965321.84156 0.0 -58006620.70554054 -281765191.3759153 0.0 -140216466.83897656 -355073401.8630272 0.0 -300267014.90879786 -515878980.9255954 0.0 -535308523.75846916 -797294883.3577456 0.0 -766416062.4279387 -1181619018.9038157 0.0 -846083387.8620018 -1588815019.9252818 0.0 -622253784.1675373 -1911226036.8931422 0.0 -106190880.37342305 -1790557107.4736655 0.0 433165.9019838188 -209990782.17938545 0.0 -4459249.837590957 -209270513.13199812 0.0 -11468018.740294177 -214727950.49268097 0.0 -28038216.320212584 -228369375.6270905 0.0 -67203320.48836528 -262912396.13628286 0.0 -149204658.48237506 -342270941.741211 0.0 -285631296.3988591 -493550705.95393395 0.0 -444809874.08737105 -722016742.6346214 0.0 -529447467.21054465 -988306333.2885755 0.0 -409310627.600574 -1215314705.9418635 0.0 -68334149.94449875 -1143051581.455294 0.0 315142.78318454284 -192279157.8524315 0.0 -2454817.601561063 -191344579.40838635 0.0 -5980865.027294616 -193807852.87106654 0.0 -13985569.322987199 -200155975.3076772 0.0 -32674555.146249685 -216191085.51827157 0.0 -73806740.82121249 -254191836.194198 0.0 -149717550.28470156 -331996900.35777754 0.0 -251833157.41967574 -461004053.2137917 0.0 -321926751.08549273 -626001288.0721134 0.0 -260958224.5404767 -777094525.10277 0.0 -42532804.26768772 -734880225.9043423 0.0 237272.9338811458 -180287259.39256242 0.0 -1589440.9812024373 -179390017.7540165 0.0 -3410820.2454063296 -180561288.43733504 0.0 -7390071.1817378 -183577232.63178927 0.0 -16484529.69097171 -191075544.50442204 0.0 -37114541.15764121 -209090711.21868464 0.0 -78525639.02803367 -248103705.2514991 0.0 -141235339.74753544 -318396013.74266285 0.0 -192635230.66334596 -416303552.6688625 0.0 -163243753.71908128 -511933885.48091877 0.0 -25926307.137228753 -487178314.00926185 0.0 196808.4637459354 -171096633.06406698 0.0 -1138592.9538522833 -170310519.36891305 0.0 -2123561.0086629917 -170949222.79398328 0.0 -4187738.36463551 -172480824.2278891 0.0 -8784855.82957934 -176111078.20753446 0.0 -19354262.265103247 -184745855.7376699 0.0 -42009170.43589564 -204162140.03099507 0.0 -79851073.97154458 -241685982.50316226 0.0 -115310540.7135454 -298015862.26540047 0.0 -101883524.81024371 -356199282.25808144 0.0 -15728787.058892041 -341166264.2693797 0.0 177117.30966412555 -163595418.13488266 0.0 -845035.9518184604 -162911448.2751981 0.0 -1398782.9002841115 -163314734.00133654 0.0 -2524423.503230741 -164170136.48548776 0.0 -4978859.308042064 -166035598.99109346 0.0 -10631867.845710566 -170306719.30480707 0.0 -23357008.093585216 -180065071.5242542 0.0 -46391601.44353715 -199987639.06052673 0.0 -70383252.91115251 -231840500.7496793 0.0 -64700777.52525497 -266330314.56636983 0.0 -9681034.686367441 -256615703.92099145 0.0 166194.95458694702 -157270422.58678564 0.0 -629143.8729133212 -156665715.53112525 0.0 -942498.5984873576 -156945253.17980716 0.0 -1585228.3302476013 -157468120.375362 0.0 -2984571.653449676 -158498064.21340382 0.0 -6203846.66154646 -160714793.64370444 0.0 -13713934.754753007 -165748481.5326775 0.0 -28219665.424020395 -176431590.37201154 0.0 -44673160.2539 -194404333.06272745 0.0 -42641179.83052155 -214637882.0026185 0.0 -6169664.25975686 -207858809.2956154 0.0 157920.52865848548 -151838488.50590467 0.0 -465104.6602482982 -151296124.41646704 0.0 -634451.2487573721 -151497569.7989519 0.0 -1013558.5968222659 -151837782.49563888 0.0 -1867676.3405437756 -152445754.48783493 0.0 -3845418.7948233574 -153663386.8198233 0.0 -8588063.289046148 -156365983.78159532 0.0 -18233737.666378476 -162244458.40454417 0.0 -29953109.55346784 -172537123.6854938 0.0 -29611407.30028381 -184498553.72798643 0.0 -4142793.0834671566 -179402234.87233987 0.0 149763.50109680675 -147122656.5819234 0.0 -340934.55014061835 -146632567.2988386 0.0 -420175.5481974526 -146778977.98713073 0.0 -647011.4344596663 -147007713.98509413 0.0 -1202395.887128094 -147385038.9549579 0.0 -2516403.0514513487 -148092200.05299404 0.0 -5746176.987831569 -149617759.8427887 0.0 -12589269.013707018 -152989267.20391852 0.0 -21369788.200496547 -159082895.6919612 0.0 -21800951.51056918 -166351906.07342038 0.0 -2958781.0359303067 -162284515.44803292 0.0 140961.61146578795 -143001654.85876596 0.0 -248142.430233429 -142557899.76571018 0.0 -270289.41975468403 -142663882.42506748 0.0 -405222.95753912145 -142819447.56476182 0.0 -786522.6050346299 -143060899.39932272 0.0 -1723334.8534359839 -143491455.2676314 0.0 -4084309.7246451285 -144401054.78642508 0.0 -9253627.422099795 -146443127.8828888 0.0 -16175362.017498204 -150237955.4076096 0.0 -16951921.495004468 -154867356.44655538 0.0 -2244880.582686735 -151482476.56119487 0.0 131512.7539812029 -139385917.08112887 0.0 -179683.1673189398 -138984516.3081056 0.0 -166137.01194592312 -139060613.9238608 0.0 -244017.80512281728 -139166261.35006705 0.0 -517790.1473033722 -139322931.95905942 0.0 -1224781.3568218248 -139594548.594391 0.0 -3053022.0601380896 -140166901.51037246 0.0 -7165293.949128573 -141483115.0667626 0.0 -12857531.182111189 -143999168.98485348 0.0 -13777179.230187219 -147132523.9074086 0.0 -1792025.5232141598 -144239261.71087307 0.0 121682.26618510792 -136205285.6781924 0.0 -129708.67853961377 -135843036.0651764 0.0 -94696.04011221221 -135897188.99105015 0.0 -136669.5263557831 -135968253.70512113 0.0 -340545.35020881874 -136070016.59271643 0.0 -897290.102348084 -136245544.50069845 0.0 -2373866.0673225955 -136623738.02512372 0.0 -5770973.590965867 -137526803.0600148 0.0 -10598033.059906593 -139308347.40916693 0.0 -11561681.508415554 -141571956.525652 0.0 -1485697.7740635485 -139058295.20618355 0.0 111781.12837468687 -133402433.92096165 0.0 -93525.32275466627 -133076381.60786675 0.0 -46540.56362316511 -133114580.40928416 0.0 -65882.5199226787 -133161624.74928096 0.0 -222319.25110050553 -133227087.7068317 0.0 -674344.4290905001 -133342191.12851033 0.0 -1901648.1654725869 -133602816.4314924 0.0 -4779824.202926733 -134258242.14142632 0.0 -8956756.199738001 -135597231.3849893 0.0 -9913638.80584523 -137332419.9529256 0.0 -1263980.0757725984 -135127160.8955296 0.0 102077.39271826152 -130929202.73173638 0.0 -67485.62691453125 -130636461.9258641 0.0 -14806.085947399333 -130663175.9450304 0.0 -20024.989960168925 -130693603.08215855 0.0 -143076.71158799058 -130734851.91722035 0.0 -518108.482515176 -130810876.53198193 0.0 -1557759.1608103355 -130996900.84016006 0.0 -4035956.275753677 -131495131.69711906 0.0 -7695572.773568074 -132551001.59562527 0.0 -8618631.640845085 -133945372.99782398 0.0 -1093456.608953836 -131999297.34275714 0.0 92770.11209517976 -128744446.47688054 0.0 -48825.60163154247 -128482174.86831689 0.0 5477.492264116591 -128500694.46115917 0.0 8871.17750197152 -128519713.17630027 0.0 -89951.291353549 -128544791.4405143 0.0 -405947.89971401804 -128595063.8441411 0.0 -1297704.5140468718 -128731775.73254822 0.0 -3453174.5011848263 -129124343.13090876 0.0 -6683125.371872867 -129986965.66502896 0.0 -7557758.599054397 -131146126.88563062 0.0 -955894.0786550967 -129422578.80869594 0.0 199844.60594653102 -126638889.0503899 0.0 246258.92866791054 -126638215.13626236 0.0 298121.2518461719 -126643588.36709858 0.0 296941.129410729 -126649930.72085354 0.0 195055.29066711923 -126664910.44498128 0.0 -120335.52034199734 -126705797.3793443 0.0 -1005979.9838365912 -126817077.63357484 0.0 -3078810.3481220813 -127107239.7809975 0.0 -5912943.706363899 -127721038.2328173 0.0 -5967633.2832508385 -128576092.4242176 0.0 0.0 -128930726.71407506 0.0 67474.98331731858 -124781646.66743378 0.0 -49651.68044795099 -125000986.46516295 0.0 1556.589456205567 -124995563.17163657 0.0 13552.153070578977 -124992385.89315005 0.0 -51827.21586282554 -125001362.37733804 0.0 -279796.79459017026 -125038952.14797924 0.0 -942218.1811619407 -125136955.43444425 0.0 -2586609.6425555316 -125351123.086204 0.0 -5133436.9757050555 -125756350.0139672 0.0 -5953145.17773738 -126343146.72919549 0.0 -839565.5900650086 -128550135.34525016 0.0 60734.63162983726 -123303100.79297583 0.0 -40248.41596197009 -123497234.33839934 0.0 7612.45982074777 -123490702.31763397 0.0 20766.61840749283 -123485126.45633392 0.0 -34027.18711530586 -123489218.61014841 0.0 -231082.52603097213 -123517213.72896086 0.0 -809623.76218755 -123596445.42057309 0.0 -2258250.758571247 -123775008.82038805 0.0 -4522386.9184438875 -124118903.75467762 0.0 -5274224.474756883 -124622696.06676528 0.0 -741819.2437010262 -126570270.8188779 0.0 54571.69319944979 -121992791.41164319 0.0 -33064.916059905394 -122164756.09064902 0.0 11042.064286544915 -122157752.36370014 0.0 24416.998025437635 -122150882.67835476 0.0 -21992.168627613883 -122151830.27237613 0.0 -193183.9077884306 -122172980.8064193 0.0 -700036.0233066624 -122238011.8050165 0.0 -1978590.4896886142 -122388788.50838505 0.0 -3992883.836209481 -122683873.09051399 0.0 -4679547.347884682 -123120264.61096898 0.0 -657101.1529632799 -124843782.15008245 0.0 48962.3450679907 -120830803.811557 0.0 -27512.682282074307 -120983236.86559835 0.0 12725.57146983394 -120976175.93635876 0.0 25747.202259654794 -120968741.22448169 0.0 -13906.961828970923 -120967721.03816429 0.0 -163218.40200257744 -120983938.5719697 0.0 -608307.6103233444 -121038018.4755 0.0 -1738211.6563683401 -121166629.37399861 0.0 -3530768.4180794843 -121421951.26054011 0.0 -4155582.174941294 -121802306.03493766 0.0 -582963.6322378968 -123330169.96233694 0.0 43873.177123286725 -119799801.52814028 0.0 -23165.61674355965 -119934994.69759177 0.0 13270.944784125753 -119928136.60333149 0.0 25604.62022355696 -119920606.28702186 0.0 -8523.239028672382 -119918408.69833794 0.0 -139155.30690342584 -119931033.16567646 0.0 -530702.1218995496 -119976522.58639021 0.0 -1530106.2276727515 -120087145.14487818 0.0 -3125344.7374594673 -120309527.36130248 0.0 -3692020.143717293 -120642546.31163554 0.0 -517668.54967605975 -121998337.37929937 0.0 39265.72446613114 -118884682.45039773 0.0 -19715.113297253858 -119004628.74784912 0.0 13094.516152893508 -118998127.66890727 0.0 24561.816707463204 -118990793.8091464 0.0 -4981.934362431371 -118987944.30709326 0.0 -119545.4474913826 -118997922.07782795 0.0 -464440.50198739715 -119036568.81108658 0.0 -1348882.8718216273 -119132393.39627203 0.0 -2768200.590646462 -119327158.02502008 0.0 -3280638.952114075 -119619765.06765066 0.0 -459904.04426591133 -120823494.19377555 0.0 35099.52765141236 -118072281.56300867 0.0 -16937.411079052286 -118178715.7505726 0.0 12478.51776795207 -118172654.71907504 0.0 23001.609610891515 -118165689.59256418 0.0 -2692.0018147261976 -118162532.66406204 0.0 -103342.07109636934 -118170537.09086654 0.0 -407412.1219952785 -118203657.80155495 0.0 -1190284.4587313712 -118287176.23738159 0.0 -2452518.4904623553 -118458584.18583736 0.0 -2914659.1717944248 -118716447.84587611 0.0 -408631.0307803741 -119785338.87106901 0.0 31334.12876506972 -117351115.12423491 0.0 -14669.283546338487 -117445549.00738 0.0 11612.309327688072 -117439964.73516202 0.0 21176.584735438235 -117433460.96772633 0.0 -1247.1595314443118 -117430217.90598586 0.0 -89780.08124056834 -117436731.6432436 0.0 -357984.4519986057 -117465334.24686289 0.0 -1050879.9812406653 -117538529.58285974 0.0 -2172651.392717382 -117690061.50059 0.0 -2588360.671186039 -117917919.22418769 0.0 -362996.9273620864 -118866931.57851382 0.0 27930.449705086314 -116711169.24358529 0.0 -12790.486580739425 -116794918.89237767 0.0 10621.159534846745 -116789816.57475184 0.0 19250.177577442235 -116783813.54255955 0.0 -368.79541245102905 -116780621.63579741 0.0 -78293.63432139657 -116785993.03891467 0.0 -314874.05952514644 -116810860.73361918 0.0 -927858.7567583818 -116875336.53933728 0.0 -1923846.351114552 -117009881.2545104 0.0 -2296839.743737727 -117211752.98843761 0.0 -322284.6956925454 -118053953.94677593 0.0 24851.430396203403 -116143699.4364208 0.0 -11214.146555968107 -116217912.87377869 0.0 9584.844026835097 -116213278.87543297 0.0 17324.415246830707 -116207782.14090301 0.0 133.1099395324916 -116204722.29904176 0.0 -68459.30321646591 -116209204.86518425 0.0 -277056.97689797316 -116230955.1109029 0.0 -818887.2650320908 -116288026.43072978 0.0 -1702054.4541962522 -116408013.09551132 0.0 -2035845.257498946 -116587350.0306583 0.0 -285880.913227736 -117334195.01623091 0.0 22062.43938163737 -115641072.61274691 0.0 -9875.364825983848 -115706750.82717058 0.0 8553.210552306356 -115702560.48347536 0.0 15460.395847568914 -115697554.75752234 0.0 387.6544086337092 -115694670.45203096 0.0 -59956.06124885742 -115698450.36640492 0.0 -243704.8896725419 -115717576.84115088 0.0 -722005.9732843045 -115768335.84485652 0.0 -1503793.5883880707 -115875830.15273765 0.0 -1801661.206666886 -116035623.51636341 0.0 -253254.44434499345 -116697176.52757888 0.0 19531.40994903273 -115196627.72894736 0.0 -8725.6532971412 -115254643.19151196 0.0 7555.725616425278 -115250865.85824594 0.0 13691.888391719676 -115246323.53435685 0.0 481.9981567511959 -115243633.63013315 0.0 -52537.14111771684 -115246848.99591286 0.0 -214139.00634756117 -115263751.77172825 0.0 -635552.8973563608 -115309116.15333089 0.0 -1326045.2987619843 -115405892.56252281 0.0 -1591018.058745756 -115548756.47055835 0.0 -223941.28931778387 -116133868.95891416 0.0 17228.827760784123 -114804556.32217844 0.0 -7728.473747618826 -114855668.81755954 0.0 6608.133386131562 -114852271.22113222 0.0 12034.586062537066 -114848158.03364693 0.0 474.4340752533721 -114845665.50489244 0.0 -46010.103488677254 -114848419.85532956 0.0 -187796.15788276328 -114863427.39079131 0.0 -558105.5216404132 -114904176.79154813 0.0 -1166174.7779013095 -114991774.23508134 0.0 -1401023.0526230403 -115120010.73834419 0.0 -197533.23006376828 -115636469.91899246 0.0 15127.620276283358 -114459800.41567892 0.0 -6856.094550902649 -114504670.38675588 0.0 5717.048590343665 -114501618.70550373 0.0 10492.439243718985 -114497897.46090506 0.0 403.4504190186662 -114495595.33892235 0.0 -40222.586410372 -114497967.21391174 0.0 -164203.56368046429 -114511352.5700873 0.0 -488435.9169300002 -114548156.36902043 0.0 -1021867.198421796 -114627922.01526566 0.0 -1229103.7164365442 -114743573.64417721 0.0 -173668.9755692651 -115198227.33645265 0.0 13202.938218439956 -114157962.73750341 0.0 -6087.187458808227 -114197163.77541621 0.0 4883.289631346863 -114194425.81043267 0.0 9062.084279652927 -114191059.1641268 0.0 294.08078709244745 -114188934.67376536 0.0 -35051.99990355473 -114190984.45414792 0.0 -142959.75404156174 -114202977.40355422 0.0 -425475.4052172894 -114236416.31456786 0.0 -891076.0313776785 -114309540.65007292 0.0 -1072960.8598220788 -114414433.59885061 0.0 -152026.9844862522 -114813296.25529023 0.0 11432.034931416669 -113895239.23555838 0.0 -5404.221082724858 -113929266.15260425 0.0 4104.459146819024 -113926810.91804987 0.0 7735.881301518783 -113923762.150463 0.0 162.27131457355435 -113921798.97393908 0.0 -30398.070674705963 -113923573.50790052 0.0 -123719.96378284032 -113934369.56682974 0.0 -368286.32301111845 -113964952.63903853 0.0 -771980.4109758069 -114032498.0221215 0.0 -930528.8655396226 -114128278.2966239 0.0 -132319.5293649604 -114476621.58858833 0.0 9794.001265253715 -113668349.66039424 0.0 -4794.167005687955 -113697627.96080533 0.0 3375.2564170375763 -113695426.6012083 0.0 6503.232745587828 -113692660.65100999 0.0 17.556467294693004 -113690840.68660386 0.0 -26177.5466065342 -113692376.73276904 0.0 -106184.88801086867 -113702144.11844333 0.0 -316039.1432007652 -113730322.36047003 0.0 -662949.4402222828 -113793246.72691794 0.0 -799941.5940180711 -113881410.92814226 0.0 -114287.68567018412 -114183841.39616176 0.0 8269.546796570608 -113474485.67074507 0.0 -4246.289501984917 -113499378.35106076 0.0 2689.1503738860297 -113497404.45454746 0.0 5352.149634472078 -113494888.481991 0.0 -134.75468099117288 -113493193.01362728 0.0 -22320.10068693261 -113494519.77244969 0.0 -90091.73260832748 -113503404.85138328 0.0 -267993.6093700025 -113529582.3665125 0.0 -562511.8335116458 -113588759.19237195 0.0 -679502.7035207641 -113670681.11273243 0.0 -97697.02495104082 -113931206.77588391 0.0 6840.783988951047 -113311266.3748775 0.0 -3751.6931770818073 -113332079.6765378 0.0 2038.9906090066377 -113330309.2019686 0.0 4270.092794017546 -113328012.70389834 0.0 -292.11557600663605 -113326423.03701113 0.0 -18765.254351743486 -113327563.93898053 0.0 -75207.03228770033 -113335695.4949388 0.0 -223482.9724173082 -113360238.69417952 0.0 -469329.81317423104 -113416474.09080471 0.0 -567659.526577401 -113493428.02856553 0.0 -82333.86531844936 -113715515.443315 0.0 5491.017270471717 -113176700.75727963 0.0 -3302.9710759868244 -113193689.03119493 0.0 1417.289544340538 -113192100.196705 0.0 3244.3796920627365 -113189994.9484091 0.0 -453.8253835390014 -113188492.72782604 0.0 -15460.081282787956 -113189466.69902559 0.0 -61320.831405211706 -113196959.33441032 0.0 -181900.6489438167 -113220204.69073634 0.0 -382176.36791551556 -113274252.29025927 0.0 -462979.81620930554 -113347433.79598121 0.0 -68001.9664628198 -113534056.75858703 0.0 4204.540783764339 -113069156.75526229 0.0 -2893.8557572563504 -113082526.44348717 0.0 816.4213636666539 -113081099.58709861 0.0 2262.4169042970493 -113079159.5062827 0.0 -620.4074375381076 -113077726.86644384 0.0 -12357.449242333574 -113078549.254938 0.0 -48241.87819183787 -113085506.12815131 0.0 -142688.75634783934 -113107766.81902859 0.0 -299915.18114426744 -113160340.97554544 0.0 -364130.81004837574 -113230885.60494626 0.0 -54519.581599211735 -113384566.46425955 0.0 2966.443692032916 -112987336.23774675 0.0 -2518.963696025438 -112997249.06423607 0.0 228.72166023808813 -112995966.47448945 0.0 1311.7956901506386 -112994167.41904417 0.0 -793.2052659815822 -112992786.99640498 0.0 -9414.643896732143 -112993470.24655673 0.0 -35793.593227722624 -112999985.35919169 0.0 -105328.0972746793 -113021557.09975818 0.0 -221482.6609355244 -113073344.84820727 0.0 -269860.15255986963 -113142345.40958242 0.0 -41716.79560972654 -113265189.77947839 0.0 1762.422979470144 -112930255.31442295 0.0 -2173.6044913033656 -112936830.76300237 0.0 -353.4869550450787 -112935676.50041996 0.0 380.29052630066883 -112933996.0330488 0.0 -974.1277841677274 -112932650.8940997 0.0 -6592.251785947299 -112933205.04025169 0.0 -23810.567934735824 -112939365.18016416 0.0 -69329.23060576124 -112960531.47185671 0.0 -145871.5912146164 -113012203.59134312 0.0 -178978.27705152254 -113080726.29380284 0.0 -29433.088774939413 -113174451.80265038 0.0 578.6029202713862 -112897229.56643063 0.0 -1853.6333057781071 -112900546.69306421 0.0 -937.9163669099413 -112899506.40752892 0.0 -544.2010281169531 -112897923.5441077 0.0 -1165.4901157269883 -112896597.06207 0.0 -3853.2344423284144 -112897030.09726982 0.0 -12135.468764269557 -112902916.52519578 0.0 -34224.35294194939 -112923953.48792474 0.0 -72116.0131893059 -112976174.97605874 0.0 -90341.90609097404 -113045274.83391179 0.0 -17515.07476035358 -113111234.42294003 0.0 -11.603426275403946 -112886666.52641703 0.0 -2053.4734130378715 -112887563.55040145 0.0 -1689.109224505837 -112886663.81296697 0.0 -1488.3397807363758 -112885183.36749417 0.0 -1629.3389580623457 -112883854.05130108 0.0 -2447.158502680674 -112884095.06992953 0.0 -5001.177430652981 -112889446.86794531 0.0 -11975.675091041525 -112909331.97523192 0.0 -24910.62137943349 -112959619.40041652 0.0 -37941.235264190414 -113029117.23770656 0.0 -10175.145488896382 -113073305.54779898 0.0
    </DataArray>
    <DataArray type="Float32" Name="Hole Current Density [Am^-2]" NumberOfComponents="3" format="ascii">
1e-30 1e-30 0.0 -1e-30 1e-30 0.0 -1e-30 1e-30 0.0 -1e-30 1e-30 0.0 -1e-30 1e-30 0.0 -1e-30 1e-30 0.0 -1e-30 1e-30 0.0 -1e-30 1e-30 0.0 -1e-30 1e-30 0.0 -1e-30 -1e-30 0.0 -1e-30 -1e-30 0.0 1e-30 1e-30 0.0 1e-30 1e-30 0.0 1e-30 1e-30 0.0 1e-30 1e-30 0.0 1e-30 1e-30 0.0 1e-30 1e-30 0.0 1e-30 1e-30 0.0 1e-30 1e-30 0.0 1e-30 1e-30 0.0 1e-30 -1e-30 0.0 -1e-30 -1e-30 0.0 1e-30 1e-30 0.0 1e-30 1e-30 0.0 1e-30 1e-30 0.0 1e-30 1e-30 0.0 1e-30 1e-30 0.0 1e-30 1e-30 0.0 1e-30 1e-30 0.0 1e-30 1e-30 0.0 1e-30 1e-30 0.0 -1e-30 -1e-30 0.0 -1e-30 -1e-30 0.0 1e-30 1e-30 0.0 1e-30 1e-30 0.0 1e-30 1e-30 0.0 1e-30 1e-30 0.0 1e-30 1e-30 0.0 1e-30 1e-30 0.0 1e-30 1e-30 0.0 1e-30 1e-30 0.0 1e-30 1e-30 0.0 -1e-30 -1e-30 0.0 -1e-30 -1e-30 0.0 1e-30 1e-30 0.0 1e-30 1e-30 0.0 1e-30 1e-30 0.0 1e-30 1e-30 0.0 1e-30 1e-30 0.0 1e-30 1e-30 0.0 1e-30 1e-30 0.0 -1e-30 1e-30 0.0 -1e-30 -1e-30 0.0 -1e-30 -1e-30 0.0 -1e-30 -1e-30 0.0 1e-30 1e-30 0.0 1e-30 1e-30 0.0 1e-30 1e-30 0.0 1e-30 1e-30 0.0 -1e-30 1e-30 0.0 -1e-30 1e-30 0.0 -1e-30 1e-30 0.0 -1e-30 1e-30 0.0 -1e-30 -1e-30 0.0 -1e-30 -1e-30 0.0 -1e-30 -1e-30 0.0 -1e-30 1e-30 0.0 -1e-30 1e-30 0.0 -1e-30 1e-30 0.0 -1e-30 1e-30 0.0 -1e-30 1e-30 0.0 -1e-30 1e-30 0.0 -1e-30 1e-30 0.0 -1e-30 1e-30 0.0 -1e-30 -1e-30 0.0 -1e-30 -1e-30 0.0 -1e-30 -1e-30 0.0 -1e-30 1e-30 0.0 -1e-30 1e-30 0.0 -1e-30 1e-30 0.0 -1e-30 1e-30 0.0 -1e-30 1e-30 0.0 -1e-30 1e-30 0.0 -1e-30 1e-30 0.0 -1e-30 1e-30 0.0 -1e-30 1e-30 0.0 -1e-30 -1e-30 0.0 -1e-30 1e-30 0.0 -1e-30 -1e-30 0.0 -1e-30 1e-30 0.0 -1e-30 1e-30 0.0 -1e-30 1e-30 0.0 -1e-30 1e-30 0.0 -1e-30 1e-30 0.0 -1e-30 1e-30 0.0 -1e-30 1e-30 0.0 -1e-30 1e-30 0.0 -1e-30 -1e-30 0.0 -1e-30 1e-30 0.0 -1e-30 -1e-30 0.0 -1e-30 1e-30 0.0 -1e-30 1e-30 0.0 -1e-30 1e-30 0.0 -1e-30 1e-30 0.0 -1e-30 1e-30 0.0 -1e-30 1e-30 0.0 -1e-30 1e-30 0.0 -1e-30 1e-30 0.0 -1e-30 1e-30 0.0 -1e-30 1e-30 0.0 -1e-30 -1e-30 0.0 -1e-30 1e-30 0.0 -1e-30 1e-30 0.0 -1e-30 1e-30 0.0 -1e-30 1e-30 0.0 -1e-30 1e-30 0.0 -1e-30 1e-30 0.0 -1e-30 1e-30 0.0 -1e-30 1e-30 0.0 -1e-30 1e-30 0.0 -1e-30 1e-30 0.0 -1e-30 -1e-30 0.0 -1e-30 1e-30 0.0 -1e-30 1e-30 0.0 -1e-30 1e-30 0.0 -1e-30 1e-30 0.0 -1e-30 1e-30 0.0 -1e-30 1e-30 0.0 -1e-30 1e-30 0.0 -1e-30 1e-30 0.0 -1e-30 1e-30 0.0 -1e-30 1e-30 0.0 -1e-30 -1e-30 0.0 -1e-30 1e-30 0.0 -1e-30 1e-30 0.0 -1e-30 1e-30 0.0 -1e-30 1e-30 0.0 -1e-30 1e-30 0.0 -1e-30 1e-30 0.0 -1e-30 1e-30 0.0 -1e-30 1e-30 0.0 -1e-30 1e-30 0.0 -1e-30 1e-30 0.0 -1e-30 -1e-30 0.0 -1e-30 1e-30 0.0 -1e-30 1e-30 0.0 -1e-30 1e-30 0.0 -1e-30 1e-30 0.0 -1e-30 1e-30 0.0 -1e-30 1e-30 0.0 -1e-30 1e-30 0.0 -1e-30 1e-30 0.0 -1e-30 1e-30 0.0 -1e-30 1e-30 0.0 -1e-30 -1e-30 0.0 -1e-30 1e-30 0.0 -1e-30 1e-30 0.0 -1e-30 1e-30 0.0 -1e-30 1e-30 0.0 -1e-30 1e-30 0.0 -1e-30 1e-30 0.0 -1e-30 1e-30 0.0 -1e-30 1e-30 0.0 -1e-30 1e-30 0.0 -1e-30 1e-30 0.0 -1e-30 -1e-30 0.0 -1e-30 1e-30 0.0 -1e-30 1e-30 0.0 -1e-30 1e-30 0.0 -1e-30 1e-30 0.0 -1e-30 1e-30 0.0 -1e-30 1e-30 0.0 -1e-30 1e-30 0.0 -1e-30 1e-30 0.0 -1e-30 1e-30 0.0 -1e-30 1e-30 0.0 -1e-30 -1e-30 0.0 -1e-30 1e-30 0.0 -1e-30 1e-30 0.0 -1e-30 1e-30 0.0 -1e-30 1e-30 0.0 -1e-30 1e-30 0.0 -1e-30 1e-30 0.0 -1e-30 1e-30 0.0 -1e-30 1e-30 0.0 -1e-30 1e-30 0.0 -1e-30 1e-30 0.0 -1e-30 -1e-30 0.0 -1e-30 -1e-30 0.0 -1e-30 -1e-30 0.0 -1e-30 -1e-30 0.0 -1e-30 1e-30 0.0 -1e-30 1e-30 0.0 -1e-30 1e-30 0.0 -1e-30 1e-30 0.0 -1e-30 1e-30 0.0 -1e-30 1e-30 0.0 -1e-30 1e-30 0.0 -1e-30 -1e-30 0.0 -1e-30 -1e-30 0.0 -1e-30 -1e-30 0.0 -1e-30 -1e-30 0.0 -1e-30 -1e-30 0.0 -1e-30 -1e-30 0.0 -1e-30 1e-30 0.0 -1e-30 1e-30 0.0 -1e-30 1e-30 0.0 -1e-30 1e-30 0.0 -1e-30 1e-30 0.0 1e-30 -1e-30 0.0 1e-30 -1e-30 0.0 -1e-30 -1e-30 0.0 -1e-30 -1e-30 0.0 -1e-30 -1e-30 0.0 -1e-30 -1e-30 0.0 -1e-30 -1e-30 0.0 -1e-30 -1e-30 0.0 -1e-30 -1e-30 0.0 -1e-30 -1e-30 0.0 -1e-30 1e-30 0.0 1e-30 -1e-30 0.0 1e-30 -1e-30 0.0 1e-30 -1e-30 0.0 -1e-30 -1e-30 0.0 -1e-30 -1e-30 0.0 -1e-30 -1e-30 0.0 -1e-30 -1e-30 0.0 -1e-30 -1e-30 0.0 -1e-30 -1e-30 0.0 -1e-30 -1e-30 0.0 -1e-30 1e-30 0.0 1e-30 -1e-30 0.0 1e-30 -1e-30 0.0 1e-30 -1e-30 0.0 1e-30 -1e-30 0.0 1e-30 -1e-30 0.0 1e-30 -1e-30 0.0 -1e-30 -1e-30 0.0 -1e-30 -1e-30 0.0 -1e-30 -1e-30 0.0 -1e-30 -1e-30 0.0 1e-30 1e-30 0.0 1e-30 -1e-30 0.0 1e-30 -1e-30 0.0 1e-30 -1e-30 0.0 1e-30 -1e-30 0.0 1e-30 -1e-30 0.0 1e-30 -1e-30 0.0 1e-30 -1e-30 0.0 1e-30 -1e-30 0.0 1e-30 -1e-30 0.0 1e-30 -1e-30 0.0 1e-30 1e-30 0.0 1e-30 -1e-30 0.0 1e-30 -1e-30 0.0 1e-30 -1e-30 0.0 1e-30 -1e-30 0.0 1e-30 -1e-30 0.0 1e-30 -1e-30 0.0 1e-30 -1e-30 0.0 1e-30 -1e-30 0.0 1e-30 -1e-30 0.0 1e-30 -1e-30 0.0 1e-30 1e-30 0.0 1e-30 -1e-30 0.0 1e-30 -1e-30 0.0 1e-30 -1e-30 0.0 1e-30 -1e-30 0.0 1e-30 -1e-30 0.0 1e-30 -1e-30 0.0 1e-30 -1e-30 0.0 1e-30 -1e-30 0.0 1e-30 -1e-30 0.0 1e-30 -1e-30 0.0 1e-30 1e-30 0.0 1e-30 -1e-30 0.0 1e-30 -1e-30 0.0 1e-30 -1e-30 0.0 1e-30 -1e-30 0.0 1e-30 -1e-30 0.0 1e-30 -1e-30 0.0 1e-30 -1e-30 0.0 1e-30 -1e-30 0.0 1e-30 -1e-30 0.0 1e-30 1e-30 0.0 0.0 1e-30 0.0 1e-30 -1e-30 0.0 1e-30 -1e-30 0.0 1e-30 -1e-30 0.0 1e-30 -1e-30 0.0 1e-30 -1e-30 0.0 1e-30 -1e-30 0.0 1e-30 -1e-30 0.0 1e-30 -1e-30 0.0 1e-30 -1e-30 0.0 1e-30 -1e-30 0.0 1e-30 1e-30 0.0 1e-30 -1e-30 0.0 1e-30 -1e-30 0.0 1e-30 -1e-30 0.0 1e-30 -1e-30 0.0 1e-30 -1e-30 0.0 1e-30 -1e-30 0.0 1e-30 -1e-30 0.0 1e-30 -1e-30 0.0 1e-30 -1e-30 0.0 1e-30 -1e-30 0.0 1e-30 1e-30 0.0 1e-30 -1e-30 0.0 1e-30 -1e-30 0.0 1e-30 -1e-30 0.0 1e-30 -1e-30 0.0 1e-30 -1e-30 0.0 1e-30 -1e-30 0.0 1e-30 -1e-30 0.0 1e-30 -1e-30 0.0 1e-30 -1e-30 0.0 1e-30 -1e-30 0.0 1e-30 1e-30 0.0 1e-30 -1e-30 0.0 1e-30 -1e-30 0.0 1e-30 -1e-30 0.0 1e-30 -1e-30 0.0 1e-30 -1e-30 0.0 1e-30 -1e-30 0.0 1e-30 -1e-30 0.0 1e-30 -1e-30 0.0 1e-30 -1e-30 0.0 1e-30 -1e-30 0.0 1e-30 1e-30 0.0 1e-30 -1e-30 0.0 1e-30 -1e-30 0.0 1e-30 -1e-30 0.0 1e-30 -1e-30 0.0 1e-30 -1e-30 0.0 1e-30 -1e-30 0.0 1e-30 -1e-30 0.0 1e-30 -1e-30 0.0 1e-30 -1e-30 0.0 1e-30 -1e-30 0.0 1e-30 1e-30 0.0 1e-30 -1e-30 0.0 1e-30 -1e-30 0.0 1e-30 -1e-30 0.0 1e-30 -1e-30 0.0 1e-30 -1e-30 0.0 1e-30 -1e-30 0.0 1e-30 -1e-30 0.0 1e-30 -1e-30 0.0 1e-30 -1e-30 0.0 1e-30 -1e-30 0.0 1e-30 1e-30 0.0 1e-30 -1e-30 0.0 1e-30 -1e-30 0.0 1e-30 -1e-30 0.0 1e-30 -1e-30 0.0 1e-30 -1e-30 0.0 1e-30 -1e-30 0.0 1e-30 -1e-30 0.0 1e-30 -1e-30 0.0 1e-30 -1e-30 0.0 1e-30 -1e-30 0.0 1e-30 1e-30 0.0 1e-30 -1e-30 0.0 1e-30 -1e-30 0.0 1e-30 -1e-30 0.0 1e-30 -1e-30 0.0 1e-30 -1e-30 0.0 1e-30 -1e-30 0.0 1e-30 -1e-30 0.0 1e-30 -1e-30 0.0 1e-30 -1e-30 0.0 1e-30 -1e-30 0.0 1e-30 1e-30 0.0 1e-30 -1e-30 0.0 1e-30 -1e-30 0.0 1e-30 -1e-30 0.0 1e-30 -1e-30 0.0 1e-30 -1e-30 0.0 1e-30 -1e-30 0.0 1e-30 -1e-30 0.0 1e-30 -1e-30 0.0 1e-30 -1e-30 0.0 1e-30 -1e-30 0.0 1e-30 1e-30 0.0 1e-30 -1e-30 0.0 1e-30 -1e-30 0.0 1e-30 -1e-30 0.0 1e-30 -1e-30 0.0 1e-30 -1e-30 0.0 1e-30 -1e-30 0.0 1e-30 -1e-30 0.0 1e-30 -1e-30 0.0 1e-30 -1e-30 0.0 1e-30 -1e-30 0.0 1e-30 1e-30 0.0 1e-30 -1e-30 0.0 1e-30 -1e-30 0.0 1e-30 -1e-30 0.0 1e-30 -1e-30 0.0 1e-30 -1e-30 0.0 1e-30 -1e-30 0.0 1e-30 -1e-30 0.0 1e-30 -1e-30 0.0 1e-30 -1e-30 0.0 1e-30 -1e-30 0.0 1e-30 1e-30 0.0 1e-30 -1e-30 0.0 1e-30 -1e-30 0.0 1e-30 -1e-30 0.0 1e-30 -1e-30 0.0 1e-30 -1e-30 0.0 1e-30 -1e-30 0.0 1e-30 -1e-30 0.0 1e-30 -1e-30 0.0 1e-30 -1e-30 0.0 1e-30 -1e-30 0.0 1e-30 1e-30 0.0 1e-30 -1e-30 0.0 1e-30 -1e-30 0.0 1e-30 -1e-30 0.0 1e-30 -1e-30 0.0 1e-30 -1e-30 0.0 1e-30 -1e-30 0.0 1e-30 -1e-30 0.0 1e-30 -1e-30 0.0 1e-30 -1e-30 0.0 1e-30 -1e-30 0.0 1e-30 1e-30 0.0 1e-30 -1e-30 0.0 1e-30 -1e-30 0.0 1e-30 -1e-30 0.0 1e-30 -1e-30 0.0 1e-30 -1e-30 0.0 1e-30 -1e-30 0.0 1e-30 -1e-30 0.0 1e-30 -1e-30 0.0 1e-30 -1e-30 0.0 1e-30 -1e-30 0.0 1e-30 1e-30 0.0 1e-30 -1e-30 0.0 1e-30 -1e-30 0.0 1e-30 -1e-30 0.0 1e-30 -1e-30 0.0 1e-30 -1e-30 0.0 1e-30 -1e-30 0.0 1e-30 -1e-30 0.0 1e-30 -1e-30 0.0 1e-30 -1e-30 0.0 1e-30 -1e-30 0.0 1e-30 1e-30 0.0 1e-30 -1e-30 0.0 1e-30 -1e-30 0.0 1e-30 -1e-30 0.0 1e-30 -1e-30 0.0 1e-30 -1e-30 0.0 1e-30 -1e-30 0.0 1e-30 -1e-30 0.0 1e-30 -1e-30 0.0 1e-30 -1e-30 0.0 1e-30 -1e-30 0.0 1e-30 1e-30 0.0 1e-30 -1e-30 0.0 1e-30 -1e-30 0.0 1e-30 -1e-30 0.0 1e-30 -1e-30 0.0 1e-30 -1e-30 0.0 1e-30 -1e-30 0.0 1e-30 -1e-30 0.0 1e-30 -1e-30 0.0 1e-30 -1e-30 0.0 1e-30 -1e-30 0.0 1e-30 1e-30 0.0 1e-30 -1e-30 0.0 1e-30 -1e-30 0.0 1e-30 -1e-30 0.0 1e-30 -1e-30 0.0 1e-30 -1e-30 0.0 1e-30 -1e-30 0.0 1e-30 -1e-30 0.0 1e-30 -1e-30 0.0 1e-30 -1e-30 0.0 1e-30 -1e-30 0.0 1e-30 1e-30 0.0 1e-30 -1e-30 0.0 1e-30 -1e-30 0.0 1e-30 -1e-30 0.0 1e-30 -1e-30 0.0 1e-30 -1e-30 0.0 1e-30 -1e-30 0.0 1e-30 -1e-30 0.0 1e-30 -1e-30 0.0 1e-30 -1e-30 0.0 1e-30 -1e-30 0.0 1e-30 1e-30 0.0 1e-30 -1e-30 0.0 1e-30 -1e-30 0.0 1e-30 -1e-30 0.0 1e-30 -1e-30 0.0 1e-30 -1e-30 0.0 1e-30 -1e-30 0.0 1e-30 -1e-30 0.0 1e-30 -1e-30 0.0 1e-30 -1e-30 0.0 1e-30 -1e-30 0.0 1e-30 1e-30 0.0 1e-30 -1e-30 0.0 1e-30 -1e-30 0.0 1e-30 -1e-30 0.0 1e-30 -1e-30 0.0 1e-30 -1e-30 0.0 1e-30 -1e-30 0.0 1e-30 -1e-30 0.0 1e-30 -1e-30 0.0 1e-30 -1e-30 0.0 1e-30 -1e-30 0.0 1e-30 1e-30 0.0 1e-30 -1e-30 0.0 1e-30 -1e-30 0.0 1e-30 -1e-30 0.0 1e-30 -1e-30 0.0 1e-30 -1e-30 0.0 1e-30 -1e-30 0.0 1e-30 -1e-30 0.0 1e-30 -1e-30 0.0 1e-30 -1e-30 0.0 1e-30 -1e-30 0.0 1e-30 1e-30 0.0 1e-30 -1e-30 0.0 1e-30 -1e-30 0.0 1e-30 -1e-30 0.0 1e-30 -1e-30 0.0 1e-30 -1e-30 0.0 1e-30 -1e-30 0.0 1e-30 -1e-30 0.0 1e-30 -1e-30 0.0 1e-30 -1e-30 0.0 1e-30 -1e-30 0.0 1e-30 1e-30 0.0 1e-30 -1e-30 0.0 1e-30 -1e-30 0.0 1e-30 -1e-30 0.0 1e-30 -1e-30 0.0 1e-30 -1e-30 0.0 1e-30 -1e-30 0.0 1e-30 -1e-30 0.0 1e-30 -1e-30 0.0 1e-30 -1e-30 0.0 1e-30 -1e-30 0.0 1e-30 1e-30 0.0 1e-30 -1e-30 0.0 1e-30 -1e-30 0.0 1e-30 -1e-30 0.0 1e-30 -1e-30 0.0 1e-30 -1e-30 0.0 1e-30 -1e-30 0.0 1e-30 -1e-30 0.0 1e-30 -1e-30 0.0 -1e-30 -1e-30 0.0 -1e-30 -1e-30 0.0 1e-30 1e-30 0.0
    </DataArray>
    <DataArray type="Float32" Name="Ion diffusion flux Density [Am^-2]" NumberOfComponents="3" format="ascii">
-6.415537702737969e+20 2.2102291644542464e+21 0.0 -2.310651972911337e+21 -3.168574157625076e+20 0.0 -3.814537990233224e+21 -1.421781594495229e+21 0.0 -4.936883203424981e+21 -1.7824574269441707e+21 0.0 -6.039932837602542e+21 -2.3453098209785542e+21 0.0 -7.507419544964774e+21 -3.598403669294158e+21 0.0 -9.908808879278345e+21 -6.593701203769344e+21 0.0 -1.4745537488834078e+22 -1.4879612263330252e+22 0.0 -2.284867666939203e+22 -3.2210552191129987e+22 0.0 -1.8756560109484116e+22 -3.310677487785679e+22 0.0 -1.3032234358852488e+22 -3.909670307656132e+22 0.0 -1.372308284493909e+19 1.0754620282429014e+21 0.0 -1.0662511534044453e+21 -6.637385381873888e+18 0.0 -1.9500805960943933e+21 -5.4739656908433195e+20 0.0 -2.905913520183491e+21 -9.74913473752396e+20 0.0 -3.9210077028128643e+21 -1.5852842041773675e+21 0.0 -5.220400109344301e+21 -2.7638069642849666e+21 0.0 -7.218670757929635e+21 -5.313763314442018e+21 0.0 -1.0939510863780039e+22 -1.1714668053507464e+22 0.0 -1.6085805273716212e+22 -2.2996510286136027e+22 0.0 -1.1942787059329008e+22 -2.1317388612216428e+22 0.0 -4.832602646375979e+21 -2.4163013231880922e+22 0.0 -5.5427321090773254e+19 3.489732520684541e+20 0.0 -6.52622027625515e+20 6.220038337783854e+19 0.0 -1.3845885499755355e+21 -1.2778991796150208e+20 0.0 -2.505080188390554e+21 -5.07807353081132e+20 0.0 -3.8115628156998276e+21 -1.0175990281542787e+21 0.0 -5.398074149791475e+21 -2.018434047767848e+21 0.0 -7.579489594253076e+21 -4.050393849672088e+21 0.0 -1.072830456553604e+22 -8.133978887109186e+21 0.0 -1.2783965224755257e+22 -1.2295445425415032e+22 0.0 -6.997560272787487e+21 -8.451275792132691e+21 0.0 -1.2079297646877514e+21 -6.039648823438705e+21 0.0 -1.92765889077581e+19 4.835841036041457e+19 0.0 -1.7404028688927225e+20 4.173568603583749e+19 0.0 -5.358996957027527e+20 -4.323777494881559e+19 0.0 -1.1406504937509383e+21 -2.299248301342955e+20 0.0 -2.029649757449733e+21 -4.7214674852873005e+20 0.0 -3.186510624042005e+21 -1.038902861958435e+21 0.0 -4.5885756750464266e+21 -2.146402650990327e+21 0.0 -5.835311085016859e+21 -3.5796933194560685e+21 0.0 -5.226033762522865e+21 -3.6527757842376085e+21 0.0 -1.8464094438556579e+21 -1.3441801847335787e+21 0.0 7.213355234640552e+19 3.606677617321073e+20 0.0 -6.523545009472864e+18 -2.8305749750908114e+18 0.0 -2.781312556732006e+19 1.34526146057225e+19 0.0 -1.3347871063773431e+20 -7.70736417338564e+17 0.0 -2.9055514347469603e+20 -8.045011211801631e+19 0.0 -6.063804099681815e+20 -2.1652200431537534e+20 0.0 -1.0619955486614398e+21 -3.965437333631103e+20 0.0 -1.495963807957841e+21 -6.112190400144862e+20 0.0 -1.5549683199803423e+21 -6.67189910297904e+20 0.0 -9.041541769105948e+20 -3.425703167568539e+20 0.0 -1.2675862512826109e+20 1.0051104570525765e+20 0.0 9.862620240705846e+19 4.931310120353471e+20 0.0 -3.782189930365357e+18 -5.149472182677333e+18 0.0 -5.053815468540835e+18 5.10607735771987e+18 0.0 -2.406274290787263e+19 1.0728486662369864e+19 0.0 -5.413355605209353e+19 -3.7762095967195684e+18 0.0 -8.169051693841821e+19 -3.4218348063958827e+19 0.0 -1.2440460394942326e+20 -6.913593653624434e+19 0.0 -1.5704241322705063e+20 -8.231298288335125e+19 0.0 -1.3076132849865479e+20 -4.938070194234436e+19 0.0 -6.011558133243424e+19 2.65725507394994e+19 0.0 5.885801607308965e+18 1.1920310993082617e+20 0.0 6.634648653887895e+19 3.3173243269441225e+20 0.0 -2.410260536248955e+18 -3.638417022182802e+18 0.0 -2.0801541563416061e+18 1.8603034790292252e+18 0.0 -6.811555695235157e+18 6.645325671583895e+18 0.0 -1.6100534986956415e+19 5.731057396709565e+18 0.0 -2.1205375554296435e+19 -2.8551888439981936e+16 0.0 -1.6517476007929154e+19 -6.429613215722834e+18 0.0 -4.3863075178074435e+18 -6.649603194802988e+18 0.0 9.92596501241876e+18 4.1758244412059955e+18 0.0 2.1168019836232143e+19 2.7730925193094808e+19 0.0 2.7875525681413587e+19 6.417303537481131e+19 0.0 3.2350068069328835e+19 1.6175034034665062e+20 0.0 -1.4273272985119473e+18 -2.0672022534761859e+18 0.0 -1.004192593005859e+18 7.413130679211707e+17 0.0 -2.5948326917691274e+18 3.485007759560248e+18 0.0 -6.11619061532003e+18 4.754035803227555e+18 0.0 -8.988542607175213e+18 4.631050765464265e+18 0.0 -7.902264823932604e+18 3.6768066327590164e+18 0.0 -2.0223513621145057e+18 3.957878809418155e+18 0.0 6.328057778704432e+18 7.639384271775325e+18 0.0 1.3510415991767486e+19 1.596721217294735e+19 0.0 1.6902287079030292e+19 3.0409681913764995e+19 0.0 1.440879397625193e+19 7.204396988126453e+19 0.0 -7.239708377396388e+17 -1.0500611270130949e+18 0.0 -4.096908557434808e+17 3.752058034784515e+17 0.0 -8.694385095657338e+17 1.9306544209938836e+18 0.0 -2.0608132034151283e+18 3.236436543623926e+18 0.0 -3.2456987039310326e+18 4.339330744379628e+18 0.0 -3.23319476063951e+18 4.987691052954494e+18 0.0 -1.269089332668306e+18 5.547552080376516e+18 0.0 2.1673648748011139e+18 6.80880995426928e+18 0.0 5.608843361302618e+18 9.562782108455825e+18 0.0 7.784556129809292e+18 1.503790411028263e+19 0.0 6.794323456387698e+18 3.397161728194064e+19 0.0 -3.218822120999258e+17 -5.309014605250696e+17 0.0 -1.1907272500508298e+17 2.4149989685310525e+17 0.0 -1.5570779109026534e+17 1.182889928204728e+18 0.0 -4.338987871290293e+17 2.1725547560528077e+18 0.0 -7.361135493623309e+17 3.2687105251844485e+18 0.0 -7.074973908286209e+17 4.1720527060961756e+18 0.0 -2.5633043630120612e+16 4.776584076918853e+18 0.0 1.242840631113111e+18 5.281877932278219e+18 0.0 2.6274890228694067e+18 6.134694048279875e+18 0.0 3.673879663991485e+18 8.172953839266073e+18 0.0 3.544477269967978e+18 1.7722386349841582e+19 0.0 -1.4149202308444134e+17 -3.014135712070242e+17 0.0 -1.479056659418562e+16 1.6842724846612458e+17 0.0 6.437899922507785e+16 7.7857397220807e+17 0.0 7.168019224581871e+16 1.4711275888771965e+18 0.0 8.38585319104723e+16 2.3076081187520323e+18 0.0 1.8846774324539818e+17 3.067710901644967e+18 0.0 4.8457866871879936e+17 3.572388485402619e+18 0.0 9.64395383201187e+17 3.8252678531416883e+18 0.0 1.4913206588452864e+18 4.0639300492368026e+18 0.0 1.942470279940889e+18 4.83153764389286e+18 0.0 2.0249465230180385e+18 1.0124732615091618e+19 0.0 -7.230467476305013e+16 -1.9947929672224886e+17 0.0 1.0992160315586172e+16 1.183921725155745e+17 0.0 9.992865223069315e+16 5.3495681026708666e+17 0.0 1.676497269664524e+17 1.0124590542245111e+18 0.0 2.5255036866798992e+17 1.6090544325910208e+18 0.0 3.678991001443136e+17 2.1756974243548467e+18 0.0 5.322429022687408e+17 2.558674057948017e+18 0.0 7.375455964398184e+17 2.710397719707827e+18 0.0 9.447387749264824e+17 2.7574183323568456e+18 0.0 1.140816073644416e+18 3.0501677705042365e+18 0.0 1.2448922482471764e+18 6.22446124123689e+18 0.0 -4.522039288282498e+16 -1.463255827064079e+17 0.0 1.3878383958189406e+16 8.43432864134482e+16 0.0 8.859297839412958e+16 3.808080484220099e+17 0.0 1.5639478542053558e+17 7.152765370902888e+17 0.0 2.4263123306799808e+17 1.1389814044785341e+18 0.0 3.4194326302609466e+17 1.5507945002018714e+18 0.0 4.4836132220453306e+17 1.8338681132853332e+18 0.0 5.5075919386193766e+17 1.9349082427386734e+18 0.0 6.378904663642011e+17 1.9238819533895104e+18 0.0 7.266259118377536e+17 2.0313271228194847e+18 0.0 8.124697313714106e+17 4.062348656857647e+18 0.0 -3.222239573334555e+16 -1.1307037457210837e+17 0.0 1.2170341737649998e+16 6.172608870804224e+16 0.0 7.167139949862272e+16 2.8039295296281974e+17 0.0 1.2835494232666366e+17 5.212405243454404e+17 0.0 2.0110380648050755e+17 8.27771389028136e+17 0.0 2.8075960602166614e+17 1.1293319262288978e+18 0.0 3.552657832135635e+17 1.339037987852837e+18 0.0 4.1321000850890246e+17 1.410109071191402e+18 0.0 4.5167042297971014e+17 1.383356580458097e+18 0.0 4.9269092517563686e+17 1.4152429019737318e+18 0.0 5.5729930766695315e+17 2.786496538335131e+18 0.0 -2.4460962729069108e+16 -8.995200490453234e+16 0.0 1.0111120597663978e+16 4.6592796676506216e+16 0.0 5.7488186061540376e+16 2.130120051265226e+17 0.0 1.0320593168972971e+17 3.9168630606391405e+17 0.0 1.6202508764704483e+17 6.190919958478639e+17 0.0 2.248989809115587e+17 8.441449591807468e+17 0.0 2.7943575369581338e+17 1.0017437915874785e+18 0.0 3.1537658071722854e+17 1.0535192091091808e+18 0.0 3.3244463512370234e+17 1.024661266918917e+18 0.0 3.509930424695715e+17 1.0251156486186065e+18 0.0 3.9880181418373696e+17 1.9940090709190364e+18 0.0 -1.9224336743766444e+16 -7.310483104095656e+16 0.0 8396306709391908.0 3.621741518748361e+16 0.0 4.661898340018042e+16 1.6642824534742534e+17 0.0 8.346235498526144e+16 3.027999110353078e+17 0.0 1.3078740564166854e+17 4.759591507201391e+17 0.0 1.806105804379484e+17 6.477461198715144e+17 0.0 2.218366441731806e+17 7.685111100275974e+17 0.0 2.4571727765871597e+17 8.073306270642287e+17 0.0 2.528125101835162e+17 7.806085256133394e+17 0.0 2.6035349645382576e+17 7.682638159040419e+17 0.0 2.960258966601232e+17 1.4801294833009792e+18 0.0 -1.5488204738263452e+16 -6.052279174067285e+16 0.0 7049483076213564.0 2.890501441373844e+16 0.0 3.839443213849757e+16 1.3332707971305438e+17 0.0 6.839047288822762e+16 2.4017543873588854e+17 0.0 1.0677902768009541e+17 3.7537864967241114e+17 0.0 1.4674259814267523e+17 5.095760960407758e+17 0.0 1.7876633815954285e+17 6.041022181247378e+17 0.0 1.9551942973390957e+17 6.339841180799579e+17 0.0 1.977813581728941e+17 6.104281878804806e+17 0.0 1.9978756020520704e+17 5.933948449548745e+17 0.0 2.2689993863693485e+17 1.1344996931849162e+18 0.0 -1.2739462913856938e+16 -5.0960280462977656e+16 0.0 5999927260143978.0 2.3617178930753816e+16 0.0 3.213850953787539e+16 1.0922657928840286e+17 0.0 5.6906569420141656e+16 1.949700791186326e+17 0.0 8.846099646597416e+16 3.030463798169723e+17 0.0 1.2101756069864483e+17 4.102578539845756e+17 0.0 1.465073535672477e+17 4.858405445231603e+17 0.0 1.587934686706045e+17 5.0941622258258656e+17 0.0 1.586608022561894e+17 4.889676556669297e+17 0.0 1.578527851315634e+17 4.708089184244713e+17 0.0 1.7891427900042013e+17 8.945713950022632e+17 0.0 -1.067221746714474e+16 -4.358321608015371e+16 0.0 5178491826357841.0 1.9704940972923344e+16 0.0 2.7331353566881076e+16 9.129754061994112e+16 0.0 4.809766804120755e+16 1.6161803918653606e+17 0.0 7.442816890676923e+16 2.4990479023408304e+17 0.0 1.0139440741300955e+17 3.3738807581226355e+17 0.0 1.221394183118353e+17 3.990770434318889e+17 0.0 1.314902052789086e+17 4.1810971907491546e+17 0.0 1.3016795124454238e+17 4.003828917632229e+17 0.0 1.2794132454827357e+17 3.826296744138248e+17 0.0 1.446710579569822e+17 7.233552897850388e+17 0.0 -9089199133193580.0 -3.781470771310734e+16 0.0 4530289945743939.0 1.6751324540184346e+16 0.0 2.3594140767739496e+16 7.770235273500618e+16 0.0 4.127284064046262e+16 1.3652369452392582e+17 0.0 6.358412842723647e+16 2.1009238520996835e+17 0.0 8.62913626108694e+16 2.8289313029276906e+17 0.0 1.0352097221971115e+17 3.3422359162451315e+17 0.0 1.1086616308803477e+17 3.4991887108880166e+17 0.0 1.0896868438377363e+17 3.34475238525686e+17 0.0 1.0605561056198942e+17 3.177313313326401e+17 0.0 1.1963278314348331e+17 5.981639157174876e+17 0.0 -7857943245299398.0 -3.3247823756664628e+16 0.0 4013849089530532.0 1.4481099966033772e+16 0.0 2.065401415124885e+16 6.72163735474659e+16 0.0 3.5925948609235404e+16 1.1730675202880312e+17 0.0 5.51151186703295e+16 1.7973202414246662e+17 0.0 7.454030259325062e+16 2.4141782134124186e+17 0.0 8.911736964605464e+16 2.8490017867901334e+17 0.0 9.504672408472867e+16 2.980984498552208e+17 0.0 9.289405381848565e+16 2.845377502649945e+17 0.0 8.968347529727005e+16 2.6898287115975446e+17 0.0 1.0092675479126949e+17 5.0463377395649446e+17 0.0 -6887021838043758.0 -2.959093195481401e+16 0.0 3598290466455476.0 1.2708106024339554e+16 0.0 1.83141744850813e+16 5.900446721318791e+16 0.0 3.1689411678921736e+16 1.0235570376899563e+17 0.0 4.8427109313488056e+16 1.5620480227745718e+17 0.0 6.529241604979683e+16 2.093416480917893e+17 0.0 7.783440272135187e+16 2.4678618055366982e+17 0.0 8.273620934692269e+16 2.5808423258589994e+17 0.0 8.04966417868729e+16 2.4606807232176982e+17 0.0 7.719598823029286e+16 2.3169244474003987e+17 0.0 8.66820841645174e+16 4.334104208227426e+17 0.0 -6111929427440305.0 -2.663203189412488e+16 0.0 3260668616187356.0 1.1303626289325208e+16 0.0 1.6431707898277136e+16 5.248519356520329e+16 0.0 2.829584397642438e+16 9.055683611328808e+16 0.0 4.308749962819399e+16 1.377064132309565e+17 0.0 5.793225771234316e+16 1.8417091563570733e+17 0.0 6.8889043808292e+16 2.1690349807167946e+17 0.0 7.302718974498864e+16 2.267327310396004e+17 0.0 7.0788715478846344e+16 2.1598420776435875e+17 0.0 6.7507241776818104e+16 2.0269891426926464e+17 0.0 7.564883962728022e+16 3.782441981365107e+17 0.0 -5486297189430270.0 -2.4214958897220656e+16 0.0 2983862397249525.0 1.0176875195064284e+16 0.0 1.49018485867914e+16 4.724605473863468e+16 0.0 2.5549454889924316e+16 8.1125759610051e+16 0.0 3.877983574199412e+16 1.2297055903502917e+17 0.0 5.2011496578233304e+16 1.6415718556699226e+17 0.0 6.1716408301057896e+16 1.9316378737637536e+17 0.0 6.527522080543911e+16 2.0184135124573677e+17 0.0 6.30824191707422e+16 1.921367586183133e+17 0.0 5.987527773594966e+16 1.798259069841172e+17 0.0 6.697274307717565e+16 3.3486371538598035e+17 0.0 -4976244316124342.0 -2.2223240311006976e+16 0.0 2755002295115857.5 9262650644109884.0 0.0 1.3646974351041044e+16 4.298933449450036e+16 0.0 2.3305570522706504e+16 7.350030812839778e+16 0.0 3.5270781562440964e+16 1.1109304590275584e+17 0.0 4.720086347055285e+16 1.4805370828324157e+17 0.0 5.590476529232906e+16 1.7407830318458086e+17 0.0 5.90161296797824e+16 1.8184109602241706e+17 0.0 5.688982630225629e+16 1.7300036723563254e+17 0.0 5.378222604010564e+16 1.6154522139172227e+17 0.0 6.0057635888928936e+16 3.002881794446686e+17 0.0 -369045467742750.44 -1.4287574243380254e+16 0.0 -273453344144033.25 7658566602139941.0 0.0 -556646699863968.94 3.529376217588667e+16 0.0 -967489646270977.9 6.011897157968475e+16 0.0 -1419298144093877.2 9.062222053371411e+16 0.0 -1729616184512908.0 1.2053853948854931e+17 0.0 -1705745390666456.0 1.415188263127453e+17 0.0 -1287991584729488.0 1.4762636250746973e+17 0.0 -632693508255809.4 1.4018838500810203e+17 0.0 -61916937351618.96 1.3047765215908267e+17 0.0 0.0 3.813565383256564e+17 0.0 3412313259356563.0 -1.8919675455221684e+16 0.0 -2914785939377186.5 8063793803193843.0 0.0 -1.2774806061119132e+16 3.694957661157694e+16 0.0 -2.1701653439663916e+16 6.272918226163837e+16 0.0 -3.2600204118992604e+16 9.432925365111448e+16 0.0 -4.315992762618478e+16 1.2525886134071963e+17 0.0 -5.034838184652944e+16 1.468840214270002e+17 0.0 -5.207004955065715e+16 1.5306147176991226e+17 0.0 -4.890092490286381e+16 1.451434812804867e+17 0.0 -4.4966274084967736e+16 1.3473032361866686e+17 0.0 -4.993148686773726e+16 2.496574343387651e+17 0.0 3245255395746833.0 -1.7795729162504512e+16 0.0 -2696122582026339.0 7519307802513817.0 0.0 -1.1873853230524066e+16 3.4479712001739932e+16 0.0 -2.010660837995266e+16 5.83567771835298e+16 0.0 -3.0145213677519964e+16 8.757753352862691e+16 0.0 -3.9877634022398504e+16 1.161646603266606e+17 0.0 -4.652809333504614e+16 1.3616657409372826e+17 0.0 -4.816378478248745e+16 1.4190080880775093e+17 0.0 -4.5284228900388776e+16 1.3456126345329016e+17 0.0 -4.163953691624885e+16 1.2476837235804338e+17 0.0 -4.6187918767607896e+16 2.3093959383811034e+17 0.0 3101854598368392.5 -1.6842673321304398e+16 0.0 -2514090222193144.0 7063092991544432.0 0.0 -1.112102698357294e+16 3.240732529571869e+16 0.0 -1.8778545191533636e+16 5.4699990534538504e+16 0.0 -2.8105567132076692e+16 8.194282493038856e+16 0.0 -3.715308835666321e+16 1.0858387693032728e+17 0.0 -4.3356333568433464e+16 1.272367178804664e+17 0.0 -4.49173667990118e+16 1.3260233592224283e+17 0.0 -4.2274951940756216e+16 1.2574730227256936e+17 0.0 -3.887282790701116e+16 1.164858335542824e+17 0.0 -4.308039461460497e+16 2.154019730731342e+17 0.0 2978341403427751.5 -1.603044857352796e+16 0.0 -2361450728121096.0 6678340985273083.0 0.0 -1.048765470363393e+16 3.065743199485059e+16 0.0 -1.766475721715605e+16 5.162128646442199e+16 0.0 -2.6398335724191852e+16 7.72079704430428e+16 0.0 -3.4874473550916948e+16 1.0222055307178787e+17 0.0 -4.07033518052633e+16 1.1974421881397117e+17 0.0 -4.2199650811950216e+16 1.248012192423103e+17 0.0 -3.975326030151758e+16 1.1835459048109595e+17 0.0 -3.6555333194998296e+16 1.0954952063827283e+17 0.0 -4.048151831945227e+16 2.0240759159728106e+17 0.0 2871642816422079.5 -1.5335162306220046e+16 0.0 -2232632832838864.8 6351992799502510.0 0.0 -9951555844380396.0 2.9171609592787684e+16 0.0 -1.6724699053709484e+16 4.9014044150368104e+16 0.0 -2.4959927442848384e+16 7.32051373724584e+16 0.0 -3.295613238157708e+16 9.684629042281136e+16 0.0 -3.846966861162665e+16 1.1341888841745624e+17 0.0 -3.990986442317332e+16 1.1821597198133642e+17 0.0 -3.7626853988075624e+16 1.121155389704888e+17 0.0 -3.4601797976610308e+16 1.0370341355269358e+17 0.0 -3.829370168716227e+16 1.9146850843592618e+17 0.0 2779239807837156.0 -1.4737668457224814e+16 0.0 -2123300459970599.2 6073795397871329.0 0.0 -9495384992344502.0 2.7903873674387304e+16 0.0 -1.5926826411057282e+16 4.679473284449199e+16 0.0 -2.3741013403442584e+16 6.980321490362644e+16 0.0 -3.133168596429513e+16 9.228291692343688e+16 0.0 -3.657814132872727e+16 1.080500357254865e+17 0.0 -3.796971213793463e+16 1.126270755538534e+17 0.0 -3.582387118260608e+16 1.0682156520500768e+17 0.0 -3.294591055710555e+16 9.874856930325118e+16 0.0 -3.644131951737235e+16 1.8220659758700163e+17 0.0 2699056246645885.5 -1.4222506666942764e+16 0.0 -2030044146363519.2 5835620576055646.0 0.0 -9105441578268744.0 2.6817687671479184e+16 0.0 -1.5246341147741472e+16 4.489727046376817e+16 0.0 -2.270292035854183e+16 6.6898757262110344e+16 0.0 -2.99491443548271e+16 8.839004591701997e+16 0.0 -3.496831641348356e+16 1.0347171824551746e+17 0.0 -3.631773487452947e+16 1.0786162727219206e+17 0.0 -3.4287800373458344e+16 1.0230844755381486e+17 0.0 -3.1535567330915764e+16 9.452878612045677e+16 0.0 -3.4865137616448584e+16 1.743256880823705e+17 0.0 2629373739090271.0 -1.3777104013231e+16 0.0 -1950157547059874.5 5630967048142896.0 0.0 -8770803935426695.0 2.588376903056313e+16 0.0 -1.4663560951755752e+16 4.326890706117572e+16 0.0 -2.1815031205828876e+16 6.440939532682526e+16 0.0 -2.87673861063311e+16 8.505603763347221e+16 0.0 -3.3592357001234044e+16 9.955202693171902e+16 0.0 -3.4905229451055264e+16 1.0378218255350862e+17 0.0 -3.297378757283136e+16 9.844569000739787e+16 0.0 -3.032944246431443e+16 9.092024373627938e+16 0.0 -3.3518302279460532e+16 1.675915113974181e+17 0.0 2568763045413581.5 -1.339117240268749e+16 0.0 -1881473302400660.5 5454591183049568.0 0.0 -8482691878983009.0 2.5078461955791988e+16 0.0 -1.4162726170016404e+16 4.1867186942471416e+16 0.0 -2.10528885209882e+16 6.226898895328812e+16 0.0 -2.77535920611082e+16 8.219135736213942e+16 0.0 -3.2412070805610852e+16 9.618521379087653e+16 0.0 -3.3693262469099376e+16 1.0027855558702658e+17 0.0 -3.1845925478978864e+16 9.512871096291434e+16 0.0 -2.929447413221203e+16 8.782392624629398e+16 0.0 -3.2363417732767428e+16 1.6181708866391088e+17 0.0 2516028984991878.5 -1.3056238672374584e+16 0.0 -1822242164809704.2 5302233453636380.0 0.0 -8233992364584642.0 2.438251806521898e+16 0.0 -1.3731116648136154e+16 4.065768309665263e+16 0.0 -2.0396794999206456e+16 6.0424021864623336e+16 0.0 -2.68813531488967e+16 7.972364239079099e+16 0.0 -3.1396716506883504e+16 9.32858461082146e+16 0.0 -3.2650461317495364e+16 9.726172958979638e+16 0.0 -3.0875243862998796e+16 9.227304551458362e+16 0.0 -2.8404002886389816e+16 8.516001911790762e+16 0.0 -3.1370391889829704e+16 1.5685195944921597e+17 0.0 2470170402860687.5 -1.2765289606790236e+16 0.0 -1771041853201933.0 5170410267317309.0 0.0 -8018902869210354.0 2.3780173885985092e+16 0.0 -1.3358391118424092e+16 3.961229089797377e+16 0.0 -1.983076951821757e+16 5.883089377038523e+16 0.0 -2.6129260197207384e+16 7.759400132211045e+16 0.0 -3.0521367594420564e+16 9.078442223489168e+16 0.0 -3.1751363132707936e+16 9.465928896191702e+16 0.0 -3.003820419214136e+16 8.98099989448813e+16 0.0 -2.763637883074512e+16 8.286372270447173e+16 0.0 -3.0514831313981932e+16 1.5257415657005482e+17 0.0 2430345946806952.5 -1.2512493677506758e+16 0.0 -1726708344255789.8 5056255958059507.0 0.0 -7832660786397938.0 2.3258446751235344e+16 0.0 -1.303608823306599e+16 3.870793123808569e+16 0.0 -1.9341760708607384e+16 5.745386746729466e+16 0.0 -2.5479842495448908e+16 7.575421194780402e+16 0.0 -2.9765679973054064e+16 8.862405284161546e+16 0.0 -3.0975168738290684e+16 9.241196112136805e+16 0.0 -2.931556070926436e+16 8.768335752421267e+16 0.0 -2.69739097537773e+16 8.088209384163274e+16 0.0 -2.9776833414737212e+16 1.488841670738278e+17 0.0 2395847335673682.0 -1.2292983627268598e+16 0.0 -1688283473923199.2 4957401472079449.0 0.0 -7671336292751184.0 2.2806592975415572e+16 0.0 -1.2757246278563252e+16 3.792555648834684e+16 0.0 -1.8919049056268252e+16 5.626349908703982e+16 0.0 -2.4918761516324164e+16 7.41645811560418e+16 0.0 -2.9112955440757116e+16 8.675792729121227e+16 0.0 -3.030479476253354e+16 9.047097691281718e+16 0.0 -2.8691493309530176e+16 8.584687827863296e+16 0.0 -2.6402059489417612e+16 7.917164083566136e+16 0.0 -2.914006918939182e+16 1.4570034594711904e+17 0.0 2366077615605026.5 -1.2102685389628518e+16 0.0 -1654974635720679.0 4871880482537892.0 0.0 -7531672525314942.0 2.241568777784074e+16 0.0 -1.2516110936340196e+16 3.7249382669521176e+16 0.0 -1.8553788500326028e+16 5.523542829536625e+16 0.0 -2.4434193220777576e+16 7.279229737613696e+16 0.0 -2.854942375355246e+16 8.514736339869864e+16 0.0 -2.9726145599294068e+16 8.879603775478256e+16 0.0 -2.815294104723158e+16 8.426235825578194e+16 0.0 -2.590883275938283e+16 7.76964791763842e+16 0.0 -2.859108071661273e+16 1.4295540358312872e+17 0.0 2340534653990974.5 -1.19381819460477e+16 0.0 -1626123639432750.0 4798056556630028.0 0.0 -7410961362872178.0 2.207829740007354e+16 0.0 -1.2307909010592528e+16 3.666629220834592e+16 0.0 -1.8238652283064064e+16 5.434943930031242e+16 0.0 -2.4016351244157656e+16 7.161015325463583e+16 0.0 -2.806368824009443e+16 8.376029616968261e+16 0.0 -2.9227550326506976e+16 8.735374076919467e+16 0.0 -2.7689084753742464e+16 8.289813775029707e+16 0.0 -2.5484298976776844e+16 7.642690464372765e+16 0.0 -2.8118739049924412e+16 1.4059369524975387e+17 0.0 2318797446037829.0 -1.1796608759832142e+16 0.0 -1601182094499093.0 4734565014671459.0 0.0 -7306946270812882.0 2.1788221678524576e+16 0.0 -1.212867206574584e+16 3.616536657219983e+16 0.0 -1.7967557479785934e+16 5.358872751779324e+16 0.0 -2.3657116342703572e+16 7.0595549141791336e+16 0.0 -2.764629499686811e+16 8.257009925116035e+16 0.0 -2.879932516133212e+16 8.611635053441472e+16 0.0 -2.7290944959038716e+16 8.172793359982789e+16 0.0 -2.5120221574591944e+16 7.533828316661302e+16 0.0 -2.7713823092315156e+16 1.3856911546165091e+17 0.0 2300513724315308.5 -1.1675565088333512e+16 0.0 -1579692559893161.5 4680268514073725.0 0.0 -7217745914814921.0 2.1540291020495336e+16 0.0 -1.1975098193985526e+16 3.573751872562201e+16 0.0 -1.773544949818424e+16 5.29393239234577e+16 0.0 -2.3349746684887504e+16 6.9729711526451576e+16 0.0 -2.728939588854218e+16 8.155466063664302e+16 0.0 -2.843343085912767e+16 8.506083621501909e+16 0.0 -2.6951066904072988e+16 8.07299251306409e+16 0.0 -2.4809767923086676e+16 7.441018236524746e+16 0.0 -2.736869065004885e+16 1.3684345325040325e+17 0.0 2285392079172130.0 -1.1573046575821178e+16 0.0 -1561273382260886.2 4634221142616884.0 0.0 -7141793823475647.0 2.1330205705020464e+16 0.0 -1.1844443187697516e+16 3.537520304724148e+16 0.0 -1.753813273189007e+16 5.238964152651463e+16 0.0 -2.3088650389967584e+16 6.899707790274626e+16 0.0 -2.698648393227286e+16 8.06956555967984e+16 0.0 -2.8123203182807908e+16 8.41681137150292e+16 0.0 -2.6663272739697544e+16 7.98860347886894e+16 0.0 -2.4547281419758524e+16 7.362568946143803e+16 0.0 -2.7077020437953988e+16 1.3538510218997477e+17 0.0 2273194635742400.5 -1.1487390684694968e+16 0.0 -1545606739349329.5 4595640082321206.0 0.0 -7077790620577146.0 2.1154408503456824e+16 0.0 -1.173443462361029e+16 3.507218597868399e+16 0.0 -1.7372137110562152e+16 5.193011737271074e+16 0.0 -2.286920644055282e+16 6.8384811617249224e+16 0.0 -2.6732184998547628e+16 7.997797339384158e+16 0.0 -2.7863140899234804e+16 8.342244832447979e+16 0.0 -2.6422466287199844e+16 7.91813612261617e+16 0.0 -2.432810206086105e+16 7.297087445659872e+16 0.0 -2.683360928492305e+16 1.3416804642472378e+17 0.0 2263731330822840.0 -1.1417233032153256e+16 0.0 -1532429178825860.5 4563883236262360.0 0.0 -7024666185571831.0 2.1009983812206596e+16 0.0 -1.1643203959140622e+16 3.4823364815251144e+16 0.0 -1.7234612766082826e+16 5.1552930097712376e+16 0.0 -2.2687623440417084e+16 6.788241944386563e+16 0.0 -2.6522093699582908e+16 7.93892655748243e+16 0.0 -2.7648738675665416e+16 8.281098404290714e+16 0.0 -2.622447921368205e+16 7.860373276225464e+16 0.0 -2.4148425260024996e+16 7.243436786742995e+16 0.0 -2.6634212790961744e+16 1.3317106395486e+17 0.0 2256855527471220.5 -1.136147284440769e+16 0.0 -1521524119288861.2 4538431598890512.0 0.0 -6981549777834110.0 2.0894578190238056e+16 0.0 -1.156923306705182e+16 3.4624625269929764e+16 0.0 -1.7123247257261356e+16 5.125177820906293e+16 0.0 -2.2540828687584776e+16 6.7481451418006376e+16 0.0 -2.635264443188563e+16 7.891959146576438e+16 0.0 -2.747635586677866e+16 8.232337436890106e+16 0.0 -2.606595031108188e+16 7.814335720059552e+16 0.0 -2.4005191228570636e+16 7.20070299805594e+16 0.0 -2.6475420649149224e+16 1.3237710324581462e+17 0.0 2252460705410625.0 -1.131924594370259e+16 0.0 -1512715924992043.0 4518875487988732.0 0.0 -6947746599472438.0 2.080633835596831e+16 0.0 -1.1511312385394646e+16 3.4472730511563144e+16 0.0 -1.7036200908064068e+16 5.1021707585549064e+16 0.0 -2.2426381717470776e+16 6.717526770261805e+16 0.0 -2.622101088017104e+16 7.85611429320302e+16 0.0 -2.734311429307989e+16 8.195149555521142e+16 0.0 -2.594423165164891e+16 7.779255000025728e+16 0.0 -2.389599916695932e+16 7.168169440388764e+16 0.0 -2.6354560055766284e+16 1.3177280027892662e+17 0.0 2250478105947258.8 -1.1289904084354424e+16 0.0 -1505865265427013.0 4504903998883911.0 0.0 -6922719665462809.0 2.0743863768415884e+16 0.0 -1.1468508593294704e+16 3.4365236435608516e+16 0.0 -1.6972056900365636e+16 5.0858979877308824e+16 0.0 -2.2342407630707604e+16 6.695886078755594e+16 0.0 -2.6125028859793536e+16 7.830803464103918e+16 0.0 -2.724681994932373e+16 8.168922817068731e+16 0.0 -2.5857316873209304e+16 7.754552727750862e+16 0.0 -2.3819041978019536e+16 7.1452973068187064e+16 0.0 -2.626962231677983e+16 1.3134811158395659e+17 0.0 2250875239443520.8 -1.1272999783616524e+16 0.0 -1500865543046340.0 4496297193336848.0 0.0 -6906076152106705.0 2.070617163703264e+16 0.0 -1.1440140328084064e+16 3.4300429233630596e+16 0.0 -1.6929783871057924e+16 5.076097563419257e+16 0.0 -2.2287547232676484e+16 6.682872464640558e+16 0.0 -2.606313872688488e+16 7.815614975044702e+16 0.0 -2.7185904866229284e+16 8.153229658431598e+16 0.0 -2.5803788194380828e+16 7.73982538300489e+16 0.0 -2.3773058337286828e+16 7.131711321016867e+16 0.0 -2.621920906093566e+16 1.310960453047913e+17 0.0 -4639342784868.424 -1.5775586404579056e+16 0.0 -1713830381830437.2 5135214800334576.0 0.0 -7887212867320343.0 2.3649626894043876e+16 0.0 -1.3065125124494644e+16 3.917545958801633e+16 0.0 -1.9334334463515316e+16 5.79747364030165e+16 0.0 -2.5453119672643296e+16 7.632557308429933e+16 0.0 -2.9765371580953004e+16 8.926297721090779e+16 0.0 -3.1048341385324708e+16 9.311970439248304e+16 0.0 -2.9470698441771716e+16 8.839903470057645e+16 0.0 -2.715193362027741e+16 8.14537463350743e+16 0.0 -4.5854367132888104e+16 1.3756310139892251e+17 0.0
    </DataArray>
    <DataArray type="Float32" Name="Ion drift flux Density [Am^-2]" NumberOfComponents="3" format="ascii">
-1.364993083867253e+30 1.291419034563766e+31 0.0 -3.315065990176013e+29 1.2196629550566387e+31 0.0 9.962948200355171e+29 2.0495633405267175e+31 0.0 2.5053865398786603e+30 2.891322884702188e+31 0.0 4.0851808873511244e+30 3.836847831275128e+31 0.0 5.881981107505894e+30 4.950344621525558e+31 0.0 8.523334493461738e+30 6.381982102292687e+31 0.0 1.451708649093759e+31 8.554554333986394e+31 0.0 3.031622156430541e+31 1.2175583426476043e+32 0.0 3.8493762976932887e+31 1.1759372656764336e+32 0.0 3.567499389348547e+31 1.0702498168046594e+32 0.0 4.941213745143259e+29 4.66863125018898e+30 0.0 1.0790765508778227e+28 6.156780720766971e+30 0.0 5.332562868547426e+29 1.140658226269228e+31 0.0 1.2107828786505292e+30 1.7139164571500934e+31 0.0 2.0597500522688522e+30 2.386343034052942e+31 0.0 3.148796228155676e+30 3.1742562992796003e+31 0.0 4.9640730572992685e+30 4.170636963618954e+31 0.0 9.516115193546959e+30 5.681195935670804e+31 0.0 2.090946282228925e+31 8.079662566402266e+31 0.0 2.535959069821389e+31 7.575768261034338e+31 0.0 1.6883615940490246e+31 8.441807970245721e+31 0.0 7.071393975693317e+28 1.2006446553803589e+30 0.0 -3.371871783221509e+29 1.7570147737161886e+30 0.0 -8.470653570320512e+29 4.078940319621198e+30 0.0 -1.4340371980682852e+30 6.611890280405863e+30 0.0 -2.026770483664575e+30 9.968862252817091e+30 0.0 -2.3976586171579327e+30 1.40588215137025e+31 0.0 -1.9281208630391105e+30 1.9290224637450144e+31 0.0 1.293955403385001e+30 2.7243192571337568e+31 0.0 8.996791406311695e+30 3.7214824333733435e+31 0.0 1.1790392868553538e+31 3.279208469595225e+31 0.0 1.0060896694223044e+31 5.03044834711177e+31 0.0 2.9304822843448227e+28 3.344908318790599e+29 0.0 -4.458296229422182e+28 3.698688964473653e+29 0.0 -2.787284329763428e+29 1.126533445494228e+30 0.0 -5.76805376905421e+29 1.8421958690078789e+30 0.0 -9.558286149533825e+29 2.9621577839125565e+30 0.0 -1.2032313158434128e+30 4.525511039522202e+30 0.0 -7.366603722808055e+29 6.588215165917711e+30 0.0 1.1807716236960856e+30 9.292173037843299e+30 0.0 3.690350161765244e+30 1.1094858043526275e+31 0.0 4.4163798742982766e+30 1.0741154964033307e+31 0.0 4.812011101356644e+30 2.40600555067844e+31 0.0 1.758576305828409e+28 1.3701411163689294e+29 0.0 2.1496099398439585e+27 9.830271807195113e+28 0.0 -2.4544123303277588e+28 3.1379992853331442e+29 0.0 -5.18040939335373e+28 5.6046561427850076e+29 0.0 -4.280462904023461e+28 7.855012609421493e+29 0.0 5.260944572048987e+28 1.1342693027996892e+30 0.0 3.4628156010136726e+29 1.6751966568025099e+30 0.0 8.887113502596387e+29 2.402031064863506e+30 0.0 1.5639262868309306e+30 3.3475532682914895e+30 0.0 2.033114066316315e+30 4.4398941553132643e+30 0.0 2.084092058783488e+30 1.0420460293917958e+31 0.0 8.251423567764501e+27 6.546031793315107e+28 0.0 4.469311343013559e+27 3.987258550460573e+28 0.0 1.1671630143490443e+28 1.2400720938013904e+29 0.0 3.766398449532345e+28 2.525968325150575e+29 0.0 1.0251963665342214e+29 3.860468545084227e+29 0.0 2.0683133487133214e+29 5.242296652702622e+29 0.0 3.532588381599712e+29 7.086687500806523e+29 0.0 5.4659907219447074e+29 9.861056205859489e+29 0.0 7.585311406029627e+29 1.3814176068012653e+30 0.0 8.692774480594924e+29 1.8263687769527385e+30 0.0 8.956069100388087e+29 4.4780345501941936e+30 0.0 3.647943344614023e+27 3.336129151226864e+28 0.0 2.794673597949679e+27 1.8245481847167386e+28 0.0 1.042165921421037e+28 5.648299269185896e+28 0.0 3.244847364652129e+28 1.2505839768985938e+29 0.0 8.158295113773163e+28 2.1509414795914872e+29 0.0 1.5991816761293217e+29 3.16904561341604e+29 0.0 2.5477047938178917e+29 4.3170461321346075e+29 0.0 3.461761387331833e+29 5.633682560590324e+29 0.0 4.0750383531607885e+29 7.062675603996725e+29 0.0 4.047329411579627e+29 8.401253761443847e+29 0.0 3.9638113353308746e+29 1.981905667665495e+30 0.0 1.6757984759532077e+27 1.730845643664732e+28 0.0 1.5390694224991667e+27 8.690190700203862e+27 0.0 6.113973306922867e+27 2.657689789476283e+28 0.0 1.870853522702127e+28 6.1820550710229485e+28 0.0 4.613747264064518e+28 1.1471889446729803e+29 0.0 9.13489040313807e+28 1.801370955762627e+29 0.0 1.4685375932814508e+29 2.5173100303928664e+29 0.0 1.955194200682255e+29 3.2195503787412106e+29 0.0 2.174630485631063e+29 3.80314894281943e+29 0.0 1.9936420833738864e+29 4.168859334086127e+29 0.0 1.8349232918518662e+29 9.174616459259783e+29 0.0 9.733924644148516e+26 9.243437426967203e+27 0.0 8.981335980809469e+26 4.363751886836182e+27 0.0 3.3979449606949094e+27 1.3108826213674221e+28 0.0 1.0074900461007272e+28 3.1412865833904526e+28 0.0 2.434533112462172e+28 6.121992851950877e+28 0.0 4.812124956134053e+28 1.0027728282983323e+29 0.0 7.784149143590053e+28 1.4271162907000071e+29 0.0 1.0348336456236953e+29 1.806761247715509e+29 0.0 1.1303332241035173e+29 2.0608736169071996e+29 0.0 1.004327044440803e+29 2.150149380701813e+29 0.0 8.966553738853434e+28 4.4832768694269155e+29 0.0 7.033541475974912e+26 5.348517486200639e+27 0.0 5.913322979371853e+26 2.450889862743712e+27 0.0 2.0333412932121557e+27 7.197173874265584e+27 0.0 5.736985495719573e+27 1.740040360566853e+28 0.0 1.3411309976772977e+28 3.4703352081330852e+28 0.0 2.599071076151322e+28 5.801375141692443e+28 0.0 4.162028202427029e+28 8.302508151714878e+28 0.0 5.48878311762966e+28 1.0369801436309472e+29 0.0 5.927877585485646e+28 1.1482852786315291e+29 0.0 5.207483540800798e+28 1.1558027823320012e+29 0.0 4.654596346103103e+28 2.3272981730517025e+29 0.0 5.4981344648579415e+26 3.4636667361439846e+27 0.0 4.285455408637531e+26 1.5653593926503845e+27 0.0 1.343877190250413e+27 4.46850736315473e+27 0.0 3.571512347201715e+27 1.068831803791584e+28 0.0 7.981818250255518e+27 2.1321832447459203e+28 0.0 1.4946387649850678e+28 3.5695663363389705e+28 0.0 2.334546407251862e+28 5.07781768639559e+28 0.0 3.022930492434437e+28 6.228259338538763e+28 0.0 3.2206505319461025e+28 6.70155709971645e+28 0.0 2.8184516626089444e+28 6.544203100662169e+28 0.0 2.5767732319195553e+28 1.2883866159599001e+29 0.0 4.324691308999802e+26 2.458450986456321e+27 0.0 3.237880613370581e+26 1.0932708198692131e+27 0.0 9.469854358446431e+26 3.026532298510955e+27 0.0 2.3793343899287507e+27 7.092553920285476e+27 0.0 5.076622265662228e+27 1.3983422476182955e+28 0.0 9.146730506024941e+27 2.3214888040842386e+28 0.0 1.3850200908220841e+28 3.265592035997971e+28 0.0 1.75134667388733e+28 3.9319873788101883e+28 0.0 1.8371083089454052e+28 4.123008474004197e+28 0.0 1.6081718155282398e+28 3.925086847585664e+28 0.0 1.5229881415425738e+28 7.614940707713706e+28 0.0 3.39456375438628e+26 1.8462809680349548e+27 0.0 2.482591602372223e+26 8.041467099467365e+26 0.0 6.906867550032368e+26 2.1608375255062903e+27 0.0 1.657716170949359e+27 4.952566715870381e+27 0.0 3.3976635334587583e+27 9.618079905018808e+27 0.0 5.911086112233024e+27 1.5791914221832085e+28 0.0 8.687307233671557e+27 2.1962057588861776e+28 0.0 1.0724948791665844e+28 2.6032727208011797e+28 0.0 1.1079859097980502e+28 2.6735652387234915e+28 0.0 9.729191025318106e+27 2.4949531637718094e+28 0.0 9.590358309634672e+27 4.795179154817816e+28 0.0 2.6918972312636625e+26 1.4367022853571406e+27 0.0 1.9292692936770916e+26 6.12264332641567e+26 0.0 5.1658036050564976e+26 1.600429176948745e+27 0.0 1.1958706002286827e+27 3.591962623178499e+27 0.0 2.3729916076401503e+27 6.872829937235926e+27 0.0 4.011476235391558e+27 1.116357371830995e+28 0.0 5.748364797532766e+27 1.5374391094209151e+28 0.0 6.949220025412111e+27 1.8007901357587094e+28 0.0 7.08479524506498e+27 1.821268459608247e+28 0.0 6.250437648860325e+27 1.6751898971680311e+28 0.0 6.402193286363453e+27 3.2010966431820167e+28 0.0 2.1719730861499297e+26 1.1475403089798998e+27 0.0 1.5258159353699454e+26 4.792496673872207e+26 0.0 3.958152231075136e+26 1.2217215560212793e+27 0.0 8.901567596375046e+26 2.690197139822825e+27 0.0 1.7217145383307332e+27 5.077666011579155e+27 0.0 2.845703006689601e+27 8.168441042771879e+27 0.0 3.997699753874592e+27 1.1161212859386495e+28 0.0 4.752886399656361e+27 1.2961584433639683e+28 0.0 4.7957966825254404e+27 1.297151126008985e+28 0.0 4.2531234140607157e+27 1.1815735781344978e+28 0.0 4.500486093596128e+27 2.250243046798341e+28 0.0 1.785050742179369e+26 9.365583813878141e+26 0.0 1.2305275034933715e+26 3.842590499067335e+26 0.0 3.10663267235497e+26 9.578270438255995e+26 0.0 6.822674400220597e+26 2.0733708489033977e+27 0.0 1.293093251054955e+27 3.86588816505438e+27 0.0 2.100579734410988e+27 6.166913002592869e+27 0.0 2.907374917349234e+27 8.374021207282932e+27 0.0 3.414333680402483e+27 9.667422197210687e+27 0.0 3.41999466358291e+27 9.609114699473123e+27 0.0 3.048086318164981e+27 8.700226368358527e+27 0.0 3.307679978812634e+27 1.6538399894066017e+28 0.0 1.492885716209073e+26 7.789605508793877e+26 0.0 1.011875736670529e+26 3.1476438348653106e+26 0.0 2.4953637173468093e+26 7.691375562906907e+26 0.0 5.3729835780469564e+26 1.639840302428102e+27 0.0 1.0019047749666078e+27 3.024636696639672e+27 0.0 1.6061184922774398e+27 4.790018807262291e+27 0.0 2.199017566133543e+27 6.47253578550196e+27 0.0 2.560398300472303e+27 7.442569185486416e+27 0.0 2.5524429729103966e+27 7.367119394126602e+27 0.0 2.284669097050959e+27 6.647449380704167e+27 0.0 2.5248948939367003e+27 1.2624474469685396e+28 0.0 1.2688600159102402e+26 6.590120334123491e+26 0.0 8.475409892340316e+25 2.6285429310245312e+26 0.0 2.048169433753803e+26 6.311159633932615e+26 0.0 4.3374855495638574e+26 1.3276557796807783e+27 0.0 7.982300809665195e+26 2.425620673529721e+27 0.0 1.2666144543612725e+27 3.817493437476808e+27 0.0 1.7206651254348868e+27 5.138511176108142e+27 0.0 1.991932523810919e+27 5.893190471230938e+27 0.0 1.9800708270179268e+27 5.819903270281507e+27 0.0 1.7785542143491818e+27 5.242458159017091e+27 0.0 1.9904606075087092e+27 9.952303037544827e+27 0.0 1.094627056191665e+26 5.662534545808495e+26 0.0 7.221061878518973e+25 2.2336543568113954e+26 0.0 1.714814789556345e+26 5.280843167809532e+26 0.0 3.5809441824548914e+26 1.0978862007124576e+27 0.0 6.519333177605187e+26 1.989174926765998e+27 0.0 1.0262732369210036e+27 3.113909912602367e+27 0.0 1.386294047524049e+27 4.1786358243849283e+27 0.0 1.5987995842248732e+27 4.784315295755681e+27 0.0 1.5867760819862302e+27 4.7194198384454036e+27 0.0 1.4291982885247946e+27 4.2485699919498446e+27 0.0 1.6129679425167734e+27 8.064839712584876e+27 0.0 9.573616344202449e+25 4.9351097643564445e+26 0.0 6.249289432756841e+25 1.9283559895273267e+26 0.0 1.4618529235342639e+26 4.497588109971883e+26 0.0 3.0165478949673066e+26 9.254094611614003e+26 0.0 5.443002733258174e+26 1.6644952519032223e+27 0.0 8.514563068825508e+26 2.593719866118876e+27 0.0 1.1453854929763869e+27 3.472068212797414e+27 0.0 1.3177298411516313e+27 3.9711947703910866e+27 0.0 1.3068094723607695e+27 3.915766527472892e+27 0.0 1.1795123072316424e+27 3.52525760947073e+27 0.0 1.3384828717991116e+27 6.692414358996121e+27 0.0 8.479424005871596e+25 4.3574687922534306e+26 0.0 5.48591935161285e+25 1.6888831039836387e+26 0.0 1.2666977869824103e+26 3.892329106241208e+26 0.0 2.5873982938021585e+26 7.936192890630392e+26 0.0 4.6339277141444185e+26 1.4183789508032242e+27 0.0 7.212251539780661e+26 2.2015051896827601e+27 0.0 9.671904657192733e+26 2.9412194806958704e+27 0.0 1.1109553601168663e+27 3.361961873452079e+27 0.0 1.1014199030230415e+27 3.315225041720994e+27 0.0 9.957230427762177e+26 2.9858718544269175e+27 0.0 1.1338951066551921e+27 5.669475533277134e+27 0.0 7.597784628920799e+25 3.8935522510710034e+26 0.0 4.878562344042221e+25 1.4985854821559454e+26 0.0 1.113847178373315e+26 3.4176796221348355e+26 0.0 2.255418413601093e+26 6.912930340157926e+26 0.0 4.013985593387753e+26 1.2286279874373622e+27 0.0 6.221510100396391e+26 1.900513710624743e+27 0.0 8.323491032547474e+26 2.5350168855719665e+27 0.0 9.550801221064346e+26 2.896688632959867e+27 0.0 9.4685430509766e+26 2.857352944395217e+27 0.0 8.570380977397479e+26 2.5751071930412016e+27 0.0 9.781340334325143e+26 4.8906701671638155e+27 0.0 6.880391642558763e+25 3.5171249726208126e+26 0.0 4.3896800950236344e+25 1.3455830593888157e+26 0.0 9.924794568734095e+25 3.0404877907924902e+26 0.0 1.9946034141883318e+26 6.1069012861845784e+26 0.0 3.530812002508702e+26 1.0800852407752702e+27 0.0 5.453795853976024e+26 1.6658336496479603e+27 0.0 7.282845226413827e+26 2.2190572730483465e+27 0.0 8.351009354115039e+26 2.535285770940525e+27 0.0 8.280048097789167e+26 2.502056090419307e+27 0.0 7.501721988705579e+26 2.256552643886142e+27 0.0 8.573544358388031e+26 4.2867721791948964e+27 0.0 6.291377942689767e+25 3.208822486671045e+26 0.0 3.991987325013413e+25 1.2212592014309966e+26 0.0 8.949127971599634e+25 2.7371433525521916e+26 0.0 1.7868433980249836e+26 5.463702208076548e+26 0.0 3.148511757030893e+26 9.62196507523802e+26 0.0 4.8492222668227575e+26 1.4802323573408974e+27 0.0 6.465895559395324e+26 1.969666260918612e+27 0.0 7.410885005394252e+26 2.2503112834260387e+27 0.0 7.349328024116416e+26 2.2220559945578943e+27 0.0 6.663464952905265e+26 2.0055658046697213e+27 0.0 7.621979795905429e+26 3.81098989795354e+27 0.0 5.803790804763201e+25 2.95416404082986e+26 0.0 3.665374471043077e+25 1.1192702418378872e+26 0.0 8.156053843046196e+25 2.4905535560894845e+26 0.0 1.6192913665609384e+26 4.944424297087218e+26 0.0 2.841960840421585e+26 8.674777853650021e+26 0.0 4.3663302628883115e+26 1.3315620307443334e+27 0.0 5.814972978904807e+26 1.770227801166415e+27 0.0 6.662828758582113e+26 2.0225817476624544e+27 0.0 6.609004458561932e+26 1.9983661270280525e+27 0.0 5.995847721091775e+26 1.8050564281809825e+27 0.0 6.861795792751105e+26 3.430897896375746e+27 0.0 -7.269440496977129e+23 1.9217139427952405e+26 0.0 -5.478134861702133e+23 9.217205843234653e+25 0.0 -1.222106580276259e+24 2.0379894352671036e+26 0.0 -2.42548421680941e+24 4.0265625181889905e+26 0.0 -4.187397860783364e+24 7.040906728399608e+26 0.0 -6.122462785910243e+24 1.0785812155498765e+27 0.0 -7.329520379376761e+24 1.4325456683358332e+27 0.0 -6.844558741823e+24 1.636438871390993e+27 0.0 -4.615727442398757e+24 1.617092162174818e+27 0.0 -1.9261481322840578e+24 1.4610081023854606e+27 0.0 0.0 4.3729364714342084e+27 0.0 -5.2128121602967306e+25 2.5697498274916224e+26 0.0 -3.272630311685499e+25 9.679685049286534e+25 0.0 -7.197240880140023e+25 2.1283015223943025e+26 0.0 -1.4162074400142751e+26 4.18726484172637e+26 0.0 -2.4689038931914642e+26 7.300576759747283e+26 0.0 -3.77324332566938e+26 1.1164071953041283e+27 0.0 -5.0011949789024446e+26 1.4816282229989174e+27 0.0 -5.6999528266633854e+26 1.692343578729379e+27 0.0 -5.615928853641845e+26 1.6727069233668307e+27 0.0 -5.056091597764415e+26 1.5116688378304905e+27 0.0 -5.744561788506671e+26 2.872280894253975e+27 0.0 -4.900158264315455e+25 2.4190755245436558e+26 0.0 -3.0667867112863766e+25 9.08349984529101e+25 0.0 -6.711346086091521e+25 1.987294800044733e+26 0.0 -1.3157078894537888e+26 3.895207033426479e+26 0.0 -2.2879735827829723e+26 6.774034196493724e+26 0.0 -3.4919702422716164e+26 1.0343836239941954e+27 0.0 -4.626767967059458e+26 1.3720821406754697e+27 0.0 -5.27561934466598e+26 1.567571500009165e+27 0.0 -5.2027242116976914e+26 1.5503676961310927e+27 0.0 -4.6889901691569025e+26 1.4021576547353287e+27 0.0 -5.3299274963838063e+26 2.66496374819248e+27 0.0 -4.635326932929816e+25 2.2912910168490844e+26 0.0 -2.8930764590393953e+25 8.579920695078476e+25 0.0 -6.303406063908525e+25 1.868844779471553e+26 0.0 -1.2316575099423572e+26 3.65088439589951e+26 0.0 -2.137055889402542e+26 6.334816667582507e+26 0.0 -3.2577121614702594e+26 9.660828331292043e+26 0.0 -4.315109846932318e+26 1.2809383584233044e+27 0.0 -4.9223957718093546e+26 1.4637767986856584e+27 0.0 -4.858660630066841e+26 1.44858192595382e+27 0.0 -4.383301107512571e+26 1.3110267331524677e+27 0.0 -4.9849285219364996e+26 2.492464260969144e+27 0.0 -4.409837337448605e+25 2.1823718370582277e+26 0.0 -2.745663534282614e+25 8.152210071099474e+25 0.0 -5.95882149444402e+25 1.7687320809116355e+26 0.0 -1.1609076877675044e+26 3.445146390056037e+26 0.0 -2.010323448500737e+26 5.965908547206674e+26 0.0 -3.0612680587725434e+26 9.088046829619512e+26 0.0 -4.053900558571461e+26 1.2045589558878091e+27 0.0 -4.626327638459445e+26 1.3768069036642997e+27 0.0 -4.570177399637385e+26 1.3632811891627876e+27 0.0 -4.1269518108227424e+26 1.2346383436180941e+27 0.0 -4.695761334984626e+26 2.3478806674924742e+27 0.0 -4.216962023552203e+25 2.0891189062714782e+26 0.0 -2.6199474867380258e+25 7.787165371154833e+25 0.0 -5.66617550740049e+25 1.683659486308475e+26 0.0 -1.1010102237700726e+26 3.2708909123790326e+26 0.0 -1.9032619839585915e+26 5.654164300206101e+26 0.0 -2.895524431748704e+26 8.604690575284624e+26 0.0 -3.833621982289462e+26 1.1401454961979323e+27 0.0 -4.376634784008269e+26 1.3034695119033804e+27 0.0 -4.326802687819987e+26 1.2913390223714534e+27 0.0 -3.910637160337313e+26 1.1701981836552902e+27 0.0 -4.451831938253588e+26 2.2259159691277373e+27 0.0 -4.051319712187344e+25 2.0089683585271527e+26 0.0 -2.5122696231927934e+25 7.474278834626535e+25 0.0 -5.416455923247791e+25 1.611025254100862e+26 0.0 -1.0500429802543602e+26 3.1225488673783764e+26 0.0 -1.8123397882278256e+26 5.389319621302628e+26 0.0 -2.7549270004721787e+26 8.194559497227121e+26 0.0 -3.6468477591508505e+26 1.0855213757415776e+27 0.0 -4.1649065320149896e+26 1.2412828703175173e+27 0.0 -4.120367759713855e+26 1.2303252932859241e+27 0.0 -3.7271075685742054e+26 1.1155347247226996e+27 0.0 -4.244912568136925e+26 2.1224562840696123e+27 0.0 -3.908572246189038e+25 1.9398496302158525e+26 0.0 -2.4196961386060235e+25 7.205117696668563e+25 0.0 -5.202486316071155e+25 1.548757828443448e+26 0.0 -1.0064830921739254e+26 2.9957114673142877e+26 0.0 -1.7347681617570736e+26 5.1632804063005356e+26 0.0 -2.635098273285138e+26 7.844908818014687e+26 0.0 -3.4877291808867436e+26 1.0389762120294204e+27 0.0 -3.984519053341899e+26 1.1882975162480676e+27 0.0 -3.944439305826888e+26 1.178331169328672e+27 0.0 -3.570658025365087e+26 1.0689423163184936e+27 0.0 -4.0685435266117135e+26 2.0342717633069087e+27 0.0 -3.78519668156e+25 1.8800786155254735e+26 0.0 -2.339856402468919e+25 6.972862181825458e+25 0.0 -5.018505448917602e+25 1.495193984227026e+26 0.0 -9.691137897596464e+25 2.8868576115082486e+26 0.0 -1.6683259699516607e+26 4.969605381491925e+26 0.0 -2.532557914396488e+26 7.545618066464994e+26 0.0 -3.351619412095312e+26 9.991532037061439e+26 0.0 -3.8302095636247614e+26 1.1429674071158141e+27 0.0 -3.793905226996435e+26 1.133842742675235e+27 0.0 -3.436757123685605e+26 1.0290680848521333e+27 0.0 -3.9176027865890204e+26 1.9588013932954636e+27 0.0 -3.6783133749965536e+25 1.8282766680568357e+26 0.0 -2.2708212904827546e+25 6.771957752422389e+25 0.0 -4.859853364422548e+25 1.4489880641328792e+26 0.0 -9.36955239019325e+25 2.7931523029387707e+26 0.0 -1.6112298774334526e+26 4.80312541545268e+26 0.0 -2.4445162805006048e+26 7.288581485437476e+26 0.0 -3.2347962015643704e+26 9.64966644077968e+26 0.0 -3.697762198690487e+26 1.1040556470031736e+27 0.0 -3.6646694323538935e+26 1.0956486716207624e+27 0.0 -3.321774723355034e+26 9.948293641386976e+26 0.0 -3.7879922336587576e+26 1.8939961168299882e+27 0.0 -3.5855540495114907e+25 1.7833083607120457e+26 0.0 -2.211010889260517e+25 6.597851370596186e+25 0.0 -4.722734933714952e+25 1.4090437339682163e+26 0.0 -9.092127240708402e+25 2.7122960759398384e+26 0.0 -1.5620374557943088e+26 4.6596604496380684e+26 0.0 -2.3687205450959905e+26 7.067256027602026e+26 0.0 -3.134255365553684e+26 9.355408535823335e+26 0.0 -3.5837741223782166e+26 1.070564751076478e+27 0.0 -3.5534247917385875e+26 1.062771906900673e+27 0.0 -3.2227799168924046e+26 9.653527052389828e+26 0.0 -3.6764061674243375e+26 1.838203083712728e+27 0.0 -3.504960144555968e+25 1.7442336381192362e+26 0.0 -2.15912371947358e+25 6.446789370026848e+25 0.0 -4.60404012196464e+25 1.3744621854885567e+26 0.0 -8.852374730248402e+25 2.6424114442750382e+26 0.0 -1.5195741832435223e+26 4.535806932069402e+26 0.0 -2.303338982361212e+26 6.876322813255617e+26 0.0 -3.0475556016192128e+26 9.101645052931137e+26 0.0 -3.4854798107458804e+26 1.041684523352958e+27 0.0 -3.45748266854963e+26 1.0344186856388989e+27 0.0 -3.1373896574473766e+26 9.399283353753079e+26 0.0 -3.580158592609009e+26 1.790079296305708e+27 0.0 -3.4349042926252616e+25 1.7102706158574926e+26 0.0 -2.1140822139230937e+25 6.315661594521119e+25 0.0 -4.501206325859047e+25 1.34450249932652e+26 0.0 -8.644967964990543e+25 2.5819565065120657e+26 0.0 -1.4828779771327043e+26 4.4287767218028845e+26 0.0 -2.2468732032618934e+26 6.711431177699308e+26 0.0 -2.9727008781473486e+26 8.882561364371311e+26 0.0 -3.4006179086509e+26 1.0167527209014973e+27 0.0 -3.3746438068681846e+26 1.0099400495848833e+27 0.0 -3.063654285466416e+26 9.179758104933593e+26 0.0 -3.497053048701637e+26 1.7485265243519945e+27 0.0 -3.3740288924467617e+25 1.6807664826290735e+26 0.0 -2.0749903562100528e+25 6.201880273137449e+25 0.0 -4.412112120727834e+25 1.3185510737812351e+26 0.0 -8.46551146408378e+25 2.5296586701332415e+26 0.0 -1.4511567120216178e+26 4.3362739566167386e+26 0.0 -2.1980910563861324e+26 6.569003468254792e+26 0.0 -2.9080505833092286e+26 8.693378755449954e+26 0.0 -3.327329533136411e+26 9.952251027660228e+26 0.0 -3.3030997475780905e+26 9.888025518021964e+26 0.0 -2.999970207129278e+26 8.990178703246088e+26 0.0 -3.425283578147166e+26 1.712641789074912e+27 0.0 -3.321197918116396e+25 1.6551746089193045e+26 0.0 -2.0411005552481236e+25 6.103285262468943e+25 0.0 -4.3349946755453355e+25 1.2960978761573629e+26 0.0 -8.31036363451945e+25 2.484463423765371e+26 0.0 -1.4237554424282912e+26 4.256400198885207e+26 0.0 -2.1559749436837914e+26 6.446084976226581e+26 0.0 -2.8522503630240535e+26 8.530152645239505e+26 0.0 -3.264079995555288e+26 9.766524330697827e+26 0.0 -3.241356942966181e+26 9.705657628818266e+26 0.0 -2.9450127524331587e+26 8.826603697387797e+26 0.0 -3.363358740620338e+26 1.6816793703107103e+27 0.0 -3.275458544771398e+25 1.633036400579774e+26 0.0 -2.0117875738280305e+25 6.018069514767636e+25 0.0 -4.268385151526882e+25 1.2767178755691973e+26 0.0 -8.176498491663245e+25 2.4454944703450674e+26 0.0 -1.400130942722869e+26 4.187580847678377e+26 0.0 -2.1196817388408237e+26 6.34022773471047e+26 0.0 -2.804178521664953e+26 8.389616488902363e+26 0.0 -3.209598147206237e+26 9.60662696948469e+26 0.0 -3.18817796412709e+26 9.548648783787331e+26 0.0 -2.8976841737243798e+26 8.685767570898479e+26 0.0 -3.310042862925793e+26 1.655021431463993e+27 0.0 -3.236011131913472e+25 1.613966988727359e+26 0.0 -1.986527906157009e+25 5.9447200123815315e+25 0.0 -4.211057896203622e+25 1.2600564406362798e+26 0.0 -8.061397332755424e+25 2.4120225161036006e+26 0.0 -1.3798318138878807e+26 4.128507697528543e+26 0.0 -2.0885115159676273e+26 6.249399969449379e+26 0.0 -2.76290423115409e+26 8.269060242480093e+26 0.0 -3.162829091751743e+26 9.469472573143293e+26 0.0 -3.1425356598164135e+26 9.413971785673675e+26 0.0 -2.8570731167844694e+26 8.564959904254252e+26 0.0 -3.264310312444624e+26 1.632155156222938e+27 0.0 -3.2021850885442748e+25 1.597643680713456e+26 0.0 -1.9648834660238003e+25 5.8819710246820045e+25 0.0 -4.16199033349845e+25 1.2458178142636426e+26 0.0 -7.962963480076124e+25 2.3834407219888627e+26 0.0 -1.362482862929693e+26 4.078093873798681e+26 0.0 -2.0618830284938806e+26 6.171915170431081e+26 0.0 -2.7276547780115336e+26 8.166235226893702e+26 0.0 -3.122897121518164e+26 9.352500191044125e+26 0.0 -3.103577230717985e+26 9.299114309610159e+26 0.0 -2.8224228672501558e+26 8.461930789269092e+26 0.0 -3.225309711483321e+26 1.6126548557429855e+27 0.0 -3.1734194465928667e+25 1.583796793516783e+26 0.0 -1.946488525768572e+25 5.828766778326372e+25 0.0 -4.12033114139313e+25 1.2337559785126008e+26 0.0 -7.879454921390697e+25 2.3592453241123397e+26 0.0 -1.3477727912757321e+26 4.03543834639609e+26 0.0 -2.0393144086312388e+26 6.106376321110747e+26 0.0 -2.697789799289989e+26 8.079279377059231e+26 0.0 -3.0890765671834535e+26 9.253589174674518e+26 0.0 -3.070595966745481e+26 9.201995630620269e+26 0.0 -2.793106375808921e+26 8.374816496196938e+26 0.0 -3.192335818321423e+26 1.596167909162418e+27 0.0 -3.149247497762846e+25 1.5722023216549877e+26 0.0 -1.9310393300756537e+25 5.784231733549444e+25 0.0 -4.085374997730189e+25 1.2236674083482781e+26 0.0 -7.809431004620856e+25 2.3390203110825617e+26 0.0 -1.3354444719916674e+26 3.999797934232809e+26 0.0 -2.0204079438727094e+26 6.051631957812451e+26 0.0 -2.6727809715066714e+26 8.00665838156358e+26 0.0 -3.060768818372841e+26 9.170992158465874e+26 0.0 -3.0430089678455232e+26 9.120901053875832e+26 0.0 -2.768606575082729e+26 8.302080934559946e+26 0.0 -3.1648073854512345e+26 1.5824036927265228e+27 0.0 -3.129284491559441e+25 1.5626760798082798e+26 0.0 -1.918285828997071e+25 5.747646944450268e+25 0.0 -4.056542552268789e+25 1.21538533106262e+26 0.0 -7.75171027699634e+25 2.3224253202306484e+26 0.0 -1.325287273939686e+26 3.9705652341564384e+26 0.0 -2.004838072002861e+26 6.006741568694707e+26 0.0 -2.6521960030509008e+26 7.947119360381957e+26 0.0 -3.0374842154661948e+26 9.103282320896792e+26 0.0 -3.020339588683341e+26 9.054430310257834e+26 0.0 -2.7485008748067037e+26 8.242469575782439e+26 0.0 -3.142249733211767e+26 1.5711248666063116e+27 0.0 -3.113217848214052e+25 1.555069055966572e+26 0.0 -1.9080251237190367e+25 5.718431354953757e+25 0.0 -4.033364610057e+25 1.2087752016803082e+26 0.0 -7.705337278524558e+25 2.3091861237847403e+26 0.0 -1.317131027277517e+26 3.947251305101578e+26 0.0 -1.9923419529873584e+26 5.9709484754414436e+26 0.0 -2.6356860653528107e+26 7.899654565427865e+26 0.0 -3.0188278348000312e+26 9.049312059934158e+26 0.0 -3.002203661271359e+26 9.001457117184968e+26 0.0 -2.7324489994760995e+26 8.194973340603857e+26 0.0 -3.1242810936423565e+26 1.5621405468217497e+27 0.0 -3.1007994618737638e+25 1.5492637678839397e+26 0.0 -1.9000963213020482e+25 5.696127163325811e+25 0.0 -4.015469753624468e+25 1.2037311736209012e+26 0.0 -7.66955661142338e+25 2.299087223747759e+26 0.0 -1.3108413178221574e+26 3.929472208700725e+26 0.0 -1.9827121245223384e+26 5.9436587741664205e+26 0.0 -2.6229760122941335e+26 7.863473217443024e+26 0.0 -3.004488431785298e+26 9.008180933499754e+26 0.0 -2.988298784158204e+26 8.961097804396055e+26 0.0 -2.7201835411655204e+26 8.158800580201209e+26 0.0 -3.1106020164489066e+26 1.5553010082252482e+27 0.0 -3.0918397570942837e+25 1.5451714655721226e+26 0.0 -1.894376568788321e+25 5.680388605017689e+25 0.0 -4.0025748295551255e+25 1.200173401106881e+26 0.0 -7.643793051534754e+25 2.2919662032321388e+26 0.0 -1.3063158831316866e+26 3.916938756406146e+26 0.0 -1.9757908826013467e+26 5.924425305848096e+26 0.0 -2.6138569015198514e+26 7.837980074042237e+26 0.0 -2.994229993187944e+26 8.97921126651874e+26 0.0 -2.9783961467508966e+26 8.932687440104564e+26 0.0 -2.7115027593049967e+26 8.133355756783932e+26 0.0 -3.1009873096724005e+26 1.55049365483668e+27 0.0 -3.086203250287809e+25 1.542730063261691e+26 0.0 -1.890778094391116e+25 5.6709736680144235e+25 0.0 -3.994477868991282e+25 1.1980460513600426e+26 0.0 -7.627636775705441e+25 2.2877095710103892e+26 0.0 -1.3034819393598367e+26 3.909448975652831e+26 0.0 -1.9714661178110867e+26 5.912935885522663e+26 0.0 -2.6081804578280453e+26 7.822759694014286e+26 0.0 -2.9878854911630515e+26 8.961930242842335e+26 0.0 -2.972334497445827e+26 8.915762309315228e+26 0.0 -2.7062652827175074e+26 8.118223799115795e+26 0.0 -3.095280127599555e+26 1.5476400638007203e+27 0.0 -9.256592070662039e+21 2.158663802054042e+26 0.0 -2.159622626041464e+25 6.477512143154434e+25 0.0 -4.562261506784674e+25 1.3683822317462411e+26 0.0 -8.711592386867721e+25 2.612898418688105e+26 0.0 -1.488691035233827e+26 4.465080014914114e+26 0.0 -2.2515699465857545e+26 6.753252909138567e+26 0.0 -2.9787541547494286e+26 8.934487536236273e+26 0.0 -3.4124456703389736e+26 1.0235617289451108e+27 0.0 -3.394745598340193e+26 1.0183000238097748e+27 0.0 -3.0909309472990236e+26 9.272222885762486e+26 0.0 -5.413428877358925e+26 1.6240286632098337e+27 0.0
    </DataArray>
    <DataArray type="Float32" Name="Ion soret flux Density [Am^-2]" NumberOfComponents="3" format="ascii">
59598000472.89536 -1268377057078.5066 0.0 191367163426.2615 -962896056524.1744 0.0 540565983852.6902 -1237700113517.5015 0.0 827679576301.3868 -1451701656158.4502 0.0 1084467092088.9833 -1714693142578.1045 0.0 1356108458986.6382 -2047696217904.0923 0.0 1684957263304.194 -2432506093669.9194 0.0 2123146950875.923 -2628144009941.298 0.0 2655460049332.641 -1572650449876.4883 0.0 2289880168896.918 951291302418.5863 0.0 1069475630960.7858 1555441406794.64 0.0 -58963547472.94104 -386214696996.7663 0.0 53867176535.35317 -439039306770.4932 0.0 231272004894.51746 -669166011012.6709 0.0 435375714544.4333 -851494405602.3774 0.0 657889173460.2759 -1028655812125.6753 0.0 904304087112.818 -1214770345366.0789 0.0 1190354794611.339 -1392436487471.341 0.0 1534349635501.864 -1388228426242.6926 0.0 1858995552267.7932 -585624625030.0648 0.0 1496415118748.0073 806833188038.0315 0.0 713840854864.4869 1192786159042.4617 0.0 -7534900908.240583 -73773107352.61133 0.0 41468025826.088135 -98018150471.0266 0.0 178222568276.78336 -205712279961.73672 0.0 378207146641.4585 -296748699877.70105 0.0 644445221310.81 -375181701451.9228 0.0 962618572467.8593 -424240184705.1793 0.0 1314828525053.2646 -417650537983.59265 0.0 1635161607823.6536 -270628247279.0231 0.0 1667795443107.0935 148629869766.37082 0.0 1108446071692.6528 505811462004.6676 0.0 687361703011.4224 745745821282.1301 0.0 -1196596358.6665902 -16959175684.52573 0.0 6993721348.057663 -17148444272.4868 0.0 45265776714.742294 -49975268810.73932 0.0 111649008940.0543 -74380661373.08015 0.0 222855185932.91937 -96456998850.79259 0.0 376409234984.1887 -102377388052.14404 0.0 536043792021.8931 -72613551703.17546 0.0 627008973280.6294 7270898752.066287 0.0 557511158510.7538 112478860229.28815 0.0 430942638188.8776 187891682287.56848 0.0 419332490765.2682 362714427904.5903 0.0 -295097501.3893417 -6438848146.518693 0.0 1501282194.3885808 -4074261238.4169097 0.0 9680403031.970337 -12013160327.20806 0.0 27073202636.853058 -19085451157.7601 0.0 49372811002.788414 -20774762962.197403 0.0 78439057477.42914 -17958759543.384903 0.0 109566528191.96884 -8108985759.408537 0.0 132814421171.14856 10463488756.384766 0.0 154205970897.3075 38217988741.28814 0.0 182958187425.50885 78825564396.74568 0.0 205889604084.90674 157777003842.42288 0.0 -66845500.86076721 -2801185154.5769114 0.0 520657601.57850033 -1435197747.307146 0.0 2950970405.3324766 -3878785954.0570316 0.0 8947433229.696386 -6670117715.876949 0.0 17540550893.827866 -7531333090.0296545 0.0 26485927048.041046 -5640265623.692036 0.0 35351059761.15813 -1375802965.8402529 0.0 45550946847.65092 5459249841.77032 0.0 59180147126.96704 16285717003.917297 0.0 75367271431.54361 32480218188.61411 0.0 95461880546.97093 68063363525.52312 0.0 -3102936.367441504 -1237763109.960969 0.0 209736253.57328826 -553299386.4162556 0.0 1075677370.6594317 -1423816592.3127382 0.0 3375395638.658384 -2542869144.488561 0.0 7359934286.396894 -3118862967.520656 0.0 12386208065.960089 -2418611835.518317 0.0 17707894008.05057 -244149455.4115022 0.0 23145404819.05403 3349737876.2823095 0.0 28876226083.173817 8399104792.467034 0.0 34788460271.36282 14992598305.43863 0.0 44770626000.49284 30429313171.105553 0.0 9858336.337901903 -527939444.00054073 0.0 87530445.11073203 -215174684.43600598 0.0 418190828.48758316 -538307557.5326015 0.0 1335809782.0652235 -984117408.9225239 0.0 3129494076.7395024 -1273240279.0576735 0.0 5768974961.470151 -1013545701.6561612 0.0 8911668031.1266 53684416.971541636 0.0 12129220946.43947 1949873271.0970232 0.0 15056312147.522938 4508412956.58098 0.0 17435904576.138023 7484058153.20748 0.0 21831292885.77457 14288436059.925467 0.0 8949337.75598965 -225383083.3541178 0.0 38179224.81033176 -86777847.74924399 0.0 173807207.40069813 -213978669.60176456 0.0 561786270.4769684 -398158446.8871396 0.0 1380013796.553936 -532648834.0322024 0.0 2707695681.4723625 -426558228.4478144 0.0 4431490466.818665 93311030.63289136 0.0 6272906440.931394 1073297398.7583923 0.0 7897466875.645291 2398878270.980577 0.0 9070676276.19816 3866609733.051068 0.0 11137267932.479095 7059149993.797952 0.0 6383836.373395858 -105585597.38675481 0.0 18778301.038106613 -39510788.79206197 0.0 81852171.79193781 -95817045.44458956 0.0 263741276.74456906 -178761554.40143687 0.0 661787372.8123633 -241787057.46958223 0.0 1342147344.8324075 -190625080.22611776 0.0 2272129509.074719 73532412.8835851 0.0 3302300957.364775 587650414.1246566 0.0 4221122381.78945 1290897772.0789638 0.0 4869500448.466976 2060128122.556018 0.0 5944043631.062517 3667761581.7463923 0.0 4626621.494809841 -57292005.88029502 0.0 10718332.700631017 -20982457.60554418 0.0 44386107.00779858 -49392424.207110375 0.0 139875338.44677642 -90621065.99508056 0.0 349893923.02505064 -121273593.65544823 0.0 715524397.5649272 -92376851.95222154 0.0 1227246021.1971388 50382365.00377667 0.0 1806842504.450316 330276793.47057647 0.0 2333544874.9024625 716176805.2351477 0.0 2710871794.8553677 1139330129.1934373 0.0 3314871008.0779567 2002094586.3315396 0.0 3511001.5582266836 -34969030.62681932 0.0 6796172.573922218 -12458922.24321346 0.0 26639403.12336799 -28249300.052548125 0.0 81271322.18872035 -50430844.9855786 0.0 199977485.20933175 -66003654.436981454 0.0 406671644.8358001 -48104502.62337073 0.0 698206573.342056 33511517.815524466 0.0 1032525404.1121434 192605478.97373748 0.0 1341735751.453743 412886882.97542673 0.0 1569256085.8027885 656312579.8037598 0.0 1928413364.224865 1146034223.0953221 0.0 2723222.094188636 -22839848.955317475 0.0 4566690.066821073 -7893624.907198301 0.0 17005445.251116347 -17248205.370439142 0.0 50170044.20796295 -29910158.61729829 0.0 120952915.51280478 -38171426.74791573 0.0 243321597.69829535 -26547091.71276646 0.0 416033331.0686186 22377445.287924126 0.0 615510917.2489617 116773297.39740932 0.0 802829234.0318993 247778710.23164013 0.0 944592438.9819248 393884921.40770257 0.0 1167706615.432198 686057137.311526 0.0 2128316.2211377053 -15525169.099426638 0.0 3178560.388665021 -5215158.853219488 0.0 11314115.867342725 -11021714.341060352 0.0 32364229.849515617 -18601762.578376614 0.0 76466523.97572967 -23164778.359470688 0.0 151995905.6318201 -15375687.538715959 0.0 258367845.35010743 15195239.957414411 0.0 381772700.28375536 73536560.07041532 0.0 499145166.6007686 154616751.00099012 0.0 590303023.1671716 245859995.52572247 0.0 734074327.2402817 428087622.4354726 0.0 1671284.4130733276 -10862843.565032436 0.0 2271511.752492426 -3559968.073678399 0.0 7775218.754989548 -7305305.501471975 0.0 21638264.13337726 -12031944.013390655 0.0 50181350.66087327 -14645218.608698217 0.0 98593766.99617009 -9284625.307527194 0.0 166558080.9203903 10545448.925859688 0.0 245639891.61609516 47995771.296921454 0.0 321664265.05864626 100085955.4521935 0.0 382061168.6497352 159185186.40498915 0.0 477736526.7866727 277434078.09865016 0.0 1319571.8192246328 -7787961.619843675 0.0 1659844.3129874456 -2499292.1362927323 0.0 5492188.284148729 -4997318.927916683 0.0 14919025.511523565 -8052691.353243934 0.0 34023792.60697603 -9597679.264437139 0.0 66131908.562591344 -5815799.95645407 0.0 111052091.69386958 7489399.916488951 0.0 163430514.94641584 32376599.87775272 0.0 214238286.25331014 67008524.75725534 0.0 255395980.52183366 106582592.83260848 0.0 320936801.8478445 186075342.25425732 0.0 1048639.3309004284 -5705975.578801645 0.0 1236891.6234714861 -1798942.5645634437 0.0 3974121.785993511 -3515454.0619461867 0.0 10568257.155268729 -5555094.037148016 0.0 23744689.862368092 -6494078.569976843 0.0 45704294.09444144 -3763505.2343477043 0.0 76323456.27150285 5440246.729544342 0.0 112082969.97433558 22505746.362414744 0.0 147035605.52147716 46257966.87573162 0.0 175826612.33441278 73568593.30403648 0.0 221921854.7592512 128718836.77164955 0.0 839281.8250436656 -4263766.034092678 0.0 938000.6604761222 -1324199.7159846378 0.0 2937798.383113162 -2535736.787034914 0.0 7668126.806430663 -3937381.123073192 0.0 17002684.6598139 -4521837.720785774 0.0 32442528.30178875 -2507642.2236670884 0.0 53903971.02131745 4036180.5026995423 0.0 78999809.14730644 16073822.432217889 0.0 103690339.08895941 32828083.403705116 0.0 124322795.39217582 52195625.330083705 0.0 157527907.6796517 91549015.21735458 0.0 676691.3472906826 -3243953.5813353946 0.0 722629.7257256601 -994711.0248755217 0.0 2213571.42849478 -1870815.2360754092 0.0 5684217.610677259 -2859678.1453964664 0.0 12457783.981755659 -3231013.461121529 0.0 23586671.874244604 -1715769.1971650368 0.0 39012380.34914056 3053086.3375495905 0.0 57069137.710541435 11762889.834730715 0.0 74935277.92283566 23883524.119406875 0.0 90051824.5108581 37959271.95595659 0.0 114497966.54476285 66754675.05740279 0.0 549621.4575173206 -2509094.9214213807 0.0 564671.1816492139 -761095.8699315122 0.0 1696643.602785532 -1408741.3470035144 0.0 4295005.195060051 -2123282.2133005834 0.0 9317173.010568433 -2363416.4946608706 0.0 17519764.975231025 -1202933.9308585876 0.0 28860925.562721565 2350267.747921214 0.0 42148393.90172597 8797900.38442905 0.0 55360947.310092375 17768060.56431981 0.0 66661754.93383116 28226372.23890772 0.0 85018308.72340305 49774583.00532974 0.0 449603.0667360728 -1970281.9805027002 0.0 446925.8223906774 -592199.3600663756 0.0 1320522.6325330979 -1080661.8696598078 0.0 3301391.5164381475 -1608403.1104672488 0.0 7097612.757025198 -1766082.910749813 0.0 13265680.84952986 -862763.253954302 0.0 21775121.535837386 1837854.8001541572 0.0 31752903.125139665 6709875.326707965 0.0 41717884.45168056 13485577.990922095 0.0 50322144.94571204 21412175.078660786 0.0 64354541.980145834 37864246.13548243 0.0 370279.4124287494 -1568812.6297426082 0.0 357832.9832672931 -467896.18799563067 0.0 1042005.2873588111 -843115.4512994514 0.0 2576864.7547215293 -1240800.8987436045 0.0 5496527.771782768 -1345738.938114727 0.0 10218809.450840719 -632221.0122716683 0.0 16721225.607282959 1457353.9272418886 0.0 24351282.399333704 5207345.244055247 0.0 32001159.692139238 10420424.107739417 0.0 38661717.7315007 16536681.50753216 0.0 49563096.22297809 29325905.178153925 0.0 306877.92537354556 -1265194.8754766092 0.0 289479.80980579316 -374904.24091335223 0.0 832412.0466649012 -668014.9894892458 0.0 2039135.482436185 -973297.3012609314 0.0 4319767.347667526 -1043999.9264407713 0.0 7993884.647411828 -472929.4107651131 0.0 13044736.279761761 1169961.9428416952 0.0 18975622.068280667 4104594.9662375753 0.0 24942545.119041886 8182341.666088933 0.0 30176201.47829123 12978425.689466937 0.0 38769321.95659046 23082118.1514415 0.0 255805.9537367471 -1032395.5518991149 0.0 236359.66767153252 -304283.88800288085 0.0 672328.9452808282 -536814.2703757449 0.0 1633524.91557827 -775217.0118579986 0.0 3439929.2493411326 -823436.4025927972 0.0 6340108.776623314 -360943.426911015 0.0 10321504.701475916 949453.8039797621 0.0 14999741.903542973 3280525.773110569 0.0 19721082.247560274 6518083.904226014 0.0 23889390.583798792 10334008.068557952 0.0 30752346.59609712 18432798.138854194 0.0 214347.55386923684 -851608.5285435313 0.0 194581.24845962613 -249908.3117325476 0.0 548375.9974477711 -437022.42388406844 0.0 1322982.0726126446 -626191.4825222221 0.0 2771671.2216584166 -659521.627942045 0.0 5090721.144559862 -280985.8065583914 0.0 8270691.377243299 777785.2609194721 0.0 12009719.830158694 2654462.6501771086 0.0 15793849.001645627 5259709.839905286 0.0 19154264.960622594 8335868.890700399 0.0 24700386.399035968 14913045.852132684 0.0 268624.1139409094 -577273.5101551918 0.0 230524.33806996132 -261292.50377624328 0.0 571201.3250761876 -510464.30048229336 0.0 1252753.2856958085 -873079.1321317885 0.0 2435346.6930014626 -1288099.2749567297 0.0 4207015.536133111 -1600657.2966514125 0.0 6488504.039054952 -1591876.7529757807 0.0 9002569.504284311 -1070561.728638935 0.0 11363404.654914454 28722.462957654683 0.0 13265845.01811044 1625132.0011192001 0.0 22026965.265196167 8280236.08827324 0.0 430019.79895852297 -790884.550829049 0.0 298862.751660328 -318564.4349937679 0.0 692565.4240214222 -655527.8026021391 0.0 1433913.2128758235 -1199894.8370163117 0.0 2649219.4026839957 -1942548.681207236 0.0 4370292.061420258 -2766744.973929039 0.0 6457893.861750684 -3447457.1078221668 0.0 8602214.996390427 -3726183.1829764238 0.0 10433558.972515775 -3427019.6374348924 0.0 11699711.541513545 -2531421.989376296 0.0 14483869.107477013 -215043.7331157559 0.0 364727.2484785499 -670861.4867902003 0.0 251780.52501991278 -268980.52247323724 0.0 579658.3788557743 -549817.8022944795 0.0 1193881.7763360837 -1000759.8089124114 0.0 2196931.009908604 -1612578.5839895844 0.0 3613726.5494452743 -2287709.907239433 0.0 5329852.556295869 -2840621.15715765 0.0 7092441.595694437 -3059633.0131964707 0.0 8600349.167932333 -2801657.6879713666 0.0 9648311.328254592 -2052201.4032393394 0.0 11958033.51171447 -91999.96934195851 0.0 311179.6407502886 -573256.9478176946 0.0 213505.01860616312 -228840.6013929712 0.0 488614.0553098506 -464892.0682696582 0.0 1001550.1084896475 -841735.8796107343 0.0 1836214.337814682 -1350262.8750790085 0.0 3012267.4035600848 -1908117.5171809383 0.0 4434788.533586942 -2360779.0134907146 0.0 5895432.761798325 -2533234.104202413 0.0 7146629.825146076 -2308121.2339473558 0.0 8019852.047079768 -1674281.5068339398 0.0 9949402.41585704 1366.2888950224535 0.0 266918.75763968047 -493230.1805871461 0.0 182117.49967808847 -196060.9262558387 0.0 414501.9586199719 -396016.2643923973 0.0 845883.9526568673 -713466.1624369463 0.0 1545500.419018191 -1139545.0109905766 0.0 2528938.306533277 -1604083.6533611657 0.0 3716766.62071641 -1977192.7811322475 0.0 4935874.244057628 -2112908.969773029 0.0 5981069.66989034 -1914273.635932761 0.0 6712913.661554859 -1372888.7806429134 0.0 8334726.27289315 73035.42843791013 0.0 230067.1863283302 -427122.5809009428 0.0 156170.726877563 -169077.34999220603 0.0 353643.7241063101 -339672.27198787057 0.0 718719.2033127199 -609050.7195734965 0.0 1308925.7972878104 -968650.6187423962 0.0 2136652.8644778365 -1358160.3424119086 0.0 3134908.151937379 -1667459.2774571895 0.0 4158775.512656421 -1773846.888902067 0.0 5036963.654888195 -1596719.208236191 0.0 5653322.290416551 -1129978.2874290948 0.0 7023668.243863171 128756.30455337538 0.0 199177.0502723876 -372140.49378065026 0.0 134561.31727784255 -146702.8838558312 0.0 303263.2597037532 -293215.0907160221 0.0 613941.458904626 -523338.84219440474 0.0 1114675.4732687126 -828835.8445361513 0.0 1815312.3482561274 -1157436.3190782734 0.0 2658946.3167187097 -1415036.3903132332 0.0 3523456.6218401026 -1497747.0922699752 0.0 4264952.900457636 -1338203.5125832483 0.0 4786123.8748967005 -932236.9053885165 0.0 5949162.90293629 172715.3911383227 0.0 173121.31496877043 -326129.99756339734 0.0 116439.45358682827 -128027.4709701511 0.0 261242.45940075745 -254634.27913529595 0.0 526918.6640624744 -452441.31157741445 0.0 953844.8417611534 -713530.165613948 0.0 1549821.3967022423 -992241.5484718501 0.0 2266195.1019814103 -1207559.9302258624 0.0 2999451.362616554 -1270944.4578099146 0.0 3628062.4309333926 -1125844.9380805069 0.0 4070104.187657797 -769722.6089877539 0.0 5060816.906130783 207995.090675169 0.0 151014.87544869084 -287415.222256911 0.0 101144.2615951235 -112346.61760018687 0.0 225948.47362391552 -222385.94730280663 0.0 454103.53339187533 -393389.72504195437 0.0 819647.2696869504 -617741.1702504288 0.0 1328712.1812089744 -855251.145665015 0.0 1939452.732642592 -1035681.976730881 0.0 2563676.05187512 -1083116.9895522115 0.0 3098270.5499399737 -949914.729635408 0.0 3473994.592901615 -634924.3877411262 0.0 4320329.019970867 236890.97067483704 0.0 132156.71057076327 -254681.08006851736 0.0 88157.04953729716 -99109.9993738126 0.0 196110.12064860103 -195273.00502705007 0.0 392751.45240780636 -343895.5266878381 0.0 706855.17193478 -537635.8419777656 0.0 1143177.7956863847 -740857.3056601943 0.0 1665532.0411956806 -892258.3775132991 0.0 2198446.6406066865 -926382.5266655796 0.0 2654105.324752148 -802984.1702519323 0.0 2973810.0969457757 -522104.2925089057 0.0 3698269.9291499862 261133.67378153506 0.0 115987.0370332725 -226887.27997534405 0.0 77067.117585164 -87884.0566786206 0.0 170728.46261704617 -172358.83368381017 0.0 340717.9449787598 -302177.5313476492 0.0 611400.9557282159 -470242.39050107764 0.0 986384.6648899949 -644723.5766674568 0.0 1434217.2773782122 -771773.2821654066 0.0 1890072.343895646 -794659.4877319984 0.0 2278939.3679587976 -679320.9261214039 0.0 2550958.375861423 -426831.2394982144 0.0 3171790.0713458816 282045.79032449133 0.0 102055.33628476282 -203204.77788412882 0.0 67546.51100091258 -78324.49909442806 0.0 149011.41204118845 -152904.38617656508 0.0 296311.6376116177 -266837.0894211343 0.0 530088.8113586575 -413235.4715110533 0.0 852977.6570861238 -563464.814751281 0.0 1237514.7798627953 -669926.713549854 0.0 1627846.219889347 -683209.0775692909 0.0 1959765.5802726708 -574456.6792267894 0.0 2190880.547278824 -345646.7921886027 0.0 2722968.907992908 300653.9466871069 0.0 89996.26215307176 -182968.34107609466 0.0 59331.20050661122 -70155.90198825482 0.0 130325.42647494287 -136321.8944831057 0.0 258186.37988541636 -236766.78019625053 0.0 460384.27735041396 -364779.79173258605 0.0 738719.9092874539 -494414.8333374122 0.0 1069108.6410882098 -583335.6708027368 0.0 1403312.4266198175 -588303.7488871831 0.0 1686308.2269380712 -484873.9486930151 0.0 1882063.1443535571 -275822.854078799 0.0 2337612.862930514 317769.78807609575 0.0 79511.3412759236 -165640.8546712365 0.0 52206.926467240795 -63156.43096760151 0.0 114159.48076775213 -122140.4764055961 0.0 225261.29243036022 -211082.96553998982 0.0 400258.9882658971 -323415.0616961859 0.0 640227.9032268524 -435455.9543717141 0.0 923961.0246816409 -509315.2147830835 0.0 1209728.5622211944 -506984.5311765487 0.0 1450370.5156603586 -407776.801831894 0.0 1615312.1790481396 -215184.08013405936 0.0 2004370.6304050987 334049.1874838008 0.0 70354.96194530552 -150786.25384612987 0.0 45998.458227762036 -57146.30982214649 0.0 100097.94682565957 -109980.3551872006 0.0 196660.93763629993 -189075.50382274468 0.0 348074.9886588203 -287970.54845260625 0.0 554774.6130875578 -384892.7346944811 0.0 798015.6617990659 -445716.5217323333 0.0 1041667.0432210597 -436881.59342703153 0.0 1245350.753473021 -340921.23953353585 0.0 1383214.2347295636 -161976.33128953952 0.0 1714075.34738559 350036.112378749 0.0 62323.56037061923 -138048.84416457196 0.0 40561.37577045641 -51979.04671111773 0.0 87799.99513276169 -99533.37411027291 0.0 171670.1284397654 -170169.92990541062 0.0 302497.69597556035 -257501.03651302072 0.0 480141.790046878 -341357.54565247253 0.0 687975.6905142154 -390805.93628057995 0.0 894716.5915093243 -376080.2691415904 0.0 1065879.9106552855 -282488.46689555293 0.0 1179732.3540851949 -114768.19755875852 0.0 1459250.5285588189 366195.62949047744 0.0 55247.21911301617 -127137.41690091025 0.0 35775.72937615073 -47534.710984486446 0.0 76983.81222475658 -90548.15510101822 0.0 149699.48057751975 -153898.7784565003 0.0 262429.7980056625 -231238.42428148803 0.0 414508.0459529296 -303739.34730822616 0.0 591135.5625028495 -343173.820053478 0.0 765256.468104105 -323020.0786568612 0.0 907547.4080963947 -230989.26293391795 0.0 999899.9690026509 -72376.47545800685 0.0 1233735.28336291 382939.2043548461 0.0 48983.07485679258 -117812.94504010161 0.0 31541.107603972894 -43714.747397833424 0.0 67414.40244857827 -82818.71431555433 0.0 130258.91468205268 -139879.67574150042 0.0 226960.57647901194 -208554.8467973586 0.0 356363.24166883377 -271129.5105425827 0.0 505252.608211986 -301665.2538390564 0.0 650284.0228337322 -276417.9168160409 0.0 766691.5658651628 -185191.0964707261 0.0 839586.7326870064 -33809.12667624903 0.0 1032397.1252172992 400644.5488353247 0.0 43410.11924659624 -109879.03446081624 0.0 27772.76907222803 -40437.95355312577 0.0 58894.07660125296 -76175.67407557576 0.0 112937.08462931823 -127798.48686990883 0.0 195326.68397113122 -188934.37213529457 0.0 304442.3515042112 -242780.2809714692 0.0 428447.91521702945 -265326.9081128988 0.0 547281.619859933 -235209.08619223523 0.0 640237.7950782777 -144062.00322078416 0.0 695317.4661729698 1778.9302428772207 0.0 850909.5578038471 419671.6499609924 0.0 38425.06040578415 -103174.47619812813 0.0 24398.58241543545 -37637.34485001018 0.0 51254.967428005526 -70479.44206420114 0.0 97385.25231200353 -117396.27263595199 0.0 166881.4800693904 -171951.131085856 0.0 257673.8419510218 -218072.6971359855 0.0 359129.0118535647 -233365.97192806963 0.0 454112.8228788321 -198501.60464676132 0.0 525572.2579557549 -106726.89114092411 0.0 564130.5716675639 35120.57161756682 0.0 685577.8378931625 440376.1877960211 0.0 33939.00157385999 -97567.42797507916 0.0 21356.583322937433 -35257.702781244945 0.0 44353.08193663365 -65614.89462661048 0.0 83304.51582764191 -108459.14270479545 0.0 141070.797053029 -157252.3157645097 0.0 215138.92185887802 -196491.63707812544 0.0 295928.85128361767 -205118.14277867472 0.0 368940.426457516 -165540.45131050746 0.0 420441.9919714348 -72433.10327161085 0.0 443465.8890280542 66864.2474381618 0.0 533200.7015203538 463121.25906875334 0.0 29874.75161753583 -92950.87296431708 0.0 18593.00455277205 -33253.65464464415 0.0 38063.52323623857 -61487.221231136 0.0 70435.57562699515 -100810.33137616758 0.0 117413.55126626886 -144544.89563431632 0.0 176038.96018827456 -177606.28267977084 0.0 237657.0130191571 -180022.4714667444 0.0 290160.8345977152 -135679.29113839564 0.0 322874.81475994154 -40522.89075881087 0.0 331074.5438102684 97596.64129309307 0.0 390958.95789353247 488288.127811108 0.0 26164.625052037827 -89239.09198911987 0.0 16060.669124200971 -31588.17114578646 0.0 32276.60355107472 -58018.67483957992 0.0 58550.42294402073 -94303.99562613625 0.0 95486.00725539698 -133585.19673099037 0.0 139669.03791063023 -161054.7327847736 0.0 183260.0546020764 -157601.42413686588 0.0 216350.65388098877 -108357.84509945769 0.0 231113.98098729723 -10411.03526192537 0.0 224945.16942669806 127861.62065110587 0.0 256324.08032015152 516286.59799793316 0.0 22748.621429070085 -86364.95258811867 0.0 13717.662131539792 -30231.39704602048 0.0 26894.635021581988 -55146.0379906494 0.0 47445.480069780875 -88820.36324658168 0.0 74908.78509359274 -124170.70872262416 0.0 105396.08463387309 -146531.81929029612 0.0 131788.6735565732 -137444.93460087842 0.0 146222.3454090917 -83083.52414606676 0.0 143563.74408237683 18433.72132705444 0.0 123242.1947772599 158176.5742346778 0.0 126981.51173504282 547565.529495588 0.0 19572.897896392584 -84277.86968095497 0.0 11526.215147880444 -29159.75162337071 0.0 21829.232097134845 -52818.662897869246 0.0 36935.82661162626 -84261.95345533686 0.0 55335.90380789929 -116133.64447825369 0.0 72640.39517419733 -133779.41547082778 0.0 82369.85928652974 -119197.51916304238 0.0 78586.47548475467 -59416.27046526977 0.0 58742.815888294004 46504.483958612356 0.0 24252.817706499893 189047.0172442695 0.0 764.5292692822643 582623.9869023458 0.0 3384.0695282382153 -116119.26539168468 0.0 12729.963921648508 -32791.59527753263 0.0 23934.518993732272 -59183.683323726844 0.0 40129.112388685906 -93946.53050670498 0.0 59392.76655457078 -128503.50986258757 0.0 76626.07737233854 -146075.82911203997 0.0 84563.26463002335 -126296.91435683193 0.0 76801.555768134 -54779.81431480548 0.0 50929.76196616792 69035.4695279576 0.0 8938.292243831758 233924.55693547666 0.0 -108195.66927555185 616620.5042023322 0.0
    </DataArray>
    <DataArray type="Float32" Name="Power density [Wm^-3]" NumberOfComponents="1" format="ascii">
8.951126869734334e+18 8.817901362467085e+18 5.432073065818778e+18 3.9423191192241633e+18 3.189751135031856e+18 2.7697859357332255e+18 2.5732661794088315e+18 2.6480686868088806e+18 3.3992692389321134e+18 5.77648758531379e+18 6.261324676712889e+18 4.045228459286635e+18 3.7579409777115955e+18 2.7289120492647153e+18 2.2278672206988352e+18 1.9565293467614044e+18 1.794916905764302e+18 1.7325306367184325e+18 1.8450748819633887e+18 2.460983545680585e+18 4.203173887361352e+18 3.74363058744128e+18 1.1843819693163735e+18 1.075313156857382e+18 1.0155710062049719e+18 1.0120696721951877e+18 1.0174895899975965e+18 1.0220042384608477e+18 1.0504211694918289e+18 1.178811875854812e+18 1.6299230901872197e+18 2.7216439251614843e+18 2.2934719974795302e+18 2.7033001167954502e+17 2.6377130866234166e+17 2.7558511159907325e+17 3.0720732303920186e+17 3.4834788873229664e+17 3.8980946188181325e+17 4.396147845705403e+17 5.467712440385669e+17 8.270661590882359e+17 1.398177083234461e+18 1.1526191245682606e+18 8.197525852099669e+16 9.126451021225371e+16 8.348783475153147e+16 8.610853915776896e+16 9.51625690590116e+16 1.1041903170137989e+17 1.4439620867127702e+17 2.2911846305138518e+17 4.158068073332926e+17 7.092966726523964e+17 5.648286687183395e+17 3.753567499968807e+16 4.4097890057598696e+16 3.928847776622218e+16 3.7850596358710424e+16 4.4115101336288776e+16 5.8700268406979976e+16 8.795639968302005e+16 1.4410427189796693e+17 2.3783081282621786e+17 3.616588654552204e+17 2.8205519374626214e+17 2.144648892186433e+16 2.58005712627728e+16 2.398150218765015e+16 2.4450907080324384e+16 3.1827979114310076e+16 4.772156943481929e+16 7.241014466877635e+16 1.0678496631252962e+17 1.513006008219492e+17 2.02932155594502e+17 1.5376300920899693e+17 1.309260728569502e+16 1.6002793138102506e+16 1.5468064482486934e+16 1.643326695720771e+16 2.21915444885157e+16 3.47917476677023e+16 5.344439248072716e+16 7.551344399211754e+16 9.837574367515403e+16 1.2056603771131397e+17 8.864447597320542e+16 8457094228406444.0 1.048647346239191e+16 1.0366488218622562e+16 1.110500794199676e+16 1.4580125865478888e+16 2.2589759759656348e+16 3.4926996198166716e+16 4.8935329619313816e+16 6.148499432406143e+16 7.16244604130118e+16 5.154118932203126e+16 6021498445977847.0 7602215871460569.0 7568512941401877.0 7974453660055155.0 9749684182358290.0 1.4104683796491478e+16 2.1300350898124828e+16 2.969682804518282e+16 3.679575432999444e+16 4.181716705234401e+16 2.9736290069960292e+16 4809654691177529.0 6179889117347416.0 6144710014860907.0 6304984239093273.0 7081042573165225.0 9155268183469432.0 1.2890498599327354e+16 1.7536487507088462e+16 2.1503648985438216e+16 2.415720836787381e+16 1.7103597166858272e+16 4193038920581025.0 5459247333077269.0 5418061999033175.0 5438093596360947.0 5695960006693285.0 6530398511351516.0 8226043679856972.0 1.0538827275517018e+16 1.2626221795243994e+16 1.4041832464526906e+16 9945049842300860.0 3843012579908334.0 5045871298615950.0 5008571037882832.0 4964233134236673.0 4977387605014063.0 5197443553019059.0 5800223946903254.0 6760233040964631.0 7711090494523639.0 8400269243613129.0 5957103451876987.0 3613046599826871.5 4767384391318345.0 4738285759444637.0 4671056095233711.0 4578675376544028.0 4515301644976488.0 4573010838953621.0 4795044036198614.0 5071017412222448.0 5306237120193820.0 3756620680529826.0 3441707021130752.0 4554161686994941.0 4532513344481614.0 4460343453392692.0 4326995321496066.0 4141095301781856.0 3942357430832995.5 3782311277276006.0 3670660045308518.5 3620955221265153.5 2545704299547079.5 3302907622680233.5 4377812588451902.0 4361319842417512.0 4290308996307462.5 4143617899361782.0 3908855707377280.0 3596354655796746.5 3248158131113154.0 2923190958030504.5 2700329866219586.0 1876787310500931.0 3184911438156685.5 4225892144376150.5 4212530914491471.5 4144090986401410.5 3995099461884827.5 3743817791396748.5 3385144133183778.5 2949898739290860.0 2513632936913758.5 2190652878390580.8 1502999099906385.2 3081998624954638.5 4092354942672230.0 4080786799473346.0 4014897222866079.5 3867773296592100.5 3613765274258972.0 3240022432235589.5 2768727893599169.5 2278636332519889.5 1901206349469388.8 1289558818681309.2 2991098711285835.0 3973889367477955.5 3963345407846959.5 3899716991177746.0 3755935584067177.5 3504923866839360.5 3130074620192672.0 2647740369948329.5 2135004567384547.2 1730256097593922.8 1163420310526373.5 2910355864741837.0 3868412933361138.5 3858489116489468.5 3796873170188450.0 3656880498844497.5 3411111140649778.0 3041193599448073.5 2559682777197866.5 2040566618183240.8 1623833249722219.2 1085218610141322.4 2838489565544776.0 3774418131721318.5 3764916223106619.5 3705137786575315.5 3568978590894149.5 3329184877461152.5 2966585293764411.5 2491217185057298.5 1973802674881640.0 1553334446346322.2 1033808560327356.8 2774504333051933.0 3690682236494358.0 3681510313731518.0 3623440065243585.5 3490989712174911.5 3257230963562189.5 2902647859493454.0 2435522803910489.0 1923534546487588.2 1503532904903402.2 997821186493637.9 2717558945483058.0 3616140814717169.5 3607257351700340.0 3550784760331770.5 3421839353465476.0 3193868422411804.0 2847221355159910.5 2388878007328367.5 1883783345152268.8 1466229727376360.5 971098464614472.1 2666909175963596.5 3549835240752039.5 3541219955529837.5 3486238540250559.5 3360555279074870.5 3137987805968640.0 2798845375061322.0 2349083752299948.0 1851216153210057.0 1436918899537785.0 950250389427957.1 2621883660429113.0 3490892393158083.5 3482532153625556.0 3428934139498018.5 3306253360252653.5 3088650846878564.5 2756437077727990.5 2314727210912473.0 1823874721421999.8 1413045261088388.2 933359530212886.0 2744360972468434.5 3435374630339899.5 3421056585658471.5 3359684700160726.0 3227610238087541.5 3000087961354506.5 2660790799769838.5 2220609369026854.0 1743530861765164.8 1356976134871109.5 829386713244061.5 2529783535800482.5 3383521288435579.5 3374336145533568.0 3322989012568459.5 3207423730802210.5 3003659876754100.5 2694472309519776.5 2285135358917673.0 1823549543184777.8 1415187751818181.8 933240302928886.0 2500021000951310.5 3343039787136725.5 3334119530864105.5 3283763034643648.0 3170140133513482.5 2969367778282606.0 2663983076154042.0 2258643577260637.5 1800823025362448.0 1396096634815674.2 919990436296975.4 2473590482607986.0 3307107563688585.5 3298461867425195.5 3249030857265930.5 3137182548165200.5 2939120862304627.5 2637174780395987.0 2235448350867244.2 1781009392046052.8 1379503216377884.5 908502156533916.9 2450115455906685.0 3275205525865757.5 3266830959015533.5 3218253051388123.5 3108013885951824.0 2912394979235499.5 2613542471785457.5 2215063942141309.8 1763647912872476.8 1364992075272041.2 898471832494770.5 2429262974421296.0 3246875827295023.5 3238760826099762.5 3190961625811596.0 3082173514016091.5 2888747325620404.5 2592668383238454.0 2197099511825229.0 1748379029498906.2 1352246762958611.0 889671982026414.1 2410739379963300.5 3221715504178496.5 3213843815411224.0 3166750230470900.0 3059265146784741.5 2867801432754280.0 2574202920542248.5 2181234589144053.2 1734914229073933.2 1341017629631262.0 881925313323398.2 2394286168312102.5 3199370452569810.5 3191723469338508.0 3145265710120517.5 3038946914591453.5 2849235535400390.0 2557850905474015.5 2167202621071194.0 1723017139700106.2 1331102458708061.2 875089433585141.5 2379676130874919.0 3179529876364305.5 3172088184460397.5 3126200867873888.0 3020923186697242.5 2832773418382451.5 2543361322638525.5 2154779461346405.0 1712491077305251.2 1322334234595488.2 869047413174835.4 2366709872228882.0 3161921334709070.5 3154665670228474.5 3109288297539239.5 3004937812189337.5 2818177119762825.0 2530519494528705.0 2143775023170637.2 1703170467082111.8 1314573029818392.0 863701667804081.5 2355212499912295.5 3146306101557977.5 3139217970414015.5 3094295051274085.5 2990768471494029.5 2805241034899821.5 2519140987541164.0 2134027040417620.8 1694914692469088.2 1307700371798272.8 858969795429974.5 2345030802017410.0 3132475178443977.5 3125537188751772.0 3081018115619365.5 2978221974584890.0 2793787124667780.5 2509066797852834.5 2125396293996855.8 1687603536676243.0 1301615171311006.8 854781616674112.8 2336030720055896.0 3120245781243876.0 3113441802075862.0 3069280573567393.5 2967130340389945.5 2783660997710170.0 2500159504177632.0 2117762890869179.8 1681133713050867.2 1296230680300704.0 851076991451040.5 2328095130137635.5 3109458259869908.0 3102773468373406.5 3058928333955556.5 2957347510282205.0 2774728683799782.5 2492300160233530.0 2111023318993609.0 1675416169806851.2 1291472158109332.0 847804159344851.2 2321121907919288.5 3099973420093338.0 3093394276135768.0 3049827345503250.5 2948746585700651.0 2766873961545792.5 2485385762005442.5 2105088083710592.8 1670373953659271.2 1287275041450697.0 844918447423443.4 2315022239081140.0 3091670187528620.0 3085184375961781.5 3041861228147412.0 2941217506330463.0 2759996138971482.5 2479327172105302.5 2099879796825663.8 1665940500576143.8 1283583486942334.8 842381245853191.2 2309719232850044.5 3084443691292479.5 3078040013282634.5 3034929290945334.5 2934665108655074.0 2754008208600700.5 2474047409795689.5 2095331617514500.2 1662058250482803.0 1280349195444514.8 840159184447743.5 2305146626646850.0 3078203500259101.5 3071871780190000.0 3028944817271178.5 2929007475717221.5 2748835299628692.5 2469480231898599.5 2091385969322837.2 1658677514630493.8 1277530454051520.0 838223463616148.2 2301247744718112.5 3072872173775706.5 3066603151900277.5 3023833622524635.5 2924174552219406.5 2744413386058938.0 2465568956988997.5 2087993484285827.0 1655755545401429.8 1275091350626545.5 836549306945487.0 2297974612206086.0 3068384046000970.5 3062169269700894.5 3019532855256922.5 2920106994131560.0 2740688215929670.0 2462265493816727.5 2085112132676330.0 1653255770515916.2 1273001127615465.8 835115511585618.2 2295287209010838.5 3064684200338129.5 3058515920660720.5 3015989998977058.5 2916755215490636.0 2737614427257296.5 2459529541790307.5 2082706507682289.0 1651147162567190.0 1271233650113682.5 833904078669092.5 2293152854106903.0 3061727620551654.0 3055598694392011.5 3013162050133187.5 2914078606856496.5 2735154826015747.5 2457327938497896.5 2080747240770762.2 1649403721749779.2 1269766969188994.8 832899910350059.4 2291545707575179.0 3059478502142054.0 3053382300015724.0 3011014853038454.0 2912044903433634.5 2733279802870323.5 2455634133423709.5 2079210528392944.8 1648004054427414.8 1268582965884596.8 832090563237167.8 2290446380121060.5 3057909709597928.5 3051840029033106.5 3009522577990014.0 2910629690055412.5 2731966876073525.5 2454427773680356.5 2078077756216720.2 1646931034621588.2 1267667064856192.0 831466050459403.4 2289841642206534.0 3057002368340663.5 3050953352384045.5 3008667330449690.5 2909816030740892.5 2731200348746345.5 2453694390729633.5 2077335209904522.8 1646171538597826.2 1267008009325940.0 831018686535513.8 3052882190162263.0 3819926662610585.0 3815791304399794.5 3768598990875491.0 3653545008401468.5 3441734465732134.0 3108119962348000.0 2649063670455609.0 2112299939406002.5 1623081707276940.5 1107657294293381.9
    </DataArray>
    <DataArray type="Float32" Name="Temperature [K]" NumberOfComponents="1" format="ascii">
350.4894934388848 369.40991065806486 379.38428059091655 386.1519159214929 391.5121993858309 396.15765487231766 400.4417579137182 404.53483510170435 408.27154339824045 410.22065409419656 405.5178020915467 348.266833261003 365.13033284125066 375.5727106401186 382.9266435490576 388.6994811723373 393.5875576487971 397.9730399470997 402.03847611602276 405.60934387207305 407.2991462247678 402.7983547254923 344.1455889470189 357.59583679391227 367.80240483080263 375.64270068751097 381.90575082236217 387.11371384742023 391.59747886202564 395.5034873553141 398.6129955794764 399.6934279653995 395.7177751055057 340.11756868863887 350.93032339215057 360.0634739069613 367.5971526962411 373.8219392547075 379.01382970340177 383.364045076937 386.9196892613808 389.4092990300328 389.8733758975277 386.57226700871587 336.4681965196256 345.43240473888505 353.3949495944756 360.2477595069121 366.0545937764495 370.92149424437116 374.9207949222152 378.0140942915064 379.9243249717008 379.9844405064415 377.3092659907744 333.1529325980727 340.74780171414045 347.66328382452764 353.7651710606709 359.0227087025847 363.4393055925809 366.9992495042776 369.60905863600794 371.0315329027817 370.864367158906 368.701178921915 330.12361736016976 336.6410573175769 342.648373542237 348.0219819307826 352.69516316579063 356.6197300351491 359.7306454884569 361.91496366222424 362.9919420405271 362.73437175714923 360.9709263242577 327.3476288517325 332.9824646992699 338.20471350652673 342.9062003799277 347.0093792997774 350.44603393743387 353.13479909658645 354.96771071729944 355.81303073706965 355.54381065340743 354.0956598311763 324.80251963393323 329.69739520722766 334.2411482813907 338.33984864767905 341.91633715789703 344.8990413572798 347.20883866301875 348.7539792997295 349.4398921492342 349.19399361198884 347.9972922392571 322.4711164325965 326.7376282997749 330.6955381104138 334.26357145560144 337.3701255729229 339.94803647722665 341.9278238520409 343.23626824073745 343.8058426614067 343.59320766090735 342.59686505907865 320.33872645959747 324.06763452933234 327.5202425352698 330.62652900578684 333.32259594607245 335.54873620583163 337.24660950113264 338.359436566437 338.83897068733756 338.6580240782443 337.82069532108005 318.39185051795147 321.65857631678097 324.6755703121403 327.3827512776569 329.7244175465188 331.64900349219704 333.108410480704 334.0588916995283 334.46569726164495 334.31098048922564 333.599835376546 316.6176481403828 319.48564671573877 322.12698837303765 324.4902755832824 326.52761511830107 328.1951542078979 329.45344686762314 330.2685621424351 330.61507447350124 330.48080881975005 329.8703674573281 315.00373264807996 317.52678612783865 319.8438427748079 321.91100953209 323.6874129908528 325.1360350645927 326.22448917283106 326.9261158420043 327.2219149756021 327.10330210243023 326.5740926047573 313.5381213552421 315.76202337815425 317.79868818417276 319.6106501461795 321.163143323547 322.42499810933356 323.3695135957288 323.97543666755496 324.228240707359 324.1216967566896 323.65891652668495 312.20926347760945 314.1731300134067 315.9668780125095 317.55850971962707 318.9184744203305 320.0205167806164 320.84250578036784 321.36726650778337 321.58345380518807 321.4864383808885 321.07878781492565 311.0060985195224 312.74342864593643 314.3262707153197 315.72725766229894 316.9212465808563 317.88607615098067 318.6033010580257 319.05888130736946 319.2437988599538 319.1545519155091 318.79330837631164 309.9181163691429 311.4576696047026 312.85698861025884 314.0926185689056 315.1431234559164 315.9897428268191 316.6170219785199 317.0133776162556 317.1715461130907 317.08885245640886 316.76717691906833 308.93540474846964 310.3019336774326 311.5412026418288 312.63305996758635 313.55918212819904 314.30363518761095 314.85340823119674 315.19887729068114 315.3341395771226 315.25715047428093 314.9695855610846 308.04867909804267 309.26354301125366 310.3629338259991 311.3294908073664 312.1475054562054 312.8033987552556 313.2861711694008 313.5877850681837 313.70341934815974 313.6315270012938 313.37363929292354 307.2492951001253 308.3309741429021 309.3078692352367 310.1649819569765 310.88880527324574 311.4677291021551 311.8924208488722 312.15614333376556 312.2549523323421 312.1877046884298 311.9558307913597 306.5292463320502 307.4937721864107 308.3631925869223 309.12451355309076 309.76608661800293 310.27795457874885 310.6521751817299 310.88308820239473 310.96747110310633 310.90451517901306 310.69558070188 305.8811502398236 306.74246695282517 307.51742968200017 308.1947501604731 308.7643541817971 309.21767795730875 309.54794563054423 309.7503962084346 309.8224078666327 309.76345262585994 309.5748419578894 305.2982255365048 306.06849210660823 306.76030851676495 307.3638425570848 307.8703581395211 308.2724710722071 308.56438915315465 308.7421072587601 308.8035077590445 308.74830023358106 308.5777617338058 304.7742637172576 305.4641082785835 306.0826334331356 306.62125390475893 307.07237502449215 307.4296152089338 307.68801569018785 307.8442101939419 307.8965068621815 307.8448171885053 307.6903931891291 304.30359687990784 304.9223307447407 305.47617235683214 305.95760767457955 306.3600190195381 306.67788021536484 306.90694160528597 307.0443793128074 307.08886264968726 307.040475054065 306.9004493904707 303.88106355722374 304.43686199175374 304.9335560123813 305.3645546779502 305.72407930326693 306.0073360987817 306.2106809926312 306.3317523701114 306.3695269500823 306.3242346477536 306.19709268202706 303.50197384899633 304.0020292663169 304.4481879621617 304.8346567282942 305.15637957548705 305.40919179835333 305.58996821693586 305.6967424559775 305.72875356380104 305.68635617311 305.5707538114777 303.1620747991852 303.6127270478244 304.0141643512976 304.36128471574443 304.6496564233688 304.8756567052855 305.03660630484546 305.13087772001177 305.1579343243876 305.118236838359 305.01297609097185 302.85751669171736 303.26436428061317 303.62620231709786 303.9385291565241 304.1974537030875 304.39982127723954 304.5433368407651 304.62666413579535 304.64945868813805 304.6122713550279 304.51628070791486 302.58482072812035 302.95281613904797 303.2795761174724 303.561121547384 303.79403056823327 303.9755537454688 304.1037278535311 304.1774674661633 304.196592937485 304.16173161897393 304.07404998841787 302.3408483900197 302.67438006424675 302.9700601329511 303.2243650985825 303.4342811676912 303.59741045026203 303.71207684536245 303.77741134200585 303.79337585641656 303.7606625842199 303.68042597347613 302.1227726693945 302.4257357960935 302.6938779934138 302.9240736312222 303.1136643640006 303.26055777762923 303.36332664309174 303.4212889549488 303.43452833543654 303.4037918927075 303.33022211680446 301.9280512606635 302.2039091218286 302.44765716942567 302.65651760637667 302.82814209522553 302.9607040243113 303.0529921718961 303.1044863253613 303.11537483131946 303.08645125748257 303.0188462755231 301.7544017440147 302.00623906831856 302.2283884475833 302.4183764069044 302.57412522732596 302.6940398045186 302.77709658678236 302.8229154712866 302.8317749752223 302.80450794131264 302.74223345889277 301.5997787432052 301.8303482758645 302.0333897793562 302.2066961217582 302.3484259280485 302.4571858436283 302.5321154654359 302.57295609361955 302.5800639154525 302.55430494859826 302.49678704063115 301.46235300926213 301.67411630599923 301.8602740549135 302.0188521910547 302.14821574487115 302.2471471924632 302.3149279822673 302.3514046252437 302.3570002161287 302.33260877155584 302.27932733835024 301.34049236008775 301.5356556511282 301.70692040694274 301.8525163608809 301.97098869435433 302.06127304947563 302.12277415882 302.15542967978575 302.1597203233017 302.1365637138412 302.08704662805457 301.23274439279646 301.41329023061485 301.5714486966371 301.70562747345525 301.8145287737953 301.8972215044147 301.95321742894805 301.9825330889394 301.9856987657382 301.96365196492405 301.9174697991373 301.1378208784623 301.3055361748394 301.4521968754204 301.5763656832359 301.6768813924887 301.75292862148746 301.8041118751341 301.8305158434232 301.8327133859715 301.81165872331326 301.768419971125 301.05458374631445 301.21108471557943 301.34770095249746 301.46312974501967 301.55632829249845 301.6265813670655 301.67357359024703 301.6974483573036 301.6988150040995 301.6786417713215 301.63798849159895 300.98203256514245 301.12878701759985 301.25667733075056 301.3645170677435 301.45136559032983 301.51659396011775 301.5599557010255 301.5816445629916 301.5823010065033 301.5629049923777 301.52450881849035 300.91929343273137 301.05764080211173 301.1780073022572 301.2793062689197 301.3606846233682 301.421587285522 301.4618266588117 301.48163941817563 301.48169242758246 301.4629753970798 301.426533861867 300.8656091891866 300.9967786285622 301.1107235210202 301.20644200093375 301.28315533031247 301.34037106347944 301.3779514621047 301.3961694689571 301.3957141574253 301.3775832886607 301.3428164224751 300.8203308761187 300.94545771590674 301.0539982939352 301.14502185223785 301.2178119341978 301.27192851403515 301.3072755262745 301.3241561676087 301.3232779641419 301.3056452542925 301.27229241837205 300.7829103707162 300.9030511988387 301.0071335525382 301.0942851548536 301.16384073121424 301.21540329564135 301.2489109599004 301.2646916903827 301.2634680680942 301.246249717263 301.2140666383724 300.7528941313986 300.8690407282132 300.9695523878897 301.0536035551518 301.12056981928845 301.17008853192357 301.2021250459495 301.2170270420242 301.2155290478312 301.1986448278332 301.1674008029093 300.7299179997883 300.843010338134 300.94079204929955 301.02247322809296 301.0874606280224 301.1354177722174 301.1663307604374 301.1805622702128 301.1788558953096 301.1622285086091 301.1317037502683 300.71370301203586 300.8246415149317 300.92049832476414 301.0005086364409 301.06410113669403 301.1109577598064 301.1410791921779 301.15483864598826 301.1529860718925 301.13654050444865 301.1065235998241 300.70405218097557 300.8137094156167 300.9084212371729 300.9874377562853 301.05020069013193 301.0964029077343 301.12605375545024 301.139532696088 301.1375934474661 301.121256318053 301.0915417746354 300.7008482191093 300.81008019539996 300.9044120057671 300.98309870884447 301.0455863438382 301.09157140613837 301.12106611351646 301.1344520007093 301.13248403348615 301.11618294113805 301.08656879417197
    </DataArray>
   </PointData>
  </Piece>
 </UnstructuredGrid>
</VTKFile>
