<?xml version="1.0"?>
<VTKFile type="UnstructuredGrid" version="0.1" byte_order="LittleEndian">
 <UnstructuredGrid>
  <Piece NumberOfPoints="561" NumberOfCells="1000">
   <Points>
    <DataArray type="Float32" NumberOfComponents="3" format="ascii">
0.0 1e-08 0.0
0.0 1.1000000000000001e-08 0.0
0.0 1.2000000000000002e-08 0.0
0.0 1.3e-08 0.0
0.0 1.4000000000000001e-08 0.0
0.0 1.5000000000000002e-08 0.0
0.0 1.6e-08 0.0
0.0 1.7e-08 0.0
0.0 1.8000000000000002e-08 0.0
0.0 1.9e-08 0.0
0.0 2e-08 0.0
1e-09 1e-08 0.0
1e-09 1.1000000000000001e-08 0.0
1e-09 1.2000000000000002e-08 0.0
1e-09 1.3e-08 0.0
1e-09 1.4000000000000001e-08 0.0
1e-09 1.5000000000000002e-08 0.0
1e-09 1.6e-08 0.0
1e-09 1.7e-08 0.0
1e-09 1.8000000000000002e-08 0.0
1e-09 1.9e-08 0.0
1e-09 2e-08 0.0
2e-09 1e-08 0.0
2e-09 1.1000000000000001e-08 0.0
2e-09 1.2000000000000002e-08 0.0
2e-09 1.3e-08 0.0
2e-09 1.4000000000000001e-08 0.0
2e-09 1.5000000000000002e-08 0.0
2e-09 1.6e-08 0.0
2e-09 1.7e-08 0.0
2e-09 1.8000000000000002e-08 0.0
2e-09 1.9e-08 0.0
2e-09 2e-08 0.0
3.0000000000000004e-09 1e-08 0.0
3.0000000000000004e-09 1.1000000000000001e-08 0.0
3.0000000000000004e-09 1.2000000000000002e-08 0.0
3.0000000000000004e-09 1.3e-08 0.0
3.0000000000000004e-09 1.4000000000000001e-08 0.0
3.0000000000000004e-09 1.5000000000000002e-08 0.0
3.0000000000000004e-09 1.6e-08 0.0
3.0000000000000004e-09 1.7e-08 0.0
3.0000000000000004e-09 1.8000000000000002e-08 0.0
3.0000000000000004e-09 1.9e-08 0.0
3.0000000000000004e-09 2e-08 0.0
4e-09 1e-08 0.0
4e-09 1.1000000000000001e-08 0.0
4e-09 1.2000000000000002e-08 0.0
4e-09 1.3e-08 0.0
4e-09 1.4000000000000001e-08 0.0
4e-09 1.5000000000000002e-08 0.0
4e-09 1.6e-08 0.0
4e-09 1.7e-08 0.0
4e-09 1.8000000000000002e-08 0.0
4e-09 1.9e-08 0.0
4e-09 2e-08 0.0
5e-09 1e-08 0.0
5e-09 1.1000000000000001e-08 0.0
5e-09 1.2000000000000002e-08 0.0
5e-09 1.3e-08 0.0
5e-09 1.4000000000000001e-08 0.0
5e-09 1.5000000000000002e-08 0.0
5e-09 1.6e-08 0.0
5e-09 1.7e-08 0.0
5e-09 1.8000000000000002e-08 0.0
5e-09 1.9e-08 0.0
5e-09 2e-08 0.0
6.000000000000001e-09 1e-08 0.0
6.000000000000001e-09 1.1000000000000001e-08 0.0
6.000000000000001e-09 1.2000000000000002e-08 0.0
6.000000000000001e-09 1.3e-08 0.0
6.000000000000001e-09 1.4000000000000001e-08 0.0
6.000000000000001e-09 1.5000000000000002e-08 0.0
6.000000000000001e-09 1.6e-08 0.0
6.000000000000001e-09 1.7e-08 0.0
6.000000000000001e-09 1.8000000000000002e-08 0.0
6.000000000000001e-09 1.9e-08 0.0
6.000000000000001e-09 2e-08 0.0
7.000000000000001e-09 1e-08 0.0
7.000000000000001e-09 1.1000000000000001e-08 0.0
7.000000000000001e-09 1.2000000000000002e-08 0.0
7.000000000000001e-09 1.3e-08 0.0
7.000000000000001e-09 1.4000000000000001e-08 0.0
7.000000000000001e-09 1.5000000000000002e-08 0.0
7.000000000000001e-09 1.6e-08 0.0
7.000000000000001e-09 1.7e-08 0.0
7.000000000000001e-09 1.8000000000000002e-08 0.0
7.000000000000001e-09 1.9e-08 0.0
7.000000000000001e-09 2e-08 0.0
8e-09 1e-08 0.0
8e-09 1.1000000000000001e-08 0.0
8e-09 1.2000000000000002e-08 0.0
8e-09 1.3e-08 0.0
8e-09 1.4000000000000001e-08 0.0
8e-09 1.5000000000000002e-08 0.0
8e-09 1.6e-08 0.0
8e-09 1.7e-08 0.0
8e-09 1.8000000000000002e-08 0.0
8e-09 1.9e-08 0.0
8e-09 2e-08 0.0
9.000000000000001e-09 1e-08 0.0
9.000000000000001e-09 1.1000000000000001e-08 0.0
9.000000000000001e-09 1.2000000000000002e-08 0.0
9.000000000000001e-09 1.3e-08 0.0
9.000000000000001e-09 1.4000000000000001e-08 0.0
9.000000000000001e-09 1.5000000000000002e-08 0.0
9.000000000000001e-09 1.6e-08 0.0
9.000000000000001e-09 1.7e-08 0.0
9.000000000000001e-09 1.8000000000000002e-08 0.0
9.000000000000001e-09 1.9e-08 0.0
9.000000000000001e-09 2e-08 0.0
1e-08 1e-08 0.0
1e-08 1.1000000000000001e-08 0.0
1e-08 1.2000000000000002e-08 0.0
1e-08 1.3e-08 0.0
1e-08 1.4000000000000001e-08 0.0
1e-08 1.5000000000000002e-08 0.0
1e-08 1.6e-08 0.0
1e-08 1.7e-08 0.0
1e-08 1.8000000000000002e-08 0.0
1e-08 1.9e-08 0.0
1e-08 2e-08 0.0
1.1000000000000001e-08 1e-08 0.0
1.1000000000000001e-08 1.1000000000000001e-08 0.0
1.1000000000000001e-08 1.2000000000000002e-08 0.0
1.1000000000000001e-08 1.3e-08 0.0
1.1000000000000001e-08 1.4000000000000001e-08 0.0
1.1000000000000001e-08 1.5000000000000002e-08 0.0
1.1000000000000001e-08 1.6e-08 0.0
1.1000000000000001e-08 1.7e-08 0.0
1.1000000000000001e-08 1.8000000000000002e-08 0.0
1.1000000000000001e-08 1.9e-08 0.0
1.1000000000000001e-08 2e-08 0.0
1.2000000000000002e-08 1e-08 0.0
1.2000000000000002e-08 1.1000000000000001e-08 0.0
1.2000000000000002e-08 1.2000000000000002e-08 0.0
1.2000000000000002e-08 1.3e-08 0.0
1.2000000000000002e-08 1.4000000000000001e-08 0.0
1.2000000000000002e-08 1.5000000000000002e-08 0.0
1.2000000000000002e-08 1.6e-08 0.0
1.2000000000000002e-08 1.7e-08 0.0
1.2000000000000002e-08 1.8000000000000002e-08 0.0
1.2000000000000002e-08 1.9e-08 0.0
1.2000000000000002e-08 2e-08 0.0
1.3e-08 1e-08 0.0
1.3e-08 1.1000000000000001e-08 0.0
1.3e-08 1.2000000000000002e-08 0.0
1.3e-08 1.3e-08 0.0
1.3e-08 1.4000000000000001e-08 0.0
1.3e-08 1.5000000000000002e-08 0.0
1.3e-08 1.6e-08 0.0
1.3e-08 1.7e-08 0.0
1.3e-08 1.8000000000000002e-08 0.0
1.3e-08 1.9e-08 0.0
1.3e-08 2e-08 0.0
1.4000000000000001e-08 1e-08 0.0
1.4000000000000001e-08 1.1000000000000001e-08 0.0
1.4000000000000001e-08 1.2000000000000002e-08 0.0
1.4000000000000001e-08 1.3e-08 0.0
1.4000000000000001e-08 1.4000000000000001e-08 0.0
1.4000000000000001e-08 1.5000000000000002e-08 0.0
1.4000000000000001e-08 1.6e-08 0.0
1.4000000000000001e-08 1.7e-08 0.0
1.4000000000000001e-08 1.8000000000000002e-08 0.0
1.4000000000000001e-08 1.9e-08 0.0
1.4000000000000001e-08 2e-08 0.0
1.5000000000000002e-08 1e-08 0.0
1.5000000000000002e-08 1.1000000000000001e-08 0.0
1.5000000000000002e-08 1.2000000000000002e-08 0.0
1.5000000000000002e-08 1.3e-08 0.0
1.5000000000000002e-08 1.4000000000000001e-08 0.0
1.5000000000000002e-08 1.5000000000000002e-08 0.0
1.5000000000000002e-08 1.6e-08 0.0
1.5000000000000002e-08 1.7e-08 0.0
1.5000000000000002e-08 1.8000000000000002e-08 0.0
1.5000000000000002e-08 1.9e-08 0.0
1.5000000000000002e-08 2e-08 0.0
1.6e-08 1e-08 0.0
1.6e-08 1.1000000000000001e-08 0.0
1.6e-08 1.2000000000000002e-08 0.0
1.6e-08 1.3e-08 0.0
1.6e-08 1.4000000000000001e-08 0.0
1.6e-08 1.5000000000000002e-08 0.0
1.6e-08 1.6e-08 0.0
1.6e-08 1.7e-08 0.0
1.6e-08 1.8000000000000002e-08 0.0
1.6e-08 1.9e-08 0.0
1.6e-08 2e-08 0.0
1.7e-08 1e-08 0.0
1.7e-08 1.1000000000000001e-08 0.0
1.7e-08 1.2000000000000002e-08 0.0
1.7e-08 1.3e-08 0.0
1.7e-08 1.4000000000000001e-08 0.0
1.7e-08 1.5000000000000002e-08 0.0
1.7e-08 1.6e-08 0.0
1.7e-08 1.7e-08 0.0
1.7e-08 1.8000000000000002e-08 0.0
1.7e-08 1.9e-08 0.0
1.7e-08 2e-08 0.0
1.8000000000000002e-08 1e-08 0.0
1.8000000000000002e-08 1.1000000000000001e-08 0.0
1.8000000000000002e-08 1.2000000000000002e-08 0.0
1.8000000000000002e-08 1.3e-08 0.0
1.8000000000000002e-08 1.4000000000000001e-08 0.0
1.8000000000000002e-08 1.5000000000000002e-08 0.0
1.8000000000000002e-08 1.6e-08 0.0
1.8000000000000002e-08 1.7e-08 0.0
1.8000000000000002e-08 1.8000000000000002e-08 0.0
1.8000000000000002e-08 1.9e-08 0.0
1.8000000000000002e-08 2e-08 0.0
1.9e-08 1e-08 0.0
1.9e-08 1.1000000000000001e-08 0.0
1.9e-08 1.2000000000000002e-08 0.0
1.9e-08 1.3e-08 0.0
1.9e-08 1.4000000000000001e-08 0.0
1.9e-08 1.5000000000000002e-08 0.0
1.9e-08 1.6e-08 0.0
1.9e-08 1.7e-08 0.0
1.9e-08 1.8000000000000002e-08 0.0
1.9e-08 1.9e-08 0.0
1.9e-08 2e-08 0.0
2e-08 1e-08 0.0
2e-08 1.1000000000000001e-08 0.0
2e-08 1.2000000000000002e-08 0.0
2e-08 1.3e-08 0.0
2e-08 1.4000000000000001e-08 0.0
2e-08 1.5000000000000002e-08 0.0
2e-08 1.6e-08 0.0
2e-08 1.7e-08 0.0
2e-08 1.8000000000000002e-08 0.0
2e-08 1.9e-08 0.0
2e-08 2e-08 0.0
2.1000000000000003e-08 1e-08 0.0
2.1000000000000003e-08 1.1000000000000001e-08 0.0
2.1000000000000003e-08 1.2000000000000002e-08 0.0
2.1000000000000003e-08 1.3e-08 0.0
2.1000000000000003e-08 1.4000000000000001e-08 0.0
2.1000000000000003e-08 1.5000000000000002e-08 0.0
2.1000000000000003e-08 1.6e-08 0.0
2.1000000000000003e-08 1.7e-08 0.0
2.1000000000000003e-08 1.8000000000000002e-08 0.0
2.1000000000000003e-08 1.9e-08 0.0
2.1000000000000003e-08 2e-08 0.0
2.2000000000000002e-08 1e-08 0.0
2.2000000000000002e-08 1.1000000000000001e-08 0.0
2.2000000000000002e-08 1.2000000000000002e-08 0.0
2.2000000000000002e-08 1.3e-08 0.0
2.2000000000000002e-08 1.4000000000000001e-08 0.0
2.2000000000000002e-08 1.5000000000000002e-08 0.0
2.2000000000000002e-08 1.6e-08 0.0
2.2000000000000002e-08 1.7e-08 0.0
2.2000000000000002e-08 1.8000000000000002e-08 0.0
2.2000000000000002e-08 1.9e-08 0.0
2.2000000000000002e-08 2e-08 0.0
2.3e-08 1e-08 0.0
2.3e-08 1.1000000000000001e-08 0.0
2.3e-08 1.2000000000000002e-08 0.0
2.3e-08 1.3e-08 0.0
2.3e-08 1.4000000000000001e-08 0.0
2.3e-08 1.5000000000000002e-08 0.0
2.3e-08 1.6e-08 0.0
2.3e-08 1.7e-08 0.0
2.3e-08 1.8000000000000002e-08 0.0
2.3e-08 1.9e-08 0.0
2.3e-08 2e-08 0.0
2.4000000000000003e-08 1e-08 0.0
2.4000000000000003e-08 1.1000000000000001e-08 0.0
2.4000000000000003e-08 1.2000000000000002e-08 0.0
2.4000000000000003e-08 1.3e-08 0.0
2.4000000000000003e-08 1.4000000000000001e-08 0.0
2.4000000000000003e-08 1.5000000000000002e-08 0.0
2.4000000000000003e-08 1.6e-08 0.0
2.4000000000000003e-08 1.7e-08 0.0
2.4000000000000003e-08 1.8000000000000002e-08 0.0
2.4000000000000003e-08 1.9e-08 0.0
2.4000000000000003e-08 2e-08 0.0
2.5000000000000002e-08 1e-08 0.0
2.5000000000000002e-08 1.1000000000000001e-08 0.0
2.5000000000000002e-08 1.2000000000000002e-08 0.0
2.5000000000000002e-08 1.3e-08 0.0
2.5000000000000002e-08 1.4000000000000001e-08 0.0
2.5000000000000002e-08 1.5000000000000002e-08 0.0
2.5000000000000002e-08 1.6e-08 0.0
2.5000000000000002e-08 1.7e-08 0.0
2.5000000000000002e-08 1.8000000000000002e-08 0.0
2.5000000000000002e-08 1.9e-08 0.0
2.5000000000000002e-08 2e-08 0.0
2.6e-08 1e-08 0.0
2.6e-08 1.1000000000000001e-08 0.0
2.6e-08 1.2000000000000002e-08 0.0
2.6e-08 1.3e-08 0.0
2.6e-08 1.4000000000000001e-08 0.0
2.6e-08 1.5000000000000002e-08 0.0
2.6e-08 1.6e-08 0.0
2.6e-08 1.7e-08 0.0
2.6e-08 1.8000000000000002e-08 0.0
2.6e-08 1.9e-08 0.0
2.6e-08 2e-08 0.0
2.7e-08 1e-08 0.0
2.7e-08 1.1000000000000001e-08 0.0
2.7e-08 1.2000000000000002e-08 0.0
2.7e-08 1.3e-08 0.0
2.7e-08 1.4000000000000001e-08 0.0
2.7e-08 1.5000000000000002e-08 0.0
2.7e-08 1.6e-08 0.0
2.7e-08 1.7e-08 0.0
2.7e-08 1.8000000000000002e-08 0.0
2.7e-08 1.9e-08 0.0
2.7e-08 2e-08 0.0
2.8000000000000003e-08 1e-08 0.0
2.8000000000000003e-08 1.1000000000000001e-08 0.0
2.8000000000000003e-08 1.2000000000000002e-08 0.0
2.8000000000000003e-08 1.3e-08 0.0
2.8000000000000003e-08 1.4000000000000001e-08 0.0
2.8000000000000003e-08 1.5000000000000002e-08 0.0
2.8000000000000003e-08 1.6e-08 0.0
2.8000000000000003e-08 1.7e-08 0.0
2.8000000000000003e-08 1.8000000000000002e-08 0.0
2.8000000000000003e-08 1.9e-08 0.0
2.8000000000000003e-08 2e-08 0.0
2.9e-08 1e-08 0.0
2.9e-08 1.1000000000000001e-08 0.0
2.9e-08 1.2000000000000002e-08 0.0
2.9e-08 1.3e-08 0.0
2.9e-08 1.4000000000000001e-08 0.0
2.9e-08 1.5000000000000002e-08 0.0
2.9e-08 1.6e-08 0.0
2.9e-08 1.7e-08 0.0
2.9e-08 1.8000000000000002e-08 0.0
2.9e-08 1.9e-08 0.0
2.9e-08 2e-08 0.0
3.0000000000000004e-08 1e-08 0.0
3.0000000000000004e-08 1.1000000000000001e-08 0.0
3.0000000000000004e-08 1.2000000000000002e-08 0.0
3.0000000000000004e-08 1.3e-08 0.0
3.0000000000000004e-08 1.4000000000000001e-08 0.0
3.0000000000000004e-08 1.5000000000000002e-08 0.0
3.0000000000000004e-08 1.6e-08 0.0
3.0000000000000004e-08 1.7e-08 0.0
3.0000000000000004e-08 1.8000000000000002e-08 0.0
3.0000000000000004e-08 1.9e-08 0.0
3.0000000000000004e-08 2e-08 0.0
3.1e-08 1e-08 0.0
3.1e-08 1.1000000000000001e-08 0.0
3.1e-08 1.2000000000000002e-08 0.0
3.1e-08 1.3e-08 0.0
3.1e-08 1.4000000000000001e-08 0.0
3.1e-08 1.5000000000000002e-08 0.0
3.1e-08 1.6e-08 0.0
3.1e-08 1.7e-08 0.0
3.1e-08 1.8000000000000002e-08 0.0
3.1e-08 1.9e-08 0.0
3.1e-08 2e-08 0.0
3.2e-08 1e-08 0.0
3.2e-08 1.1000000000000001e-08 0.0
3.2e-08 1.2000000000000002e-08 0.0
3.2e-08 1.3e-08 0.0
3.2e-08 1.4000000000000001e-08 0.0
3.2e-08 1.5000000000000002e-08 0.0
3.2e-08 1.6e-08 0.0
3.2e-08 1.7e-08 0.0
3.2e-08 1.8000000000000002e-08 0.0
3.2e-08 1.9e-08 0.0
3.2e-08 2e-08 0.0
3.3000000000000004e-08 1e-08 0.0
3.3000000000000004e-08 1.1000000000000001e-08 0.0
3.3000000000000004e-08 1.2000000000000002e-08 0.0
3.3000000000000004e-08 1.3e-08 0.0
3.3000000000000004e-08 1.4000000000000001e-08 0.0
3.3000000000000004e-08 1.5000000000000002e-08 0.0
3.3000000000000004e-08 1.6e-08 0.0
3.3000000000000004e-08 1.7e-08 0.0
3.3000000000000004e-08 1.8000000000000002e-08 0.0
3.3000000000000004e-08 1.9e-08 0.0
3.3000000000000004e-08 2e-08 0.0
3.4e-08 1e-08 0.0
3.4e-08 1.1000000000000001e-08 0.0
3.4e-08 1.2000000000000002e-08 0.0
3.4e-08 1.3e-08 0.0
3.4e-08 1.4000000000000001e-08 0.0
3.4e-08 1.5000000000000002e-08 0.0
3.4e-08 1.6e-08 0.0
3.4e-08 1.7e-08 0.0
3.4e-08 1.8000000000000002e-08 0.0
3.4e-08 1.9e-08 0.0
3.4e-08 2e-08 0.0
3.5e-08 1e-08 0.0
3.5e-08 1.1000000000000001e-08 0.0
3.5e-08 1.2000000000000002e-08 0.0
3.5e-08 1.3e-08 0.0
3.5e-08 1.4000000000000001e-08 0.0
3.5e-08 1.5000000000000002e-08 0.0
3.5e-08 1.6e-08 0.0
3.5e-08 1.7e-08 0.0
3.5e-08 1.8000000000000002e-08 0.0
3.5e-08 1.9e-08 0.0
3.5e-08 2e-08 0.0
3.6000000000000005e-08 1e-08 0.0
3.6000000000000005e-08 1.1000000000000001e-08 0.0
3.6000000000000005e-08 1.2000000000000002e-08 0.0
3.6000000000000005e-08 1.3e-08 0.0
3.6000000000000005e-08 1.4000000000000001e-08 0.0
3.6000000000000005e-08 1.5000000000000002e-08 0.0
3.6000000000000005e-08 1.6e-08 0.0
3.6000000000000005e-08 1.7e-08 0.0
3.6000000000000005e-08 1.8000000000000002e-08 0.0
3.6000000000000005e-08 1.9e-08 0.0
3.6000000000000005e-08 2e-08 0.0
3.7e-08 1e-08 0.0
3.7e-08 1.1000000000000001e-08 0.0
3.7e-08 1.2000000000000002e-08 0.0
3.7e-08 1.3e-08 0.0
3.7e-08 1.4000000000000001e-08 0.0
3.7e-08 1.5000000000000002e-08 0.0
3.7e-08 1.6e-08 0.0
3.7e-08 1.7e-08 0.0
3.7e-08 1.8000000000000002e-08 0.0
3.7e-08 1.9e-08 0.0
3.7e-08 2e-08 0.0
3.8e-08 1e-08 0.0
3.8e-08 1.1000000000000001e-08 0.0
3.8e-08 1.2000000000000002e-08 0.0
3.8e-08 1.3e-08 0.0
3.8e-08 1.4000000000000001e-08 0.0
3.8e-08 1.5000000000000002e-08 0.0
3.8e-08 1.6e-08 0.0
3.8e-08 1.7e-08 0.0
3.8e-08 1.8000000000000002e-08 0.0
3.8e-08 1.9e-08 0.0
3.8e-08 2e-08 0.0
3.9000000000000005e-08 1e-08 0.0
3.9000000000000005e-08 1.1000000000000001e-08 0.0
3.9000000000000005e-08 1.2000000000000002e-08 0.0
3.9000000000000005e-08 1.3e-08 0.0
3.9000000000000005e-08 1.4000000000000001e-08 0.0
3.9000000000000005e-08 1.5000000000000002e-08 0.0
3.9000000000000005e-08 1.6e-08 0.0
3.9000000000000005e-08 1.7e-08 0.0
3.9000000000000005e-08 1.8000000000000002e-08 0.0
3.9000000000000005e-08 1.9e-08 0.0
3.9000000000000005e-08 2e-08 0.0
4e-08 1e-08 0.0
4e-08 1.1000000000000001e-08 0.0
4e-08 1.2000000000000002e-08 0.0
4e-08 1.3e-08 0.0
4e-08 1.4000000000000001e-08 0.0
4e-08 1.5000000000000002e-08 0.0
4e-08 1.6e-08 0.0
4e-08 1.7e-08 0.0
4e-08 1.8000000000000002e-08 0.0
4e-08 1.9e-08 0.0
4e-08 2e-08 0.0
4.1e-08 1e-08 0.0
4.1e-08 1.1000000000000001e-08 0.0
4.1e-08 1.2000000000000002e-08 0.0
4.1e-08 1.3e-08 0.0
4.1e-08 1.4000000000000001e-08 0.0
4.1e-08 1.5000000000000002e-08 0.0
4.1e-08 1.6e-08 0.0
4.1e-08 1.7e-08 0.0
4.1e-08 1.8000000000000002e-08 0.0
4.1e-08 1.9e-08 0.0
4.1e-08 2e-08 0.0
4.2000000000000006e-08 1e-08 0.0
4.2000000000000006e-08 1.1000000000000001e-08 0.0
4.2000000000000006e-08 1.2000000000000002e-08 0.0
4.2000000000000006e-08 1.3e-08 0.0
4.2000000000000006e-08 1.4000000000000001e-08 0.0
4.2000000000000006e-08 1.5000000000000002e-08 0.0
4.2000000000000006e-08 1.6e-08 0.0
4.2000000000000006e-08 1.7e-08 0.0
4.2000000000000006e-08 1.8000000000000002e-08 0.0
4.2000000000000006e-08 1.9e-08 0.0
4.2000000000000006e-08 2e-08 0.0
4.3e-08 1e-08 0.0
4.3e-08 1.1000000000000001e-08 0.0
4.3e-08 1.2000000000000002e-08 0.0
4.3e-08 1.3e-08 0.0
4.3e-08 1.4000000000000001e-08 0.0
4.3e-08 1.5000000000000002e-08 0.0
4.3e-08 1.6e-08 0.0
4.3e-08 1.7e-08 0.0
4.3e-08 1.8000000000000002e-08 0.0
4.3e-08 1.9e-08 0.0
4.3e-08 2e-08 0.0
4.4000000000000004e-08 1e-08 0.0
4.4000000000000004e-08 1.1000000000000001e-08 0.0
4.4000000000000004e-08 1.2000000000000002e-08 0.0
4.4000000000000004e-08 1.3e-08 0.0
4.4000000000000004e-08 1.4000000000000001e-08 0.0
4.4000000000000004e-08 1.5000000000000002e-08 0.0
4.4000000000000004e-08 1.6e-08 0.0
4.4000000000000004e-08 1.7e-08 0.0
4.4000000000000004e-08 1.8000000000000002e-08 0.0
4.4000000000000004e-08 1.9e-08 0.0
4.4000000000000004e-08 2e-08 0.0
4.5000000000000006e-08 1e-08 0.0
4.5000000000000006e-08 1.1000000000000001e-08 0.0
4.5000000000000006e-08 1.2000000000000002e-08 0.0
4.5000000000000006e-08 1.3e-08 0.0
4.5000000000000006e-08 1.4000000000000001e-08 0.0
4.5000000000000006e-08 1.5000000000000002e-08 0.0
4.5000000000000006e-08 1.6e-08 0.0
4.5000000000000006e-08 1.7e-08 0.0
4.5000000000000006e-08 1.8000000000000002e-08 0.0
4.5000000000000006e-08 1.9e-08 0.0
4.5000000000000006e-08 2e-08 0.0
4.6e-08 1e-08 0.0
4.6e-08 1.1000000000000001e-08 0.0
4.6e-08 1.2000000000000002e-08 0.0
4.6e-08 1.3e-08 0.0
4.6e-08 1.4000000000000001e-08 0.0
4.6e-08 1.5000000000000002e-08 0.0
4.6e-08 1.6e-08 0.0
4.6e-08 1.7e-08 0.0
4.6e-08 1.8000000000000002e-08 0.0
4.6e-08 1.9e-08 0.0
4.6e-08 2e-08 0.0
4.7000000000000004e-08 1e-08 0.0
4.7000000000000004e-08 1.1000000000000001e-08 0.0
4.7000000000000004e-08 1.2000000000000002e-08 0.0
4.7000000000000004e-08 1.3e-08 0.0
4.7000000000000004e-08 1.4000000000000001e-08 0.0
4.7000000000000004e-08 1.5000000000000002e-08 0.0
4.7000000000000004e-08 1.6e-08 0.0
4.7000000000000004e-08 1.7e-08 0.0
4.7000000000000004e-08 1.8000000000000002e-08 0.0
4.7000000000000004e-08 1.9e-08 0.0
4.7000000000000004e-08 2e-08 0.0
4.8000000000000006e-08 1e-08 0.0
4.8000000000000006e-08 1.1000000000000001e-08 0.0
4.8000000000000006e-08 1.2000000000000002e-08 0.0
4.8000000000000006e-08 1.3e-08 0.0
4.8000000000000006e-08 1.4000000000000001e-08 0.0
4.8000000000000006e-08 1.5000000000000002e-08 0.0
4.8000000000000006e-08 1.6e-08 0.0
4.8000000000000006e-08 1.7e-08 0.0
4.8000000000000006e-08 1.8000000000000002e-08 0.0
4.8000000000000006e-08 1.9e-08 0.0
4.8000000000000006e-08 2e-08 0.0
4.9e-08 1e-08 0.0
4.9e-08 1.1000000000000001e-08 0.0
4.9e-08 1.2000000000000002e-08 0.0
4.9e-08 1.3e-08 0.0
4.9e-08 1.4000000000000001e-08 0.0
4.9e-08 1.5000000000000002e-08 0.0
4.9e-08 1.6e-08 0.0
4.9e-08 1.7e-08 0.0
4.9e-08 1.8000000000000002e-08 0.0
4.9e-08 1.9e-08 0.0
4.9e-08 2e-08 0.0
5.0000000000000004e-08 1e-08 0.0
5.0000000000000004e-08 1.1000000000000001e-08 0.0
5.0000000000000004e-08 1.2000000000000002e-08 0.0
5.0000000000000004e-08 1.3e-08 0.0
5.0000000000000004e-08 1.4000000000000001e-08 0.0
5.0000000000000004e-08 1.5000000000000002e-08 0.0
5.0000000000000004e-08 1.6e-08 0.0
5.0000000000000004e-08 1.7e-08 0.0
5.0000000000000004e-08 1.8000000000000002e-08 0.0
5.0000000000000004e-08 1.9e-08 0.0
5.0000000000000004e-08 2e-08 0.0
    </DataArray>
   </Points>
   <Cells>
    <DataArray type="Int32" Name="connectivity" format="ascii">
0 11 1
11 12 1
1 12 2
12 13 2
2 13 3
13 14 3
3 14 4
14 15 4
4 15 5
15 16 5
5 16 6
16 17 6
6 17 7
17 18 7
7 18 8
18 19 8
8 19 9
19 20 9
9 20 10
20 21 10
11 22 12
22 23 12
12 23 13
23 24 13
13 24 14
24 25 14
14 25 15
25 26 15
15 26 16
26 27 16
16 27 17
27 28 17
17 28 18
28 29 18
18 29 19
29 30 19
19 30 20
30 31 20
20 31 21
31 32 21
22 33 23
33 34 23
23 34 24
34 35 24
24 35 25
35 36 25
25 36 26
36 37 26
26 37 27
37 38 27
27 38 28
38 39 28
28 39 29
39 40 29
29 40 30
40 41 30
30 41 31
41 42 31
31 42 32
42 43 32
33 44 34
44 45 34
34 45 35
45 46 35
35 46 36
46 47 36
36 47 37
47 48 37
37 48 38
48 49 38
38 49 39
49 50 39
39 50 40
50 51 40
40 51 41
51 52 41
41 52 42
52 53 42
42 53 43
53 54 43
44 55 45
55 56 45
45 56 46
56 57 46
46 57 47
57 58 47
47 58 48
58 59 48
48 59 49
59 60 49
49 60 50
60 61 50
50 61 51
61 62 51
51 62 52
62 63 52
52 63 53
63 64 53
53 64 54
64 65 54
55 66 56
66 67 56
56 67 57
67 68 57
57 68 58
68 69 58
58 69 59
69 70 59
59 70 60
70 71 60
60 71 61
71 72 61
61 72 62
72 73 62
62 73 63
73 74 63
63 74 64
74 75 64
64 75 65
75 76 65
66 77 67
77 78 67
67 78 68
78 79 68
68 79 69
79 80 69
69 80 70
80 81 70
70 81 71
81 82 71
71 82 72
82 83 72
72 83 73
83 84 73
73 84 74
84 85 74
74 85 75
85 86 75
75 86 76
86 87 76
77 88 78
88 89 78
78 89 79
89 90 79
79 90 80
90 91 80
80 91 81
91 92 81
81 92 82
92 93 82
82 93 83
93 94 83
83 94 84
94 95 84
84 95 85
95 96 85
85 96 86
96 97 86
86 97 87
97 98 87
88 99 89
99 100 89
89 100 90
100 101 90
90 101 91
101 102 91
91 102 92
102 103 92
92 103 93
103 104 93
93 104 94
104 105 94
94 105 95
105 106 95
95 106 96
106 107 96
96 107 97
107 108 97
97 108 98
108 109 98
99 110 100
110 111 100
100 111 101
111 112 101
101 112 102
112 113 102
102 113 103
113 114 103
103 114 104
114 115 104
104 115 105
115 116 105
105 116 106
116 117 106
106 117 107
117 118 107
107 118 108
118 119 108
108 119 109
119 120 109
110 121 111
121 122 111
111 122 112
122 123 112
112 123 113
123 124 113
113 124 114
124 125 114
114 125 115
125 126 115
115 126 116
126 127 116
116 127 117
127 128 117
117 128 118
128 129 118
118 129 119
129 130 119
119 130 120
130 131 120
121 132 122
132 133 122
122 133 123
133 134 123
123 134 124
134 135 124
124 135 125
135 136 125
125 136 126
136 137 126
126 137 127
137 138 127
127 138 128
138 139 128
128 139 129
139 140 129
129 140 130
140 141 130
130 141 131
141 142 131
132 143 133
143 144 133
133 144 134
144 145 134
134 145 135
145 146 135
135 146 136
146 147 136
136 147 137
147 148 137
137 148 138
148 149 138
138 149 139
149 150 139
139 150 140
150 151 140
140 151 141
151 152 141
141 152 142
152 153 142
143 154 144
154 155 144
144 155 145
155 156 145
145 156 146
156 157 146
146 157 147
157 158 147
147 158 148
158 159 148
148 159 149
159 160 149
149 160 150
160 161 150
150 161 151
161 162 151
151 162 152
162 163 152
152 163 153
163 164 153
154 165 155
165 166 155
155 166 156
166 167 156
156 167 157
167 168 157
157 168 158
168 169 158
158 169 159
169 170 159
159 170 160
170 171 160
160 171 161
171 172 161
161 172 162
172 173 162
162 173 163
173 174 163
163 174 164
174 175 164
165 176 166
176 177 166
166 177 167
177 178 167
167 178 168
178 179 168
168 179 169
179 180 169
169 180 170
180 181 170
170 181 171
181 182 171
171 182 172
182 183 172
172 183 173
183 184 173
173 184 174
184 185 174
174 185 175
185 186 175
176 187 177
187 188 177
177 188 178
188 189 178
178 189 179
189 190 179
179 190 180
190 191 180
180 191 181
191 192 181
181 192 182
192 193 182
182 193 183
193 194 183
183 194 184
194 195 184
184 195 185
195 196 185
185 196 186
196 197 186
187 198 188
198 199 188
188 199 189
199 200 189
189 200 190
200 201 190
190 201 191
201 202 191
191 202 192
202 203 192
192 203 193
203 204 193
193 204 194
204 205 194
194 205 195
205 206 195
195 206 196
206 207 196
196 207 197
207 208 197
198 209 199
209 210 199
199 210 200
210 211 200
200 211 201
211 212 201
201 212 202
212 213 202
202 213 203
213 214 203
203 214 204
214 215 204
204 215 205
215 216 205
205 216 206
216 217 206
206 217 207
217 218 207
207 218 208
218 219 208
209 220 210
220 221 210
210 221 211
221 222 211
211 222 212
222 223 212
212 223 213
223 224 213
213 224 214
224 225 214
214 225 215
225 226 215
215 226 216
226 227 216
216 227 217
227 228 217
217 228 218
228 229 218
218 229 219
229 230 219
220 231 221
231 232 221
221 232 222
232 233 222
222 233 223
233 234 223
223 234 224
234 235 224
224 235 225
235 236 225
225 236 226
236 237 226
226 237 227
237 238 227
227 238 228
238 239 228
228 239 229
239 240 229
229 240 230
240 241 230
231 242 232
242 243 232
232 243 233
243 244 233
233 244 234
244 245 234
234 245 235
245 246 235
235 246 236
246 247 236
236 247 237
247 248 237
237 248 238
248 249 238
238 249 239
249 250 239
239 250 240
250 251 240
240 251 241
251 252 241
242 253 243
253 254 243
243 254 244
254 255 244
244 255 245
255 256 245
245 256 246
256 257 246
246 257 247
257 258 247
247 258 248
258 259 248
248 259 249
259 260 249
249 260 250
260 261 250
250 261 251
261 262 251
251 262 252
262 263 252
253 264 254
264 265 254
254 265 255
265 266 255
255 266 256
266 267 256
256 267 257
267 268 257
257 268 258
268 269 258
258 269 259
269 270 259
259 270 260
270 271 260
260 271 261
271 272 261
261 272 262
272 273 262
262 273 263
273 274 263
264 275 265
275 276 265
265 276 266
276 277 266
266 277 267
277 278 267
267 278 268
278 279 268
268 279 269
279 280 269
269 280 270
280 281 270
270 281 271
281 282 271
271 282 272
282 283 272
272 283 273
283 284 273
273 284 274
284 285 274
275 286 287
275 287 276
276 287 288
276 288 277
277 288 289
277 289 278
278 289 290
278 290 279
279 290 291
279 291 280
280 291 292
280 292 281
281 292 293
281 293 282
282 293 294
282 294 283
283 294 295
283 295 284
284 295 296
284 296 285
286 297 298
286 298 287
287 298 299
287 299 288
288 299 300
288 300 289
289 300 301
289 301 290
290 301 302
290 302 291
291 302 303
291 303 292
292 303 304
292 304 293
293 304 305
293 305 294
294 305 306
294 306 295
295 306 307
295 307 296
297 308 309
297 309 298
298 309 310
298 310 299
299 310 311
299 311 300
300 311 312
300 312 301
301 312 313
301 313 302
302 313 314
302 314 303
303 314 315
303 315 304
304 315 316
304 316 305
305 316 317
305 317 306
306 317 318
306 318 307
308 319 320
308 320 309
309 320 321
309 321 310
310 321 322
310 322 311
311 322 323
311 323 312
312 323 324
312 324 313
313 324 325
313 325 314
314 325 326
314 326 315
315 326 327
315 327 316
316 327 328
316 328 317
317 328 329
317 329 318
319 330 331
319 331 320
320 331 332
320 332 321
321 332 333
321 333 322
322 333 334
322 334 323
323 334 335
323 335 324
324 335 336
324 336 325
325 336 337
325 337 326
326 337 338
326 338 327
327 338 339
327 339 328
328 339 340
328 340 329
330 341 342
330 342 331
331 342 343
331 343 332
332 343 344
332 344 333
333 344 345
333 345 334
334 345 346
334 346 335
335 346 347
335 347 336
336 347 348
336 348 337
337 348 349
337 349 338
338 349 350
338 350 339
339 350 351
339 351 340
341 352 353
341 353 342
342 353 354
342 354 343
343 354 355
343 355 344
344 355 356
344 356 345
345 356 357
345 357 346
346 357 358
346 358 347
347 358 359
347 359 348
348 359 360
348 360 349
349 360 361
349 361 350
350 361 362
350 362 351
352 363 364
352 364 353
353 364 365
353 365 354
354 365 366
354 366 355
355 366 367
355 367 356
356 367 368
356 368 357
357 368 369
357 369 358
358 369 370
358 370 359
359 370 371
359 371 360
360 371 372
360 372 361
361 372 373
361 373 362
363 374 375
363 375 364
364 375 376
364 376 365
365 376 377
365 377 366
366 377 378
366 378 367
367 378 379
367 379 368
368 379 380
368 380 369
369 380 381
369 381 370
370 381 382
370 382 371
371 382 383
371 383 372
372 383 384
372 384 373
374 385 386
374 386 375
375 386 387
375 387 376
376 387 388
376 388 377
377 388 389
377 389 378
378 389 390
378 390 379
379 390 391
379 391 380
380 391 392
380 392 381
381 392 393
381 393 382
382 393 394
382 394 383
383 394 395
383 395 384
385 396 397
385 397 386
386 397 398
386 398 387
387 398 399
387 399 388
388 399 400
388 400 389
389 400 401
389 401 390
390 401 402
390 402 391
391 402 403
391 403 392
392 403 404
392 404 393
393 404 405
393 405 394
394 405 406
394 406 395
396 407 408
396 408 397
397 408 409
397 409 398
398 409 410
398 410 399
399 410 411
399 411 400
400 411 412
400 412 401
401 412 413
401 413 402
402 413 414
402 414 403
403 414 415
403 415 404
404 415 416
404 416 405
405 416 417
405 417 406
407 418 419
407 419 408
408 419 420
408 420 409
409 420 421
409 421 410
410 421 422
410 422 411
411 422 423
411 423 412
412 423 424
412 424 413
413 424 425
413 425 414
414 425 426
414 426 415
415 426 427
415 427 416
416 427 428
416 428 417
418 429 430
418 430 419
419 430 431
419 431 420
420 431 432
420 432 421
421 432 433
421 433 422
422 433 434
422 434 423
423 434 435
423 435 424
424 435 436
424 436 425
425 436 437
425 437 426
426 437 438
426 438 427
427 438 439
427 439 428
429 440 441
429 441 430
430 441 442
430 442 431
431 442 443
431 443 432
432 443 444
432 444 433
433 444 445
433 445 434
434 445 446
434 446 435
435 446 447
435 447 436
436 447 448
436 448 437
437 448 449
437 449 438
438 449 450
438 450 439
440 451 452
440 452 441
441 452 453
441 453 442
442 453 454
442 454 443
443 454 455
443 455 444
444 455 456
444 456 445
445 456 457
445 457 446
446 457 458
446 458 447
447 458 459
447 459 448
448 459 460
448 460 449
449 460 461
449 461 450
451 462 463
451 463 452
452 463 464
452 464 453
453 464 465
453 465 454
454 465 466
454 466 455
455 466 467
455 467 456
456 467 468
456 468 457
457 468 469
457 469 458
458 469 470
458 470 459
459 470 471
459 471 460
460 471 472
460 472 461
462 473 474
462 474 463
463 474 475
463 475 464
464 475 476
464 476 465
465 476 477
465 477 466
466 477 478
466 478 467
467 478 479
467 479 468
468 479 480
468 480 469
469 480 481
469 481 470
470 481 482
470 482 471
471 482 483
471 483 472
473 484 485
473 485 474
474 485 486
474 486 475
475 486 487
475 487 476
476 487 488
476 488 477
477 488 489
477 489 478
478 489 490
478 490 479
479 490 491
479 491 480
480 491 492
480 492 481
481 492 493
481 493 482
482 493 494
482 494 483
484 495 496
484 496 485
485 496 497
485 497 486
486 497 498
486 498 487
487 498 499
487 499 488
488 499 500
488 500 489
489 500 501
489 501 490
490 501 502
490 502 491
491 502 503
491 503 492
492 503 504
492 504 493
493 504 505
493 505 494
495 506 507
495 507 496
496 507 508
496 508 497
497 508 509
497 509 498
498 509 510
498 510 499
499 510 511
499 511 500
500 511 512
500 512 501
501 512 513
501 513 502
502 513 514
502 514 503
503 514 515
503 515 504
504 515 516
504 516 505
506 517 518
506 518 507
507 518 519
507 519 508
508 519 520
508 520 509
509 520 521
509 521 510
510 521 522
510 522 511
511 522 523
511 523 512
512 523 524
512 524 513
513 524 525
513 525 514
514 525 526
514 526 515
515 526 527
515 527 516
517 528 529
517 529 518
518 529 530
518 530 519
519 530 531
519 531 520
520 531 532
520 532 521
521 532 533
521 533 522
522 533 534
522 534 523
523 534 535
523 535 524
524 535 536
524 536 525
525 536 537
525 537 526
526 537 538
526 538 527
528 539 540
528 540 529
529 540 541
529 541 530
530 541 542
530 542 531
531 542 543
531 543 532
532 543 544
532 544 533
533 544 545
533 545 534
534 545 546
534 546 535
535 546 547
535 547 536
536 547 548
536 548 537
537 548 549
537 549 538
539 550 551
539 551 540
540 551 552
540 552 541
541 552 553
541 553 542
542 553 554
542 554 543
543 554 555
543 555 544
544 555 556
544 556 545
545 556 557
545 557 546
546 557 558
546 558 547
547 558 559
547 559 548
548 559 560
548 560 549
    </DataArray>
    <DataArray type="Int32" Name="offsets" format="ascii">
3 6 9 12 15 18 21 24 27 30 33 36 39 42 45 48 51 54 57 60 63 66 69 72 75 78 81 84 87 90 93 96 99 102 105 108 111 114 117 120 123 126 129 132 135 138 141 144 147 150 153 156 159 162 165 168 171 174 177 180 183 186 189 192 195 198 201 204 207 210 213 216 219 222 225 228 231 234 237 240 243 246 249 252 255 258 261 264 267 270 273 276 279 282 285 288 291 294 297 300 303 306 309 312 315 318 321 324 327 330 333 336 339 342 345 348 351 354 357 360 363 366 369 372 375 378 381 384 387 390 393 396 399 402 405 408 411 414 417 420 423 426 429 432 435 438 441 444 447 450 453 456 459 462 465 468 471 474 477 480 483 486 489 492 495 498 501 504 507 510 513 516 519 522 525 528 531 534 537 540 543 546 549 552 555 558 561 564 567 570 573 576 579 582 585 588 591 594 597 600 603 606 609 612 615 618 621 624 627 630 633 636 639 642 645 648 651 654 657 660 663 666 669 672 675 678 681 684 687 690 693 696 699 702 705 708 711 714 717 720 723 726 729 732 735 738 741 744 747 750 753 756 759 762 765 768 771 774 777 780 783 786 789 792 795 798 801 804 807 810 813 816 819 822 825 828 831 834 837 840 843 846 849 852 855 858 861 864 867 870 873 876 879 882 885 888 891 894 897 900 903 906 909 912 915 918 921 924 927 930 933 936 939 942 945 948 951 954 957 960 963 966 969 972 975 978 981 984 987 990 993 996 999 1002 1005 1008 1011 1014 1017 1020 1023 1026 1029 1032 1035 1038 1041 1044 1047 1050 1053 1056 1059 1062 1065 1068 1071 1074 1077 1080 1083 1086 1089 1092 1095 1098 1101 1104 1107 1110 1113 1116 1119 1122 1125 1128 1131 1134 1137 1140 1143 1146 1149 1152 1155 1158 1161 1164 1167 1170 1173 1176 1179 1182 1185 1188 1191 1194 1197 1200 1203 1206 1209 1212 1215 1218 1221 1224 1227 1230 1233 1236 1239 1242 1245 1248 1251 1254 1257 1260 1263 1266 1269 1272 1275 1278 1281 1284 1287 1290 1293 1296 1299 1302 1305 1308 1311 1314 1317 1320 1323 1326 1329 1332 1335 1338 1341 1344 1347 1350 1353 1356 1359 1362 1365 1368 1371 1374 1377 1380 1383 1386 1389 1392 1395 1398 1401 1404 1407 1410 1413 1416 1419 1422 1425 1428 1431 1434 1437 1440 1443 1446 1449 1452 1455 1458 1461 1464 1467 1470 1473 1476 1479 1482 1485 1488 1491 1494 1497 1500 1503 1506 1509 1512 1515 1518 1521 1524 1527 1530 1533 1536 1539 1542 1545 1548 1551 1554 1557 1560 1563 1566 1569 1572 1575 1578 1581 1584 1587 1590 1593 1596 1599 1602 1605 1608 1611 1614 1617 1620 1623 1626 1629 1632 1635 1638 1641 1644 1647 1650 1653 1656 1659 1662 1665 1668 1671 1674 1677 1680 1683 1686 1689 1692 1695 1698 1701 1704 1707 1710 1713 1716 1719 1722 1725 1728 1731 1734 1737 1740 1743 1746 1749 1752 1755 1758 1761 1764 1767 1770 1773 1776 1779 1782 1785 1788 1791 1794 1797 1800 1803 1806 1809 1812 1815 1818 1821 1824 1827 1830 1833 1836 1839 1842 1845 1848 1851 1854 1857 1860 1863 1866 1869 1872 1875 1878 1881 1884 1887 1890 1893 1896 1899 1902 1905 1908 1911 1914 1917 1920 1923 1926 1929 1932 1935 1938 1941 1944 1947 1950 1953 1956 1959 1962 1965 1968 1971 1974 1977 1980 1983 1986 1989 1992 1995 1998 2001 2004 2007 2010 2013 2016 2019 2022 2025 2028 2031 2034 2037 2040 2043 2046 2049 2052 2055 2058 2061 2064 2067 2070 2073 2076 2079 2082 2085 2088 2091 2094 2097 2100 2103 2106 2109 2112 2115 2118 2121 2124 2127 2130 2133 2136 2139 2142 2145 2148 2151 2154 2157 2160 2163 2166 2169 2172 2175 2178 2181 2184 2187 2190 2193 2196 2199 2202 2205 2208 2211 2214 2217 2220 2223 2226 2229 2232 2235 2238 2241 2244 2247 2250 2253 2256 2259 2262 2265 2268 2271 2274 2277 2280 2283 2286 2289 2292 2295 2298 2301 2304 2307 2310 2313 2316 2319 2322 2325 2328 2331 2334 2337 2340 2343 2346 2349 2352 2355 2358 2361 2364 2367 2370 2373 2376 2379 2382 2385 2388 2391 2394 2397 2400 2403 2406 2409 2412 2415 2418 2421 2424 2427 2430 2433 2436 2439 2442 2445 2448 2451 2454 2457 2460 2463 2466 2469 2472 2475 2478 2481 2484 2487 2490 2493 2496 2499 2502 2505 2508 2511 2514 2517 2520 2523 2526 2529 2532 2535 2538 2541 2544 2547 2550 2553 2556 2559 2562 2565 2568 2571 2574 2577 2580 2583 2586 2589 2592 2595 2598 2601 2604 2607 2610 2613 2616 2619 2622 2625 2628 2631 2634 2637 2640 2643 2646 2649 2652 2655 2658 2661 2664 2667 2670 2673 2676 2679 2682 2685 2688 2691 2694 2697 2700 2703 2706 2709 2712 2715 2718 2721 2724 2727 2730 2733 2736 2739 2742 2745 2748 2751 2754 2757 2760 2763 2766 2769 2772 2775 2778 2781 2784 2787 2790 2793 2796 2799 2802 2805 2808 2811 2814 2817 2820 2823 2826 2829 2832 2835 2838 2841 2844 2847 2850 2853 2856 2859 2862 2865 2868 2871 2874 2877 2880 2883 2886 2889 2892 2895 2898 2901 2904 2907 2910 2913 2916 2919 2922 2925 2928 2931 2934 2937 2940 2943 2946 2949 2952 2955 2958 2961 2964 2967 2970 2973 2976 2979 2982 2985 2988 2991 2994 2997 3000
    </DataArray>
    <DataArray type="UInt8" Name="types" format="ascii">
5 5 5 5 5 5 5 5 5 5 5 5 5 5 5 5 5 5 5 5 5 5 5 5 5 5 5 5 5 5 5 5 5 5 5 5 5 5 5 5 5 5 5 5 5 5 5 5 5 5 5 5 5 5 5 5 5 5 5 5 5 5 5 5 5 5 5 5 5 5 5 5 5 5 5 5 5 5 5 5 5 5 5 5 5 5 5 5 5 5 5 5 5 5 5 5 5 5 5 5 5 5 5 5 5 5 5 5 5 5 5 5 5 5 5 5 5 5 5 5 5 5 5 5 5 5 5 5 5 5 5 5 5 5 5 5 5 5 5 5 5 5 5 5 5 5 5 5 5 5 5 5 5 5 5 5 5 5 5 5 5 5 5 5 5 5 5 5 5 5 5 5 5 5 5 5 5 5 5 5 5 5 5 5 5 5 5 5 5 5 5 5 5 5 5 5 5 5 5 5 5 5 5 5 5 5 5 5 5 5 5 5 5 5 5 5 5 5 5 5 5 5 5 5 5 5 5 5 5 5 5 5 5 5 5 5 5 5 5 5 5 5 5 5 5 5 5 5 5 5 5 5 5 5 5 5 5 5 5 5 5 5 5 5 5 5 5 5 5 5 5 5 5 5 5 5 5 5 5 5 5 5 5 5 5 5 5 5 5 5 5 5 5 5 5 5 5 5 5 5 5 5 5 5 5 5 5 5 5 5 5 5 5 5 5 5 5 5 5 5 5 5 5 5 5 5 5 5 5 5 5 5 5 5 5 5 5 5 5 5 5 5 5 5 5 5 5 5 5 5 5 5 5 5 5 5 5 5 5 5 5 5 5 5 5 5 5 5 5 5 5 5 5 5 5 5 5 5 5 5 5 5 5 5 5 5 5 5 5 5 5 5 5 5 5 5 5 5 5 5 5 5 5 5 5 5 5 5 5 5 5 5 5 5 5 5 5 5 5 5 5 5 5 5 5 5 5 5 5 5 5 5 5 5 5 5 5 5 5 5 5 5 5 5 5 5 5 5 5 5 5 5 5 5 5 5 5 5 5 5 5 5 5 5 5 5 5 5 5 5 5 5 5 5 5 5 5 5 5 5 5 5 5 5 5 5 5 5 5 5 5 5 5 5 5 5 5 5 5 5 5 5 5 5 5 5 5 5 5 5 5 5 5 5 5 5 5 5 5 5 5 5 5 5 5 5 5 5 5 5 5 5 5 5 5 5 5 5 5 5 5 5 5 5 5 5 5 5 5 5 5 5 5 5 5 5 5 5 5 5 5 5 5 5 5 5 5 5 5 5 5 5 5 5 5 5 5 5 5 5 5 5 5 5 5 5 5 5 5 5 5 5 5 5 5 5 5 5 5 5 5 5 5 5 5 5 5 5 5 5 5 5 5 5 5 5 5 5 5 5 5 5 5 5 5 5 5 5 5 5 5 5 5 5 5 5 5 5 5 5 5 5 5 5 5 5 5 5 5 5 5 5 5 5 5 5 5 5 5 5 5 5 5 5 5 5 5 5 5 5 5 5 5 5 5 5 5 5 5 5 5 5 5 5 5 5 5 5 5 5 5 5 5 5 5 5 5 5 5 5 5 5 5 5 5 5 5 5 5 5 5 5 5 5 5 5 5 5 5 5 5 5 5 5 5 5 5 5 5 5 5 5 5 5 5 5 5 5 5 5 5 5 5 5 5 5 5 5 5 5 5 5 5 5 5 5 5 5 5 5 5 5 5 5 5 5 5 5 5 5 5 5 5 5 5 5 5 5 5 5 5 5 5 5 5 5 5 5 5 5 5 5 5 5 5 5 5 5 5 5 5 5 5 5 5 5 5 5 5 5 5 5 5 5 5 5 5 5 5 5 5 5 5 5 5 5 5 5 5 5 5 5 5 5 5 5 5 5 5 5 5 5 5 5 5 5 5 5 5 5 5 5 5 5 5 5 5 5 5 5 5 5 5 5 5 5 5 5 5 5 5 5 5 5 5 5 5 5 5 5 5 5 5 5 5 5 5 5 5 5 5 5 5 5 5 5 5 5 5 5 5 5 5 5 5 5 5 5 5 5 5 5 5 5 5 5 5 5 5 5 5 5 5 5 5 5 5 5 5 5 5 5 5 5 5 5 5 5 5 5 5 5 5 5 5 5 5 5 5 5 5 5 5 5 5 5 5 5 5 5 5 5 5 5 5 5 5 5 5 5 5 5 5 5 5 5 5 5 5 5 5 5 5 5 5 5 5 5 5 5 5 5 5 5 5 5 5 5 5 5
    </DataArray>
   </Cells>
   <PointData>
    <DataArray type="Float32" Name="Acceptor Doping [log10(m^-3)]" NumberOfComponents="1" format="ascii">
0.0 0.0 0.0 0.0 0.0 0.0 0.0 0.0 0.0 0.0 0.0 0.0 0.0 0.0 0.0 0.0 0.0 0.0 0.0 0.0 0.0 0.0 0.0 0.0 0.0 0.0 0.0 0.0 0.0 0.0 0.0 0.0 0.0 0.0 0.0 0.0 0.0 0.0 0.0 0.0 0.0 0.0 0.0 0.0 0.0 0.0 0.0 0.0 0.0 0.0 0.0 0.0 0.0 0.0 0.0 0.0 0.0 0.0 0.0 0.0 0.0 0.0 0.0 0.0 0.0 0.0 0.0 0.0 0.0 0.0 0.0 0.0 0.0 0.0 0.0 0.0 0.0 0.0 0.0 0.0 0.0 0.0 0.0 0.0 0.0 0.0 0.0 0.0 0.0 0.0 0.0 0.0 0.0 0.0 0.0 0.0 0.0 0.0 0.0 0.0 0.0 0.0 0.0 0.0 0.0 0.0 0.0 0.0 0.0 0.0 0.0 0.0 0.0 0.0 0.0 0.0 0.0 0.0 0.0 0.0 0.0 0.0 0.0 0.0 0.0 0.0 0.0 0.0 0.0 0.0 0.0 0.0 0.0 0.0 0.0 0.0 0.0 0.0 0.0 0.0 0.0 0.0 0.0 0.0 0.0 0.0 0.0 0.0 0.0 0.0 0.0 0.0 0.0 0.0 0.0 0.0 0.0 0.0 0.0 0.0 0.0 0.0 0.0 0.0 0.0 0.0 0.0 0.0 0.0 0.0 0.0 0.0 0.0 0.0 0.0 0.0 0.0 0.0 0.0 0.0 0.0 0.0 0.0 0.0 0.0 0.0 0.0 0.0 0.0 0.0 0.0 0.0 0.0 0.0 0.0 0.0 0.0 0.0 0.0 0.0 0.0 0.0 0.0 0.0 0.0 0.0 0.0 0.0 0.0 0.0 0.0 0.0 0.0 0.0 0.0 0.0 0.0 0.0 0.0 0.0 0.0 0.0 0.0 0.0 0.0 0.0 0.0 0.0 0.0 0.0 0.0 0.0 0.0 0.0 0.0 0.0 0.0 0.0 0.0 0.0 0.0 0.0 0.0 0.0 0.0 0.0 0.0 0.0 0.0 0.0 0.0 0.0 0.0 0.0 0.0 0.0 0.0 0.0 0.0 0.0 0.0 0.0 0.0 0.0 0.0 0.0 0.0 0.0 0.0 0.0 0.0 0.0 0.0 0.0 0.0 0.0 0.0 0.0 0.0 0.0 0.0 0.0 0.0 0.0 0.0 0.0 0.0 0.0 0.0 0.0 0.0 0.0 0.0 0.0 0.0 0.0 0.0 0.0 0.0 0.0 0.0 0.0 0.0 0.0 0.0 0.0 0.0 0.0 0.0 0.0 0.0 0.0 0.0 0.0 0.0 0.0 0.0 0.0 0.0 0.0 0.0 0.0 0.0 0.0 0.0 0.0 0.0 0.0 0.0 0.0 0.0 0.0 0.0 0.0 0.0 0.0 0.0 0.0 0.0 0.0 0.0 0.0 0.0 0.0 0.0 0.0 0.0 0.0 0.0 0.0 0.0 0.0 0.0 0.0 0.0 0.0 0.0 0.0 0.0 0.0 0.0 0.0 0.0 0.0 0.0 0.0 0.0 0.0 0.0 0.0 0.0 0.0 0.0 0.0 0.0 0.0 0.0 0.0 0.0 0.0 0.0 0.0 0.0 0.0 0.0 0.0 0.0 0.0 0.0 0.0 0.0 0.0 0.0 0.0 0.0 0.0 0.0 0.0 0.0 0.0 0.0 0.0 0.0 0.0 0.0 0.0 0.0 0.0 0.0 0.0 0.0 0.0 0.0 0.0 0.0 0.0 0.0 0.0 0.0 0.0 0.0 0.0 0.0 0.0 0.0 0.0 0.0 0.0 0.0 0.0 0.0 0.0 0.0 0.0 0.0 0.0 0.0 0.0 0.0 0.0 0.0 0.0 0.0 0.0 0.0 0.0 0.0 0.0 0.0 0.0 0.0 0.0 0.0 0.0 0.0 0.0 0.0 0.0 0.0 0.0 0.0 0.0 0.0 0.0 0.0 0.0 0.0 0.0 0.0 0.0 0.0 0.0 0.0 0.0 0.0 0.0 0.0 0.0 0.0 0.0 0.0 0.0 0.0 0.0 0.0 0.0 0.0 0.0 0.0 0.0 0.0 0.0 0.0 0.0 0.0 0.0 0.0 0.0 0.0 0.0 0.0 0.0 0.0 0.0 0.0 0.0 0.0 0.0 0.0 0.0 0.0 0.0 0.0 0.0 0.0 0.0 0.0 0.0 0.0 0.0 0.0 0.0 0.0 0.0 0.0 0.0 0.0 0.0 0.0 0.0 0.0 0.0 0.0 0.0 0.0 0.0 0.0 0.0 0.0 0.0 0.0 0.0 0.0 0.0 0.0 0.0 0.0 0.0 0.0 0.0 0.0 0.0 0.0 0.0 0.0 0.0 0.0 0.0 0.0 0.0 0.0
    </DataArray>
    <DataArray type="Float32" Name="Donor Doping [log10(m^-3)]" NumberOfComponents="1" format="ascii">
25.702505253128248 26.05541407909037 26.076928126372493 26.008044178287857 25.95427942502492 25.881587235049796 25.75381168292738 25.546862766811604 25.319075984621023 25.267912006820822 25.299942900022767 25.548251366662814 25.892965604679567 25.976663202292915 25.919690728250483 25.866164605467393 25.788860956499434 25.655864806476504 25.460848660281837 25.2820987233296 25.24680416888013 25.299942900022767 25.281336774883048 25.55748404974691 25.74289841610473 25.68764792658315 25.613793916340377 25.52231243350736 25.391333603098477 25.269523133797925 25.21691756902627 25.203335723625393 25.299942900022767 25.110730126838476 25.187082718033135 25.484356890749485 25.457064241318175 25.336608034251324 25.276461983745623 25.199337662082854 25.135533162470455 25.118763839240497 25.16497744894137 25.299942900022767 24.991717535304147 24.958390003962023 25.220357786931686 25.308392918452306 25.279378007389415 25.199302234282587 25.118633116434026 25.07207711657064 25.078167308050954 25.14954987267884 25.299942900022767 24.879006211617842 24.783982186131954 25.037564269665957 25.169441443554252 25.201028820464465 25.171481793945723 25.12317600606172 25.09081664158743 25.098072742451297 25.161811968743564 25.299942900022767 24.747880333603977 24.616357971524657 24.870323456232533 25.029866959883734 25.109198280804993 25.13243889857 25.127691524952397 25.12164504405549 25.1359287898897 25.18771052635941 25.299942900022767 24.58436149138758 24.43290125064816 24.697736865822268 24.88533915937815 25.005166892310204 25.073413117635333 25.10945944873614 25.13272618397607 25.160798304187004 25.209135461041736 25.299942900022767 24.407952070200462 24.24998155685058 24.531710748761103 24.747363972775073 24.902583388502638 25.00841967504471 25.078885777766974 25.128620319409787 25.171730725106492 25.222182011711784 25.299942900022767 24.260427885411442 24.106409259168245 24.40307111416535 24.64033464279175 24.821632167637283 24.954831179354315 25.050516853842645 25.1202728123046 25.17576754995749 25.22962187457963 25.299942900022767 24.166146279835512 24.01727098704203 24.321577657279615 24.570919655888652 24.767740796315113 24.91796643867905 25.029895711338987 25.112994884938264 25.177226724280928 25.23399557683455 25.299942900022767 24.11298577514953 23.96493224194626 24.271708458311554 24.52691115155736 24.732482035955275 24.89306573936105 25.015358785144816 25.107293413558804 25.177591399634736 25.236658086660366 25.299942900022767 24.07983104440658 23.929807603410836 24.23743776719292 24.496063901801822 24.707290168032642 24.874872935057464 25.004367045139233 25.102590496123725 25.17735590679499 25.238306159776982 25.299942900022767 24.055152605445766 23.90263583437402 24.210952540549737 24.472206038955903 24.68771078140456 24.860572693053932 24.995515390976113 25.098539954497028 25.176788195912476 25.23933820645771 25.299942900022767 24.034716100624514 23.88009909889337 24.18919561671636 24.452731222208936 24.671749918507178 24.848853422238083 24.988139260612844 25.094995515860404 25.17605972942961 25.239987255819063 25.299942900022767 24.017051472593952 23.860868580026583 24.1708123477226 24.436388531396947 24.658391680882602 24.83901657322321 24.981872607949526 25.09187454551245 25.175271093874063 25.240395102949204 25.299942900022767 24.00152277133356 23.844223693569766 24.15503270763484 24.422441118103382 24.64701921042661 24.830625385732453 24.976477467697997 25.089114608724525 25.17447779703063 25.24064755499005 25.299942900022767 23.987761104783747 23.82968544403468 24.141344281052977 24.410398055574586 24.63721881218946 24.82338288598935 24.97178709076032 25.086665511800042 25.173709867148553 25.240798167238943 25.299942900022767 23.9755099407953 23.8169069609568 24.129380622974416 24.399911671424718 24.628698346662397 24.817078143676813 24.96768042146146 25.084486848329668 25.17298326356678 25.240881497725415 25.299942900022767 23.96457405668838 23.80562531805357 24.11886803410149 24.390725259909534 24.62124329347411 24.811555865007232 24.964066752822156 25.082545729774484 25.1723059443313 25.240920547623737 25.299942900022767 23.95479665521311 23.795633911339323 24.109594602039653 24.382642240853084 24.61469030032911 24.806697575742806 24.960875765897878 25.080814763647666 25.171681115579318 25.240930691442873 25.299942900022767 23.94604693621527 23.786765335717572 24.101391044238657 24.375507127623987 24.60891078759648 24.802409820305126 24.958051128540706 25.07927056733191 25.171109074797165 25.240922254700664 25.299942900022767 23.938212822692485 23.778880538261173 24.094118589494165 24.36919355381824 24.603800653302464 24.798616728935077 24.95554642392263 25.077892775052764 25.170588328608396 25.240902321620247 25.299942900022767 23.93119654576549 23.771861818906153 24.08766116027656 24.363596594325372 24.599273703893378 24.795255288549345 24.953322560973938 25.07666340348809 25.170116305526147 25.240875671477944 25.299942900022767 23.92491185792712 23.76560818434493 24.08192018906092 24.35862770532302 24.595257354472594 24.79227226517934 24.951346100000624 25.075566454855256 25.169689839213788 25.24084551670112 25.299942900022767 23.919282175911576 23.760032144477037 24.076811058154465 24.35421127366337 24.591689716660515 24.789622132090372 24.949588133401598 25.074587657524468 25.16930550150038 25.240813999346088 25.299942900022767 23.914239259931353 23.755057410082376 24.07226056050824 24.350282175922246 24.5885175525447 24.787265617019727 24.948023491380457 25.073714257768177 25.168959791800468 25.24078252269064 25.299942900022767 23.909722206225503 23.750617163229027 24.068205013816502 24.346783982866725 24.585694782638466 24.785168652604845 24.946630174294974 25.072934872236836 25.16864928534747 25.240751982407552 25.299942900022767 23.905676629761352 23.746652703188403 24.064588802217006 24.34366757966133 24.583181338027455 24.78330155799192 24.94538889337875 25.07223935568478 25.168370720049687 25.240722926645915 25.299942900022767 23.90205397122215 23.743112354026593 24.061363218829296 24.340890082223115 24.580942264857473 24.781638402651478 24.944282710832645 25.071618681190273 25.168121046044423 25.240695666520566 25.299942900022767 23.898810891267814 23.73995055827806 24.058485519079486 24.33841395739126 24.578946998326774 24.78015648648341 24.943296737928797 25.07106482955875 25.16789744982417 25.240670353284774 25.299942900022767 23.895908732486664 23.73712711208614 24.055918133109678 24.336206296065658 24.577168763393573 24.778835907687043 24.94241787833326 25.070570686932307 25.167697361752374 25.24064703231129 25.299942900022767 23.89331303216739 23.73460651261735 24.053628002567123 24.334238204665077 24.575584073008176 24.777659198537894 24.941634607402833 25.07012995051571 25.16751845312624 25.24062568024503 25.299942900022767 23.890993086149553 23.732357396608254 24.05158601614333 24.33248429019201 24.574172303748934 24.776611015510134 24.940936780945012 25.069737041726704 25.167358624866687 25.24060623064911 25.299942900022767 23.888921602636284 23.730352055617793 24.049766526492526 24.33092222165823 24.572915334503676 24.77567787406565 24.94031546922905 25.069387027904384 25.16721599383588 25.240588591796904 25.299942900022767 23.88707430133503 23.72856601238851 24.048146934423546 24.329532354667254 24.571797237417677 24.7748479208568 24.939762812642478 25.069075551758576 25.16708887696974 25.24057265873811 25.299942900022767 23.885429625448932 23.726977654659645 24.04670733089135 24.328297409302913 24.570804012837417 24.77411073767432 24.93927189621998 25.068798768350064 25.166975774781914 25.240558321439007 25.299942900022767 23.883968466378693 23.72556791698359 24.045430188172222 24.32720219324227 24.56992336159882 24.773457172543065 24.93883664064865 25.068553289114362 25.1668753551429 25.240545470210357 25.299942900022767 23.88267391933972 23.724320004182157 24.044300093212282 24.326233363512095 24.569144489251038 24.7728791942199 24.93845170788913 25.068336133102306 25.16678643953385 25.240533999227328 25.299942900022767 23.88153106797516 23.72321915107823 24.043303517412397 24.325379221470072 24.56845793773078 24.77236976685852 24.938112419226037 25.06814468307381 25.16670798732667 25.240523808773663 25.299942900022767 23.88052678106306 23.722252414181884 24.042428618075242 24.324629536471235 24.567855440720457 24.77192274221918 24.93781468469567 25.06797664805787 25.166639083562668 25.24051480657013 25.299942900022767 23.87964958028182 23.721408492705837 24.04166506760698 24.323975394447263 24.567329799551974 24.771532767129973 24.937554942355334 25.067830030945963 25.166578927574506 25.240506908514018 25.299942900022767 23.878889464066464 23.720677572217593 24.041003906498105 24.323409068159517 24.566874777012 24.771195204188537 24.93733010579404 25.06770309950306 25.166526822855715 25.240500039019725 25.299942900022767 23.878237789510177 23.72005119116901 24.040437417666073 24.32292390648105 24.5664850068182 24.77090606420685 24.93713751958224 25.067594362257285 25.16648216818857 25.240494131102963 25.299942900022767 23.87768716654227 23.71952212736222 24.039959019709023 24.322514240462645 24.566155916866133 24.770661948901324 24.93697492135853 25.067502547730303 25.1664444499583 25.240489126308074 25.299942900022767 23.877231365441034 23.719084301920038 24.039563176889747 24.32217530420723 24.565883664559976 24.770460002565653 24.93684040991393 25.067426586880117 25.166413235568083 25.240484974549492 25.299942900022767 23.87686523946537 23.71873269924581 24.039245324433793 24.321903169530824 24.565665083762433 24.77029787259454 24.936732418677536 25.06736559847165 25.16638816792702 25.240481633910882 25.299942900022767 23.876584661238056 23.718463301358728 24.039001807228583 24.321694692151045 24.565497640753577 24.770173676503664 24.936649694054307 25.0673188770772 25.16636896088796 25.24047907043697 25.299942900022767 23.876386471885255 23.7182730356732 24.03882983119362 24.321547469111998 24.565379399499324 24.770085975973565 24.936591278259282 25.067285883634085 25.166355395571713 25.240477257940643 25.299942900022767 23.876268442346657 23.718159735298354 24.038727426384142 24.321459806569734 24.565308995468587 24.77003375732718 24.936556496268437 25.067266238165065 25.16634731759243 25.240476177840165 25.299942900022767 23.87622924597194 23.718122111130306 24.038693421073425 24.321430697157762 24.565285617216986 24.77001641778719 24.936544946673152 25.06725971467523 25.16634463509573 25.240475819037027 25.299942900022767
    </DataArray>
    <DataArray type="Float32" Name="Potential [V]" NumberOfComponents="1" format="ascii">
2.7609626700918843 2.8850080286597444 2.9810558426220317 3.050381397360266 3.1088583331037944 3.164906065336207 3.2259626230939875 3.3018328319161974 3.403246761991133 3.5337028747189723 3.6864057047350727 2.7517848032776158 2.8744246612814064 2.973037661432525 3.044887384529691 3.1051395720493438 3.1629834274726245 3.226308037398726 3.304718866428434 3.407467878641554 3.5367254714373213 3.6864057047350727 2.7359037993672968 2.8542675668549324 2.95547931499414 3.032751355953578 3.0979935806667855 3.1611816576204297 3.23052266472105 3.3145539602530807 3.4191620302360275 3.544709949890087 3.6864057047350727 2.7257529686215656 2.836975685677646 2.9389891129356025 3.023159950072445 3.095986704288477 3.166935297933953 3.2430965391556277 3.331253149917458 3.435436167969921 3.555443379816097 3.6864057047350727 2.718671904154722 2.825047590640861 2.9273111633161064 3.018853353035617 3.1009671385343607 3.1796385360309225 3.2614778011503374 3.35199659994868 3.4540569687700695 3.5670301285937724 3.6864057047350727 2.711965755344108 2.8164342429841254 2.9198790655520557 3.017278477964013 3.1077719354716917 3.194304388460479 3.2815189018769972 3.3736069206702983 3.4727334277507453 3.578235541052704 3.6864057047350727 2.704163969133781 2.8091312188585973 2.9145196346648734 3.0166121853366072 3.1139294336336905 3.20742019158577 3.2996214396885546 3.3932098226188425 3.4896369901719106 3.5882902534588093 3.6864057047350727 2.6944348518332477 2.8020288837015155 2.909974784632846 3.0159190302162515 3.118475931943464 3.217524798985365 3.313995771916739 3.4091365388481374 3.50358790369369 3.5966617206164955 3.6864057047350727 2.6839387650925075 2.7951969573572533 2.905898523989438 3.0149826943438396 3.12141859574682 3.224598703509965 3.324416590828658 3.420998160787383 3.5141998017689198 3.6031234902215195 3.6864057047350727 2.6751613050822503 2.7894144839350314 2.902442886301739 3.013943229349387 3.1231564460313637 3.229250693701509 3.33149882509241 3.4292511112888384 3.521727035266437 3.607771379545677 3.6864057047350727 2.6695516958928884 2.785215130015519 2.8997594500081085 3.012949934831084 3.1240747116945804 3.2321490566711755 3.3360692926377418 3.4346843995615073 3.5267595081627574 3.6109141442105606 3.6864057047350727 2.6663887283789607 2.78240751474555 2.897773605418611 3.012048349298487 3.1244368501408886 3.2338219400927053 3.33885987050324 3.4380825357052465 3.52995457443008 3.6129311146358787 3.6864057047350727 2.664416073362 2.780484051753452 2.8962787638277145 3.0112174524001176 3.124416494354268 3.2346557762790207 3.340435652735423 3.4400876477765414 3.531883766376917 3.6141685676092647 3.6864057047350727 2.6629477445493115 2.7790476643491813 2.895083620853762 3.010424554149075 3.124135290282716 3.2349289443599054 3.3412072488714784 3.4411750363304403 3.5329807966961346 3.6148946763055583 3.6864057047350727 2.661731804233664 2.777880364550298 2.8940640838810756 3.009649696272198 3.1236822054094833 3.2348385638707158 3.3414613005419507 3.4416753326359233 3.5335482407468177 3.615296927066502 3.6864057047350727 2.6606807862846 2.7768771056754304 2.8931533263028446 3.008887606778009 3.123123082257668 3.2345214328780583 3.341392052154984 3.441809537308916 3.5337865297037885 3.6154984916740456 3.6864057047350727 2.659756852663009 2.7759880630460834 2.892319334878521 3.0081421836084856 3.122506393858632 3.2340709382286756 3.341128470994071 3.441721795389457 3.533824533681228 3.615577524908628 3.6864057047350727 2.658938054863935 2.775188391043681 2.8915480495493413 3.007420993890307 3.1218672480601892 3.2335500045044183 3.340755026255693 3.441504794735255 3.5337438627980644 3.6155828482761363 3.6864057047350727 2.658209129622684 2.7744644748381897 2.8908336214453136 3.006731769290345 3.1212304147991827 3.2330004662056795 3.340326461522602 3.441217624253022 3.5335958600263115 3.61554484560996 3.6864057047350727 2.6575584614928274 2.773807815220812 2.890173433293095 3.006080711006773 3.1206127333319404 3.2324496386903765 3.3398778463924974 3.440897680666528 3.5334127293051982 3.6154824658259406 3.6864057047350727 2.6569767212813757 2.7732122649732034 2.889565770969268 3.00547195214494 3.1200250602936404 3.23191486962439 3.339431266454149 3.440568394187951 3.533214591667885 3.6154075593436232 3.6864057047350727 2.6564561265821784 2.772672770266463 2.889008853598352 3.0049076283483234 3.119473834442747 3.23140668605973 3.339000240039902 3.4402441872934353 3.5330139064048924 3.61532753387223 3.6864057047350727 2.655990008987559 2.77218481122524 2.8885005204980865 3.004388207351715 3.1189623094282393 3.2309309749192674 3.3385926346338524 3.4399336554847433 3.5328182423331187 3.615246986174482 3.6864057047350727 2.6555725514009563 2.7717441716290416 2.8880382131241493 3.003912886230527 3.1184915035708145 3.230490497459322 3.33821260107826 3.439641618343226 3.532632027581748 3.6151687139122823 3.6864057047350727 2.6551986222295656 2.7713468602220344 2.8876190718033117 3.003479964686679 3.1180609160265256 3.230085942447794 3.3378618639288176 3.4393704530671325 3.5324576670463776 3.615094354018236 3.6864057047350727 2.654863664887943 2.770989096913926 2.8872400614410654 3.0030871584074226 3.117669056133676 3.2297166580348002 3.3375405869119246 3.439120969057699 3.5322962645754767 3.6150247916750207 3.6864057047350727 2.654563619214654 2.770667322089946 2.886898088547418 3.0027318449165152 3.1173138273582484 3.2293811587573025 3.337247955410487 3.4388929856873336 3.532148094592195 3.6149604260416557 3.6864057047350727 2.6542948615304547 2.7703782098360112 2.8865900958224446 3.002411247237573 3.1169928005224246 3.229077474696007 3.336982568889998 3.438685716111822 3.532012913018461 3.614901345077111 3.6864057047350727 2.654054156010317 2.770118677241493 2.8863131318608377 3.0021225654277326 3.1167034041706874 3.2288033895106056 3.3367427043677176 3.4384980225708737 3.531890163257268 3.614847441550955 3.6864057047350727 2.653838613450267 2.769885887483387 2.8860643984290397 3.001863066837258 3.1164430539410146 3.2285566003930706 3.336526491972325 3.4383285857283354 3.5317791128153906 3.614798490395226 3.6864057047350727 2.6536456552268417 2.769677246869697 2.885841279421007 3.001630144914724 3.1162092376214385 3.228334823193655 3.3363320302312434 3.4381760160302255 3.531678943577414 3.61475420031088 3.6864057047350727 2.6534729812840476 2.769490396992064 2.8856413557621807 3.001421354769751 3.1159995684654964 3.228135859230874 3.3361574599908814 3.4380389257434936 3.531588810852337 3.614714248042402 3.6864057047350727 2.6533185411440554 2.7693232033344723 2.8854624100569164 3.0012344320302957 3.1158118161150123 3.2279576355161157 3.3360010099945647 3.4379159742724776 3.5315078812699294 3.614678300890696 3.6864057047350727 2.6531805079569772 2.769173741799246 2.8853024241348457 3.0010673000320307 3.1156439220017824 3.2277982267253638 3.3358610231466037 3.4378058953392068 3.5314353563208014 3.6146460312134656 3.6864057047350727 2.6530572579032614 2.7690402845013846 2.885159571928079 3.0009180691046122 3.1154940042229247 3.2276558648307243 3.335735969751273 3.437707511938149 3.5313704861981394 3.614617125468971 3.6864057047350727 2.652947346343189 2.7689212840639357 2.8850322092060785 3.000785030680759 3.11536035548338 3.2275289405719305 3.33562445210879 3.4376197431379034 3.5313125771195946 3.6145912895514227 3.6864057047350727 2.6528494906808056 2.768815358972905 2.8849188618857227 3.000666648309349 3.115241436684911 3.2274159997118206 3.3355252035205916 3.4375416055480477 3.5312609943276416 3.6145682516276514 3.6864057047350727 2.652762553984114 2.768721279441505 2.884818213718977 3.0005615469811833 3.115135867969995 3.22731573613261 3.3354370838235865 3.4374722114021052 3.531215162289766 3.6145477633145418 3.6864057047350727 2.6526855304446704 2.7686379541133967 2.8847290939891774 3.000468501748367 3.115042418473822 3.227226983195118 3.335359072916253 3.4374107646031433 3.531174563153196 3.6145295997795444 3.6864057047350727 2.652617532562395 2.7685644177704365 2.88465046564969 3.0003864263081303 3.114959995639747 3.2271487043311984 3.3352902632719017 3.437356555640054 3.5311387341514138 3.6145135591636195 3.6864057047350727 2.6525577790499635 2.7684998200593616 2.8845814141872985 3.000314361997779 3.11488763466947 3.227079983520799 3.3352298521162367 3.4373089560130095 3.5311072644834014 3.6144994616101407 3.6864057047350727 2.6525055869650567 2.7684434158464226 2.88452113745887 3.000251467489908 3.114824488476674 3.227020016078807 3.335177133711728 3.4372674125782128 3.5310797919874277 3.6144871480893217 3.6864057047350727 2.652460361230083 2.768394555904781 2.884468936340508 3.0001970093079096 3.114769818363914 3.2269681000186674 3.3351314920320942 3.437231442078729 3.5310559998285194 3.614476479146632 3.6864057047350727 2.652421587605503 2.7683526790645687 2.8844242064418335 3.0001503532900817 3.1147229855604763 3.2269236281554394 3.3350923940061787 3.437200626040913 3.53103561334573 3.614467333662029 3.6864057047350727 2.6523888263935804 2.7683173053958257 2.8843864308389358 3.000110957036986 3.1146834436878956 3.226886081035937 3.3350593834312177 3.4371746061364177 3.5310183971482276 3.6144596076758786 3.6864057047350727 2.6523617069355443 2.7682880303161173 2.884355173778433 3.0000783633383827 3.1146507321757064 3.226855020735485 3.335032075607366 3.437153080067948 3.5310041525141593 3.6144532133175824 3.6864057047350727 2.652339923008287 2.7682645196024636 2.8843300753216097 3.0000521945614125 3.11462447062412 3.2268300855325744 3.3350101527145135 3.4371357980073687 3.530992715123114 3.614448077858944 3.6864057047350727 2.652323229039271 2.7682465052621503 2.884310846891334 3.000032147972035 3.1146043540929313 3.2268109854478446 3.334993359931415 3.4371225595958026 3.530983953135887 3.614444142904759 3.6864057047350727 2.6523114370804057 2.7682337822183825 2.8842972676871277 3.000017991959751 3.1145901492942842 3.2267974986340895 3.334981502288737 3.437113211504497 3.530977765627253 3.614441363727469 3.6864057047350727 2.6523044145060624 2.768226205774169 2.884289181934303 3.00000956313687 3.114581691663928 3.2267894685956735 3.3349744422416028 3.437107645550002 3.5309740813712076 3.6144397087488227 3.6864057047350727 2.652302082382607 2.7682236898210384 2.884286496939864 3.000006764285958 3.114578883287492 3.226786802218789 3.3349720979481408 3.4371057973552865 3.530972857976839 3.614439159169834 3.6864057047350727
    </DataArray>
    <DataArray type="Float32" Name="Electron density [log10(m^-3)]" NumberOfComponents="1" format="ascii">
25.702505253128248 25.6597697954485 25.780348150248148 25.85552078553907 25.882956382103917 25.89066158081142 25.892932589245817 25.894822372124036 25.861155212660343 25.7605759462039 25.299942900022767 25.548251366662814 25.501530871723574 25.649451189391808 25.762810805175015 25.815689908866013 25.840339030329247 25.854088820574287 25.85807249137152 25.82017176743004 25.72201165897748 25.299942900022767 25.281336774883048 25.21377276847992 25.375169749247846 25.55155634796322 25.65665024231728 25.717913083117747 25.751798784287082 25.752143716076 25.713796020946827 25.624073094219842 25.299942900022767 25.110730126838476 25.003097469873584 25.096960643448703 25.306952302973233 25.458881714877997 25.552707288981473 25.606605368096368 25.616916141888403 25.58262830709863 25.490470377388394 25.299942900022767 24.991717535304147 24.902260228191235 24.884400819258417 25.04492819063496 25.225099673538654 25.360057264112726 25.43816070241654 25.461628270523132 25.433383949243964 25.350837811805565 25.299942900022767 24.879006211617842 24.811383567486413 24.73357973738799 24.811988935420477 24.978625462129067 25.134891866785654 25.238903916645725 25.285032806347157 25.276290724612366 25.2204280110165 25.299942900022767 24.747880333603977 24.698364005890543 24.6010289143867 24.610372765224113 24.728058881894466 24.88217128016398 25.007906524773084 25.081910623503077 25.10281943058372 25.091286923884578 25.299942900022767 24.58436149138758 24.552583865409982 24.457542588506268 24.42548907010876 24.48532226960828 24.612031968990486 24.745586222309267 24.845459049710573 24.9011665567235 24.95172741728307 25.299942900022767 24.407952070200462 24.390774040635254 24.30635768932408 24.252388787172144 24.261965541709394 24.343305038139334 24.46359997469065 24.578808848018 24.670064625005235 24.804840307697145 25.299942900022767 24.260427885411442 24.248641223494594 24.17185173880813 24.104639660372055 24.075676710246928 24.105739264566576 24.190868695901287 24.302219645392068 24.42427792398151 24.667607738086364 25.299942900022767 24.166146279835512 24.151438446378236 24.075635283927237 23.998248966854764 23.942061650781035 23.9275809923221 23.965694586322726 24.05089018053888 24.19254140395452 24.558260892860275 25.299942900022767 24.11298577514953 24.09419326790211 24.017033083634836 23.93251452726812 23.85924285295208 23.81442318747628 23.811128283583265 23.858743279514467 24.00564311679192 24.48303098517727 25.299942900022767 24.07983104440658 24.059244202155714 23.981803657697895 23.8936350021644 23.81101247227188 23.74902347012686 23.719170040560762 23.734861215481622 23.8769814674402 24.43508280341583 25.299942900022767 24.055152605445766 24.03445237996907 23.957966682398375 23.868587370004533 23.78130096316269 23.71036699937157 23.666242748301638 23.662123977340435 23.796521444778648 24.403585825025246 25.299942900022767 24.034716100624514 24.01450491484827 23.93947026686606 23.850067652266326 23.760483967579358 23.684775345053804 23.633205345543367 23.618297889595944 23.745588365520774 24.380450073707955 25.299942900022767 24.017051472593952 23.997419816973 23.923865031372497 23.8348759135964 23.744072798150974 23.665535596021936 23.60973993580968 23.588818333787156 23.710076696326905 24.36132801803158 25.299942900022767 24.00152277133356 23.982411042473665 23.910199827286284 23.821735021026626 23.73019491463092 23.649748003238653 23.59120465963965 23.566512216231303 23.6824494166542 24.344308109085535 25.299942900022767 23.987761104783747 23.969087300458337 23.898054969356487 23.810110348059588 23.718065522920078 23.63618498854714 23.575621456167163 23.548227689827772 23.65927656189384 24.32866966745526 25.299942900022767 23.9755099407953 23.95720111449574 23.887196139815803 23.799733990884548 23.707312788930675 23.624282707430286 23.562109484580457 23.532585374087343 23.63907239675465 24.3141776081376 25.299942900022767 23.96457405668838 23.94657036734803 23.877461782597894 23.790437562266856 23.69772162169668 23.613735818688482 23.5502219848793 23.51892562574141 23.62115927401237 24.300761983928147 25.299942900022767 23.95479665521311 23.93704963318112 23.86872544530864 23.782095661798667 23.68914236986792 23.604346017196413 23.53968946880063 23.506879501013927 23.605175812609033 24.288392896185222 25.299942900022767 23.94604693621527 23.928517179147494 23.86088135811885 23.77460567189958 23.68145781614964 23.59596579445384 23.530322700114365 23.496203332621203 23.590884282231997 24.277039376717187 25.299942900022767 23.938212822692485 23.92086807140292 23.85383784957247 23.76787950448148 23.674570104682694 23.588476256220847 23.521974810153306 23.48671495577003 23.57809954201872 24.266660012272254 25.299942900022767 23.93119654576549 23.914010191185064 23.847513885619506 23.76183965384334 23.66839477083867 23.58177727585995 23.514525109614663 23.478267742163357 23.566663630034622 24.257203822766215 25.299942900022767 23.92491185792712 23.907861792256487 23.841837064676273 23.756417039030172 23.662857586750153 23.575782458320912 23.507871214329715 23.47073882253036 23.556436597321163 24.248613556399338 25.299942900022767 23.919282175911576 23.902349904548213 23.836742353975684 23.751549689540774 23.65789267877999 23.570416210624693 23.50192466368313 23.46402294445651 23.54729289290876 24.240828875107503 25.299942900022767 23.914239259931353 23.897409209434695 23.832171216865085 23.747181859136244 23.65344128462528 23.5656118536497 23.496608192443404 23.45802880808256 23.539119583820348 24.233788821803884 25.299942900022767 23.909722206225503 23.892981181038948 23.82807094916107 23.74326336514477 23.649450853439166 23.56131029239389 23.491853864868702 23.452676615995244 23.5318151746908 24.227433569698338 25.299942900022767 23.905676629761352 23.889013383136607 23.824394131337765 23.73974905404033 23.64587434768632 23.557459017745526 23.487601704248085 23.4478962924814 23.525288620778202 24.221705592875768 25.299942900022767 23.90205397122215 23.885458863688253 23.821098147829034 23.736598338015565 23.642669663170352 23.554011309484594 23.48379863076544 23.443626114882676 23.519458418636944 24.216550405624908 25.299942900022767 23.898810891267814 23.882275617045412 23.818144751382043 23.73377477863042 23.639799128337888 23.550925573697143 23.480397600478078 23.439811613512486 23.51425174470061 24.211916990491016 25.299942900022767 23.895908732486664 23.87942609829236 23.815499661696766 23.731245705328 23.637229060888934 23.54816477585666 23.477356885617017 23.436404660560644 23.50960364032487 24.20775800567981 25.299942900022767 23.89331303216739 23.87687677888088 23.813132192897257 23.728981863428857 23.634929370256284 23.54569594743185 23.474639460955967 23.433362700649337 23.50545624868746 24.20402983857045 25.299942900022767 23.890993086149553 23.874597747415343 23.81101491502213 23.726957094447826 23.632873202820235 23.543489754446114 23.472212475306247 23.43064809369022 23.501758108491693 24.20069255415735 25.299942900022767 23.888921602636284 23.87256237387399 23.809123357310845 23.725148050182717 23.63103662546245 23.541520117423513 23.47004679127252 23.42822754718422 23.49846350631077 24.197709774073175 25.299942900022767 23.88707430133503 23.870746948457192 23.80743570213715 23.72353390988971 23.629398326750668 23.53976386580933 23.468116576824617 23.426071620177282 23.495531886459084 24.195048511847542 25.299942900022767 23.885429625448932 23.86913039975793 23.805932532318877 23.72209613814406 23.627939356800784 23.538200436153588 23.466398949324166 23.42415429270192 23.49292731943454 24.192678983394984 25.299942900022767 23.883968466378693 23.867694034413148 23.804596600959297 23.720818266645804 23.626642895706368 23.5368116063293 23.4648736643787 23.42245259162486 23.4906180266001 24.190574406263543 25.299942900022767 23.88267391933972 23.866421303666495 23.803412623578318 23.719685697263188 23.625494046296037 23.535581260203212 23.46352284261809 23.420946264337353 23.488575957322222 24.188710797169445 25.299942900022767 23.88153106797516 23.865297595585044 23.80236709170618 23.71868552528916 23.624479649364847 23.534495179737593 23.462330730328965 23.419617495184863 23.486776414449878 24.1870667742538 25.299942900022767 23.88052678106306 23.864310045325134 23.8014481053064 23.717806382142044 23.6235881206738 23.533540862844067 23.461283490598685 23.41845065898377 23.485197724798628 24.18562336885308 25.299942900022767 23.87964958028182 23.86344739622633 23.80064524091035 23.71703830571738 23.622809312813224 23.532707366870724 23.46036902284424 23.417432108044604 23.483820950593103 24.184363849654385 25.299942900022767 23.878889464066464 23.862699839873194 23.799949412656208 23.716372612230913 23.622134385374416 23.531985166724926 23.459576802954242 23.416549986000966 23.482629636756293 24.18327356095315 25.299942900022767 23.878237789510177 23.86205889739992 23.799352762349816 23.715801790571717 23.621555695247615 23.53136603347536 23.458897745766212 23.41579406789514 23.481609592178856 24.182339776266947 25.299942900022767 23.87768716654227 23.861517316746475 23.798848565618677 23.715319412569983 23.621066703536794 23.53084293127309 23.458324088186515 23.415155624230206 23.480748702193956 24.18155156789135 25.299942900022767 23.877231365441034 23.86106898319803 23.798431150559637 23.71492005565921 23.62066189585708 23.530409929571924 23.45784929006017 23.414627306063807 23.480036769311315 24.18089969254263 25.299942900022767 23.87686523946537 23.860708844123966 23.798095828992363 23.714599237389024 23.62033671495156 23.53006212932826 23.45746795115215 23.41420304901025 23.47946537972271 24.180376492996402 25.299942900022767 23.876584661238056 23.86043284703414 23.797838839806566 23.71435336148508 23.620087505252705 23.52979560216694 23.457175742748362 23.413877994408903 23.479027793500265 24.179975815501287 25.299942900022767 23.876386471885255 23.860237890036867 23.797657303598694 23.714179674630117 23.61991146849405 23.529607341774994 23.456969353066686 23.41364842651997 23.478718856937398 24.179692942712865 25.299942900022767 23.876268442346657 23.86012178408452 23.7975491880368 23.714076233419707 23.61980662977159 23.529495226831106 23.456846445711136 23.413511724731883 23.47853493570534 24.179524541874617 25.299942900022767 23.87622924597194 23.860083226281713 23.797513283394057 23.714041881040025 23.61977181361445 23.52945799488349 23.456805630425162 23.41346632996552 23.478473867819144 24.17946862800212 25.299942900022767
    </DataArray>
    <DataArray type="Float32" Name="Hole density [log10(m^-3)]" NumberOfComponents="1" format="ascii">
0.0 0.0 0.0 0.0 0.0 0.0 0.0 0.0 0.0 0.0 0.0 0.0 0.0 0.0 0.0 0.0 0.0 0.0 0.0 0.0 0.0 0.0 0.0 0.0 0.0 0.0 0.0 0.0 0.0 0.0 0.0 0.0 0.0 0.0 0.0 0.0 0.0 0.0 0.0 0.0 0.0 0.0 0.0 0.0 0.0 0.0 0.0 0.0 0.0 0.0 0.0 0.0 0.0 0.0 0.0 0.0 0.0 0.0 0.0 0.0 0.0 0.0 0.0 0.0 0.0 0.0 0.0 0.0 0.0 0.0 0.0 0.0 0.0 0.0 0.0 0.0 0.0 0.0 0.0 0.0 0.0 0.0 0.0 0.0 0.0 0.0 0.0 0.0 0.0 0.0 0.0 0.0 0.0 0.0 0.0 0.0 0.0 0.0 0.0 0.0 0.0 0.0 0.0 0.0 0.0 0.0 0.0 0.0 0.0 0.0 0.0 0.0 0.0 0.0 0.0 0.0 0.0 0.0 0.0 0.0 0.0 0.0 0.0 0.0 0.0 0.0 0.0 0.0 0.0 0.0 0.0 0.0 0.0 0.0 0.0 0.0 0.0 0.0 0.0 0.0 0.0 0.0 0.0 0.0 0.0 0.0 0.0 0.0 0.0 0.0 0.0 0.0 0.0 0.0 0.0 0.0 0.0 0.0 0.0 0.0 0.0 0.0 0.0 0.0 0.0 0.0 0.0 0.0 0.0 0.0 0.0 0.0 0.0 0.0 0.0 0.0 0.0 0.0 0.0 0.0 0.0 0.0 0.0 0.0 0.0 0.0 0.0 0.0 0.0 0.0 0.0 0.0 0.0 0.0 0.0 0.0 0.0 0.0 0.0 0.0 0.0 0.0 0.0 0.0 0.0 0.0 0.0 0.0 0.0 0.0 0.0 0.0 0.0 0.0 0.0 0.0 0.0 0.0 0.0 0.0 0.0 0.0 0.0 0.0 0.0 0.0 0.0 0.0 0.0 0.0 0.0 0.0 0.0 0.0 0.0 0.0 0.0 0.0 0.0 0.0 0.0 0.0 0.0 0.0 0.0 0.0 0.0 0.0 0.0 0.0 0.0 0.0 0.0 0.0 0.0 0.0 0.0 0.0 0.0 0.0 0.0 0.0 0.0 0.0 0.0 0.0 0.0 0.0 0.0 0.0 0.0 0.0 0.0 0.0 0.0 0.0 0.0 0.0 0.0 0.0 0.0 0.0 0.0 0.0 0.0 0.0 0.0 0.0 0.0 0.0 0.0 0.0 0.0 0.0 0.0 0.0 0.0 0.0 0.0 0.0 0.0 0.0 0.0 0.0 0.0 0.0 0.0 0.0 0.0 0.0 0.0 0.0 0.0 0.0 0.0 0.0 0.0 0.0 0.0 0.0 0.0 0.0 0.0 0.0 0.0 0.0 0.0 0.0 0.0 0.0 0.0 0.0 0.0 0.0 0.0 0.0 0.0 0.0 0.0 0.0 0.0 0.0 0.0 0.0 0.0 0.0 0.0 0.0 0.0 0.0 0.0 0.0 0.0 0.0 0.0 0.0 0.0 0.0 0.0 0.0 0.0 0.0 0.0 0.0 0.0 0.0 0.0 0.0 0.0 0.0 0.0 0.0 0.0 0.0 0.0 0.0 0.0 0.0 0.0 0.0 0.0 0.0 0.0 0.0 0.0 0.0 0.0 0.0 0.0 0.0 0.0 0.0 0.0 0.0 0.0 0.0 0.0 0.0 0.0 0.0 0.0 0.0 0.0 0.0 0.0 0.0 0.0 0.0 0.0 0.0 0.0 0.0 0.0 0.0 0.0 0.0 0.0 0.0 0.0 0.0 0.0 0.0 0.0 0.0 0.0 0.0 0.0 0.0 0.0 0.0 0.0 0.0 0.0 0.0 0.0 0.0 0.0 0.0 0.0 0.0 0.0 0.0 0.0 0.0 0.0 0.0 0.0 0.0 0.0 0.0 0.0 0.0 0.0 0.0 0.0 0.0 0.0 0.0 0.0 0.0 0.0 0.0 0.0 0.0 0.0 0.0 0.0 0.0 0.0 0.0 0.0 0.0 0.0 0.0 0.0 0.0 0.0 0.0 0.0 0.0 0.0 0.0 0.0 0.0 0.0 0.0 0.0 0.0 0.0 0.0 0.0 0.0 0.0 0.0 0.0 0.0 0.0 0.0 0.0 0.0 0.0 0.0 0.0 0.0 0.0 0.0 0.0 0.0 0.0 0.0 0.0 0.0 0.0 0.0 0.0 0.0 0.0 0.0 0.0 0.0 0.0 0.0 0.0 0.0 0.0 0.0 0.0 0.0 0.0 0.0 0.0 0.0 0.0 0.0 0.0 0.0 0.0 0.0 0.0 0.0 0.0 0.0 0.0 0.0 0.0 0.0 0.0 0.0 0.0 0.0 0.0 0.0 0.0 0.0 0.0 0.0 0.0 0.0 0.0 0.0 0.0
    </DataArray>
    <DataArray type="Float32" Name="Ion density [log10(m^-3)]" NumberOfComponents="1" format="ascii">
25.37955444874006 25.73230525208541 25.75400976858004 25.68492703677774 25.630864309754287 25.557815104079715 25.429825682604665 25.22329555136685 24.996046429037523 24.945529414033594 24.977723605288848 25.22556714897649 25.570049935385217 25.653815513784043 25.59659066176779 25.54270323576275 25.465025864008915 25.331909211047375 25.137470938480803 24.959278272511487 24.924473987053418 24.977723605288848 24.95895478666991 25.23486509853005 25.420248439615204 25.364716932954924 25.29041213563238 25.198609611970877 25.067765019427213 24.946652884275853 24.894456088646823 24.879044876415996 24.977723605288848 24.788480039038053 24.864695692970688 25.161938260995047 25.134644164755777 25.01406332099983 24.953876696457787 24.87679554721032 24.812786549017837 24.792773107133993 24.83846141485006 24.977723605288848 24.669487845218164 24.636126700586438 24.89805936582513 24.986111067921968 24.957140714490954 24.876929919804834 24.79506790783258 24.74576674725054 24.749613435290385 24.822069643207573 24.977723605288848 24.556782626217665 24.46174525942726 24.715311435812495 24.847182812977433 24.878789611127992 24.849201521920143 24.800065986219394 24.765628507691552 24.770809660706544 24.83510346665945 24.977723605288848 24.425659029201924 24.2941308888671 24.548088893369027 24.707626730153134 24.786961457834153 24.810217700408383 24.80529325884902 24.798320325232105 24.81107532508439 24.862636327539583 24.977723605288848 24.26214115430403 24.110678221428497 24.37551031529968 24.56310923005007 24.682936502992725 24.75118770377399 24.787233760456957 24.81027818681322 24.837558725346256 24.885380186848746 24.977723605288848 24.085732201417457 23.927760380216622 24.20948791524016 24.42513940623627 24.580358071265376 24.68619569633402 24.75666550136708 24.806373842457518 24.84919890034273 24.899168824992135 24.977723605288848 23.938208269290488 23.784189002997365 24.08085009262868 24.318112810469326 24.499409894950087 24.632609286349375 24.728296315870917 24.79805211229051 24.853469194360155 24.906980432226522 24.977723605288848 23.843926805481374 23.695051199350107 23.99935751974763 24.248699156226127 24.445520090879445 24.5957458614127 24.707675659201715 24.790775529923348 24.85498976367922 24.911546344867094 24.977723605288848 23.790766378760125 23.64271268955422 23.949488744118284 24.20469127655288 24.410262072016017 24.570845828824364 24.693139092730615 24.785074045834516 24.855368399352244 24.914312673234956 24.977723605288848 23.757611690506064 23.6075881695846 23.91521825663156 24.173844318752337 24.385070547664455 24.552653341072382 24.68214754840788 24.78037114188117 24.855135772406026 24.916019653409517 24.977723605288848 23.732933275163134 23.580416461837377 23.88873313053466 24.14998659553661 24.36549132262692 24.538353248799396 24.67329599302284 24.776320622541338 24.8545687165224 24.917083718047305 24.977723605288848 23.712496783867763 23.557879759100757 23.866976258061715 24.13051184779619 24.349530537961513 24.52663405020514 24.665919911947775 24.772776199404493 24.853840395474 24.917750702126128 24.977723605288848 23.694832163817235 23.538649258316465 23.84859301623931 24.114169192314346 24.336172339511045 24.51679723704062 24.659653284186735 24.769655238264384 24.853051791705564 24.918167757735315 24.977723605288848 23.679303467398007 23.522004382167207 23.832813391027308 24.100221797762217 24.324799889373786 24.508406067935155 24.654258156814635 24.76689530670968 24.85225850126664 24.918424567043285 24.977723605288848 23.665541803863146 23.507466138687903 23.819124972863 24.088178745526104 24.314999502053045 24.501163577946624 24.649567786731268 24.76444621274366 24.851490571988666 24.91857715573954 24.977723605288848 23.653290641799494 23.49468765927161 23.80716131970038 24.07769236722134 24.30647904259619 24.494858840988606 24.64546112119415 24.762267550965078 24.850763968539702 24.918661428238163 24.977723605288848 23.64235475895064 23.48340601864362 23.79664873378596 24.068505959133436 24.299023992897073 24.489336565357615 24.64184745468491 24.76032643339624 24.850086649391127 24.918700895573092 24.977723605288848 23.632577358316176 23.473414613380225 23.787375303556 24.060422942148556 24.29247100182207 24.48447827787361 24.638656469004513 24.75859546785786 24.84946182069098 24.918711201550728 24.977723605288848 23.623827639892244 23.464546038706533 23.77917174692015 24.053287830208035 24.28669149035483 24.480190523511457 24.6358318323957 24.75705127190184 24.84888977994175 24.918702861892523 24.977723605288848 23.615993526769046 23.45666124188408 23.77189929293569 24.046974257225745 24.281581356856503 24.476397432810135 24.633327128240875 24.75567347984811 24.84836903377956 24.91868297990547 24.977723605288848 23.608977250125523 23.44964252296225 23.76544186422575 24.041377298272607 24.277054407961188 24.473035992851656 24.6311032655868 24.75444410842815 24.847897010717777 24.91865635408826 24.977723605288848 23.602692562491814 23.443388888703105 23.759700893356815 24.036408409632486 24.273038058880477 24.470052969761664 24.629126804805683 24.753347159890417 24.847470544420908 24.91862621096078 24.977723605288848 23.597062880626478 23.437812849049905 23.754591762692094 24.03199197822139 24.269470421298774 24.46740283686064 24.627368838335073 24.752368362623535 24.847086206719176 24.918594698801268 24.977723605288848 23.592019964758215 23.43283811481057 23.750041265217707 24.028062880654364 24.266298257342427 24.46504632191898 24.625804196401678 24.751494962911114 24.846740497028104 24.918563224479442 24.977723605288848 23.58750291113702 23.428397868071468 23.745985718650342 24.024564687723153 24.26347548754882 24.462949357594464 24.624410879377407 24.750715577408837 24.84642999058184 24.918532685465593 24.977723605288848 23.583457334737737 23.42443340811618 23.74236950714238 24.021448284608113 24.260962043018854 24.46108226304608 24.62316959850473 24.7500200608755 24.84615142528923 24.91850363042568 24.977723605288848 23.57983467624886 23.420893059019036 23.73914392382309 24.018670787236665 24.258722969908202 24.459419107752566 24.622063415990105 24.749399386394888 24.845901751287983 24.91847637069785 24.977723605288848 23.57659159633403 23.41773126332016 23.736266224125163 24.016194662454907 24.256727703421646 24.457937191619184 24.6210774431054 24.748845534773853 24.845678155070885 24.918451057753238 24.977723605288848 23.573689437581073 23.41490781716683 23.733698838195227 24.013987001167305 24.25494946851987 24.45661661284448 24.620198583524456 24.74835139215543 24.845478067001583 24.9184277369963 24.977723605288848 23.571093737281743 23.412387217722227 23.731408707677975 24.012018909790324 24.253364778155166 24.455439903711703 24.619415312605312 24.747910655745066 24.84529915837726 24.918406385058102 24.977723605288848 23.56877379128016 23.410138101732525 23.7293667212739 24.01026499533593 24.251953008912203 24.454391720696776 24.61871748615632 24.747517746960952 24.845139330119032 24.91838693554984 24.977723605288848 23.566702307780254 23.408132760757777 23.727547231638958 24.008702926817065 24.250696039679887 24.45345857926246 24.61809617444735 24.74716773314252 24.844996699089318 24.918369296765892 24.977723605288848 23.56485500649005 23.40634671754133 23.725927639582846 24.007313059838122 24.249577942604276 24.452628626061745 24.617543517866366 24.74685625699983 24.844869582224074 24.918353363760836 24.977723605288848 23.563210330613135 23.40475835982302 23.724488036061164 24.006078114483564 24.24858471803243 24.451891442885838 24.61705260144838 24.74657947359384 24.844756480036995 24.918339026502704 24.977723605288848 23.561749171550574 23.403348622155693 23.723210893350682 24.00498289843093 24.247704066800697 24.451237877759933 24.616617345880716 24.746333994360196 24.844656060398606 24.91832617529929 24.977723605288848 23.560454624518034 23.402100709361513 23.722080798397887 24.004014068707345 24.246925194458544 24.450659899441145 24.616232413124195 24.746116838349828 24.84456714479008 24.91831470433674 24.977723605288848 23.55931177315888 23.400999856263624 23.72108422260393 24.00315992667077 24.24623864294293 24.45015047208337 24.61589312446357 24.74592538832272 24.84448869258334 24.91830451389979 24.977723605288848 23.558307486251326 23.400033119372328 23.720209323271707 24.00241024167645 24.245636145936444 24.449703447447 24.615595389935237 24.745757353307926 24.844419788819707 24.918295511709953 24.977723605288848 23.557430285473906 23.39918919790049 23.719445772807546 24.001756099656223 24.245110504771134 24.44931347236025 24.61533564759658 24.745610736196863 24.844359632831857 24.918287613665086 24.977723605288848 23.556670169261746 23.39845827741575 23.718784611702077 24.001189773371575 24.244655482233785 24.44897590942084 24.615110811036676 24.74548380475446 24.844307528113326 24.918280744179583 24.977723605288848 23.55601849470812 23.397831896370068 23.718218122872855 24.000704611695664 24.24426571204214 24.44868676944082 24.614918224826013 24.7453750675091 24.844262873446397 24.91827483626929 24.977723605288848 23.5554678717424 23.39730283256566 23.717739724918108 24.000294945679343 24.24393662209183 24.44844265413665 24.61475562660323 24.74528325298246 24.844225155216307 24.918269831479655 24.977723605288848 23.555012070642942 23.3968650071254 23.717343882100682 23.999956009425606 24.243664369787087 24.448240707802068 24.614621115159185 24.74520729213255 24.844193940826234 24.918265679725277 24.977723605288848 23.55464594466868 23.396513404452683 23.717026029646185 23.999683874750517 24.243445788990652 24.448078577831808 24.614513123923135 24.7451463037243 24.84416887318529 24.918262339089953 24.977723605288848 23.554365366442422 23.396244006566743 23.71678251244207 23.99947539737173 24.24327834598263 24.44795438174157 24.61443039930016 24.745099582330017 24.844149666146315 24.91825977561851 24.977723605288848 23.554167177090363 23.39605374088201 23.71661053640787 23.99932817433337 24.243160104728958 24.447866681211774 24.61437198350532 24.745066588887017 24.844136100830127 24.918257963123896 24.977723605288848 23.554049147552128 23.395940440507633 23.716508131598847 23.999240511791516 24.243089700698565 24.44781446256554 24.614337201514584 24.745046943418064 24.844128022850878 24.91825688302443 24.977723605288848 23.554009951177484 23.395902816339742 23.716474126288276 23.999211402379675 24.243066322447074 24.447797123025595 24.61432565191933 24.74504041992825 24.84412534035419 24.918256524221626 24.977723605288848
    </DataArray>
    <DataArray type="Float32" Name="Ion density residual[log10(m^-3)]" NumberOfComponents="1" format="ascii">
24.093633215122573 24.449583206227217 24.467428867978136 24.402372700388586 24.354280051853195 24.2882827195327 24.16446623550249 23.94972891975252 23.711722323569067 23.647915849092104 23.676693609624866 23.934197520342302 24.28341433255676 24.36579454035858 24.313691843338717 24.2670387619722 24.19672591678985 24.065958829683257 23.86014174475718 23.670701044723764 23.625766695386353 23.676693609624866 23.661328620244472 23.942151612785143 24.12817426735527 24.078393042956737 24.013163860364564 23.927716684307594 23.79422544290451 23.65909214454311 23.598483844185605 23.619568509764466 23.676693609624866 23.488096239712863 23.567174501850666 23.865075207129163 23.837811216556474 23.719816426769373 23.660468510045675 23.582494889213567 23.52269798042277 23.56478633200185 23.619784771936196 23.676693609624866 23.36867609971134 23.336019951185683 23.59868800405018 23.68639285548614 23.656488523735067 23.57910207081116 23.521461590325455 23.523467425448967 23.565373351476687 23.620007083859523 23.676693609624866 23.255842725644328 23.161085384905938 23.41498521830822 23.546978122749163 23.57817763046878 23.549450254899977 23.517368004519565 23.523042718711913 23.565057298987796 23.61979142844847 23.676693609624866 23.12467123461592 22.993264410278922 23.247379415759056 23.407036157634685 23.4862994066641 23.509227674974294 23.508006260383095 23.51993314635758 23.562262202192958 23.61793997097431 23.676693609624866 22.96113304745689 22.809726643222273 23.074632665746687 23.262302506195745 23.38213943408503 23.450286191683716 23.486338009481436 23.514025831105073 23.557466936926602 23.615517276103784 23.676693609624866 22.78471426062494 22.626769902741106 22.90853222804894 23.12422010503847 23.279454530636517 23.385264053574957 23.455656120222628 23.505914316407495 23.554685264670766 23.614513207134753 23.676693609624866 22.637185022704287 22.483179197062615 22.779856358380727 23.01713610105052 23.19844243201712 23.331633851112702 23.4272924274536 23.497051626555237 23.554096461883816 23.614730492963716 23.676693609624866 22.54290058182637 22.39403155568662 22.698345222499615 22.947694463360786 23.144519718989994 23.294742798134436 23.40666156873072 23.489746800158503 23.55433060041714 23.615319649143135 23.676693609624866 22.48973851785629 22.341688104678678 22.648467557015593 22.903673466407948 23.109246129447545 23.269828764835037 23.392117448276107 23.48404558296569 23.55441621356944 23.615923509285107 23.676693609624866 22.45658293733889 22.306561094849943 22.614192793321237 22.872820377675012 23.08404739026882 23.251629629639528 23.381121794670253 23.4793423958968 23.55412340915709 23.616398922300725 23.676693609624866 22.431904026021527 22.279388100027713 22.587705555768554 22.848959722254765 23.064464771868124 23.237326393057547 23.37226816496011 23.47529140853388 23.55354259862125 23.61679219133824 23.676693609624866 22.411467250683014 22.256850709668427 22.565947604731065 22.829483525384553 23.048502344340598 23.22560567781775 23.36489104883653 23.47174665990211 23.552811223464836 23.61708300064592 23.676693609624866 22.39380246305188 22.237619829152322 22.54756379231146 22.813140127971742 23.035143323236397 23.21576811179786 23.358623898128677 23.468625505397405 23.55202195216773 23.617306790820127 23.676693609624866 22.378273664968255 22.22097473654454 22.53178385470895 22.799192339850098 23.023770446406413 23.207376556601876 23.353228500288868 23.465865463945057 23.551228527234116 23.61747212225443 23.676693609624866 22.364511938119463 22.206436365893843 22.518095259776125 22.787149071467777 23.013969829841326 23.200133861767522 23.34853798626503 23.46341630785135 23.55046058526997 23.61758321072558 23.676693609624866 22.35226073563511 22.193657809584295 22.50613150337884 22.776662570415976 23.005449242910117 23.193829012364642 23.344431241731364 23.46123761054517 23.549733979032094 23.617647702103895 23.676693609624866 22.34132482636689 22.182376121176247 22.495618855335742 22.767476090355164 22.99799411993858 23.188306672923307 23.34081753049079 23.45929647226303 23.549056658058436 23.617678403498598 23.676693609624866 22.33154740807544 22.172384685444985 22.486345386636398 22.75939302986735 22.991441085393646 23.183448348050444 23.337626518688904 23.45756549436749 23.548431828269777 23.617685304191088 23.676693609624866 22.322797677599517 22.163516090862053 22.47814180553253 22.752257890866787 22.98566154735313 23.17916057110229 23.334801866364533 23.456021290857027 23.547859786829203 23.61767492578253 23.676693609624866 22.31496355608498 22.15563128072671 22.47086933558738 22.74594430059182 22.98055139714538 23.175367466357613 23.33229715248143 23.45464349406956 23.547339040108863 23.61765397083848 23.676693609624866 22.30794727348858 22.14861255270794 22.464411896216465 22.740347330304434 22.976024437460882 23.172006017426856 23.330073283640438 23.453414119610617 23.546867016617252 23.61762683419513 23.676693609624866 22.30166258155702 22.14235891210515 22.458670918066762 22.73537843405735 22.97200808123865 23.16902298845654 23.32809681882314 23.452317169075744 23.546440549995104 23.61759644643158 23.676693609624866 22.29603289653724 22.136782867943364 22.453561782325593 22.73096199742666 22.968440438819066 23.1663728516087 23.32633884965575 23.45133837046677 23.546056212048107 23.617564825166234 23.676693609624866 22.290989978317835 22.131808130442234 22.449011281242598 22.727032896203568 22.965268271513864 23.16401633395843 23.324774205879763 23.45046496983318 23.545710502171477 23.61753330183835 23.676693609624866 22.286472922918893 22.12736788130394 22.44495573206344 22.72353470066187 22.96244549935508 23.1619193677362 23.323380887569996 23.4496855837205 23.54539999558383 23.617502736170405 23.676693609624866 22.28242734515734 22.12340341955652 22.44133951863326 22.720418295649388 22.959932053123218 23.16005227183242 23.3221396057829 23.44899006679406 23.545121430182522 23.617473665974344 23.676693609624866 22.27880468561155 22.119863069101402 22.43811393387712 22.717640796875813 22.957692978766573 23.158389115553426 23.321033422607115 23.448369392021625 23.544871756096885 23.617446397898604 23.676693609624866 22.275561604867253 22.116701272359798 22.43523623308961 22.715164671041972 22.95569771135307 23.156907198691595 23.320047449320402 23.44781554018044 23.544648159813605 23.61742107883922 23.676693609624866 22.27265944552219 22.113877825395956 22.4326688463224 22.71295700895647 22.95391947579132 23.15558661946196 23.319168589433 23.447321397393473 23.544448071691885 23.617397753534835 23.676693609624866 22.27006374480409 22.111357225443523 22.430378715273864 22.710988917083814 22.95233478499209 23.154409909985407 23.31838531827698 23.446880660852308 23.54426916302959 23.617376398907332 23.676693609624866 22.267743798461044 22.109108109046574 22.42833672845562 22.70923500223737 22.950923015407326 23.153361726701057 23.317687491642577 23.44648775196544 23.544109334743467 23.617356947558253 23.676693609624866 22.2656723146806 22.107102767741804 22.426517238487587 22.707672933405206 22.949666045903214 23.152428585053215 23.317066179786817 23.44613773806538 23.543966703690884 23.61733930734088 23.676693609624866 22.2638250131584 22.10531672425581 22.42489764616129 22.706283066173587 22.94854794860938 23.151598631681576 23.316513523088446 23.445826261857206 23.543839586806758 23.617323373207288 23.676693609624866 22.262180337088562 22.103728366315856 22.423458042418815 22.7050481206136 22.947554723860833 23.150861448367635 23.316022606575736 23.44554947839823 23.543726484603987 23.617309035088766 23.676693609624866 22.26071917786482 22.102318628465227 22.422180899526754 22.70395290439281 22.946674072484978 23.15020788312942 23.315587350931057 23.44530399912139 23.543626064952488 23.617296183355435 23.676693609624866 22.25942463069716 22.101070715518773 22.42105080442387 22.70298407453081 22.94589520002458 23.149629904718683 23.315202418111525 23.445086843075593 23.543537149332977 23.6172847119628 23.676693609624866 22.25828177922448 22.09996986229399 22.420054228505393 22.702129932379822 22.945208648411505 23.14912047728527 23.314863129399093 23.444895393019294 23.543458697117003 23.61727452117482 23.676693609624866 22.257277492221466 22.099003125296758 22.41917932906963 22.70138024729069 22.94460615132446 23.148673452586483 23.314565394828026 23.444727357980373 23.5433897933456 23.617265518697344 23.676693609624866 22.256400291363857 22.098159203736508 22.41841577851936 22.70072610519183 22.944080510092494 23.148283477448164 23.314305652454077 23.444580740851684 23.54332963735122 23.61725762041631 23.676693609624866 22.255640175084554 22.097428283178154 22.417754617342414 22.700159778842085 22.943625487500068 23.1479459144662 23.314080815865058 23.44445380939877 23.54327753262722 23.617250750746244 23.676693609624866 22.254988500475058 22.09680190207152 22.41718812845416 22.699674617112528 22.943235717263118 23.147656774451207 23.31388822963048 23.444345072144685 23.543232877955734 23.617244842700163 23.676693609624866 22.254437877463328 22.09627283821712 22.41670973045111 22.699264951052395 22.94290662727586 23.14741265911855 23.313725631388216 23.444253257610868 23.54319515972189 23.61723983780022 23.676693609624866 22.253982076326594 22.095835012736504 22.41631388759477 22.698926014763416 22.94263437494143 23.147210712761098 23.313591119932518 23.444177296755154 23.543163945328775 23.61723568595751 23.676693609624866 22.253615950322914 22.095483410032035 22.4159960351097 22.698653880060675 22.94241579412173 23.147048582772925 23.31348312868928 23.444116308342327 23.543138877685426 23.61723234525314 23.676693609624866 22.25333537207443 22.095214012122153 22.415752517882563 22.698445402661086 22.942248351096218 23.14692438666923 23.313400404060886 23.444069586944586 23.543119670644636 23.6172297817299 23.676693609624866 22.253137182706833 22.095023746420715 22.415580541832313 22.698298179608237 22.94213010983037 23.14683668613309 23.313341988262252 23.44403659349917 23.543106105327176 23.617227969199284 23.676693609624866 22.253019153160942 22.09491044603647 22.41547813701381 22.69821051705783 22.94205970579279 23.14678446748375 23.313307206269275 23.444016948028793 23.543098027347177 23.6172268890786 23.676693609624866 22.25297995678475 22.094872821865312 22.41544413170011 22.698181407643165 22.94203632753893 23.14676712794278 23.313295656673283 23.444010424538508 23.54309534485024 23.617226530268788 23.676693609624866
    </DataArray>
    <DataArray type="Float32" Name="Ion density last step [log10(m^-3)]" NumberOfComponents="1" format="ascii">
25.363798416631827 25.714758515686434 25.74194513133495 25.669746108666235 25.609958885952167 25.528767139096356 25.391256174303482 25.183571165710244 24.97548474057717 24.93375094313288 24.977723605288848 25.215061479981003 25.555846607682522 25.642321210243257 25.58115941002909 25.520483989350137 25.43423990317763 25.29328446383374 25.10397118715261 24.94531967003117 24.914991455139614 24.977723605288848 24.95496150072323 25.22613378289699 25.41184950343276 25.351927960555965 25.269585028646755 25.17065305563985 25.03938772866817 24.938857333976166 24.883605116124752 24.873622474016347 24.977723605288848 24.787665259640704 24.860718220609666 25.15756441618382 25.130924020311188 25.00913093465685 24.94858031044947 24.87023398849672 24.807686341409546 24.788705834553586 24.83650959668898 24.977723605288848 24.66918844659989 24.635018452388273 24.896201913026964 24.984683385497767 24.956663315433193 24.8773364867079 24.79601721246042 24.74692921533514 24.75053069848765 24.82246443515585 24.977723605288848 24.556649834334028 24.46126898895009 24.714472413474656 24.8462306270312 24.878251421056355 24.84954098360251 24.801409827477418 24.767691691240472 24.77293772704811 24.83643542007647 24.977723605288848 24.425592284909417 24.293905734212938 24.547681318526674 24.70709257344268 24.786506575787037 24.81012190647077 24.805753514707938 24.79931900034585 24.812331646854155 24.863615938366834 24.977723605288848 24.262103924027464 24.110562370451774 24.3753029933563 24.56282093475873 24.682640289192967 24.75100656455615 24.787283608633572 24.810595687182428 24.83805668336683 24.88583957315993 24.977723605288848 24.0857100697367 23.927697508965178 24.209379217461393 24.424986501606735 24.580188423670247 24.686060946398094 24.756621191567895 24.806447932681458 24.849367569557458 24.899350376991865 24.977723605288848 23.938194850843118 23.784154296441685 24.08079285132998 24.318033625503595 24.499320285394603 24.632531352710103 24.728254891100168 24.79806180223785 24.853523641300104 24.90704903710756 24.977723605288848 23.843918660639034 23.6950319125728 23.999327264242098 24.248658521104623 24.44547440600106 24.595704908030136 24.70765035392178 24.79077261322969 24.855007409100654 24.9115726272921 24.977723605288848 23.790761358017456 23.642701731047186 23.949472382291084 24.204670043375053 24.41023862211443 24.57082468315141 24.69312513880647 24.785070303110984 24.855374244509115 24.91432316420272 24.977723605288848 23.757608498938165 23.60758172086404 23.91520908085732 24.17383283112025 24.385058146676002 24.552642217837153 24.682139971224114 24.780368476839794 24.855137749399955 24.91602407106568 24.977723605288848 23.732931175891025 23.580412520038433 23.888727774259788 24.149980124953302 24.365484508287924 24.538347202829026 24.67329181246982 24.77631894069727 24.85456938837345 24.917085689328374 24.977723605288848 23.712495357245338 23.557877259095687 23.866973004673074 24.130508050420055 24.349526637653405 24.526630636460705 24.6659175378358 24.77277516690343 24.853840615479236 24.91775163442507 24.977723605288848 23.694831164226436 23.53864761613703 23.848590963086792 24.114166872340984 24.33617001394319 24.516795231290114 24.659651888485154 24.76965460060507 24.853051853246306 24.918168224124745 24.977723605288848 23.679302746633816 23.522003267035316 23.832812047213668 24.100220324472257 24.32479844629993 24.50840484166822 24.65425730555705 24.766894904728968 24.85225850809479 24.91842481312354 24.977723605288848 23.66554126995093 23.50746535731767 23.81912406242625 24.08817777479864 24.31499857161031 24.501162798652565 24.649567247939082 24.764445952373908 24.851490561420817 24.918577292250568 24.977723605288848 23.653290236171472 23.49468709535861 23.807160682490426 24.077691704963513 24.306478420445753 24.49485832703937 24.645460767595573 24.762267377221924 24.850763953930198 24.91866150760575 24.977723605288848 23.642354443408024 23.483405600242197 23.796648274001384 24.068505492307146 24.29902356238029 24.489336214286507 24.641847214418476 24.76032631387851 24.850086635286797 24.91870094378547 24.977723605288848 23.632577107379436 23.473414294807533 23.787374962217452 24.060422602875946 24.292470694195444 24.484478030012827 24.638656300278406 24.758595383144563 24.849461808397574 24.918711232058875 24.977723605288848 23.623827436203204 23.46454579023233 23.77917148671834 24.053287576529915 24.286691263868146 24.480190343038327 24.635831710183677 24.757051210103278 24.84888976960913 24.918702881945038 24.977723605288848 23.615993358264948 23.456661043705946 23.771899089658554 24.046974062485543 24.281581185418442 24.476397297582878 24.63332703712524 24.755673433516904 24.848369025186713 24.91868299355844 24.977723605288848 23.608977108265393 23.449642361599555 23.765441701779185 24.041377145094707 24.277054274821694 24.47303588880277 24.63110319580812 24.754444072789678 24.847897003562537 24.918656363692417 24.977723605288848 23.60269244112107 23.443388754789005 23.759700760799632 24.03640828641499 24.273037953011617 24.470052887719184 24.629126750025286 24.75334713181261 24.84747053841962 24.918626217923755 24.977723605288848 23.597062775236402 23.43781273594984 23.754591652428104 24.031991877041285 24.269470335266597 24.46740277069766 24.627368794335055 24.752368340005773 24.847086201634298 24.918594703991985 24.977723605288848 23.59201987199428 23.432838017740025 23.750041171868414 24.028062795986123 24.266298186024066 24.465046267448834 24.625804160310782 24.751494944314373 24.84674049266978 24.91856322844967 24.977723605288848 23.58750282846696 23.42839778352158 23.745985638336983 24.024564615637047 24.263475427340765 24.46294931189514 24.62441084919905 24.750715561827327 24.84642998680131 24.91853268857503 24.977723605288848 23.5834572602238 23.42443333347279 23.74236943701943 24.021448222257817 24.260961991337354 24.461082224037593 24.62316957282265 24.75002004759277 24.84615142197074 24.918503632914597 24.977723605288848 23.579834608389206 23.420892992305696 23.739143861769396 24.018670732525205 24.258722924867378 24.45941907392685 24.622063393780895 24.74939937489141 24.845901748341465 24.918476372730435 24.977723605288848 23.576591533950673 23.41773120302183 23.73626616853577 24.016194613812655 24.256727663621923 24.457937161863967 24.621077423616597 24.748845524666546 24.84567815242599 24.91845105944407 24.977723605288848 23.573689379739623 23.414907762107095 23.733698787838705 24.013986957401823 24.254949432906383 24.456616586326202 24.620198566193828 24.748351383157353 24.84547806460304 24.918427738426928 24.977723605288848 23.571093683233162 23.412387166976462 23.73140866159706 24.012018869983116 24.253364745921253 24.455439879796295 24.619415297006356 24.747910647638093 24.845299156181316 24.918406386287625 24.977723605288848 23.56877374041799 23.4101380545657 23.729366678715287 24.010264958770247 24.251952979432605 24.454391698895154 24.61871747196091 24.747517739576978 24.8451393280908 24.918386936621836 24.977723605288848 23.566702259608817 23.408132716579253 23.72754719200295 24.00870289292674 24.25069601246376 24.4534585591924 24.61809616139966 24.74716772635028 24.844996697200717 24.918369297713003 24.977723605288848 23.564854960600577 23.406346675871628 23.72592760238679 24.007313028170735 24.249577917261625 24.45262860742082 24.617543505764452 24.746856250695565 24.844869580452336 24.91835336460788 24.977723605288848 23.563210286665605 23.404758320269085 23.72448800091254 24.006078084673614 24.248584694249843 24.45189142543195 24.617052590130903 24.746579467694566 24.84475647836349 24.918339027268832 24.977723605288848 23.56174912925976 23.40334858439227 23.723210859927054 24.00498287018001 24.247704044323548 24.451237861297084 24.616617335217327 24.746333988798796 24.84465605880796 24.91832617599946 24.977723605288848 23.560454583642716 23.402100673116948 23.72208076643179 24.004014041769327 24.246925173077756 24.450659883808946 24.616232403008414 24.746116833071426 24.844567143269504 24.91831470498281 24.977723605288848 23.559311733493374 23.400999821308982 23.72108419187136 24.003159900840597 24.24623862248505 24.450150457149157 24.61589311480748 24.745925383281975 24.844488691122088 24.918304514501262 24.977723605288848 23.55830744761878 23.40003308551287 23.720209293583235 24.00241021678155 24.245636126256063 24.449703433099884 24.615595380665457 24.745757348466963 24.84441978740868 24.91829551227455 24.977723605288848 23.557430247720937 23.399189164969023 23.719445744001394 24.00175607554988 24.245110485745077 24.449313458506534 24.615335638651207 24.745610731523715 24.844359631463277 24.91828761419915 24.977723605288848 23.556670132254133 23.398458245267285 23.718784583638662 24.001189749927722 24.24465546375655 24.448975895980485 24.615110802362892 24.74548380022184 24.84430752678048 24.918280744688403 24.977723605288848 23.556018458327248 23.397831864877567 23.718218095430412 24.000704588804748 24.244265694022346 24.44868675634463 24.61491821637823 24.745375063093444 24.84426287214342 24.918274836757327 24.977723605288848 23.55546783588234 23.397302801616537 23.717739697989177 24.00029492324501 24.243936604449317 24.44844264132407 24.614755618341587 24.74528324866315 24.844225153938027 24.91826983195073 24.977723605288848 23.555012035208 23.396864976618637 23.71734385558921 23.999955987361997 24.243664352450597 24.448240695219365 24.614621107048354 24.74520728789131 24.84419393956803 24.918265680182717 24.977723605288848 23.554645909571303 23.396513374296426 23.717026003465087 23.99968385298001 24.24344577189592 24.4480785654306 24.614513115931324 24.745146299544682 24.844168871942966 24.918262339536703 24.977723605288848 23.55436533160139 23.3962439766762 23.7167824865112 23.999475375823042 24.243278329070748 24.447954369477564 24.614430391398308 24.74509957819697 24.84414966491602 24.918259776057216 24.977723605288848 23.554167142429176 23.396053711177654 23.716610510652217 23.99932815293992 24.243160087944972 24.447866669043705 24.61437197566635 24.745066584786535 24.844136099608257 24.918257963557004 24.977723605288848 23.554049112997568 23.395940410913575 23.71650810594694 23.99924049048995 24.24308968399026 24.447814450454224 24.614337193712814 24.745046939336845 24.844128021633992 24.91825688345423 24.977723605288848 23.554009916658256 23.395902786782212 23.716474100670727 23.999211381108527 24.243066305763822 24.447797110933063 24.614325644129874 24.74504041585341 24.844125339138955 24.91825652465033 24.977723605288848
    </DataArray>
    <DataArray type="Float32" Name="Ion density max [log10(m^-3)]" NumberOfComponents="1" format="ascii">
25.394663210786554 25.7506132018912 25.768458863642117 25.703402696052567 25.655310047517176 25.58931271519668 25.465496231166473 25.2507589154165 25.012752319233048 24.948945844756086 24.977723605288848 25.235227516006283 25.58444432822074 25.66682453602256 25.614721839002698 25.56806875763618 25.49775591245383 25.36698882534724 25.16117174042116 24.971731040387745 24.926796691050335 24.977723605288848 24.962358615908453 25.243181608449124 25.429204263019248 25.37942303862072 25.314193856028545 25.228746679971575 25.09525543856849 24.96012214020709 24.899513839849586 24.920598505428448 24.977723605288848 24.789126235376845 24.868204497514647 25.166105202793144 25.138841212220456 25.020846422433355 24.961498505709656 24.88352488487755 24.82372797608675 24.865816327665833 24.920814767600177 24.977723605288848 24.66970609537532 24.637049946849665 24.899717999714163 24.98742285115012 24.957518519399045 24.88013206647514 24.822491585989436 24.824497421112948 24.86640334714067 24.921037079523504 24.977723605288848 24.55687272130831 24.46211538056992 24.716015213972202 24.848008118413144 24.87920762613276 24.850480250563958 24.818398000183546 24.824072714375895 24.866087294651777 24.92082142411245 24.977723605288848 24.425701230279902 24.294294405942903 24.548409411423037 24.708066153298667 24.78732940232808 24.810257670638276 24.809036256047076 24.82096314202156 24.86329219785694 24.91896996663829 24.977723605288848 24.26216304312087 24.110756638886254 24.37566266141067 24.563332501859726 24.68316942974901 24.751316187347697 24.787368005145417 24.815055826769054 24.858496932590583 24.916547271767765 24.977723605288848 24.085744256288923 23.927799898405087 24.209562223712922 24.425250100702453 24.5804845263005 24.68629404923894 24.75668611588661 24.806944312071476 24.855715260334748 24.915543202798734 24.977723605288848 23.938215018368265 23.784209192726596 24.080886354044708 24.318166096714503 24.499472427681102 24.632663846776683 24.728322423117582 24.798081622219218 24.855126457547797 24.915760488627697 24.977723605288848 23.84393057749035 23.6950615513506 23.999375218163596 24.248724459024768 24.445549714653975 24.595772793798417 24.7076915643947 24.790776795822485 24.85536059608112 24.916349644807116 24.977723605288848 23.79076851352027 23.64271810034266 23.949497552679574 24.20470346207193 24.410276125111526 24.570858760499018 24.693147443940088 24.78507557862967 24.85544620923342 24.91695350494909 24.977723605288848 23.75761293300287 23.607591090513925 23.91522278898522 24.173850373338993 24.385077385932803 24.55265962530351 24.682151790334235 24.780372391560782 24.85515340482107 24.917428917964706 24.977723605288848 23.73293402168551 23.580418095691694 23.888735551432536 24.149989717918746 24.365494767532105 24.538356388721528 24.673298160624093 24.776321404197862 24.85457259428523 24.917822187002223 24.977723605288848 23.712497246346995 23.55788070533241 23.866977600395046 24.130513521048535 24.34953234000458 24.52663567348173 24.66592104450051 24.77277665556609 24.853841219128817 24.9181129963099 24.977723605288848 23.69483245871586 23.538649824816304 23.848593787975442 24.114170123635724 24.33617331890038 24.51679810746184 24.659653893792658 24.769655501061386 24.853051947831712 24.918336786484108 24.977723605288848 23.679303660632236 23.522004732208522 23.832813850372933 24.10022233551408 24.324800442070394 24.508406552265857 24.65425849595285 24.76689545960904 24.852258522898097 24.91850211791841 24.977723605288848 23.665541933783445 23.507466361557825 23.819125255440106 24.088179067131758 24.314999825505307 24.501163857431504 24.64956798192901 24.76444630351533 24.85149058093395 24.918613206389562 24.977723605288848 23.65329073129909 23.494687805248276 23.80716149904282 24.077692566079957 24.3064792385741 24.494859008028623 24.645461237395345 24.76226760620915 24.850763974696076 24.918677697767876 24.977723605288848 23.642354822030867 23.48340611684023 23.796648850999723 24.068506086019145 24.29902411560256 24.48933666858729 24.64184752615477 24.760326467927012 24.850086653722418 24.91870839916258 24.977723605288848 23.632577403739422 23.473414681108967 23.78737538230038 24.060423025531332 24.292471081057627 24.484478343714425 24.638656514352885 24.75859549003147 24.84946182393376 24.91871529985507 24.977723605288848 23.6238276732635 23.464546086526035 23.77917180119651 24.053287886530768 24.28669154301711 24.48019056676627 24.635831862028514 24.75705128652101 24.848889782493185 24.918704921446512 24.977723605288848 23.61599355174896 23.45666127639069 23.771899331251362 24.0469742962558 24.28158139280936 24.476397462021595 24.633327148145412 24.755673489733542 24.848369035772844 24.91868396650246 24.977723605288848 23.60897726915256 23.449642548371923 23.765441891880446 24.041377325968416 24.277054433124864 24.473036013090837 24.63110327930442 24.754444115274598 24.847897012281233 24.91865682985911 24.977723605288848 23.602692577221003 23.44338890776913 23.759700913730743 24.03640842972133 24.27303807690263 24.47005298412052 24.629126814487122 24.753347164739726 24.847470545659085 24.91862644209556 24.977723605288848 23.597062892201222 23.437812863607345 23.754591777989575 24.031991993090642 24.269470434483047 24.467402847272677 24.627368845319733 24.752368366130753 24.84708620771209 24.918594820830215 24.977723605288848 23.592019973981813 23.432838126106216 23.75004127690658 24.02806289186755 24.266298267177845 24.46504632962241 24.625804201543744 24.751494965497162 24.84674049783546 24.91856329750233 24.977723605288848 23.587502918582874 23.42839787696792 23.745985727727422 24.02456469632585 24.263475495019062 24.46294936340018 24.624410883233978 24.75071557938448 24.84642999124781 24.918532731834386 24.977723605288848 23.583457340821322 23.424433415220502 23.74236951429724 24.02144829131337 24.2609620487872 24.4610822674964 24.623169601446882 24.75002006245804 24.846151425846504 24.918503661638326 24.977723605288848 23.579834681275532 23.420893064765384 23.7391439295411 24.018670792539794 24.258722974430555 24.459419111217407 24.622063418271097 24.749399387685607 24.845901751760866 24.918476393562585 24.977723605288848 23.576591600531234 23.41773126802378 23.736266228753593 24.016194666705953 24.256727707017053 24.457937194355576 24.621077444984383 24.74884553584442 24.845678155477586 24.918451074503203 24.977723605288848 23.573689441186172 23.414907821059938 23.73369884198638 24.01398700462045 24.2549494714553 24.45661661512594 24.620198585096983 24.748351393057455 24.845478067355867 24.918427749198816 24.977723605288848 23.571093740468072 23.4123872211075 23.731408710937846 24.012018912747795 24.25336478065607 24.45543990564939 24.619415313940962 24.74791065651629 24.84529915869357 24.918406394571313 24.977723605288848 23.568773794125025 23.410138104710555 23.729366724119597 24.010264997901352 24.251953011071308 24.454391722365038 24.618717487306558 24.74751774762942 24.84513933040745 24.918386943222234 24.977723605288848 23.56670231034458 23.408132763405785 23.72754723415157 24.008702929069187 24.250696041567195 24.453458580717196 24.6180961754508 24.747167733729363 24.844996699354866 24.918369303004862 24.977723605288848 23.56485500882238 23.406346719919792 23.725927641825272 24.007313061837568 24.249577944273362 24.452628627345558 24.617543518752427 24.746856257521188 24.84486958247074 24.91835336887127 24.977723605288848 23.563210332752544 23.404758361979837 23.724488038082796 24.006078116277582 24.248584719524814 24.451891444031617 24.617052602239717 24.746579474062212 24.844756480267968 24.918339030752747 24.977723605288848 23.561749173528803 23.403348624129208 23.723210895190736 24.004982900056792 24.24770406814896 24.4512378787934 24.61661734659504 24.74633399478537 24.84465606061647 24.918326179019417 24.977723605288848 23.560454626361143 23.402100711182754 23.722080800087852 24.004014070194792 24.246925195688558 24.450659900382664 24.616232413775506 24.746116838739574 24.844567144996958 24.91831470762678 24.977723605288848 23.55931177488846 23.40099985795797 23.721084224169374 24.003159928043804 24.246238644075486 24.45015047294925 24.615893125063074 24.745925388683276 24.844488692780985 24.918304516838802 24.977723605288848 23.558307487885447 23.40003312096074 23.720209324733613 24.00241024295467 24.245636146988442 24.449703448250464 24.615595390492008 24.745757353644354 24.84441978900958 24.918295514361326 24.977723605288848 23.557430287027838 23.39918919940049 23.71944577418334 24.00175610085581 24.245110505756475 24.449313473112145 24.61533564811806 24.745610736515665 24.844359633015202 24.918287616080292 24.977723605288848 23.556670170748536 23.398458278842135 23.718784613006395 24.001189774506066 24.24465548316405 24.44897591013018 24.61511081152904 24.74548380506275 24.8443075282912 24.918280746410225 24.977723605288848 23.55601849613904 23.3978318977355 23.718218124118142 24.00070461277651 24.2442657129271 24.448686770115188 24.61491822529446 24.745375067808666 24.844262873619716 24.91827483836414 24.977723605288848 23.55546787312731 23.397302833881103 23.71773972611509 24.000294946716377 24.24393662293984 24.448442654782532 24.614755627052197 24.74528325327485 24.84422515538587 24.9182698334642 24.977723605288848 23.555012071990575 23.396865008400486 23.717343883258753 23.999956010427397 24.243664370605412 24.44824070842508 24.6146211155965 24.745207292419135 24.844193940992756 24.91826568162149 24.977723605288848 23.554645945986895 23.396513405696016 23.71702603077368 23.999683875724656 24.24344578978571 24.448078578436906 24.614513124353262 24.745146304006308 24.844168873349407 24.91826234091712 24.977723605288848 23.554365367738413 23.396244007786134 23.716782513546544 23.999475398325067 24.2432783467602 24.44795438233321 24.614430399724867 24.745099582608567 24.844149666308617 24.91825977739388 24.977723605288848 23.554167178370815 23.396053742084696 23.716610537496294 23.99932817527222 24.24316010549435 24.44786668179707 24.614371983926233 24.74506658916315 24.844136100991157 24.918257964863265 24.977723605288848 23.554049148824923 23.39594044170045 23.71650813267779 23.999240512721812 24.24308970145677 24.447814463147733 24.614337201933257 24.745046943692774 24.84412802301116 24.918256884742583 24.977723605288848 23.55400995244873 23.395902817529294 23.71647412736409 23.999211403307147 24.24306632320291 24.44779712360676 24.614325652337264 24.74504042020249 24.84412534051422 24.91825652593277 24.977723605288848
    </DataArray>
    <DataArray type="Float32" Name="Mobility [m^2/V/s]" NumberOfComponents="1" format="ascii">
0.0 0.0 0.0 0.0 0.0 0.0 0.0 0.0 0.0 0.0 0.0 0.0003567254669627003 0.0003671007458157158 0.00043021774964105425 0.00032325119673137597 0.0003967434794097299 0.0003654436019784676 0.0004092931510628074 0.0003320322707800908 0.0003445819424331683 0.0003233338006103226 0.0003567451318086993 0.00010354901253254219 0.00011479372910705449 0.00010053246024382052 8.622878850407371e-05 8.214825103974124e-05 8.516480332846293e-05 8.058274321511458e-05 7.95187580395038e-05 8.206412510743857e-05 8.362963293206522e-05 8.206412510743857e-05 0.0 0.0 0.0 0.0 0.0 0.0 0.0 0.0 0.0 0.0 0.0 0.0 0.0 0.0 0.0 0.0 0.0 0.0 0.0 0.0 0.0 0.0 0.00014735711729392615 0.00018357855207380317 0.00015469533037749345 0.0001180010280390575 0.00013928431155849479 0.00011022134674617393 9.192282155545982e-05 9.95541590815749e-05 8.22339350531064e-05 7.749979767153653e-05 7.847809883378213e-05 0.0 0.0 0.0 0.0 0.0 0.0 0.0 0.0 0.0 0.0 0.0 0.0 0.0 0.0 0.0 0.0 0.0 0.0 0.0 0.0 7.208472521154595e-05 0.00010236808649758217 9.247908843066772e-05 7.688412094727802e-05 8.699504173666918e-05 7.632785407207015e-05 6.753042102275516e-05 7.24582008415458e-05 6.870236462222153e-05 6.256331209787378e-05 6.760490892786449e-05 6.657959459956923e-05 6.404734101515942e-05 0.0 0.0 0.0 0.0 0.0 0.0 0.0 0.0 0.0 0.0 0.0 0.0 0.0 0.0 0.0 0.0 0.0 0.0 5.548592497356005e-05 5.9906066393127126e-05 4.866839648482194e-05 5.8610672199113385e-05 6.65562510957302e-05 6.268659786520586e-05 5.9201960477600236e-05 6.0176130404625196e-05 5.9078674710268165e-05 5.687728434309567e-05 5.926446603634425e-05 6.184595064798693e-05 6.088839469901215e-05 6.567126967782731e-05 7.544435686442627e-05 0.0 0.0 0.0 0.0 0.0 0.0 0.0 0.0 0.0 0.0 0.0 0.0 0.0 0.0 0.0 0.0 4.595932824329625e-05 4.466393404928252e-05 3.92986002094718e-05 4.200766845099749e-05 5.5438169196647456e-05 4.5252625095592685e-05 6.044997981485573e-05 5.7668730621403104e-05 5.7854521947479194e-05 5.890832666258379e-05 5.8116880384276356e-05 6.194219941411675e-05 6.270064013749589e-05 6.547215445223168e-05 7.62027975878054e-05 7.62027975878054e-05 8.6175e-05 0.0 0.0 0.0 0.0 0.0 0.0 0.0 0.0 0.0 0.0 0.0 0.0 0.0 0.0 3.843280426922764e-05 3.5776538670942607e-05 3.229966936314516e-05 3.316546530338932e-05 4.177575578779524e-05 3.555387806008849e-05 4.7641037852291844e-05 5.454839263070352e-05 6.0617408944588587e-05 6.276662392472169e-05 6.131990007951405e-05 6.484985511762897e-05 6.652881732445972e-05 6.790955738244154e-05 7.788175979463614e-05 7.788175979463614e-05 8.6175e-05 0.0 0.0 0.0 0.0 0.0 0.0 0.0 0.0 0.0 0.0 0.0 0.0 0.0 0.0 3.177547567086669e-05 2.916440230331341e-05 2.6621090309807824e-05 2.7145284002086302e-05 3.301056606658291e-05 2.866659280233934e-05 3.707518686034153e-05 4.295559742774099e-05 3.754136009054056e-05 4.776574392218359e-05 6.499529244564317e-05 6.805499471045574e-05 6.952449271735111e-05 7.105801759616767e-05 7.935125780153151e-05 7.935125780153151e-05 8.6175e-05 0.0 0.0 0.0 0.0 0.0 0.0 0.0 0.0 0.0 0.0 0.0 0.0 0.0 0.0 0.0 2.4331879127763542e-05 2.266874345960303e-05 2.2938836340420214e-05 2.7003457134178834e-05 2.4174971277373196e-05 2.9902727739292326e-05 3.4712874233734927e-05 3.0980543224707436e-05 3.861917557595567e-05 4.29763224775126e-05 3.9174784324708494e-05 7.115439651290642e-05 7.345661264559368e-05 8.028035484406214e-05 8.028035484406214e-05 8.6175e-05 0.0 0.0 0.0 0.0 0.0 0.0 0.0 0.0 0.0 0.0 0.0 0.0 0.0 0.0 0.0 0.0 0.0 2.0381849272938667e-05 2.328111987805216e-05 2.1723824178678042e-05 2.551694618311257e-05 2.942324752533332e-05 2.7243213880684115e-05 3.270681092227898e-05 3.699475068005929e-05 3.45683278108266e-05 4.103630121325611e-05 4.497396007414434e-05 8.081994974671935e-05 8.081994974671935e-05 8.6175e-05 0.0 0.0 0.0 0.0 0.0 0.0 0.0 0.0 0.0 0.0 0.0 0.0 0.0 0.0 0.0 0.0 0.0 0.0 0.0 2.0527613743376733e-05 2.318678172288177e-05 2.6470345119827433e-05 2.5318059828986414e-05 2.937449198678876e-05 3.341604251998557e-05 3.203407720961368e-05 3.722791303365152e-05 4.1478605142168625e-05 4.0168969215230926e-05 4.580162663411994e-05 8.6175e-05 0.0 0.0 0.0 0.0 0.0 0.0 0.0 0.0 0.0 0.0 0.0 0.0 0.0 0.0 0.0 0.0 0.0 0.0 0.0 0.0 0.0 2.4911862219647885e-05 2.4271156782064377e-05 2.7581501258364235e-05 3.1393371772030176e-05 3.057770042977902e-05 3.5030276381028464e-05 3.9353297872979775e-05 3.852953502736827e-05 4.366822786157074e-05 4.8014378225243596e-05 4.738467423660431e-05 0.0 0.0 0.0 0.0 0.0 0.0 0.0 0.0 0.0 0.0 0.0 0.0 0.0 0.0 0.0 0.0 0.0 0.0 0.0 0.0 0.0 0.0 2.6528870602200406e-05 3.0165775211198697e-05 2.9622238856179246e-05 3.3671068683757856e-05 3.798599867234883e-05 3.741330763635778e-05 4.2271773979968206e-05 4.6811983200613274e-05 4.634964414297084e-05 5.1462544399606954e-05 5.582413380392039e-05 0.0 0.0 0.0 0.0 0.0 0.0 0.0 0.0 0.0 0.0 0.0 0.0 0.0 0.0 0.0 0.0 0.0 0.0 0.0 0.0 0.0 0.0 2.8921919166323925e-05 3.27263330277906e-05 3.7012108335409976e-05 3.6578488929354923e-05 4.126546353792211e-05 4.591602473691579e-05 4.5552113190624415e-05 5.0636293795673155e-05 5.521399406257899e-05 5.5004049262331516e-05 5.9945661075528726e-05 0.0 0.0 0.0 0.0 0.0 0.0 0.0 0.0 0.0 0.0 0.0 0.0 0.0 0.0 0.0 0.0 0.0 0.0 0.0 0.0 0.0 0.0 3.6264556221958734e-05 3.591968917658995e-05 4.048697708649826e-05 4.520724614525563e-05 4.4909609904652586e-05 4.9974746008778745e-05 5.4706413021728466e-05 5.4524299524049086e-05 5.9553602777601864e-05 6.39769665736724e-05 6.393201194398588e-05 0.0 0.0 0.0 0.0 0.0 0.0 0.0 0.0 0.0 0.0 0.0 0.0 0.0 0.0 0.0 0.0 0.0 0.0 0.0 0.0 0.0 1.8716539135368577e-05 3.9859735000614996e-05 4.462723486413811e-05 4.437830831391327e-05 4.942818321795085e-05 5.427537297382424e-05 5.4116243007470444e-05 5.921235931356868e-05 6.377288197763208e-05 6.372429141164957e-05 6.844394404206675e-05 7.269019061846156e-05 0.0 0.0 0.0 0.0 0.0 0.0 0.0 0.0 0.0 0.0 0.0 0.0 0.0 0.0 0.0 0.0 0.0 0.0 0.0 1.857420684728372e-05 1.8013211902528092e-05 1.7964472418755936e-05 4.393098577943739e-05 4.896780691977646e-05 5.3904793259520893e-05 5.3765020908064116e-05 5.891345699575812e-05 6.35845190601928e-05 6.353572865966637e-05 6.834656307555782e-05 7.267121283966311e-05 7.268958473174571e-05 7.706302489637743e-05 0.0 0.0 0.0 0.0 0.0 0.0 0.0 0.0 0.0 0.0 0.0 0.0 0.0 0.0 0.0 0.0 0.0 1.8453079848620928e-05 1.7908579254489368e-05 1.78675102256929e-05 1.7378902795827908e-05 1.8683205282824706e-05 5.3583314957488934e-05 5.346002612500802e-05 5.865039581182042e-05 6.341243982718545e-05 6.336529405260171e-05 6.825062690044767e-05 7.264243895716199e-05 7.265336015268567e-05 7.709231798398372e-05 8.163911958975369e-05 8.163911958975369e-05 0.0 0.0 0.0 0.0 0.0 0.0 0.0 0.0 0.0 0.0 0.0
    </DataArray>
    <DataArray type="Float32" Name="Electric Field [Vm^-1]" NumberOfComponents="3" format="ascii">
391442371.77308166 -1662956661.6842923 0.0 14181445.017971389 -111845625.08489034 0.0 12568557.13260902 -84961872.32181183 0.0 7765006.503799128 -65036742.077493474 0.0 4573004.920645645 -57689455.92106797 0.0 1720269.4144921377 -58450960.77055142 0.0 -1813635.2658508737 -67729272.80943902 0.0 -5809246.060483726 -87180463.6744492 0.0 -7988547.847069006 -114051305.80306342 0.0 -6543133.454406945 -139819203.00394097 0.0 421554806.54480654 1114984186.3366687 0.0 12643614.805130709 -1463068160.55607 0.0 14515071.314282693 -109771269.48933126 0.0 12797586.26759048 -85240684.0777869 0.0 9270903.964112408 -66506838.56917789 0.0 5831615.468840254 -59447260.72180259 0.0 2246725.0281439396 -60968753.84494638 0.0 -1845548.6926536278 -71302191.59878244 0.0 -5824891.12292439 -91115593.66693136 0.0 -7575436.909709845 -116385499.71718085 0.0 -5589422.138477249 -139383028.4938396 0.0 -3149641.918857812 1321559879.2999356 0.0 14187758.306206835 -1453904326.30365 0.0 17507012.999424636 -108570283.01096606 0.0 16446694.405520825 -88664314.70638235 0.0 11102312.101604229 -71495727.70930398 0.0 4856472.376990943 -64495189.3299835 0.0 -1757920.29100019 -66482556.96679629 0.0 -8244279.9261094285 -76836122.26866704 0.0 -12983859.562015247 -94602964.93998529 0.0 -13573567.012780337 -115488572.46990612 0.0 -9053482.858777596 -133927308.580133 0.0 -3485364.1186221084 1325915996.8049834 0.0 10542802.336938446 -1445880622.5288627 0.0 13903899.395949379 -105911983.44593218 0.0 13252994.494002348 -92261050.85238495 0.0 6922354.343960826 -78472148.56141783 0.0 -1295964.6099276496 -72078488.25461401 0.0 -9115617.988992462 -73667738.64982918 0.0 -15283479.63115111 -82353014.57524502 0.0 -18372914.85192506 -96518219.40302102 0.0 -17020211.944919754 -112522372.27142084 0.0 -10697667.113900568 -125947190.62051812 0.0 -3583548.1795148733 1331414437.1179554 0.0 8588089.198192772 -1439591040.6615627 0.0 10001053.313833987 -104049961.5477659 0.0 8781260.855525494 -96129118.3611301 0.0 2512009.980432888 -86399261.53534406 0.0 -5810507.071876087 -80474700.01738378 0.0 -13411666.313952357 -80528210.25729902 0.0 -18834548.82811092 -86555664.49145259 0.0 -20715401.72316628 -96751067.46312 0.0 -18136106.10522093 -108029288.10773759 0.0 -10881617.836311962 -116688830.76449302 0.0 -3527704.420269584 1337186201.0238044 0.0 8441783.044884102 -1434706355.5840282 0.0 7872874.915146143 -103871344.12798804 0.0 5906560.643853916 -99932913.80818121 0.0 659767.1308601298 -93485618.24117322 0.0 -6610805.637517538 -88383297.1603804 0.0 -13692945.69415008 -87071365.28592636 0.0 -18644629.932695106 -90078455.44132318 0.0 -20052333.100340154 -96161541.17161518 0.0 -17193547.326624867 -102910773.56549838 0.0 -10085492.127034461 -107380708.7976477 0.0 -3376546.5999186183 1342669670.6630895 0.0 9401783.51964929 -1430435755.7596622 0.0 7288078.25444317 -105263231.37868428 0.0 4685183.817764609 -103473526.59716472 0.0 308211.8891641335 -99333387.49969196 0.0 -5566829.677531417 -95189171.68293588 0.0 -11538783.461998552 -92917424.8278765 0.0 -15892264.933420656 -93240985.60298674 0.0 -17233343.647858385 -95539240.6827391 0.0 -14818107.05802933 -98149346.33342639 0.0 -8653681.52664431 -98943765.53683265 0.0 -3160061.1158795306 1347508198.0961194 0.0 10373908.243044123 -1426431794.099738 0.0 7105465.159599975 -107908300.80872697 0.0 4173551.686365465 -106808069.60601586 0.0 552279.4139921566 -103988107.57291736 0.0 -3954469.7333215363 -100592995.70779999 0.0 -8606566.475515733 -97742609.47321948 0.0 -12173259.271775534 -96030186.22966233 0.0 -13467093.367414923 -95223141.60533069 0.0 -11740190.485994896 -94303806.19668865 0.0 -6888951.045420034 -91936567.85662644 0.0 -2916668.6515192147 1351472795.458964 0.0 9974356.897118071 -1423004666.1814651 0.0 6337114.994139632 -111009794.55936287 0.0 3664313.0359943397 -109791232.36373402 0.0 805047.060617119 -107577182.50587581 0.0 -2509497.7242308115 -104638763.90278162 0.0 -5917044.168111777 -101444900.73087907 0.0 -8627846.457225194 -98323408.76931925 0.0 -9754731.207635589 -95194160.48284586 0.0 -8641514.35309008 -91490716.15035166 0.0 -5107026.285632807 -86550754.66203457 0.0 -2686576.2503986303 1354490251.8469255 0.0 8010219.812234816 -1420511636.5367463 0.0 4876341.112783065 -113526218.05166006 0.0 2957005.107244283 -112151840.82375719 0.0 880483.0684192032 -110220883.1768538 0.0 -1453380.4395652874 -107528409.71037592 0.0 -3831444.9263250926 -104114921.18480332 0.0 -5763677.362296719 -100062882.33591004 0.0 -6644552.170652794 -95312672.30342297 0.0 -5970037.097292441 -89569950.2280457 0.0 -3550554.3579304405 -82684107.37090793 0.0 -2496171.2811100422 1356635473.9533741 0.0 5711406.512413872 -1418861950.5060887 0.0 3358413.9220003686 -114958806.38486952 0.0 2226094.0547068664 -113758856.02092563 0.0 844027.3848724911 -112054218.20265855 0.0 -729748.7207055351 -109510014.25410262 0.0 -2330793.1456535957 -105952120.5215252 0.0 -3648663.4908361523 -101299530.65974495 0.0 -4289665.501380322 -95471154.46933146 0.0 -3902939.7874438823 -88325702.1189041 0.0 -2334283.942240883 -80068681.88901758 0.0 -2353997.064522147 1358072417.5307384 0.0 4177538.8315604315 -1417706994.4395583 0.0 2268966.7990822284 -115595866.18787408 0.0 1658388.3832345644 -114738462.56950623 0.0 791268.8046859443 -113256649.95034146 0.0 -233416.81277782397 -110824269.9141749 0.0 -1286297.6128016268 -107178572.37229666 0.0 -2166381.577887231 -102147096.27722402 0.0 -2622574.1430759756 -95626401.92786102 0.0 -2424357.142386529 -87562061.43000937 0.0 -1461557.7678687116 -78391219.08397979 0.0 -2255669.654452437 1358987453.3987708 0.0 3433262.95610825 -1416826348.1327035 0.0 1630340.199086358 -115881760.23375922 0.0 1292154.749648561 -115313862.79055661 0.0 760860.5261011869 -114017828.21467185 0.0 107967.70490561842 -111676349.71527079 0.0 -576948.8702789247 -107986132.45389867 0.0 -1165051.907111848 -102724573.02576779 0.0 -1497286.2448092704 -95773020.88853471 0.0 -1425438.5406811112 -87128132.5087078 0.0 -873464.416032031 -77369285.5978856 0.0 -2191231.8372064508 1359544684.6912093 0.0 3089006.5763368374 -1416126935.193539 0.0 1277768.1123827843 -116043862.66303082 0.0 1075529.7362303238 -115656634.66285774 0.0 750501.1784995595 -114492457.82901692 0.0 338069.57879323687 -112223120.21181604 0.0 -108359.25473850965 -108519013.83549026 0.0 -509243.9355365831 -103126625.95299485 0.0 -764267.070979423 -95916349.27103958 0.0 -777478.5139347814 -86914578.65857442 0.0 -494065.3027993787 -76782568.44528838 0.0 -2150462.4849163527 1359868660.249537 0.0 2898771.2042558016 -1415549611.845732 0.0 1072778.8678753858 -116153639.35470559 0.0 946125.0505620232 -115865643.63605346 0.0 746835.570582816 -114787422.6492535 0.0 486136.75731541053 -112574466.54405008 0.0 190950.74086056053 -108876742.5661707 0.0 -92196.895417725 -103418589.12893885 0.0 -300212.32489296084 -96060508.2667784 0.0 -369206.8071122751 -86844456.91200398 0.0 -256216.8828040807 -76474422.79556711 0.0 -2125233.6415341827 1360045461.0742505 0.0 2768510.068998618 -1415053498.5399327 0.0 938949.4640582647 -116229068.72107321 0.0 860672.3914000243 -115993548.44141193 0.0 739456.5709095597 -114970578.21646498 0.0 573748.6018418415 -112802755.87644081 0.0 373601.7140153994 -109124273.84165332 0.0 164347.32750354207 -103641984.76899281 0.0 -14262.007082497084 -96206208.14408676 0.0 -117837.68641449192 -86864785.96335539 0.0 -109974.68797724442 -76339911.74872796 0.0 -2109862.027694886 1360131291.5901926 0.0 2666873.0035060593 -1414614522.583396 0.0 839866.6398306991 -116276750.43171197 0.0 795115.6790544343 -116069537.58350393 0.0 723476.5489150735 -115083699.59511974 0.0 617398.3699996276 -112953858.58135523 0.0 477126.51003440237 -109302450.89093405 0.0 314969.167698624 -103821884.79844406 0.0 156208.56024023404 -96351868.61698814 0.0 33246.017098973214 -86939777.32382233 0.0 -21549.86538855303 -76311213.96257915 0.0 -2100645.9309262 1360161717.8151708 0.0 2582310.9165981323 -1414219716.1019514 0.0 758871.8992640014 -116302075.1380201 0.0 737780.7779114741 -116111225.4846209 0.0 698102.1071115177 -115152494.2034652 0.0 629761.937820885 -113056277.71515179 0.0 527711.7585466552 -109436364.8448004 0.0 396570.92091855383 -103972961.30060244 0.0 252718.62819498 -96495051.33116315 0.0 120983.50993433098 -87045673.45291658 0.0 30755.08346961437 -76345336.4026398 0.0 -2095258.8307719198 1360158942.7101696 0.0 2509556.608043447 -1413862002.5530388 0.0 688352.9628114488 -116310310.96269163 0.0 683716.6232598366 -116130055.72121438 0.0 664733.7579784838 -115192988.99314591 0.0 620517.5958821708 -113127608.6894249 0.0 543417.9553073286 -109541258.40999608 0.0 433692.19839029486 -104103681.29046395 0.0 302245.0135047932 -96633387.230996 0.0 168918.34140858203 -87166962.27344444 0.0 60534.75896255668 -76415265.88824534 0.0 -2092257.7585171214 1360136789.173439 0.0 2445747.2590191974 -1413537122.1260123 0.0 624819.7448286369 -116306200.71246924 0.0 631269.9949146461 -116133792.6498724 0.0 625599.4034106138 -115215340.8501307 0.0 596956.2367204083 -113178742.82575093 0.0 536634.7390341512 -109626392.97866789 0.0 442537.23223002977 -104218960.68607932 0.0 322175.1068344019 -96765001.53064921 0.0 191933.91723453513 -87293692.31772743 0.0 76249.55454049438 -76504094.13630934 0.0 -2090746.893243389 1360103882.011052 0.0 2389149.778823083 -1413242098.8833725 0.0 566673.9857588446 -116293676.35253051 0.0 580249.0816003132 -116127802.820097 0.0 582979.7980706037 -115226083.13103193 0.0 564473.691272893 -113216482.9864012 0.0 515832.9601476191 -109697459.72507867 0.0 433786.13762784476 -104321745.2431108 0.0 323705.52135480667 -96888621.44167641 0.0 199447.75971880555 -87419618.88740195 0.0 83185.14051547642 -76601275.69725418 0.0 -2090165.5773635872 1360065614.6436076 0.0 2338626.7556416723 -1412974529.7206519 0.0 513174.5261781749 -116275811.16028318 0.0 531004.2814230563 -116115808.08676237 0.0 538849.1663541594 -115229467.1919393 0.0 526982.1446839407 -113245135.56768672 0.0 486779.44301529124 -109758034.88903151 0.0 414476.6869834609 -104413911.39368795 0.0 314063.3473331928 -97003527.17822441 0.0 197450.66054800304 -87540949.2825622 0.0 84672.94739966586 -76700285.52791926 0.0 -2090159.1431703863 1360025354.2524354 0.0 2293371.2885545366 -1412732271.7117276 0.0 463948.3248916072 -116254904.76144442 0.0 483997.75192686927 -116100375.578063 0.0 494757.34272931033 -115228280.74890745 0.0 487253.1096810652 -113267471.4574909 0.0 453372.13308744144 -109810440.43568984 0.0 389240.7691954893 -104496761.57111248 0.0 297925.5597492756 -97109444.93427768 0.0 189777.6635873567 -87655503.59688443 0.0 82834.32890176702 -76797155.54990493 0.0 -2090500.6968236777 1359985183.4082022 0.0 2252766.161062578 -1412513316.3928363 0.0 418761.19436813757 -116232616.55436169 0.0 439622.32656497246 -116083255.27992019 0.0 451834.3966712993 -115224358.2874859 0.0 447197.4011168216 -113285306.31465735 0.0 418214.81428771705 -109856247.33227374 0.0 361113.03351870656 -104571288.12295346 0.0 278319.8942056867 -97206431.93714422 0.0 178895.4248145322 -87762155.56597215 0.0 79032.12551352377 -76889554.62405296 0.0 -2091043.975533561 1359946361.3247356 0.0 2216307.97634704 -1412315748.9196327 0.0 377415.35097591445 -116210102.78029099 0.0 398142.4876510294 -116065618.87843135 0.0 410847.6719810167 -115218905.87203583 0.0 408087.95027492783 -113299853.1122631 0.0 383014.4144820809 -109896568.65336728 0.0 332061.5235116728 -104638309.75001337 0.0 257198.17610552907 -97294775.09212203 0.0 166391.61528669947 -87860460.58770278 0.0 74146.1478357414 -76976203.87355249 0.0 -2091694.3795601209 1359909615.646966 0.0 324924.02698536735 -984110112.473121 0.0 346676.5866784878 -116215293.27152027 0.0 365014.3803252503 -115987968.2846762 0.0 373888.0347674566 -115009735.99252506 0.0 366493.5045076462 -112897998.03208317 0.0 337245.9832189381 -109236594.13770016 0.0 284214.0694100757 -103665147.82940249 0.0 210751.2022967813 -95979196.47504637 0.0 125512.1474910155 -86211649.35726361 0.0 44642.65886013458 -75163451.07321605 0.0 0.0 1837876978.9420118 0.0 -1653390.0016883982 -1412042917.6764586 0.0 305087.4540008159 -116167590.75133844 0.0 324033.6698480597 -116033210.55274703 0.0 336341.6548775038 -115209483.33546257 0.0 335970.5482446901 -113326814.17777465 0.0 317270.6640369694 -109969385.0314788 0.0 277102.86484861653 -104757819.61113028 0.0 216696.48910033714 -97450999.57469216 0.0 142139.87574457633 -88033256.07992417 0.0 64813.72212635551 -77125714.64826746 0.0 2108432.6059727236 1359859190.5447023 0.0 -1679041.172039553 -1411891945.1584456 0.0 273957.0238954835 -116147982.54632571 0.0 291583.01543941157 -116017414.02863154 0.0 303153.4428822844 -115202838.651499 0.0 303244.05337832525 -113335081.2696191 0.0 286774.88727435056 -109996993.91986084 0.0 250891.34131888038 -104805854.88797314 0.0 196628.20388272405 -97516025.41857874 0.0 129370.88830605491 -88107409.26180193 0.0 59266.880729431876 -77193621.22292668 0.0 2107819.145362378 1359828851.0866368 0.0 -1702072.1893757812 -1411756453.7665012 0.0 245800.75122598442 -116129848.35034631 0.0 262015.42065090928 -116002777.36917126 0.0 272731.92402804457 -115196494.43105425 0.0 273088.83395065024 -113342196.49819072 0.0 258528.9569924026 -110021558.29299097 0.0 226469.09761981157 -104848885.89135076 0.0 177788.26432712152 -97574506.37219116 0.0 117255.66323611636 -88174353.92833982 0.0 53914.225855986246 -77255283.8539889 0.0 2107215.2263323655 1359801125.6070743 0.0 -1722756.5117890467 -1411634944.9040208 0.0 220369.08543398615 -116113238.58985047 0.0 235158.62501660545 -115989357.27183431 0.0 244976.41130004817 -115190561.60119177 0.0 245471.92970458823 -113348378.12282598 0.0 232563.86520086808 -110043438.30892982 0.0 203922.65313346175 -104887407.0827362 0.0 160300.15691420934 -97627013.53494252 0.0 105923.24580582819 -88234638.92756648 0.0 48846.77026284731 -77311069.80961585 0.0 2106635.654460394 1359775915.8800492 0.0 -1741341.4875821848 -1411526051.9948723 0.0 197419.16952764502 -116098138.17321648 0.0 210819.84490499538 -115977150.51103796 0.0 219740.54581202572 -115185094.58815734 0.0 220292.78898371768 -113353789.08824079 0.0 208826.25581597473 -110062940.63018474 0.0 183245.4288098674 -104921866.98019743 0.0 144196.80258553234 -97674089.86292058 0.0 95428.48196858344 -88288814.63988535 0.0 44112.037056174995 -77361389.71818542 0.0 2106088.871652731 1359753083.923179 0.0 -1758050.5067984774 -1411428534.9692352 0.0 176718.78171648097 -116084490.2249622 0.0 188797.58866996077 -115966115.98221885 0.0 196851.83282430118 -115180110.96104759 0.0 197409.79737620067 -113358553.18639828 0.0 187210.27310953542 -110080329.32835257 0.0 164372.0179790915 -104952671.35667014 0.0 129453.13700163011 -97716243.17260002 0.0 85778.04511139297 -88337414.25808494 0.0 39728.873203577714 -77406667.7782563 0.0 2105579.0845794096 1359732471.3926153 0.0 -1773084.9722360158 -1411341273.2998528 0.0 158048.95506460164 -116072213.0977748 0.0 168890.06723268947 -115956190.0943465 0.0 176125.50395690525 -115175604.89395127 0.0 176658.86516865317 -113362766.10959825 0.0 167579.58937196597 -110095833.60315935 0.0 147201.64760778547 -104980186.15271214 0.0 116008.26978812877 -97753942.57003754 0.0 76948.09285662907 -88380942.48202026 0.0 35697.508652060416 -77447322.63838778 0.0 2105107.709600079 1359713912.3699362 0.0 -1786627.3141031417 -1411263257.8944547 0.0 141205.23663851627 -116061212.2688395 0.0 150900.85614465317 -115947297.32466646 0.0 157374.0597473582 -115171556.33656274 0.0 157866.1961459419 -113366503.09656435 0.0 149782.44559181912 -110109653.46951452 0.0 131614.11521055907 -105004740.31335679 0.0 103780.49670117105 -97787617.257562 0.0 68896.23664190546 -88419869.23638242 0.0 32006.401787789775 -77483755.51621029 0.0 2104674.35772992 1359697241.652962 0.0 -1798841.5678922483 -1411193583.3515763 0.0 125998.2477058769 -116051387.63235793 0.0 134642.56350203857 -115939357.20249538 0.0 140413.62501587617 -115167937.19804293 0.0 140856.84267745423 -113369824.27957974 0.0 133661.7352050742 -110121964.10568583 0.0 117480.47604070215 -105026628.59657845 0.0 92677.38472317795 -97817656.93936156 0.0 61569.61527836822 -88454626.75073616 0.0 28636.888598831607 -77516343.21088932 0.0 2104277.5060076257 1359682299.9844692 0.0 -1809874.7750378912 -1411131439.5900939 0.0 112254.43323331272 -116042639.76245107 0.0 119939.11699093507 -115932289.21259883 0.0 125067.9882823242 -115164715.54799998 0.0 125460.23725050912 -113372778.47734202 0.0 119061.5855567919 -110132919.28660013 0.0 104670.06758679652 -105046114.33074056 0.0 82602.4505924311 -97844413.24986032 0.0 54910.29193877516 -88485608.85006973 0.0 25566.325313025904 -77545434.40308599 0.0 2103914.9543538825 1359668937.198418 0.0 -1819859.821682403 -1411076103.4922628 0.0 99814.71205272283 -116034873.20162117 0.0 106626.61006267011 -115926015.80171016 0.0 111170.89174982412 -115161858.35763215 0.0 111513.56134691344 -113375405.89658119 0.0 105831.476679466 -110142654.16082108 0.0 93054.98270788898 -105063432.07800753 0.0 73459.47918356958 -97868201.79224044 0.0 48858.79905635787 -88513171.65565966 0.0 22770.187824479846 -77571348.1343316 0.0 2103584.1339731375 1359657013.9589562 0.0 -1828916.4984493444 -1411026931.4590747 0.0 88533.87562701608 -116027998.42155844 0.0 94553.55673153701 -115920464.16138029 0.0 98567.16823314274 -115159333.23776703 0.0 98863.61236554886 -113377740.06889214 0.0 93828.64654460552 -110151287.53860237 0.0 82512.77389853307 -105078790.16301851 0.0 65155.20853601038 -97889304.4970059 0.0 43356.40053455534 -88537635.14290641 0.0 20223.44777458619 -77594373.69893232 0.0 2103282.3126466395 1359646402.5605052 0.0 -1837152.9447688363 -1410983352.3008578 0.0 78279.61151701906 -116021932.9962706 0.0 83580.62202563017 -115915567.23010291 0.0 87113.07287917171 -115157109.50596964 0.0 87367.63593503064 -113379809.2525645 0.0 82919.31809484633 -110158923.80382638 0.0 72927.94445445844 -105092373.03540064 0.0 57600.8994087504 -97907972.10008843 0.0 38346.47874295551 -88559285.17863365 0.0 17901.448667088345 -77614771.41773239 0.0 2103006.7284603803 1359636987.1136975 0.0 -1844666.678576161 -1410944860.7874644 0.0 68931.43834657474 -116016602.13231853 0.0 73580.00736856599 -115911264.16241783 0.0 76676.07019113007 -115155158.80013141 0.0 76893.45796163881 -113381637.45574844 0.0 72979.1265872586 -110165654.52664976 0.0 64192.61137662936 -105104343.44305934 0.0 50713.13534565272 -97924426.59947723 0.0 33775.31574405901 -88578375.78093608 0.0 15780.438749166437 -77632773.93778218 0.0 2102754.6744237933 1359628663.3407202 0.0 -1851546.6366861826 -1410911011.4795434 0.0 60379.50161268814 -116011939.02906165 0.0 64434.59892574948 -115907500.46569295 0.0 67134.26373177413 -115153455.38646498 0.0 67319.15519530578 -113383245.18785116 0.0 63893.01649489504 -110171559.83308414 0.0 56206.61571460077 -105114844.4104776 0.0 44414.104645228756 -97938863.60985759 0.0 29592.454977691188 -88595131.42558089 0.0 13837.861363224294 -77648587.8016214 0.0 2102523.548133218 1359621338.1371293 0.0 -1857873.8148451836 -1410881413.6634858 0.0 52523.20837628543 -116007884.1158205 0.0 56036.991913702404 -115904227.75322442 0.0 58375.613849527006 -115151976.23998705 0.0 58532.43558478583 -113384650.01164262 0.0 55554.79735302601 -110176709.57123989 0.0 48877.27423784843 -105124001.01753625 0.0 38631.545782320376 -97951454.55920768 0.0 25750.792766559505 -88609749.29022883 0.0 12052.485812484423 -77662395.11976443 0.0 2102310.8780310517 1359614929.0071242 0.0 -1863721.754882372 -1410855726.6723762 0.0 45270.74740117791 -116004385.19873796 0.0 48288.62632233042 -115901403.58376011 0.0 50297.06515985729 -115150701.04645637 0.0 50429.84922736886 -113385866.96425019 0.0 47866.48859733025 -110181164.30717672 0.0 42118.90182548372 -105131921.98098008 0.0 33298.47179028393 -97962348.69507201 0.0 22206.48864752721 -88622401.36615282 0.0 10404.430098307239 -77674355.23682477 0.0 2102114.3337748847 1359609363.444435 0.0 -1869158.2310301077 -1410833655.4962091 0.0 38537.59429306787 -116001397.07834992 0.0 41098.69975305598 -115898991.16378953 0.0 42803.573003233905 -115149612.12178 0.0 42915.895673126004 -113386908.87501477 0.0 40737.54082373282 -110184976.1733927 0.0 35852.19629414984 -105138701.0468811 0.0 28352.756293924023 -97971674.88463719 0.0 18918.75810516875 -88633236.39259855 0.0 8875.111881188657 -77684606.31816696 0.0 2101931.7257944327 1359604578.307773 0.0 -1874245.929605046 -1410814947.2353585 0.0 32245.564722425755 -115998881.0321809 0.0 34383.16969338689 -115896958.9825869 0.0 35807.12127298255 -115148694.27905646 0.0 35902.08848220339 -113387786.60337822 0.0 34083.99453696784 -110188189.58710133 0.0 30003.548051215344 -105144418.20159553 0.0 23736.64099053312 -97979543.20399687 0.0 15849.594687922186 -88642381.59082776 0.0 7447.15385525346 -77693266.81179063 0.0 2101760.997858275 1359600519.2227516 0.0 -1879043.189802751 -1410799388.000933 0.0 26321.911868244424 -115996804.40625717 0.0 28063.80108211078 -115895280.46871369 0.0 29225.75485115251 -115147934.68157223 0.0 29306.01160499952 -113388509.21883371 0.0 27827.614391174713 -110190841.85311995 0.0 24504.313893001363 -105149140.71069081 0.0 19396.200255483396 -97986046.31766555 0.0 12963.450306104327 -88649944.18706778 0.0 6104.260608983145 -77700436.75831503 0.0 2101600.215105181 1359597140.0308127 0.0 -1883604.7487922902 -1410786800.2673838 0.0 20698.43992918731 -115995140.24371545 0.0 22067.245541046068 -115893933.67748298 0.0 22982.63588189724 -115147322.69854717 0.0 23050.38875316085 -113389084.13821526 0.0 21895.024700686343 -110192963.66431616 0.0 19290.080291167975 -105152923.99508151 0.0 15280.787064528822 -97991260.65330842 0.0 10226.893697664145 -88656012.72122605 0.0 4831.078689487879 -77706198.93370171 0.0 2101447.5492320466 1359594402.2980857 0.0 -1887982.4294224766 -1410777040.6748183 0.0 15310.66568322681 -115993866.95238876 0.0 16324.157005415707 -115892901.01517798 0.0 17005.12923841318 -115146849.772391 0.0 17062.174080031433 -113389517.2287426 0.0 16216.85866526939 -110194579.50981918 0.0 14299.931670667875 -105155812.35519674 0.0 11342.475043364058 -97995247.3786283 0.0 7608.259554811706 -88660658.14285366 0.0 3613.047706568446 -77710619.81762391 0.0 2101301.262029735 1359592274.8916018 0.0 -1892225.7887597866 -1410769998.2536132 0.0 10097.021954203652 -115992968.02539729 0.0 10768.342217749723 -115892169.00698204 0.0 11223.91750723124 -115146509.3036536 0.0 11271.667213713135 -113389812.88445708 0.0 10726.92528680145 -110195707.99802504 0.0 9475.729710937621 -105157839.5503992 0.0 7535.5045157074965 -97998053.1876427 0.0 5077.295498755276 -88663934.69832677 0.0 2436.247055314089 -77713750.38482259 0.0 2101159.6879797354 1359590733.626956 0.0 -1896382.7303319026 -1410765593.0521502 0.0 4998.095101853215 -115992431.81769045 0.0 5335.942114601534 -115891728.11286774 0.0 5572.143829953096 -115146296.55787908 0.0 5611.652517835302 -113389974.08028004 0.0 5361.396214981875 -110196362.10027263 0.0 4761.406864947163 -105159029.24059743 0.0 3815.736141777388 -97999710.90326586 0.0 2604.8105907241516 -88665880.61402658 0.0 1287.241118691469 -77715626.71963124 0.0 2101021.216361869 1359589760.9894874 0.0 -370251052.61203194 -1597368644.2308006 0.0 22634.813279740043 -115982147.84855375 0.0 -46297.556324782905 -115916028.50784183 0.0 -161254.8715889289 -115228220.03506446 0.0 -334937.21231880045 -113558891.76079288 0.0 -571953.5092356126 -110483917.27338456 0.0 -862077.4430181055 -105591708.436489 0.0 -1178958.4607274293 -98590783.3420706 0.0 -1484420.8667548464 -89409503.03783539 0.0 -1642080.134868124 -78537738.2360452 0.0 -410884493.6630719 1160687485.0029674 0.0
    </DataArray>
    <DataArray type="Float32" Name="Electron Current Density [Am^-2]" NumberOfComponents="3" format="ascii">
-4123308673.6382017 -308989848205.2969 0.0 -32065779032.0185 -288681023017.8978 0.0 -37230512536.679344 -265568840556.85577 0.0 -29597676716.96235 -239480967889.2261 0.0 -22165332620.856262 -217205672125.2346 0.0 -18013900925.23765 -197299447210.94275 0.0 -16112494114.017168 -177347778318.73547 0.0 -14905823337.049156 -156577769338.54916 0.0 -12192232741.792164 -137619071517.3903 0.0 -7973986575.941161 -124640433162.94269 0.0 -3627380612.2102003 -117378004343.4402 0.0 5353329536.623867 -169081931352.63412 0.0 -10321811239.051067 -149735898452.93747 0.0 -18659334026.65674 -152482493078.84378 0.0 -19809261648.279423 -152808017996.5424 0.0 -18930582366.822834 -149346424595.14313 0.0 -19212335303.058014 -142402277828.9013 0.0 -20267519356.35294 -132734310060.81711 0.0 -20388149634.484863 -121985671012.77121 0.0 -16358730746.805975 -112654922280.10426 0.0 -10588852921.830078 -106346694226.64326 0.0 -4165143123.539506 -98123054241.69328 0.0 3873156882.0738907 -52482518027.926125 0.0 -398073520.56121165 -45282809227.78819 0.0 -6298802118.18005 -51329381187.50506 0.0 -10760896073.990177 -58378879197.53562 0.0 -13770189327.84281 -63505418619.59049 0.0 -17372251926.258595 -66409143367.24438 0.0 -19998808588.2597 -68356676128.35719 0.0 -20315989734.871258 -71281615286.1431 0.0 -16739516018.605902 -74535085657.45044 0.0 -11705311888.926569 -75437675654.38611 0.0 -3807376708.0318713 -69607337850.22133 0.0 1319611634.5570076 -18685546774.463234 0.0 733902611.5914874 -16102640798.362791 0.0 -1739010945.7325475 -17950736406.11783 0.0 -5936534829.761345 -21594441431.86459 0.0 -9779341017.718285 -25679204724.650394 0.0 -13202068809.661482 -30611588937.20014 0.0 -14957996899.40274 -36108178454.034164 0.0 -14524073212.089497 -41368676608.699104 0.0 -12589560404.70537 -45594219933.34622 0.0 -9005548292.43863 -48658351662.390755 0.0 -2559854748.580086 -45399728009.21653 0.0 269852341.0361195 -9094008332.349703 0.0 392414255.40381664 -8305679561.511922 0.0 -628704011.7820435 -8412170828.929049 0.0 -3277335695.6972165 -10257112397.846571 0.0 -6313327063.731929 -13669132337.75148 0.0 -8915184275.970043 -17647996410.698704 0.0 -10322471973.678135 -21696249418.45202 0.0 -10216065431.592789 -25481544940.462837 0.0 -8776748826.182016 -28755762170.58923 0.0 -6115816081.513608 -31312100476.561943 0.0 -1570079025.1954458 -29447238620.878727 0.0 70101669.85416695 -5355313159.204537 0.0 4005999.7543341327 -4954335185.899493 0.0 -289885042.56313014 -4962591312.3174515 0.0 -1393171958.589714 -5671114258.067744 0.0 -3310905740.9297314 -7579592430.832905 0.0 -5427168009.671918 -10498324356.701447 0.0 -6869308362.228998 -13759654150.294804 0.0 -7127885772.145711 -16740454448.371063 0.0 -6192221430.738202 -19125808124.335567 0.0 -4233141422.5289783 -20825823621.552895 0.0 -1051099736.60943 -19513241895.2075 0.0 17162728.121391915 -3223863863.8228807 0.0 -90095795.61926669 -3011373782.270869 0.0 -193545796.7709638 -3027706046.2866616 0.0 -611075665.0694746 -3295392993.393905 0.0 -1513119155.40261 -4191036934.3008204 0.0 -2811968541.032471 -5910334322.0630665 0.0 -4025041183.3813796 -8211748594.078669 0.0 -4601534868.387281 -10558725208.09649 0.0 -4275460920.4024234 -12480283249.899494 0.0 -3045182820.126345 -13753066854.263296 0.0 -771589672.7930762 -12757826662.341557 0.0 2857545.3590719835 -1856698556.28312 0.0 -83495000.7611343 -1758124971.9284503 0.0 -127654785.5491093 -1794245479.9844403 0.0 -282204849.63181776 -1918712402.1886058 0.0 -644827815.1059089 -2303601571.0652184 0.0 -1275102368.0314248 -3141242426.093396 0.0 -2040065107.2804673 -4464722513.226976 0.0 -2617287997.788656 -6042645450.066441 0.0 -2701239160.821476 -7502539113.737614 0.0 -2118823389.8383896 -8542182637.442627 0.0 -543042562.171297 -7875177074.442071 0.0 153804.36455764752 -1078546966.8806307 0.0 -50893475.64197692 -1041723891.0648413 0.0 -72454704.1669979 -1076590440.0911145 0.0 -132243677.40390371 -1143512021.7099524 0.0 -269967263.13100326 -1307041689.968472 0.0 -534003054.9943571 -1669074618.1127887 0.0 -921275936.2366722 -2310739866.44778 0.0 -1315959393.1283257 -3196019747.7191186 0.0 -1526640930.126866 -4146284471.572785 0.0 -1351826718.0849328 -4927751383.77134 0.0 -342998457.38554573 -4545529468.227985 0.0 419209.92189641733 -702340206.6976284 0.0 -24547299.901457887 -689801048.8142754 0.0 -35860180.27367008 -712507533.6882735 0.0 -60956482.07620978 -748055933.0821015 0.0 -114144255.95991589 -818651649.1919855 0.0 -217664419.21631798 -966509540.1794679 0.0 -387937001.6037994 -1243902281.3007562 0.0 -601975725.0240499 -1672949160.4651067 0.0 -780676654.9713957 -2202402520.8095345 0.0 -786614623.2599313 -2710057802.4419236 0.0 -195229927.22028464 -2514095424.269519 0.0 758866.5289195421 -536635618.80708605 0.0 -10237926.260919455 -530812306.4692153 0.0 -15917553.364237329 -542118174.8968425 0.0 -27254457.76041053 -559294488.8650848 0.0 -49084779.37541155 -589796933.3524518 0.0 -89684202.54743528 -649192861.4568089 0.0 -159393885.8794064 -761731808.040748 0.0 -260144615.11655498 -949655644.0426491 0.0 -371410516.6658433 -1210387708.1459367 0.0 -428280535.4207333 -1498810597.072883 0.0 -103433918.2691243 -1402100053.9961731 0.0 702740.9045679297 -460588463.24548495 0.0 -4345289.41471333 -456376251.7457096 0.0 -6823660.902419269 -460979789.045633 0.0 -12077437.283415396 -468407949.5403401 0.0 -21706959.454148933 -481295887.43117493 0.0 -38451982.0283052 -505182413.72161263 0.0 -66706921.91132613 -549763513.5204694 0.0 -110769363.50942566 -627358389.9655536 0.0 -170729249.75769964 -745161501.2832222 0.0 -228139056.42460653 -893455051.7964994 0.0 -53486966.51787389 -843176416.2546566 0.0 531707.0511533208 -418725733.168487 0.0 -2331688.683425034 -415299208.3967035 0.0 -3221991.763981799 -417006157.86894405 0.0 -5639768.098941863 -420007775.33809 0.0 -10178966.94254719 -425360490.03944606 0.0 -17682302.03376923 -435107248.6093513 0.0 -29668231.513132565 -452910933.9030436 0.0 -48701192.162564866 -484282660.82533973 0.0 -79523065.8235338 -534896061.60511345 0.0 -125935480.06453298 -606740855.0670885 0.0 -28671265.193295192 -576899501.1911563 0.0 404977.9637654187 -390511163.3958811 0.0 -1634065.8819112242 -387741515.2368248 0.0 -1850048.3057024677 -388443923.1144045 0.0 -2950536.871311804 -389697910.3765116 0.0 -5233570.590231446 -391981542.4743029 0.0 -8954463.589010676 -396120736.9801304 0.0 -14544443.879272318 -403517322.33148485 0.0 -23199142.63958994 -416406411.34739816 0.0 -39642384.386256546 -437846758.0775615 0.0 -76111939.62061226 -472245420.64471 0.0 -16920329.266363256 -451575443.73570997 0.0 332809.96015835257 -368972818.55555946 0.0 -1295061.4536662227 -366721946.35023355 0.0 -1250179.2026814679 -367109320.84932935 0.0 -1741375.5729742306 -367720820.03535664 0.0 -2970444.547160817 -368786035.5479043 0.0 -5026568.998515889 -370679622.781706 0.0 -7992343.079592681 -373980670.4236039 0.0 -12401562.8711001 -379571812.0569572 0.0 -22144392.328230787 -388892935.51061904 0.0 -51668469.98417804 -406127815.3347986 0.0 -11337521.483404763 -390060361.04650646 0.0 291767.63126941095 -351524920.74093765 0.0 -1053976.747650571 -349657227.03742284 0.0 -908584.8202156425 -349930294.6538215 0.0 -1109864.969355901 -350291748.42999494 0.0 -1816143.2911752735 -350853719.5955433 0.0 -3074136.0128707886 -351806915.4940535 0.0 -4874770.496871112 -353424708.8061601 0.0 -7483281.19245136 -356072351.3837546 0.0 -14051775.546880238 -360412107.74152964 0.0 -38833023.233525105 -369972262.08969307 0.0 -8503325.6757582 -356657956.5933153 0.0 264799.258388424 -336969769.14801335 0.0 -857840.9133460924 -335386904.22388256 0.0 -672184.3015270235 -335597548.08281964 0.0 -728103.5785062911 -335839525.0868428 0.0 -1156324.690142513 -336167717.93878245 0.0 -1993849.6824125256 -336690336.9243776 0.0 -3217750.2883277386 -337559915.62559813 0.0 -4990288.711883588 -338949615.30746585 0.0 -9912245.140748924 -341186559.3449351 0.0 -31237153.57122716 -347227749.0135073 0.0 -6873392.325047699 -335854959.212184 0.0 243602.59247289904 -324621542.94734174 0.0 -697290.163791871 -323259221.8798325 0.0 -496857.63024109585 -323423699.26195294 0.0 -476642.4195725002 -323593590.6867222 0.0 -746615.2417187054 -323795543.75417835 0.0 -1341216.2309076185 -324097280.9267928 0.0 -2242747.7200480686 -324598437.4392453 0.0 -3571169.889294024 -325399652.8278435 0.0 -7509432.977186163 -326687218.90980387 0.0 -26107771.72090237 -330975834.36121047 0.0 -5790181.758762568 -321124525.6950332 0.0 224740.786090669 -314031363.41883224 0.0 -567921.8693746296 -312847182.75292295 0.0 -365819.7192644559 -312974805.26115775 0.0 -305517.15948162467 -313095029.4169017 0.0 -480396.14355363115 -313220375.66013163 0.0 -923069.9645528276 -313396847.7845074 0.0 -1623168.0126135538 -313697467.5546078 0.0 -2678904.2730280957 -314193022.93714 0.0 -5941838.609156624 -315006925.63349926 0.0 -22264553.46070484 -318303211.3403777 0.0 -4980891.201914479 -309709877.6335116 0.0 206968.3022977949 -304880862.76174444 0.0 -464830.02248221665 -303845170.18962324 0.0 -268718.51157317567 -303943607.8433636 0.0 -188501.84287625557 -304028120.88889974 0.0 -303977.5051985583 -304104051.83452857 0.0 -645494.638753772 -304204706.8069224 0.0 -1208230.0097838666 -304387508.84351677 0.0 -2075632.3208096635 -304708591.92056286 0.0 -4827457.727755688 -305258816.6648554 0.0 -19193149.197450917 -307912060.80647504 0.0 -4330540.784794713 -300385328.1729308 0.0 189941.04941600567 -296931592.64427066 0.0 -383021.4528250674 -296022231.62518674 0.0 -197451.27696271733 -296098000.4253365 0.0 -109080.25525151583 -296156735.5128006 0.0 -186438.54644697698 -296200100.56490713 0.0 -457248.3167376517 -296253378.7750247 0.0 -920224.6234526032 -296363563.70018506 0.0 -1646906.110602774 -296577799.8774032 0.0 -3990139.430295706 -296966725.7491761 0.0 -16650518.266444793 -299157317.0151832 0.0 -3787087.6865746942 -292546247.93208396 0.0 173651.79749333402 -289997728.71871084 0.0 -318044.16384317324 -289197217.4845751 0.0 -145519.4753152422 -289255628.55658793 0.0 -55917.228351235375 -289295891.2454196 0.0 -108342.29472348932 -289317793.46026623 0.0 -327777.48652359756 -289341203.90265405 0.0 -714999.5966109431 -289405463.38318294 0.0 -1331355.4678053856 -289551126.4347334 0.0 -3338714.3749751826 -289834390.32474405 0.0 -14505597.78276245 -291669483.762652 0.0 -3323736.755940414 -285850106.38082284 0.0 158191.86343053586 -283930186.97032684 0.0 -266214.5345330637 -283224194.1081472 0.0 -107850.72752569123 -283269422.2060734 0.0 -21023.067746857807 -283296571.3689139 0.0 -56899.8194826643 -283304499.56115705 0.0 -237799.78383658337 -283309218.6703943 0.0 -565608.8946731499 -283344115.57965404 0.0 -1092879.1292001214 -283444415.8847622 0.0 -2820102.077130359 -283655221.1689404 0.0 -12676605.57438285 -285206706.1893428 0.0 -2924369.9925495926 -280075113.3435143 0.0 143655.5841790796 -278606828.55868757 0.0 -224603.95718685715 -277983311.50378543 0.0 -80592.31601188578 -278018561.3446796 0.0 1254.199529360093 -278036488.0843461 0.0 -23512.05029956429 -278035521.1376765 0.0 -174725.67299244797 -278028803.7340687 0.0 -454801.9879118797 -278044921.8310956 0.0 -908744.3953500978 -278114602.4764099 0.0 -2400310.840441346 -278274169.32708424 0.0 -11106160.110803796 -279594461.8308241 0.0 -2577895.8913789666 -275062568.8546291 0.0 130107.24579625759 -273926083.4813328 0.0 -190933.31639919642 -273374768.0650791 0.0 -60875.33548596481 -273402464.7076023 0.0 14899.410787781075 -273413966.1793048 0.0 -2337.2030545072053 -273407540.0532218 0.0 -130160.6748052734 -273394122.2768982 0.0 -371174.9022207258 -273398340.12096345 0.0 -763944.9062436819 -273447058.0265111 0.0 -2056078.1157334542 -273569592.2933927 0.0 -9750862.226326251 -274698863.65562576 0.0 -2275962.3941133497 -270691448.2427433 0.0 294396.15910417854 -269537345.6670386 0.0 406664.7538523329 -269533555.11427456 0.0 527080.4127260447 -269531899.7770128 0.0 586030.3511892412 -269521957.86982065 0.0 550370.1092585974 -269510050.1747257 0.0 414155.09249265987 -269506477.7837998 0.0 182896.42363892993 -269523817.50618076 0.0 -187417.71371757012 -269576813.22847027 0.0 -1566945.863949145 -269711814.8185751 0.0 -9398216.297913268 -270320149.3442757 0.0 0.0 -270889722.5360199 0.0 92881.02345579866 -265676358.37163782 0.0 -193618.40201504042 -266134802.71599078 0.0 -88322.35919957362 -266107139.09855422 0.0 -23935.97803192338 -266078894.77493465 0.0 -30451.358008613206 -266063802.89634627 0.0 -122542.35716328028 -266071447.3239793 0.0 -303165.79770744854 -266103353.88142732 0.0 -599459.0278811955 -266163594.07037622 0.0 -1557532.2528544674 -266320004.85922992 0.0 -7495324.899331301 -266507143.49307093 0.0 -2015251.2557916164 -271099225.6564068 0.0 83815.97229425944 -262517997.5029643 0.0 -168445.93744453747 -262923065.3690577 0.0 -74491.12154567218 -262897643.13890228 0.0 -16512.44302134712 -262871153.75143215 0.0 -20823.865287869758 -262855688.92631602 0.0 -100379.60278820967 -262859685.37967846 0.0 -257908.7458807725 -262884444.8003522 0.0 -516823.6482236286 -262933346.09820947 0.0 -1353092.273396104 -263065402.2824163 0.0 -6609332.373592403 -263221530.69203022 0.0 -1783143.1687291623 -267273447.39366704 0.0 75513.94296427967 -259723156.11184165 0.0 -147148.72992400266 -260081498.066113 0.0 -63484.42336429157 -260058312.38555285 0.0 -11498.336587726755 -260033798.0226014 0.0 -14324.707957108192 -260018620.2049237 0.0 -83407.99085233606 -260020219.4556533 0.0 -221236.14042536405 -260039709.06854767 0.0 -448049.72226092155 -260079898.05508515 0.0 -1179494.9710671504 -260192226.8589202 0.0 -5834757.287188566 -260323108.51990288 0.0 -1579122.2875592338 -263902150.25903708 0.0 67937.23570748043 -257247484.84802997 0.0 -128997.48014652649 -257564812.44745862 0.0 -54610.123578210245 -257543787.46706674 0.0 -8143.9648799498855 -257521318.41937482 0.0 -9973.331447858796 -257506825.18738502 0.0 -70216.73512728966 -257506879.70781228 0.0 -191123.66370911387 -257522437.4828654 0.0 -390228.3732634087 -257555840.3417515 0.0 -1031127.191697557 -257652017.628829 0.0 -5155715.659813272 -257762197.1328601 0.0 -1399390.025021011 -260926258.52379757 0.0 61039.90001789875 -255052760.80906036 0.0 -113421.26556331919 -255333993.66052237 0.0 -47359.39898126228 -255315010.78155592 0.0 -5925.589946657421 -255294560.92248413 0.0 -7089.482305904234 -255280973.40804905 0.0 -59803.77243030969 -255280061.07232782 0.0 -166090.84803340785 -255292648.38060108 0.0 -341169.6436233423 -255320695.8244436 0.0 -903574.0280014079 -255403522.40806365 0.0 -4558873.287914981 -255496628.1309266 0.0 -1240723.501429509 -258295684.43723163 0.0 54771.81037662726 -253105956.76448932 0.0 -99969.81380250062 -253355342.95048755 0.0 -41357.007970869556 -253338260.2917862 0.0 -4478.853273827707 -253319743.9688127 0.0 -5202.167562375469 -253307166.1401833 0.0 -51452.91723785799 -253305675.26408505 0.0 -145042.059931228 -253315988.32137877 0.0 -299201.6251138842 -253339756.10659292 0.0 -793322.9450588627 -253411452.57784033 0.0 -4032969.3743523154 -253490414.57864597 0.0 -1100371.7026642927 -255967726.24635637 0.0 49081.440914268416 -251378469.14428857 0.0 -88285.53382799831 -251599685.33741087 0.0 -36325.19818943611 -251584351.49030542 0.0 -3551.6124176569183 -251567649.2551322 0.0 -3986.2784347316733 -251556109.09813264 0.0 -44649.06476020684 -251554297.45394945 0.0 -127156.83659850419 -251562844.58766702 0.0 -263030.8511112815 -251583151.3836114 0.0 -697550.0669487102 -251645498.1647221 0.0 -3568442.7483905796 -251712708.25455594 0.0 -975974.5451602745 -253905813.45233858 0.0 43917.68758917969 -249845476.79161376 0.0 -78081.15918196246 -250041712.5243843 0.0 -32056.35416633749 -250027976.9450822 0.0 -2969.779854675135 -250012953.50707418 0.0 -3217.8811236321944 -250002431.43760142 0.0 -39018.96262481673 -250000467.1364693 0.0 -111813.27330046824 -250007622.5652557 0.0 -231643.846157988 -250025098.67844686 0.0 -613963.1861406263 -250079537.91070527 0.0 -3157134.614674518 -250136969.1807797 0.0 -865498.3609405385 -252078507.68917376 0.0 39231.333456827524 -248485427.29928195 0.0 -69121.92842719956 -248659449.26042527 0.0 -28393.10588488977 -248647164.1666345 0.0 -2613.5089122340337 -248633676.9937178 0.0 -2743.4168533484158 -248624123.11031353 0.0 -34290.236015389375 -248622111.66082463 0.0 -98534.4229419224 -248628152.44073305 0.0 -204237.04016854303 -248643288.2338115 0.0 -540685.0828705134 -248690998.82330295 0.0 -2792049.7116004224 -248740295.9608316 0.0 -767183.648170275 -250458696.9545107 0.0 34975.526097424234 -247279560.53937095 0.0 -61219.88902241748 -247433775.6760241 0.0 -25219.00174732845 -247422801.88223094 0.0 -2403.489783096742 -247410709.95537108 0.0 -2460.018755274661 -247402057.74826863 0.0 -30263.687625366852 -247400062.19200033 0.0 -86950.80078872872 -247405195.2140539 0.0 -180166.35128464137 -247418376.51029688 0.0 -476165.65450579737 -247460330.72242844 0.0 -2467162.805754697 -247502879.63010597 0.0 -679502.3407766686 -249022938.761763 0.0 31106.24925461912 -246211542.585668 0.0 -54218.74915290876 -246348045.13614604 0.0 -22444.330924330512 -246338253.74309382 0.0 -2286.6327640612926 -246327422.10806906 0.0 -2298.808290153743 -246319597.1745045 0.0 -26791.86498006022 -246317651.92316163 0.0 -76772.2682160131 -246322033.11257848 0.0 -158909.46557929125 -246333566.97213745 0.0 -419114.33659172 -246370573.39676872 0.0 -2177260.2695604456 -246407555.42614645 0.0 -601122.3341732727 -247750920.73748702 0.0 27582.459547855004 -245267147.73982316 0.0 -47988.57263295852 -245387760.23700574 0.0 -19999.69445723296 -245379033.16477638 0.0 -2228.1177803459586 -245369335.22916597 0.0 -2214.328857223194 -245362260.6388966 0.0 -23764.42884283265 -245360380.7961602 0.0 -67767.9631544045 -245364128.63590676 0.0 -140038.04505885564 -245374262.09244317 0.0 -368447.98161984497 -245406998.38231966 0.0 -1917809.710147499 -245439432.97816548 0.0 -530877.871652389 -246625015.24912697 0.0 24366.085183413426 -244433989.79317588 0.0 -42420.42386521628 -244540297.7017124 0.0 -17830.911999621196 -244532527.7244758 0.0 -2205.843903867619 -244523846.3793143 0.0 -2177.3396673871334 -244517446.02449808 0.0 -21097.928872027198 -244515633.76660675 0.0 -59751.77390062626 -244518838.96860546 0.0 -123196.88327933167 -244527772.89796326 0.0 -323250.35674379073 -244556811.23754284 0.0 -1684852.0919859272 -244585589.7462895 0.0 -467744.69598323567 -245629909.89352787 0.0 21421.92377056372 -243701294.99502784 0.0 -37422.35514901084 -243794675.6278498 0.0 -15895.320099342038 -243787765.76862076 0.0 -2206.5203710695114 -243779993.7039691 0.0 -2169.7555922766537 -243774194.3777143 0.0 -18728.478207794993 -243772443.41494027 0.0 -52571.686546195626 -243775175.95721123 0.0 -108088.24986014768 -243783075.38367563 0.0 -282740.26207824476 -243808902.24257615 0.0 -1474911.98304815 -243834815.3530578 0.0 -410819.1492086993 -244752299.32766363 0.0 18717.351501669185 -243059703.52321225 0.0 -32916.283358305715 -243141352.71449164 0.0 -14158.792831162616 -243135217.38267586 0.0 -2222.6302233518313 -243128258.07269335 0.0 -2180.848253409069 -243122991.25850436 0.0 -16606.276799499992 -243121290.20053953 0.0 -46101.72114199306 -243123604.5959383 0.0 -94459.81340948654 -243130606.53471425 0.0 -246246.22319747022 -243153638.29890653 0.0 -1284922.1109750757 -243177398.36474103 0.0 -359300.33998793387 -243980627.6982375 0.0 16222.297728027635 -242501124.01707697 0.0 -28832.857227541102 -242572073.41947386 0.0 -12592.088721929056 -242566635.3992387 0.0 -2249.6114661376378 -242560401.0427591 0.0 -2204.305942701406 -242555602.3593861 0.0 -14691.562242088772 -242553935.99270326 0.0 -40235.8590105355 -242555874.4790066 0.0 -82095.34906807345 -242562093.50169906 0.0 -213186.29887838956 -242582688.60337925 0.0 -1112159.849586136 -242604947.9933149 0.0 -312474.9599239276 -243304872.84135476 0.0 13908.885649989877 -242018580.80959088 0.0 -25113.938768476262 -242079718.1724525 0.0 -11172.521414198518 -242074908.95912027 0.0 -2286.6050358514 -242069320.47629216 0.0 -2237.87455118696 -242064930.0969825 0.0 -12952.736308076022 -242063280.8130617 0.0 -34884.14435180924 -242064876.04332876 0.0 -70807.8611074289 -242070408.71964562 0.0 -183052.00409608992 -242088877.57839617 0.0 -954193.3386649977 -242110244.32253262 0.0 -269704.3101693736 -242716364.79485154 0.0 11751.196719219084 -241606102.25129452 0.0 -21707.94221677384 -241658185.70069584 0.0 -9880.788527707262 -241653944.9513123 0.0 -2334.3327278475017 -241648931.52227968 0.0 -2281.4920197526626 -241644894.238347 0.0 -11363.966230968637 -241643243.00867546 0.0 -29969.040745118265 -241644520.1167453 0.0 -60433.7526078314 -241649448.5617661 0.0 -155394.87099771705 -241666061.69528058 0.0 -808835.1080760151 -241687113.04901817 0.0 -230413.0056255402 -242207633.2877139 0.0 9725.02422995152 -241258625.10728866 0.0 -18568.964391307985 -241302295.29090074 0.0 -8700.243171997836 -241298569.94333637 0.0 -2394.425014533575 -241294068.15227294 0.0 -2336.3713848461357 -241290332.98825276 0.0 -9903.580698130496 -241288659.79031834 0.0 -25422.646767862585 -241289637.7752861 0.0 -50828.13024827634 -241294032.3299956 0.0 -129815.33823666762 -241309026.94511586 0.0 -674101.9396276247 -241330321.3232412 0.0 -194079.09906978474 -241772280.0101069 0.0 7807.624785356503 -240971913.82808304 0.0 -15655.942646116027 -241007704.1923339 0.0 -7616.497826166907 -241004447.77288917 0.0 -2469.220653027297 -241000400.816209 0.0 -2404.628090888263 -240996920.5411439 0.0 -8553.073997704147 -240995204.50122395 0.0 -21184.6577832788 -240995897.19770086 0.0 -41861.095956593774 -240999818.49856624 0.0 -105953.52601136669 -241013403.8962182 0.0 -548179.8519068946 -241035491.63164392 0.0 -160225.4077977346 -241404872.02692604 0.0 5977.47609934991 -240742494.26279655 0.0 -12931.733567009378 -240770839.45938018 0.0 -6616.964168618125 -240768011.4882759 0.0 -2561.5613504329713 -240764368.46807775 0.0 -2488.9964777330574 -240761099.11968598 0.0 -7296.37382852038 -240759318.54076332 0.0 -17200.754899282227 -240759735.2771141 0.0 -33414.71479696928 -240763235.87266847 0.0 -83481.45028440161 -240775597.9382298 0.0 -429393.2005209913 -240799031.2541316 0.0 -128411.82452077279 -241100853.32344678 0.0 4214.039441289372 -240567600.09741336 0.0 -10362.35403727182 -240588842.73214862 0.0 -5690.496156998395 -240586408.18534866 0.0 -2674.671962914787 -240583123.4365384 0.0 -2592.6599389085027 -240580023.80330515 0.0 -6119.2851307768815 -240578156.06672376 0.0 -13421.330764053175 -240578302.14951324 0.0 -25380.487670787086 -240581427.8046969 0.0 -62096.332078236235 -240592732.81321454 0.0 -316177.0433128055 -240618075.3588615 0.0 -98228.42264315356 -240856472.07443598 0.0 2497.5276841449254 -240445130.7206045 0.0 -7916.336194405958 -240459526.6176122 0.0 -4827.121176399705 -240457455.45707598 0.0 -2812.119647135338 -240454487.9260681 0.0 -2719.1782256265496 -240451519.02250376 0.0 -5009.064168659763 -240449540.3966965 0.0 -9800.393203694579 -240449417.43073347 0.0 -17657.16475600005 -240452208.19901216 0.0 -41514.71107932824 -240462606.07171792 0.0 -207052.03742870584 -240490442.2963801 0.0 -69289.18466223947 -240668721.77652246 0.0 808.6790778536413 -240373619.60799107 0.0 -5564.158897280697 -240381341.69400832 0.0 -4017.826569179695 -240379608.45264724 0.0 -2977.815910923392 -240376921.1221871 0.0 -2872.4695259332675 -240374045.66740674 0.0 -3954.0966866413764 -240371931.05374098 0.0 -6294.640008259768 -240371537.1255156 0.0 -10148.823312569619 -240374028.22262692 0.0 -21467.177617599576 -240383655.36510614 0.0 -100601.26605274178 -240414599.9828907 0.0 -41226.21739887598 -240535294.79625225 0.0 -36.36755354340233 -240350469.40690947 0.0 -5206.458665467162 -240352875.68793336 0.0 -4571.848441637416 -240351467.89058113 0.0 -4090.6897832134387 -240349046.85501236 0.0 -3951.17982395178 -240346264.68836564 0.0 -4285.31188749955 -240344013.77070218 0.0 -5115.035595494411 -240343305.72320193 0.0 -6463.509817012052 -240345380.04592013 0.0 -9778.298930454162 -240354146.68520975 0.0 -37772.2650503197 -240386785.26805115 0.0 -23947.582781253146 -240451126.1289146 0.0
    </DataArray>
    <DataArray type="Float32" Name="Hole Current Density [Am^-2]" NumberOfComponents="3" format="ascii">
1e-30 1e-30 0.0 -1e-30 1e-30 0.0 -1e-30 1e-30 0.0 -1e-30 1e-30 0.0 -1e-30 1e-30 0.0 -1e-30 1e-30 0.0 -1e-30 1e-30 0.0 -1e-30 1e-30 0.0 -1e-30 -1e-30 0.0 -1e-30 -1e-30 0.0 -1e-30 -1e-30 0.0 1e-30 1e-30 0.0 1e-30 1e-30 0.0 1e-30 1e-30 0.0 1e-30 1e-30 0.0 1e-30 1e-30 0.0 1e-30 1e-30 0.0 1e-30 1e-30 0.0 -1e-30 -1e-30 0.0 -1e-30 -1e-30 0.0 -1e-30 -1e-30 0.0 -1e-30 -1e-30 0.0 1e-30 1e-30 0.0 1e-30 1e-30 0.0 1e-30 1e-30 0.0 1e-30 1e-30 0.0 1e-30 1e-30 0.0 1e-30 1e-30 0.0 -1e-30 1e-30 0.0 -1e-30 -1e-30 0.0 -1e-30 -1e-30 0.0 -1e-30 -1e-30 0.0 -1e-30 -1e-30 0.0 1e-30 1e-30 0.0 1e-30 1e-30 0.0 1e-30 1e-30 0.0 1e-30 1e-30 0.0 1e-30 1e-30 0.0 -1e-30 1e-30 0.0 -1e-30 1e-30 0.0 -1e-30 -1e-30 0.0 -1e-30 -1e-30 0.0 -1e-30 -1e-30 0.0 -1e-30 -1e-30 0.0 1e-30 1e-30 0.0 1e-30 1e-30 0.0 1e-30 1e-30 0.0 1e-30 1e-30 0.0 1e-30 1e-30 0.0 -1e-30 1e-30 0.0 -1e-30 1e-30 0.0 -1e-30 -1e-30 0.0 -1e-30 -1e-30 0.0 -1e-30 -1e-30 0.0 -1e-30 -1e-30 0.0 1e-30 1e-30 0.0 1e-30 1e-30 0.0 1e-30 1e-30 0.0 -1e-30 1e-30 0.0 -1e-30 1e-30 0.0 -1e-30 1e-30 0.0 -1e-30 1e-30 0.0 -1e-30 -1e-30 0.0 -1e-30 -1e-30 0.0 -1e-30 -1e-30 0.0 -1e-30 -1e-30 0.0 -1e-30 1e-30 0.0 -1e-30 1e-30 0.0 -1e-30 1e-30 0.0 -1e-30 1e-30 0.0 -1e-30 1e-30 0.0 -1e-30 1e-30 0.0 -1e-30 -1e-30 0.0 -1e-30 -1e-30 0.0 -1e-30 -1e-30 0.0 -1e-30 -1e-30 0.0 -1e-30 -1e-30 0.0 -1e-30 -1e-30 0.0 -1e-30 1e-30 0.0 -1e-30 1e-30 0.0 -1e-30 1e-30 0.0 -1e-30 1e-30 0.0 -1e-30 1e-30 0.0 -1e-30 -1e-30 0.0 -1e-30 -1e-30 0.0 -1e-30 -1e-30 0.0 -1e-30 -1e-30 0.0 -1e-30 -1e-30 0.0 -1e-30 -1e-30 0.0 -1e-30 1e-30 0.0 -1e-30 1e-30 0.0 -1e-30 1e-30 0.0 -1e-30 1e-30 0.0 -1e-30 1e-30 0.0 -1e-30 -1e-30 0.0 -1e-30 -1e-30 0.0 -1e-30 -1e-30 0.0 -1e-30 -1e-30 0.0 -1e-30 1e-30 0.0 -1e-30 -1e-30 0.0 -1e-30 1e-30 0.0 -1e-30 1e-30 0.0 -1e-30 1e-30 0.0 -1e-30 1e-30 0.0 -1e-30 1e-30 0.0 -1e-30 -1e-30 0.0 -1e-30 -1e-30 0.0 -1e-30 -1e-30 0.0 -1e-30 -1e-30 0.0 -1e-30 1e-30 0.0 -1e-30 -1e-30 0.0 -1e-30 1e-30 0.0 -1e-30 1e-30 0.0 -1e-30 1e-30 0.0 -1e-30 1e-30 0.0 -1e-30 1e-30 0.0 -1e-30 -1e-30 0.0 -1e-30 -1e-30 0.0 -1e-30 -1e-30 0.0 -1e-30 -1e-30 0.0 -1e-30 1e-30 0.0 -1e-30 -1e-30 0.0 -1e-30 1e-30 0.0 -1e-30 1e-30 0.0 -1e-30 1e-30 0.0 -1e-30 1e-30 0.0 -1e-30 1e-30 0.0 -1e-30 -1e-30 0.0 -1e-30 -1e-30 0.0 -1e-30 -1e-30 0.0 -1e-30 -1e-30 0.0 -1e-30 1e-30 0.0 -1e-30 -1e-30 0.0 -1e-30 1e-30 0.0 -1e-30 1e-30 0.0 -1e-30 1e-30 0.0 -1e-30 1e-30 0.0 -1e-30 1e-30 0.0 -1e-30 -1e-30 0.0 -1e-30 -1e-30 0.0 -1e-30 -1e-30 0.0 -1e-30 -1e-30 0.0 -1e-30 1e-30 0.0 -1e-30 -1e-30 0.0 -1e-30 1e-30 0.0 -1e-30 1e-30 0.0 -1e-30 1e-30 0.0 -1e-30 1e-30 0.0 -1e-30 1e-30 0.0 -1e-30 -1e-30 0.0 -1e-30 -1e-30 0.0 -1e-30 -1e-30 0.0 -1e-30 -1e-30 0.0 -1e-30 1e-30 0.0 -1e-30 -1e-30 0.0 -1e-30 1e-30 0.0 -1e-30 1e-30 0.0 -1e-30 1e-30 0.0 -1e-30 1e-30 0.0 -1e-30 1e-30 0.0 -1e-30 -1e-30 0.0 -1e-30 -1e-30 0.0 -1e-30 -1e-30 0.0 -1e-30 -1e-30 0.0 -1e-30 1e-30 0.0 -1e-30 -1e-30 0.0 -1e-30 1e-30 0.0 -1e-30 1e-30 0.0 -1e-30 1e-30 0.0 -1e-30 1e-30 0.0 -1e-30 1e-30 0.0 -1e-30 -1e-30 0.0 -1e-30 -1e-30 0.0 -1e-30 -1e-30 0.0 -1e-30 -1e-30 0.0 -1e-30 1e-30 0.0 -1e-30 -1e-30 0.0 -1e-30 -1e-30 0.0 -1e-30 1e-30 0.0 -1e-30 1e-30 0.0 -1e-30 1e-30 0.0 -1e-30 1e-30 0.0 -1e-30 -1e-30 0.0 -1e-30 -1e-30 0.0 -1e-30 -1e-30 0.0 -1e-30 -1e-30 0.0 -1e-30 1e-30 0.0 -1e-30 -1e-30 0.0 -1e-30 -1e-30 0.0 -1e-30 -1e-30 0.0 -1e-30 -1e-30 0.0 -1e-30 1e-30 0.0 -1e-30 1e-30 0.0 -1e-30 -1e-30 0.0 -1e-30 -1e-30 0.0 -1e-30 -1e-30 0.0 -1e-30 -1e-30 0.0 -1e-30 1e-30 0.0 -1e-30 -1e-30 0.0 -1e-30 -1e-30 0.0 -1e-30 -1e-30 0.0 -1e-30 -1e-30 0.0 -1e-30 -1e-30 0.0 -1e-30 -1e-30 0.0 -1e-30 -1e-30 0.0 -1e-30 -1e-30 0.0 -1e-30 -1e-30 0.0 -1e-30 -1e-30 0.0 -1e-30 1e-30 0.0 1e-30 -1e-30 0.0 -1e-30 -1e-30 0.0 -1e-30 -1e-30 0.0 -1e-30 -1e-30 0.0 -1e-30 -1e-30 0.0 -1e-30 -1e-30 0.0 -1e-30 -1e-30 0.0 -1e-30 -1e-30 0.0 -1e-30 -1e-30 0.0 -1e-30 -1e-30 0.0 -1e-30 1e-30 0.0 1e-30 -1e-30 0.0 1e-30 -1e-30 0.0 1e-30 -1e-30 0.0 -1e-30 -1e-30 0.0 -1e-30 -1e-30 0.0 -1e-30 -1e-30 0.0 -1e-30 -1e-30 0.0 -1e-30 -1e-30 0.0 -1e-30 -1e-30 0.0 -1e-30 -1e-30 0.0 -1e-30 1e-30 0.0 1e-30 -1e-30 0.0 1e-30 -1e-30 0.0 1e-30 -1e-30 0.0 1e-30 -1e-30 0.0 1e-30 -1e-30 0.0 1e-30 -1e-30 0.0 -1e-30 -1e-30 0.0 -1e-30 -1e-30 0.0 -1e-30 -1e-30 0.0 -1e-30 -1e-30 0.0 1e-30 1e-30 0.0 1e-30 -1e-30 0.0 1e-30 -1e-30 0.0 1e-30 -1e-30 0.0 1e-30 -1e-30 0.0 1e-30 -1e-30 0.0 1e-30 -1e-30 0.0 1e-30 -1e-30 0.0 1e-30 -1e-30 0.0 1e-30 -1e-30 0.0 1e-30 -1e-30 0.0 1e-30 1e-30 0.0 1e-30 -1e-30 0.0 1e-30 -1e-30 0.0 1e-30 -1e-30 0.0 1e-30 -1e-30 0.0 1e-30 -1e-30 0.0 1e-30 -1e-30 0.0 1e-30 -1e-30 0.0 1e-30 -1e-30 0.0 1e-30 -1e-30 0.0 1e-30 -1e-30 0.0 1e-30 1e-30 0.0 1e-30 -1e-30 0.0 1e-30 -1e-30 0.0 1e-30 -1e-30 0.0 1e-30 -1e-30 0.0 1e-30 -1e-30 0.0 1e-30 -1e-30 0.0 1e-30 -1e-30 0.0 1e-30 -1e-30 0.0 1e-30 -1e-30 0.0 1e-30 -1e-30 0.0 1e-30 1e-30 0.0 1e-30 -1e-30 0.0 1e-30 -1e-30 0.0 1e-30 -1e-30 0.0 1e-30 -1e-30 0.0 1e-30 -1e-30 0.0 1e-30 -1e-30 0.0 1e-30 -1e-30 0.0 1e-30 -1e-30 0.0 1e-30 -1e-30 0.0 1e-30 -1e-30 0.0 0.0 1e-30 0.0 1e-30 -1e-30 0.0 1e-30 -1e-30 0.0 1e-30 -1e-30 0.0 1e-30 -1e-30 0.0 1e-30 -1e-30 0.0 1e-30 -1e-30 0.0 1e-30 -1e-30 0.0 1e-30 -1e-30 0.0 1e-30 -1e-30 0.0 1e-30 -1e-30 0.0 1e-30 1e-30 0.0 1e-30 -1e-30 0.0 1e-30 -1e-30 0.0 1e-30 -1e-30 0.0 1e-30 -1e-30 0.0 1e-30 -1e-30 0.0 1e-30 -1e-30 0.0 1e-30 -1e-30 0.0 1e-30 -1e-30 0.0 1e-30 -1e-30 0.0 1e-30 -1e-30 0.0 1e-30 1e-30 0.0 1e-30 -1e-30 0.0 1e-30 -1e-30 0.0 1e-30 -1e-30 0.0 1e-30 -1e-30 0.0 1e-30 -1e-30 0.0 1e-30 -1e-30 0.0 1e-30 -1e-30 0.0 1e-30 -1e-30 0.0 1e-30 -1e-30 0.0 1e-30 -1e-30 0.0 1e-30 1e-30 0.0 1e-30 -1e-30 0.0 1e-30 -1e-30 0.0 1e-30 -1e-30 0.0 1e-30 -1e-30 0.0 1e-30 -1e-30 0.0 1e-30 -1e-30 0.0 1e-30 -1e-30 0.0 1e-30 -1e-30 0.0 1e-30 -1e-30 0.0 1e-30 -1e-30 0.0 1e-30 1e-30 0.0 1e-30 -1e-30 0.0 1e-30 -1e-30 0.0 1e-30 -1e-30 0.0 1e-30 -1e-30 0.0 1e-30 -1e-30 0.0 1e-30 -1e-30 0.0 1e-30 -1e-30 0.0 1e-30 -1e-30 0.0 1e-30 -1e-30 0.0 1e-30 -1e-30 0.0 1e-30 1e-30 0.0 1e-30 -1e-30 0.0 1e-30 -1e-30 0.0 1e-30 -1e-30 0.0 1e-30 -1e-30 0.0 1e-30 -1e-30 0.0 1e-30 -1e-30 0.0 1e-30 -1e-30 0.0 1e-30 -1e-30 0.0 1e-30 -1e-30 0.0 1e-30 -1e-30 0.0 1e-30 1e-30 0.0 1e-30 -1e-30 0.0 1e-30 -1e-30 0.0 1e-30 -1e-30 0.0 1e-30 -1e-30 0.0 1e-30 -1e-30 0.0 1e-30 -1e-30 0.0 1e-30 -1e-30 0.0 1e-30 -1e-30 0.0 1e-30 -1e-30 0.0 1e-30 -1e-30 0.0 1e-30 1e-30 0.0 1e-30 -1e-30 0.0 1e-30 -1e-30 0.0 1e-30 -1e-30 0.0 1e-30 -1e-30 0.0 1e-30 -1e-30 0.0 1e-30 -1e-30 0.0 1e-30 -1e-30 0.0 1e-30 -1e-30 0.0 1e-30 -1e-30 0.0 1e-30 -1e-30 0.0 1e-30 1e-30 0.0 1e-30 -1e-30 0.0 1e-30 -1e-30 0.0 1e-30 -1e-30 0.0 1e-30 -1e-30 0.0 1e-30 -1e-30 0.0 1e-30 -1e-30 0.0 1e-30 -1e-30 0.0 1e-30 -1e-30 0.0 1e-30 -1e-30 0.0 1e-30 -1e-30 0.0 1e-30 1e-30 0.0 1e-30 -1e-30 0.0 1e-30 -1e-30 0.0 1e-30 -1e-30 0.0 1e-30 -1e-30 0.0 1e-30 -1e-30 0.0 1e-30 -1e-30 0.0 1e-30 -1e-30 0.0 1e-30 -1e-30 0.0 1e-30 -1e-30 0.0 1e-30 -1e-30 0.0 1e-30 1e-30 0.0 1e-30 -1e-30 0.0 1e-30 -1e-30 0.0 1e-30 -1e-30 0.0 1e-30 -1e-30 0.0 1e-30 -1e-30 0.0 1e-30 -1e-30 0.0 1e-30 -1e-30 0.0 1e-30 -1e-30 0.0 1e-30 -1e-30 0.0 1e-30 -1e-30 0.0 1e-30 1e-30 0.0 1e-30 -1e-30 0.0 1e-30 -1e-30 0.0 1e-30 -1e-30 0.0 1e-30 -1e-30 0.0 1e-30 -1e-30 0.0 1e-30 -1e-30 0.0 1e-30 -1e-30 0.0 1e-30 -1e-30 0.0 1e-30 -1e-30 0.0 1e-30 -1e-30 0.0 1e-30 1e-30 0.0 1e-30 -1e-30 0.0 1e-30 -1e-30 0.0 1e-30 -1e-30 0.0 1e-30 -1e-30 0.0 1e-30 -1e-30 0.0 1e-30 -1e-30 0.0 1e-30 -1e-30 0.0 1e-30 -1e-30 0.0 1e-30 -1e-30 0.0 1e-30 -1e-30 0.0 1e-30 1e-30 0.0 1e-30 -1e-30 0.0 1e-30 -1e-30 0.0 1e-30 -1e-30 0.0 1e-30 -1e-30 0.0 1e-30 -1e-30 0.0 1e-30 -1e-30 0.0 1e-30 -1e-30 0.0 1e-30 -1e-30 0.0 1e-30 -1e-30 0.0 1e-30 -1e-30 0.0 1e-30 1e-30 0.0 1e-30 -1e-30 0.0 1e-30 -1e-30 0.0 1e-30 -1e-30 0.0 1e-30 -1e-30 0.0 1e-30 -1e-30 0.0 1e-30 -1e-30 0.0 1e-30 -1e-30 0.0 1e-30 -1e-30 0.0 1e-30 -1e-30 0.0 1e-30 -1e-30 0.0 1e-30 1e-30 0.0 1e-30 -1e-30 0.0 1e-30 -1e-30 0.0 1e-30 -1e-30 0.0 1e-30 -1e-30 0.0 1e-30 -1e-30 0.0 1e-30 -1e-30 0.0 1e-30 -1e-30 0.0 1e-30 -1e-30 0.0 1e-30 -1e-30 0.0 1e-30 -1e-30 0.0 1e-30 1e-30 0.0 1e-30 -1e-30 0.0 1e-30 -1e-30 0.0 1e-30 -1e-30 0.0 1e-30 -1e-30 0.0 1e-30 -1e-30 0.0 1e-30 -1e-30 0.0 1e-30 -1e-30 0.0 1e-30 -1e-30 0.0 1e-30 -1e-30 0.0 1e-30 -1e-30 0.0 1e-30 1e-30 0.0 1e-30 -1e-30 0.0 1e-30 -1e-30 0.0 1e-30 -1e-30 0.0 1e-30 -1e-30 0.0 1e-30 -1e-30 0.0 1e-30 -1e-30 0.0 1e-30 -1e-30 0.0 1e-30 -1e-30 0.0 1e-30 -1e-30 0.0 1e-30 -1e-30 0.0 1e-30 1e-30 0.0 1e-30 -1e-30 0.0 1e-30 -1e-30 0.0 1e-30 -1e-30 0.0 1e-30 -1e-30 0.0 1e-30 -1e-30 0.0 1e-30 -1e-30 0.0 1e-30 -1e-30 0.0 1e-30 -1e-30 0.0 1e-30 -1e-30 0.0 1e-30 -1e-30 0.0 1e-30 1e-30 0.0 1e-30 -1e-30 0.0 1e-30 -1e-30 0.0 1e-30 -1e-30 0.0 1e-30 -1e-30 0.0 1e-30 -1e-30 0.0 1e-30 -1e-30 0.0 1e-30 -1e-30 0.0 1e-30 -1e-30 0.0 1e-30 -1e-30 0.0 1e-30 -1e-30 0.0 1e-30 1e-30 0.0 1e-30 -1e-30 0.0 1e-30 -1e-30 0.0 1e-30 -1e-30 0.0 1e-30 -1e-30 0.0 1e-30 -1e-30 0.0 1e-30 -1e-30 0.0 1e-30 -1e-30 0.0 1e-30 -1e-30 0.0 1e-30 -1e-30 0.0 1e-30 -1e-30 0.0 1e-30 1e-30 0.0 1e-30 -1e-30 0.0 1e-30 -1e-30 0.0 1e-30 -1e-30 0.0 1e-30 -1e-30 0.0 1e-30 -1e-30 0.0 1e-30 -1e-30 0.0 1e-30 -1e-30 0.0 1e-30 -1e-30 0.0 1e-30 -1e-30 0.0 1e-30 -1e-30 0.0 1e-30 1e-30 0.0 1e-30 -1e-30 0.0 1e-30 -1e-30 0.0 1e-30 -1e-30 0.0 1e-30 -1e-30 0.0 1e-30 -1e-30 0.0 1e-30 -1e-30 0.0 1e-30 -1e-30 0.0 1e-30 -1e-30 0.0 1e-30 -1e-30 0.0 1e-30 -1e-30 0.0 1e-30 1e-30 0.0 1e-30 -1e-30 0.0 1e-30 -1e-30 0.0 1e-30 -1e-30 0.0 1e-30 -1e-30 0.0 1e-30 -1e-30 0.0 1e-30 -1e-30 0.0 1e-30 -1e-30 0.0 1e-30 -1e-30 0.0 1e-30 -1e-30 0.0 1e-30 -1e-30 0.0 1e-30 1e-30 0.0 1e-30 -1e-30 0.0 1e-30 -1e-30 0.0 1e-30 -1e-30 0.0 1e-30 -1e-30 0.0 1e-30 -1e-30 0.0 1e-30 -1e-30 0.0 1e-30 -1e-30 0.0 1e-30 -1e-30 0.0 1e-30 -1e-30 0.0 -1e-30 -1e-30 0.0 1e-30 1e-30 0.0
    </DataArray>
    <DataArray type="Float32" Name="Ion diffusion flux Density [Am^-2]" NumberOfComponents="3" format="ascii">
-5.5886386439106345e+22 1.1654939288184394e+24 0.0 -1.150484758963718e+24 1.545762969759264e+23 0.0 -3.842460633455363e+24 -1.904523627583127e+24 0.0 -7.077424722592677e+24 -4.4270427871754183e+24 0.0 -1.1713610497980396e+25 -7.531276757532162e+24 0.0 -1.855936921494258e+25 -1.4806251874599473e+25 0.0 -2.4480518370203095e+25 -2.4592699347716897e+25 0.0 -2.0903143652245638e+25 -2.614748126854549e+25 0.0 -8.022680564546209e+24 -1.3051605017752442e+25 0.0 -2.0351956197799768e+24 -1.303514006997095e+24 0.0 8.132023811842479e+23 2.4396071435532284e+24 0.0 5.095783268208601e+22 3.480516411302925e+23 0.0 -4.1197884681071536e+23 1.6173378286589986e+23 0.0 -1.7124437259313377e+24 -8.22241426943545e+23 0.0 -3.6604525025582196e+24 -2.520158972986349e+24 0.0 -6.637818555927246e+24 -4.917248255797611e+24 0.0 -1.0710888784638726e+25 -9.547807284208646e+24 0.0 -1.3682752143179489e+25 -1.466298261632668e+25 0.0 -1.0953989458769415e+25 -1.4056389024920945e+25 0.0 -3.9910386590127536e+24 -6.397699961756398e+24 0.0 -1.0015738824963815e+24 -2.8633274937612167e+23 0.0 6.057671871827441e+23 3.0288359359142244e+24 0.0 2.781451259147157e+21 5.885572906311534e+22 0.0 -1.7977377538869085e+23 5.024358638028257e+22 0.0 -8.931576534483896e+23 -3.1190503017049846e+23 0.0 -2.137101283614076e+24 -1.1248549001237094e+24 0.0 -4.1839099754770373e+24 -2.3030264158847099e+24 0.0 -6.395883165738544e+24 -3.8767708208240777e+24 0.0 -7.260980623069064e+24 -4.7283655009670915e+24 0.0 -5.088227105544068e+24 -3.3780867254851467e+24 0.0 -1.9292816513856845e+24 -1.2770965962184924e+24 0.0 -5.8018579634186156e+23 3.703824671881965e+23 0.0 5.869474972553308e+23 2.9347374862769225e+24 0.0 -1.237979305866512e+21 3.3628966378971144e+21 0.0 -2.8257049905573946e+22 2.019627251160687e+22 0.0 -2.0215647482001565e+23 -5.046632366949542e+22 0.0 -4.92096249758104e+23 -2.855678107626151e+23 0.0 -9.277266446468455e+23 -5.096457821637577e+23 0.0 -1.298623445518051e+24 -6.957959693812355e+23 0.0 -1.347366007313948e+24 -8.012915392361832e+23 0.0 -1.0475387552819127e+24 -5.824137724898689e+23 0.0 -6.867122342595145e+23 -1.315692548316415e+23 0.0 -4.732930714347452e+22 5.42392719280451e+23 0.0 3.4925851326859557e+23 1.7462925663431102e+24 0.0 -7.000995727152292e+20 -7.530332329697862e+20 0.0 -3.116608674329685e+21 4.6353384380861414e+21 0.0 -3.7101716754530837e+22 2.5909554775014297e+21 0.0 -7.71769816755644e+22 -2.4610355319578328e+22 0.0 -8.268429940934975e+22 -7.582983641526764e+22 0.0 -1.4478500457577569e+23 -1.4694453515176e+23 0.0 -1.7007710616071477e+23 -1.5795209323708172e+23 0.0 -1.2732208904011774e+23 -7.87016600129342e+22 0.0 -4.012876275586531e+22 7.640083345095535e+22 0.0 7.317784655755753e+22 2.8375752775845102e+23 0.0 1.5097144904793462e+23 7.548572452397222e+23 0.0 -3.5559191948304305e+20 -6.430378758939606e+20 0.0 -6.286048180642635e+20 1.260349855878164e+21 0.0 -5.552192608633745e+21 3.5550439954039686e+21 0.0 -1.826450341349361e+22 3.547708147292098e+20 0.0 -2.8413889575202675e+22 -1.1809425172084868e+22 0.0 -2.4098881523113093e+22 -2.570432505764714e+22 0.0 -5.363190514359609e+21 -2.568673379750353e+22 0.0 1.8550141297936975e+22 -2.067207153015459e+21 0.0 3.905445792757937e+22 4.396985577686111e+22 0.0 5.185211875245772e+22 1.0673498303040422e+23 0.0 5.26736535496341e+22 2.6336826774818073e+23 0.0 -1.7424633733699302e+20 -3.2077099539662366e+20 0.0 -2.091001327908851e+20 3.5595707851802496e+20 0.0 -1.3318031558575338e+21 1.3947648368026882e+21 0.0 -4.814642509101167e+21 1.748907542376045e+21 0.0 -8.855268841425508e+21 3.351381433651824e+20 0.0 -8.338299522354533e+21 -1.941830116951093e+21 0.0 -9.085307605998535e+20 -1.533968644472511e+21 0.0 1.0039852223294012e+22 4.806860301305652e+21 0.0 1.863773641912058e+22 1.7245437922539928e+22 0.0 2.1160410049416777e+22 3.4835550600601983e+22 0.0 1.6283757045094344e+22 8.141878522547442e+22 0.0 -7.837397816835024e+19 -1.3309354496723273e+20 0.0 -7.817574003165141e+19 1.0727836076231241e+20 0.0 -3.767140421228499e+20 5.119041592312774e+20 0.0 -1.3186817716299206e+21 9.682861363850232e+20 0.0 -2.6692126984717693e+21 1.256673822879677e+21 0.0 -3.122362741193667e+21 1.3330553248614588e+21 0.0 -1.4158922670299952e+21 1.789772632111101e+21 0.0 2.019433220431121e+21 3.4463967269015834e+21 0.0 5.230645492328324e+21 6.562786349186352e+21 0.0 6.594584480074952e+21 1.1238705393456567e+22 0.0 5.049145896602994e+21 2.5245729483016433e+22 0.0 -3.044551321094849e+19 -5.034204836603982e+19 0.0 -2.3491730421292106e+19 3.81670623856919e+19 0.0 -9.224359890609635e+19 2.0093628243279197e+20 0.0 -3.1878324124528856e+20 4.59352160349876e+20 0.0 -6.759291344299047e+20 7.96521973023053e+20 0.0 -8.712611614736759e+20 1.1346387179644676e+21 0.0 -5.155300000231791e+20 1.4848990815532454e+21 0.0 4.097770058685391e+20 1.9715868512607242e+21 0.0 1.4072887212303083e+21 2.715880587607266e+21 0.0 1.9711325399851317e+21 3.909459211958718e+21 0.0 1.6946445631538308e+21 8.47322281576961e+21 0.0 -1.0497252590923876e+19 -1.929780221158207e+19 0.0 -4.453222360191291e+18 1.6732930222545965e+19 0.0 -1.2209616481167426e+19 8.827011381901507e+19 0.0 -4.966054085691347e+19 2.1806759272433916e+20 0.0 -1.1267012942974994e+20 4.178020010291747e+20 0.0 -1.4255003344341487e+20 6.466699865343166e+20 0.0 -4.649213117160807e+19 8.532372823914834e+20 0.0 1.9531123175368435e+20 1.0229794609598495e+21 0.0 4.715471850207016e+20 1.196711681131506e+21 0.0 6.514280088465616e+20 1.4931326719370951e+21 0.0 6.24752455580033e+20 3.1237622779004165e+21 0.0 -3.62505078903464e+18 -8.425355244147494e+18 0.0 1.0354157486345565e+17 8.252386332685011e+18 0.0 3.415608017006607e+18 4.214594318780562e+19 0.0 4.008752448505725e+18 1.054322928624557e+20 0.0 3.821357906891401e+18 2.0761848074283604e+20 0.0 1.3257772777902004e+19 3.298122489685525e+20 0.0 5.014620721775662e+19 4.3695718068285414e+20 0.0 1.1797162206155933e+20 5.049281791834654e+20 0.0 1.9215376777212474e+20 5.4541198635976196e+20 0.0 2.442552090141828e+20 6.182055176266275e+20 0.0 2.510982567925776e+20 1.255491283963037e+21 0.0 -1.4690409370526198e+18 -4.332613796085107e+18 0.0 6.311725464836852e+17 4.2767148242913495e+18 0.0 3.9924305131503e+18 2.1288761457370935e+19 0.0 8.483588578041273e+18 5.241796359259109e+19 0.0 1.5395571056381233e+19 1.0310285113995346e+20 0.0 2.621804275584784e+19 1.645667396952894e+20 0.0 4.319503633723409e+19 2.180739768177695e+20 0.0 6.536188196420152e+19 2.4811154786487222e+20 0.0 8.65482327607574e+19 2.5751507610196247e+20 0.0 1.0190260604183772e+20 2.7472726968586702e+20 0.0 1.090785398089647e+20 5.4539269904489834e+20 0.0 -7.329291864968963e+17 -2.4969747885746796e+18 0.0 4.668150054735868e+17 2.3079389339384607e+18 0.0 2.6465172452417e+18 1.1317408769812976e+19 0.0 5.898625425407276e+18 2.7164340098045014e+19 0.0 1.1035173474330145e+19 5.278413622593202e+19 0.0 1.8040975882333379e+19 8.389493944986593e+19 0.0 2.6477435910308303e+19 1.1087384805633499e+20 0.0 3.50017061416026e+19 1.250991068429256e+20 0.0 4.169755285473174e+19 1.2703001668598483e+20 0.0 4.643451650451139e+19 1.3029900522095223e+20 0.0 5.085237192658317e+19 2.542618596329476e+20 0.0 -4.2000074824703885e+17 -1.5360556671876147e+18 0.0 2.955408702080977e+17 1.3036874864627753e+18 0.0 1.624906525082419e+18 6.331353015107166e+18 0.0 3.6268597716599685e+18 1.4777135022900074e+19 0.0 6.790938797358574e+18 2.8243130845941326e+19 0.0 1.0905738335784493e+19 4.450409187350498e+19 0.0 1.5308981431400956e+19 5.852623805165238e+19 0.0 1.902704100275474e+19 6.563077589155532e+19 0.0 2.133823907362562e+19 6.574610565275198e+19 0.0 2.281601133296132e+19 6.565160069287132e+19 0.0 2.5285801795127677e+19 1.2642900897565263e+20 0.0 -2.593101718425629e+17 -9.86694877952153e+17 0.0 1.861682705776786e+17 7.717756160214948e+17 0.0 1.0068684452526103e+18 3.7198053899267174e+18 0.0 2.2201028949270085e+18 8.442911610713523e+18 0.0 4.119613366735462e+18 1.5846501085145442e+19 0.0 6.519067521967554e+18 2.470125371240568e+19 0.0 8.91802715893426e+18 3.227569558141379e+19 0.0 1.0696612172938869e+19 3.5994127736973824e+19 0.0 1.154351452468782e+19 3.5720395075108446e+19 0.0 1.1970728546427113e+19 3.4992174959699165e+19 0.0 1.3340022061982034e+19 6.6700110309920375e+19 0.0 -1.6786708680692682e+17 -6.568264972359555e+17 0.0 1.2038535488774382e+17 4.7776888369145517e+17 0.0 6.422070594061164e+17 2.287701566803301e+18 0.0 1.3914497053204582e+18 5.055140311959124e+18 0.0 2.547823551467624e+18 9.31491365916069e+18 0.0 3.97499387790781e+18 1.4349992496445766e+19 0.0 5.337402710934988e+18 1.861484514809731e+19 0.0 6.252166852815917e+18 2.0649690038343533e+19 0.0 6.5719287320952e+18 2.03489924146301e+19 0.0 6.657337201781898e+18 1.965454710009578e+19 0.0 7.433068653699867e+18 3.716534326850731e+19 0.0 -1.1286286047627166e+17 -4.517366423564189e+17 0.0 8.038544626466507e+16 3.083067253509926e+17 0.0 4.233644132295412e+17 1.4677626337285038e+18 0.0 8.99660725265765e+17 3.1625042898518257e+18 0.0 1.622805425601154e+18 5.72375572474576e+18 0.0 2.4972158485178644e+18 8.712782758059621e+18 0.0 3.303255803902898e+18 1.121707433879244e+19 0.0 3.803263174142803e+18 1.237972142613445e+19 0.0 3.9226069263354496e+18 1.2131700200131322e+19 0.0 3.9019401042050007e+18 1.1593107598345163e+19 0.0 4.3567267823860705e+18 2.178363391193445e+19 0.0 -7.847970189049667e+16 -3.203465696037831e+17 0.0 5.544128365719328e+16 2.0674066382176912e+17 0.0 2.884980493647787e+17 9.792612759231218e+17 0.0 6.01139559792153e+17 2.0609895435824348e+18 0.0 1.0678262586457489e+18 3.6668946677676954e+18 0.0 1.6217296626753283e+18 5.516788218305826e+18 0.0 2.1180543437955763e+18 7.049081671815815e+18 0.0 2.4062971097313556e+18 7.741681801319026e+18 0.0 2.446625804446471e+18 7.551934771140655e+18 0.0 2.3991094720532014e+18 7.157334823164554e+18 0.0 2.676290103060145e+18 1.3381450515302894e+19 0.0 -5.62848590152738e+16 -2.338133475775002e+17 0.0 3.944918553162234e+16 1.4364023800260794e+17 0.0 2.0298587316773728e+17 6.773816466155063e+17 0.0 4.1497418959698675e+17 1.3950622325842153e+18 0.0 7.26172141841889e+17 2.442544804191787e+18 0.0 1.0892678327443173e+18 3.633815123876544e+18 0.0 1.406899656295137e+18 4.609269564180861e+18 0.0 1.5811756419046828e+18 5.03871209878185e+18 0.0 1.589914479118552e+18 4.896303660855737e+18 0.0 1.5413177279363384e+18 4.6105052289622835e+18 0.0 1.7170806022079299e+18 8.585403011041012e+18 0.0 -4.15395694405517e+16 -1.7532994181002976e+17 0.0 2.8911488402429536e+16 1.031215393324494e+17 0.0 1.4721888905519923e+17 4.844506658525677e+17 0.0 2.9557965516290054e+17 9.78050736081012e+17 0.0 5.099150164007486e+17 1.6870466108767265e+18 0.0 7.560889628537334e+17 2.483481323588943e+18 0.0 9.669792004070994e+17 3.128293777971696e+18 0.0 1.0770106740865175e+18 3.404921034613064e+18 0.0 1.0733896584521816e+18 3.29780855806423e+18 0.0 1.0310297973327507e+18 3.0893827090052854e+18 0.0 1.1468765542969696e+18 5.734382771485466e+18 0.0 -3.148251190472205e+16 -1.3483616134098451e+17 0.0 2.1782983519613564e+16 7.630201823337512e+16 0.0 1.098543405766406e+17 3.5728049680247136e+17 0.0 2.1686989045560362e+17 7.082901601327926e+17 0.0 3.691600559697715e+17 1.2050143709153743e+18 0.0 5.415573784699748e+17 1.7565087036955676e+18 0.0 6.865299219535428e+17 2.198160532266732e+18 0.0 7.588102560416275e+17 2.382904909613446e+18 0.0 7.50800527351869e+17 2.3014037474064742e+18 0.0 7.15771521656668e+17 2.1470839353524695e+18 0.0 7.950002993275407e+17 3.975001496638762e+18 0.0 -2.4455277896616664e+16 -1.0615869987124352e+17 0.0 1.6839715992215104e+16 5.8048818188053624e+16 0.0 8.417301841117434e+16 2.7104571950950154e+17 0.0 1.6359547707213734e+17 5.284854670172384e+17 0.0 2.750410739926656e+17 8.878080798203648e+17 0.0 3.9953449003506566e+17 1.2823965129606228e+18 0.0 5.024974651319165e+17 1.595122271940647e+18 0.0 5.517443290475827e+17 1.722771837060524e+18 0.0 5.426536984468173e+17 1.659768496173008e+18 0.0 5.14151060602991e+17 1.5433357085533568e+18 0.0 5.7025334790568026e+17 2.8512667395293435e+18 0.0 -1.9434579764150844e+16 -8.541944453172397e+16 0.0 1.3331618015582374e+16 4.530455474337615e+16 0.0 6.609640190429086e+16 2.1102982656269875e+17 0.0 1.2663054746445832e+17 4.053003456299455e+17 0.0 2.104747223357134e+17 6.730368174702785e+17 0.0 3.030013028397146e+17 9.640643737578556e+17 0.0 3.7838788971010797e+17 1.1924627246847424e+18 0.0 4.130908233211981e+17 1.2835196993019287e+18 0.0 4.0424651090620755e+17 1.2339510606354568e+18 0.0 3.810632648744485e+17 1.1443057979899448e+18 0.0 4.220962665736961e+17 2.110481332869048e+18 0.0 -1.5773206301588096e+16 -7.012738787692297e+16 0.0 1.0788145962048054e+16 3.619618474476244e+16 0.0 5.3088654617826536e+16 1.6825610075092586e+17 0.0 1.003817032947599e+17 3.1875315145762835e+17 0.0 1.651074267450865e+17 5.237671217545103e+17 0.0 2.357453054178845e+17 7.445236977992378e+17 0.0 2.9252372264575616e+17 9.161922333481153e+17 0.0 3.177505111251369e+17 9.831085115542884e+17 0.0 3.096286699895313e+17 9.433987487717399e+17 0.0 2.906358050703451e+17 8.729521150192867e+17 0.0 3.215593172313618e+17 1.6077965861572672e+18 0.0 -1.3052333557458314e+16 -5.86484731194771e+16 0.0 8907352410957088.0 2.954588355364972e+16 0.0 4.353607879602835e+16 1.3710175354998598e+17 0.0 8.13390224693069e+16 2.5653056359807056e+17 0.0 1.3251331746410328e+17 4.175063923518764e+17 0.0 1.8779845346491158e+17 5.893471940358967e+17 0.0 2.316950389818038e+17 7.218449454707757e+17 0.0 2.5056751249701802e+17 7.724008080954322e+17 0.0 2.432819255391616e+17 7.400171450510728e+17 0.0 2.275512954736222e+17 6.835416519232175e+17 0.0 2.515067400751516e+17 1.2575337003758523e+18 0.0 -847708193722137.1 -3.466816285613843e+16 0.0 -707029499677670.4 2.209772808295944e+16 0.0 -1596856723205505.2 1.0182728658875482e+17 0.0 -3032761945463832.0 1.884299618013731e+17 0.0 -4785385077304747.0 3.039850800859098e+17 0.0 -6171936484161733.0 4.26208693360362e+17 0.0 -6337447510923617.0 5.194141658349237e+17 0.0 -4902464038875827.0 5.537698295179191e+17 0.0 -2430117904204370.5 5.290644180700368e+17 0.0 -241784000758272.5 4.8731494536338976e+17 0.0 0.0 1.4105175709906442e+18 0.0 7713421383973059.0 -4.253702004362481e+16 0.0 -7623064060976739.0 2.1248150679840364e+16 0.0 -3.365114672033263e+16 9.735075215687402e+16 0.0 -6.169975406837478e+16 1.7834589255396246e+17 0.0 -9.866151560893347e+16 2.854349724402494e+17 0.0 -1.3709531255483685e+17 3.977749669901533e+17 0.0 -1.6547839602042125e+17 4.826159539370183e+17 0.0 -1.7454244769973658e+17 5.129389927748038e+17 0.0 -1.6476015694502205e+17 4.8894533284772774e+17 0.0 -1.4998237608944253e+17 4.493637606210772e+17 0.0 -1.6501626492055424e+17 8.250813246030468e+17 0.0 6837345911477839.0 -3.73270981638352e+16 0.0 -6508887911166788.0 1.8268206143773104e+16 0.0 -2.8811995999066204e+16 8.367917039481726e+16 0.0 -5.2335971763455384e+16 1.5190043074723568e+17 0.0 -8.31006431861117e+16 2.4139527151824266e+17 0.0 -1.1491592689475515e+17 3.346859056582506e+17 0.0 -1.3832504851505786e+17 4.047207635501206e+17 0.0 -1.4576787357718512e+17 4.2937528177530624e+17 0.0 -1.376563344341282e+17 4.089892039851868e+17 0.0 -1.2536432029220888e+17 3.756259048414055e+17 0.0 -1.3785742514095744e+17 6.892871257050099e+17 0.0 6133015964932453.0 -3.3179581827856044e+16 0.0 -5644866128290741.0 1.5943678398198838e+16 0.0 -2.5055255635951532e+16 7.302286362757043e+16 0.0 -4.513201824049506e+16 1.3146749747282227e+17 0.0 -7.120944785546655e+16 2.0759599445048195e+17 0.0 -9.80441038958722e+16 2.864997123167292e+17 0.0 -1.1772173588102587e+17 3.4541231646475885e+17 0.0 -1.239510330558809e+17 3.658616544818466e+17 0.0 -1.1709705388489523e+17 3.482698024016451e+17 0.0 -1.0668774671055238e+17 3.196888182626794e+17 0.0 -1.172732313054753e+17 5.863661565276883e+17 0.0 5561049420202604.0 -2.984080100633879e+16 0.0 -4965464978653629.0 1.4106106019545318e+16 0.0 -2.2097894806392388e+16 6.460427464276459e+16 0.0 -3.950679096832335e+16 1.1545225695405144e+17 0.0 -6.198041456068662e+16 1.8126440555817728e+17 0.0 -8.500343567842448e+16 2.491234548932106e+17 0.0 -1.0183380072712454e+17 2.99539857505025e+17 0.0 -1.0713968725619403e+17 3.16814450737548e+17 0.0 -1.0124900001632338e+17 3.0141623069883475e+17 0.0 -9.228860311651125e+16 2.7656432804552323e+17 0.0 -1.014157003563972e+17 5.0707850178203744e+17 0.0 5092360409387356.0 -2.7125934969300796e+16 0.0 -4424507251377162.0 1.2635975527924e+16 0.0 -1.9740493293720332e+16 5.787258934659476e+16 0.0 -3.5055301789039796e+16 1.0273679067224808e+17 0.0 -5.4716908021352856e+16 1.6047212709964256e+17 0.0 -7.477830999495208e+16 2.1972618646157514e+17 0.0 -8.940251690712232e+16 2.635531783167191e+17 0.0 -9.399512145938421e+16 2.783924362435838e+17 0.0 -8.885397173892677e+16 2.647375673985284e+17 0.0 -8.102489203734118e+16 2.428304762710084e+17 0.0 -8.901895074229614e+16 4.450947537117579e+17 0.0 4705195740162282.0 -2.489846437786804e+16 0.0 -3988915505213397.5 1.144713264541384e+16 0.0 -1.7840175042079566e+16 5.243124654984451e+16 0.0 -3.149030483253929e+16 9.252407010383253e+16 0.0 -4.892843343495619e+16 1.4385430560498237e+17 0.0 -6.665706789975262e+16 1.9631449201435453e+17 0.0 -7.954808895434482e+16 2.3496056676057907e+17 0.0 -8.358216582503538e+16 2.4790450451879773e+17 0.0 -7.903244818335136e+16 2.356505454001175e+17 0.0 -7.209831483406309e+16 2.160958294257476e+17 0.0 -7.919943406975e+16 3.9599717034906445e+17 0.0 4383092506920529.5 -2.3056241538831668e+16 0.0 -3634630469648754.0 1.0476539883488282e+16 0.0 -1.629297510813354e+16 4.7990407630497544e+16 0.0 -2.860472067023331e+16 8.423681226744738e+16 0.0 -4.426377973364241e+16 1.3042906878623614e+17 0.0 -6.0132414907466536e+16 1.7746115937943776e+17 0.0 -7.164486732330653e+16 2.1198351365155187e+17 0.0 -7.523619587224805e+16 2.234330815789074e+17 0.0 -7.115900510326428e+16 2.12316084498817e+17 0.0 -6.494117812160038e+16 1.9466008386371344e+17 0.0 -7.13296292777381e+16 3.566481463889596e+17 0.0 4113454741565399.5 -2.152191194141552e+16 0.0 -3343901379161600.0 9677431183749322.0 0.0 -1.502214538913392e+16 4.433524982317955e+16 0.0 -2.6246991260271276e+16 7.745072241406045e+16 0.0 -4.046751457328704e+16 1.1947928952135245e+17 0.0 -5.4836938799416344e+16 1.621284389260684e+17 0.0 -6.524074462076279e+16 1.9333254223979155e+17 0.0 -6.8477239044357896e+16 2.0359007342888643e+17 0.0 -6.478176923912376e+16 1.934040063190601e+17 0.0 -5.914328949722976e+16 1.7729482089958755e+17 0.0 -6.495659455980537e+16 3.2478297279925677e+17 0.0 3886544692428278.5 -2.0236241997573584e+16 0.0 -3103456915156595.0 9014661650424524.0 0.0 -1.3970268363613732e+16 4.130447037606918e+16 0.0 -2.4304630906234844e+16 7.184968318216938e+16 0.0 -3.735116090141469e+16 1.1047379867470515e+17 0.0 -5.050058890353473e+16 1.495508666439036e+17 0.0 -6.000412750213386e+16 1.780590572460897e+17 0.0 -6.295348447616306e+16 1.873558555717696e+17 0.0 -5.9569395844225864e+16 1.7793796383293434e+17 0.0 -5.440384042486255e+16 1.6309926907089475e+17 0.0 -5.974846693672603e+16 2.987423346837697e+17 0.0 3694759651825045.0 -1.9153393553153908e+16 0.0 -2903252978168469.0 8461505652225443.0 0.0 -1.3093855079850436e+16 3.877549063176953e+16 0.0 -2.269306666044386e+16 6.719519578266607e+16 0.0 -3.4773776569376876e+16 1.0301402358869176e+17 0.0 -4.692215385358232e+16 1.3915627956842595e+17 0.0 -5.5688446197401704e+16 1.6545578228633603e+17 0.0 -5.840349072440206e+16 1.739712470479999e+17 0.0 -5.527557135885793e+16 1.6519150007614973e+17 0.0 -5.0499193974439096e+16 1.5140377779215738e+17 0.0 -5.545870687083809e+16 2.772935343543123e+17 0.0 3532114330451622.0 -1.82375572413458e+16 0.0 -2735601110220381.5 7997415694416732.0 0.0 -1.2359590231087342e+16 3.6654125830283816e+16 0.0 -2.1347950610341372e+16 6.3305229113097464e+16 0.0 -3.2628661919771964e+16 9.679729159765243e+16 0.0 -4.3949820925312456e+16 1.3051174196435086e+17 0.0 -5.210801657756487e+16 1.5498879230728048e+17 0.0 -5.463049380346175e+16 1.628638810294971e+17 0.0 -5.171486618870339e+16 1.5461726515520186e+17 0.0 -4.726097330463576e+16 1.4170417626526022e+17 0.0 -5.190181201143368e+16 2.5950906005742016e+17 0.0 3393858900811382.0 -1.7460513997393164e+16 0.0 -2594554628292426.0 7606435729413015.0 0.0 -1.1741686223287504e+16 3.4867276191908776e+16 0.0 -2.0219787701828184e+16 6.003937589762437e+16 0.0 -3.083412690209014e+16 9.159123105921187e+16 0.0 -4.146772569146158e+16 1.2328598328504627e+17 0.0 -4.912137441956417e+16 1.4625042744767536e+17 0.0 -5.148467675091011e+16 1.5359727223122483e+17 0.0 -4.874606044870976e+16 1.4579809235713168e+17 0.0 -4.456093269984818e+16 1.3361646029589989e+17 0.0 -4.893656926966157e+16 2.4468284634854493e+17 0.0 3276197890536839.0 -1.6799852860573886e+16 0.0 -2475470558761761.0 7276063352491762.0 0.0 -1.1219994723319388e+16 3.3357690952280308e+16 0.0 -1.92701312512097e+16 5.728829924979635e+16 0.0 -2.9326989278937544e+16 8.72156740371541e+16 0.0 -3.938651537175941e+16 1.172229488594863e+17 0.0 -4.661960616993024e+16 1.3892622192277414e+17 0.0 -4.885076205486453e+16 1.4583509569372246e+17 0.0 -4.626047145893793e+16 1.3841271064682869e+17 0.0 -4.230036418872689e+16 1.2684506851384846e+17 0.0 -4.645434077408304e+16 2.322717038706741e+17 0.0 3176080322502556.0 -1.623765505891527e+16 0.0 -2374693307001347.5 6996424472944527.0 0.0 -1.0778642721962772e+16 3.2080173819987532e+16 0.0 -1.8468855035954096e+16 5.496613857161009e+16 0.0 -2.8057937210857536e+16 8.352970247231942e+16 0.0 -3.763664150257605e+16 1.1212293819059054e+17 0.0 -4.451807013289311e+16 1.3277137599998264e+17 0.0 -4.663921295298132e+16 1.3931580561981186e+17 0.0 -4.417367403720728e+16 1.3221140224609424e+17 0.0 -4.0402583905117864e+16 1.2116038385577427e+17 0.0 -4.437076203706334e+16 2.218538101854191e+17 0.0 3091043293845356.0 -1.5759512314131446e+16 0.0 -2289323842958718.5 6759668724433098.0 0.0 -1.0405036552349616e+16 3.099880357765617e+16 0.0 -1.7792174762815182e+16 5.3004983794326184e+16 0.0 -2.6988182322232932e+16 8.042226903909651e+16 0.0 -3.616353492427681e+16 1.0782899600002416e+17 0.0 -4.2750451658338936e+16 1.275938188232119e+17 0.0 -4.477991827528753e+16 1.3383438778479846e+17 0.0 -4.241955389725355e+16 1.2699851066902091e+17 0.0 -3.880753708240991e+16 1.1638258018871002e+17 0.0 -4.261978631551707e+16 2.1309893157778755e+17 0.0 3019093106481349.0 -1.5353793948453648e+16 0.0 -2217049085467943.2 6559520610737129.0 0.0 -1.008912730248e+16 3.0084878422079852e+16 0.0 -1.7221197948072156e+16 5.135081365969648e+16 0.0 -2.6087017902211444e+16 7.780533478068514e+16 0.0 -3.49240964559323e+16 1.0421698760471411e+17 0.0 -4.126444693159421e+16 1.2324188276064891e+17 0.0 -4.321761050543035e+16 1.2922909574697086e+17 0.0 -4.094599271168365e+16 1.2261973433362776e+17 0.0 -3.746788180348674e+16 1.1236989722056915e+17 0.0 -4.11493642489049e+16 2.057468212446372e+17 0.0 2958612936823615.0 -1.5011085175497378e+16 0.0 -2156015574688805.5 6390946275024523.0 0.0 -9822864175232402.0 2.931538254865366e+16 0.0 -1.674085108723325e+16 4.9960483134934776e+16 0.0 -2.533002011795524e+16 7.560880106774443e+16 0.0 -3.388411906607386e+16 1.0118829149304006e+17 0.0 -4.001859734374557e+16 1.1959524563330888e+17 0.0 -4.190850699356726e+16 1.2537171499135186e+17 0.0 -3.97117046116713e+16 1.1895280549953926e+17 0.0 -3.634611790220108e+16 1.090100448571393e+17 0.0 -3.991827836535673e+16 1.9959139182701766e+17 0.0 2908294884667482.5 -1.472376392077879e+16 0.0 -2104734356277924.2 6249901931100469.0 0.0 -9599784555078454.0 2.8671833952988924e+16 0.0 -1.6339079518851608e+16 4.879947178034901e+16 0.0 -2.4697711797605184e+16 7.377673677708251e+16 0.0 -3.30163781092133e+16 9.866437489077318e+16 0.0 -3.897994784035182e+16 1.1655821954110613e+17 0.0 -4.0817826256567816e+16 1.2216035604076522e+17 0.0 -3.8683896874039096e+16 1.1590059377061826e+17 0.0 -3.5412464073989244e+16 1.0621384778332901e+17 0.0 -3.889380374995181e+16 1.9446901875005555e+17 0.0 2867086545146582.0 -1.4485676338601838e+16 0.0 -2062009269398899.0 6133143829112439.0 0.0 -9414704773062192.0 2.8139413933054776e+16 0.0 -1.6006246843577612e+16 4.7840190880872104e+16 0.0 -2.4174563170677824e+16 7.226455210758254e+16 0.0 -3.229920675297134e+16 9.658274094493342e+16 0.0 -3.8122302777434696e+16 1.1405474512627371e+17 0.0 -3.99179394675571e+16 1.1951408435493683e+17 0.0 -3.7836528416600296e+16 1.1338596966382688e+17 0.0 -3.464327755823574e+16 1.0391051452374406e+17 0.0 -3.8049967420602984e+16 1.9024983710316982e+17 0.0 2834150161082274.0 -1.429188807788075e+16 0.0 -2026882628941233.8 6038084226271163.0 0.0 -9263485948093928.0 2.7706307390293972e+16 0.0 -1.573468220031964e+16 4.706070617285884e+16 0.0 -2.374824112859036e+16 7.1036873316358376e+16 0.0 -3.17154282072842e+16 9.489388835580864e+16 0.0 -3.742492065220431e+16 1.1202464224530118e+17 0.0 -3.918698786308546e+16 1.1736890156633408e+17 0.0 -3.714900746385997e+16 1.1134796246274464e+17 0.0 -3.4019872576152324e+16 1.0204410038165749e+17 0.0 -3.736624745706883e+16 1.8683123728541648e+17 0.0 2808831577419667.5 -1.4138494190444568e+16 0.0 -1998594006255343.5 5962682218388850.0 0.0 -9142856611964756.0 2.736320314964981e+16 0.0 -1.5518338773680344e+16 4.6443774258151624e+16 0.0 -2.3409044736933892e+16 7.0065944202266024e+16 0.0 -3.1251554560334464e+16 9.355902921025866e+16 0.0 -3.687153591350993e+16 1.1042079951884189e+17 0.0 -3.860784743858393e+16 1.1567473570032629e+17 0.0 -3.6605216622016264e+16 1.0973888389471762e+17 0.0 -3.3527636127309796e+16 1.0057086070174669e+17 0.0 -3.682659991337587e+16 1.8413299956697507e+17 0.0 2790636894870464.0 -1.4022474932509238e+16 0.0 -1976549035790750.2 5905361455480691.0 0.0 -9050278915541744.0 2.7102917643274388e+16 0.0 -1.535253716859232e+16 4.597611942145606e+16 0.0 -2.3149482286308436e+16 6.9330429616939896e+16 0.0 -3.0897187891102744e+16 9.254838438781326e+16 0.0 -3.64496286842394e+16 1.0920707781796896e+17 0.0 -3.816735665617544e+16 1.1439319743557877e+17 0.0 -3.6192786174766024e+16 1.0852218480196821e+17 0.0 -3.3155369317618372e+16 9.94572794541201e+16 0.0 -3.6418734225715144e+16 1.8209367112870768e+17 0.0 2779215392547658.0 -1.3941588213301146e+16 0.0 -1960296039367871.8 5864949031079492.0 0.0 -8983848946085496.0 2.6920115723655652e+16 0.0 -1.523377482714818e+16 4.564789871459672e+16 0.0 -2.2963957960920476e+16 6.881453246084382e+16 0.0 -3.064457747186951e+16 9.183992759207371e+16 0.0 -3.614988601842735e+16 1.083567674085307e+17 0.0 -3.785574750654819e+16 1.1349593005618558e+17 0.0 -3.5902559306036444e+16 1.0767087955857518e+17 0.0 -3.2894803300785376e+16 9.867862073228882e+16 0.0 -3.613358094896187e+16 1.8066790474488854e+17 0.0 2774347697842957.5 -1.3894292080410718e+16 0.0 -1949508884816875.5 5840631455720078.0 0.0 -8942224412066292.0 2.6811109883530788e+16 0.0 -1.5159588195014892e+16 4.545231823432e+16 0.0 -2.2848545834538668e+16 6.850736148213028e+16 0.0 -3.048830110207761e+16 9.141848734069259e+16 0.0 -3.5965814937395468e+16 1.078514858824147e+17 0.0 -3.766623782613812e+16 1.1296343179030856e+17 0.0 -3.572820974736122e+16 1.0716642213046334e+17 0.0 -3.274025399718435e+16 9.82178959248414e+16 0.0 -3.5964912332537184e+16 1.7982456166284112e+17 0.0 -5613350424262.051 -1.9431569618564856e+16 0.0 -2224492221399236.0 6665618311667907.0 0.0 -1.0205045641920972e+16 3.0599648973560696e+16 0.0 -1.729906460025555e+16 5.187087943923614e+16 0.0 -2.607169792316545e+16 7.817701314696462e+16 0.0 -3.4787974696809684e+16 1.0431774890182426e+17 0.0 -4.103744767754579e+16 1.2306662482425667e+17 0.0 -4.297796942258579e+16 1.2889881193825197e+17 0.0 -4.0767593837105384e+16 1.2228466946051211e+17 0.0 -3.735917966020847e+16 1.1207468704077266e+17 0.0 -6.284090505722054e+16 1.8852271517201565e+17 0.0
    </DataArray>
    <DataArray type="Float32" Name="Ion drift flux Density [Am^-2]" NumberOfComponents="3" format="ascii">
-9.50729961178162e+31 6.019909633909243e+33 0.0 3.720309448069149e+33 1.7297397307169693e+34 0.0 8.893051792553208e+33 4.4450746886558105e+34 0.0 1.4234332355150725e+34 6.568682458033882e+34 0.0 2.3050812928751957e+34 9.407763472864339e+34 0.0 3.828572725962258e+34 1.3265828993400022e+35 0.0 5.848687559040867e+34 1.718918682583523e+35 0.0 6.808458621541056e+34 1.7953071688852983e+35 0.0 5.734173650704649e+34 1.4817035856751043e+35 0.0 4.844186658731178e+34 1.324112356334538e+35 0.0 7.433124748504401e+34 2.2299374245515117e+35 0.0 3.516340797916763e+32 1.8976898211792356e+33 0.0 1.4689399444380056e+33 6.423284942297591e+33 0.0 4.2755893854918e+33 2.0291455092170735e+34 0.0 7.655874251146476e+33 3.3527440279375164e+34 0.0 1.3422358715258288e+34 5.133924436256526e+34 0.0 2.311951379625301e+34 7.511410960026883e+34 0.0 3.4997500321344752e+34 9.857291730190918e+34 0.0 4.072127884683763e+34 1.0563293308162126e+35 0.0 3.7235200335634317e+34 9.61149492830443e+34 0.0 3.2264540853393875e+34 8.824186538859637e+34 0.0 3.384893198257923e+34 1.692446599129072e+35 0.0 7.918984199823038e+31 4.489989210176336e+32 0.0 2.0119134408125544e+32 1.1984357656992758e+33 0.0 6.539393344697582e+32 5.11638605098519e+33 0.0 1.6475468738761834e+33 9.549742119654813e+33 0.0 3.920367401128146e+33 1.5541377963319919e+34 0.0 8.122429201322278e+33 2.373419634126296e+34 0.0 1.325243282061889e+34 3.2083596663134094e+34 0.0 1.7760428715265872e+34 3.9695407098301975e+34 0.0 2.0359395641216971e+34 4.6367575939607965e+34 0.0 1.7363748321892882e+34 4.378720538801247e+34 0.0 1.8412756199979977e+34 9.206378099990407e+34 0.0 2.368458262854259e+31 1.3107779621548425e+32 0.0 4.19772634156294e+31 2.0895159441870262e+32 0.0 2.0023742899209064e+32 1.2049020969822848e+33 0.0 5.9250328458993534e+32 2.586708894551445e+33 0.0 1.3468154050166045e+33 4.034265051848862e+33 0.0 2.9164275570849584e+33 6.770358083547432e+33 0.0 4.945455849302968e+33 1.0074756178589663e+34 0.0 6.80690804531906e+33 1.3470530096777147e+34 0.0 7.780581035762568e+33 1.625448293374987e+34 0.0 7.225927777695689e+33 1.7208798216145913e+34 0.0 7.838694310863732e+33 3.919347155432045e+34 0.0 8.431254506527611e+30 4.613169222315485e+31 0.0 1.3052743195698635e+31 5.378802029954008e+31 0.0 6.651927177123271e+31 2.9056942823531476e+32 0.0 2.4711055498406866e+32 8.420312152723998e+32 0.0 6.496532490916224e+32 1.6305257510808043e+33 0.0 1.238505587734961e+33 2.5475618586582423e+33 0.0 1.916307812730918e+33 3.5816961271404843e+33 0.0 2.534129144382944e+33 4.7003927146514104e+33 0.0 2.8653530975991916e+33 5.695756645090992e+33 0.0 2.703513983140434e+33 6.245396162486866e+33 0.0 2.933240143700369e+33 1.4666200718502515e+34 0.0 3.1748320207908823e+30 1.7594981764886633e+31 0.0 4.4158949833650045e+30 1.6626150728154414e+31 0.0 2.3159723462586336e+31 8.584248084465643e+31 0.0 8.734876910539236e+31 2.730696257525708e+32 0.0 2.4128594607439093e+32 5.959298318266632e+32 0.0 4.905971700659609e+32 1.0061377840272921e+33 0.0 7.766363102295953e+32 1.4434995653280687e+33 0.0 1.0075746435798407e+33 1.8502725900110879e+33 0.0 1.0952537743248183e+33 2.151850992271339e+33 0.0 9.933220280016517e+32 2.2752962739006377e+33 0.0 1.0373267501541382e+33 5.186633750770849e+33 0.0 1.1886677122460704e+30 6.79747043537923e+30 0.0 1.4999351585944071e+30 5.478145222799439e+30 0.0 7.714665663009773e+30 2.681026937496423e+31 0.0 2.8738551530793165e+31 8.79241273779827e+31 0.0 8.0823144614029255e+31 2.0677387025112778e+32 0.0 1.7323065336824217e+32 3.763669662635213e+32 0.0 2.8833884148485673e+32 5.653294414200835e+32 0.0 3.829558924415633e+32 7.309449024209555e+32 0.0 4.1348297561597866e+32 8.313425906306005e+32 0.0 3.639127401250968e+32 8.421853849374968e+32 0.0 3.619346226135149e+32 1.8096731130676222e+33 0.0 4.340539950603181e+29 2.5658950440658474e+30 0.0 5.040696483598447e+29 1.824343655923823e+30 0.0 2.5170583106416763e+30 8.522133009771007e+30 0.0 9.256480953717601e+30 2.8367989915382637e+31 0.0 2.609264128602092e+31 7.004228651320416e+31 0.0 5.732617091989355e+31 1.3474979721477563e+32 0.0 9.902907650857429e+31 2.1124488247157303e+32 0.0 1.3587183981997933e+32 2.788247939203844e+32 0.0 1.4936690541301936e+32 3.1641191961846824e+32 0.0 1.3181354211469807e+32 3.1381809420426922e+32 0.0 1.2861820317228246e+32 6.43091015861441e+32 0.0 1.6582576193384657e+29 9.814627987743059e+29 0.0 1.7924105445196194e+29 6.364392848067248e+29 0.0 8.58382513128182e+29 2.8540919700606936e+30 0.0 3.104515499078302e+30 9.559361508946685e+30 0.0 8.709177726122335e+30 2.4380736112891407e+31 0.0 1.9267142976393525e+31 4.879797308885472e+31 0.0 3.388666417062622e+31 7.9090199838553965e+31 0.0 4.758660281437876e+31 1.0651598337559776e+32 0.0 5.349082166908993e+31 1.2149958589133803e+32 0.0 4.821241329747728e+31 1.1969058800544849e+32 0.0 4.774378963685162e+31 2.3871894818426768e+32 0.0 7.253061752103101e+28 4.129140531629224e+29 0.0 7.38455387808097e+28 2.5262347376883215e+29 0.0 3.327781876830179e+29 1.0838383452447644e+30 0.0 1.1654585829862322e+30 3.591431963107888e+30 0.0 3.2081666341945633e+30 9.254468953543116e+30 0.0 7.024195770469599e+30 1.887542122314888e+31 0.0 1.233391204099077e+31 3.1146631365740074e+31 0.0 1.7443599895164973e+31 4.244841092855223e+31 0.0 1.9899461408485088e+31 4.862005366736183e+31 0.0 1.8380399106941184e+31 4.781878933741838e+31 0.0 1.8820244151572026e+31 9.410122075786568e+31 0.0 3.698555494048825e+28 2.003703720096026e+29 0.0 3.576104166466075e+28 1.1739792324185141e+29 0.0 1.4964419566800381e+29 4.772445116424275e+29 0.0 4.989905752940862e+29 1.5343565469778353e+30 0.0 1.3273946824890326e+30 3.906143876455269e+30 0.0 2.83615724584435e+30 7.955751877087665e+30 0.0 4.9030669957540306e+30 1.316369706855613e+31 0.0 6.895133668926871e+30 1.7988018386461789e+31 0.0 7.912536956235119e+30 2.0621994676899364e+31 0.0 7.465456030214528e+30 2.0281677795526968e+31 0.0 7.93491198854476e+30 3.967455994272722e+31 0.0 2.0875897238835965e+28 1.094159184831587e+29 0.0 1.9260481537421333e+28 6.131327248073e+28 0.0 7.497186927153034e+28 2.3515433080634963e+29 0.0 2.367658487620355e+29 7.261800573446447e+29 0.0 6.049466817805295e+29 1.8039289478342333e+30 0.0 1.2546987732692796e+30 3.62635271952814e+30 0.0 2.125023184144386e+30 5.963298700847837e+30 0.0 2.9565004951162807e+30 8.12753471703796e+30 0.0 3.3965662787838473e+30 9.310816946199627e+30 0.0 3.2596114450191626e+30 9.167870704148857e+30 0.0 3.5796283853662693e+30 1.789814192683312e+31 0.0 1.2481763810886606e+28 6.442222304671953e+28 0.0 1.1029084179141694e+28 3.447939502930293e+28 0.0 4.029814219038827e+28 1.2503093042556586e+29 0.0 1.2097700431881996e+29 3.703963364384347e+29 0.0 2.97356134409311e+29 8.946180540795069e+29 0.0 5.993156877513745e+29 1.7675160627309598e+30 0.0 9.951422897920671e+29 2.8786420796648517e+30 0.0 1.369612381652024e+30 3.905604783284031e+30 0.0 1.5729449936450835e+30 4.469990245900199e+30 0.0 1.5297458843321753e+30 4.4111853561712726e+30 0.0 1.7224807556333183e+30 8.612403778167363e+30 0.0 7.785180491295093e+27 3.991700001635039e+28 0.0 6.608248120274443e+27 2.045795768526143e+28 0.0 2.285397291794016e+28 7.0453573232415915e+28 0.0 6.560329568273799e+28 2.0066761923062795e+29 0.0 1.5576040086370847e+29 4.7137404006156576e+29 0.0 3.0602746242782356e+29 9.145777950321778e+29 0.0 4.994186721211189e+29 1.4737941948129352e+30 0.0 6.809534970410083e+29 1.9895335809576542e+30 0.0 7.816437575003792e+29 2.2753266516213784e+30 0.0 7.680356836377924e+29 2.2519042770789582e+30 0.0 8.802775007372922e+29 4.4013875036868173e+30 0.0 5.042946322713604e+27 2.5766898029149433e+28 0.0 4.1259486049760155e+27 1.2703406301580968e+28 0.0 1.3591302989583756e+28 4.174095252765241e+28 0.0 3.7501494315494137e+28 1.1464841765418238e+29 0.0 8.635743207896674e+28 2.6231104491519293e+29 0.0 1.659196290891119e+29 5.0002401032440464e+29 0.0 2.6676140787606227e+29 7.972370638126531e+29 0.0 3.608797905618021e+29 1.0707742517309969e+30 0.0 4.140441034749387e+29 1.2238590391296712e+30 0.0 4.100537935409571e+29 1.2150825211814081e+30 0.0 4.757147670241102e+29 2.3785738351208117e+30 0.0 3.383850019873204e+27 1.7248277722601373e+28 0.0 2.678741194632902e+27 8.219151603250223e+27 0.0 8.447442640412755e+27 2.5880812193888973e+28 0.0 2.250158189877693e+28 6.875942491409011e+28 0.0 5.04284860823185e+28 1.5350464766284761e+29 0.0 9.49985700053206e+28 2.8773611255313944e+29 0.0 1.5076614377710199e+29 4.5406134573894635e+29 0.0 2.0259126280720124e+29 6.0682869807388544e+29 0.0 2.3232034352208624e+29 6.932081258288008e+29 0.0 2.3147615908049507e+29 6.904016991279372e+29 0.0 2.7076447223237787e+29 1.353822361162097e+30 0.0 2.346698566754101e+27 1.1938532257230177e+28 0.0 1.8043653792117188e+27 5.522534072429011e+27 0.0 5.47116944875964e+27 1.673247488616629e+28 0.0 1.4120520293247097e+28 4.3124164877188565e+28 0.0 3.0886640986366243e+28 9.411473051818171e+28 0.0 5.717292179430131e+28 1.7365269782572786e+29 0.0 8.969963235057267e+28 2.7135547546740567e+29 0.0 1.1982164991856652e+29 3.609158562669195e+29 0.0 1.3732444585502445e+29 4.120652309968835e+29 0.0 1.3746882682400682e+29 4.116277995234907e+29 0.0 1.617195740799982e+29 8.085978704000996e+29 0.0 1.6783779411425032e+27 8.524324048305756e+27 0.0 1.25790900131726e+27 3.8423176998545e+27 0.0 3.681891243063121e+27 1.1243442538510785e+28 0.0 9.236359316560829e+27 2.818686700261821e+28 0.0 1.9766951421726422e+28 6.024560516629405e+28 0.0 3.6017533550200103e+28 1.095417900228413e+29 0.0 5.593001136590273e+28 1.6959888005658222e+29 0.0 7.43148785335443e+28 2.2454367736355092e+29 0.0 8.51125443917266e+28 2.56221410632695e+29 0.0 8.551924041370488e+28 2.566661447249607e+29 0.0 1.0101500271101692e+29 5.050750135551431e+29 0.0 1.2354367379144581e+27 6.265416577955249e+27 0.0 9.054104086999378e+26 2.76083533150594e+27 0.0 2.5672622363702205e+27 7.828888643314959e+27 0.0 6.277407966323696e+27 1.9139601772701155e+28 0.0 1.317240329527872e+28 4.0134354194976105e+28 0.0 2.3662304841231457e+28 7.199200654049441e+28 0.0 3.6403814361573363e+28 1.1050460476824684e+29 0.0 4.813593786281702e+28 1.4567273048071947e+29 0.0 5.508864343086782e+28 1.6612813976255833e+29 0.0 5.551929890619252e+28 1.6684800173364256e+29 0.0 6.577723156847734e+28 3.288861578424238e+29 0.0 9.341041095947998e+26 4.7309504046843323e+27 0.0 6.712505213107549e+26 2.0436664325642885e+27 0.0 1.8496842236549626e+27 5.633226402562115e+27 0.0 4.419586372941779e+27 1.3461394128476375e+28 0.0 9.110362212667428e+27 2.773965289777321e+28 0.0 1.615577607085635e+28 4.914232295440963e+28 0.0 2.464601949879593e+28 7.483036491032159e+28 0.0 3.2444238761911225e+28 9.824616877978709e+28 0.0 3.710140472597989e+28 1.1197833572023941e+29 0.0 3.748588957209643e+28 1.1273308008659715e+29 0.0 4.451579957274193e+28 2.2257899786372668e+29 0.0 7.24083018659868e+26 3.662846378031608e+27 0.0 5.114249340096056e+26 1.5548839054005352e+27 0.0 1.3735051814444264e+27 4.1777452871006933e+27 0.0 3.2141997333188874e+27 9.779305935876403e+27 0.0 6.519832510067946e+27 1.9834640648762375e+28 0.0 1.1427480720828008e+28 3.4739277190668135e+28 0.0 1.7299328564885686e+28 5.25098418396232e+28 0.0 2.26803035111584e+28 6.8682186883663e+28 0.0 2.5915656542787274e+28 7.823956783414109e+28 0.0 2.6240901761362242e+28 7.894153083371592e+28 0.0 3.1220790119297517e+28 1.561039505965172e+29 0.0 5.743845526834022e+26 2.902397607742611e+27 0.0 3.995777499908365e+26 1.2132754012487904e+27 0.0 1.0485952245313615e+27 3.185630663985856e+27 0.0 2.408229441146221e+27 7.318970943735969e+27 0.0 4.814385566418082e+27 1.4631961143063484e+28 0.0 8.349299501998452e+27 2.536138760297734e+28 0.0 1.2551337715699182e+28 3.8076365569172113e+28 0.0 1.6394149747207863e+28 4.963092173856271e+28 0.0 1.871868934368748e+28 5.650866335019073e+28 0.0 1.8989566645639858e+28 5.713277182090222e+28 0.0 2.262896190976054e+28 1.1314480954882928e+29 0.0 4.6544977505396054e+26 2.349592398839554e+27 0.0 3.194904930411125e+26 9.689574360630083e+26 0.0 8.211710021133126e+26 2.491864416808263e+27 0.0 1.854277823453507e+27 5.629236180910514e+27 0.0 3.6585225668007813e+27 1.1107652969695052e+28 0.0 6.28408717137005e+27 1.9070997765886332e+28 0.0 9.386875781126971e+27 2.8455918618028466e+28 0.0 1.22191705618347e+28 3.697341077246978e+28 0.0 1.3941918420964983e+28 4.207779548428891e+28 0.0 1.4167613239460672e+28 4.262361286073172e+28 0.0 1.6905772628292022e+28 8.452886314147624e+28 0.0 3.8465164494328924e+26 1.93995153984442e+27 0.0 2.6092706487901215e+26 7.904932902761601e+26 0.0 6.582253121293353e+26 1.9952585761419995e+27 0.0 1.463842942471649e+27 4.4392356806795523e+27 0.0 2.8540861142259e+27 8.656449921023174e+27 0.0 4.859892543886491e+27 1.4735035922462672e+28 0.0 7.217739052886737e+27 2.186292032956296e+28 0.0 9.366526135368466e+27 2.832487595285921e+28 0.0 1.0680212211048478e+28 3.22221700160688e+28 0.0 1.0869723953189967e+28 3.269792992462028e+28 0.0 1.2985973889649558e+28 6.492986944826094e+28 0.0 3.236634112867991e+26 1.631005537923769e+27 0.0 2.1727249404221953e+26 6.575931001825898e+26 0.0 5.389653476721626e+26 1.632119132300542e+27 0.0 1.1822741403167779e+27 3.581746289953447e+27 0.0 2.280534180098102e+27 6.910029271981013e+27 0.0 3.852849766677022e+27 1.1670885657049836e+28 0.0 5.692323813989972e+27 1.7228401216275087e+28 0.0 7.366323386104797e+27 2.2262047342335725e+28 0.0 8.394626609284111e+27 2.531618892146186e+28 0.0 8.555529658033434e+27 2.573223369553555e+28 0.0 1.0232115166711395e+28 5.116057583355969e+28 0.0 -1.6328721020379514e+24 9.764401766369166e+26 0.0 -1.4659187132080096e+24 4.95481719676728e+26 0.0 -3.818146212528233e+24 1.2113755883649714e+27 0.0 -8.673172216447948e+24 2.625844154602013e+27 0.0 -1.6865579928273077e+25 5.01728793227761e+27 0.0 -2.7552987338692413e+25 8.414303471418427e+27 0.0 -3.7068117748583457e+25 1.2362732561325233e+28 0.0 -3.996770227384952e+25 1.5934353389647853e+28 0.0 -3.258938702544128e+25 1.8110651705011453e+28 0.0 -1.6349325306334419e+25 1.8430783869982865e+28 0.0 0.0 5.776331889013574e+28 0.0 -2.4376119580932617e+26 1.211132004295256e+27 0.0 -1.6118151128237237e+26 4.8014464484666245e+26 0.0 -3.889475505337758e+26 1.158085988567938e+27 0.0 -8.341128450693886e+26 2.482632866986636e+27 0.0 -1.580225161595338e+27 4.7026335766049215e+27 0.0 -2.6327589230071713e+27 7.836430781624488e+27 0.0 -3.849339102647714e+27 1.146500396318643e+28 0.0 -4.9444822203795155e+27 1.474389566680229e+28 0.0 -5.607835242239031e+27 1.6750214342374351e+28 0.0 -5.701106704480118e+27 1.7066232052303413e+28 0.0 -6.797534855331253e+27 3.3987674276664267e+28 0.0 -2.143612956459661e+26 1.0657167699908962e+27 0.0 -1.4067026256498076e+26 4.1934557240588334e+26 0.0 -3.3531453501169436e+26 9.99150844116202e+26 0.0 -7.119027624292445e+26 2.1205560446780128e+27 0.0 -1.338161159934154e+27 3.985431986396927e+27 0.0 -2.2167963358582858e+27 6.603381052052362e+27 0.0 -3.2293126984336476e+27 9.624992949266657e+27 0.0 -4.1407633780084603e+27 1.2354384829351597e+28 0.0 -4.696325716363609e+27 1.4033243704615888e+28 0.0 -4.781975129590084e+27 1.4317526520858456e+28 0.0 -5.708635400159216e+27 2.854317700080258e+28 0.0 -1.9091667156535207e+26 9.496934293054297e+26 0.0 -1.2444417126181493e+26 3.7121659429103304e+26 0.0 -2.9338755460675563e+26 8.748223375260235e+26 0.0 -6.17285537659319e+26 1.8400414298285002e+27 0.0 -1.1521514077473076e+27 3.4339456686812114e+27 0.0 -1.8988895375996824e+27 5.660409983888295e+27 0.0 -2.757104733417288e+27 8.222879238545674e+27 0.0 -3.52971672866482e+27 1.0536910653176217e+28 0.0 -4.003411204635683e+27 1.1967263614094334e+28 0.0 -4.0823756498728106e+27 1.2225107939779767e+28 0.0 -4.879037915648316e+27 2.439518957825074e+28 0.0 -1.7201346735609918e+26 8.560987141963023e+26 0.0 -1.1145391501929116e+26 3.3266249065786945e+26 0.0 -2.6017812534565675e+26 7.76284323605712e+26 0.0 -5.4299030494653216e+26 1.6196389012984187e+27 0.0 -1.0070770388494571e+27 3.00355844952402e+27 0.0 -1.652158233581775e+27 4.928124749273351e+27 0.0 -2.3917783158338495e+27 7.137552497170357e+27 0.0 -3.057717881907565e+27 9.132419597028078e+27 0.0 -3.4682289942350916e+27 1.0371122822158187e+28 0.0 -3.541397199801147e+27 1.060691203261813e+28 0.0 -4.236969032194918e+27 2.1184845160976104e+28 0.0 -1.56619861930755e+26 7.798474155698448e+26 0.0 -1.0094210887400237e+26 3.014474438910854e+26 0.0 -2.3356111373816644e+26 6.972632636462809e+26 0.0 -4.839071129724775e+26 1.4442639437874535e+27 0.0 -8.924066321652198e+26 2.6631743809947556e+27 0.0 -1.4579961050286357e+27 4.351543926389663e+27 0.0 -2.105110577512275e+27 6.285485637077244e+27 0.0 -2.687869578942936e+27 8.031446810246915e+27 0.0 -3.0489086547367733e+27 9.120188346980338e+27 0.0 -3.117081245920206e+27 9.337528120297077e+27 0.0 -3.732948435289097e+27 1.8664742176453692e+28 0.0 -1.4397243272034014e+26 7.171746960679145e+26 0.0 -9.235398279239588e+25 2.7593255907295553e+26 0.0 -2.1200118707360343e+26 6.332237211633191e+26 0.0 -4.3638414249872166e+26 1.3031296907412262e+27 0.0 -8.006757452256523e+26 2.3907405258439809e+27 0.0 -1.3032925606156799e+27 3.8919058627014684e+27 0.0 -1.877288959214482e+27 5.608017593166143e+27 0.0 -2.39431738394216e+27 7.157266074030943e+27 0.0 -2.7161155825582744e+27 8.127128712160983e+27 0.0 -2.779994704941366e+27 8.328981516691483e+27 0.0 -3.332238441316073e+27 1.66611922065897e+28 0.0 -1.3349903839504762e+26 6.652573470031366e+26 0.0 -8.527756568539632e+25 2.5489995526086066e+26 0.0 -1.9437263622239643e+26 5.808381612127464e+26 0.0 -3.9777070159413755e+26 1.1884016145147518e+27 0.0 -7.265075604404254e+26 2.1703623273799557e+27 0.0 -1.178655085122586e+27 3.521426624797977e+27 0.0 -1.694168905596049e+27 5.063250248941962e+27 0.0 -2.158634954098295e+27 6.455176661595827e+27 0.0 -2.4489460788065275e+27 7.329699900797827e+27 0.0 -2.509138747650607e+27 7.51850400943282e+27 0.0 -3.0100355442900585e+27 1.5050177721458314e+28 0.0 -1.2476571534727722e+26 6.219528240159977e+26 0.0 -7.940299538940941e+25 2.3743301589782013e+26 0.0 -1.798386839837391e+26 5.3763159058801926e+26 0.0 -3.661147387046061e+26 1.0943066682756637e+27 0.0 -6.659704173883216e+26 1.9904105820382017e+27 0.0 -1.0772503474933439e+27 3.2198817520837397e+27 0.0 -1.5454930961256301e+27 4.620785955833472e+27 0.0 -1.9674812279636866e+27 5.885560032686821e+27 0.0 -2.2322673225824482e+27 6.682831704371819e+27 0.0 -2.2892945353283695e+27 6.86060111185389e+27 0.0 -2.748349093644641e+27 1.374174546823008e+28 0.0 -1.1743962545374777e+26 5.856170086893044e+26 0.0 -7.449442886086268e+25 2.2283365983418214e+26 0.0 -1.6776935202110817e+26 5.017395869918558e+26 0.0 -3.3995927646120757e+26 1.0165334656794564e+27 0.0 -6.1614904206029234e+26 1.8422575461272136e+27 0.0 -9.940353068076431e+26 2.972337603640137e+27 0.0 -1.423714318330707e+27 4.2582481718160997e+27 0.0 -1.8110545812442722e+27 5.419298070214485e+27 0.0 -2.0549625312121287e+27 6.153407210927483e+27 0.0 -2.109270162475507e+27 6.321813279969618e+27 0.0 -2.533938496557101e+27 1.2669692482789681e+28 0.0 -1.1126283118424111e+26 5.5497515283678915e+26 0.0 -7.037038042097174e+25 2.1056439622420034e+26 0.0 -1.5768473169148502e+26 4.717410749452239e+26 0.0 -3.182032641265136e+26 9.518220661556306e+26 0.0 -5.74853741195736e+26 1.7194193383835133e+27 0.0 -9.252385904682127e+26 2.767620562188334e+27 0.0 -1.3232042541260986e+27 3.958942117623481e+27 0.0 -1.6820555533045536e+27 5.034698163967243e+27 0.0 -1.908753638427229e+27 5.716760207693547e+27 0.0 -1.9607232286991248e+27 5.877197487265958e+27 0.0 -2.3569268583113017e+27 1.178463429156017e+28 0.0 -1.0603353118940676e+26 5.290295141601145e+26 0.0 -6.688977644524838e+25 2.00207202492043e+26 0.0 -1.4921525039697456e+26 4.465411359068939e+26 0.0 -3.000050617870267e+26 8.976792952903185e+26 0.0 -5.4042016248776906e+26 1.616965146914724e+27 0.0 -8.680052283918308e+26 2.597267975478289e+27 0.0 -1.2397132571347764e+27 3.710256996347486e+27 0.0 -1.574979761894363e+27 4.7153966442016854e+27 0.0 -1.7873988609043382e+27 5.354287658315466e+27 0.0 -1.8373574799061424e+27 5.507926617789984e+27 0.0 -2.2098544408052572e+27 1.1049272204033861e+28 0.0 -1.0159247421773206e+26 5.069924182605469e+26 0.0 -6.394194537238408e+25 1.914339868633809e+26 0.0 -1.4207347704475128e+26 4.252878053507291e+26 0.0 -2.847145717229136e+26 8.521784591652306e+26 0.0 -5.1156944774596455e+26 1.5311044232154222e+27 0.0 -8.201497356042537e+26 2.4547987224081237e+27 0.0 -1.169996040621698e+27 3.5025585176816584e+27 0.0 -1.485628717644588e+27 4.448907931492191e+27 0.0 -1.6861376241568849e+27 5.05179793378739e+27 0.0 -1.734366529515698e+27 5.199627146847798e+27 0.0 -2.08702279985337e+27 1.0435113999273992e+28 0.0 -9.78130129835356e+25 4.882372375955252e+26 0.0 -6.143934904543291e+25 1.839851279084097e+26 0.0 -1.360338695874039e+26 4.0731227557006414e+26 0.0 -2.7182489900712312e+26 8.138166192611403e+26 0.0 -4.873092617935281e+26 1.4588945952250151e+27 0.0 -7.799821574494864e+26 2.3351990969691476e+27 0.0 -1.1115487337450955e+27 3.328410636656933e+27 0.0 -1.4107666766842555e+27 4.225606529016605e+27 0.0 -1.6013012498576636e+27 4.798352120382507e+27 0.0 -1.6480433163213689e+27 4.941212037297818e+27 0.0 -1.9840340238383273e+27 9.920170119199452e+27 0.0 -9.459375183679543e+25 4.7226213345348034e+26 0.0 -5.93122483497791e+25 1.7765371648025095e+26 0.0 -1.3091806131725768e+26 3.920854303733296e+26 0.0 -2.6093750903308252e+26 7.814116680099351e+26 0.0 -4.668628802997221e+26 1.398031547689751e+27 0.0 -7.461839603587502e+26 2.234555849330946e+27 0.0 -1.0624217895327879e+27 3.182021590480845e+27 0.0 -1.3478768053426415e+27 4.038003433500636e+27 0.0 -1.530036342005702e+27 4.5854406020959615e+27 0.0 -1.575502372923771e+27 4.724050712657704e+27 0.0 -1.8974628533975248e+27 9.487314266990721e+27 0.0 -9.185305538603023e+25 4.586629778376251e+26 0.0 -5.750474974169841e+25 1.7227387210832912e+26 0.0 -1.2658405853726938e+26 3.7918591962522405e+26 0.0 -2.5173683554086303e+26 7.54027286638658e+26 0.0 -4.4961779908018056e+26 1.3466977133455127e+27 0.0 -7.177184453141857e+26 2.149791190354425e+27 0.0 -1.021085277652618e+27 3.058844895776234e+27 0.0 -1.294985839797631e+27 3.8802256585557166e+27 0.0 -1.470105901136663e+27 4.4063909158730563e+27 0.0 -1.5144799550957125e+27 4.541371685610242e+27 0.0 -1.8246205730324434e+27 9.123102865168332e+27 0.0 -8.952492770873106e+25 4.471130124803607e+26 0.0 -5.597184925408124e+25 1.6771200207827225e+26 0.0 -1.2291823412468626e+26 3.6827648599326324e+26 0.0 -2.4397158945892593e+26 7.309176824064871e+26 0.0 -4.35088101279863e+26 1.3034507851556307e+27 0.0 -6.93765387292222e+26 2.0784693796270742e+27 0.0 -9.863308374236952e+26 2.9552888320165604e+27 0.0 -1.2505366142393802e+27 3.7476377451622535e+27 0.0 -1.4197447479052195e+27 4.2559372251534805e+27 0.0 -1.463188631714663e+27 4.387827927669229e+27 0.0 -1.7633831337676992e+27 8.816915668841913e+27 0.0 -8.755587988946368e+25 4.373473769360877e+26 0.0 -5.467720571683835e+25 1.638602139443505e+26 0.0 -1.1982934343544507e+26 3.590862644158256e+26 0.0 -2.3744087714784624e+26 7.114865297455347e+26 0.0 -4.2288664228701726e+26 1.267141430523228e+27 0.0 -6.736728921514223e+26 2.018654211497388e+27 0.0 -9.571996172170823e+26 2.8685028555481893e+27 0.0 -1.2132944751460031e+27 3.6365638164915846e+27 0.0 -1.3775533930310476e+27 4.129904228349914e+27 0.0 -1.4202104612461818e+27 4.2591775527990304e+27 0.0 -1.7120648138728518e+27 8.560324069371356e+27 0.0 -8.590254369082829e+25 4.291513366096656e+26 0.0 -5.35914510180054e+25 1.60631316558718e+26 0.0 -1.1724401927398442e+26 3.5139745302489995e+26 0.0 -2.3198381190054145e+26 6.952562341252197e+26 0.0 -4.127043272294849e+26 1.236851968213331e+27 0.0 -6.569216440510224e+26 1.968803147545711e+27 0.0 -9.329288700549505e+26 2.796219267196002e+27 0.0 -1.1822779967003804e+27 3.5440817614385014e+27 0.0 -1.3424194706470468e+27 4.024973127183574e+27 0.0 -1.3844178559914895e+27 4.1520472516272917e+27 0.0 -1.669324576205626e+27 8.346622881037124e+27 0.0 -8.452984610988917e+25 4.223512652353877e+26 0.0 -5.269090284806329e+25 1.5795501029076345e+26 0.0 -1.1510336254714063e+26 3.450352234159295e+26 0.0 -2.274716942166727e+26 6.818447907327496e+26 0.0 -4.0429457641737884e+26 1.211850387011455e+27 0.0 -6.430981822909168e+26 1.9276881683189968e+27 0.0 -9.129121119867897e+26 2.7366350665134865e+27 0.0 -1.1567073407363175e+27 3.4678698079044833e+27 0.0 -1.313459186442716e+27 3.9385071959825185e+27 0.0 -1.354914568491986e+27 4.063755871045304e+27 0.0 -1.6340962030838615e+27 8.170481015424012e+27 0.0 -8.340960839314383e+25 4.168077253097602e+26 0.0 -5.195658151710065e+25 1.5577497692792244e+26 0.0 -1.1336035438857726e+26 3.3986006127664144e+26 0.0 -2.23802105212977e+26 6.70948303039263e+26 0.0 -3.974616350847882e+26 1.1915557395653623e+27 0.0 -6.318748451171369e+26 1.8943363647898298e+27 0.0 -8.966692723939801e+26 2.6883234272371186e+27 0.0 -1.1359656016136716e+27 3.4060916665773884e+27 0.0 -1.2899734935837084e+27 3.868421220393429e+27 0.0 -1.330991497385585e+27 3.992182294858013e+27 0.0 -1.605535954141044e+27 8.027679770707419e+27 0.0 -8.251947299792721e+25 4.124101699454572e+26 0.0 -5.137345984473627e+25 1.5404665981021816e+26 0.0 -1.119778928583332e+26 3.3576195630047414e+26 0.0 -2.208944453680396e+26 6.62327780419108e+26 0.0 -3.9205177349280694e+26 1.1755120946991862e+27 0.0 -6.22994708713624e+26 1.8679853293576893e+27 0.0 -8.83824312545411e+26 2.650167325463347e+27 0.0 -1.1195698461636504e+27 3.357310486781258e+27 0.0 -1.2714152647341936e+27 3.813083700879223e+27 0.0 -1.3120935672030282e+27 3.9356664338207813e+27 0.0 -1.5829833272843007e+27 7.914916636424411e+27 0.0 -8.18420876590861e+25 4.0907291613604086e+26 0.0 -5.092989461412703e+25 1.5273558209832376e+26 0.0 -1.1092731212210241e+26 3.326560219190819e+26 0.0 -2.1868658254702798e+26 6.55799222748832e+26 0.0 -3.8794669445702224e+26 1.1633690315045701e+27 0.0 -6.1626032848020985e+26 1.8480498210672633e+27 0.0 -8.740885199136957e+26 2.6213100155762875e+27 0.0 -1.1071495143280838e+27 3.3204246998757703e+27 0.0 -1.2573648125786793e+27 3.7712439423165277e+27 0.0 -1.2977950234320267e+27 3.8929353810104033e+27 0.0 -1.5659317840855404e+27 7.829658920431716e+27 0.0 -8.136449480953744e+25 4.067321346621199e+26 0.0 -5.061720228136294e+25 1.5181609307767267e+26 0.0 -1.101872819908188e+26 3.3047924347485486e+26 0.0 -2.1713236928822522e+26 6.512262836154474e+26 0.0 -3.8505866297416934e+26 1.1548672424543748e+27 0.0 -6.115254368780338e+26 1.834097206389111e+27 0.0 -8.672482048228968e+26 2.6011185858177705e+27 0.0 -1.0984305239000388e+27 3.2946208369510764e+27 0.0 -1.2475118799405112e+27 3.7419784391776085e+27 0.0 -1.2877812551254746e+27 3.863049092520085e+27 0.0 -1.5540072104646992e+27 7.770036052325907e+27 0.0 -8.107768914243405e+25 4.0534367342819666e+26 0.0 -5.042935214523222e+25 1.5127046348523976e+26 0.0 -1.0974301485793192e+26 3.29188139662529e+26 0.0 -2.1619985851242218e+26 6.485150082720954e+26 0.0 -3.833270134421165e+26 1.1498282291026734e+27 0.0 -6.0868899910530666e+26 1.8258299075384294e+27 0.0 -8.631559012015716e+26 2.589157937129641e+27 0.0 -1.093223911339713e+27 3.279339858276666e+27 0.0 -1.2416427762272655e+27 3.724652620531395e+27 0.0 -1.2818358150523404e+27 3.8453616205815375e+27 0.0 -1.546952541935478e+27 7.734762709682109e+27 0.0 -1.1144296053909018e+22 5.668342197083629e+26 0.0 -5.756369241210689e+25 1.7267356479516453e+26 0.0 -1.252553726961901e+26 3.7572540797881375e+26 0.0 -2.467387387500482e+26 7.401320646642712e+26 0.0 -4.374437816413349e+26 1.3121793031355612e+27 0.0 -6.945884844404732e+26 2.0835295779797937e+27 0.0 -9.849380035152995e+26 2.95450584783074e+27 0.0 -1.2474530018096203e+27 3.742028855656524e+27 0.0 -1.416819954769844e+27 4.2501855870442e+27 0.0 -1.4627166376847824e+27 4.3880048369231094e+27 0.0 -2.703080576436421e+27 8.109241729320034e+27 0.0
    </DataArray>
    <DataArray type="Float32" Name="Ion soret flux Density [Am^-2]" NumberOfComponents="3" format="ascii">
9922112382460.713 -399602875093024.5 0.0 85465032569488.84 -776190265883833.5 0.0 640002991327767.4 -1593822999780224.2 0.0 1095585516410246.1 -2078354505524668.0 0.0 1529240660919689.0 -2668023883235794.0 0.0 1983001636605040.0 -3044824836554799.0 0.0 2336562584537768.0 -2493936674010560.5 0.0 2275214051152119.0 -908069447616994.5 0.0 1871977304621021.5 508127551566977.44 0.0 1729285729937762.8 1486369882264203.5 0.0 1828991168041494.8 3465482665511572.0 0.0 -19857430685616.58 -114248566499521.53 0.0 14086462414191.098 -278186372914957.28 0.0 216919840256420.62 -728268285201625.0 0.0 459733046788906.06 -1054825460506471.0 0.0 740562883232861.1 -1375931112132382.5 0.0 1049180376846157.4 -1522333610660632.5 0.0 1293506376794738.8 -1157569493758175.0 0.0 1326228379901518.2 -312600708682503.6 0.0 1221896622770862.8 472354957337624.9 0.0 1172165577016833.8 1086247732553057.2 0.0 1090192103659447.6 2571985301458416.0 0.0 -3278315689694.603 -23154397083260.832 0.0 14708847853319.799 -46100394809812.86 0.0 131162438478875.61 -163520678908404.84 0.0 300200228412936.8 -257009638611631.0 0.0 501925143238654.5 -324629831999464.3 0.0 716036487371521.0 -323790303888236.44 0.0 870515991983757.4 -189219792958511.75 0.0 978184650301031.5 55261535555491.6 0.0 1087073324104438.0 378644568155372.75 0.0 998154454137037.8 647718476817662.1 0.0 930554471414785.5 1428314756836579.0 0.0 -715346324490.4078 -6061971901188.213 0.0 2268674222964.0254 -7392935552851.344 0.0 28235747017826.715 -35016709344045.773 0.0 81492670531059.89 -60235577977193.22 0.0 139881046911854.5 -67588409403718.14 0.0 232911382355049.6 -64835200124980.07 0.0 333301230764789.5 -23293847076816.38 0.0 425834376010294.3 58302005102413.89 0.0 499791520743727.3 170634510371567.47 0.0 517374687540324.94 284933154513050.2 0.0 529308933027454.1 612792526349933.1 0.0 -186197747906.39096 -1903252486704.294 0.0 497475926902.19415 -1719278051022.4849 0.0 5530343291461.147 -7506127392118.027 0.0 22477943812659.996 -16827570492766.611 0.0 51864047289291.32 -22068771207552.965 0.0 86758194099525.67 -17339253901541.418 0.0 124137377355036.17 -639414611989.7468 0.0 163204534523037.2 28228381502251.742 0.0 197995579767792.66 67254558243155.77 0.0 216549903309174.9 109576113431622.1 0.0 238211287717767.1 229208850632493.12 0.0 -49972649242.52545 -640310876692.4839 0.0 141812073384.3731 -466939154084.16113 0.0 1405131290435.3 -1907090194406.5767 0.0 6330544887326.723 -4563350969145.495 0.0 17000014485317.275 -6542036833084.643 0.0 32362470349489.168 -4987498729233.76 0.0 49610801190890.055 1541591147358.5793 0.0 66116932139446.51 12669931724108.072 0.0 78991951098026.98 26676277716258.69 0.0 85101218854166.08 40875136502170.62 0.0 95022542414485.23 80433906165693.5 0.0 -12398372508.405416 -214911217061.09125 0.0 45031238388.6696 -133277642369.98108 0.0 390672360793.7688 -510470695897.84033 0.0 1795803140152.6812 -1234283249795.7861 0.0 5287598400355.478 -1848533895677.348 0.0 11211270237052.648 -1365231953289.383 0.0 18663032385441.76 1010843516841.6715 0.0 25895984266984.723 5232775537771.777 0.0 31021917779783.516 10379184866415.518 0.0 32741117466704.496 15128125476106.406 0.0 35894461808349.9 27576993520519.156 0.0 -2546294827.352878 -69319685288.6506 0.0 14471587595.023952 -38021455357.13953 0.0 112533190313.26575 -138719444765.1295 0.0 516927308847.63556 -336192765754.23193 0.0 1604414222212.7195 -515492779751.51984 0.0 3657940004663.506 -363508886407.21265 0.0 6514889609400.518 449493652806.5518 0.0 9475076646764.172 1970668535654.1104 0.0 11610896688369.969 3844352487998.9336 0.0 12288629337193.73 5507367402801.905 0.0 13325651547281.354 9487503806629.736 0.0 -349556287.704713 -22471862599.731903 0.0 4802150696.838408 -11297373580.023296 0.0 34241243717.006348 -39744421420.10204 0.0 155927634388.45755 -96357040238.89845 0.0 498931630573.38544 -149990725903.82178 0.0 1192089375536.7925 -101200985709.99654 0.0 2227626586939.8965 173596073823.63754 0.0 3371614839912.852 711761760230.7095 0.0 4247648735269.434 1393376476455.7778 0.0 4573213734629.127 2003146951294.2375 0.0 4984120518400.462 3347639620408.022 0.0 44067463.903014734 -8068579380.13536 0.0 1794246443.4177284 -3832593863.743174 0.0 11808908451.232965 -12968970423.805836 0.0 52469628955.380005 -31048261639.614338 0.0 168834022895.72742 -48330006347.93312 0.0 411790666846.00635 -31326801803.426525 0.0 789480699373.2294 65421842028.23203 0.0 1225316288582.8625 260368594479.64685 0.0 1578274679991.2483 513950682658.3181 0.0 1732525671243.105 746781624044.393 0.0 1914117146437.9016 1232042527329.2524 0.0 88454645.13073705 -3395189081.934005 0.0 782545334.3345209 -1538190815.7565355 0.0 4727562704.923993 -4942517930.151268 0.0 20101288937.22762 -11471266321.900747 0.0 63507758424.02081 -17543089615.64534 0.0 154489887508.83853 -10946453681.609352 0.0 297993731603.0567 25435632921.93499 0.0 467545112858.94434 99537361198.11214 0.0 610679724018.6715 197795147126.69614 0.0 681499822666.5645 290660507953.03577 0.0 764958816086.6196 477937297315.30145 0.0 74911785.2504483 -1627865567.209296 0.0 382954972.5087788 -701034269.5867527 0.0 2121143904.0241146 -2123714385.0338473 0.0 8545535568.589541 -4730150252.713449 0.0 26161897341.835598 -7037422917.00355 0.0 62639115523.03335 -4243625526.496924 0.0 120183315949.33125 10394607044.051668 0.0 188962909321.29678 40217607459.179665 0.0 248810283386.41898 80294137844.09029 0.0 281333596522.4511 119215551520.6587 0.0 320622040255.1865 196355048790.04004 0.0 55180854.498717725 -846584016.8690534 0.0 201056980.10935608 -346458188.8750792 0.0 1027460486.2415919 -990828514.3108476 0.0 3920756296.93502 -2114977087.5442843 0.0 11588302216.426926 -3054056440.3573728 0.0 27172852588.253128 -1788374567.281449 0.0 51606090341.218864 4487816311.015837 0.0 80973563617.03761 17219467779.89084 0.0 107125040293.2571 34498590656.34617 0.0 122410744866.40886 51693860267.333885 0.0 141425982295.95065 85507416944.7281 0.0 38738717.43364358 -464622738.309383 0.0 110823711.28960961 -181497642.79591784 0.0 527093459.0858405 -492273985.8780121 0.0 1912167547.0074475 -1009356378.3227996 0.0 5459856744.617578 -1415846698.6369696 0.0 12525528663.414606 -808134970.3051424 0.0 23506409124.27913 2049414214.0988665 0.0 36738487212.7782 7809523885.156093 0.0 48740513577.844826 15686782622.606459 0.0 56176117786.17505 23695817285.073788 0.0 65689772736.60143 39415246830.84985 0.0 26742952.517480392 -266193480.95833096 0.0 63605227.61873748 -99852648.65081199 0.0 283919425.9028169 -258133796.25366512 0.0 983692437.8140547 -510001411.7970983 0.0 2719191513.515592 -696112152.6312009 0.0 6106410441.068183 -388194228.0183308 0.0 11319722735.560286 989074017.172883 0.0 17606779668.752636 3744802489.8014426 0.0 23395685424.74377 7535498038.606647 0.0 27156813527.270523 11462307030.011906 0.0 32094784456.860962 19185255523.261486 0.0 18433672.86120543 -158466349.96032348 0.0 37859849.669389784 -57410720.22371208 0.0 159791688.00862357 -142112639.37192416 0.0 531133496.7489257 -271394567.20282686 0.0 1424966732.4967375 -361115842.03152543 0.0 3135997260.3079567 -197045339.97930172 0.0 5743533452.497918 503342447.173398 0.0 8887178615.321808 1893506950.1565597 0.0 11818016237.139088 3814199030.56577 0.0 13799366750.457277 5836395652.705431 0.0 16462325567.195871 9832380592.245121 0.0 12790761.679388134 -97739257.57021257 0.0 23306709.79692395 -34372562.071467035 0.0 93617335.19281246 -81812786.53253694 0.0 299789164.7462544 -151463639.280107 0.0 782628825.7264214 -196832287.96148437 0.0 1690248699.1246688 -105221943.23935953 0.0 3060085999.991329 269276338.1415712 0.0 4709957830.811522 1006427895.310222 0.0 6264358509.280277 2028193274.0081608 0.0 7351257482.979553 3119215947.7499595 0.0 8843469634.431263 5289435410.8856535 0.0 8973685.592264779 -62311348.66538835 0.0 14803039.773749089 -21363786.57168109 0.0 56913076.74356352 -49079496.248733446 0.0 176260704.4004004 -88328521.95608124 0.0 448868773.9013388 -112313912.31286795 0.0 952739883.2416658 -58904898.65961224 0.0 1706214612.391777 150907772.23943597 0.0 2612494936.370756 560455699.6428788 0.0 3474025869.0100093 1129450813.5256398 0.0 4094235497.052764 1744512257.5072138 0.0 4962334453.4488945 2977665838.41598 0.0 6379937.317623825 -40972489.60635468 0.0 9678607.370798206 -13746266.498781024 0.0 35797915.42373285 -30585193.50700396 0.0 107599889.21141677 -53646857.45663313 0.0 267934649.72117352 -66868754.51632792 0.0 559736058.8810514 -34471190.18598214 0.0 992321773.9759669 88270031.35875663 0.0 1511842902.967002 325907022.80897886 0.0 2009577295.3516111 656606456.1133813 0.0 2377118093.988347 1017937735.1711143 0.0 2900648494.612855 1748752297.4517858 0.0 4601098.45335386 -27730505.76194219 0.0 6500319.239213582 -9133182.418496354 0.0 23233642.19028137 -19742966.256578185 0.0 67994329.81489733 -33831903.48568949 0.0 165923353.66806462 -41414802.37077759 0.0 341653019.02882254 -21035971.070015647 0.0 600087213.6801232 53692320.252483934 0.0 909976616.838804 197248851.5951847 0.0 1208921906.9989645 397257375.3931588 0.0 1434679851.6824234 617867174.8112205 0.0 1761381736.336214 1068233998.3264954 0.0 3366589.5587820592 -19280557.776676495 0.0 4475249.028531379 -6251193.191567918 0.0 15519742.360209338 -13166142.84961771 0.0 44351477.77269727 -22092186.45580806 0.0 106281805.48233007 -26608786.831514433 0.0 216002517.61729175 -13357986.293230046 0.0 376184749.97759837 33842014.41964661 0.0 567976566.0502967 123858068.24648285 0.0 754140836.710343 249377613.86688384 0.0 897564412.1024276 388989776.98639286 0.0 1108094112.5509775 676757496.7000247 0.0 2498416.2034804104 -13745975.237544835 0.0 3152034.7445451394 -4397980.214532696 0.0 10644219.467122404 -9048801.195141714 0.0 29782517.6691629 -14899237.495988946 0.0 70220181.37860957 -17689571.385348402 0.0 141043453.14469454 -8809475.794344269 0.0 243757106.8233298 22026889.991533723 0.0 366576418.5593818 80445893.30463202 0.0 486462874.2776108 161958825.58526415 0.0 580493239.5268912 253302570.43697608 0.0 720291149.0780767 443428577.7793313 0.0 1879327.1180449731 -10031515.412067845 0.0 2266814.3013666524 -3174010.6315856245 0.0 7478519.168553665 -6394861.183868113 0.0 20537348.985998616 -10353087.309800383 0.0 47727372.556430385 -12139498.46194063 0.0 94860831.7073045 -6022885.521230769 0.0 162814229.49097237 14756366.514799876 0.0 243976898.04235438 53889242.15312163 0.0 323611611.45374197 108522128.79005353 0.0 387087501.6517653 170154960.35188958 0.0 482537833.3490658 299704774.9572021 0.0 1431604.6265960142 -7481326.3809928065 0.0 1661428.525381188 -2345361.5041365637 0.0 5370976.516501382 -4637412.82873745 0.0 14508873.083645508 -7396107.533783845 0.0 33288660.991216894 -8580663.572252646 0.0 65546568.605180256 -4261385.168684139 0.0 111810645.9501439 10143317.126542896 0.0 167017428.712526 37131304.098454095 0.0 221445724.73470807 74829147.60049888 0.0 265468802.48926905 117614516.49317539 0.0 332337216.2978599 208431874.60902333 0.0 1103268.8058496376 -5693047.993181844 0.0 1238817.789170387 -1771346.191130735 0.0 3934962.9565624236 -3444248.1026893267 0.0 10477746.824365117 -5421094.22093295 0.0 23770393.95947379 -6234416.963915603 0.0 46419448.07189662 -3114916.5106568225 0.0 78754251.57625243 7132840.747092966 0.0 117313344.30683835 26249041.139855526 0.0 155500641.8882294 52966938.53191101 0.0 186801173.553114 83457018.5355926 0.0 234767634.0675164 148807719.35291842 0.0 1451675.874188481 -3525405.1669521113 0.0 1393150.7617714405 -1677898.8490815884 0.0 3806987.901558208 -3593732.27962582 0.0 9075127.747032847 -6642171.959514821 0.0 18888792.732836492 -10427310.930527251 0.0 34399977.388119675 -13554002.608754033 0.0 55058862.25675449 -13804819.585396918 0.0 78024780.5573624 -9125727.499110263 0.0 98998054.26951008 1134272.9907743481 0.0 114347018.99424934 15803238.796835465 0.0 184953786.9350205 78377150.12077339 0.0 2264368.718320023 -4462582.06670616 0.0 1704380.0622786433 -1880359.9565993669 0.0 4301744.658868204 -4202733.5482328795 0.0 9578619.331829742 -8245484.601869495 0.0 18780020.83613331 -14106672.312845355 0.0 32422188.306276515 -20911402.78690928 0.0 49424401.80182028 -26667654.937498543 0.0 66928379.860018164 -28929110.529903937 0.0 81310512.3903775 -26022940.34216098 0.0 89989874.14788449 -17939719.22288172 0.0 108356898.2351058 3471388.222670867 0.0 1808350.8265250353 -3573847.55992037 0.0 1342275.9014583456 -1490872.3535495037 0.0 3340261.454218555 -3285325.3127151327 0.0 7350470.386553022 -6367452.545207392 0.0 14275068.214764262 -10781356.91786097 0.0 24465222.258902736 -15842211.852727553 0.0 37100476.31351156 -20049077.35109511 0.0 50076843.77581964 -21590075.7554956 0.0 60754098.80914897 -19246274.156374708 0.0 67266374.59182976 -13029098.874825018 0.0 81200160.68703558 3566674.5789458165 0.0 1462050.9426105537 -2903167.778855145 0.0 1071522.4120079186 -1199779.2875724472 0.0 2632255.6590304286 -2609653.9736514143 0.0 5730173.745703467 -5001054.1154452935 0.0 11031409.963122293 -8385814.9445323255 0.0 18778547.148999225 -12218890.427271351 0.0 28337978.895764347 -15346825.40377912 0.0 38130781.47965319 -16400337.748965604 0.0 46195269.489260465 -14474025.637137724 0.0 51156434.85257741 -9592148.947502472 0.0 61888035.90420611 3536557.211916315 0.0 1195473.491717539 -2389828.2997917878 0.0 866029.3081335734 -978924.0273993467 0.0 2102376.9465410104 -2103842.846469818 0.0 4531385.10698129 -3989545.3892978546 0.0 8653315.012826795 -6628570.169423074 0.0 14637824.922313448 -9580242.346847594 0.0 21987808.329054616 -11941804.128802408 0.0 29497364.014956247 -12659095.700443648 0.0 35682888.552487254 -11047817.120158553 0.0 39513416.56206235 -7140123.749641264 0.0 47891177.555608176 3443828.474572782 0.0 987655.4042555185 -1991756.7012618931 0.0 707890.3394803901 -809017.3308832281 0.0 1699801.4686493638 -1719457.5798122825 0.0 3630153.4274056596 -3228707.296772091 0.0 6880383.985929961 -5317856.014236922 0.0 11570213.096681962 -7625275.282427002 0.0 17303881.029980272 -9432342.814583829 0.0 23145546.412239235 -9913529.084343806 0.0 27955045.656072717 -8543477.255235534 0.0 30947273.975264248 -5359171.8906672085 0.0 37566280.9626891 3323989.539327708 0.0 823729.0785358802 -1679344.6681927256 0.0 584616.6861848279 -676626.4253973536 0.0 1389647.1398904347 -1423281.113195469 0.0 2942498.099295421 -2647947.37214106 0.0 5537950.503051726 -4325052.683613973 0.0 9260893.417329106 -6153630.190940533 0.0 13791956.708295455 -7552550.641008546 0.0 18394269.416105255 -7865072.3778763 0.0 22178870.010114837 -6682150.915254768 0.0 24539557.152536675 -4043687.643107878 0.0 29824221.628354553 3196943.3930104645 0.0 693002.5343867614 -1431450.6535219168 0.0 487365.09415839624 -572252.0627026156 0.0 1147579.577997007 -1192154.3859289407 0.0 2410530.461059633 -2198613.689861574 0.0 4506733.653906046 -3562326.662067819 0.0 7496357.072856651 -5029449.2677735835 0.0 11118421.225108884 -6123082.597744014 0.0 14785051.140441367 -6313107.713540672 0.0 17794128.147951607 -5277014.524588286 0.0 19671850.72587818 -3056429.824760628 0.0 23929571.425372776 3073630.4920373107 0.0 587685.1121921331 -1232771.3998791154 0.0 409783.8314118169 -489079.1824091899 0.0 956360.6722429493 -1009679.954472888 0.0 1993697.1947132924 -1846627.3589793185 0.0 3703895.028751368 -2968678.972363119 0.0 6129279.885847918 -4159006.0856742216 0.0 9054089.334426023 -5020826.003174592 0.0 12003720.24634192 -5120422.716880561 0.0 14417216.831532052 -4200662.275077172 0.0 15920326.325835176 -2304161.652316596 0.0 19376967.63943772 2959837.938632192 0.0 502029.31896465085 -1072087.0772841363 0.0 347248.99529420596 -422151.96160456986 0.0 803602.0060475463 -864079.0406625456 0.0 1663154.6006775817 -1567752.3407192146 0.0 3070990.384565951 -2501074.444537765 0.0 5056345.520262344 -3476586.3844301407 0.0 7438898.257112995 -4159867.887897807 0.0 9831379.319400646 -4191599.5000182237 0.0 11781055.669669846 -3364748.6377292946 0.0 12989648.033147829 -1722479.4016405195 0.0 15813383.467486741 2858407.4941343414 0.0 431744.7347114296 -941072.2989740284 0.0 296351.47772897413 -367820.6961426415 0.0 680278.7155105801 -746775.4847309336 0.0 1398092.2681171899 -1344506.0477691304 0.0 2566169.90506614 -2128700.7015767694 0.0 4203987.577926614 -2935413.2781842486 0.0 6159313.836659683 -3479323.257049145 0.0 8113106.391074758 -3459241.21179868 0.0 9696750.144960342 -2707043.953353297 0.0 10670772.220115058 -1266189.0289367498 0.0 12988357.362935537 2770525.4383955784 0.0 373592.6330513482 -833479.8365570637 0.0 254547.38449104936 -323365.55825527234 0.0 579731.2798100905 -651445.5291721342 0.0 1183291.7824266814 -1164108.7788457202 0.0 2159044.122487553 -1829190.152045828 0.0 3519065.0867663124 -2501714.196741956 0.0 5133618.996325946 -2935414.992519305 0.0 6737625.862346263 -2875039.248013243 0.0 8028708.338496674 -2183058.7909687427 0.0 8813530.319317738 -903095.2803094952 0.0 10721570.962787492 2696480.3336329153 0.0 325101.98774092423 -744572.7320399012 0.0 219916.59976530436 -286737.1609614334 0.0 496985.3116432854 -573370.8827994631 0.0 1007480.8265746596 -1017101.848721634 0.0 1827251.0026154572 -1586094.430251879 0.0 2962665.429935328 -2150779.007072057 0.0 4302176.680981188 -2496235.476722942 0.0 5623884.816887208 -2403883.7886450225 0.0 6678221.143585996 -1760534.4790001102 0.0 7308520.812064522 -609926.9109511808 0.0 8881381.996254362 2636109.7619024296 0.0 284368.16892531776 -670724.421485701 0.0 190993.89586179968 -256375.35630147572 0.0 428281.6743829867 -508992.2129476113 0.0 862207.5246708076 -896402.9395086558 0.0 1554126.214392226 -1387170.9289892586 0.0 2505922.6824173145 -1864301.0873190213 0.0 3620884.929844918 -2138228.188516425 0.0 4712049.965206402 -2019920.0586312509 0.0 5572456.913377579 -1415762.0639443886 0.0 6074962.237419913 -369621.34143095143 0.0 7370390.113277184 2589064.1684690234 0.0 249908.63500169734 -609133.9234700182 0.0 166649.3463879605 -231081.13858693084 0.0 370747.661787408 -455596.98656163615 0.0 741060.0674762481 -796651.5880855742 0.0 1327099.6998690453 -1223203.9924077298 0.0 2127154.9900385933 -1628558.0047715728 0.0 3056712.768808605 -1843789.9629102573 0.0 3957379.6571672675 -1703868.419796881 0.0 4656975.140136188 -1131086.2285143964 0.0 5052423.848954155 -169488.04702593925 0.0 6115588.644162806 2554962.9177871426 0.0 220558.35484272076 -557620.7798427879 0.0 146002.6634071456 -209925.05769419714 0.0 322164.0382846312 -411098.58766156447 0.0 639118.6786042721 -713749.9249727469 0.0 1136577.277468325 -1087183.2355027385 0.0 1809877.913795084 -1433149.8096017009 0.0 2584612.7247851226 -1599614.3913844428 0.0 3325993.8746317504 -1441177.756115848 0.0 3890561.751271273 -893188.6938079409 0.0 4195116.359633489 51.692711812298526 0.0 5061550.879655408 2533487.062313674 0.0 195393.26409017673 -514476.0163252357 0.0 128361.15069702973 -192181.0412800647 0.0 280798.0351509182 -373878.24825449055 0.0 552565.9639938388 -644536.5731141703 0.0 975150.5261662704 -973723.6953989423 0.0 1541407.520651608 -1270112.8626208145 0.0 2185356.8188708704 -1395532.3120815733 0.0 2791914.7971677026 -1220736.0640333807 0.0 3241617.5342923594 -691891.5606581218 0.0 3467896.572445193 146341.84405310237 0.0 4165652.109557687 2524435.4767437875 0.0 173673.6270510396 -478352.708395885 0.0 113174.2766970745 -177278.10599122584 0.0 245282.25665214533 -342670.7383117635 0.0 478406.5475890009 -586552.521480072 0.0 837031.6593948046 -878651.8865321969 0.0 1311865.6413247539 -1133289.934518654 0.0 1844000.149699554 -1223690.1630862963 0.0 2334969.114908112 -1033958.6018165086 0.0 2685599.2631362616 -519312.01957729505 0.0 2843434.3545265994 275110.71097063896 0.0 3394674.9764579847 2527760.523218388 0.0 154801.7612103128 -448185.0849799366 0.0 100000.06535908714 -164764.8095635075 0.0 214525.89059357255 -316480.90323731955 0.0 414262.9706737743 -537871.3036735248 0.0 717644.399533849 -798707.0909494131 0.0 1113462.6510752381 -1017877.3946403696 0.0 1548776.1372130774 -1077960.8734463104 0.0 1939281.912312031 -874135.0636710605 0.0 2203182.960594638 -369257.3695534572 0.0 2300177.33963935 390914.4608241061 0.0 2722365.89641871 2543593.226614348 0.0 138290.15792047128 -423128.28275953466 0.0 88479.96914961142 -154282.87772520084 0.0 187648.87661829614 -294522.1989778364 0.0 358225.36284637946 -496974.6690056333 0.0 613324.1708276878 -731323.6494071123 0.0 939973.8355936803 -920096.2406012306 0.0 1290291.9051398223 -953516.6958603085 0.0 1592181.075089831 -735956.4960220194 0.0 1778927.9104921191 -236786.1617254681 0.0 1820868.9710893992 497460.07613278663 0.0 2127652.2225868544 2572264.2988405605 0.0 123737.20710027961 -402513.2585997262 0.0 78319.88125219605 -145547.51258209703 0.0 163932.5336194358 -276171.09427950083 0.0 308739.3718545594 -462660.81092638365 0.0 521095.61257603235 -674470.849930647 0.0 786352.066661611 -836950.7222783213 0.0 1060934.3307132816 -846516.0682236229 0.0 1283389.2655374282 -615168.2413650848 0.0 1400291.1111145304 -117885.23122161627 0.0 1391453.8148906673 597844.993771876 0.0 1593322.4597835983 2614325.246986211 0.0 110808.52270362765 -385812.96778168745 0.0 69275.62302144217 -138332.62434185712 0.0 142782.07406174325 -260933.05346334924 0.0 264521.51910108875 -433976.16868115024 0.0 438505.1944074832 -626534.2420526271 0.0 648437.1820080022 -766049.6044980922 0.0 854425.0577443171 -753871.5884032863 0.0 1004418.7892446858 -508312.0408567799 0.0 1056888.674620891 -9228.11269613448 0.0 1000255.6771630788 694739.1030979328 0.0 1105032.9814063613 2670572.646803675 0.0 99222.41551655432 -372617.03201607906 0.0 61141.71087944091 -132459.73768678587 0.0 123697.74747655196 -248417.07766354253 0.0 224494.31391048714 -410164.50432982435 0.0 363493.2893881583 -586227.0872458662 0.0 522734.285323486 -705472.6953612219 0.0 665481.2937665588 -673076.2212562051 0.0 748110.1602057758 -412531.65347468643 0.0 739931.813384273 92009.2279535069 0.0 637348.3896109285 790527.1464001373 0.0 650545.4362377534 2742078.121653934 0.0 88738.44773865928 -362612.9161452202 0.0 53742.53230278494 -127789.68223056833 0.0 106252.26007148683 -238316.66246644084 0.0 187735.6218523976 -390628.8115411278 0.0 294294.52287541016 -552524.0037555734 0.0 406241.16605552187 -653670.4329154901 0.0 489551.66391709953 -602071.6443451834 0.0 508272.2617961576 -325423.9020734134 0.0 441785.9090614591 188292.44155920664 0.0 294062.113408176 887424.5393142222 0.0 219126.33861373083 2830226.449738529 0.0 79148.27801846927 -355572.2056454526 0.0 46925.28771212819 -124216.43164782565 0.0 90072.74197974923 -230395.64962480165 0.0 153438.26196855606 -374902.90544249635 0.0 229358.2466968041 -524611.178044551 0.0 296310.43567221356 -609387.8690621967 0.0 322604.79055234377 -539147.2739800267 0.0 279393.49107569794 -244922.1714217031 0.0 155615.1545046898 281845.054488424 0.0 -37416.5810237043 987576.3511688289 0.0 -198941.35490624481 2936764.434148078 0.0 9996.799302116377 -491877.3985968575 0.0 52233.761572634605 -140220.2365563112 0.0 99667.93644220434 -259376.67579244185 0.0 168494.99841116578 -420504.82503558416 0.0 249258.4586950794 -585157.4442914393 0.0 317066.36894762586 -673127.2573199447 0.0 336227.015884044 -582297.8877438403 0.0 275199.4848375337 -235522.9433104736 0.0 123191.60956499865 375091.03730623383 0.0 -105496.15182480663 1187122.825854747 0.0 -710154.0279924988 3096324.110154329 0.0
    </DataArray>
    <DataArray type="Float32" Name="Power density [Wm^-3]" NumberOfComponents="1" format="ascii">
1.914545666830695e+19 2.0058556506433696e+19 1.3964376406799163e+19 9.64513613334853e+18 7.756457583339151e+18 7.095256280621947e+18 7.309122093620365e+18 8.229843780809028e+18 9.486942939217635e+18 1.0650862216283859e+19 8.816009167515918e+18 8.115039589310555e+18 8.175209812780193e+18 6.248927026902742e+18 4.89648012483341e+18 4.292989151024749e+18 4.16532111621604e+18 4.4821356057367895e+18 5.219497653945527e+18 6.202797120684242e+18 7.133129504326177e+18 5.352578302900546e+18 2.572357314765071e+18 2.5521687155425725e+18 2.1965171229060293e+18 1.9512559453896855e+18 1.8939700460852037e+18 2.010613689025206e+18 2.378271997393821e+18 3.0654154324070354e+18 3.9735092520318356e+18 4.774254493913871e+18 3.5633636617529774e+18 8.540323228619565e+17 9.070159526126537e+17 8.134224328500214e+17 7.543743152472639e+17 7.972328678466659e+17 9.767279262564041e+17 1.3132503647726574e+18 1.7911506623000916e+18 2.3358031051237074e+18 2.8678534630523766e+18 2.140497998672196e+18 3.823546080835101e+17 4.549997902596811e+17 4.0080433934810554e+17 3.9005686231089766e+17 4.6490103222347366e+17 6.092150567068164e+17 8.227072304110755e+17 1.0955590951660882e+18 1.4025491361947817e+18 1.7016398671000276e+18 1.2645515751277256e+18 2.1693121858833594e+17 2.6375509374490646e+17 2.4613909732567402e+17 2.4136472466810445e+17 2.861178148444462e+17 3.900623843349453e+17 5.3898192687925485e+17 7.102971509443672e+17 8.83207649310405e+17 1.0375638825097519e+18 7.593995714026063e+17 1.3010351602315216e+17 1.5996738027002006e+17 1.546675010136107e+17 1.5269307643011056e+17 1.7447162670744675e+17 2.3479224443003382e+17 3.3043657550557414e+17 4.4178244162307155e+17 5.461655117053407e+17 6.276831243129037e+17 4.506262316264383e+17 7.655219999115786e+16 9.491759215999269e+16 9.423486236513723e+16 9.453166762749397e+16 1.0417580295360302e+17 1.3298787678284235e+17 1.8454673036836982e+17 2.5018317171373002e+17 3.130708465295542e+17 3.591126056999017e+17 2.5477149944780986e+17 4.588897703155887e+16 5.771094141040122e+16 5.816939913647946e+16 5.905179412502138e+16 6.3194789210547624e+16 7.517957481846622e+16 9.869239943095637e+16 1.3202292626137005e+17 1.667058254357921e+17 1.930549076885263e+17 1.3674544826244058e+17 3.0597047118864384e+16 3.9157835776359816e+16 3.9535367756056024e+16 4.011883136507585e+16 4.1745885603720904e+16 4.6166304482219864e+16 5.542376786181911e+16 6.994191330234004e+16 8.667099566429952e+16 1.0061661240278293e+17 7.161217702302994e+16 2.3569245067747212e+16 3.0586558881279844e+16 3.070162771617558e+16 3.0868395255071412e+16 3.1303205845647284e+16 3.2589230306840416e+16 3.5592027745337136e+16 4.085969360354591e+16 4.760944971234562e+16 5.3853512286055464e+16 3.849336209876141e+16 2.0211945880186684e+16 2.6459944009473616e+16 2.6432132240559748e+16 2.6344356482385156e+16 2.623550885142926e+16 2.6271600560008052e+16 2.6759759326706188e+16 2.79974189078415e+16 2.9866632791604644e+16 3.1767391327806732e+16 2.2651717327712024e+16 1.8334337062491216e+16 2.4128393795015196e+16 2.4066999499243364e+16 2.3883679359592156e+16 2.3561024106098964e+16 2.3123590156532692e+16 2.2657663673105776e+16 2.228006048275489e+16 2.1994071750219612e+16 2.1700203454081692e+16 1.5329346942622444e+16 1.7078245650317232e+16 2.254737534031373e+16 2.2494961871653572e+16 2.22976055153491e+16 2.1913540079554492e+16 2.131697583769761e+16 2.0512661892677764e+16 1.9531273031488724e+16 1.8373394764897612e+16 1.7083467765491202e+16 1.1940033443588632e+16 1.6129790122885964e+16 2.1337862224487516e+16 2.1300183536260772e+16 2.1115061228305224e+16 2.0728431438742e+16 2.0094390049429164e+16 1.9187107524409584e+16 1.8002271664831158e+16 1.6527562673536902e+16 1.483770175503911e+16 1.029209412877602e+16 1.5365718897312042e+16 2.0354023984507564e+16 2.0326630757187868e+16 2.0156954250970892e+16 1.978536309130478e+16 1.9157229617251172e+16 1.8234407132529656e+16 1.6999229474270894e+16 1.5433898989584354e+16 1.3614584539918514e+16 9405136302939400.0 1.4728844784628414e+16 1.952887990231874e+16 1.9507215659994196e+16 1.9350202413579692e+16 1.899650406684901e+16 1.8387781796173096e+16 1.7480460791957706e+16 1.6251694159552934e+16 1.4683341878472456e+16 1.2847926373625288e+16 8859443942628089.0 1.4187623633248666e+16 1.8825038905259276e+16 1.8806297881256924e+16 1.8658930823699628e+16 1.832188097684999e+16 1.7735493794031206e+16 1.6853591989043536e+16 1.5651060635017746e+16 1.4111327689922728e+16 1.230333230472992e+16 8478736841385833.0 1.3722220469499856e+16 1.8218438357618404e+16 1.8201168389864556e+16 1.8061317360528284e+16 1.7738997825789938e+16 1.7174396607290394e+16 1.6319993870088214e+16 1.5149417093470594e+16 1.3647961075507422e+16 1.1881715046857994e+16 8187967487105563.0 1.331894607194176e+16 1.7692095318642776e+16 1.7675609831302598e+16 1.7541892151191358e+16 1.7232545630224208e+16 1.668813890898532e+16 1.5860415469937458e+16 1.4722104884536312e+16 1.3260116534526382e+16 1.1538328797679094e+16 7953330510765542.0 1.2967688871326974e+16 1.723324730203005e+16 1.7217243251344152e+16 1.7088734554698238e+16 1.6790863402604994e+16 1.6264811485154184e+16 1.5461898563953792e+16 1.435410661623777e+16 1.2929609597821312e+16 1.1250592203732652e+16 7757967845630268.0 1.2660600255270084e+16 1.6831868237808542e+16 1.6816221629742354e+16 1.6692253788880314e+16 1.640457124918067e+16 1.5895045929589342e+16 1.5114747018231706e+16 1.4034996883399192e+16 1.2644931415070592e+16 1.1005477689215156e+16 7592318618712962.0 1.239136984022413e+16 1.6479832382430042e+16 1.6464497094164568e+16 1.6344545029674952e+16 1.6065924028705784e+16 1.5571198039902602e+16 1.4811287670384206e+16 1.3756926165201328e+16 1.2397981675704298e+16 1.0794495874461294e+16 7450255213109534.0 1.2154799741038848e+16 1.6170411902545538e+16 1.615537192867209e+16 1.6038995567703538e+16 1.5768435770533126e+16 1.5286914998553888e+16 1.4545268641794498e+16 1.3513705293168814e+16 1.218265820658101e+16 1.0611595728937632e+16 7327467837095518.0 1.194653820873182e+16 1.5897955673867008e+16 1.5883203741715654e+16 1.5770019352636264e+16 1.5506627531178694e+16 1.5036860829824494e+16 1.4311510470499378e+16 1.3300320636175864e+16 1.1994168674677716e+16 1.045220367019196e+16 7220731847199660.0 1.2521086646513204e+16 1.5662034236599648e+16 1.5631325602881952e+16 1.5498930568631846e+16 1.5213663144539218e+16 1.4720033356539174e+16 1.3970096885385248e+16 1.2936780292409018e+16 1.1625859351251056e+16 1.0157972153839298e+16 6445451911068423.0 1.1556320916509294e+16 1.5448288030774464e+16 1.5426015908602602e+16 1.5313129332665694e+16 1.5062105387964558e+16 1.4618576898459074e+16 1.39319687287706e+16 1.297003266282981e+16 1.1739539959794578e+16 1.0367396452662314e+16 7279020167675058.0 1.1418018975854724e+16 1.5260208346664962e+16 1.5239058659493258e+16 1.5128945373227696e+16 1.488280088261443e+16 1.4446647184563454e+16 1.3770105818706134e+16 1.2820744510113698e+16 1.160365699908331e+16 1.0238985435770614e+16 7180604389584730.0 1.1295599250767876e+16 1.5093773179771016e+16 1.507365197074711e+16 1.4966031838362144e+16 1.4724248342317762e+16 1.429466945734343e+16 1.36270926983612e+16 1.2688927109268982e+16 1.148380960954137e+16 1.012584213373121e+16 7093935869971060.0 1.1187140365314284e+16 1.4946351455531818e+16 1.4927164925294094e+16 1.4821778238575802e+16 1.4583884227869248e+16 1.4160158891702634e+16 1.3500557952441942e+16 1.2572354433285624e+16 1.1377918311491726e+16 1.0025960585522168e+16 7017462354222518.0 1.109098142164698e+16 1.4815671020657696e+16 1.4797328634667042e+16 1.4693937342608952e+16 1.4459506845604122e+16 1.404098770550325e+16 1.338847833977069e+16 1.2469135620770818e+16 1.1284225857569838e+16 9937650041210066.0 6949876017208978.0 1.1005683835916508e+16 1.4699765522650634e+16 1.4682181897079382e+16 1.4580569581022278e+16 1.4349219495732488e+16 1.393532714645025e+16 1.3289119916342822e+16 1.2377655755462342e+16 1.1201237775945526e+16 9859475671641148.0 6890067303744318.0 1.0929999354382984e+16 1.4596930026277232e+16 1.4580025965343878e+16 1.4479997045327294e+16 1.4251383848021098e+16 1.384160048740857e+16 1.3200991031308792e+16 1.2296529346376466e+16 1.1127676353560858e+16 9790212961988362.0 6837089496476843.0 1.0862843241517868e+16 1.4505683872348672e+16 1.4489386854514558e+16 1.4390765356262074e+16 1.416458156402789e+16 1.3758444694354982e+16 1.312280443158911e+16 1.2224563295676208e+16 1.1062444432772246e+16 9728812004846448.0 6790130997717256.0 1.0803272387390366e+16 1.442474017927875e+16 1.4408984232027368e+16 1.431161212564465e+16 1.4087582624036022e+16 1.3684678971188478e+16 1.305344642550567e+16 1.216072707124135e+16 1.1004596552058582e+16 9674369136439478.0 6748493313321930.0 1.0750465280568744e+16 1.4352978667824202e+16 1.4337704250022966e+16 1.4241439892989082e+16 1.4019318529537526e+16 1.3619278472157456e+16 1.2991951407863632e+16 1.2104128338056474e+16 1.0953315611284612e+16 9626104105836792.0 6711573336592834.0 1.07037062341855e+16 1.4289423558431278e+16 1.427457716711088e+16 1.4179293688870734e+16 1.3958860055584846e+16 1.3561352522792272e+16 1.2937480849025808e+16 1.205399298351737e+16 1.0907893876779624e+16 9583341537677162.0 6678848955001652.0 1.0662371706533692e+16 1.4233224842878162e+16 1.421875853640644e+16 1.4124342253120494e+16 1.3905398690262766e+16 1.3510126516992486e+16 1.2889305906470126e+16 1.2009648670991754e+16 1.086771742543256e+16 9545495776807348.0 6649867271542165.0 1.0625918688186434e+16 1.4183642322232904e+16 1.4169513221820858e+16 1.4075862149507984e+16 1.3858231009923514e+16 1.3464926749984112e+16 1.2846792928461384e+16 1.1970511202987028e+16 1.08322533312678e+16 9512058419672758.0 6624234903885358.0 1.0593874849658372e+16 1.4140032064917534e+16 1.4126201842697888e+16 1.4033224319606126e+16 1.3816745494142274e+16 1.3425167667148818e+16 1.280939131641408e+16 1.1936073147819894e+16 1.0801039013308276e+16 9482587980629706.0 6601609942515512.0 1.0565829987575968e+16 1.4101834733993682e+16 1.408826919947713e+16 1.3995882686588426e+16 1.378041140700911e+16 1.3390341152221302e+16 1.2776623364528758e+16 1.1905894357712808e+16 1.077367339847634e+16 9456701309727920.0 6581695260063193.0 1.0541429506629592e+16 1.406856642056833e+16 1.4055234971197378e+16 1.3963364830344048e+16 1.3748769601399256e+16 1.3360007616889726e+16 1.2748075786004002e+16 1.1879594059416668e+16 1.074980955657656e+16 9434066440028536.0 6564232926129821.0 1.0520367901165298e+16 1.4039810002149552e+16 1.4026685255074128e+16 1.3935263738221682e+16 1.3721424533897834e+16 1.3333788360029354e+16 1.2723392509307746e+16 1.185684416852999e+16 1.072914851280199e+16 9414396590334666.0 6548999522486098.0 1.0502383833087876e+16 1.4015208210665846e+16 1.4002265625122514e+16 1.3911230951970448e+16 1.3698037590367528e+16 1.331135916502704e+16 1.2702268641017054e+16 1.1837363696216426e+16 1.0711434075285478e+16 9397445145483064.0 6535802211806334.0 1.0487255939153878e+16 1.3994457898123322e+16 1.3981675417697878e+16 1.3890970918122368e+16 1.3678321570351018e+16 1.329244499733889e+16 1.268444545692873e+16 1.1820914102701278e+16 1.0696448538672252e+16 9383001471881180.0 6524475447329895.0 1.0474799301122998e+16 1.39773051982644e+16 1.3964662935247912e+16 1.3874236271856472e+16 1.3662036099617302e+16 1.3276815603600122e+16 1.2669706252225432e+16 1.180729545217015e+16 1.0684009129671602e+16 9370887441405364.0 6514878226664138.0 1.0464862546764004e+16 1.396354153280311e+16 1.3951021485710382e+16 1.3860823946473074e+16 1.3648983852952386e+16 1.3264281895825568e+16 1.2657872933063294e+16 1.1796343256302606e+16 1.0673965088681942e+16 9360954560589162.0 6506891809790233.0 1.045732550975078e+16 1.39530003779932e+16 1.3940586176731104e+16 1.3850572023613862e+16 1.3639007493656088e+16 1.3254693019421906e+16 1.264880325642488e+16 1.1787925918576274e+16 1.0666195304320222e+16 9353081623990420.0 6500417837644036.0 1.0452097393147924e+16 1.3945554714405706e+16 1.3933231390629882e+16 1.3843357255214666e+16 1.363198726769884e+16 1.3247934047721504e+16 1.2642388655988454e+16 1.1781942719396808e+16 1.0660606441355632e+16 9347172830836530.0 6495376802250240.0 1.0449115396571792e+16 1.3941115102809258e+16 1.3928868881865414e+16 1.3839093198256478e+16 1.3627839193592752e+16 1.324392424684732e+16 1.263855260280095e+16 1.1778322291836248e+16 1.0657131515284436e+16 9343156317760030.0 6491706830431565.0 1.3930906381072806e+16 1.7422297009953348e+16 1.7414324860687336e+16 1.731427555878921e+16 1.7068531208800346e+16 1.6613589289815748e+16 1.5887384475085292e+16 1.484540194351647e+16 1.3475910205992444e+16 1.1849266258318072e+16 8652483668790961.0
    </DataArray>
    <DataArray type="Float32" Name="Temperature [K]" NumberOfComponents="1" format="ascii">
421.5736665223653 467.98658136413684 493.923456857457 510.8306177627668 524.4418762085647 536.4398917561788 546.9021860633378 554.7234213740687 557.7032718432656 553.0838218009735 538.0999139878487 416.48917889854147 457.54246538947393 484.0984965005841 502.595155087059 517.2961254649878 529.8765960891827 540.5645488110334 548.4209779219892 551.4462939422936 547.1347117029496 533.0254221535278 407.41402306432036 440.49505741355176 465.80348359052385 485.2635162397965 500.9901611753289 514.1390619872333 524.9161579903721 532.598637370543 535.594572675419 531.9263867193998 519.822490462608 398.30731351799284 425.33809772369807 448.06379912004365 466.7915548437195 482.35053371062435 495.28468439074106 505.5886617596854 512.6314518444862 515.2718178136045 512.1807200445741 502.2891373280415 389.793425136157 412.4307072034836 432.3926788954377 449.5423770052974 464.09531610853617 476.1624162245649 485.5643510461573 491.7710542291908 493.99234976670124 491.40119111010546 483.45211747325766 381.88535567336675 401.14043263544517 418.536246554913 433.8160720825111 446.9342834294905 457.80580417517285 466.16874876040134 471.56949394486327 473.4527929505677 471.32432363462516 464.9572122930243 374.5486890855604 391.06506134854135 406.1731920643179 419.5928032904212 431.16693683217613 440.7342460421225 448.03459476038375 452.70018593912863 454.3338613102041 452.6360250283315 447.54059102150654 367.75997373693866 381.9987596459195 395.10359037873803 406.8034981545588 416.9007488977185 425.21028992013294 431.5051660198049 435.506813829151 436.93698261341757 435.61021198441307 431.52712946216553 361.50281828346886 373.8278112326387 385.1977443208203 395.365784169135 404.1302747032563 411.30824042502826 416.70893801284484 420.1280931860093 421.37736857015653 420.34324174709894 417.04886564923845 355.7576106205628 366.46690986218005 376.34561982133494 385.1773013072095 392.7747605508459 398.9702546970659 403.60516325707533 406.5290620985092 407.6163176680382 406.79976398951663 404.10804198004917 350.4991755248503 359.8384952634876 368.44052846892095 376.1198169446851 382.7110121786614 388.0669715189975 392.0564776730511 394.566304652033 395.51132581479317 394.85281338299467 392.61881166926776 345.698753085071 353.8708938859932 361.3809925151433 368.07198860145394 373.8016681235358 378.4441755054524 381.8912763178963 384.05557970761197 384.8771995121538 384.33365482654756 382.45006672225253 341.32612741321157 348.49919839089836 355.0743153765915 360.9190572545335 365.9127227056669 369.9490603785524 372.9388028716407 374.8129807857808 375.52751616548096 375.0687023077432 373.45792236041143 337.3508977261993 343.6651283927213 349.43777192745085 354.5572298958762 358.9216215245082 362.44172478921024 365.04373423021536 366.6722137412318 367.29333942376235 366.89803775542043 365.503961432074 333.7431587855887 339.3162554510472 344.3981349686422 348.8945914574212 352.71972036563784 355.7986541045686 358.0701158713445 359.48889091228443 360.0281572845276 359.6813548497952 358.46285643936915 330.47392223911396 335.40523035757764 339.8906463057743 343.8504246883518 347.2120274854647 349.9125146376488 351.9007575043915 353.1394528447867 353.6068322493062 353.29782620515346 352.22414398247287 327.51541547046037 331.8891907580385 335.85796725605366 339.35401046220363 342.3158977948193 344.6905468599677 346.4350782507138 347.5184439985488 347.9227116199423 347.6438275561319 346.69144700236154 324.84129326928036 328.72931112755066 332.24925209191343 335.3433693697093 337.95947161118545 340.052620757851 341.58668157767795 342.535641595345 342.8846010030306 342.63030257233504 341.78086932506096 322.4267738977167 325.89043410166454 329.0193508060204 331.76410348695515 334.0801781708789 335.92938226928953 337.28113094928216 338.1135256459459 338.4141372129291 338.1803951382095 337.41930280409804 320.24871063964923 323.34074688861426 326.1281214493018 328.56837874381523 330.6234091690339 332.26062907676123 333.4540524329476 334.1851817381629 334.4436426516986 334.22748463404156 333.5429020977936 318.28561149313873 321.05148666040776 323.5398340964216 325.71404756634405 327.5413807459288 328.99393546415257 330.04956050930775 330.69259656775813 330.9144015135727 330.71359220094337 330.09578094758643 316.5176194544607 318.99666882863676 321.2226528314124 323.16389860585787 324.7921706641933 326.0835038026507 327.0189634100428 327.58527611943384 327.7752726030431 327.5880879020834 327.0289145808259 314.92646433585384 317.1528360241106 319.14818489977796 320.88501708316306 322.33890785238185 323.48920905734445 324.31969843937054 324.8191200727534 324.9815634734433 324.8066330402901 324.29921611882224 313.4953950906425 315.4988267871021 317.2910878102584 318.8482394563416 320.14909048708387 321.1758030880825 321.9144529801236 322.355498016616 322.4941071349972 322.33030568563714 321.8687557815543 312.2090996840241 314.0155631518492 315.62872635552816 317.0276876235803 318.1940109365637 319.1122496612024 319.77043463610926 320.1604850447199 320.278497203576 320.1248703976741 319.70409695690284 311.05361786050514 312.6858562002836 314.1408725561466 315.4003698221495 316.448268988231 317.2711659856683 317.8587613126155 318.2042241416081 318.3044485155045 318.1601630419423 317.77572852754946 310.01625077818767 311.49422852964017 312.8094424930496 313.94583736976506 314.88935791829255 315.6283511420429 316.1539481996937 316.46039033890423 316.5452583640912 316.4095687629746 316.05757718221014 309.08547039125665 310.4267525005155 311.61826487729695 312.6458882205562 313.4973107777133 314.1623856511139 314.6334735447412 314.9057373260092 314.9773493939563 314.84957629996325 314.52658675887693 308.250830623233 309.470903111544 310.5528769948568 311.48430989656276 312.2543966559452 312.8542895956156 313.27740894815406 313.5197114804925 313.5798794724599 313.459395535017 313.162354186764 307.5028817374561 308.61542436967915 309.6003443495087 310.4466556921505 311.14485864607315 311.6872292401627 312.068102899466 312.2841215108217 312.3344070221132 312.22062789225896 311.9468135226274 306.8330888343573 307.85020807476906 308.74910090886897 309.5200491488191 310.1546868179687 310.64626409453786 310.98990857826556 311.1828543522039 311.22460266921394 311.11698125479865 310.863961076433 306.23375505109556 307.1661840013258 307.9888073454316 308.69301269222717 309.2714207712821 309.71812793905076 310.0289487318084 310.2016298297268 310.23599986714515 310.1340226337933 309.8996158053982 305.697949778936 306.55522053063487 307.31022506797945 307.95531704499246 308.48397734643066 308.8910385672141 309.17291183134597 309.327788048958 309.35577854220315 309.25896304223477 309.04121010405674 305.21944202485116 306.010034857816 306.70510417171886 307.2978486097269 307.7824998714683 308.1545319745343 308.410874795943 308.550104600227 308.5725768935279 308.48046998685345 308.2776068874753 304.79263890862586 305.524111967722 306.1660837096087 306.7124924840364 307.15822595909657 307.49931749147635 307.7331484274672 307.8586295476356 307.8763273335638 307.7885037586236 307.5989394956202 304.41252919149434 305.09163163787963 305.68660291277484 306.1920291460384 306.6033713765487 306.9171509699596 307.1311423779563 307.24454687546717 307.2581132369516 307.17417432160175 306.9964714687451 304.0746316699898 304.70740279339293 305.2608221801268 305.7300431580809 306.111027921771 306.40072362285764 306.59724701228896 306.7000516263612 306.7100437145608 306.6296161047518 306.4624736788275 303.77494822649516 304.366804594188 304.88355281253064 305.3208424852254 305.6750735693476 305.94356450947515 306.12472996437833 306.2182424185051 306.22514407503024 306.1478784165973 305.990116667287 303.5099213046013 304.06573369098584 304.5501946008724 304.9593872318282 305.2900934197247 305.53995498005406 305.70764553871476 305.7930273979253 305.7972600015238 305.7228295468271 305.5733763476244 303.27639556650735 303.80055713813834 304.2566804912711 304.64122677148913 304.95131020769674 305.1848536547786 305.3407553988299 305.4190419850126 305.420973773492 305.3490729067245 305.20695149360085 303.0715834883334 303.56807050001396 303.9994276487829 304.36244438998085 304.65452331084145 304.8738307297544 305.0194592237539 305.09157702564005 305.0915311151919 305.02187380261245 304.8861916573188 302.8930346550539 303.3654607338309 303.77529432657343 304.11960868327304 304.3960553534761 304.6030105834805 304.73973421318664 304.80651616714596 304.8047774643932 304.73709564190546 304.6070343536449 302.7386085267187 303.19027347285686 303.5815420208766 303.9097310566006 304.17270563230517 304.36902180962267 304.4980824900638 304.5602814565067 304.5571026341509 304.4911445468231 304.36595051324355 302.6064504630181 303.04038437727917 303.4158024609844 303.7302287630301 303.9817097033272 304.1689539325131 304.2914855925383 304.3497863090707 304.34539299407305 304.28092150186495 304.15989735052415 302.49497080953586 302.9139742568498 303.2760490418638 303.5788929987231 303.82070456631703 304.00032017335894 304.1173653699889 304.1723951257374 304.1669904297444 304.1037812920236 303.98627791861105 302.40282686773963 302.80950770605097 303.16057236101676 303.45386164245474 303.6876989681487 303.8610257322677 303.97355070405837 304.0258889488707 304.01965745400963 303.9574976030903 303.8429067341123 302.32890759058944 302.725715027335 303.06795957064185 303.3535962900758 303.58104842156274 303.7493411367631 303.85824956913643 303.90843664587265 303.9015479449417 303.8402337563115 303.7279809526095 302.27232086614737 302.6615772510998 302.99707730161873 303.27686329167824 303.4994346034041 303.6638802836046 303.7700260296125 303.8185711968528 303.81118307515624 303.75051863955593 303.64005666361004 302.2323832724921 302.6163140928088 302.94705795817896 303.2227185514785 303.44184885750803 303.60358286939197 303.7077818457661 303.75517074142994 303.74743207788623 303.68722747814076 303.5780299530967 302.208612208391 302.58937471826647 302.91728922192164 303.19049589886725 303.40757958357096 303.56770096815814 303.6707424280644 303.71744411123404 303.7094975687593 303.64956716234144 303.54112245442377 302.2007203254089 302.5804312177061 302.9074066416612 303.17979888453647 303.3962033456687 303.555789572322 303.6584469424312 303.7049206407583 303.69690521015207 303.63706591693847 303.52887117561374
    </DataArray>
   </PointData>
  </Piece>
 </UnstructuredGrid>
</VTKFile>
