<?xml version="1.0"?>
<VTKFile type="UnstructuredGrid" version="0.1" byte_order="LittleEndian">
 <UnstructuredGrid>
  <Piece NumberOfPoints="561" NumberOfCells="1000">
   <Points>
    <DataArray type="Float32" NumberOfComponents="3" format="ascii">
0.0 1e-08 0.0
0.0 1.1000000000000001e-08 0.0
0.0 1.2000000000000002e-08 0.0
0.0 1.3e-08 0.0
0.0 1.4000000000000001e-08 0.0
0.0 1.5000000000000002e-08 0.0
0.0 1.6e-08 0.0
0.0 1.7e-08 0.0
0.0 1.8000000000000002e-08 0.0
0.0 1.9e-08 0.0
0.0 2e-08 0.0
1e-09 1e-08 0.0
1e-09 1.1000000000000001e-08 0.0
1e-09 1.2000000000000002e-08 0.0
1e-09 1.3e-08 0.0
1e-09 1.4000000000000001e-08 0.0
1e-09 1.5000000000000002e-08 0.0
1e-09 1.6e-08 0.0
1e-09 1.7e-08 0.0
1e-09 1.8000000000000002e-08 0.0
1e-09 1.9e-08 0.0
1e-09 2e-08 0.0
2e-09 1e-08 0.0
2e-09 1.1000000000000001e-08 0.0
2e-09 1.2000000000000002e-08 0.0
2e-09 1.3e-08 0.0
2e-09 1.4000000000000001e-08 0.0
2e-09 1.5000000000000002e-08 0.0
2e-09 1.6e-08 0.0
2e-09 1.7e-08 0.0
2e-09 1.8000000000000002e-08 0.0
2e-09 1.9e-08 0.0
2e-09 2e-08 0.0
3.0000000000000004e-09 1e-08 0.0
3.0000000000000004e-09 1.1000000000000001e-08 0.0
3.0000000000000004e-09 1.2000000000000002e-08 0.0
3.0000000000000004e-09 1.3e-08 0.0
3.0000000000000004e-09 1.4000000000000001e-08 0.0
3.0000000000000004e-09 1.5000000000000002e-08 0.0
3.0000000000000004e-09 1.6e-08 0.0
3.0000000000000004e-09 1.7e-08 0.0
3.0000000000000004e-09 1.8000000000000002e-08 0.0
3.0000000000000004e-09 1.9e-08 0.0
3.0000000000000004e-09 2e-08 0.0
4e-09 1e-08 0.0
4e-09 1.1000000000000001e-08 0.0
4e-09 1.2000000000000002e-08 0.0
4e-09 1.3e-08 0.0
4e-09 1.4000000000000001e-08 0.0
4e-09 1.5000000000000002e-08 0.0
4e-09 1.6e-08 0.0
4e-09 1.7e-08 0.0
4e-09 1.8000000000000002e-08 0.0
4e-09 1.9e-08 0.0
4e-09 2e-08 0.0
5e-09 1e-08 0.0
5e-09 1.1000000000000001e-08 0.0
5e-09 1.2000000000000002e-08 0.0
5e-09 1.3e-08 0.0
5e-09 1.4000000000000001e-08 0.0
5e-09 1.5000000000000002e-08 0.0
5e-09 1.6e-08 0.0
5e-09 1.7e-08 0.0
5e-09 1.8000000000000002e-08 0.0
5e-09 1.9e-08 0.0
5e-09 2e-08 0.0
6.000000000000001e-09 1e-08 0.0
6.000000000000001e-09 1.1000000000000001e-08 0.0
6.000000000000001e-09 1.2000000000000002e-08 0.0
6.000000000000001e-09 1.3e-08 0.0
6.000000000000001e-09 1.4000000000000001e-08 0.0
6.000000000000001e-09 1.5000000000000002e-08 0.0
6.000000000000001e-09 1.6e-08 0.0
6.000000000000001e-09 1.7e-08 0.0
6.000000000000001e-09 1.8000000000000002e-08 0.0
6.000000000000001e-09 1.9e-08 0.0
6.000000000000001e-09 2e-08 0.0
7.000000000000001e-09 1e-08 0.0
7.000000000000001e-09 1.1000000000000001e-08 0.0
7.000000000000001e-09 1.2000000000000002e-08 0.0
7.000000000000001e-09 1.3e-08 0.0
7.000000000000001e-09 1.4000000000000001e-08 0.0
7.000000000000001e-09 1.5000000000000002e-08 0.0
7.000000000000001e-09 1.6e-08 0.0
7.000000000000001e-09 1.7e-08 0.0
7.000000000000001e-09 1.8000000000000002e-08 0.0
7.000000000000001e-09 1.9e-08 0.0
7.000000000000001e-09 2e-08 0.0
8e-09 1e-08 0.0
8e-09 1.1000000000000001e-08 0.0
8e-09 1.2000000000000002e-08 0.0
8e-09 1.3e-08 0.0
8e-09 1.4000000000000001e-08 0.0
8e-09 1.5000000000000002e-08 0.0
8e-09 1.6e-08 0.0
8e-09 1.7e-08 0.0
8e-09 1.8000000000000002e-08 0.0
8e-09 1.9e-08 0.0
8e-09 2e-08 0.0
9.000000000000001e-09 1e-08 0.0
9.000000000000001e-09 1.1000000000000001e-08 0.0
9.000000000000001e-09 1.2000000000000002e-08 0.0
9.000000000000001e-09 1.3e-08 0.0
9.000000000000001e-09 1.4000000000000001e-08 0.0
9.000000000000001e-09 1.5000000000000002e-08 0.0
9.000000000000001e-09 1.6e-08 0.0
9.000000000000001e-09 1.7e-08 0.0
9.000000000000001e-09 1.8000000000000002e-08 0.0
9.000000000000001e-09 1.9e-08 0.0
9.000000000000001e-09 2e-08 0.0
1e-08 1e-08 0.0
1e-08 1.1000000000000001e-08 0.0
1e-08 1.2000000000000002e-08 0.0
1e-08 1.3e-08 0.0
1e-08 1.4000000000000001e-08 0.0
1e-08 1.5000000000000002e-08 0.0
1e-08 1.6e-08 0.0
1e-08 1.7e-08 0.0
1e-08 1.8000000000000002e-08 0.0
1e-08 1.9e-08 0.0
1e-08 2e-08 0.0
1.1000000000000001e-08 1e-08 0.0
1.1000000000000001e-08 1.1000000000000001e-08 0.0
1.1000000000000001e-08 1.2000000000000002e-08 0.0
1.1000000000000001e-08 1.3e-08 0.0
1.1000000000000001e-08 1.4000000000000001e-08 0.0
1.1000000000000001e-08 1.5000000000000002e-08 0.0
1.1000000000000001e-08 1.6e-08 0.0
1.1000000000000001e-08 1.7e-08 0.0
1.1000000000000001e-08 1.8000000000000002e-08 0.0
1.1000000000000001e-08 1.9e-08 0.0
1.1000000000000001e-08 2e-08 0.0
1.2000000000000002e-08 1e-08 0.0
1.2000000000000002e-08 1.1000000000000001e-08 0.0
1.2000000000000002e-08 1.2000000000000002e-08 0.0
1.2000000000000002e-08 1.3e-08 0.0
1.2000000000000002e-08 1.4000000000000001e-08 0.0
1.2000000000000002e-08 1.5000000000000002e-08 0.0
1.2000000000000002e-08 1.6e-08 0.0
1.2000000000000002e-08 1.7e-08 0.0
1.2000000000000002e-08 1.8000000000000002e-08 0.0
1.2000000000000002e-08 1.9e-08 0.0
1.2000000000000002e-08 2e-08 0.0
1.3e-08 1e-08 0.0
1.3e-08 1.1000000000000001e-08 0.0
1.3e-08 1.2000000000000002e-08 0.0
1.3e-08 1.3e-08 0.0
1.3e-08 1.4000000000000001e-08 0.0
1.3e-08 1.5000000000000002e-08 0.0
1.3e-08 1.6e-08 0.0
1.3e-08 1.7e-08 0.0
1.3e-08 1.8000000000000002e-08 0.0
1.3e-08 1.9e-08 0.0
1.3e-08 2e-08 0.0
1.4000000000000001e-08 1e-08 0.0
1.4000000000000001e-08 1.1000000000000001e-08 0.0
1.4000000000000001e-08 1.2000000000000002e-08 0.0
1.4000000000000001e-08 1.3e-08 0.0
1.4000000000000001e-08 1.4000000000000001e-08 0.0
1.4000000000000001e-08 1.5000000000000002e-08 0.0
1.4000000000000001e-08 1.6e-08 0.0
1.4000000000000001e-08 1.7e-08 0.0
1.4000000000000001e-08 1.8000000000000002e-08 0.0
1.4000000000000001e-08 1.9e-08 0.0
1.4000000000000001e-08 2e-08 0.0
1.5000000000000002e-08 1e-08 0.0
1.5000000000000002e-08 1.1000000000000001e-08 0.0
1.5000000000000002e-08 1.2000000000000002e-08 0.0
1.5000000000000002e-08 1.3e-08 0.0
1.5000000000000002e-08 1.4000000000000001e-08 0.0
1.5000000000000002e-08 1.5000000000000002e-08 0.0
1.5000000000000002e-08 1.6e-08 0.0
1.5000000000000002e-08 1.7e-08 0.0
1.5000000000000002e-08 1.8000000000000002e-08 0.0
1.5000000000000002e-08 1.9e-08 0.0
1.5000000000000002e-08 2e-08 0.0
1.6e-08 1e-08 0.0
1.6e-08 1.1000000000000001e-08 0.0
1.6e-08 1.2000000000000002e-08 0.0
1.6e-08 1.3e-08 0.0
1.6e-08 1.4000000000000001e-08 0.0
1.6e-08 1.5000000000000002e-08 0.0
1.6e-08 1.6e-08 0.0
1.6e-08 1.7e-08 0.0
1.6e-08 1.8000000000000002e-08 0.0
1.6e-08 1.9e-08 0.0
1.6e-08 2e-08 0.0
1.7e-08 1e-08 0.0
1.7e-08 1.1000000000000001e-08 0.0
1.7e-08 1.2000000000000002e-08 0.0
1.7e-08 1.3e-08 0.0
1.7e-08 1.4000000000000001e-08 0.0
1.7e-08 1.5000000000000002e-08 0.0
1.7e-08 1.6e-08 0.0
1.7e-08 1.7e-08 0.0
1.7e-08 1.8000000000000002e-08 0.0
1.7e-08 1.9e-08 0.0
1.7e-08 2e-08 0.0
1.8000000000000002e-08 1e-08 0.0
1.8000000000000002e-08 1.1000000000000001e-08 0.0
1.8000000000000002e-08 1.2000000000000002e-08 0.0
1.8000000000000002e-08 1.3e-08 0.0
1.8000000000000002e-08 1.4000000000000001e-08 0.0
1.8000000000000002e-08 1.5000000000000002e-08 0.0
1.8000000000000002e-08 1.6e-08 0.0
1.8000000000000002e-08 1.7e-08 0.0
1.8000000000000002e-08 1.8000000000000002e-08 0.0
1.8000000000000002e-08 1.9e-08 0.0
1.8000000000000002e-08 2e-08 0.0
1.9e-08 1e-08 0.0
1.9e-08 1.1000000000000001e-08 0.0
1.9e-08 1.2000000000000002e-08 0.0
1.9e-08 1.3e-08 0.0
1.9e-08 1.4000000000000001e-08 0.0
1.9e-08 1.5000000000000002e-08 0.0
1.9e-08 1.6e-08 0.0
1.9e-08 1.7e-08 0.0
1.9e-08 1.8000000000000002e-08 0.0
1.9e-08 1.9e-08 0.0
1.9e-08 2e-08 0.0
2e-08 1e-08 0.0
2e-08 1.1000000000000001e-08 0.0
2e-08 1.2000000000000002e-08 0.0
2e-08 1.3e-08 0.0
2e-08 1.4000000000000001e-08 0.0
2e-08 1.5000000000000002e-08 0.0
2e-08 1.6e-08 0.0
2e-08 1.7e-08 0.0
2e-08 1.8000000000000002e-08 0.0
2e-08 1.9e-08 0.0
2e-08 2e-08 0.0
2.1000000000000003e-08 1e-08 0.0
2.1000000000000003e-08 1.1000000000000001e-08 0.0
2.1000000000000003e-08 1.2000000000000002e-08 0.0
2.1000000000000003e-08 1.3e-08 0.0
2.1000000000000003e-08 1.4000000000000001e-08 0.0
2.1000000000000003e-08 1.5000000000000002e-08 0.0
2.1000000000000003e-08 1.6e-08 0.0
2.1000000000000003e-08 1.7e-08 0.0
2.1000000000000003e-08 1.8000000000000002e-08 0.0
2.1000000000000003e-08 1.9e-08 0.0
2.1000000000000003e-08 2e-08 0.0
2.2000000000000002e-08 1e-08 0.0
2.2000000000000002e-08 1.1000000000000001e-08 0.0
2.2000000000000002e-08 1.2000000000000002e-08 0.0
2.2000000000000002e-08 1.3e-08 0.0
2.2000000000000002e-08 1.4000000000000001e-08 0.0
2.2000000000000002e-08 1.5000000000000002e-08 0.0
2.2000000000000002e-08 1.6e-08 0.0
2.2000000000000002e-08 1.7e-08 0.0
2.2000000000000002e-08 1.8000000000000002e-08 0.0
2.2000000000000002e-08 1.9e-08 0.0
2.2000000000000002e-08 2e-08 0.0
2.3e-08 1e-08 0.0
2.3e-08 1.1000000000000001e-08 0.0
2.3e-08 1.2000000000000002e-08 0.0
2.3e-08 1.3e-08 0.0
2.3e-08 1.4000000000000001e-08 0.0
2.3e-08 1.5000000000000002e-08 0.0
2.3e-08 1.6e-08 0.0
2.3e-08 1.7e-08 0.0
2.3e-08 1.8000000000000002e-08 0.0
2.3e-08 1.9e-08 0.0
2.3e-08 2e-08 0.0
2.4000000000000003e-08 1e-08 0.0
2.4000000000000003e-08 1.1000000000000001e-08 0.0
2.4000000000000003e-08 1.2000000000000002e-08 0.0
2.4000000000000003e-08 1.3e-08 0.0
2.4000000000000003e-08 1.4000000000000001e-08 0.0
2.4000000000000003e-08 1.5000000000000002e-08 0.0
2.4000000000000003e-08 1.6e-08 0.0
2.4000000000000003e-08 1.7e-08 0.0
2.4000000000000003e-08 1.8000000000000002e-08 0.0
2.4000000000000003e-08 1.9e-08 0.0
2.4000000000000003e-08 2e-08 0.0
2.5000000000000002e-08 1e-08 0.0
2.5000000000000002e-08 1.1000000000000001e-08 0.0
2.5000000000000002e-08 1.2000000000000002e-08 0.0
2.5000000000000002e-08 1.3e-08 0.0
2.5000000000000002e-08 1.4000000000000001e-08 0.0
2.5000000000000002e-08 1.5000000000000002e-08 0.0
2.5000000000000002e-08 1.6e-08 0.0
2.5000000000000002e-08 1.7e-08 0.0
2.5000000000000002e-08 1.8000000000000002e-08 0.0
2.5000000000000002e-08 1.9e-08 0.0
2.5000000000000002e-08 2e-08 0.0
2.6e-08 1e-08 0.0
2.6e-08 1.1000000000000001e-08 0.0
2.6e-08 1.2000000000000002e-08 0.0
2.6e-08 1.3e-08 0.0
2.6e-08 1.4000000000000001e-08 0.0
2.6e-08 1.5000000000000002e-08 0.0
2.6e-08 1.6e-08 0.0
2.6e-08 1.7e-08 0.0
2.6e-08 1.8000000000000002e-08 0.0
2.6e-08 1.9e-08 0.0
2.6e-08 2e-08 0.0
2.7e-08 1e-08 0.0
2.7e-08 1.1000000000000001e-08 0.0
2.7e-08 1.2000000000000002e-08 0.0
2.7e-08 1.3e-08 0.0
2.7e-08 1.4000000000000001e-08 0.0
2.7e-08 1.5000000000000002e-08 0.0
2.7e-08 1.6e-08 0.0
2.7e-08 1.7e-08 0.0
2.7e-08 1.8000000000000002e-08 0.0
2.7e-08 1.9e-08 0.0
2.7e-08 2e-08 0.0
2.8000000000000003e-08 1e-08 0.0
2.8000000000000003e-08 1.1000000000000001e-08 0.0
2.8000000000000003e-08 1.2000000000000002e-08 0.0
2.8000000000000003e-08 1.3e-08 0.0
2.8000000000000003e-08 1.4000000000000001e-08 0.0
2.8000000000000003e-08 1.5000000000000002e-08 0.0
2.8000000000000003e-08 1.6e-08 0.0
2.8000000000000003e-08 1.7e-08 0.0
2.8000000000000003e-08 1.8000000000000002e-08 0.0
2.8000000000000003e-08 1.9e-08 0.0
2.8000000000000003e-08 2e-08 0.0
2.9e-08 1e-08 0.0
2.9e-08 1.1000000000000001e-08 0.0
2.9e-08 1.2000000000000002e-08 0.0
2.9e-08 1.3e-08 0.0
2.9e-08 1.4000000000000001e-08 0.0
2.9e-08 1.5000000000000002e-08 0.0
2.9e-08 1.6e-08 0.0
2.9e-08 1.7e-08 0.0
2.9e-08 1.8000000000000002e-08 0.0
2.9e-08 1.9e-08 0.0
2.9e-08 2e-08 0.0
3.0000000000000004e-08 1e-08 0.0
3.0000000000000004e-08 1.1000000000000001e-08 0.0
3.0000000000000004e-08 1.2000000000000002e-08 0.0
3.0000000000000004e-08 1.3e-08 0.0
3.0000000000000004e-08 1.4000000000000001e-08 0.0
3.0000000000000004e-08 1.5000000000000002e-08 0.0
3.0000000000000004e-08 1.6e-08 0.0
3.0000000000000004e-08 1.7e-08 0.0
3.0000000000000004e-08 1.8000000000000002e-08 0.0
3.0000000000000004e-08 1.9e-08 0.0
3.0000000000000004e-08 2e-08 0.0
3.1e-08 1e-08 0.0
3.1e-08 1.1000000000000001e-08 0.0
3.1e-08 1.2000000000000002e-08 0.0
3.1e-08 1.3e-08 0.0
3.1e-08 1.4000000000000001e-08 0.0
3.1e-08 1.5000000000000002e-08 0.0
3.1e-08 1.6e-08 0.0
3.1e-08 1.7e-08 0.0
3.1e-08 1.8000000000000002e-08 0.0
3.1e-08 1.9e-08 0.0
3.1e-08 2e-08 0.0
3.2e-08 1e-08 0.0
3.2e-08 1.1000000000000001e-08 0.0
3.2e-08 1.2000000000000002e-08 0.0
3.2e-08 1.3e-08 0.0
3.2e-08 1.4000000000000001e-08 0.0
3.2e-08 1.5000000000000002e-08 0.0
3.2e-08 1.6e-08 0.0
3.2e-08 1.7e-08 0.0
3.2e-08 1.8000000000000002e-08 0.0
3.2e-08 1.9e-08 0.0
3.2e-08 2e-08 0.0
3.3000000000000004e-08 1e-08 0.0
3.3000000000000004e-08 1.1000000000000001e-08 0.0
3.3000000000000004e-08 1.2000000000000002e-08 0.0
3.3000000000000004e-08 1.3e-08 0.0
3.3000000000000004e-08 1.4000000000000001e-08 0.0
3.3000000000000004e-08 1.5000000000000002e-08 0.0
3.3000000000000004e-08 1.6e-08 0.0
3.3000000000000004e-08 1.7e-08 0.0
3.3000000000000004e-08 1.8000000000000002e-08 0.0
3.3000000000000004e-08 1.9e-08 0.0
3.3000000000000004e-08 2e-08 0.0
3.4e-08 1e-08 0.0
3.4e-08 1.1000000000000001e-08 0.0
3.4e-08 1.2000000000000002e-08 0.0
3.4e-08 1.3e-08 0.0
3.4e-08 1.4000000000000001e-08 0.0
3.4e-08 1.5000000000000002e-08 0.0
3.4e-08 1.6e-08 0.0
3.4e-08 1.7e-08 0.0
3.4e-08 1.8000000000000002e-08 0.0
3.4e-08 1.9e-08 0.0
3.4e-08 2e-08 0.0
3.5e-08 1e-08 0.0
3.5e-08 1.1000000000000001e-08 0.0
3.5e-08 1.2000000000000002e-08 0.0
3.5e-08 1.3e-08 0.0
3.5e-08 1.4000000000000001e-08 0.0
3.5e-08 1.5000000000000002e-08 0.0
3.5e-08 1.6e-08 0.0
3.5e-08 1.7e-08 0.0
3.5e-08 1.8000000000000002e-08 0.0
3.5e-08 1.9e-08 0.0
3.5e-08 2e-08 0.0
3.6000000000000005e-08 1e-08 0.0
3.6000000000000005e-08 1.1000000000000001e-08 0.0
3.6000000000000005e-08 1.2000000000000002e-08 0.0
3.6000000000000005e-08 1.3e-08 0.0
3.6000000000000005e-08 1.4000000000000001e-08 0.0
3.6000000000000005e-08 1.5000000000000002e-08 0.0
3.6000000000000005e-08 1.6e-08 0.0
3.6000000000000005e-08 1.7e-08 0.0
3.6000000000000005e-08 1.8000000000000002e-08 0.0
3.6000000000000005e-08 1.9e-08 0.0
3.6000000000000005e-08 2e-08 0.0
3.7e-08 1e-08 0.0
3.7e-08 1.1000000000000001e-08 0.0
3.7e-08 1.2000000000000002e-08 0.0
3.7e-08 1.3e-08 0.0
3.7e-08 1.4000000000000001e-08 0.0
3.7e-08 1.5000000000000002e-08 0.0
3.7e-08 1.6e-08 0.0
3.7e-08 1.7e-08 0.0
3.7e-08 1.8000000000000002e-08 0.0
3.7e-08 1.9e-08 0.0
3.7e-08 2e-08 0.0
3.8e-08 1e-08 0.0
3.8e-08 1.1000000000000001e-08 0.0
3.8e-08 1.2000000000000002e-08 0.0
3.8e-08 1.3e-08 0.0
3.8e-08 1.4000000000000001e-08 0.0
3.8e-08 1.5000000000000002e-08 0.0
3.8e-08 1.6e-08 0.0
3.8e-08 1.7e-08 0.0
3.8e-08 1.8000000000000002e-08 0.0
3.8e-08 1.9e-08 0.0
3.8e-08 2e-08 0.0
3.9000000000000005e-08 1e-08 0.0
3.9000000000000005e-08 1.1000000000000001e-08 0.0
3.9000000000000005e-08 1.2000000000000002e-08 0.0
3.9000000000000005e-08 1.3e-08 0.0
3.9000000000000005e-08 1.4000000000000001e-08 0.0
3.9000000000000005e-08 1.5000000000000002e-08 0.0
3.9000000000000005e-08 1.6e-08 0.0
3.9000000000000005e-08 1.7e-08 0.0
3.9000000000000005e-08 1.8000000000000002e-08 0.0
3.9000000000000005e-08 1.9e-08 0.0
3.9000000000000005e-08 2e-08 0.0
4e-08 1e-08 0.0
4e-08 1.1000000000000001e-08 0.0
4e-08 1.2000000000000002e-08 0.0
4e-08 1.3e-08 0.0
4e-08 1.4000000000000001e-08 0.0
4e-08 1.5000000000000002e-08 0.0
4e-08 1.6e-08 0.0
4e-08 1.7e-08 0.0
4e-08 1.8000000000000002e-08 0.0
4e-08 1.9e-08 0.0
4e-08 2e-08 0.0
4.1e-08 1e-08 0.0
4.1e-08 1.1000000000000001e-08 0.0
4.1e-08 1.2000000000000002e-08 0.0
4.1e-08 1.3e-08 0.0
4.1e-08 1.4000000000000001e-08 0.0
4.1e-08 1.5000000000000002e-08 0.0
4.1e-08 1.6e-08 0.0
4.1e-08 1.7e-08 0.0
4.1e-08 1.8000000000000002e-08 0.0
4.1e-08 1.9e-08 0.0
4.1e-08 2e-08 0.0
4.2000000000000006e-08 1e-08 0.0
4.2000000000000006e-08 1.1000000000000001e-08 0.0
4.2000000000000006e-08 1.2000000000000002e-08 0.0
4.2000000000000006e-08 1.3e-08 0.0
4.2000000000000006e-08 1.4000000000000001e-08 0.0
4.2000000000000006e-08 1.5000000000000002e-08 0.0
4.2000000000000006e-08 1.6e-08 0.0
4.2000000000000006e-08 1.7e-08 0.0
4.2000000000000006e-08 1.8000000000000002e-08 0.0
4.2000000000000006e-08 1.9e-08 0.0
4.2000000000000006e-08 2e-08 0.0
4.3e-08 1e-08 0.0
4.3e-08 1.1000000000000001e-08 0.0
4.3e-08 1.2000000000000002e-08 0.0
4.3e-08 1.3e-08 0.0
4.3e-08 1.4000000000000001e-08 0.0
4.3e-08 1.5000000000000002e-08 0.0
4.3e-08 1.6e-08 0.0
4.3e-08 1.7e-08 0.0
4.3e-08 1.8000000000000002e-08 0.0
4.3e-08 1.9e-08 0.0
4.3e-08 2e-08 0.0
4.4000000000000004e-08 1e-08 0.0
4.4000000000000004e-08 1.1000000000000001e-08 0.0
4.4000000000000004e-08 1.2000000000000002e-08 0.0
4.4000000000000004e-08 1.3e-08 0.0
4.4000000000000004e-08 1.4000000000000001e-08 0.0
4.4000000000000004e-08 1.5000000000000002e-08 0.0
4.4000000000000004e-08 1.6e-08 0.0
4.4000000000000004e-08 1.7e-08 0.0
4.4000000000000004e-08 1.8000000000000002e-08 0.0
4.4000000000000004e-08 1.9e-08 0.0
4.4000000000000004e-08 2e-08 0.0
4.5000000000000006e-08 1e-08 0.0
4.5000000000000006e-08 1.1000000000000001e-08 0.0
4.5000000000000006e-08 1.2000000000000002e-08 0.0
4.5000000000000006e-08 1.3e-08 0.0
4.5000000000000006e-08 1.4000000000000001e-08 0.0
4.5000000000000006e-08 1.5000000000000002e-08 0.0
4.5000000000000006e-08 1.6e-08 0.0
4.5000000000000006e-08 1.7e-08 0.0
4.5000000000000006e-08 1.8000000000000002e-08 0.0
4.5000000000000006e-08 1.9e-08 0.0
4.5000000000000006e-08 2e-08 0.0
4.6e-08 1e-08 0.0
4.6e-08 1.1000000000000001e-08 0.0
4.6e-08 1.2000000000000002e-08 0.0
4.6e-08 1.3e-08 0.0
4.6e-08 1.4000000000000001e-08 0.0
4.6e-08 1.5000000000000002e-08 0.0
4.6e-08 1.6e-08 0.0
4.6e-08 1.7e-08 0.0
4.6e-08 1.8000000000000002e-08 0.0
4.6e-08 1.9e-08 0.0
4.6e-08 2e-08 0.0
4.7000000000000004e-08 1e-08 0.0
4.7000000000000004e-08 1.1000000000000001e-08 0.0
4.7000000000000004e-08 1.2000000000000002e-08 0.0
4.7000000000000004e-08 1.3e-08 0.0
4.7000000000000004e-08 1.4000000000000001e-08 0.0
4.7000000000000004e-08 1.5000000000000002e-08 0.0
4.7000000000000004e-08 1.6e-08 0.0
4.7000000000000004e-08 1.7e-08 0.0
4.7000000000000004e-08 1.8000000000000002e-08 0.0
4.7000000000000004e-08 1.9e-08 0.0
4.7000000000000004e-08 2e-08 0.0
4.8000000000000006e-08 1e-08 0.0
4.8000000000000006e-08 1.1000000000000001e-08 0.0
4.8000000000000006e-08 1.2000000000000002e-08 0.0
4.8000000000000006e-08 1.3e-08 0.0
4.8000000000000006e-08 1.4000000000000001e-08 0.0
4.8000000000000006e-08 1.5000000000000002e-08 0.0
4.8000000000000006e-08 1.6e-08 0.0
4.8000000000000006e-08 1.7e-08 0.0
4.8000000000000006e-08 1.8000000000000002e-08 0.0
4.8000000000000006e-08 1.9e-08 0.0
4.8000000000000006e-08 2e-08 0.0
4.9e-08 1e-08 0.0
4.9e-08 1.1000000000000001e-08 0.0
4.9e-08 1.2000000000000002e-08 0.0
4.9e-08 1.3e-08 0.0
4.9e-08 1.4000000000000001e-08 0.0
4.9e-08 1.5000000000000002e-08 0.0
4.9e-08 1.6e-08 0.0
4.9e-08 1.7e-08 0.0
4.9e-08 1.8000000000000002e-08 0.0
4.9e-08 1.9e-08 0.0
4.9e-08 2e-08 0.0
5.0000000000000004e-08 1e-08 0.0
5.0000000000000004e-08 1.1000000000000001e-08 0.0
5.0000000000000004e-08 1.2000000000000002e-08 0.0
5.0000000000000004e-08 1.3e-08 0.0
5.0000000000000004e-08 1.4000000000000001e-08 0.0
5.0000000000000004e-08 1.5000000000000002e-08 0.0
5.0000000000000004e-08 1.6e-08 0.0
5.0000000000000004e-08 1.7e-08 0.0
5.0000000000000004e-08 1.8000000000000002e-08 0.0
5.0000000000000004e-08 1.9e-08 0.0
5.0000000000000004e-08 2e-08 0.0
    </DataArray>
   </Points>
   <Cells>
    <DataArray type="Int32" Name="connectivity" format="ascii">
0 11 1
11 12 1
1 12 2
12 13 2
2 13 3
13 14 3
3 14 4
14 15 4
4 15 5
15 16 5
5 16 6
16 17 6
6 17 7
17 18 7
7 18 8
18 19 8
8 19 9
19 20 9
9 20 10
20 21 10
11 22 12
22 23 12
12 23 13
23 24 13
13 24 14
24 25 14
14 25 15
25 26 15
15 26 16
26 27 16
16 27 17
27 28 17
17 28 18
28 29 18
18 29 19
29 30 19
19 30 20
30 31 20
20 31 21
31 32 21
22 33 23
33 34 23
23 34 24
34 35 24
24 35 25
35 36 25
25 36 26
36 37 26
26 37 27
37 38 27
27 38 28
38 39 28
28 39 29
39 40 29
29 40 30
40 41 30
30 41 31
41 42 31
31 42 32
42 43 32
33 44 34
44 45 34
34 45 35
45 46 35
35 46 36
46 47 36
36 47 37
47 48 37
37 48 38
48 49 38
38 49 39
49 50 39
39 50 40
50 51 40
40 51 41
51 52 41
41 52 42
52 53 42
42 53 43
53 54 43
44 55 45
55 56 45
45 56 46
56 57 46
46 57 47
57 58 47
47 58 48
58 59 48
48 59 49
59 60 49
49 60 50
60 61 50
50 61 51
61 62 51
51 62 52
62 63 52
52 63 53
63 64 53
53 64 54
64 65 54
55 66 56
66 67 56
56 67 57
67 68 57
57 68 58
68 69 58
58 69 59
69 70 59
59 70 60
70 71 60
60 71 61
71 72 61
61 72 62
72 73 62
62 73 63
73 74 63
63 74 64
74 75 64
64 75 65
75 76 65
66 77 67
77 78 67
67 78 68
78 79 68
68 79 69
79 80 69
69 80 70
80 81 70
70 81 71
81 82 71
71 82 72
82 83 72
72 83 73
83 84 73
73 84 74
84 85 74
74 85 75
85 86 75
75 86 76
86 87 76
77 88 78
88 89 78
78 89 79
89 90 79
79 90 80
90 91 80
80 91 81
91 92 81
81 92 82
92 93 82
82 93 83
93 94 83
83 94 84
94 95 84
84 95 85
95 96 85
85 96 86
96 97 86
86 97 87
97 98 87
88 99 89
99 100 89
89 100 90
100 101 90
90 101 91
101 102 91
91 102 92
102 103 92
92 103 93
103 104 93
93 104 94
104 105 94
94 105 95
105 106 95
95 106 96
106 107 96
96 107 97
107 108 97
97 108 98
108 109 98
99 110 100
110 111 100
100 111 101
111 112 101
101 112 102
112 113 102
102 113 103
113 114 103
103 114 104
114 115 104
104 115 105
115 116 105
105 116 106
116 117 106
106 117 107
117 118 107
107 118 108
118 119 108
108 119 109
119 120 109
110 121 111
121 122 111
111 122 112
122 123 112
112 123 113
123 124 113
113 124 114
124 125 114
114 125 115
125 126 115
115 126 116
126 127 116
116 127 117
127 128 117
117 128 118
128 129 118
118 129 119
129 130 119
119 130 120
130 131 120
121 132 122
132 133 122
122 133 123
133 134 123
123 134 124
134 135 124
124 135 125
135 136 125
125 136 126
136 137 126
126 137 127
137 138 127
127 138 128
138 139 128
128 139 129
139 140 129
129 140 130
140 141 130
130 141 131
141 142 131
132 143 133
143 144 133
133 144 134
144 145 134
134 145 135
145 146 135
135 146 136
146 147 136
136 147 137
147 148 137
137 148 138
148 149 138
138 149 139
149 150 139
139 150 140
150 151 140
140 151 141
151 152 141
141 152 142
152 153 142
143 154 144
154 155 144
144 155 145
155 156 145
145 156 146
156 157 146
146 157 147
157 158 147
147 158 148
158 159 148
148 159 149
159 160 149
149 160 150
160 161 150
150 161 151
161 162 151
151 162 152
162 163 152
152 163 153
163 164 153
154 165 155
165 166 155
155 166 156
166 167 156
156 167 157
167 168 157
157 168 158
168 169 158
158 169 159
169 170 159
159 170 160
170 171 160
160 171 161
171 172 161
161 172 162
172 173 162
162 173 163
173 174 163
163 174 164
174 175 164
165 176 166
176 177 166
166 177 167
177 178 167
167 178 168
178 179 168
168 179 169
179 180 169
169 180 170
180 181 170
170 181 171
181 182 171
171 182 172
182 183 172
172 183 173
183 184 173
173 184 174
184 185 174
174 185 175
185 186 175
176 187 177
187 188 177
177 188 178
188 189 178
178 189 179
189 190 179
179 190 180
190 191 180
180 191 181
191 192 181
181 192 182
192 193 182
182 193 183
193 194 183
183 194 184
194 195 184
184 195 185
195 196 185
185 196 186
196 197 186
187 198 188
198 199 188
188 199 189
199 200 189
189 200 190
200 201 190
190 201 191
201 202 191
191 202 192
202 203 192
192 203 193
203 204 193
193 204 194
204 205 194
194 205 195
205 206 195
195 206 196
206 207 196
196 207 197
207 208 197
198 209 199
209 210 199
199 210 200
210 211 200
200 211 201
211 212 201
201 212 202
212 213 202
202 213 203
213 214 203
203 214 204
214 215 204
204 215 205
215 216 205
205 216 206
216 217 206
206 217 207
217 218 207
207 218 208
218 219 208
209 220 210
220 221 210
210 221 211
221 222 211
211 222 212
222 223 212
212 223 213
223 224 213
213 224 214
224 225 214
214 225 215
225 226 215
215 226 216
226 227 216
216 227 217
227 228 217
217 228 218
228 229 218
218 229 219
229 230 219
220 231 221
231 232 221
221 232 222
232 233 222
222 233 223
233 234 223
223 234 224
234 235 224
224 235 225
235 236 225
225 236 226
236 237 226
226 237 227
237 238 227
227 238 228
238 239 228
228 239 229
239 240 229
229 240 230
240 241 230
231 242 232
242 243 232
232 243 233
243 244 233
233 244 234
244 245 234
234 245 235
245 246 235
235 246 236
246 247 236
236 247 237
247 248 237
237 248 238
248 249 238
238 249 239
249 250 239
239 250 240
250 251 240
240 251 241
251 252 241
242 253 243
253 254 243
243 254 244
254 255 244
244 255 245
255 256 245
245 256 246
256 257 246
246 257 247
257 258 247
247 258 248
258 259 248
248 259 249
259 260 249
249 260 250
260 261 250
250 261 251
261 262 251
251 262 252
262 263 252
253 264 254
264 265 254
254 265 255
265 266 255
255 266 256
266 267 256
256 267 257
267 268 257
257 268 258
268 269 258
258 269 259
269 270 259
259 270 260
270 271 260
260 271 261
271 272 261
261 272 262
272 273 262
262 273 263
273 274 263
264 275 265
275 276 265
265 276 266
276 277 266
266 277 267
277 278 267
267 278 268
278 279 268
268 279 269
279 280 269
269 280 270
280 281 270
270 281 271
281 282 271
271 282 272
282 283 272
272 283 273
283 284 273
273 284 274
284 285 274
275 286 287
275 287 276
276 287 288
276 288 277
277 288 289
277 289 278
278 289 290
278 290 279
279 290 291
279 291 280
280 291 292
280 292 281
281 292 293
281 293 282
282 293 294
282 294 283
283 294 295
283 295 284
284 295 296
284 296 285
286 297 298
286 298 287
287 298 299
287 299 288
288 299 300
288 300 289
289 300 301
289 301 290
290 301 302
290 302 291
291 302 303
291 303 292
292 303 304
292 304 293
293 304 305
293 305 294
294 305 306
294 306 295
295 306 307
295 307 296
297 308 309
297 309 298
298 309 310
298 310 299
299 310 311
299 311 300
300 311 312
300 312 301
301 312 313
301 313 302
302 313 314
302 314 303
303 314 315
303 315 304
304 315 316
304 316 305
305 316 317
305 317 306
306 317 318
306 318 307
308 319 320
308 320 309
309 320 321
309 321 310
310 321 322
310 322 311
311 322 323
311 323 312
312 323 324
312 324 313
313 324 325
313 325 314
314 325 326
314 326 315
315 326 327
315 327 316
316 327 328
316 328 317
317 328 329
317 329 318
319 330 331
319 331 320
320 331 332
320 332 321
321 332 333
321 333 322
322 333 334
322 334 323
323 334 335
323 335 324
324 335 336
324 336 325
325 336 337
325 337 326
326 337 338
326 338 327
327 338 339
327 339 328
328 339 340
328 340 329
330 341 342
330 342 331
331 342 343
331 343 332
332 343 344
332 344 333
333 344 345
333 345 334
334 345 346
334 346 335
335 346 347
335 347 336
336 347 348
336 348 337
337 348 349
337 349 338
338 349 350
338 350 339
339 350 351
339 351 340
341 352 353
341 353 342
342 353 354
342 354 343
343 354 355
343 355 344
344 355 356
344 356 345
345 356 357
345 357 346
346 357 358
346 358 347
347 358 359
347 359 348
348 359 360
348 360 349
349 360 361
349 361 350
350 361 362
350 362 351
352 363 364
352 364 353
353 364 365
353 365 354
354 365 366
354 366 355
355 366 367
355 367 356
356 367 368
356 368 357
357 368 369
357 369 358
358 369 370
358 370 359
359 370 371
359 371 360
360 371 372
360 372 361
361 372 373
361 373 362
363 374 375
363 375 364
364 375 376
364 376 365
365 376 377
365 377 366
366 377 378
366 378 367
367 378 379
367 379 368
368 379 380
368 380 369
369 380 381
369 381 370
370 381 382
370 382 371
371 382 383
371 383 372
372 383 384
372 384 373
374 385 386
374 386 375
375 386 387
375 387 376
376 387 388
376 388 377
377 388 389
377 389 378
378 389 390
378 390 379
379 390 391
379 391 380
380 391 392
380 392 381
381 392 393
381 393 382
382 393 394
382 394 383
383 394 395
383 395 384
385 396 397
385 397 386
386 397 398
386 398 387
387 398 399
387 399 388
388 399 400
388 400 389
389 400 401
389 401 390
390 401 402
390 402 391
391 402 403
391 403 392
392 403 404
392 404 393
393 404 405
393 405 394
394 405 406
394 406 395
396 407 408
396 408 397
397 408 409
397 409 398
398 409 410
398 410 399
399 410 411
399 411 400
400 411 412
400 412 401
401 412 413
401 413 402
402 413 414
402 414 403
403 414 415
403 415 404
404 415 416
404 416 405
405 416 417
405 417 406
407 418 419
407 419 408
408 419 420
408 420 409
409 420 421
409 421 410
410 421 422
410 422 411
411 422 423
411 423 412
412 423 424
412 424 413
413 424 425
413 425 414
414 425 426
414 426 415
415 426 427
415 427 416
416 427 428
416 428 417
418 429 430
418 430 419
419 430 431
419 431 420
420 431 432
420 432 421
421 432 433
421 433 422
422 433 434
422 434 423
423 434 435
423 435 424
424 435 436
424 436 425
425 436 437
425 437 426
426 437 438
426 438 427
427 438 439
427 439 428
429 440 441
429 441 430
430 441 442
430 442 431
431 442 443
431 443 432
432 443 444
432 444 433
433 444 445
433 445 434
434 445 446
434 446 435
435 446 447
435 447 436
436 447 448
436 448 437
437 448 449
437 449 438
438 449 450
438 450 439
440 451 452
440 452 441
441 452 453
441 453 442
442 453 454
442 454 443
443 454 455
443 455 444
444 455 456
444 456 445
445 456 457
445 457 446
446 457 458
446 458 447
447 458 459
447 459 448
448 459 460
448 460 449
449 460 461
449 461 450
451 462 463
451 463 452
452 463 464
452 464 453
453 464 465
453 465 454
454 465 466
454 466 455
455 466 467
455 467 456
456 467 468
456 468 457
457 468 469
457 469 458
458 469 470
458 470 459
459 470 471
459 471 460
460 471 472
460 472 461
462 473 474
462 474 463
463 474 475
463 475 464
464 475 476
464 476 465
465 476 477
465 477 466
466 477 478
466 478 467
467 478 479
467 479 468
468 479 480
468 480 469
469 480 481
469 481 470
470 481 482
470 482 471
471 482 483
471 483 472
473 484 485
473 485 474
474 485 486
474 486 475
475 486 487
475 487 476
476 487 488
476 488 477
477 488 489
477 489 478
478 489 490
478 490 479
479 490 491
479 491 480
480 491 492
480 492 481
481 492 493
481 493 482
482 493 494
482 494 483
484 495 496
484 496 485
485 496 497
485 497 486
486 497 498
486 498 487
487 498 499
487 499 488
488 499 500
488 500 489
489 500 501
489 501 490
490 501 502
490 502 491
491 502 503
491 503 492
492 503 504
492 504 493
493 504 505
493 505 494
495 506 507
495 507 496
496 507 508
496 508 497
497 508 509
497 509 498
498 509 510
498 510 499
499 510 511
499 511 500
500 511 512
500 512 501
501 512 513
501 513 502
502 513 514
502 514 503
503 514 515
503 515 504
504 515 516
504 516 505
506 517 518
506 518 507
507 518 519
507 519 508
508 519 520
508 520 509
509 520 521
509 521 510
510 521 522
510 522 511
511 522 523
511 523 512
512 523 524
512 524 513
513 524 525
513 525 514
514 525 526
514 526 515
515 526 527
515 527 516
517 528 529
517 529 518
518 529 530
518 530 519
519 530 531
519 531 520
520 531 532
520 532 521
521 532 533
521 533 522
522 533 534
522 534 523
523 534 535
523 535 524
524 535 536
524 536 525
525 536 537
525 537 526
526 537 538
526 538 527
528 539 540
528 540 529
529 540 541
529 541 530
530 541 542
530 542 531
531 542 543
531 543 532
532 543 544
532 544 533
533 544 545
533 545 534
534 545 546
534 546 535
535 546 547
535 547 536
536 547 548
536 548 537
537 548 549
537 549 538
539 550 551
539 551 540
540 551 552
540 552 541
541 552 553
541 553 542
542 553 554
542 554 543
543 554 555
543 555 544
544 555 556
544 556 545
545 556 557
545 557 546
546 557 558
546 558 547
547 558 559
547 559 548
548 559 560
548 560 549
    </DataArray>
    <DataArray type="Int32" Name="offsets" format="ascii">
3 6 9 12 15 18 21 24 27 30 33 36 39 42 45 48 51 54 57 60 63 66 69 72 75 78 81 84 87 90 93 96 99 102 105 108 111 114 117 120 123 126 129 132 135 138 141 144 147 150 153 156 159 162 165 168 171 174 177 180 183 186 189 192 195 198 201 204 207 210 213 216 219 222 225 228 231 234 237 240 243 246 249 252 255 258 261 264 267 270 273 276 279 282 285 288 291 294 297 300 303 306 309 312 315 318 321 324 327 330 333 336 339 342 345 348 351 354 357 360 363 366 369 372 375 378 381 384 387 390 393 396 399 402 405 408 411 414 417 420 423 426 429 432 435 438 441 444 447 450 453 456 459 462 465 468 471 474 477 480 483 486 489 492 495 498 501 504 507 510 513 516 519 522 525 528 531 534 537 540 543 546 549 552 555 558 561 564 567 570 573 576 579 582 585 588 591 594 597 600 603 606 609 612 615 618 621 624 627 630 633 636 639 642 645 648 651 654 657 660 663 666 669 672 675 678 681 684 687 690 693 696 699 702 705 708 711 714 717 720 723 726 729 732 735 738 741 744 747 750 753 756 759 762 765 768 771 774 777 780 783 786 789 792 795 798 801 804 807 810 813 816 819 822 825 828 831 834 837 840 843 846 849 852 855 858 861 864 867 870 873 876 879 882 885 888 891 894 897 900 903 906 909 912 915 918 921 924 927 930 933 936 939 942 945 948 951 954 957 960 963 966 969 972 975 978 981 984 987 990 993 996 999 1002 1005 1008 1011 1014 1017 1020 1023 1026 1029 1032 1035 1038 1041 1044 1047 1050 1053 1056 1059 1062 1065 1068 1071 1074 1077 1080 1083 1086 1089 1092 1095 1098 1101 1104 1107 1110 1113 1116 1119 1122 1125 1128 1131 1134 1137 1140 1143 1146 1149 1152 1155 1158 1161 1164 1167 1170 1173 1176 1179 1182 1185 1188 1191 1194 1197 1200 1203 1206 1209 1212 1215 1218 1221 1224 1227 1230 1233 1236 1239 1242 1245 1248 1251 1254 1257 1260 1263 1266 1269 1272 1275 1278 1281 1284 1287 1290 1293 1296 1299 1302 1305 1308 1311 1314 1317 1320 1323 1326 1329 1332 1335 1338 1341 1344 1347 1350 1353 1356 1359 1362 1365 1368 1371 1374 1377 1380 1383 1386 1389 1392 1395 1398 1401 1404 1407 1410 1413 1416 1419 1422 1425 1428 1431 1434 1437 1440 1443 1446 1449 1452 1455 1458 1461 1464 1467 1470 1473 1476 1479 1482 1485 1488 1491 1494 1497 1500 1503 1506 1509 1512 1515 1518 1521 1524 1527 1530 1533 1536 1539 1542 1545 1548 1551 1554 1557 1560 1563 1566 1569 1572 1575 1578 1581 1584 1587 1590 1593 1596 1599 1602 1605 1608 1611 1614 1617 1620 1623 1626 1629 1632 1635 1638 1641 1644 1647 1650 1653 1656 1659 1662 1665 1668 1671 1674 1677 1680 1683 1686 1689 1692 1695 1698 1701 1704 1707 1710 1713 1716 1719 1722 1725 1728 1731 1734 1737 1740 1743 1746 1749 1752 1755 1758 1761 1764 1767 1770 1773 1776 1779 1782 1785 1788 1791 1794 1797 1800 1803 1806 1809 1812 1815 1818 1821 1824 1827 1830 1833 1836 1839 1842 1845 1848 1851 1854 1857 1860 1863 1866 1869 1872 1875 1878 1881 1884 1887 1890 1893 1896 1899 1902 1905 1908 1911 1914 1917 1920 1923 1926 1929 1932 1935 1938 1941 1944 1947 1950 1953 1956 1959 1962 1965 1968 1971 1974 1977 1980 1983 1986 1989 1992 1995 1998 2001 2004 2007 2010 2013 2016 2019 2022 2025 2028 2031 2034 2037 2040 2043 2046 2049 2052 2055 2058 2061 2064 2067 2070 2073 2076 2079 2082 2085 2088 2091 2094 2097 2100 2103 2106 2109 2112 2115 2118 2121 2124 2127 2130 2133 2136 2139 2142 2145 2148 2151 2154 2157 2160 2163 2166 2169 2172 2175 2178 2181 2184 2187 2190 2193 2196 2199 2202 2205 2208 2211 2214 2217 2220 2223 2226 2229 2232 2235 2238 2241 2244 2247 2250 2253 2256 2259 2262 2265 2268 2271 2274 2277 2280 2283 2286 2289 2292 2295 2298 2301 2304 2307 2310 2313 2316 2319 2322 2325 2328 2331 2334 2337 2340 2343 2346 2349 2352 2355 2358 2361 2364 2367 2370 2373 2376 2379 2382 2385 2388 2391 2394 2397 2400 2403 2406 2409 2412 2415 2418 2421 2424 2427 2430 2433 2436 2439 2442 2445 2448 2451 2454 2457 2460 2463 2466 2469 2472 2475 2478 2481 2484 2487 2490 2493 2496 2499 2502 2505 2508 2511 2514 2517 2520 2523 2526 2529 2532 2535 2538 2541 2544 2547 2550 2553 2556 2559 2562 2565 2568 2571 2574 2577 2580 2583 2586 2589 2592 2595 2598 2601 2604 2607 2610 2613 2616 2619 2622 2625 2628 2631 2634 2637 2640 2643 2646 2649 2652 2655 2658 2661 2664 2667 2670 2673 2676 2679 2682 2685 2688 2691 2694 2697 2700 2703 2706 2709 2712 2715 2718 2721 2724 2727 2730 2733 2736 2739 2742 2745 2748 2751 2754 2757 2760 2763 2766 2769 2772 2775 2778 2781 2784 2787 2790 2793 2796 2799 2802 2805 2808 2811 2814 2817 2820 2823 2826 2829 2832 2835 2838 2841 2844 2847 2850 2853 2856 2859 2862 2865 2868 2871 2874 2877 2880 2883 2886 2889 2892 2895 2898 2901 2904 2907 2910 2913 2916 2919 2922 2925 2928 2931 2934 2937 2940 2943 2946 2949 2952 2955 2958 2961 2964 2967 2970 2973 2976 2979 2982 2985 2988 2991 2994 2997 3000
    </DataArray>
    <DataArray type="UInt8" Name="types" format="ascii">
5 5 5 5 5 5 5 5 5 5 5 5 5 5 5 5 5 5 5 5 5 5 5 5 5 5 5 5 5 5 5 5 5 5 5 5 5 5 5 5 5 5 5 5 5 5 5 5 5 5 5 5 5 5 5 5 5 5 5 5 5 5 5 5 5 5 5 5 5 5 5 5 5 5 5 5 5 5 5 5 5 5 5 5 5 5 5 5 5 5 5 5 5 5 5 5 5 5 5 5 5 5 5 5 5 5 5 5 5 5 5 5 5 5 5 5 5 5 5 5 5 5 5 5 5 5 5 5 5 5 5 5 5 5 5 5 5 5 5 5 5 5 5 5 5 5 5 5 5 5 5 5 5 5 5 5 5 5 5 5 5 5 5 5 5 5 5 5 5 5 5 5 5 5 5 5 5 5 5 5 5 5 5 5 5 5 5 5 5 5 5 5 5 5 5 5 5 5 5 5 5 5 5 5 5 5 5 5 5 5 5 5 5 5 5 5 5 5 5 5 5 5 5 5 5 5 5 5 5 5 5 5 5 5 5 5 5 5 5 5 5 5 5 5 5 5 5 5 5 5 5 5 5 5 5 5 5 5 5 5 5 5 5 5 5 5 5 5 5 5 5 5 5 5 5 5 5 5 5 5 5 5 5 5 5 5 5 5 5 5 5 5 5 5 5 5 5 5 5 5 5 5 5 5 5 5 5 5 5 5 5 5 5 5 5 5 5 5 5 5 5 5 5 5 5 5 5 5 5 5 5 5 5 5 5 5 5 5 5 5 5 5 5 5 5 5 5 5 5 5 5 5 5 5 5 5 5 5 5 5 5 5 5 5 5 5 5 5 5 5 5 5 5 5 5 5 5 5 5 5 5 5 5 5 5 5 5 5 5 5 5 5 5 5 5 5 5 5 5 5 5 5 5 5 5 5 5 5 5 5 5 5 5 5 5 5 5 5 5 5 5 5 5 5 5 5 5 5 5 5 5 5 5 5 5 5 5 5 5 5 5 5 5 5 5 5 5 5 5 5 5 5 5 5 5 5 5 5 5 5 5 5 5 5 5 5 5 5 5 5 5 5 5 5 5 5 5 5 5 5 5 5 5 5 5 5 5 5 5 5 5 5 5 5 5 5 5 5 5 5 5 5 5 5 5 5 5 5 5 5 5 5 5 5 5 5 5 5 5 5 5 5 5 5 5 5 5 5 5 5 5 5 5 5 5 5 5 5 5 5 5 5 5 5 5 5 5 5 5 5 5 5 5 5 5 5 5 5 5 5 5 5 5 5 5 5 5 5 5 5 5 5 5 5 5 5 5 5 5 5 5 5 5 5 5 5 5 5 5 5 5 5 5 5 5 5 5 5 5 5 5 5 5 5 5 5 5 5 5 5 5 5 5 5 5 5 5 5 5 5 5 5 5 5 5 5 5 5 5 5 5 5 5 5 5 5 5 5 5 5 5 5 5 5 5 5 5 5 5 5 5 5 5 5 5 5 5 5 5 5 5 5 5 5 5 5 5 5 5 5 5 5 5 5 5 5 5 5 5 5 5 5 5 5 5 5 5 5 5 5 5 5 5 5 5 5 5 5 5 5 5 5 5 5 5 5 5 5 5 5 5 5 5 5 5 5 5 5 5 5 5 5 5 5 5 5 5 5 5 5 5 5 5 5 5 5 5 5 5 5 5 5 5 5 5 5 5 5 5 5 5 5 5 5 5 5 5 5 5 5 5 5 5 5 5 5 5 5 5 5 5 5 5 5 5 5 5 5 5 5 5 5 5 5 5 5 5 5 5 5 5 5 5 5 5 5 5 5 5 5 5 5 5 5 5 5 5 5 5 5 5 5 5 5 5 5 5 5 5 5 5 5 5 5 5 5 5 5 5 5 5 5 5 5 5 5 5 5 5 5 5 5 5 5 5 5 5 5 5 5 5 5 5 5 5 5 5 5 5 5 5 5 5 5 5 5 5 5 5 5 5 5 5 5 5 5 5 5 5 5 5 5 5 5 5 5 5 5 5 5 5 5 5 5 5 5 5 5 5 5 5 5 5 5 5 5 5 5 5 5 5 5 5 5 5 5 5 5 5 5 5 5 5 5 5 5 5 5 5 5 5 5 5 5 5 5 5 5 5 5 5 5 5 5 5 5 5 5 5 5 5 5 5 5 5 5 5 5 5 5 5 5 5 5 5 5 5 5 5 5 5 5 5 5 5 5 5 5 5 5 5 5 5 5 5 5 5 5 5 5 5 5 5 5 5 5 5 5 5 5
    </DataArray>
   </Cells>
   <PointData>
    <DataArray type="Float32" Name="Acceptor Doping [log10(m^-3)]" NumberOfComponents="1" format="ascii">
0.0 0.0 0.0 0.0 0.0 0.0 0.0 0.0 0.0 0.0 0.0 0.0 0.0 0.0 0.0 0.0 0.0 0.0 0.0 0.0 0.0 0.0 0.0 0.0 0.0 0.0 0.0 0.0 0.0 0.0 0.0 0.0 0.0 0.0 0.0 0.0 0.0 0.0 0.0 0.0 0.0 0.0 0.0 0.0 0.0 0.0 0.0 0.0 0.0 0.0 0.0 0.0 0.0 0.0 0.0 0.0 0.0 0.0 0.0 0.0 0.0 0.0 0.0 0.0 0.0 0.0 0.0 0.0 0.0 0.0 0.0 0.0 0.0 0.0 0.0 0.0 0.0 0.0 0.0 0.0 0.0 0.0 0.0 0.0 0.0 0.0 0.0 0.0 0.0 0.0 0.0 0.0 0.0 0.0 0.0 0.0 0.0 0.0 0.0 0.0 0.0 0.0 0.0 0.0 0.0 0.0 0.0 0.0 0.0 0.0 0.0 0.0 0.0 0.0 0.0 0.0 0.0 0.0 0.0 0.0 0.0 0.0 0.0 0.0 0.0 0.0 0.0 0.0 0.0 0.0 0.0 0.0 0.0 0.0 0.0 0.0 0.0 0.0 0.0 0.0 0.0 0.0 0.0 0.0 0.0 0.0 0.0 0.0 0.0 0.0 0.0 0.0 0.0 0.0 0.0 0.0 0.0 0.0 0.0 0.0 0.0 0.0 0.0 0.0 0.0 0.0 0.0 0.0 0.0 0.0 0.0 0.0 0.0 0.0 0.0 0.0 0.0 0.0 0.0 0.0 0.0 0.0 0.0 0.0 0.0 0.0 0.0 0.0 0.0 0.0 0.0 0.0 0.0 0.0 0.0 0.0 0.0 0.0 0.0 0.0 0.0 0.0 0.0 0.0 0.0 0.0 0.0 0.0 0.0 0.0 0.0 0.0 0.0 0.0 0.0 0.0 0.0 0.0 0.0 0.0 0.0 0.0 0.0 0.0 0.0 0.0 0.0 0.0 0.0 0.0 0.0 0.0 0.0 0.0 0.0 0.0 0.0 0.0 0.0 0.0 0.0 0.0 0.0 0.0 0.0 0.0 0.0 0.0 0.0 0.0 0.0 0.0 0.0 0.0 0.0 0.0 0.0 0.0 0.0 0.0 0.0 0.0 0.0 0.0 0.0 0.0 0.0 0.0 0.0 0.0 0.0 0.0 0.0 0.0 0.0 0.0 0.0 0.0 0.0 0.0 0.0 0.0 0.0 0.0 0.0 0.0 0.0 0.0 0.0 0.0 0.0 0.0 0.0 0.0 0.0 0.0 0.0 0.0 0.0 0.0 0.0 0.0 0.0 0.0 0.0 0.0 0.0 0.0 0.0 0.0 0.0 0.0 0.0 0.0 0.0 0.0 0.0 0.0 0.0 0.0 0.0 0.0 0.0 0.0 0.0 0.0 0.0 0.0 0.0 0.0 0.0 0.0 0.0 0.0 0.0 0.0 0.0 0.0 0.0 0.0 0.0 0.0 0.0 0.0 0.0 0.0 0.0 0.0 0.0 0.0 0.0 0.0 0.0 0.0 0.0 0.0 0.0 0.0 0.0 0.0 0.0 0.0 0.0 0.0 0.0 0.0 0.0 0.0 0.0 0.0 0.0 0.0 0.0 0.0 0.0 0.0 0.0 0.0 0.0 0.0 0.0 0.0 0.0 0.0 0.0 0.0 0.0 0.0 0.0 0.0 0.0 0.0 0.0 0.0 0.0 0.0 0.0 0.0 0.0 0.0 0.0 0.0 0.0 0.0 0.0 0.0 0.0 0.0 0.0 0.0 0.0 0.0 0.0 0.0 0.0 0.0 0.0 0.0 0.0 0.0 0.0 0.0 0.0 0.0 0.0 0.0 0.0 0.0 0.0 0.0 0.0 0.0 0.0 0.0 0.0 0.0 0.0 0.0 0.0 0.0 0.0 0.0 0.0 0.0 0.0 0.0 0.0 0.0 0.0 0.0 0.0 0.0 0.0 0.0 0.0 0.0 0.0 0.0 0.0 0.0 0.0 0.0 0.0 0.0 0.0 0.0 0.0 0.0 0.0 0.0 0.0 0.0 0.0 0.0 0.0 0.0 0.0 0.0 0.0 0.0 0.0 0.0 0.0 0.0 0.0 0.0 0.0 0.0 0.0 0.0 0.0 0.0 0.0 0.0 0.0 0.0 0.0 0.0 0.0 0.0 0.0 0.0 0.0 0.0 0.0 0.0 0.0 0.0 0.0 0.0 0.0 0.0 0.0 0.0 0.0 0.0 0.0 0.0 0.0 0.0 0.0 0.0 0.0 0.0 0.0 0.0 0.0 0.0 0.0 0.0 0.0 0.0 0.0 0.0 0.0 0.0 0.0 0.0 0.0 0.0 0.0 0.0 0.0 0.0 0.0 0.0 0.0 0.0 0.0 0.0 0.0 0.0 0.0 0.0 0.0 0.0 0.0 0.0 0.0 0.0 0.0
    </DataArray>
    <DataArray type="Float32" Name="Donor Doping [log10(m^-3)]" NumberOfComponents="1" format="ascii">
26.227042396338565 26.245591788252916 26.247460621914694 26.240731490904196 26.22746644136232 26.207363855730875 26.178054349813372 26.132913050873324 26.048623843301655 25.82626826087702 25.299942900022767 26.191093898330777 26.212781174711345 26.219971972230912 26.217259366121493 26.20702364306822 26.18909709364632 26.161208319372683 26.116678015556285 26.031728222611886 25.807733764302604 25.299942900022767 26.077815251484253 26.112909408172122 26.13791004384371 26.147730491981893 26.14658903406169 26.135071642961325 26.111303217999318 26.068419879550333 25.98099873389837 25.752787047319465 25.299942900022767 25.876548705221584 25.940629365857017 26.00198980798613 26.033728486936134 26.047623368911303 26.046369715654794 26.028848015748352 25.987650711596995 25.89468317230024 25.66263934696677 25.299942900022767 25.586086244481162 25.689617934377797 25.810521125033173 25.87391761121252 25.908474604865734 25.92074289507248 25.910460911829766 25.868836405714738 25.765193921657723 25.53781076151649 25.299942900022767 25.175387652647277 25.291644938256535 25.558590562307444 25.65608528607532 25.71511986278048 25.743296336027967 25.739278446361283 25.692105864499723 25.574508777356858 25.386374529429737 25.299942900022767 24.88654529728278 24.849992595447123 25.1368673654842 25.339705803691725 25.43936690292458 25.480826741423602 25.48027945599036 25.432507080409536 25.338695524572568 25.299932262596666 25.299942900022767 24.687705747922084 24.588826385797358 24.841393244973048 25.014022717518667 25.116558027323837 25.175022388745777 25.201837816916633 25.209352859415592 25.222235449062218 25.25430975167205 25.299942900022767 24.504589929099094 24.37937164784119 24.644979510454593 24.838588920589157 24.966138125574915 25.04676660463143 25.098783244025416 25.137714649705632 25.17838465962397 25.232922444118607 25.299942900022767 24.34945668564445 24.215087406852554 24.49825563016378 24.71764203828757 24.87527959680271 24.984476838633054 25.060280255587283 25.117084925096563 25.168632022824692 25.228108446298403 25.299942900022767 24.24283586972556 24.107159289401693 24.40058821606674 24.6359574021868 24.813726878338652 24.9434677866216 25.03733937102867 25.10810158196545 25.167870926408426 25.229214485543192 25.299942900022767 24.178083475520015 24.04012349911557 24.337787901872357 24.5816793603498 24.77166938571944 24.915015464411713 25.021676058279493 25.10277630074279 25.169019619119997 25.23167193693148 25.299942900022767 24.136401013991104 23.994089230079968 24.293688667271503 24.54276011739289 24.74092789478191 24.893918463675092 25.010013945026795 25.09891577298921 25.17019564316694 25.23397125864943 25.299942900022767 24.10553516232143 23.958614060896075 24.25960259619399 24.512515249222627 24.716843255153364 24.877232138642814 25.00067716174002 25.09569714632947 25.17097193578792 25.235768506311192 25.299942900022767 24.08033107681155 23.929547366737047 24.23182440252256 24.487908765164402 24.697193556803658 24.863519503965737 24.992881821487344 25.092833383619 25.171344892877574 25.237080471166752 25.299942900022767 24.05880880933796 23.90506781918713 24.20859597935149 24.467407249448332 24.680806958677508 24.852012204917248 24.986230019392096 25.090228806815055 25.171409815087184 25.238011039987537 25.299942900022767 24.04007344667505 23.884143414746536 24.188877386464867 24.450071823093584 24.66694815190564 24.84222599513255 24.98048226347826 25.087848271631387 25.171264544272578 25.238661919393806 25.299942900022767 24.023607724468754 23.866080275670882 24.17196110185904 24.435255816572035 24.655104874596116 24.833822598341996 24.97547534965471 25.085675074028646 25.170986908243307 25.23911357393806 25.299942900022767 24.009057015878202 23.850374764972127 24.157333807938738 24.4224885776996 24.644902078339033 24.82655323996977 24.971089743773558 25.08369749160388 25.17063340937586 25.239425184730546 25.299942900022767 23.996154581471934 23.83664575076018 24.14460901295829 24.41141600050777 24.636056600673136 24.82022889102782 24.967233547520653 25.081904358959168 25.170243082121587 25.23963906159819 25.299942900022767 23.98468838510527 23.82459558213894 24.133487170943138 24.401764474308344 24.628349208586535 24.814702070486536 24.963833455498705 25.080283836102968 25.169841915282227 25.23978483539827 25.299942900022767 23.974483489546785 23.813985670260724 24.123730350560038 24.393317648082537 24.62160637581267 24.8098550745698 24.960829333752017 25.078823391376396 25.169446599244015 25.239883099860698 25.299942900022767 23.96539182988019 23.804620680256996 24.11514563913029 24.38590103331831 24.615688102065885 24.805592144874566 24.958170824196312 25.077510162937056 25.169067382534177 25.239948278817838 25.299942900022767 23.957285929195063 23.796338010907824 24.107573995148982 24.37937157220471 24.610479606522667 24.80183414126009 24.9558151312925 25.076331362838562 25.168710137272484 25.23999041162013 25.299942900022767 23.950054825583482 23.789000572989824 24.10088255301369 24.37361039647521 24.605885535831423 24.79851482875051 24.953725516084926 25.075274619056675 25.168377823123265 25.240016510482562 25.299942900022767 23.943601279241804 23.78249166124397 24.094959152219474 24.368517668104666 24.601825824693975 24.79557821828825 24.951870222452733 25.07432822250082 25.168071507985744 25.240031493388223 25.299942900022767 23.93783966901364 23.776711191880263 24.08970833612178 24.364008809695736 24.5982326667709 24.79297660892365 24.95022166495611 25.073481254835304 25.167791036899374 25.24003881800809 25.299942900022767 23.932694466682317 23.771572852724418 24.08504834228978 24.36001168044636 24.595048248449373 24.79066912179347 24.94875581484529 25.072723665068047 25.16753550840819 25.240040921525768 25.299942900022767 23.928098930285827 23.767001882117086 24.080908776700838 24.356464401280935 24.592222997141292 24.788620548192483 24.947451687934816 25.072046294404206 25.167303589712386 25.240039524903644 25.299942900022767 23.92399403041711 23.762933300915897 24.07722878389542 24.35331365621374 24.58971421646357 24.786800453162996 24.946290926957882 25.071440853908904 25.167093725566417 25.240035843692734 25.299942900022767 23.92032753225455 23.759310476488878 24.07395558851265 24.350513343378385 24.587485004227805 24.78518243421878 24.94525745871055 25.070899885779948 25.166904274742215 25.240030735641156 25.299942900022767 23.917053200520485 23.756083952108607 24.07104326328891 24.348023457894364 24.585503345794283 24.783743539047226 24.94433719464428 25.07041670679989 25.166733597678217 25.240024804666607 25.299942900022767 23.91413010126173 23.753210427383006 24.06845177924111 24.345809208881203 24.58374141815498 24.782463771391438 24.943517776551836 25.06998534992717 25.166580111328543 25.24001847391368 25.299942900022767 23.911521992536848 23.750651969216314 24.066146177274923 24.343840279197 24.582174984535108 24.781325680257144 24.942788357712804 25.069600502768754 25.16644232021091 25.24001203748857 25.299942900022767 23.909196826462104 23.74837530547219 24.064095882544365 24.34209020473424 24.580782897917548 24.7803140161199 24.942139414385657 25.069257443069343 25.166318833956613 25.240005697447064 25.299942900022767 23.907126237909115 23.746351230992307 24.06227412821244 24.340535857556205 24.579546685408612 24.77941544104018 24.94156258316034 25.068951982918833 25.166208374845972 25.23999959014928 25.299942900022767 23.90528515268431 23.74455410454405 24.060657468847477 24.339157011160708 24.57845019862876 24.778618283329035 24.941050520618784 25.068680414781753 25.166109779029583 25.23999380515759 25.299942900022767 23.903651430505242 23.74296141965173 24.05922536809293 24.337935973473517 24.577479318578153 24.77791232933579 24.94059678225423 25.068439461441137 25.166021993874494 25.239988398851594 25.299942900022767 23.902205552171726 23.741553437710206 24.05795984834371 24.336857276147555 24.576621705828757 24.777288646445957 24.940195718258426 25.068226234171735 25.16594407457243 25.23998340424933 25.299942900022767 23.90093034670581 23.740312873926975 24.056845192619694 24.335907411028096 24.57586658869244 24.776739432375013 24.939842383523825 25.068038191282827 25.165875176679062 25.239978838128383 25.299942900022767 23.899810743203343 23.739224628539077 24.05586769069963 24.335074606377482 24.57520458340666 24.776257886874006 24.939532460501336 25.067873104213966 25.165814550235748 25.239974706178355 25.299942900022767 23.898833593342502 23.73827555805521 24.0550154231055 24.334348636865727 24.57462754150535 24.775838102558833 24.939262193081966 25.067729027498448 25.165761533444822 25.239971006751833 25.299942900022767 23.897987467304905 23.737454278157628 24.054278077155953 24.33372066238204 24.574128420419054 24.77547497207723 24.93902832967878 25.06760427199966 25.16571554654844 25.239967733591513 25.299942900022767 23.89726250632279 23.736750996657953 24.053646791061347 24.333183091670772 24.57370117406556 24.775164109543354 24.93882807504417 25.0674973819307 25.165676086154434 25.239964877813467 25.299942900022767 23.89665029393571 23.73615737238604 24.05311402245087 24.332729467500773 24.573340660736648 24.774901784271812 24.938659049382363 25.06740711521832 25.16564272010303 25.239962429348587 25.299942900022767 23.896143744808715 23.735666396645335 24.05267343823826 24.33235437058489 24.573042565993063 24.77468486520873 24.938519254006497 25.067332426833616 25.165615082917938 25.239960377990016 25.299942900022767 23.895737012001998 23.735272294947237 24.052319823685586 24.332053340584157 24.572803339587484 24.774510775578914 24.93840704286178 25.0672724548559 25.165592871907243 25.239958714148134 25.299942900022767 23.895425411000065 23.734970446794225 24.052049008174528 24.331822811448962 24.57262014349504 24.774377455301597 24.93832109929723 25.067226509011743 25.165575843866872 25.239957429391474 25.299942900022767 23.895205359178018 23.734757322119968 24.051857806525774 24.331660060421306 24.572490811022675 24.774283331445442 24.938260417682105 25.067194061634016 25.16556381237844 25.23995651682871 25.299942900022767 23.895074329824137 23.734630433108965 24.051743974601937 24.331563169542804 24.572413816034818 24.77422729602168 24.938224289445127 25.067174740745088 25.165556645752083 25.239955971370858 25.299942900022767 23.895030819690522 23.734588300407495 24.051706178194664 24.331530998677422 24.57238825136503 24.774208690389756 24.938212293296527 25.06716832493462 25.165554265558576 25.239955789901302 25.299942900022767
    </DataArray>
    <DataArray type="Float32" Name="Potential [V]" NumberOfComponents="1" format="ascii">
2.7921718159347004 2.804914358046719 2.8167758752603236 2.8274347838402 2.837228502332652 2.8465086799929664 2.8556061496688967 2.8649466975500704 2.875564497970976 2.89176404019876 2.92843224916633 2.790032936101923 2.8030258524299123 2.8152747473880466 2.8262177589167417 2.836201658816464 2.845611208238173 2.854804931756981 2.8642379906900066 2.8750042612064264 2.891524377353824 2.92843224916633 2.7832930324438663 2.797251411002629 2.810750267465488 2.82258389393434 2.8331525385571266 2.842956911037325 2.8524472285780766 2.86217351798143 2.8734125449761554 2.8909141962663187 2.92843224916633 2.771317985343964 2.787258452062661 2.8030464961056443 2.8164765582368125 2.8280806646821532 2.838582478890593 2.848606065740175 2.8588836224651977 2.871026042099831 2.890231701286413 2.92843224916633 2.754035919781113 2.7728450945573924 2.7918688131256495 2.807640722370167 2.820818477085474 2.8324145236444718 2.843316000822095 2.8545586005357126 2.868258060304437 2.8899378959387176 2.92843224916633 2.7295999910468076 2.7545932324940257 2.777592846846734 2.7961121523772796 2.8113440285455864 2.824524614711519 2.8368488404137713 2.8497835215722302 2.866009697560817 2.8907151153687507 2.92843224916633 2.712414319239123 2.7386282258300496 2.7627796525398485 2.7836872654371354 2.801194099668428 2.8164058086640535 2.830881726129806 2.846524843150464 2.866160764750942 2.893350398732094 2.92843224916633 2.700583674687742 2.726893320371229 2.7519826811792485 2.774451119622432 2.7940757543469235 2.811764336278069 2.829027683565097 2.847735078236902 2.8699539388577473 2.897096958205801 2.92843224916633 2.689688567697231 2.717846048641283 2.744756403673424 2.7695003800601192 2.7918331878084865 2.81234043970315 2.8322102146122496 2.8528897243624467 2.875682045227395 2.901134078570341 2.92843224916633 2.680458380507029 2.7110126269197385 2.740069996713657 2.767266171377252 2.7923617692807743 2.8155841497146024 2.837631452986639 2.859433495388554 2.8817839815656563 2.904939645664092 2.92843224916633 2.6741146074549866 2.7063144592694193 2.7372247529672142 2.766606129194628 2.794125239866367 2.819656164222169 2.843403662142881 2.865816515395244 2.8873479487963354 2.9082202136269184 2.92843224916633 2.670261940507391 2.703334058332292 2.7356273953541432 2.7667593564006348 2.7962293808749212 2.8235918809012426 2.8486179264613942 2.8713468174434174 2.8920011039075746 2.9108797272977966 2.92843224916633 2.667781898745274 2.701442473696847 2.734762588457795 2.7672303206940203 2.7981921595444263 2.826945426702347 2.8529115565020784 2.8757990126893227 2.895670153425535 2.912937605595417 2.92843224916633 2.6659454284804114 2.700141546147739 2.734256924440456 2.7677272577471417 2.7997959629519436 2.8295745126830205 2.8562218553147645 2.8791917048177424 2.8984328723945043 2.914469709849795 2.92843224916633 2.6644458245139537 2.6991419935618075 2.7338867009375134 2.7681054030431325 2.8009815291447264 2.83150211539336 2.858639992793929 2.8816611847993294 2.9004330744078923 2.91557252612168 2.92843224916633 2.6631652830057955 2.6982989410308114 2.7335392024344056 2.7683139430380512 2.801773947792267 2.832827212230617 2.860320164109086 2.883385250146943 2.901830771479277 2.9163423926658627 2.92843224916633 2.6620505580080835 2.6975449175244006 2.73316897251364 2.7683545380959855 2.8022355507693595 2.833671899358844 2.8614267897336103 2.8845395514062635 2.9027745815340973 2.9168644534727917 2.92843224916633 2.661070873094641 2.6968502365504423 2.7327660768270734 2.7682534430759977 2.802438607347437 2.8341535749004207 2.8621079226295665 2.885276330513949 2.903389179042662 2.9172082166338904 2.92843224916633 2.6602051285188812 2.6962029049187803 2.732336869123077 2.768044901093351 2.8024511839933517 2.834372763826146 2.8624851248355 2.8857174488023984 2.903772287040482 2.91742725455819 2.92843224916633 2.6594374536986614 2.6955987767303804 2.731893457992062 2.7677623549171027 2.8023310624175704 2.834409784661891 2.8626524737556935 2.8859553269812546 2.9039968668507457 2.9175611023573054 2.92843224916633 2.658755232812492 2.6950367622777183 2.731448426602383 2.767434498984206 2.802124185638386 2.834325843308327 2.862679817151521 2.8860573935140956 2.9041154636681537 2.9176379788005105 2.92843224916633 2.6581480573666383 2.6945165635522206 2.7310125091090462 2.767084067608296 2.8018653817428274 2.8341659409885183 2.8626174203434824 2.8860714337613906 2.9041648998082064 2.9176775141935756 2.92843224916633 2.6576071177284057 2.6940376938702797 2.730593840948212 2.7667280225335134 2.8015800356207334 2.8339621934430803 2.8625005534415813 2.886030545400902 2.9041704367217793 2.917693094709661 2.92843224916633 2.6571248292194904 2.6935991435695077 2.7301979870895066 2.7663783520569414 2.80128598493625 2.833736897839123 2.862353415069573 2.885957212674311 2.904149106947972 2.9176937040202104 2.92843224916633 2.656694589778605 2.6931993542777732 2.729828305924824 2.766043049315583 2.800995287167044 2.833505097581355 2.8621922408679694 2.8858664350273866 2.9041122208084227 2.9176852911857596 2.92843224916633 2.656310613788367 2.6928363231058103 2.729486414064531 2.7657270530529536 2.800715716119496 2.83327660566046 2.86202765284933 2.885768027920022 2.904067176694772 2.9176717476212835 2.92843224916633 2.6559678069228707 2.692507744594268 2.729172636546769 2.7654330581156596 2.8004519582085505 2.8330575408606133 2.8618663803245448 2.885668266607748 2.904018732457063 2.9176555861534346 2.92843224916633 2.6556616753704585 2.692211148747898 2.7288863938092334 2.7651621698624163 2.8002065318423965 2.832851462853781 2.8617124933173876 2.885571037643002 2.9039698816897586 2.9176384043241406 2.92843224916633 2.6553882480879856 2.6919440150878917 2.7286265111517003 2.7649144094940707 2.799980473556112 2.832660193696542 2.8615682723299316 2.885478634230031 2.903922449704373 2.9176211964297734 2.92843224916633 2.655144012917357 2.6917038592520233 2.728391454242887 2.76468909131339 2.799773838216547 2.8324844025609246 2.8614348140412433 2.885392299910106 2.9038774951423925 2.917604561854471 2.92843224916633 2.6549258619677647 2.6914882938463927 2.7281795012680603 2.764485096532252 2.799586056353563 2.832324015878729 2.861312448689272 2.8853125972831553 2.9038355788584034 2.9175888433694843 2.92843224916633 2.6547310443119536 2.6912950677944014 2.7279888641684527 2.764301066898377 2.79941618461001 2.8321785011559815 2.8612010248565114 2.8852396563240457 2.9037969430419404 2.9175742185878333 2.92843224916633 2.6545571244432455 2.691122088948947 2.727817770831512 2.7641355381561237 2.799263078020213 2.832047060582752 2.861100101857791 2.8851733405062334 2.903761630023677 2.9175607602657037 2.92843224916633 2.65440194602238 2.690967434547103 2.72766451829269 2.7639870293627324 2.799125505940748 2.831928761025606 2.8610090782338076 2.885113357079553 2.9037295606970397 2.9175484759545336 2.92843224916633 2.6542636022500186 2.6908293533755714 2.7275275050547942 2.7638541005252293 2.7990022280856612 2.831822619642334 2.86092727637579 2.885059329570281 2.9037005859861913 2.9175373339912563 2.92843224916633 2.6541404054450504 2.6907062612336934 2.7274052485222637 2.7637353879138153 2.798892042697942 2.8317276588571385 2.8608539972433014 2.8850108448685603 2.9036745203543193 2.917527280452579 2.92843224916633 2.6540308637318772 2.6905967334999397 2.727296392555958 2.7636296240434293 2.7987938155719667 2.8316429404161854 2.860788554836238 2.8849674832494867 2.9036511633625377 2.917518250134484 2.92843224916633 2.6539336597980605 2.6904994956087296 2.727199708447369 2.763535647319807 2.7987064961314005 2.8315675853387474 2.860730297083837 2.884928837011932 2.903630313303126 2.917510173584394 2.92843224916633 2.6538476322814852 2.690413412573151 2.7271140917309395 2.763452404908226 2.7986291249335955 2.831500784505562 2.860678617725065 2.884894521594419 2.9036117756032587 2.9175029815299958 2.92843224916633 2.6537717595356174 2.690337478316144 2.727038556546301 2.763378951327208 2.7985608356487632 2.831441803157328 2.8606329622959916 2.884864181732036 2.903595367772127 2.9174966075922852 2.92843224916633 2.653705144865051 2.6902708052668864 2.7269722287372438 2.7633144445032443 2.7985008536180156 2.8313899815490813 2.860592830355729 2.8848374944389428 2.903580922123629 2.9174909898811014 2.92843224916633 2.6536470059650474 2.69021261500686 2.7269143385498267 2.7632581404740915 2.798448492423668 2.8313447332842547 2.860557775383883 2.884814169981436 2.9035682870682176 2.91748607186684 2.92843224916633 2.6535966627791536 2.690162229069477 2.7268642132382483 2.763209387487945 2.798403149427296 2.831305542351455 2.860527403310662 2.8847939516260106 2.903557327509653 2.917481802790809 2.92843224916633 2.653553528725991 2.6901190609613503 2.726821270098982 2.7631676200548347 2.798364300922895 2.8312719595489932 2.8605013703251467 2.8847766146918463 2.903547924705795 2.917478137789687 2.92843224916633 2.653517103039226 2.6900826091386594 2.7267850101009823 2.7631323532817573 2.7983314973225406 2.8312435987450333 2.860479380384447 2.884761965255677 2.9035399758311056 2.91747503785065 2.92843224916633 2.6534869641524272 2.6900524508799526 2.72675501220292 2.7631031776901853 2.7983043586374396 2.831220133261244 2.8604611826989674 2.8847498387365147 2.903533393397469 2.917472469674472 2.92843224916633 2.653462764181752 2.6900282370623834 2.7267309284173433 2.7630797546356796 2.798282570416879 2.8312012925623966 2.860446569369897 2.884740098507791 2.9035281046360737 2.917470405497527 2.92843224916633 2.6534442244057987 2.6900096878161586 2.726712479646447 2.7630618123950192 2.7982658802380276 2.8311868593585823 2.8604353732880035 2.8847326346307276 2.903524050906292 2.9174688229059784 2.92843224916633 2.6534311316639476 2.689996589024963 2.7266994522944543 2.7630491429545554 2.7982540948019174 2.8311766671879077 2.8604274663614087 2.8847273627681687 2.903521187174122 2.9174677046637902 2.92843224916633 2.653423335620774 2.68998878964205 2.726691695649756 2.763041599513068 2.798247077663149 2.8311705985157873 2.860422758111425 2.8847242233142967 2.9035194815868315 2.9174670385683967 2.92843224916633 2.6534207468353594 2.68998619979217 2.7266891200256715 2.7630390947008334 2.7982447476048478 2.831168583369378 2.8604211946586537 2.884723180760766 2.9035189151599945 2.917466817342673 2.92843224916633
    </DataArray>
    <DataArray type="Float32" Name="Electron density [log10(m^-3)]" NumberOfComponents="1" format="ascii">
26.227042396338565 26.229417094752623 26.23294989431154 26.229207730900587 26.218245764249744 26.199939557259718 26.17260728279386 26.132293342778908 26.071920664813643 25.976107074653758 25.299942900022767 26.191093898330777 26.19541873432671 26.204029758912622 26.20479946578674 26.197241579744293 26.181370762199816 26.15572138071046 26.116574557324924 26.05729911672381 25.96324519942404 25.299942900022767 26.077815251484253 26.0907085336143 26.116217800331963 26.13146636625509 26.134490017575086 26.126035297151066 26.105471340138173 26.069890042456574 26.013988573429337 25.925058482561386 25.299942900022767 25.876548705221584 25.907974952995364 25.96568114186274 26.00767707531159 26.02954807580358 26.033943123474717 26.022086653546413 25.992742889418118 25.942988379421696 25.861938850909247 25.299942900022767 25.586086244481162 25.642741505741725 25.747176620177825 25.82929386212992 25.879419087930746 25.902982165254883 25.904252298975987 25.88482506836881 25.84497272849212 25.772394713876853 25.299942900022767 25.175387652647277 25.30054274640977 25.466244628753042 25.596799812848268 25.682389269668363 25.73137440857576 25.751256890254645 25.74708908614894 25.72074697621427 25.65212154390881 25.299942900022767 24.88654529728278 25.003206315894865 25.16943289791459 25.33384717964829 25.455144156931187 25.53205003382783 25.574194669740606 25.588403667087068 25.571475950076994 25.510394837169446 25.299942900022767 24.687705747922084 24.77138358983607 24.91659774210831 25.090605564943438 25.2340105879619 25.334135268458905 25.395670308128928 25.42316224682671 25.417603650308216 25.38298441953446 25.299942900022767 24.504589929099094 24.571823034651278 24.692979727149083 24.86437770507402 25.02351342406323 25.14431760039966 25.22442224697623 25.26880313653262 25.284893537661883 25.286186113678312 25.299942900022767 24.34945668564445 24.40189940336441 24.494422578665304 24.652476110917593 24.820980326262184 24.962359001290917 25.065766210649446 25.134496204822078 25.179371926693538 25.221387783409803 25.299942900022767 24.24283586972556 24.27218053562994 24.327771888434114 24.458703445346817 24.62695596483249 24.787261553329785 24.91818953800905 25.018302742440195 25.098632806863414 25.18132093471378 25.299942900022767 24.178083475520015 24.18330759032562 24.199806430578768 24.292144129545033 24.447790581964167 24.622253767448747 24.782910904213743 24.91982280697699 25.039210629060943 25.157903224417115 25.299942900022767 24.136401013991104 24.12455382970458 24.108910707148645 24.15981843685826 24.29222774753065 24.47439803475432 24.664758903738893 24.840530428645017 24.99775108112957 25.144976309360764 25.299942900022767 24.10553516232143 24.084194832242698 24.046874822895614 24.06225822478447 24.166780875681578 24.350710576897857 24.568463118415778 24.780903295947247 24.970517825168326 25.138326794726368 25.299942900022767 24.08033107681155 24.054433274197663 24.004350208998606 23.99398266660671 24.072631421592927 24.25464084852587 24.495587159580033 24.738984687509195 24.95356716177348 25.135199760541823 25.299942900022767 24.05880880933796 24.030978222251328 23.974056605051267 23.94703645367445 24.005622256032915 24.184613160339897 24.443735594585267 24.710934397984797 24.94334935461083 25.133875177384517 25.299942900022767 24.04007344667505 24.011579994101318 23.951277379337025 23.914204578672464 23.958982613586986 24.135473768961518 24.408099964422792 24.692496952133702 24.937140613592966 25.133344762751143 25.299942900022767 24.023607724468754 23.995030302774925 23.933221931007708 23.890282620619967 23.92618473118422 24.10117199341334 24.38360836049793 24.680117971215935 24.933114391178172 25.133066213202987 25.299942900022767 24.009057015878202 23.98064051630944 23.91829636457039 23.87195792475252 23.90229693685146 24.076616942835436 24.366210306641243 24.671311431444767 24.930176791890908 25.13278244324526 25.299942900022767 23.996154581471934 23.96798695526179 23.905588138248227 23.857251361962913 23.884064339903773 24.058229659087438 24.353154089513865 24.664536604427305 24.927737419778516 25.132397360504168 25.299942900022767 23.98468838510527 23.95678626078006 23.894558179083294 23.845006555494095 23.869489938144273 24.043742782779134 24.342749254557294 24.65891969305388 24.925512374887667 25.131896926738037 25.299942900022767 23.974483489546785 23.946833096561406 23.884870258335727 23.83454249247844 23.857387787635155 24.031800980721933 24.334021259404395 24.653999623078658 24.923386568026253 25.131302931303686 25.299942900022767 23.96539182988019 23.9379682549682 23.876299628559316 23.825445023516245 23.847055897756896 24.021615259586838 24.326429315556105 24.64954859011434 24.921328767935833 25.130648190761764 25.299942900022767 23.957285929195063 23.93006189712981 23.868684714844363 23.81744903917418 23.83806995685126 24.012726545112635 24.319677918558217 24.645460962430246 24.919343809934364 25.129964612226058 25.299942900022767 23.950054825583482 23.923004448411646 23.86190153071504 23.810373749163954 23.830162453871978 24.00486089174227 24.313603411680237 24.641690103057286 24.917447943410433 25.12927844061571 25.299942900022767 23.943601279241804 23.916701418615844 23.855849944639495 23.804087486704702 23.823154513900207 23.997846083823802 24.308110028801945 24.63821482827789 24.91565740921714 25.128609164987576 25.299942900022767 23.93783966901364 23.91107024670605 23.85044611085818 23.79848852476986 23.816918218087803 23.99156541082869 24.30313558092992 24.63502283549397 24.913984045962962 25.127970076085195 25.299942900022767 23.932694466682317 23.906038274223864 23.845618145501653 23.79349449356729 23.811355956007265 23.985932740081864 24.298633893038062 24.632103291854342 24.91243434611758 25.12736941459329 25.299942900022767 23.928098930285827 23.901541289302326 23.84130350534204 23.789036402922545 23.80638911175873 23.980879368586077 24.294566295119235 24.62944408204951 24.91101001058466 25.126811593590478 25.299942900022767 23.92399403041711 23.897522419717316 23.837447290662407 23.785055143425314 23.801951806933936 23.976347218913283 24.290897808920384 24.62703125204266 24.909709008063817 25.126298276918604 25.299942900022767 23.92032753225455 23.893931239914593 23.834001063347618 23.781499336220246 23.797987365761244 23.972285368079316 24.28759565139507 24.62484936544567 24.908526673483834 25.12582924671102 25.299942900022767 23.917053200520485 23.890723020869537 23.83092196402988 23.778323928328263 23.79444624028447 23.968648282386102 24.284628801012538 24.622882139543734 24.90745665606758 25.12540306300926 25.299942900022767 23.91413010126173 23.887858082946817 23.82817201413836 23.77548921233248 23.79128472155158 23.965394896408103 24.28196799365187 24.621113076061583 24.906491664015437 25.125017545632762 25.299942900022767 23.911521992536848 23.885301234958842 23.825717542396735 23.772960096841185 23.78846407560698 23.962488092267545 24.27958584531586 24.619525977214355 24.90562401376537 25.124670115079642 25.299942900022767 23.909196826462104 23.883021292942324 23.82352870163936 23.770705532643266 23.78594991475469 23.959894358147913 24.277456970250412 24.618105322311624 24.904846015240455 25.124358026788194 25.299942900022767 23.907126237909115 23.8809906270159 23.82157904058543 23.768698037325255 23.783711703288112 23.957583521050076 24.275558047986134 24.61683651745791 24.904150229029447 25.12407852725825 25.299942900022767 23.90528515268431 23.879184782260843 23.81984513752132 23.766913295997703 23.781722348408618 23.95552850861122 24.273867831977437 24.615706042275423 24.903529628204208 25.12382895433823 25.299942900022767 23.903651430505242 23.877582142626743 23.818306280096525 23.76532981900387 23.779957849364433 23.95370512298894 24.272367108552544 24.614701519550827 24.90297769180946 25.1236067984873 25.299942900022767 23.902205552171726 23.87616363445941 23.81694418407962 23.763928644921663 23.77839699031567 23.952091822640043 24.271038619633984 24.613811730729424 24.902488451109296 25.12340973733414 25.299942900022767 23.90093034670581 23.87491246582165 23.815742746415545 23.762693081621144 23.7770210691357 23.95066951307569 24.269866962310143 24.613026594913023 24.90205650381171 25.123235652295136 25.299942900022767 23.899810743203343 23.873813896444993 23.814687829189168 23.76160848070443 23.775813657728943 23.949421349202165 24.268838476325787 24.612337125665782 24.901677008131596 25.123082633598745 25.299942900022767 23.898833593342502 23.87285505075958 23.81376707574851 23.760662042476877 23.774760390894837 23.94833255171199 24.267941127856304 24.611735375473422 24.901345664576134 25.122948978052072 25.299942900022767 23.897987467304905 23.872024736236146 23.812969743597662 23.759842643804618 23.773848779991987 23.94739023906452 24.26716439553002 24.61121437485858 24.901058691039662 25.122833182541168 25.299942900022767 23.89726250632279 23.871313296021444 23.81228656289998 23.759140690180736 23.77306805059317 23.946583276386587 24.266499162867735 24.610768071074983 24.900812795070046 25.12273393531204 25.299942900022767 23.89665029393571 23.870712483405836 23.811709616101076 23.758547989488726 23.772409002496044 23.945902141853907 24.26593761980996 24.610391269604417 24.900605145874987 25.12265010640318 25.299942900022767 23.896143744808715 23.870215354419383 23.811232235490237 23.75805764484656 23.771863890220807 23.94533881048245 24.265473174909026 24.610079580510078 24.9004333477465 25.122580738135184 25.299942900022767 23.895737012001998 23.869816177807643 23.810848917252393 23.757663964760084 23.771426322429658 23.944886655002154 24.265100379038472 24.60982937090593 24.900295415975396 25.122525036243527 25.299942900022767 23.895425411000065 23.869510361142385 23.810555250865292 23.75736238934242 23.771091179020384 23.94454036320923 24.264814860949553 24.609637724260153 24.900189755905114 25.1224823620242 25.299942900022767 23.895205359178018 23.869294391899732 23.810347862753982 23.75714943142651 23.77085454478604 23.94429587131134 24.264613274783077 24.609502406924978 24.900115145515237 25.12245222572122 25.299942900022767 23.895074329824137 23.86916579260922 23.810224373349058 23.75702263166829 23.770713658744388 23.94415031273598 24.264493259465898 24.609421842058797 24.900070721751298 25.12243428129254 25.299942900022767 23.895030819690522 23.869123089266445 23.810183366862585 23.75698052695876 23.770666878443123 23.944101981921307 24.26445340985016 24.60939509098722 24.900055970711545 25.12242832263236 25.299942900022767
    </DataArray>
    <DataArray type="Float32" Name="Hole density [log10(m^-3)]" NumberOfComponents="1" format="ascii">
0.0 0.0 0.0 0.0 0.0 0.0 0.0 0.0 0.0 0.0 0.0 0.0 0.0 0.0 0.0 0.0 0.0 0.0 0.0 0.0 0.0 0.0 0.0 0.0 0.0 0.0 0.0 0.0 0.0 0.0 0.0 0.0 0.0 0.0 0.0 0.0 0.0 0.0 0.0 0.0 0.0 0.0 0.0 0.0 0.0 0.0 0.0 0.0 0.0 0.0 0.0 0.0 0.0 0.0 0.0 0.0 0.0 0.0 0.0 0.0 0.0 0.0 0.0 0.0 0.0 0.0 0.0 0.0 0.0 0.0 0.0 0.0 0.0 0.0 0.0 0.0 0.0 0.0 0.0 0.0 0.0 0.0 0.0 0.0 0.0 0.0 0.0 0.0 0.0 0.0 0.0 0.0 0.0 0.0 0.0 0.0 0.0 0.0 0.0 0.0 0.0 0.0 0.0 0.0 0.0 0.0 0.0 0.0 0.0 0.0 0.0 0.0 0.0 0.0 0.0 0.0 0.0 0.0 0.0 0.0 0.0 0.0 0.0 0.0 0.0 0.0 0.0 0.0 0.0 0.0 0.0 0.0 0.0 0.0 0.0 0.0 0.0 0.0 0.0 0.0 0.0 0.0 0.0 0.0 0.0 0.0 0.0 0.0 0.0 0.0 0.0 0.0 0.0 0.0 0.0 0.0 0.0 0.0 0.0 0.0 0.0 0.0 0.0 0.0 0.0 0.0 0.0 0.0 0.0 0.0 0.0 0.0 0.0 0.0 0.0 0.0 0.0 0.0 0.0 0.0 0.0 0.0 0.0 0.0 0.0 0.0 0.0 0.0 0.0 0.0 0.0 0.0 0.0 0.0 0.0 0.0 0.0 0.0 0.0 0.0 0.0 0.0 0.0 0.0 0.0 0.0 0.0 0.0 0.0 0.0 0.0 0.0 0.0 0.0 0.0 0.0 0.0 0.0 0.0 0.0 0.0 0.0 0.0 0.0 0.0 0.0 0.0 0.0 0.0 0.0 0.0 0.0 0.0 0.0 0.0 0.0 0.0 0.0 0.0 0.0 0.0 0.0 0.0 0.0 0.0 0.0 0.0 0.0 0.0 0.0 0.0 0.0 0.0 0.0 0.0 0.0 0.0 0.0 0.0 0.0 0.0 0.0 0.0 0.0 0.0 0.0 0.0 0.0 0.0 0.0 0.0 0.0 0.0 0.0 0.0 0.0 0.0 0.0 0.0 0.0 0.0 0.0 0.0 0.0 0.0 0.0 0.0 0.0 0.0 0.0 0.0 0.0 0.0 0.0 0.0 0.0 0.0 0.0 0.0 0.0 0.0 0.0 0.0 0.0 0.0 0.0 0.0 0.0 0.0 0.0 0.0 0.0 0.0 0.0 0.0 0.0 0.0 0.0 0.0 0.0 0.0 0.0 0.0 0.0 0.0 0.0 0.0 0.0 0.0 0.0 0.0 0.0 0.0 0.0 0.0 0.0 0.0 0.0 0.0 0.0 0.0 0.0 0.0 0.0 0.0 0.0 0.0 0.0 0.0 0.0 0.0 0.0 0.0 0.0 0.0 0.0 0.0 0.0 0.0 0.0 0.0 0.0 0.0 0.0 0.0 0.0 0.0 0.0 0.0 0.0 0.0 0.0 0.0 0.0 0.0 0.0 0.0 0.0 0.0 0.0 0.0 0.0 0.0 0.0 0.0 0.0 0.0 0.0 0.0 0.0 0.0 0.0 0.0 0.0 0.0 0.0 0.0 0.0 0.0 0.0 0.0 0.0 0.0 0.0 0.0 0.0 0.0 0.0 0.0 0.0 0.0 0.0 0.0 0.0 0.0 0.0 0.0 0.0 0.0 0.0 0.0 0.0 0.0 0.0 0.0 0.0 0.0 0.0 0.0 0.0 0.0 0.0 0.0 0.0 0.0 0.0 0.0 0.0 0.0 0.0 0.0 0.0 0.0 0.0 0.0 0.0 0.0 0.0 0.0 0.0 0.0 0.0 0.0 0.0 0.0 0.0 0.0 0.0 0.0 0.0 0.0 0.0 0.0 0.0 0.0 0.0 0.0 0.0 0.0 0.0 0.0 0.0 0.0 0.0 0.0 0.0 0.0 0.0 0.0 0.0 0.0 0.0 0.0 0.0 0.0 0.0 0.0 0.0 0.0 0.0 0.0 0.0 0.0 0.0 0.0 0.0 0.0 0.0 0.0 0.0 0.0 0.0 0.0 0.0 0.0 0.0 0.0 0.0 0.0 0.0 0.0 0.0 0.0 0.0 0.0 0.0 0.0 0.0 0.0 0.0 0.0 0.0 0.0 0.0 0.0 0.0 0.0 0.0 0.0 0.0 0.0 0.0 0.0 0.0 0.0 0.0 0.0 0.0 0.0 0.0 0.0 0.0 0.0 0.0 0.0 0.0 0.0 0.0 0.0 0.0 0.0 0.0 0.0 0.0 0.0 0.0 0.0 0.0 0.0 0.0 0.0
    </DataArray>
    <DataArray type="Float32" Name="Ion density [log10(m^-3)]" NumberOfComponents="1" format="ascii">
25.904813043161617 25.92313979864972 25.92520974815325 25.918492527319916 25.9052266597012 25.885111375778372 25.85576732570202 25.810564130749068 25.726318998535955 25.504042141722532 24.977723605288848 25.868852695672665 25.890548760755095 25.8977368170817 25.895023082090248 25.884786292918324 25.8668580322098 25.838966349767382 25.79443184369114 25.709480495134557 25.485513041327298 24.977723605288848 25.755543024139612 25.79066896750004 25.815671401169915 25.825493593015576 25.82435265289435 25.812834553881963 25.78906489065613 25.746179017877367 25.658759350110998 25.430567752585546 24.977723605288848 25.55423692986786 25.618374649523542 25.679743004346378 25.711486432478345 25.725384001518428 25.724131517992717 25.706609681854825 25.66541146507332 25.572447426197336 25.34042005223285 24.977723605288848 25.263726774184292 25.36734394747632 25.48826147358656 25.551665262462972 25.586226898431615 25.598497904602787 25.588217010983204 25.54659275925297 25.44295452381328 25.21559075630168 24.977723605288848 24.853100028975366 24.969326133184076 25.23630833585999 25.333816485451646 25.392856025507214 25.42103617061699 25.41701990285564 25.369847822854243 25.25225441372293 25.06412979337627 24.977723605288848 24.564298801948688 24.52772192565271 24.814577129649777 25.017409453325715 25.117079397644112 25.158516560498008 25.157998429094622 25.110233418748468 25.016448250236525 24.977705758491208 24.977723605288848 24.365472143286475 24.266583634951456 24.51914729654718 24.69177215783376 24.794304151062896 24.852760011290577 24.879578824025522 24.887103129267434 24.89999802116745 24.93208398279333 24.977723605288848 24.182359331267982 24.057135825236756 24.322744816972495 24.51635617085795 24.64390761909534 24.724537572908975 24.776555486926725 24.815488343447374 24.85616005688411 24.91045972496712 24.977723605288848 24.027227794299606 23.892855156287364 24.176024527344058 24.39541305319275 24.553053434063926 24.662253355005497 24.73805882986348 24.794704203932152 24.845972418280375 24.90538964553819 24.977723605288848 23.920608761520548 23.784929850359735 24.078359583474604 24.313730352830753 24.49150214489217 24.621245510842076 24.715119177749305 24.785635979702384 24.84516043885155 24.906522136965396 24.977723605288848 23.85585789857046 23.71789617481798 24.015561142781614 24.259453769203528 24.449445607801053 24.59279373703367 24.69945616690138 24.780329079443568 24.846363478781903 24.909074176719205 24.977723605288848 23.814176562591424 23.671863459338145 23.971463321770713 24.220535662323403 24.418704862998588 24.571697102336078 24.687794131681756 24.77651082442999 24.847614363234378 24.911466158899273 24.977723605288848 23.783311539299298 23.63638946356009 23.937378342445328 24.190291699352436 24.39462083550935 24.555011071954944 24.678457377583857 24.77333412481521 24.848459585980393 24.913334455228007 24.977723605288848 23.758108095010805 23.607323681215334 23.90960100870094 24.165685945236422 24.374971647043278 24.541298692168375 24.670662065678016 24.770504683133787 24.84888846765305 24.914697944537426 24.977723605288848 23.73658634281165 23.582844854942792 23.88637326989657 24.145185019266687 24.358585471980874 24.52979161487569 24.664010299150547 24.76792613893487 24.848996544792726 24.91566410084679 24.977723605288848 23.71785140248021 23.561921027575952 23.866655225035178 24.127850069075883 24.344727013389893 24.520005595179565 24.658262583271682 24.765564728092617 24.84888396009375 24.916339393181413 24.977723605288848 23.70138603006729 23.543858354123998 23.849739381565797 24.113034447154945 24.332884020911198 24.511602358829023 24.653255709974353 24.76340543703162 24.848631015867127 24.916808153994218 24.977723605288848 23.68683561307887 23.528153221834682 23.83511244462822 24.10026751959703 24.322681457055026 24.50433313440998 24.648870142347015 24.761437992046915 24.848296286590987 24.917132168512786 24.977723605288848 23.673933422951475 23.51442451718761 23.8223879401576 24.08919519533403 24.313836169088 24.498008896646915 24.64501398066639 24.75965232215747 24.847920385282436 24.91735523477027 24.977723605288848 23.662467432084973 23.50237460340227 23.811266335951252 24.07954387561928 24.306128932252125 24.492482168201516 24.641613919076548 24.758037371351595 24.847530454260873 24.917507972724984 24.977723605288848 23.652262710088955 23.491764902573944 23.801509711410223 24.071097218891722 24.299386227059607 24.487635248639272 24.6386098237088 24.756581154235 24.847144011967433 24.917611683737746 24.977723605288848 23.643171197574322 23.48240008837356 23.792925162233498 24.063680744079427 24.293468058680773 24.48337238242072 24.635951336828963 24.755271185674296 24.846771899086193 24.917681179795153 24.977723605288848 23.635065422118828 23.47411756628265 23.785353653470164 24.05715139920841 24.288259650633556 24.479614431780877 24.633595663343097 24.754094939559977 24.84642041315814 24.917726783785422 24.977723605288848 23.627834423265586 23.46678025236486 23.778662324662527 24.051390320592517 24.283665653002405 24.47629516367864 24.631506064746763 24.753040227311686 24.84609282220444 24.917755712840687 24.977723605288848 23.6213809473493 23.46027144555436 23.772739019361428 24.04629767380956 24.279606003205245 24.473358590616634 24.62965078533493 24.752095467657806 24.845790420326313 24.917773030499934 24.977723605288848 23.615619397537234 23.454491065405357 23.767488284135613 24.04178888430732 24.27601289705301 24.470757012898197 24.628002240032863 24.751249834408394 24.845513220760783 24.917782301104758 24.977723605288848 23.610474247236628 23.44935280242465 23.762828359113605 24.037791813541375 24.272828522641134 24.468449552665955 24.626536399806373 24.750493345864236 24.845260448849043 24.9177860409572 24.977723605288848 23.605878755807574 23.44478189711443 23.758688852322905 24.03424458423741 24.270003308744815 24.46640100202378 24.62523227933125 24.74981689156549 24.84503086871653 24.91778603034843 24.977723605288848 23.60177389492283 23.44071337208476 23.755008909955826 24.0310938818553 24.267494560074727 24.464580922063 24.624071523929715 24.74921221991391 24.84482300017373 24.917783530397447 24.977723605288848 23.59810743064833 23.43709059613221 23.75173574646035 24.028293598416656 24.26526536742894 24.462962915237284 24.623038060523253 24.748671900804872 24.844635260850794 24.91777943448502 24.977723605288848 23.594833128440197 23.433864101887732 23.7488234478076 24.025803735314632 24.263283725844673 24.46152403054668 24.62211780066831 24.748189273889547 24.844466057866924 24.91777437455471 24.977723605288848 23.59191005495523 23.430990602396143 23.746231986797596 24.023589505685425 24.26152181279535 24.460244271977807 24.62129838624566 24.747758389743808 24.844313845597824 24.917768796112835 24.977723605288848 23.589301968761596 23.428432166184194 23.743926404847574 24.021620592825435 24.25995539183666 24.459106188737632 24.620568970608826 24.747373948187672 24.844177158845692 24.917763011379748 24.977723605288848 23.586976822403642 23.426155521569314 23.741876127535644 24.019870532989827 24.25856331622497 24.458094531468827 24.619920030078564 24.747031238139673 24.844054631960702 24.917757237151612 24.977723605288848 23.58490625111373 23.4241314637724 23.74005438837814 24.018316198543506 24.25732711329407 24.457195962371294 24.61934320129743 24.746726080261624 24.843945007554986 24.91775162188273 24.977723605288848 23.583065181003604 23.42233435187909 23.73843774223906 24.01693736323626 24.256230634854468 24.456398809872866 24.6188311408919 24.74645477368793 24.843847138612123 24.917746265135907 24.977723605288848 23.581431472049957 23.42074167968166 23.73700565301018 24.015716335205123 24.255259762065663 24.455692860421014 24.618377404393012 24.74621404734163 24.84375998651361 24.91774123160638 24.977723605288848 23.57998560527302 23.419333708801243 23.735740143295583 24.014637646280743 24.254402155633656 24.45506918148399 24.617976342024665 24.74600101665268 24.84368261817074 24.917736561277568 24.977723605288848 23.578710409882646 23.418093154636754 23.73462549629174 24.013687788458192 24.25364704398328 24.454519970847123 24.61762300870664 24.745813143847684 24.84361419897497 24.917732276762695 24.977723605288848 23.577590815134602 23.417004917587292 23.73364800192662 24.01285499012624 24.25298504344732 24.454038428320516 24.617313086913132 24.745648203711248 24.843553987239364 24.91772838865869 24.977723605288848 23.57661367284334 23.41605585429871 23.732795740848264 24.01212902606159 24.25240800564014 24.453618646569954 24.617042820554914 24.74550425364053 24.84350132812753 24.917724899448164 24.977723605288848 23.575767553306108 23.415234580569095 23.73205840048164 24.01150105624331 24.251908888060033 24.45325551828526 24.61680895806183 24.74537960663365 24.843455647733652 24.917721806345696 24.977723605288848 23.575042597852892 23.41453130430751 23.7314271191264 24.01096348949117 24.251481644681625 24.45294465761593 24.61660870420042 24.745272808673793 24.843416447568796 24.91771910337703 24.977723605288848 23.57443039010524 23.413937684425182 23.730894354486235 24.010509868636877 24.251121133844066 24.45268233390606 24.61643967918676 24.745182619148114 24.843383299555722 24.917716782897177 24.977723605288848 23.57392384479618 23.4134467122928 23.730453773536375 24.010134774445113 24.250823041147164 24.45246541612611 24.616299884343814 24.745107994221623 24.843355841582074 24.917714836696373 24.977723605288848 23.57351711504131 23.413052613476353 23.730100161588776 24.009833746618952 24.250583816375276 24.452291327520626 24.616187673624765 24.745048072934797 24.843333773682218 24.917713256803857 24.977723605288848 23.57320551636904 23.4127507675215 23.729829348064538 24.009603219141976 24.25040062152853 24.452158008024444 24.616101730384962 24.745002165768906 24.843316854804172 24.91771203606632 24.977723605288848 23.57298546618778 23.412537644394586 23.72963814781417 24.009440469281287 24.250271289932783 24.452063884718022 24.61604104899845 24.744969745624683 24.843304900156287 24.917711168558686 24.977723605288848 23.57285443780916 23.41241075630297 23.72952431672114 24.009343579096043 24.25019429546569 24.45200784962085 24.61600492089732 24.744950440858265 24.843297779186063 24.917710649867637 24.977723605288848 23.5728109279991 23.41236862390647 23.729486520589443 24.009311408460604 24.25016873096863 24.45198924409725 24.61599292479378 24.744944030393984 24.843295414137042 24.91771047727625 24.977723605288848
    </DataArray>
    <DataArray type="Float32" Name="Ion density residual[log10(m^-3)]" NumberOfComponents="1" format="ascii">
24.60399422589557 24.62697040304947 24.624842430340074 24.61787539056401 24.604626686689446 24.584777737754308 24.556157433539475 24.512248176427146 24.427082024080658 24.203155436375358 23.676693609624866 24.568282534496753 24.58979418556994 24.597039768563036 24.594349722176673 24.584135303445333 24.56624294848681 24.5384122779662 24.493965918776254 24.40904719652542 24.184513037746104 23.676693609624866 24.455623260733272 24.490082820464725 24.515047531342702 24.52483313646062 24.523681331239565 24.512178086449506 24.488434404732892 24.44560170317428 24.358151029549443 24.129537756921565 23.676693609624866 24.2551449036359 24.318087901429337 24.37929033010518 24.410934140717206 24.424775336990432 24.4234983111429 24.405979333368286 24.364800264629142 24.271762778480078 24.03939005656887 23.676693609624866 23.965631005821688 24.067461043426157 24.188078182358858 24.251328873372636 24.285793158492762 24.298007200378706 24.287703451144967 24.24607386334923 24.14234649817718 23.9145756804923 23.676693609624866 23.553502688265716 23.6703810813807 23.936597994940783 24.033824930232672 24.092760465144792 24.120863652492677 24.11681338743522 24.069630787262923 23.951960270940155 23.763633752694844 23.676693609624866 23.263839661434147 23.227769532057117 23.515034469018325 23.717994761808683 23.817479578505534 23.859391192037247 23.85826296968668 23.810343701757105 23.716005448004633 23.676827134503082 23.676693609624866 23.064742556585877 22.96604595179522 23.218676685183706 23.391398253943244 23.493999789834685 23.552633856474422 23.57938172857692 23.586711829818253 23.599348662977498 23.63118992390675 23.676693609624866 22.881566638889588 22.756452782832557 23.02203808041741 23.215608642634912 23.343113009328643 23.423712008174075 23.475703166304864 23.51460556602811 23.55524151572339 23.614513207134753 23.676693609624866 22.72639928294671 22.59209715194876 22.875242434086204 23.094586509715345 23.2521676436986 23.361311317624384 23.43707358279134 23.497051626555237 23.554096461883816 23.614730492963716 23.676693609624866 22.619742819236365 22.484112835420532 22.7775256406827 23.012863175161094 23.19058634789151 23.32027811283907 23.41410805114924 23.489749332275185 23.55433060041714 23.615319649143135 23.676693609624866 22.55495981035507 22.417034768823047 22.71468787167589 22.958555979032745 23.1485097492936 23.29181482403504 23.398438700593292 23.48406060008315 23.55441621356944 23.615923509285107 23.676693609624866 22.51325484405252 22.370969439565183 22.67056037451104 22.91961402083212 23.117753338619906 23.27071050331408 23.38677502672126 23.479362989393927 23.55412340915709 23.616398922300725 23.676693609624866 22.48237242863029 22.33547080894571 22.636452474201533 22.889351052796254 23.09365645823598 23.25401828580578 23.37743765967114 23.475312447755336 23.55354259862125 23.61679219133824 23.676693609624866 22.457155521177494 22.306385882774027 22.608657085755027 22.864729972639424 23.073996563628587 23.240300553723834 23.36964175249484 23.471766440273118 23.552811223464836 23.61708300064592 23.676693609624866 22.435622949923822 22.281891912487314 22.58541497773593 22.8442166638387 23.05760150521078 23.22878881986077 23.3629892390592 23.468643626989063 23.55202195216773 23.617306790820127 23.676693609624866 22.416879141840475 22.260955968458212 22.565685426008958 22.82687171544702 23.04373573550058 23.218998808525367 23.35724068246172 23.46588196533597 23.551228527234116 23.61747212225443 23.676693609624866 22.400406424637517 22.24288351819605 22.54876031980302 22.812048017756425 23.0318867620431 23.210592203093608 23.352232958128077 23.463431405367107 23.550460586901476 23.61758321072558 23.676693609624866 22.38584988463985 22.22717044020047 22.53412588700385 22.799274553171298 23.021679318091977 23.20332016577139 23.347846587182612 23.461251517042257 23.54973399154263 23.617647702103895 23.676693609624866 22.37294256512525 22.21343523531774 22.521395282367187 22.788196917803166 23.01283004667468 23.19699359333295 23.3439896994938 23.459309392071546 23.54905668055182 23.617678403498598 23.676693609624866 22.361472259105263 22.201379970424856 22.510268684557428 22.778541262191194 23.005119549732548 23.191464930932177 23.34058899883731 23.457577589402923 23.54843185499243 23.617685304191088 23.676693609624866 22.351263892561235 22.190765837870963 22.5005079476061 22.770091046200296 22.998374165445025 23.186616407967605 23.3375843495176 23.45603269479688 23.547859813816345 23.61767492578253 23.676693609624866 22.342169290056184 22.18139733203584 22.491919991314056 22.762671632541394 22.99245378442084 23.182352208769483 23.33492538644904 23.45465433590644 23.547339066297962 23.61765397083848 23.676693609624866 22.334060884932804 22.17311171769566 22.48434564311907 22.75613984668147 22.987243539017236 23.178593145684953 23.3325693051898 23.453424501545214 23.546867041269195 23.61762683419513 23.676693609624866 22.32682768627192 22.165771799903972 22.477651934539196 22.750376728757725 22.982648007168223 23.175272945045336 23.330479357760062 23.452327158723534 23.546440573129026 23.61759644643158 23.676693609624866 22.32037273149546 22.159260789549823 22.471726623964432 22.74528236869392 22.978587069258115 23.172335586590645 23.328623779722683 23.45134804671626 23.546056233337026 23.617564825166234 23.676693609624866 22.31460991300422 22.153478535967633 22.466474190491592 22.740772132195453 22.974992875943347 23.169733344312558 23.32697497833655 23.45047440722787 23.545710521622546 23.61753330183835 23.676693609624866 22.309463670106368 22.148338673367505 22.46181282050785 22.736773833311478 22.971807579447976 23.167425319231096 23.325508930540277 23.449694805319112 23.545400013467514 23.617502736170405 23.676693609624866 22.30486723440041 22.14376639686348 22.45767207899147 22.733225556943257 22.96898157991958 23.16537628645971 23.324204674923582 23.44899911671256 23.54512144666123 23.617473665974344 23.676693609624866 22.300761554884684 22.139696692268 22.45399107744884 22.73007395819498 22.96647215910089 23.16355589005957 23.323043802439283 23.44837830656932 23.544871771384795 23.617446397898604 23.676693609624866 22.297094378987865 22.13607289838006 22.450717244337493 22.72727305743864 22.964242555072293 23.161937628748063 23.322010237375085 23.44782436369785 23.544648174045896 23.61742107883922 23.676693609624866 22.293819456757777 22.1328457713006 22.447804387707748 22.72478272432419 22.962260559659107 23.16049852395975 23.321089889082682 23.447330147913682 23.5444480850453 23.617397753534835 23.676693609624866 22.29089584204234 22.12997174190806 22.44521244291531 22.72256808763981 22.960498340224543 23.159218574567507 23.3202703975947 23.446889340112385 23.544269175612623 23.617376398907332 23.676693609624866 22.28828728270858 22.127412844657513 22.442906440635284 22.720598821477893 22.958931653384848 23.158080325552397 23.319540914711972 23.446496383834603 23.544109346652537 23.617356947558253 23.676693609624866 22.285961722311782 22.125135798337734 22.440855797540078 22.71884845447752 22.95753934665304 23.15706852404759 23.31889191544732 23.44614633350192 23.54396671503175 23.61733930734088 23.676693609624866 22.28389078850894 22.12311139020613 22.439033739726327 22.717293852669698 22.956302942585936 23.156169829325208 23.31831503533857 23.445834829877423 23.54383959766098 23.617323373207288 23.676693609624866 22.28204940100052 22.12131397266559 22.437416815849346 22.71591478451314 22.95520628900337 23.155372567360715 23.317802930076724 23.445558032110558 23.543726495036164 23.617309035088766 23.676693609624866 22.280415414321688 22.119721033881028 22.435984484586292 22.714693553708063 22.95423526371853 23.154666522540342 23.317349154398926 23.445312540251365 23.543626075039437 23.617296183355435 23.676693609624866 22.278969304863892 22.118312830722022 22.434718764148535 22.713614688353246 22.953377524622944 23.15404276059505 23.3169480578542 23.445095382517334 23.543537159119843 23.6172847119628 23.676693609624866 22.277693897893464 22.117072074567925 22.43360393402443 22.712664677297926 22.952622297769146 23.153493477843107 23.3165946947881 23.44490393891011 23.543458706643843 23.61727452117482 23.676693609624866 22.276574119307913 22.115983662414735 22.432626281008453 22.711831746275998 22.951960197488084 23.153011872854595 23.316284747186153 23.444735913999626 23.54338980264796 23.617265518697344 23.676693609624866 22.27559681806013 22.115034448028087 22.431773883101297 22.711105667823862 22.951383073705095 23.152592037247533 23.316014458543762 23.444589305066735 23.543329646460734 23.61725762041631 23.676693609624866 22.274750562019094 22.114213044773543 22.431036425495424 22.71047760003342 22.95088388249586 23.15222886282811 23.315780576938618 23.44446238029868 23.543277541572156 23.617250750746244 23.676693609624866 22.274025490462282 22.113509658514143 22.43040504461522 22.709939950140814 22.950456576641376 23.151917963003587 23.315580306840083 23.44435364852189 23.543232886761494 23.617244842700163 23.676693609624866 22.27341318528945 22.11291594645214 22.429872196599877 22.709486259657705 22.95009601348596 23.151655606498842 23.31541126821533 23.444261838466534 23.543195168411472 23.61723983780022 23.676693609624866 22.272906559805932 22.112424898546394 22.429431547133465 22.709111108260217 22.94979787780915 23.15143866177335 23.31527146218119 23.4441858812348 23.54316395392319 23.61723568595751 23.676693609624866 22.272499765964128 22.1120307392163 22.429077880480246 22.708810034768675 22.94955861873018 23.15126455165704 23.315159242523137 23.44412489568987 23.543138886204066 23.61723234525314 23.676693609624866 22.27218811837028 22.111728847100903 22.428807025233482 22.708579472469573 22.949375397723998 23.15113121575715 23.315073292463687 23.44407817646987 23.543119679105615 23.6172297817299 23.676693609624866 22.271968033733415 22.11151569148039 22.42861579561751 22.708416698102948 22.9492460477194 23.151037080906384 23.31501260627623 23.444045184554632 23.543106113747644 23.617227969199284 23.676693609624866 22.271836984874938 22.11138878408195 22.428501947077784 22.708319793359397 22.949169042316406 23.150981038950917 23.314976475322347 23.444025541293623 23.5430980357436 23.6172268890786 23.676693609624866 22.27179346827033 22.111346645281202 22.428464145159115 22.70828761789524 22.949143474192162 23.150962431152532 23.3149644782725 23.444019018585347 23.543095353238694 23.617226530268788 23.676693609624866
    </DataArray>
    <DataArray type="Float32" Name="Ion density last step [log10(m^-3)]" NumberOfComponents="1" format="ascii">
25.903924684037456 25.923180651753864 25.9253142945194 25.918547417642266 25.905281383470147 25.88523143575322 25.856005376650653 25.81093041901108 25.726637500844873 25.503444129306345 24.977723605288848 25.8663312135983 25.8894156224609 25.89700750891596 25.894455448230335 25.884354979327007 25.866576019341853 25.838846847827845 25.794450372282316 25.709411861234823 25.484453030907027 24.977723605288848 25.747979314555028 25.786116666939478 25.812617686264705 25.82319126870829 25.822553835047323 25.811408267668305 25.787917927328973 25.74518274784006 25.65752406553048 25.428153681486528 24.977723605288848 25.538390645733845 25.608170160900304 25.673206081526235 25.70657181229256 25.721477813524128 25.720892087123786 25.7037779730181 25.66266822368175 25.569116029439066 25.335777172276465 24.977723605288848 25.237981276201943 25.348954317723482 25.476685966759653 25.5429282696885 25.57917929653157 25.592460171712432 25.58264723105981 25.540825083907727 25.435929902222178 25.207494833371456 24.977723605288848 24.822588570960207 24.92966380057819 25.21699694138994 25.318718030126387 25.37989591657409 25.40946743340281 25.405899800616176 25.358016125939457 25.23837267771206 25.04839913701288 24.977723605288848 24.55205961681922 24.508253054787904 24.788257146423206 24.989688883837285 25.094034523210553 25.13770817218141 25.137533398096064 25.090651028014594 25.004662356396718 24.97277128415712 24.977723605288848 24.358285907961115 24.256702724554025 24.509365163795763 24.681088638228992 24.782910079857704 24.837945769870657 24.86576827449386 24.876741741893532 24.892935560142057 24.928408045864558 24.977723605288848 24.176061622699592 24.049363216448914 24.316388525215025 24.5112667073495 24.639888487425154 24.72109669470393 24.773392030805667 24.81254571812897 24.853497495573965 24.908621372772252 24.977723605288848 24.02137134288544 23.886188092457132 24.17065895971638 24.39134768165593 24.550304981107658 24.660545265037054 24.737013107077942 24.793977176277753 24.845283235112127 24.9047071691762 24.977723605288848 23.915441867358634 23.779245303337387 24.073732350359485 24.31017970020861 24.489135506075556 24.61993752656985 24.71459394062711 24.785563867622052 24.845191626934383 24.9063803244387 24.977723605288848 23.851377332999814 23.712988638784505 24.011526257675566 24.256310919548184 24.447333414723147 24.591666971671106 24.699109847321633 24.78046408279903 24.846632532274857 24.909147500248224 24.977723605288848 23.81020733360941 23.667538177595542 23.967889419188516 24.217722735398503 24.4167936983597 24.570681316657446 24.687514271742454 24.776696741026754 24.847938930419968 24.91161006231851 24.977723605288848 23.779709991919162 23.632516815111778 23.934175635449996 24.187755858018036 24.392881465442798 24.554078576029895 24.678202559313263 24.773514010997363 24.848773002014685 24.913490558780634 24.977723605288848 23.754789190474995 23.60381757128217 23.906706696223033 24.163388539247535 24.37338478622989 24.540438006837537 24.670418879371514 24.77066085102713 24.849170067462303 24.91484517546425 24.977723605288848 23.73349850207312 23.579642514731948 23.883738686965835 24.14309348126218 24.357134216503844 24.52899587216831 24.66377559079293 24.768056248016716 24.849243546807518 24.91579663510907 24.977723605288848 23.71495897374725 23.558973502312625 23.864240443832212 24.125935516220846 24.343394995008964 24.519268587227426 24.658036257694242 24.765671767328136 24.849099860460658 24.916457195981717 24.977723605288848 23.69866157585732 23.541126125654166 23.847511020147163 24.111271353698832 24.33165565778693 24.510917774033896 24.653038147844605 24.763493648063065 24.84882088413648 24.916913069694665 24.977723605288848 23.68425669319157 23.52560382413308 23.833042472640987 24.098633675511273 24.32154246597831 24.503694721256174 24.648661451541713 24.76151135311404 24.84846499160329 24.917226385984623 24.977723605288848 23.671481108937 23.512031008904877 23.820452811302726 24.08767154065292 24.31277386198599 24.497410747957318 24.644813904815003 24.7597141086535 24.8480720483185 24.917440746489333 24.977723605288848 23.660125511176126 23.500114482145648 23.809446272161974 24.078114209158123 24.305132281463585 24.49191891241396 24.641421936512742 24.75809013513534 24.84766838675019 24.917586432945384 24.977723605288848 23.650017190971337 23.489619283621387 23.79978809198737 24.069747846995597 24.298445780443103 24.487102130338634 24.638425267964205 24.756626838010412 24.847270818770852 24.91768441502821 24.977723605288848 23.64100996189579 23.48035306009372 23.791288002280556 24.062400122484362 24.292575779548653 24.4828652640206 24.635773489333822 24.755311258820303 24.84688961760605 24.917749225167185 24.977723605288848 23.63297795431435 23.472155673462662 23.783789162437845 24.055929799067634 24.28740873249149 24.47912975062858 24.633423812782784 24.75413051654052 24.846530641178532 24.917790964394378 24.977723605288848 23.62581158826226 23.46489207719141 23.777160536267765 24.050219532859508 24.282850337307604 24.475829869267244 24.631339540255944 24.753072160169964 24.846196821772768 24.917816678311826 24.977723605288848 23.619414802021204 23.45844726555857 23.77129148376788 24.04517075578155 24.278821413732423 24.472910076870964 24.629488972215007 24.7521244148461 24.845889197837593 24.917831299020413 24.977723605288848 23.613703027816438 23.452722573133503 23.766087813345237 24.040699946567123 24.275254895868024 24.470323053522637 24.627844584838268 24.751276310845604 24.845607587004736 24.917838290115196 24.977723605288848 23.608601627836222 23.44763287508316 23.761468817078505 24.036735842964273 24.27209358803634 24.46802824317328 24.62638240956941 24.750517759152828 24.84535106385186 24.91784009023529 24.977723605288848 23.604044628598754 23.443104406811536 23.7573649821786 24.033217297933504 24.26928843329576 24.465990709452228 24.62508151767043 24.749839568212025 24.84511827517 24.917838419285385 24.977723605288848 23.599973663966658 23.439073029125087 23.7537161918025 24.03009160701909 24.26679716621822 24.464180242291366 24.623923605879835 24.749233424429008 24.84490764849051 24.917834490953844 24.977723605288848 23.596337071729447 23.435482819252922 23.750470280132266 24.027313173529684 24.264583237799446 24.46257063712588 24.622892647021068 24.74869184974973 24.84471752809755 24.917829160968463 24.977723605288848 23.593089111230352 23.43228491047579 23.747581856018012 24.024842428801453 24.26261494582223 24.461139105990963 24.621974593194253 24.748208146315175 24.84454626221449 24.91782303106502 24.977723605288848 23.59018927602847 23.429436526657785 23.745011334882495 24.022644948775035 24.26086472307247 24.459865790941443 24.621157121863057 24.74777633504177 24.844392257472975 24.917816522269856 24.977723605288848 23.587601693869484 23.426900172004864 23.74272413401904 24.020690723943353 24.259308549141096 24.458733358425 24.62042941749349 24.74739109206327 24.844254009624166 24.917809926779967 24.977723605288848 23.58529463736797 23.424642947413904 23.74068999914707 24.018953551509185 24.257925460675033 24.457726658910868 24.619781983550933 24.747047687206837 24.844130120825888 24.91780344487527 24.977723605288848 23.583240018837046 23.422635967450724 23.738882437168453 24.017410526140168 24.256697141145022 24.456832439815045 24.619206480330696 24.746741925620075 24.844019306965976 24.91779721128543 24.977723605288848 23.58141300467573 23.42085386544097 23.737278236926212 24.016041611436187 24.255607575632553 24.456039102471177 24.61869558505225 24.74647009373769 24.843920398708676 24.917791314095744 24.977723605288848 23.57979166325678 23.41927437101757 23.7358570629103 24.014829277986358 24.254642759280507 24.45533649581 24.618242871162273 24.74622891001957 24.84383233869913 24.917785808352544 24.977723605288848 23.578356656295288 23.417877948784664 23.734601109894115 24.013758196812173 24.25379045041615 24.454715740911485 24.6178427044556 24.746015481230256 24.84375417806551 24.917780725893536 24.977723605288848 23.577090969578105 23.416647488854867 23.733494808893674 24.012814979232886 24.25303996112168 24.45416908157884 24.617490153367193 24.745827262388126 24.84368506885803 24.917776082435733 24.977723605288848 23.57597966760621 23.41556804187886 23.732524576673754 24.011987955886823 24.252381979393643 24.45368975709933 24.617180912077238 24.74566202226465 24.843624258097933 24.917771882728236 24.977723605288848 23.575009719098123 23.41462659346119 23.731678602523026 24.011266989026396 24.251808418138385 24.453271893944876 24.61691123460407 24.745517813235388 24.84357108139031 24.91776812429447 24.977723605288848 23.574169794634624 23.4138118696855 23.730946666610066 24.01064331322918 24.251312287110977 24.452910413660014 24.616677878066117 24.745392944103237 24.84352495675158 24.917764800150753 24.977723605288848 23.5734501211504 23.413114172251028 23.730319985983183 24.010109400599674 24.250887584608346 24.452600954891263 24.61647805465133 24.745285957356643 24.843485378892858 24.917761900782914 24.977723605288848 23.572842354704335 23.412525239167483 23.729791084668403 24.009658847226675 24.25052920626232 24.45233980761145 24.616309390857506 24.745195609487546 24.843451914051684 24.91775941558197 24.977723605288848 23.57233947053587 23.41203812769535 23.72935368482294 24.009286278156466 24.250232868675077 24.452123857951335 24.616169893256114 24.74512085428557 24.8434241954143 24.917757333883873 24.977723605288848 23.571935671359658 23.411647117289426 23.729002616845037 24.008987269252145 24.2499950469448 24.451950543176554 24.616057920103472 24.745060828872994 24.843401919193248 24.917755645720423 24.977723605288848 23.571626312223394 23.411347630352598 23.728733745983035 24.0087582832181 24.249812923175387 24.45181781436242 24.615972158183876 24.745014842221117 24.843384841312012 24.91775434235602 24.977723605288848 23.5714078406255 23.411136169435522 23.728543914309263 24.008596619135748 24.249684345960564 24.451724107052794 24.61591160448228 24.74498236609219 24.843372774688152 24.917753416666258 24.977723605288848 23.57127775103032 23.41101026962628 23.728430896813148 24.008500374370808 24.249607799890384 24.451668319206917 24.615875552266125 24.7449630280478 24.843365587165106 24.917752863397542 24.977723605288848 23.571234552760295 23.410968465157694 23.72839337062886 24.00846841787306 24.24958238415746 24.451649795711347 24.61586358133716 24.744956606542633 24.843363200036645 24.917752679335212 24.977723605288848
    </DataArray>
    <DataArray type="Float32" Name="Ion density max [log10(m^-3)]" NumberOfComponents="1" format="ascii">
25.90502422155955 25.92800039871345 25.925872426004055 25.91890538622799 25.905656682353428 25.88580773341829 25.857187429203456 25.813278172091128 25.72811201974464 25.50418543203934 24.977723605288848 25.869312530160734 25.89082418123392 25.898069764227017 25.895379717840655 25.885165299109314 25.86727294415079 25.83944227363018 25.794995914440236 25.710077192189402 25.485543033410085 24.977723605288848 25.756653256397254 25.791112816128706 25.816077527006684 25.825863132124603 25.824711326903547 25.813208082113487 25.789464400396874 25.74663169883826 25.659181025213424 25.430567752585546 24.977723605288848 25.556174899299883 25.619117897093318 25.680320325769163 25.711964136381187 25.725805332654414 25.72452830680688 25.707009329032267 25.665830260293124 25.57279277414406 25.34042005223285 24.977723605288848 25.26666100148567 25.368491039090138 25.48910817802284 25.552358869036617 25.586823154156743 25.599037196042687 25.58873344680895 25.547103859013212 25.44337649384116 25.215605676156283 24.977723605288848 24.854532683929698 24.97141107704468 25.237627990604764 25.334854925896654 25.393790460808773 25.421893648156658 25.4178433830992 25.370660782926905 25.252990266604137 25.064663748358825 24.977723605288848 24.56486965709813 24.528799527721098 24.816064464682306 25.019024757472664 25.118509574169515 25.16042118770123 25.159292965350662 25.111373697421087 25.017035443668615 24.977857130167063 24.977723605288848 24.365772552249858 24.2670759474592 24.519706680847687 24.692428249607225 24.795029785498667 24.853663852138403 24.8804117242409 24.887741825482234 24.90037865864148 24.93221991957073 24.977723605288848 24.18259663455357 24.05748277849654 24.32306807608139 24.516638638298893 24.644143004992625 24.724742003838056 24.776733161968846 24.81563556169209 24.856271511387373 24.915543202798734 24.977723605288848 24.02742927861069 23.89312714761274 24.176272429750185 24.395616505379326 24.55319763936258 24.662341313288366 24.73810357845532 24.798081622219218 24.855126457547797 24.915760488627697 24.977723605288848 23.920772814900346 23.785142831084514 24.07855563634668 24.313893170825075 24.491616343555492 24.62130810850305 24.71513804681322 24.790779327939166 24.85536059608112 24.916349644807116 24.977723605288848 23.85598980601905 23.71806476448703 24.01571786733987 24.259585974696726 24.44953974495758 24.59284481969902 24.699468696257274 24.785090595747132 24.85544620923342 24.91695350494909 24.977723605288848 23.8142848397165 23.671999435229164 23.971590370175022 24.220644016496102 24.418783334283887 24.571740498978063 24.68780502238524 24.780392985057908 24.85515340482107 24.917428917964706 24.977723605288848 23.78340242429427 23.636500804609692 23.937482469865515 24.190381048460235 24.39468645389996 24.555048281469762 24.678467655335123 24.776342443419317 24.85457259428523 24.917822187002223 24.977723605288848 23.758185516841476 23.607415878438008 23.90968708141901 24.165759968303405 24.375026559292568 24.541330549387816 24.67067174815882 24.7727964359371 24.853841219128817 24.9181129963099 24.977723605288848 23.736652945587803 23.582921908151295 23.88644497339991 24.145246659502682 24.35863150087476 24.529818815524752 24.66401923472318 24.769673622653045 24.853051947831712 24.918336786484108 24.977723605288848 23.717909137504456 23.561985964122194 23.86671542167294 24.127901711111 24.34476573116456 24.520028804189348 24.6582706781257 24.766911960999952 24.852258522898097 24.91850211791841 24.977723605288848 23.701436420301498 23.54391351386003 23.849790315467 24.113078013420406 24.332916757707082 24.51162219875759 24.65326295379206 24.764461401031088 24.851490582565457 24.918613206389562 24.977723605288848 23.68687988030383 23.528200435864452 23.83515588266783 24.10030454883528 24.322709313755958 24.504350161435372 24.648876582846594 24.762281512706238 24.850763987206612 24.918677697767876 24.977723605288848 23.67397256078923 23.51446523098172 23.82242527803117 24.089226913467147 24.31386004233866 24.498023588996933 24.64501969515778 24.760339387735527 24.850086676215803 24.91870839916258 24.977723605288848 23.662502254769244 23.502409966088837 23.81129868022141 24.079571257855175 24.30614954539653 24.49249492659616 24.64161899450129 24.758607585066905 24.84946185065641 24.91871529985507 24.977723605288848 23.652293888225216 23.491795833534944 23.80153794327008 24.071121041864277 24.299404161109006 24.487646403631587 24.638614345181576 24.75706269046086 24.848889809480326 24.918704921446512 24.977723605288848 23.643199285720165 23.48242732769982 23.792949986978037 24.063701628205376 24.29348378008482 24.483382204433465 24.63595538211302 24.75568433157042 24.848369061961943 24.91868396650246 24.977723605288848 23.635090880596785 23.474141713359643 23.78537563878305 24.057169842345452 24.288273534681217 24.479623141348934 24.63359930085378 24.754454497209196 24.847897036933173 24.91865682985911 24.977723605288848 23.6278576819359 23.466801795567953 23.778681930203177 24.051406724421707 24.283678002832204 24.476302940709317 24.631509353424043 24.753357154387515 24.847470568793007 24.91862644209556 24.977723605288848 23.621402727159442 23.460290785213804 23.772756619628414 24.046312364357902 24.279617064922093 24.473365582254626 24.629653775386664 24.75237804238024 24.847086229001007 24.918594820830215 24.977723605288848 23.6156399086682 23.454508531631614 23.767504186155573 24.041802127859434 24.276022871607328 24.47076333997654 24.628004974000532 24.75150440289185 24.846740517286527 24.91856329750233 24.977723605288848 23.61049366577035 23.449368669031486 23.76284281617183 24.03780382897546 24.272837575111957 24.468455314895078 24.626538926204258 24.750724800983093 24.846430009131495 24.918532731834386 24.977723605288848 23.605897230064393 23.44479639252746 23.758702074655453 24.034255552607238 24.27001157558356 24.466406282123693 24.625234670587563 24.75002911237654 24.846151442325212 24.918503661638326 24.977723605288848 23.601791550548665 23.44072668793198 23.75502107311282 24.03110395385896 24.26750215476487 24.46458588572355 24.624073798103264 24.749408302233302 24.845901767048776 24.918476393562585 24.977723605288848 23.598124374651846 23.437102894044042 23.751747240001475 24.028303053102622 24.265272550736274 24.462967624412045 24.623040233039067 24.74885435936183 24.845678169709878 24.918451074503203 24.977723605288848 23.59484945242176 23.433875766964583 23.74883438337173 24.02581271998817 24.26329055532309 24.46152851962373 24.622119884746663 24.748360143577663 24.84547808070928 24.918427749198816 24.977723605288848 23.59192583770632 23.431001737572043 23.74624243857929 24.023598083303792 24.261528335888524 24.46024857023149 24.621300393258682 24.747919335776366 24.845299171276604 24.918406394571313 24.977723605288848 23.58931727837256 23.428442840321495 23.743936436299265 24.021628817141874 24.25996164904883 24.45911032121638 24.620570910375953 24.747526379498584 24.845139342316518 24.918386943222234 24.977723605288848 23.586991717975764 23.426165794001715 23.74188579320406 24.0198784501415 24.25856934231702 24.458098519711573 24.6199219111113 24.7471763291659 24.84499671069573 24.918369303004862 24.977723605288848 23.584920784172922 23.42414138587011 23.740063735390308 24.01832384833368 24.257332938249917 24.45719982498919 24.619345031002553 24.7468648255414 24.84486959332496 24.91835336887127 24.977723605288848 23.583079396664502 23.422343968329567 23.738446811513327 24.01694478017712 24.25623628466735 24.456402563024696 24.618832925740705 24.74658802777454 24.844756490700146 24.918339030752747 24.977723605288848 23.58144540998567 23.42075102954501 23.737014480250274 24.015723549372044 24.25526525938251 24.455696518204324 24.618379150062907 24.746342535915346 24.84465607070342 24.918326179019417 24.977723605288848 23.579999300527874 23.419342826386004 23.735748759812516 24.014644684017227 24.254407520286925 24.45507275625903 24.617978053518183 24.746125378181315 24.844567154783824 24.91831470762678 24.977723605288848 23.578723893557445 23.418102070231907 23.73463392968841 24.013694672961908 24.253652293433127 24.454523473507088 24.617624690452082 24.74593393457409 24.844488702307824 24.918304516838802 24.977723605288848 23.577604114971894 23.417013658078716 23.733656276672434 24.01286174193998 24.252990193152066 24.454041868518576 24.617314742850134 24.745765909663607 24.844419798311943 24.918295514361326 24.977723605288848 23.57662681372411 23.41606444369207 23.732803878765278 24.012135663487843 24.252413069369076 24.453622032911515 24.617044454207743 24.745619300730716 24.844359642124715 24.918287616080292 24.977723605288848 23.57578055768307 23.415243040437524 23.732066421159406 24.011507595697402 24.25191387815984 24.45325885849209 24.616810572602596 24.745492375962662 24.844307537236137 24.918280746410225 24.977723605288848 23.575055486126264 23.414539654178125 23.7314350402792 24.010969945804796 24.251486572305357 24.45294795866757 24.616610302504064 24.74538364418587 24.844262882425475 24.91827483836414 24.977723605288848 23.57444318095343 23.413945942116122 23.73090219226386 24.010516255321686 24.251126009149942 24.452685602162823 24.61644126387931 24.745291834130516 24.844225164075453 24.9182698334642 24.977723605288848 23.573936555469913 23.413454894210375 23.730461542797446 24.010141103924198 24.25082787347313 24.452468657437333 24.61630145784517 24.745215876898783 24.844193949587172 24.91826568162149 24.977723605288848 23.57352976162811 23.413060734880283 23.730107876144228 24.009840030432656 24.25058861439416 24.45229454732102 24.61618923818712 24.745154891353852 24.844168881868047 24.91826234091712 24.977723605288848 23.573218114034262 23.412758842764884 23.729837020897463 24.009609468133554 24.25040539338798 24.45216121142113 24.61610328812767 24.74510817213385 24.844149674769596 24.91825977739388 24.977723605288848 23.572998029397397 23.41254568714437 23.72964579128149 24.009446693766925 24.25027604338338 24.452067076570366 24.61604260194021 24.745075180218613 24.844136109411625 24.918257964863265 24.977723605288848 23.57286698053892 23.41241877974593 23.729531942741765 24.00934978902338 24.250199037980387 24.452011034614898 24.616006470986328 24.745055536957604 24.844128031407582 24.918256884742583 24.977723605288848 23.572823463934313 23.412376640945183 23.729494140823096 24.009317613559222 24.250173469856144 24.451992426816513 24.61599447393648 24.745049014249325 24.844125348902676 24.91825652593277 24.977723605288848
    </DataArray>
    <DataArray type="Float32" Name="Mobility [m^2/V/s]" NumberOfComponents="1" format="ascii">
0.0 0.0 0.0 0.0 0.0 0.0 0.0 0.0 0.0 0.0 0.0 0.0006205603134788828 0.0006220613176250062 0.0006447751977194422 0.0006027105745910985 0.0006269254588316577 0.0006220804781538783 0.0006414312211877859 0.0006057288715728053 0.0006202346339289337 0.0006108836116234461 0.0006272352182045191 0.0004482069859306016 0.0004570472625229845 0.0004406128669952089 0.0004067053168247168 0.0003267123824705357 0.0003343065014059283 0.00032171305228499204 0.0002493142368662035 0.0001652449533403299 0.0001702442835258736 0.0001652449533403299 0.0 0.0 0.0 0.0 0.0 0.0 0.0 0.0 0.0 0.0 0.0 0.0 0.0 0.0 0.0 0.0 0.0 0.0 0.0 0.0 0.0 0.0 0.0005088864424614016 0.000534618204037039 0.0005174506472058821 0.0004893565744358471 0.000504470670522435 0.00047924556692674686 0.00045468160028036846 0.00045755056945471535 0.0004160489003488305 0.0003948749094838178 0.0003779372070243115 0.0 0.0 0.0 0.0 0.0 0.0 0.0 0.0 0.0 0.0 0.0 0.0 0.0 0.0 0.0 0.0 0.0 0.0 0.0 0.0 0.0003628711862188036 0.0003808640096294403 0.00044433474895885143 0.0004044364451923256 0.00043647829398587424 0.00041478329651384256 0.000379309734179311 0.0003975130404738052 0.0003594013471492862 0.00032859532358012574 0.0003259571925901383 0.00025610267493578773 0.00023715853440230223 0.0 0.0 0.0 0.0 0.0 0.0 0.0 0.0 0.0 0.0 0.0 0.0 0.0 0.0 0.0 0.0 0.0 0.0 0.00021811131737368004 0.00023949393437284436 0.00017112446459182945 0.00025803965196947494 0.0003510466953340865 0.0003337764392940492 0.00029223442727414987 0.0003204974661193743 0.00028705331156022635 0.0002509288414661511 0.00025902669892690245 0.00020103406430822685 0.00018051947433872105 0.00015865130981412086 0.00011215585992230749 0.0 0.0 0.0 0.0 0.0 0.0 0.0 0.0 0.0 0.0 0.0 0.0 0.0 0.0 0.0 0.0 0.00011049001988782432 0.00012903573748445488 7.660592212693432e-05 0.0001372403668309395 0.00016529087760516322 0.0001144837063609913 0.00020076332275580913 0.00023481800978098296 0.00020679139714765906 0.00016983532357077986 0.0001859461552559479 0.00014356340076184188 0.0001254246803564253 0.00011999799943919842 9.401713951689092e-05 9.401713951689092e-05 8.6175e-05 0.0 0.0 0.0 0.0 0.0 0.0 0.0 0.0 0.0 0.0 0.0 0.0 0.0 0.0 5.541401301446299e-05 6.36186423609476e-05 4.131604472963606e-05 6.250795384210738e-05 9.218110872967976e-05 5.203373731391904e-05 0.00010400948983280295 0.00012027479032963781 0.0001302928706699892 0.0001022078237302009 0.00012090503473928046 9.7339633416637e-05 8.949602996426215e-05 9.401567558140698e-05 8.617353606451605e-05 8.617353606451605e-05 8.6175e-05 0.0 0.0 0.0 0.0 0.0 0.0 0.0 0.0 0.0 0.0 0.0 0.0 0.0 0.0 3.7375549283238835e-05 3.626486076439861e-05 3.0552794703662714e-05 3.449329015005993e-05 4.6321671253183143e-05 3.4246172386292284e-05 5.178661955015139e-05 6.635185031867807e-05 4.575986534141085e-05 7.24005949768284e-05 8.365966697841844e-05 8.033570914318841e-05 7.678337606219012e-05 8.26197390480338e-05 8.262120298351775e-05 8.262120298351775e-05 8.6175e-05 0.0 0.0 0.0 0.0 0.0 0.0 0.0 0.0 0.0 0.0 0.0 0.0 0.0 0.0 0.0 2.7559885059949752e-05 2.4909047223418272e-05 2.6130386252792556e-05 3.1595334549760804e-05 2.7086809195840696e-05 3.5202595329340424e-05 4.1251339987490745e-05 3.5123202947470985e-05 4.568047295954142e-05 5.059127754765303e-05 4.375596149320368e-05 7.236563540489195e-05 7.750963041723814e-05 8.106342743372037e-05 8.106342743372037e-05 8.6175e-05 0.0 0.0 0.0 0.0 0.0 0.0 0.0 0.0 0.0 0.0 0.0 0.0 0.0 0.0 0.0 0.0 0.0 2.2132401071173198e-05 2.5739661850752818e-05 2.3479262617567527e-05 2.8433670742235026e-05 3.28628037142857e-05 2.98697454249456e-05 3.655927763018156e-05 4.0762903203863575e-05 3.764498961223199e-05 4.484167347525411e-05 4.82113601094954e-05 8.0709276108668e-05 8.0709276108668e-05 8.6175e-05 0.0 0.0 0.0 0.0 0.0 0.0 0.0 0.0 0.0 0.0 0.0 0.0 0.0 0.0 0.0 0.0 0.0 0.0 0.0 2.1701888468120558e-05 2.5040630037284883e-05 2.8737103953180746e-05 2.7139060139127496e-05 3.1968175526788216e-05 3.604694579817874e-05 3.4276325995304544e-05 3.995314008074832e-05 4.378373416410159e-05 4.22312590242938e-05 4.783247291052126e-05 8.6175e-05 0.0 0.0 0.0 0.0 0.0 0.0 0.0 0.0 0.0 0.0 0.0 0.0 0.0 0.0 0.0 0.0 0.0 0.0 0.0 0.0 0.0 2.6534367793541588e-05 2.5627102867796154e-05 2.9462866786989532e-05 3.336906106955911e-05 3.2295753911506366e-05 3.710921311982138e-05 4.1157951866241046e-05 4.0163798037134335e-05 4.528584394160675e-05 4.906868603004353e-05 4.837934613385293e-05 0.0 0.0 0.0 0.0 0.0 0.0 0.0 0.0 0.0 0.0 0.0 0.0 0.0 0.0 0.0 0.0 0.0 0.0 0.0 0.0 0.0 0.0 2.7971432623947436e-05 3.1711584674209704e-05 3.099026589782854e-05 3.5314587185387465e-05 3.944247926075317e-05 3.874625643368305e-05 4.359546728542991e-05 4.7683123306782805e-05 4.7185776306823434e-05 5.196965515524644e-05 5.5811766776548226e-05 0.0 0.0 0.0 0.0 0.0 0.0 0.0 0.0 0.0 0.0 0.0 0.0 0.0 0.0 0.0 0.0 0.0 0.0 0.0 0.0 0.0 0.0 3.0040587680339817e-05 3.406275719540393e-05 3.821574522008068e-05 3.768853868439872e-05 4.2372037922677836e-05 4.6658569771141475e-05 4.626990337302223e-05 5.108364175716783e-05 5.522516052799245e-05 5.506180021772519e-05 5.9591985386669064e-05 0.0 0.0 0.0 0.0 0.0 0.0 0.0 0.0 0.0 0.0 0.0 0.0 0.0 0.0 0.0 0.0 0.0 0.0 0.0 0.0 0.0 0.0 3.727698655108406e-05 3.685864335377199e-05 4.14264881896838e-05 4.585156017571016e-05 4.5533399862925593e-05 5.037681504626402e-05 5.474363990494063e-05 5.4599139895504e-05 5.9284125066965156e-05 6.348628234648215e-05 6.351241951204598e-05 0.0 0.0 0.0 0.0 0.0 0.0 0.0 0.0 0.0 0.0 0.0 0.0 0.0 0.0 0.0 0.0 0.0 0.0 0.0 0.0 0.0 1.911816337928297e-05 4.066713284935961e-05 4.519238771991347e-05 4.4925379653838214e-05 4.979164666740419e-05 5.433213182942873e-05 5.420126258789358e-05 5.900875581599337e-05 6.338155027051083e-05 6.338814084550268e-05 6.789180454155529e-05 7.222435901199309e-05 0.0 0.0 0.0 0.0 0.0 0.0 0.0 0.0 0.0 0.0 0.0 0.0 0.0 0.0 0.0 0.0 0.0 0.0 0.0 1.8927959107354948e-05 1.8318395575399978e-05 1.8250894136797033e-05 4.441494847341489e-05 4.9297190739185655e-05 5.397381472575029e-05 5.385464540117362e-05 5.875871724988155e-05 6.326897152092601e-05 6.326210610930147e-05 6.78915297049226e-05 7.228611751095078e-05 7.233417273065832e-05 7.673562594831104e-05 0.0 0.0 0.0 0.0 0.0 0.0 0.0 0.0 0.0 0.0 0.0 0.0 0.0 0.0 0.0 0.0 0.0 1.876877542923934e-05 1.817803848619035e-05 1.8122326328443817e-05 1.7604445036001506e-05 1.8995452216540866e-05 5.36589524829673e-05 5.3550548890913096e-05 5.853114433325065e-05 6.315370251724727e-05 6.313828447534041e-05 6.786924625139122e-05 7.231875468875148e-05 7.235215665629778e-05 7.681708313556489e-05 8.151274255155559e-05 8.151274255155559e-05 0.0 0.0 0.0 0.0 0.0 0.0 0.0 0.0 0.0 0.0 0.0
    </DataArray>
    <DataArray type="Float32" Name="Electric Field [Vm^-1]" NumberOfComponents="3" format="ascii">
406847851.7347507 -1634246286.5856366 0.0 2085901.8068574949 -12400727.757836936 0.0 1783608.4612466174 -11401453.191225335 0.0 1421795.778467242 -10328698.963668615 0.0 1154544.0371420388 -9600798.33686019 0.0 960536.2558182959 -9220355.9186347 0.0 793993.551988884 -9215396.598588588 0.0 552673.9406311921 -9901157.691323265 0.0 -194734.8948577644 -13031185.494641274 0.0 -2592839.8551438996 -25017624.247637294 0.0 405910506.27024066 1180823646.9982166 0.0 5629106.622306265 -1428428621.3942254 0.0 3903734.0828255164 -12693166.203842193 0.0 3133536.2169060423 -11716685.562902948 0.0 2512999.1445407853 -10551009.905819532 0.0 2094903.5079714234 -9753646.280924285 0.0 1813205.629772108 -9338957.622209987 0.0 1604970.9166714451 -9338901.597178325 0.0 1404684.831171843 -10117759.771574356 0.0 1094999.3172467148 -13662216.151745278 0.0 517656.0034493872 -26806728.01718061 0.0 -1999394.2584353234 1377121597.6685932 0.0 9779764.125001948 -1424735937.0787663 0.0 7975216.015526808 -13820133.342712086 0.0 6288947.221197049 -12841063.045851476 0.0 4997061.707371076 -11327596.913225772 0.0 4140576.912663451 -10266588.39700056 0.0 3564470.6370771 -9697450.973762289 0.0 3129437.8632158996 -9638308.32686525 0.0 2686997.9678249555 -10492472.054459846 0.0 1979341.7404405635 -14360571.32958712 0.0 783066.3848197868 -27646580.446201574 0.0 -1990855.022890911 1376806025.025408 0.0 14230757.075961718 -1418837813.2451732 0.0 12275598.282300571 -15936695.440522388 0.0 9645632.027789008 -14813957.944945445 0.0 7634883.943435977 -12680382.449603848 0.0 6276556.553541978 -11162486.144605905 0.0 5341314.076642677 -10332820.90922677 0.0 4606441.753787328 -10191399.663098797 0.0 3815165.016444577 -11217694.473413857 0.0 2558871.3655682583 -15655668.440316677 0.0 712110.3472746435 -28927063.716723792 0.0 -2039647.7858460094 1376512109.0543175 0.0 19418812.291558765 -1410464295.5407338 0.0 16701158.802525818 -19284995.690476306 0.0 12931080.71334292 -17602069.990275037 0.0 10328921.43177422 -14621550.481919935 0.0 8488304.20608865 -12506886.774957642 0.0 7117263.249398765 -11337093.028172212 0.0 5935825.855206078 -11129251.63762475 0.0 4566930.610327483 -12487909.90501474 0.0 2514739.7410273384 -17696215.173022993 0.0 99765.06207581855 -30428566.53419132 0.0 -2172936.0328221405 1376499235.58663 0.0 19836937.745587725 -1401604108.0064769 0.0 16764030.533578552 -23652024.069870308 0.0 14345132.301783297 -20560011.950509775 0.0 12018501.705733426 -16917364.088643923 0.0 9898491.01552936 -14292533.474126004 0.0 8080404.27834211 -12828452.722225433 0.0 6274588.635976905 -12686904.720188031 0.0 4039593.647916338 -14603143.528815024 0.0 1096668.20652726 -20513817.328039974 0.0 -1298571.9462816883 -31618955.25316297 0.0 -2403230.7332947915 1377123291.912445 0.0 14831260.88886808 -1394741192.1827052 0.0 13717946.903331997 -25050657.49229644 0.0 12623786.175177617 -22348223.14497782 0.0 10741249.812787676 -19117956.999653578 0.0 8644971.80726969 -16370106.321397284 0.0 6420786.863227389 -14884460.877191477 0.0 3920452.6692216955 -15069391.488089846 0.0 981038.1725711143 -17596335.81547502 0.0 -1959780.292571433 -23425118.14670849 0.0 -2867337.8272444643 -31459325.798974734 0.0 -2539380.71177336 1378586685.7456596 0.0 11947370.11149593 -1389010445.174538 0.0 10504826.239676302 -25813240.891046293 0.0 9044145.517990265 -23811420.710379567 0.0 7113159.869797159 -21066253.76512656 0.0 4709368.441015162 -18685520.838863034 0.0 2036589.4982319884 -17479869.626867045 0.0 -721475.4948562946 -17928139.725782074 0.0 -3258793.5987382075 -20386774.653578226 0.0 -4683130.878576357 -24758449.34409958 0.0 -3634893.2355485535 -29496101.837866355 0.0 -2572746.036292901 1380505027.509793 0.0 10632720.222585231 -1384369608.214572 0.0 8012318.131312254 -27605889.393663634 0.0 5940276.835078973 -25811100.31170125 0.0 3560477.279217932 -23506395.224159215 0.0 850007.5570291865 -21413044.84547006 0.0 -1896319.103630027 -20202101.016518146 0.0 -4276208.050202844 -20300318.99021641 0.0 -5780574.524874069 -21804549.358524535 0.0 -5758877.4392967615 -24278321.018604767 0.0 -3703749.839141898 -26592695.85947135 0.0 -2541027.022069997 1382503646.8213503 0.0 8649174.701227834 -1381156913.54487 0.0 5703118.515925138 -29743131.933307286 0.0 3690916.056477029 -28051862.932128865 0.0 1374926.8588286738 -26073687.709641583 0.0 -1182478.0003086298 -24122537.197306655 0.0 -3641485.3146297694 -22651218.797811907 0.0 -5524516.015695923 -21996880.586595453 0.0 -6331814.8241118835 -22207844.981795438 0.0 -5648287.225907823 -22937739.69633149 0.0 -3352796.5500514945 -23514404.77857427 0.0 -2473016.81361522 1384349057.758108 0.0 6369541.684690219 -1379151995.7922108 0.0 3716702.0570473284 -31432490.519437727 0.0 2121030.8997866586 -30045565.18263402 0.0 169291.49466632554 -28366127.45593398 0.0 -1978509.5620017967 -26480313.748842224 0.0 -3987442.9655896164 -24655633.765987452 0.0 -5409769.638753725 -23163642.685161486 0.0 -5814774.714222872 -22114029.639936123 0.0 -4932779.629594321 -21377630.657202035 0.0 -2809175.0015440937 -20703016.000305567 0.0 -2393455.3249509884 1385918694.9153805 0.0 4709575.614557843 -1377892300.0297875 0.0 2336669.5116130426 -32583404.148703065 0.0 1140606.36971197 -31622173.149173763 0.0 -388988.57629793015 -30224099.93378733 0.0 -2075930.0008296696 -28373792.088503912 0.0 -3630603.8035691073 -26208300.229756456 0.0 -4675941.365858799 -23955474.084827363 0.0 -4861784.629269944 -21821052.740859587 0.0 -4009790.350547766 -19917766.89124162 0.0 -2227653.1779319406 -18346615.435695063 0.0 -2316760.243269541 1387178834.8689685 0.0 3819002.3236218314 -1377038219.69523 0.0 1534851.7143586853 -33428940.478342693 0.0 617671.9995980574 -32826360.041340988 0.0 -545102.3364608785 -31653633.880108338 0.0 -1818778.6356616002 -29822065.407012913 0.0 -2980666.0991919003 -27370348.2705231 0.0 -3736633.473336193 -24492123.946836773 0.0 -3814251.3067027107 -21487490.842188083 0.0 -3093234.485853636 -18691946.21065827 0.0 -1691583.328120528 -16484455.81827625 0.0 -2249930.2920221165 1388146329.7107327 0.0 3377677.265134468 -1376418953.0393126 0.0 1113338.5486144514 -34118846.46111688 0.0 391284.76170679677 -33746196.80126746 0.0 -482353.3689888877 -32724707.061310984 0.0 -1421917.5096955588 -30896394.758393876 0.0 -2270741.3848135397 -28220549.14210349 0.0 -2813200.4642888997 -24859613.748997387 0.0 -2845921.597269262 -21190672.997604005 0.0 -2286293.397879671 -17734169.609325267 0.0 -1238120.449022217 -15079028.200022342 0.0 -2195472.660945977 1388861876.4812627 0.0 3131117.6168495496 -1375936971.3610694 0.0 897322.5452354453 -34696458.19855147 0.0 327259.1566445541 -34450102.89428186 0.0 -324765.44530046475 -33515991.303760815 0.0 -1008762.1532786601 -31678586.441996977 0.0 -1621081.8461868663 -28834499.7522127 0.0 -2011187.9002260827 -25117501.199919365 0.0 -2032626.164518266 -20960687.30706356 0.0 -1627572.3592269998 -17027047.844334546 0.0 -876968.1899484788 -14058960.59730434 0.0 -2153298.510387518 1389373919.0312037 0.0 2966651.328430807 -1375532119.4097588 0.0 781681.451630045 -35170103.14723165 0.0 337333.59788906825 -34985970.38957224 0.0 -146199.2356667767 -34095740.96969055 0.0 -640969.5961362983 -32242675.812463127 0.0 -1081390.7735876578 -29276609.367563777 0.0 -1366142.9118605475 -25306274.516143005 0.0 -1392427.8145888725 -20802059.173973534 0.0 -1118586.1477647787 -16530738.67479764 0.0 -602449.0135194117 -13344253.505563075 0.0 -2121946.5983862444 1389729437.7154317 0.0 2842128.850234477 -1375171241.5091095 0.0 712003.5344144185 -35546858.54700804 0.0 371682.8422525874 -35389930.32437894 0.0 15349.074454329912 -34518388.22128739 0.0 -342196.3467186716 -32648814.062295616 0.0 -661096.2765016297 -29597704.540525634 0.0 -874906.545292321 -25452798.738657597 0.0 -912273.0064743402 -20707163.077272147 0.0 -741757.8255961579 -16199896.989360403 0.0 -401508.67658095463 -12860237.12354935 0.0 -2099411.9912379384 1389969231.699204 0.0 2740825.7971285633 -1374838456.3355842 0.0 661834.7598983995 -35838430.32330438 0.0 405592.10291723645 -35691143.6704136 0.0 144382.76672767973 -34825829.52559244 0.0 -115004.15386333941 -32942878.370344236 0.0 -349537.8679720361 -29835552.00674353 0.0 -516371.66738499544 -25574173.690323967 0.0 -565686.4878628697 -20663890.41675225 0.0 -472249.7460878386 -15992546.067075327 0.0 -258938.90675193802 -12543996.697781458 0.0 -2083663.9281913543 1390126208.9400418 0.0 2654954.3627439584 -1374527215.8048568 0.0 618907.7480502379 -36059048.140117206 0.0 428815.8345100991 -35913504.50428982 0.0 238012.37022324893 -35049625.72591297 0.0 48249.00501548993 -33158407.90647943 0.0 -128213.73932037015 -30016861.56248895 0.0 -263974.0628219692 -25680643.988367803 0.0 -323430.7899913639 -20659648.546152476 0.0 -284997.44092591485 -15873749.341011807 0.0 -160404.62256355883 -12346019.30206798 0.0 -2072919.1604059301 1390225512.0667512 0.0 2580350.5373366517 -1374235389.1327398 0.0 578007.4925463278 -36222938.31871557 0.0 438736.02387411904 -36076303.85688821 0.0 299544.9116119371 -35213146.0697936 0.0 158978.770256055 -33319194.46516738 0.0 22536.176556009807 -30159781.58670807 0.0 -92251.72166937904 -25777865.59602293 0.0 -158969.66764783495 -20683199.235726804 0.0 -158180.52687138887 -15816295.47498979 0.0 -93846.19304614357 -12229207.085906314 0.0 -2065742.7677669288 1390285575.339286 0.0 2514576.7675708034 -1373962630.4462574 0.0 537355.7962515258 -36342846.10211705 0.0 436362.6634301641 -36194756.57516625 0.0 334707.02486765257 -35333442.8884658 0.0 228926.8442128872 -33441758.66890178 0.0 120373.93998115507 -30276267.859862316 0.0 20374.502950115737 -25868622.899728935 0.0 -50565.0437221934 -20725311.60466211 0.0 -74376.94536027808 -15799932.176577479 0.0 -49833.95610791442 -12166764.711115452 0.0 -2061047.0317301794 1390319492.1844847 0.0 2456097.9872648953 -1373709086.3041615 0.0 496757.7942356395 -36429449.461720295 0.0 424132.2525456212 -36280591.453497656 0.0 349612.6760589281 -35422810.76760312 0.0 268549.68094364676 -33537411.362228457 0.0 179836.56573406217 -30374030.933438268 0.0 90937.30349529901 -25954051.8349616 0.0 18496.88767863189 -20778812.563443817 0.0 -20445.77418169883 -15810080.968723591 0.0 -21360.580128026493 -12139872.053509094 0.0 -2058041.787426654 1390336337.1018147 0.0 2403870.336742871 -1373474821.2903347 0.0 456652.0772360516 -36491303.69578261 0.0 404770.1792717105 -36342673.5011187 0.0 349793.3293578601 -35490032.88994141 0.0 286451.05521779775 -33613838.106712505 0.0 212255.8793212772 -30457993.21504761 0.0 132274.9732717269 -26034448.31522797 0.0 60533.089959292396 -20838364.186518453 0.0 13141.348901068799 -15836519.573163329 0.0 -3404.9632621782807 -12135596.17233069 0.0 -2056170.25140417 1390342279.9378207 0.0 2357123.839649263 -1373259611.7375903 0.0 417639.00963875925 -36535048.148393564 0.0 380758.104808698 -36387594.83683168 0.0 339831.4378696444 -35541343.75227613 0.0 289355.4632980625 -33676254.12754407 0.0 226140.46579871816 -30531307.601597726 0.0 153758.83814933267 -26109759.968937352 0.0 84354.3869946689 -20900145.139436428 0.0 33102.009555585064 -15872239.725827007 0.0 7537.088906661913 -12145206.436135048 0.0 -2055048.8147918594 1390341451.3095477 0.0 2315246.139835133 -1373062918.0984797 0.0 380264.818251543 -36565712.659512386 0.0 354131.62353092554 -36420192.62994812 0.0 323310.8301827733 -35581151.94929879 0.0 282325.37133238214 -33728215.09584148 0.0 227702.723142543 -30596033.484273866 0.0 162069.52856856576 -26179857.141462784 0.0 96128.552631968 -20961526.145714108 0.0 44076.33767694601 -15912539.290263413 0.0 13864.163803944977 -12162900.143294198 0.0 -2054417.4721132023 1390336580.4958317 0.0 357529.2324956211 -931537535.6611259 0.0 339814.7908442904 -36613316.13538333 0.0 320221.65933898214 -36380789.866077825 0.0 293885.22638999316 -35408623.89660278 0.0 255702.43962140023 -33371718.569664896 0.0 203495.6641513811 -30021547.221877012 0.0 141648.25108135492 -25410373.409266356 0.0 81637.53177285266 -20112324.186054327 0.0 36113.62250732755 -15168993.892028818 0.0 9901.677441673974 -11708524.672201602 0.0 0.0 1858248496.1439192 0.0 -1681697.0088106627 -1372805245.5659652 0.0 313071.5845961498 -36601930.406309076 0.0 299940.9413348959 -36462725.94700984 0.0 281731.6819410673 -35640370.744218506 0.0 253453.22192810243 -33813380.28909845 0.0 211634.1672675511 -30708148.29406921 0.0 157721.54505245085 -26305221.094485994 0.0 100136.7653936645 -21074534.439375445 0.0 51103.519576101906 -15991203.75577405 0.0 18559.266142193508 -12204870.737062735 0.0 2058129.9866252514 1390325396.2807715 0.0 -1711033.2793018133 -1372648957.8909159 0.0 282150.34113426734 -36612073.63144128 0.0 272841.549990131 -36475731.70480329 0.0 258530.8610733573 -35660862.466302685 0.0 234576.4209747935 -33845812.40092685 0.0 197711.1057279694 -30753943.213803202 0.0 149100.67545537144 -26359740.71646188 0.0 96277.01571157698 -21127233.35933219 0.0 50410.639647947064 -16031414.077266369 0.0 19002.49228603578 -12229376.107830383 0.0 2058269.3152859404 1390316894.6203349 0.0 -1737292.9085978444 -1372508342.1142702 0.0 253794.08486375437 -36618982.194930896 0.0 247158.81746572992 -36485508.16879692 0.0 235719.2055221211 -35677801.2711968 0.0 215204.04768898335 -33874034.86647147 0.0 182587.18169272685 -30794842.35164531 0.0 138830.16319959852 -26409229.741617102 0.0 90673.59351560689 -21175783.960153107 0.0 48274.703796481714 -16069199.669757659 0.0 18619.924299356207 -12253201.041514127 0.0 2058285.1227570153 1390308254.8205132 0.0 -1760806.933487963 -1372382027.7683554 0.0 227918.98374407963 -36623662.29977051 0.0 223147.5334907905 -36492973.43901254 0.0 213847.2071566705 -35692001.26058259 0.0 196119.55881542957 -33898744.66622636 0.0 167191.76812201992 -30831385.05313282 0.0 127870.58556845652 -26453989.909352187 0.0 84185.67666312928 -21220173.34734937 0.0 45333.16785254707 -16104233.227314621 0.0 17751.717855952047 -12275801.824257428 0.0 2058226.0386498757 1390299827.602464 0.0 -1781873.7414781111 -1372268713.8797405 0.0 204395.30275817227 -36626820.076200515 0.0 200920.65785109732 -36498775.72229582 0.0 193237.24542724594 -35704052.50483039 0.0 177808.79043705275 -33920477.686069846 0.0 152113.73882173398 -30864033.13150432 0.0 116836.8994376426 -26494348.395141553 0.0 77366.49082695696 -21260520.386768997 0.0 41997.96374476582 -16136401.1296458 0.0 16618.26048771122 -12296888.52679446 0.0 2058123.6964653523 1390291817.4041731 0.0 -1800761.77569471 -1372167184.6312025 0.0 183065.71063614648 -36628946.66633624 0.0 180493.2629862478 -36503371.50727584 0.0 174052.352223729 -35714387.05661906 0.0 160550.65089431911 -33939655.644582815 0.0 137707.57877551645 -30893190.192463733 0.0 106108.87937523326 -26530642.12039727 0.0 70563.39772365664 -21297024.083451737 0.0 38530.72317727781 -16165724.826079685 0.0 15360.640975626351 -12316333.973109622 0.0 2057998.4872028143 1390284334.20714 0.0 -1817712.073527341 -1372076317.490271 0.0 163759.01867821146 -36630380.79910422 0.0 161815.65826673273 -36507081.88320302 0.0 156347.25291746578 -35723325.10925536 0.0 144483.03839808813 -33956617.5095469 0.0 124168.82561333486 -30919213.158363495 0.0 95907.98350267278 -26563205.28959002 0.0 63986.257354430476 -21329927.44783484 0.0 35093.39546053859 -16192307.656724898 0.0 14067.614770295411 -12334113.273206115 0.0 2057863.3860624318 1390277427.7422252 0.0 -1832941.6256025338 -1371995085.6504557 0.0 146299.79736097166 -36631354.12448174 0.0 144797.5711875159 -36510132.724986106 0.0 140105.41082398596 -35731107.228652254 0.0 129649.99753972895 -33971640.80117285 0.0 111587.09484193621 -30942419.521896694 0.0 86350.43905264042 -26592360.3289214 0.0 57753.89283618582 -21359492.806756124 0.0 31782.187801864657 -16216299.26843125 0.0 12793.518747443499 -12350263.8531215 0.0 2057726.4891483164 1390271110.0027823 0.0 -1846644.675542821 -1371922557.3197386 0.0 130515.03064004339 -36632023.0284525 0.0 129325.38677801196 -36512683.073264055 0.0 125265.37154577661 -35737916.86834627 0.0 116034.91888961948 -33984956.261065826 0.0 99982.93662228066 -30963092.292675916 0.0 77483.63206389075 -26618411.827162594 0.0 51925.515358487 -21385985.395338528 0.0 28650.259513818983 -16237872.122334063 0.0 11570.152088968867 -12364859.1889577 0.0 2057592.6919481908 1390265370.0170794 0.0 -1858994.6768341174 -1371857892.054761 0.0 116239.04977114582 -36632492.426651366 0.0 115274.18859663574 -36514845.40088252 0.0 111739.1379882343 -35743896.19075092 0.0 103583.57418133182 -33996758.15432749 0.0 89333.1841536066 -30981483.70160048 0.0 69310.87786560052 -26641642.897621244 0.0 46521.88583159534 -21409662.830074437 0.0 25722.861347054466 -16257206.242489148 0.0 10414.650273570483 -12377991.684117973 0.0 2057464.799653724 1390260183.5004137 0.0 -1870147.432407765 -1371800335.4382348 0.0 103315.3370816907 -36632831.88744052 0.0 102515.58525753251 -36516699.72393468 0.0 99424.64861206713 -35749157.15639643 0.0 92219.83093105014 -34007211.638717696 0.0 79588.17919373285 -30997818.21213754 0.0 61808.14461265157 -26662313.351770297 0.0 41539.50454493987 -21430768.686918885 0.0 23007.415343000277 -16274479.552752389 0.0 9334.699542117778 -12389761.636446683 0.0 2057344.2615101982 1390255519.1212173 0.0 -1880242.7069393015 -1371749213.425261 0.0 91597.92882645881 -36633086.85922198 0.0 90922.84723078214 -36518303.4208172 0.0 88214.08900044597 -35753789.32061696 0.0 81856.18399014826 -34016458.144665554 0.0 70683.31640103461 -31012295.115128826 0.0 54935.22855887463 -26680659.163620144 0.0 36960.052184011016 -21449528.8849944 0.0 20500.196223740164 -16289861.969646702 0.0 8331.984109600548 -12400270.24973674 0.0 2057231.6561274617 1390251342.5295796 0.0 -1889406.0534106446 -1371703926.2880602 0.0 80951.82237133221 -36633286.54864859 0.0 80374.03997507165 -36519698.07809641 0.0 77999.24738238729 -35757865.35024517 0.0 72400.65096586313 -34024619.38902071 0.0 62546.64639204629 -31025090.840052336 0.0 48643.13238800113 -26696892.80596307 0.0 32756.628699001798 -21466149.950345945 0.0 18190.743527490667 -16303511.989760308 0.0 7404.45952418416 -12409615.318065958 0.0 2057127.0117018104 1390247618.9091601 0.0 -1897750.267121941 -1371663942.6851141 0.0 71252.80921488508 -36633449.34925919 0.0 70753.75775727858 -36520914.24462262 0.0 68674.80379146339 -35761444.94993061 0.0 63761.1420005759 -34031800.43084939 0.0 55103.7618171078 -31036361.04003743 0.0 42878.843666826935 -26711204.12835506 0.0 28897.817999970182 -21480818.497805793 0.0 16064.751557020498 -16315574.918382518 0.0 6547.847226811734 -12417888.674321875 0.0 2057030.017229207 1390244314.555628 0.0 -1905377.6210965912 -1371628793.7452123 0.0 62386.84822945797 -36633586.74250891 0.0 61953.88347912582 -36521974.7329369 0.0 60140.19534428154 -35764577.67159991 0.0 55848.095509457125 -34038092.039956585 0.0 48280.82772673171 -31046242.477666683 0.0 37588.35025996616 -26723761.550725177 0.0 25350.28093419891 -21493701.47831563 0.0 14105.927385433894 -16326182.145648671 0.0 5756.603104313376 -12425174.780969067 0.0 2056940.1601829026 1390241397.8186207 0.0 -1912380.8556647266 -1371598067.979754 0.0 54249.10047624099 -36633705.29061802 0.0 53873.717894891626 -36522896.765218586 0.0 52300.52871085682 -35767304.915859446 0.0 48575.941763990784 -34043572.55867749 0.0 42006.35755596697 -31054854.72136466 0.0 32718.469431647874 -26734713.40169256 0.0 22080.371150921666 -21504946.87748249 0.0 12297.171933184092 -16335451.077756677 0.0 5024.5407861021085 -12431550.053416463 0.0 2056856.8158061735 1390238839.6306288 0.0 -1918843.9865043052 -1371571406.498748 0.0 46743.557711117 -36633808.694591016 0.0 46419.840378396 -36523693.59427793 0.0 45066.884218680374 -35769661.41993343 0.0 41863.78636594864 -34048309.3957755 0.0 36212.148459000084 -31062301.660854828 0.0 28217.88039658368 -26744189.286249407 0.0 19055.093230966486 -21514684.651059307 0.0 10621.305476853026 -16343485.458133502 0.0 4345.223752976866 -12437082.643162189 0.0 2056779.3041462875 1390236613.771098 0.0 -1924844.0902241569 -1371548498.4958696 0.0 39781.73045193655 -36633898.92145238 0.0 39505.53662529589 -36524375.57874994 0.0 38356.169772989895 -35771676.34527734 0.0 35635.568917003795 -34052360.23053985 0.0 30833.658045683067 -31068672.84629101 0.0 24037.6271595796 -26752301.407374587 0.0 16242.621400765289 -21523027.75409031 0.0 9061.48860535647 -16350375.89958853 0.0 3712.2030417393016 -12441832.49730514 0.0 2056706.9254805942 1390234696.964912 0.0 -1930452.2155424654 -1371529077.504889 0.0 33281.728627595694 -36633976.84294941 0.0 33050.13780618682 -36524950.88177388 0.0 32090.7221311155 -35773374.070972756 0.0 29819.889154070297 -34055773.985211514 0.0 25810.018635218505 -31074044.65619257 0.0 20131.27520750138 -26759145.793203957 0.0 13612.530041393775 -21530073.170953773 0.0 7601.442165716889 -16356200.509483928 0.0 3119.1525418066176 -12445851.572677977 0.0 2056638.981383206 1390233068.8811677 0.0 -1935734.2904766044 -1371512918.117227 0.0 27167.36265040439 -36634042.70073386 0.0 26978.29551617532 -36525425.95141967 0.0 26197.75710704427 -35774774.78319174 0.0 24349.625925511136 -34058591.61243454 0.0 21083.82026016731 -31078481.30182206 0.0 16454.844520285977 -26764803.400390033 0.0 11135.836316507315 -21535902.886877213 0.0 6225.535150338605 -16361025.531344146 0.0 2559.9366257893903 -12449184.124366362 0.0 2056574.7862701856 1390231712.0759537 0.0 -1940752.0095539335 -1371499833.164448 0.0 21367.24161921691 -36634096.40807349 0.0 21219.215955992546 -36525805.84892851 0.0 20608.731240766585 -35775894.91611011 0.0 19161.43206953755 -34060846.730995 0.0 16600.751304886 -31082035.676534954 0.0 12966.601100339496 -26769341.07707893 0.0 8784.922026661985 -21540584.7639552 0.0 4918.786725427957 -16364905.953731012 0.0 2028.6333594646665 -12451867.016015487 0.0 2056513.67262979 1390230611.9081333 0.0 -1945563.6508705313 -1371489671.3678703 0.0 15813.905025915203 -36634137.73400845 0.0 15705.881919458274 -36526094.46895539 0.0 15258.656297365646 -35776747.480055 0.0 14195.15702743946 -34062566.13223483 0.0 12309.153614106448 -31084750.05861827 0.0 9626.761479805404 -26772812.37883707 0.0 6533.379116378368 -21544173.29983914 0.0 3666.8131383471473 -16367886.055462895 0.0 1519.5288739493192 -12453930.018013436 0.0 2056454.9921245645 1390229756.4470148 0.0 -1950224.8411507772 -1371482315.4327595 0.0 10442.988609363641 -36634166.41369824 0.0 10374.277844448668 -36526294.68529723 0.0 10085.392076859875 -35777342.30263035 0.0 9393.229652434593 -34063770.174462914 0.0 8159.526809821712 -31086656.67433324 0.0 6397.144285240772 -26775258.234134484 0.0 4355.80789725731 -21546710.256674852 0.0 2455.73954177277 -16369999.867999291 0.0 1027.09311439175 -12455396.071780544 0.0 2056398.1140099706 1390229136.3841937 0.0 -1954789.2753762465 -1371477680.5692525 0.0 5192.420704570913 -36634182.21018291 0.0 5162.6251869623875 -36526408.44471339 0.0 5028.93302068098 -35777686.200536795 0.0 4700.022388227287 -34064473.0775063 0.0 4104.005891069771 -31087778.12751168 0.0 3240.7917394690244 -26776707.458892692 0.0 2227.5873785557337 -21548225.154025983 0.0 1272.0902472517148 -16371271.543866515 0.0 545.9438301996996 -12456281.506477665 0.0 2056342.4217972108 1390228744.9575996 0.0 -381708112.6685772 -1563854981.9838245 0.0 22227.728131302592 -36624367.65603031 0.0 -47841.10545090244 -36551655.81909944 0.0 -160949.49454366663 -35859540.942977205 0.0 -323593.88907256344 -34227706.30795928 0.0 -522355.51808646275 -31350408.85915087 0.0 -705539.6614983652 -27130850.25282884 0.0 -785416.0042411952 -21942089.529556274 0.0 -691844.9964719272 -16718024.002608018 0.0 -425747.3395328861 -12669651.285796046 0.0 -402170142.65806454 1195545217.376262 0.0
    </DataArray>
    <DataArray type="Float32" Name="Electron Current Density [Am^-2]" NumberOfComponents="3" format="ascii">
-2271041779.493673 -214984737272.84656 0.0 -7940061103.884 -208399983882.38022 0.0 -8881356397.804127 -196678137899.47382 0.0 -8381183190.487644 -183303154995.20145 0.0 -7315237051.028208 -170568522960.06357 0.0 -6200034294.461966 -159325948660.9436 0.0 -5246386810.951912 -149650941747.44098 0.0 -4506434734.769199 -141299193637.46075 0.0 -3935722777.091876 -134002747763.00717 0.0 -3285648958.982467 -127992642243.289 0.0 -1779371294.584936 -124210894379.12453 0.0 -1733570833.6780803 -189234584443.89563 0.0 -11890292705.316195 -178804889705.9162 0.0 -14594407013.641624 -170814015697.65195 0.0 -14418309203.30825 -161621380397.84262 0.0 -12982847022.402082 -152633049688.34042 0.0 -11274076204.549255 -144417814493.64832 0.0 -9743744246.429644 -137085324244.02983 0.0 -8541303699.374173 -130520201767.60454 0.0 -7575102754.329124 -124559456318.5554 0.0 -5994559161.428385 -119414971638.28119 0.0 -2681316596.7890663 -113457849482.47568 0.0 -1062221708.17501 -124374703141.96326 0.0 -13463852037.104465 -116034807659.89627 0.0 -18073119148.385696 -116208620063.88263 0.0 -18877262348.372726 -115444536322.61626 0.0 -17774644325.96155 -113820055917.13564 0.0 -16036409603.98027 -111560380756.84319 0.0 -14336634993.451786 -108903319011.9299 0.0 -12962260303.073372 -105992581276.3651 0.0 -11801893274.238667 -102866962529.60425 0.0 -9324133117.566744 -99659303047.65968 0.0 -3497194615.2141657 -92935909705.85536 0.0 -144077870.5216919 -58707346097.962845 0.0 -8904749768.072187 -55473954404.48048 0.0 -13723103576.112362 -60918775354.834465 0.0 -15759437411.26838 -66205477363.663605 0.0 -16026725507.342905 -70393229285.10512 0.0 -15434434009.63975 -73233415177.68272 0.0 -14600287716.200214 -74872970383.54105 0.0 -13869340104.6555 -75536867424.48334 0.0 -13137829574.456314 -75371319172.13084 0.0 -10521815131.83142 -74455577759.90561 0.0 -3475308802.978196 -68369755061.32005 0.0 244844363.2967307 -19967053179.818512 0.0 -3877159908.2609067 -19417383433.240005 0.0 -7228555169.585984 -24423453245.997868 0.0 -9465484020.057302 -30366124905.612534 0.0 -10846514635.495796 -36038530065.204445 0.0 -11557188817.489052 -40798753215.92388 0.0 -11907440922.949839 -44489241818.12057 0.0 -12148804665.479704 -47158530441.48707 0.0 -12118978380.01095 -48898595593.82229 0.0 -9902022422.990965 -49787420655.9204 0.0 -2867635259.0715275 -45160666893.958954 0.0 173653277.80866665 -4535623971.610035 0.0 -974099982.2334061 -4828908477.952048 0.0 -2599537587.8180017 -7544533261.213703 0.0 -4329496048.74817 -11141069294.116367 0.0 -5887745881.520201 -15109188007.324806 0.0 -7195047371.406975 -19009258932.702904 0.0 -8330276560.795166 -22496944352.052788 0.0 -9316059355.963984 -25417230087.212788 0.0 -9793934719.208761 -27777947339.7068 0.0 -7998860440.874062 -29720639948.779106 0.0 -1794641118.9463418 -27178316481.991425 0.0 71823315.2849876 -1324842229.1636357 0.0 -129075882.85059708 -1347189338.0084794 0.0 -751348598.9260397 -2018817348.4403899 0.0 -1729569543.001175 -3387117545.814766 0.0 -2897155999.43956 -5290554683.830814 0.0 -4159078196.1931934 -7465774102.621184 0.0 -5454693708.823939 -9735905010.090324 0.0 -6608810833.609281 -12058345803.915361 0.0 -7060148656.648491 -14530888672.48095 0.0 -5459360844.743733 -17226937114.422062 0.0 -1042311076.5062635 -16095783443.267769 0.0 10296150.211395906 -594517708.8188233 0.0 -78652535.40674487 -587060996.0005329 0.0 -321290867.3307693 -753668487.1557448 0.0 -836983154.1390034 -1180262660.7723505 0.0 -1627315062.4724383 -1935170623.1127636 0.0 -2619622368.2163067 -3015075390.674934 0.0 -3676978675.4842005 -4426847753.046085 0.0 -4520323834.935726 -6214585167.838692 0.0 -4588801798.751658 -8286056161.057196 0.0 -3399323246.830863 -10256277352.534819 0.0 -594061293.1324012 -9688556169.463612 0.0 1789862.087293598 -341932484.2643615 0.0 -53499274.40440071 -339937921.7247249 0.0 -191275202.75480562 -408214105.5308463 0.0 -506714158.8521726 -609372668.4681251 0.0 -1046053887.1405272 -1024589841.2045362 0.0 -1761969951.2706783 -1698833770.3384001 0.0 -2493493447.587372 -2644102633.9509296 0.0 -2982048033.2106404 -3834190762.7845864 0.0 -2944545383.7864203 -5146382836.599864 0.0 -2098901623.2692719 -6355230354.683254 0.0 -345478841.2093638 -6028299749.3799715 0.0 233628.77272004914 -230254140.5394778 0.0 -32277839.642285783 -232923889.1389479 0.0 -109654829.14841731 -270962356.71050245 0.0 -294151563.4785194 -384225767.63011247 0.0 -637423285.5750077 -638645038.5123338 0.0 -1125976609.7735837 -1085129005.2576373 0.0 -1639638918.8138986 -1729426974.8371418 0.0 -1976999490.523131 -2521723239.2102027 0.0 -1932631286.711405 -3359115426.645054 0.0 -1332897994.598313 -4092842588.9608593 0.0 -212843258.41712815 -3880040704.424862 0.0 11569.28622297645 -180160472.15788472 0.0 -18460696.300908867 -182899610.15881833 0.0 -61798575.73082277 -204728704.89323577 0.0 -166591931.0435476 -269293423.54657155 0.0 -374160721.48084533 -421960925.9335294 0.0 -693029582.4123957 -707559654.7847593 0.0 -1052282466.3771057 -1137744352.0099356 0.0 -1303942819.1383092 -1672087992.2085881 0.0 -1284910162.8392 -2226689745.456138 0.0 -871913295.5954446 -2691174153.9911084 0.0 -137033761.9123428 -2548010557.3917155 0.0 18746.230120540655 -156524335.49650446 0.0 -10455547.095925493 -158050046.5962425 0.0 -34552838.03026248 -170168408.54796517 0.0 -92971915.06750056 -206257907.67463353 0.0 -214358528.06790784 -294711420.9070523 0.0 -415047555.8409732 -469686747.6353525 0.0 -660554455.1705244 -747490014.2879252 0.0 -849983838.7487521 -1104540955.6185856 0.0 -854973654.4932629 -1478416567.5567422 0.0 -579404627.6557785 -1784689295.80447 0.0 -90057787.18516122 -1689247615.6117053 0.0 42120.51171378534 -143337128.12667027 0.0 -6134130.9087681 -143929215.47451368 0.0 -19464101.73994662 -150492910.29708973 0.0 -51649811.793455295 -170260140.4683372 0.0 -121067013.32519308 -220020489.89352807 0.0 -243810134.96990025 -323389189.31926346 0.0 -406989270.4725894 -496945034.9299276 0.0 -546366497.1355089 -730818477.9581515 0.0 -564882823.0541097 -982581471.0292044 0.0 -385891894.13281876 -1188807876.9339838 0.0 -59369730.010964826 -1126462736.4526045 0.0 62236.65488774778 -134358981.77008742 0.0 -3814692.6979460977 -134467010.8646542 0.0 -11231673.31079275 -138042570.7925247 0.0 -28913254.33926628 -148772411.86817002 0.0 -68139065.29764761 -176226236.2357513 0.0 -141727627.55783606 -235671862.03944692 0.0 -247454199.55831128 -341120841.4014791 0.0 -346684467.1512318 -490926847.3925635 0.0 -369318105.62276995 -658395738.6633626 0.0 -255507918.5847517 -797516453.1735475 0.0 -38899804.47224995 -757552179.7519441 0.0 80562.86624879806 -127392805.0623071 0.0 -2505137.653521474 -127279586.75389455 0.0 -6707584.221236142 -129294798.28361374 0.0 -16492632.239786973 -135158704.76050317 0.0 -38624884.03640063 -150195498.53289455 0.0 -82279526.70490244 -183827784.06681344 0.0 -149454300.08967853 -246594975.52480844 0.0 -217892031.95069632 -340613007.60540813 0.0 -238997913.70944464 -450127103.2547059 0.0 -167732417.72953537 -543016614.2883451 0.0 -25259159.052863576 -517700326.5614207 0.0 96230.69331102315 -121626350.49597977 0.0 -1708950.2441508584 -121411542.09143066 0.0 -4151845.190325732 -122604950.26109903 0.0 -9659364.886661703 -125879280.5442562 0.0 -22255105.925637156 -134155409.9301747 0.0 -48125505.28084189 -153071691.1321506 0.0 -90310633.05860353 -189966273.9881919 0.0 -136337205.65603095 -248020755.30508262 0.0 -153564690.71425542 -318398076.45454574 0.0 -109327408.42586325 -379457023.36516815 0.0 -16277605.826881137 -363453837.90201354 0.0 107769.93085875813 -116700265.7717961 0.0 -1191721.6707497544 -116437153.21102314 0.0 -2649799.3474753704 -117180642.60290179 0.0 -5826417.250361151 -119067719.31834097 0.0 -13125167.150298906 -123693030.65484038 0.0 -28586302.313232347 -134369509.90965202 0.0 -55005693.48478657 -155949601.0464051 0.0 -85468531.9711548 -191403092.68621925 0.0 -98488261.1146731 -235955788.1465832 0.0 -71067693.61167353 -275450521.1349778 0.0 -10454717.57731548 -265244095.1681477 0.0 114590.94420591596 -112422007.37934315 0.0 -840044.6088259039 -112137384.69864255 0.0 -1729435.4911122466 -112620545.69788267 0.0 -3616076.4173911805 -113747492.11916712 0.0 -7958764.797030341 -116391989.24544849 0.0 -17364465.007371817 -122485898.29146113 0.0 -34023468.32309776 -135133647.5870606 0.0 -54074282.64554262 -156666906.88317037 0.0 -63486208.77911822 -184565312.32507798 0.0 -46378549.64464918 -209768907.95938107 0.0 -6734446.756429408 -203126839.86465192 0.0 116975.45248195951 -108673070.16156124 0.0 -594585.9611262947 -108382736.77532122 0.0 -1144595.1024185177 -108706339.19511431 0.0 -2301074.008920222 -109402500.2606845 0.0 -4973375.624100463 -110955574.97481123 0.0 -10850355.360151459 -114494109.87381595 0.0 -21531822.92345987 -121967670.17718327 0.0 -34803663.33243268 -135050437.95901456 0.0 -41465006.319654055 -152420306.61719322 0.0 -30631507.36054405 -168359161.0485866 0.0 -4384233.835438861 -163902646.93031177 0.0 115686.05031687026 -105372546.75412226 0.0 -421088.4278692854 -105086795.7895456 0.0 -762596.7553351027 -105307680.9860514 0.0 -1494595.387619024 -105750098.53951725 0.0 -3204894.3898424027 -106687795.75086151 0.0 -7007203.00642055 -108787071.88110335 0.0 -14038673.593216835 -113264607.68475544 0.0 -22972069.52596028 -121263704.78413323 0.0 -27675556.71641633 -132081121.1130575 0.0 -20653820.907935143 -142127427.39555556 0.0 -2909126.5372631256 -139020016.13880596 0.0 111639.33566015665 -102460143.13176899 0.0 -297916.5693786267 -102185818.27600053 0.0 -508473.6758119164 -102338166.323815 0.0 -986591.5351721555 -102625420.46554674 0.0 -2129089.065613282 -103206580.11104636 0.0 -4692226.108059459 -104482710.71889079 0.0 -9483925.215562388 -107216983.82431605 0.0 -15661288.17320981 -112170259.8133309 0.0 -19026879.542267095 -118954184.64553265 0.0 -14333322.393878153 -125307883.0377112 0.0 -1983844.5394723315 -123046852.12132668 0.0 105710.57346449561 -99887626.83533028 0.0 -210486.5277470674 -99629090.22782627 0.0 -337625.8401125979 -99734649.01248385 0.0 -659542.9052815237 -99923931.81098759 0.0 -1456940.9816268112 -100292615.96653533 0.0 -3263001.534281259 -101088984.5627121 0.0 -6662185.176962913 -102799473.25389381 0.0 -11084524.596568987 -105926657.44226198 0.0 -13554886.427747669 -110242631.07965012 0.0 -10300915.127587093 -114305177.03713526 0.0 -1399840.3492689838 -112588846.4804682 0.0 98641.22331403199 -97614437.64209731 0.0 -148575.41644240925 -97374188.4622768 0.0 -222234.26117320862 -97447394.52346021 0.0 -445404.12207180774 -97573264.53734931 0.0 -1025949.9405572271 -97811899.79979509 0.0 -2355690.2526019667 -98322674.81261139 0.0 -4870293.146905862 -99423936.94738351 0.0 -8161018.0440537585 -101450384.22518715 0.0 -10035114.408684002 -104257651.40223226 0.0 -7688664.895394824 -106905130.08175385 0.0 -1026106.5636435316 -105551410.952143 0.0 91011.03768020276 -95605424.88779287 0.0 -104877.85821779857 -95384579.14755842 0.0 -144282.40327193335 -95435283.57656555 0.0 -303402.4862706327 -95519378.97796288 0.0 -742630.2011614818 -95676504.28654326 0.0 -1761877.9791292096 -96013427.57265006 0.0 -3697624.2374191363 -96745986.33013327 0.0 -6242094.303269359 -98102038.71478948 0.0 -7714953.335409422 -99982729.81728803 0.0 -5955796.071182828 -101755194.97813281 0.0 -781634.3221398422 -100652734.1482287 0.0 83245.25483968582 -93829657.33526807 0.0 -74138.14402071439 -93628340.38116185 0.0 -91788.89593316264 -93663370.93671082 0.0 -208341.23119421795 -93719625.71187975 0.0 -551885.0792965571 -93824620.49810347 0.0 -1360481.2008116157 -94053256.76409574 0.0 -2903299.7949837726 -94558054.79714246 0.0 -4939835.414776847 -95499385.82370566 0.0 -6136205.27203578 -96804925.71563728 0.0 -4769544.3539245445 -98032218.9919745 0.0 -616894.2039606137 -97111510.1133187 0.0 176363.33474729967 -92108667.26572718 0.0 175234.13142189395 -92113194.99260598 0.0 165548.0293319424 -92133066.89244474 0.0 59770.13767176622 -92169025.3172165 0.0 -256392.07069109892 -92242574.30682287 0.0 -986556.6487904638 -92404457.12950476 0.0 -2325906.3937272877 -92750918.32684243 0.0 -3965722.25055664 -93389827.36112049 0.0 -4700478.550311948 -94300761.8933091 0.0 -3161644.8648188612 -95187578.28088926 0.0 0.0 -95454821.00465457 0.0 61338.97663742306 -90591303.64700893 0.0 -55907.40931582951 -90769484.04314046 0.0 -51217.109826574735 -90778041.88021556 0.0 -117081.53272777799 -90800463.08686323 0.0 -340633.54275710403 -90855187.50463498 0.0 -884044.6154903127 -90976531.3686754 0.0 -1938055.2551039439 -91218741.31973399 0.0 -3357434.4016331453 -91647984.1923806 0.0 -4243051.074002641 -92281109.51663873 0.0 -3397416.5968186837 -92933583.30944812 0.0 -501270.7338614183 -94218359.71757503 0.0 55107.30852550564 -89393476.92206928 0.0 -43491.19582157003 -89550835.9474249 0.0 -34124.29693505498 -89555222.46552762 0.0 -85855.19779545066 -89569417.4367989 0.0 -272827.61737207737 -89608521.88938944 0.0 -733127.7201761187 -89699631.42203318 0.0 -1630559.176072383 -89884269.87741439 0.0 -2843910.847532416 -90213045.98774765 0.0 -3606922.6597985844 -90700897.06113143 0.0 -2894664.4487731936 -91203178.78698698 0.0 -417726.1446902115 -92260277.23419672 0.0 49391.629112434406 -88333914.32413435 0.0 -34390.175876946836 -88472987.51544787 0.0 -22596.12871289749 -88474669.12671636 0.0 -64048.28954916028 -88483394.30546238 0.0 -222518.5439163363 -88511820.24737515 0.0 -617023.4942700762 -88582004.2395409 0.0 -1390098.214561998 -88726919.26663896 0.0 -2439820.049655146 -88986815.12815899 0.0 -3105304.59960263 -89375221.94098525 0.0 -2497721.768177225 -89774693.53023261 0.0 -354562.16334412474 -90662966.14883502 0.0 44187.37431008232 -87396140.00301112 0.0 -27650.867269070466 -87519135.35734151 0.0 -14865.063879796122 -87519109.4300418 0.0 -48678.17772070565 -87524223.02241306 0.0 -184365.6544365451 -87545261.13793352 0.0 -525383.6734598061 -87600605.85665877 0.0 -1196854.1961919311 -87717238.64587758 0.0 -2112575.49894771 -87928229.89471208 0.0 -2697744.2560353545 -88246007.14122164 0.0 -2174565.4892869033 -88572384.9981593 0.0 -305021.4369588365 -89330544.83575955 0.0 39472.86183222921 -86565754.5185023 0.0 -22598.018419787302 -86674593.19655587 0.0 -9715.41402089741 -86673531.74148749 0.0 -37727.5133761863 -86676285.27190109 0.0 -154809.99583384403 -86692150.36376728 0.0 -451419.68217238446 -86736717.5640859 0.0 -1038009.198466627 -86832590.04838063 0.0 -1841324.5954584884 -87007639.63684654 0.0 -2358534.4938660855 -87273358.67522712 0.0 -1904923.4954569172 -87545721.8788074 0.0 -264920.3247015543 -88200104.80433673 0.0 35216.52223800146 -85830187.60526551 0.0 -18754.33995082479 -85926540.24185719 0.0 -6313.200015107793 -85924890.67839822 0.0 -29825.738836841196 -85926124.73084846 0.0 -131443.90140314904 -85938321.82633314 0.0 -390569.7837222865 -85974878.40270893 0.0 -905034.6019736263 -86055071.4955146 0.0 -1612334.147122869 -86202843.53126138 0.0 -2070883.369653971 -86428838.84217608 0.0 -1675621.2791134946 -86659807.01409486 0.0 -231618.4066145541 -87229021.68201755 0.0 31381.81296846596 -85178474.00507335 0.0 -15782.817597875515 -85263793.15443593 0.0 -4088.0808567219465 -85261849.0334284 0.0 -24038.36942984296 -85262125.75397316 0.0 -112614.6498328144 -85271686.94656125 0.0 -339692.46000768844 -85302156.99574077 0.0 -792079.9173584287 -85370200.94168733 0.0 -1416258.4067960088 -85496675.84030868 0.0 -1823454.796997572 -85691424.48809078 0.0 -1477812.812055776 -85889642.41330452 0.0 -203405.64982082916 -86387364.54873358 0.0 27930.460788176268 -84601053.1970074 0.0 -13445.084914783645 -84676602.19979277 0.0 -2651.1747363719437 -84674552.71030103 0.0 -19726.155830432977 -84674245.78961828 0.0 -97171.17309302097 -84681885.30562592 0.0 -296570.1091994508 -84707634.84509166 0.0 -695003.1601972213 -84766053.51074597 0.0 -1246509.4218086705 -84875499.73043543 0.0 -1608308.8812489202 -85045044.27788992 0.0 -1305331.4085659217 -85216665.16776933 0.0 -179138.55315016577 -85653329.1646311 0.0 24824.568755177013 -84089596.73521672 0.0 -11571.964064578222 -84156473.10439402 0.0 -1738.3338323781893 -84154435.971121 0.0 -16450.5378673735 -84153791.15814789 0.0 -84299.94948311154 -84160007.66816436 0.0 -259598.46452569473 -84182026.75214957 0.0 -610778.6694933703 -84232675.84391561 0.0 -1098274.5498119183 -84328242.54446293 0.0 -1419667.1846915837 -84477050.76761481 0.0 -1153703.3318282098 -84626628.28185233 0.0 -158023.78363615286 -85010463.78311066 0.0 22027.80777574816 -83636846.06787893 0.0 -10044.270794917493 -83696004.39711735 0.0 -1171.6866460256126 -83694050.0419558 0.0 -13910.056427981677 -83693227.02944943 0.0 -73417.3459890925 -83698372.25070427 0.0 -227588.82334816063 -83717393.50839144 0.0 -537129.2052805679 -83761674.64136478 0.0 -967915.789437538 -83845759.24051026 0.0 -1253164.6087184504 -83977250.90078875 0.0 -1019552.9801469992 -84108281.81475759 0.0 -139488.89863365956 -84445960.10823345 0.0 19506.102606300257 -83236478.91087104 0.0 -8776.732711816832 -83288749.1393459 0.0 -831.7404351693447 -83286916.82517403 0.0 -11896.593276366595 -83286017.65093976 0.0 -64097.80663065616 -83290342.49880911 0.0 -199639.69718993333 -83306919.4198746 0.0 -472292.8404110304 -83345918.24744844 0.0 -852595.9909922683 -83420398.89072615 0.0 -1105389.3240881648 -83537274.39898317 0.0 -900239.6207968326 -83652534.1009193 0.0 -123104.43074620432 -83949580.60577881 0.0 17227.935379574137 -82882991.41173494 0.0 -7708.132658908769 -82929094.79038745 0.0 -638.7982489118975 -82927403.47929914 0.0 -10265.808671152772 -82926491.6969742 0.0 -56025.67379288875 -82930177.45524132 0.0 -175052.08322387442 -82944736.81261005 0.0 -414872.0758235585 -82979313.98009303 0.0 -750041.2550731783 -83045699.91002621 0.0 -973594.2655727321 -83150149.9939486 0.0 -793631.5621661426 -83251904.3367895 0.0 -108536.31437101074 -83512969.39966592 0.0 15164.414378551102 -82571596.34404531 0.0 -6794.1922800384245 -82612159.12696661 0.0 -540.2089900981928 -82610614.83356385 0.0 -8917.04532997424 -82609728.48935822 0.0 -48962.54689066529 -82612908.01062544 0.0 -153272.51291331253 -82625785.49117413 0.0 -363733.8294775394 -82656637.84324042 0.0 -658386.0119512287 -82716169.1879801 0.0 -855511.7761068549 -82810012.27288787 0.0 -697962.4818437898 -82900154.82871638 0.0 -95516.31273966793 -83129197.36883254 0.0 13289.193745595907 -82298135.62347288 0.0 -6002.616270591819 -82333700.68902215 0.0 -501.62563049905935 -82332301.40099879 0.0 -7779.599151179197 -82331461.83463043 0.0 -42724.92672069373 -82334234.07610467 0.0 -133854.06266946215 -82345698.87002534 0.0 -317941.52016114007 -82373401.54926547 0.0 -576069.2127473755 -82427117.30000147 0.0 -749231.0350368605 -82511892.1905367 0.0 -611737.4074583481 -82592036.07874429 0.0 -83823.22097677355 -82792452.6079269 0.0 11578.287928271784 -82059004.05728154 0.0 -5309.494481603308 -82090041.46626288 0.0 -500.9119970053436 -82088780.90688337 0.0 -6803.2628065209765 -82087998.8644232 0.0 -37168.727621883176 -82090438.94302127 0.0 -116429.14611845219 -82100710.96958691 0.0 -276707.72197678493 -82125747.05404155 0.0 -501762.5974348618 -82174532.76054688 0.0 -653114.3090430798 -82251563.2611863 0.0 -533669.0014021377 -82323104.67602612 0.0 -73270.55288984482 -82497823.13959685 0.0 10009.893988204507 -81851089.33099231 0.0 -4696.366185336458 -81878003.7550089 0.0 -523.8840172848104 -81876872.81815799 0.0 -5951.8573217402845 -81876152.03401771 0.0 -32178.489515800407 -81878317.95169136 0.0 -100690.18713127673 -81887580.0063125 0.0 -239360.2703496226 -81910361.83008356 0.0 -434319.53180331574 -81954984.05937035 0.0 -565737.7053522376 -82025425.56241189 0.0 -462632.82200662844 -82089589.39069432 0.0 -63698.218280092515 -82241139.67705959 0.0 8564.138239408194 -81671714.26211652 0.0 -4149.615541949871 -81694852.81621389 0.0 -562.1575161378452 -81693841.22998655 0.0 -5199.123686790468 -81693181.14134121 0.0 -27659.90320907038 -81695118.60447818 0.0 -86375.67380519322 -81703525.19005609 0.0 -205317.38949562912 -81724410.08668305 0.0 -372737.3331603459 -81765542.06553468 0.0 -485847.714269547 -81830416.34605376 0.0 -397634.63993959926 -81888290.19632834 0.0 -54966.68589645687 -82018858.63687885 0.0 7222.837026554873 -81518591.74138631 0.0 -3658.5020352403344 -81538249.9205513 0.0 -610.9159229397776 -81537347.22691612 0.0 -4525.558294545686 -81536744.79079562 0.0 -23534.320232128117 -81538490.63164964 0.0 -73259.77486957115 -81546174.48972571 0.0 -174068.89545899435 -81565476.72437663 0.0 -316128.6284776859 -81603718.01408324 0.0 -412328.1472080749 -81663940.07084526 0.0 -337785.6109530509 -81716500.59015422 0.0 -46952.727224850685 -81827973.04699625 0.0 5969.26280596608 -81389786.54078051 0.0 -3214.401436422364 -81406213.18336476 0.0 -667.6462655326371 -81405409.216596 0.0 -3916.2980036398385 -81404860.01625913 0.0 -19734.780225266102 -81406444.57429391 0.0 -61144.482245694606 -81413521.56620733 0.0 -145161.62791389317 -81431521.57997978 0.0 -263698.9204445093 -81467413.60088725 0.0 -344174.146388318 -81523813.03617805 0.0 -282282.7194569764 -81571946.96701536 0.0 -39546.192758092904 -81665943.47139204 0.0 4787.9187961882735 -81283683.21930525 0.0 -2810.2880575954932 -81297084.66925484 0.0 -731.369371703324 -81296369.83397017 0.0 -3359.7236512601385 -81295868.76812083 0.0 -16203.127900873631 -81297317.56830777 0.0 -49853.555160786775 -81303890.39315683 0.0 -118187.88331571523 -81320842.15055534 0.0 -214728.51451049754 -81354880.78121562 0.0 -280471.09570035164 -81408219.34439276 0.0 -230392.84669244592 -81452740.90974042 0.0 -32647.479518321772 -81530643.8108406 0.0 3664.3252726470964 -81198959.74369779 0.0 -2440.3159415324544 -81209503.2512809 0.0 -802.1148497660957 -81208868.67373565 0.0 -2846.4877537996085 -81208410.39251219 0.0 -12887.847977553813 -81209745.36877705 0.0 -39227.73749995233 -81215906.47516221 0.0 -92775.99567062956 -81232043.4405399 0.0 -168557.563074572 -81264689.52467234 0.0 -220377.00934955486 -81315675.92125656 0.0 -181439.3908520123 -81357341.5948975 0.0 -26165.472815224548 -81420318.54908684 0.0 2584.8165274089165 -81134566.1868 0.0 -2099.520373954442 -81142382.62790602 0.0 -880.5816677620458 -81141820.21444428 0.0 -2368.841357882861 -81141399.37407492 0.0 -9742.410976205332 -81142639.76205234 0.0 -29120.883360222993 -81148473.68626654 0.0 -68582.47947474416 -81164013.85239351 0.0 -124573.36408302285 -81195702.225985 0.0 -163107.42294378675 -81245004.97470644 0.0 -134790.7161739825 -81284526.37570101 0.0 -20015.82039104464 -81333549.10486884 0.0 1536.3480155891443 -81089708.00040643 0.0 -1783.603222012521 -81094893.98318201 0.0 -967.9277530521575 -81094396.4233504 0.0 -1920.1659428427622 -81094007.82546811 0.0 -6723.971518894041 -81095170.83301811 0.0 -19396.715374853262 -81100756.13256332 0.0 -45285.269057182486 -81115906.37224616 0.0 -82199.28214449191 -81147053.85098892 0.0 -107922.0885498455 -81195312.74903154 0.0 -89849.91977353695 -81233368.18975216 0.0 -14119.4422601557 -81269227.66942865 0.0 506.3121196037174 -81063833.48770858 0.0 -1488.7745745877435 -81066452.89217712 0.0 -1065.6436135669553 -81066013.6274505 0.0 -1494.6383871843816 -81065652.28581445 0.0 -3792.305226688586 -81066753.61625154 0.0 -9926.034630576773 -81072164.52517664 0.0 -22577.75115863286 -81087124.47206469 0.0 -40884.83145499532 -81118137.12481278 0.0 -54112.96436275544 -81165973.75663354 0.0 -46045.54153121812 -81203218.84604107 0.0 -8401.207879173762 -81226537.39945401 0.0 -6.568066695103725 -81055589.86782522 0.0 -1577.6601534973165 -81056333.04630233 0.0 -1388.0441128006162 -81055971.51680665 0.0 -1466.9854829272006 -81055626.5158282 0.0 -2153.7223978976986 -81056595.04465444 0.0 -4096.971815381505 -81061606.36473893 0.0 -8248.460977401366 -81075784.58778852 0.0 -14613.179274515336 -81105617.67110851 0.0 -19919.95972989107 -81152205.95614569 0.0 -22283.82391749921 -81191066.72585571 0.0 -4880.277561998411 -81204241.00038195 0.0
    </DataArray>
    <DataArray type="Float32" Name="Hole Current Density [Am^-2]" NumberOfComponents="3" format="ascii">
1e-30 1e-30 0.0 -1e-30 1e-30 0.0 -1e-30 1e-30 0.0 -1e-30 1e-30 0.0 -1e-30 1e-30 0.0 -1e-30 1e-30 0.0 -1e-30 1e-30 0.0 -1e-30 1e-30 0.0 -1e-30 1e-30 0.0 -1e-30 -1e-30 0.0 -1e-30 -1e-30 0.0 1e-30 1e-30 0.0 1e-30 1e-30 0.0 1e-30 1e-30 0.0 1e-30 1e-30 0.0 1e-30 1e-30 0.0 1e-30 1e-30 0.0 1e-30 1e-30 0.0 1e-30 1e-30 0.0 1e-30 1e-30 0.0 1e-30 -1e-30 0.0 -1e-30 -1e-30 0.0 1e-30 1e-30 0.0 1e-30 1e-30 0.0 1e-30 1e-30 0.0 1e-30 1e-30 0.0 1e-30 1e-30 0.0 1e-30 1e-30 0.0 1e-30 1e-30 0.0 1e-30 1e-30 0.0 1e-30 1e-30 0.0 1e-30 -1e-30 0.0 -1e-30 -1e-30 0.0 1e-30 1e-30 0.0 1e-30 1e-30 0.0 1e-30 1e-30 0.0 1e-30 1e-30 0.0 1e-30 1e-30 0.0 1e-30 1e-30 0.0 1e-30 1e-30 0.0 1e-30 1e-30 0.0 1e-30 1e-30 0.0 1e-30 -1e-30 0.0 -1e-30 -1e-30 0.0 1e-30 1e-30 0.0 1e-30 1e-30 0.0 1e-30 1e-30 0.0 1e-30 1e-30 0.0 1e-30 1e-30 0.0 1e-30 1e-30 0.0 1e-30 1e-30 0.0 1e-30 1e-30 0.0 1e-30 1e-30 0.0 1e-30 -1e-30 0.0 -1e-30 -1e-30 0.0 1e-30 1e-30 0.0 1e-30 1e-30 0.0 1e-30 1e-30 0.0 1e-30 1e-30 0.0 1e-30 1e-30 0.0 1e-30 1e-30 0.0 1e-30 1e-30 0.0 1e-30 1e-30 0.0 -1e-30 1e-30 0.0 -1e-30 -1e-30 0.0 -1e-30 -1e-30 0.0 1e-30 1e-30 0.0 -1e-30 1e-30 0.0 -1e-30 1e-30 0.0 -1e-30 1e-30 0.0 -1e-30 1e-30 0.0 -1e-30 1e-30 0.0 -1e-30 1e-30 0.0 -1e-30 1e-30 0.0 -1e-30 1e-30 0.0 -1e-30 -1e-30 0.0 -1e-30 -1e-30 0.0 -1e-30 1e-30 0.0 -1e-30 1e-30 0.0 -1e-30 1e-30 0.0 -1e-30 1e-30 0.0 -1e-30 1e-30 0.0 -1e-30 1e-30 0.0 -1e-30 1e-30 0.0 -1e-30 1e-30 0.0 -1e-30 1e-30 0.0 -1e-30 -1e-30 0.0 -1e-30 1e-30 0.0 -1e-30 -1e-30 0.0 -1e-30 1e-30 0.0 -1e-30 1e-30 0.0 -1e-30 1e-30 0.0 -1e-30 1e-30 0.0 -1e-30 1e-30 0.0 -1e-30 1e-30 0.0 -1e-30 1e-30 0.0 -1e-30 1e-30 0.0 -1e-30 1e-30 0.0 -1e-30 1e-30 0.0 -1e-30 -1e-30 0.0 -1e-30 1e-30 0.0 -1e-30 1e-30 0.0 -1e-30 1e-30 0.0 -1e-30 1e-30 0.0 -1e-30 1e-30 0.0 -1e-30 1e-30 0.0 -1e-30 1e-30 0.0 -1e-30 1e-30 0.0 -1e-30 1e-30 0.0 -1e-30 1e-30 0.0 -1e-30 -1e-30 0.0 -1e-30 1e-30 0.0 -1e-30 1e-30 0.0 -1e-30 1e-30 0.0 -1e-30 1e-30 0.0 -1e-30 1e-30 0.0 -1e-30 1e-30 0.0 -1e-30 1e-30 0.0 -1e-30 1e-30 0.0 -1e-30 1e-30 0.0 -1e-30 1e-30 0.0 -1e-30 -1e-30 0.0 -1e-30 1e-30 0.0 -1e-30 1e-30 0.0 -1e-30 1e-30 0.0 -1e-30 1e-30 0.0 -1e-30 1e-30 0.0 -1e-30 1e-30 0.0 -1e-30 1e-30 0.0 -1e-30 1e-30 0.0 -1e-30 1e-30 0.0 -1e-30 1e-30 0.0 -1e-30 -1e-30 0.0 -1e-30 1e-30 0.0 -1e-30 1e-30 0.0 -1e-30 1e-30 0.0 -1e-30 1e-30 0.0 -1e-30 1e-30 0.0 -1e-30 1e-30 0.0 -1e-30 1e-30 0.0 -1e-30 1e-30 0.0 -1e-30 1e-30 0.0 -1e-30 1e-30 0.0 -1e-30 -1e-30 0.0 -1e-30 1e-30 0.0 -1e-30 1e-30 0.0 -1e-30 1e-30 0.0 -1e-30 1e-30 0.0 -1e-30 1e-30 0.0 -1e-30 1e-30 0.0 -1e-30 1e-30 0.0 -1e-30 1e-30 0.0 -1e-30 1e-30 0.0 -1e-30 1e-30 0.0 -1e-30 -1e-30 0.0 -1e-30 1e-30 0.0 -1e-30 1e-30 0.0 -1e-30 1e-30 0.0 -1e-30 1e-30 0.0 -1e-30 1e-30 0.0 -1e-30 1e-30 0.0 -1e-30 1e-30 0.0 -1e-30 1e-30 0.0 -1e-30 1e-30 0.0 -1e-30 1e-30 0.0 -1e-30 -1e-30 0.0 -1e-30 1e-30 0.0 -1e-30 1e-30 0.0 -1e-30 1e-30 0.0 -1e-30 1e-30 0.0 -1e-30 1e-30 0.0 -1e-30 1e-30 0.0 -1e-30 1e-30 0.0 -1e-30 1e-30 0.0 -1e-30 1e-30 0.0 -1e-30 1e-30 0.0 -1e-30 1e-30 0.0 -1e-30 1e-30 0.0 -1e-30 1e-30 0.0 -1e-30 1e-30 0.0 -1e-30 1e-30 0.0 -1e-30 1e-30 0.0 -1e-30 1e-30 0.0 -1e-30 1e-30 0.0 -1e-30 1e-30 0.0 -1e-30 1e-30 0.0 -1e-30 1e-30 0.0 -1e-30 -1e-30 0.0 -1e-30 -1e-30 0.0 -1e-30 1e-30 0.0 -1e-30 1e-30 0.0 -1e-30 1e-30 0.0 -1e-30 1e-30 0.0 -1e-30 1e-30 0.0 -1e-30 1e-30 0.0 -1e-30 1e-30 0.0 -1e-30 1e-30 0.0 -1e-30 1e-30 0.0 -1e-30 -1e-30 0.0 -1e-30 -1e-30 0.0 -1e-30 -1e-30 0.0 -1e-30 -1e-30 0.0 -1e-30 -1e-30 0.0 -1e-30 -1e-30 0.0 -1e-30 1e-30 0.0 -1e-30 1e-30 0.0 -1e-30 1e-30 0.0 -1e-30 1e-30 0.0 -1e-30 1e-30 0.0 1e-30 -1e-30 0.0 1e-30 -1e-30 0.0 -1e-30 -1e-30 0.0 -1e-30 -1e-30 0.0 -1e-30 -1e-30 0.0 -1e-30 -1e-30 0.0 -1e-30 -1e-30 0.0 -1e-30 -1e-30 0.0 -1e-30 -1e-30 0.0 -1e-30 -1e-30 0.0 -1e-30 1e-30 0.0 1e-30 -1e-30 0.0 1e-30 -1e-30 0.0 1e-30 -1e-30 0.0 -1e-30 -1e-30 0.0 -1e-30 -1e-30 0.0 -1e-30 -1e-30 0.0 -1e-30 -1e-30 0.0 -1e-30 -1e-30 0.0 -1e-30 -1e-30 0.0 -1e-30 1e-30 0.0 -1e-30 1e-30 0.0 1e-30 -1e-30 0.0 1e-30 -1e-30 0.0 1e-30 -1e-30 0.0 1e-30 -1e-30 0.0 1e-30 -1e-30 0.0 1e-30 -1e-30 0.0 -1e-30 -1e-30 0.0 -1e-30 -1e-30 0.0 -1e-30 -1e-30 0.0 -1e-30 1e-30 0.0 1e-30 1e-30 0.0 1e-30 -1e-30 0.0 1e-30 -1e-30 0.0 1e-30 -1e-30 0.0 1e-30 -1e-30 0.0 1e-30 -1e-30 0.0 1e-30 -1e-30 0.0 1e-30 -1e-30 0.0 1e-30 -1e-30 0.0 1e-30 -1e-30 0.0 -1e-30 1e-30 0.0 1e-30 1e-30 0.0 1e-30 -1e-30 0.0 1e-30 -1e-30 0.0 1e-30 -1e-30 0.0 1e-30 -1e-30 0.0 1e-30 -1e-30 0.0 1e-30 -1e-30 0.0 1e-30 -1e-30 0.0 1e-30 -1e-30 0.0 1e-30 -1e-30 0.0 1e-30 1e-30 0.0 1e-30 1e-30 0.0 1e-30 -1e-30 0.0 1e-30 -1e-30 0.0 1e-30 -1e-30 0.0 1e-30 -1e-30 0.0 1e-30 -1e-30 0.0 1e-30 -1e-30 0.0 1e-30 -1e-30 0.0 1e-30 -1e-30 0.0 1e-30 -1e-30 0.0 1e-30 1e-30 0.0 1e-30 1e-30 0.0 1e-30 -1e-30 0.0 1e-30 -1e-30 0.0 1e-30 -1e-30 0.0 1e-30 -1e-30 0.0 1e-30 -1e-30 0.0 1e-30 -1e-30 0.0 1e-30 -1e-30 0.0 1e-30 -1e-30 0.0 1e-30 -1e-30 0.0 1e-30 1e-30 0.0 0.0 1e-30 0.0 1e-30 -1e-30 0.0 1e-30 -1e-30 0.0 1e-30 -1e-30 0.0 1e-30 -1e-30 0.0 1e-30 -1e-30 0.0 1e-30 -1e-30 0.0 1e-30 -1e-30 0.0 1e-30 -1e-30 0.0 1e-30 -1e-30 0.0 1e-30 1e-30 0.0 1e-30 1e-30 0.0 1e-30 -1e-30 0.0 1e-30 -1e-30 0.0 1e-30 -1e-30 0.0 1e-30 -1e-30 0.0 1e-30 -1e-30 0.0 1e-30 -1e-30 0.0 1e-30 -1e-30 0.0 1e-30 -1e-30 0.0 1e-30 -1e-30 0.0 1e-30 1e-30 0.0 1e-30 1e-30 0.0 1e-30 -1e-30 0.0 1e-30 -1e-30 0.0 1e-30 -1e-30 0.0 1e-30 -1e-30 0.0 1e-30 -1e-30 0.0 1e-30 -1e-30 0.0 1e-30 -1e-30 0.0 1e-30 -1e-30 0.0 1e-30 -1e-30 0.0 1e-30 1e-30 0.0 1e-30 1e-30 0.0 1e-30 -1e-30 0.0 1e-30 -1e-30 0.0 1e-30 -1e-30 0.0 1e-30 -1e-30 0.0 1e-30 -1e-30 0.0 1e-30 -1e-30 0.0 1e-30 -1e-30 0.0 1e-30 -1e-30 0.0 1e-30 -1e-30 0.0 1e-30 1e-30 0.0 1e-30 1e-30 0.0 1e-30 -1e-30 0.0 1e-30 -1e-30 0.0 1e-30 -1e-30 0.0 1e-30 -1e-30 0.0 1e-30 -1e-30 0.0 1e-30 -1e-30 0.0 1e-30 -1e-30 0.0 1e-30 -1e-30 0.0 1e-30 -1e-30 0.0 1e-30 1e-30 0.0 1e-30 1e-30 0.0 1e-30 -1e-30 0.0 1e-30 -1e-30 0.0 1e-30 -1e-30 0.0 1e-30 -1e-30 0.0 1e-30 -1e-30 0.0 1e-30 -1e-30 0.0 1e-30 -1e-30 0.0 1e-30 -1e-30 0.0 1e-30 -1e-30 0.0 1e-30 1e-30 0.0 1e-30 1e-30 0.0 1e-30 -1e-30 0.0 1e-30 -1e-30 0.0 1e-30 -1e-30 0.0 1e-30 -1e-30 0.0 1e-30 -1e-30 0.0 1e-30 -1e-30 0.0 1e-30 -1e-30 0.0 1e-30 -1e-30 0.0 1e-30 -1e-30 0.0 1e-30 1e-30 0.0 1e-30 1e-30 0.0 1e-30 -1e-30 0.0 1e-30 -1e-30 0.0 1e-30 -1e-30 0.0 1e-30 -1e-30 0.0 1e-30 -1e-30 0.0 1e-30 -1e-30 0.0 1e-30 -1e-30 0.0 1e-30 -1e-30 0.0 1e-30 -1e-30 0.0 1e-30 1e-30 0.0 1e-30 1e-30 0.0 1e-30 -1e-30 0.0 1e-30 -1e-30 0.0 1e-30 -1e-30 0.0 1e-30 -1e-30 0.0 1e-30 -1e-30 0.0 1e-30 -1e-30 0.0 1e-30 -1e-30 0.0 1e-30 -1e-30 0.0 1e-30 -1e-30 0.0 1e-30 1e-30 0.0 1e-30 1e-30 0.0 1e-30 -1e-30 0.0 1e-30 -1e-30 0.0 1e-30 -1e-30 0.0 1e-30 -1e-30 0.0 1e-30 -1e-30 0.0 1e-30 -1e-30 0.0 1e-30 -1e-30 0.0 1e-30 -1e-30 0.0 1e-30 -1e-30 0.0 1e-30 1e-30 0.0 1e-30 1e-30 0.0 1e-30 -1e-30 0.0 1e-30 -1e-30 0.0 1e-30 -1e-30 0.0 1e-30 -1e-30 0.0 1e-30 -1e-30 0.0 1e-30 -1e-30 0.0 1e-30 -1e-30 0.0 1e-30 -1e-30 0.0 1e-30 -1e-30 0.0 1e-30 1e-30 0.0 1e-30 1e-30 0.0 1e-30 -1e-30 0.0 1e-30 -1e-30 0.0 1e-30 -1e-30 0.0 1e-30 -1e-30 0.0 1e-30 -1e-30 0.0 1e-30 -1e-30 0.0 1e-30 -1e-30 0.0 1e-30 -1e-30 0.0 1e-30 -1e-30 0.0 1e-30 1e-30 0.0 1e-30 1e-30 0.0 1e-30 -1e-30 0.0 1e-30 -1e-30 0.0 1e-30 -1e-30 0.0 1e-30 -1e-30 0.0 1e-30 -1e-30 0.0 1e-30 -1e-30 0.0 1e-30 -1e-30 0.0 1e-30 -1e-30 0.0 1e-30 -1e-30 0.0 1e-30 1e-30 0.0 1e-30 1e-30 0.0 1e-30 -1e-30 0.0 1e-30 -1e-30 0.0 1e-30 -1e-30 0.0 1e-30 -1e-30 0.0 1e-30 -1e-30 0.0 1e-30 -1e-30 0.0 1e-30 -1e-30 0.0 1e-30 -1e-30 0.0 1e-30 -1e-30 0.0 1e-30 1e-30 0.0 1e-30 1e-30 0.0 1e-30 -1e-30 0.0 1e-30 -1e-30 0.0 1e-30 -1e-30 0.0 1e-30 -1e-30 0.0 1e-30 -1e-30 0.0 1e-30 -1e-30 0.0 1e-30 -1e-30 0.0 1e-30 -1e-30 0.0 1e-30 -1e-30 0.0 1e-30 1e-30 0.0 1e-30 1e-30 0.0 1e-30 -1e-30 0.0 1e-30 -1e-30 0.0 1e-30 -1e-30 0.0 1e-30 -1e-30 0.0 1e-30 -1e-30 0.0 1e-30 -1e-30 0.0 1e-30 -1e-30 0.0 1e-30 -1e-30 0.0 1e-30 -1e-30 0.0 1e-30 1e-30 0.0 1e-30 1e-30 0.0 1e-30 -1e-30 0.0 1e-30 -1e-30 0.0 1e-30 -1e-30 0.0 1e-30 -1e-30 0.0 1e-30 -1e-30 0.0 1e-30 -1e-30 0.0 1e-30 -1e-30 0.0 1e-30 -1e-30 0.0 1e-30 -1e-30 0.0 1e-30 1e-30 0.0 1e-30 1e-30 0.0 1e-30 -1e-30 0.0 1e-30 -1e-30 0.0 1e-30 -1e-30 0.0 1e-30 -1e-30 0.0 1e-30 -1e-30 0.0 1e-30 -1e-30 0.0 1e-30 -1e-30 0.0 1e-30 -1e-30 0.0 1e-30 -1e-30 0.0 1e-30 1e-30 0.0 1e-30 1e-30 0.0 1e-30 -1e-30 0.0 1e-30 -1e-30 0.0 1e-30 -1e-30 0.0 1e-30 -1e-30 0.0 1e-30 -1e-30 0.0 1e-30 -1e-30 0.0 1e-30 -1e-30 0.0 1e-30 -1e-30 0.0 1e-30 -1e-30 0.0 1e-30 1e-30 0.0 1e-30 1e-30 0.0 1e-30 -1e-30 0.0 1e-30 -1e-30 0.0 1e-30 -1e-30 0.0 1e-30 -1e-30 0.0 1e-30 -1e-30 0.0 1e-30 -1e-30 0.0 1e-30 -1e-30 0.0 1e-30 -1e-30 0.0 1e-30 -1e-30 0.0 1e-30 1e-30 0.0 1e-30 1e-30 0.0 1e-30 -1e-30 0.0 1e-30 -1e-30 0.0 1e-30 -1e-30 0.0 1e-30 -1e-30 0.0 1e-30 -1e-30 0.0 1e-30 -1e-30 0.0 1e-30 -1e-30 0.0 1e-30 -1e-30 0.0 1e-30 -1e-30 0.0 1e-30 1e-30 0.0 1e-30 1e-30 0.0 1e-30 -1e-30 0.0 1e-30 -1e-30 0.0 1e-30 -1e-30 0.0 1e-30 -1e-30 0.0 1e-30 -1e-30 0.0 1e-30 -1e-30 0.0 1e-30 -1e-30 0.0 1e-30 -1e-30 0.0 1e-30 -1e-30 0.0 1e-30 1e-30 0.0 1e-30 1e-30 0.0 1e-30 -1e-30 0.0 1e-30 -1e-30 0.0 1e-30 -1e-30 0.0 1e-30 -1e-30 0.0 1e-30 -1e-30 0.0 1e-30 -1e-30 0.0 1e-30 -1e-30 0.0 1e-30 -1e-30 0.0 1e-30 -1e-30 0.0 1e-30 1e-30 0.0 1e-30 1e-30 0.0 1e-30 -1e-30 0.0 1e-30 -1e-30 0.0 1e-30 -1e-30 0.0 1e-30 -1e-30 0.0 1e-30 -1e-30 0.0 1e-30 -1e-30 0.0 1e-30 -1e-30 0.0 1e-30 -1e-30 0.0 1e-30 -1e-30 0.0 1e-30 1e-30 0.0 1e-30 1e-30 0.0 1e-30 -1e-30 0.0 1e-30 -1e-30 0.0 1e-30 -1e-30 0.0 1e-30 -1e-30 0.0 1e-30 -1e-30 0.0 1e-30 -1e-30 0.0 1e-30 -1e-30 0.0 1e-30 -1e-30 0.0 -1e-30 -1e-30 0.0 -1e-30 1e-30 0.0 1e-30 1e-30 0.0
    </DataArray>
    <DataArray type="Float32" Name="Ion diffusion flux Density [Am^-2]" NumberOfComponents="3" format="ascii">
-1.0168814185680615e+19 8.578406678181668e+18 0.0 -1.4644438579067e+19 -8.613098204508548e+17 0.0 -2.354553162122014e+19 -6.419092137231779e+18 0.0 -3.217802103683837e+19 -1.4241028843376474e+19 0.0 -4.04493214296359e+19 -2.5033543453744656e+19 0.0 -4.920264621622937e+19 -4.0635711291970314e+19 0.0 -6.019029011727986e+19 -6.556134425646494e+19 0.0 -7.829875127830538e+19 -1.143624111992889e+20 0.0 -1.1471326615770158e+20 -2.2385552107847834e+20 0.0 -1.278101361980666e+20 -2.980722530924684e+20 0.0 -1.704647223259039e+20 -5.113941669777758e+20 0.0 -6.311731603961298e+18 3.7500271192241275e+18 0.0 -1.2462339819877964e+19 -1.7106632850455158e+18 0.0 -1.9673659573345595e+19 -6.18346363059417e+18 0.0 -2.6999787126964388e+19 -1.2863734895561775e+19 0.0 -3.4213907071632736e+19 -2.2067556542625653e+19 0.0 -4.188286064616775e+19 -3.5275758390873633e+19 0.0 -5.131874280409305e+19 -5.607218671928107e+19 0.0 -6.635505735377588e+19 -9.60260602588162e+19 0.0 -9.529241170172623e+19 -1.8278168016212433e+20 0.0 -1.0260376453000336e+20 -2.3591824898800864e+20 0.0 -8.532974320155584e+19 -4.2664871600782075e+20 0.0 -9.91088504057777e+18 3.110894604570505e+18 0.0 -1.7461831208459803e+19 -1.9377898580391652e+18 0.0 -2.635828029639452e+19 -5.009131633079965e+18 0.0 -3.5834159350131683e+19 -1.0701498159785275e+19 0.0 -4.510621645424762e+19 -1.869792234355093e+19 0.0 -5.441584779252221e+19 -3.0178848060114317e+19 0.0 -6.467173907147603e+19 -4.790690244658897e+19 0.0 -7.86934729694516e+19 -8.075297866134983e+19 0.0 -1.0035841825832152e+20 -1.454299896318397e+20 0.0 -9.263981854732214e+19 -1.732851423911798e+20 0.0 -5.762781418638361e+19 -2.8813907093193628e+20 0.0 -8.728352830154031e+18 3.3534648609078804e+18 0.0 -1.4590477606619572e+19 -2.7751069815219632e+17 0.0 -2.1952567913675338e+19 -1.572982855649455e+18 0.0 -3.06609541128994e+19 -5.687908560785035e+18 0.0 -3.957743719782193e+19 -1.1607337730284202e+19 0.0 -4.8614656353099465e+19 -2.0331554268008575e+19 0.0 -5.821466105149589e+19 -3.3832701225817186e+19 0.0 -6.998326345060156e+19 -5.780605014272278e+19 0.0 -8.308184822788583e+19 -9.743538398203185e+19 0.0 -6.606728413468382e+19 -1.0288681352106626e+20 0.0 -3.0066102793442152e+19 -1.5033051396721852e+20 0.0 -5.504718228618169e+18 2.5669070113393864e+18 0.0 -9.33612540465201e+18 6.982273945106232e+17 0.0 -1.4092522918925806e+19 6.642528036620214e+17 0.0 -2.0955089350820594e+19 -2.0444136361965773e+18 0.0 -2.828253055747663e+19 -5.993028550836943e+18 0.0 -3.5887590429553824e+19 -1.2041628503145693e+19 0.0 -4.392209411334045e+19 -2.1555340108458897e+19 0.0 -5.2702468894686585e+19 -3.721185697425361e+19 0.0 -5.781953601409495e+19 -5.614658940648852e+19 0.0 -3.824275092660024e+19 -4.9098627105317446e+19 0.0 -1.1513371171435536e+19 -5.756685585717931e+19 0.0 -2.5334369295414794e+18 7.488701111391386e+17 0.0 -4.424076582597366e+18 1.1226880038029448e+18 0.0 -8.076952175502393e+18 1.257210738141253e+18 0.0 -1.2789310408397797e+19 -7.641066572016442e+17 0.0 -1.8008716594285267e+19 -3.042860623724983e+18 0.0 -2.3844579061275517e+19 -6.95964011905368e+18 0.0 -2.979709089820425e+19 -1.312116212287368e+19 0.0 -3.4657839894239605e+19 -2.1528709119851577e+19 0.0 -3.3032627172024082e+19 -2.648386863707291e+19 0.0 -1.5945274621210262e+19 -1.6473847585767916e+19 0.0 -2.31089216733139e+18 -1.1554460836656953e+19 0.0 -8.37822249728832e+17 -4.58225370744271e+17 0.0 -1.4090921414661038e+18 1.751756750655381e+17 0.0 -3.7167447111945006e+18 6.339487630234491e+17 0.0 -6.255840570713258e+18 1.922830007028653e+17 0.0 -9.609443739419011e+18 -1.422621704656562e+18 0.0 -1.322359107607122e+19 -3.733336507295206e+18 0.0 -1.6210641377036614e+19 -6.5540533220337e+18 0.0 -1.6924287657064196e+19 -8.915595625488517e+18 0.0 -1.2310556792265595e+19 -7.033815248201053e+18 0.0 -3.7026358679299185e+18 -2.028959353123696e+18 0.0 171504040329885.9 857520201837205.1 0.0 -3.5526963590829677e+17 -3.5924965323800346e+17 0.0 -3.208883691396559e+17 8.942999587173626e+16 0.0 -8.490339009476101e+17 3.545030379348506e+17 0.0 -2.0678958170559404e+18 9.271785363640811e+16 0.0 -3.4431854473143066e+18 -4.026906049124595e+17 0.0 -4.635000352415746e+18 -9.915044207016975e+17 0.0 -5.235822119358501e+18 -1.4650850133942446e+18 0.0 -4.5258850138882565e+18 -1.3014156093590756e+18 0.0 -2.2762460224523768e+18 -2.504966967354466e+17 0.0 -6.808854487999393e+17 7.01453715683347e+17 0.0 4.77211365397751e+17 2.3860568269890627e+18 0.0 -1.9060504877594736e+17 -2.296394953278871e+17 0.0 -1.2010493589773338e+17 5.763032341538569e+16 0.0 -2.164272419197815e+17 2.885167023604269e+17 0.0 -4.288684518903616e+17 3.4322328654279936e+17 0.0 -6.395023631071034e+17 3.1048156685211955e+17 0.0 -7.87685722118605e+17 2.255813702256457e+17 0.0 -7.853226394304902e+17 1.833572816585599e+17 0.0 -5.712371192228009e+17 2.934877471622599e+17 0.0 -2.500964951104036e+17 5.968000985112344e+17 0.0 9.197048866833915e+16 1.0060627337701766e+18 0.0 4.8275565582769965e+17 2.4137782791387023e+18 0.0 -9.796299166841147e+16 -1.3947922522505386e+17 0.0 -4.371055760409821e+16 4.5656158425372056e+16 0.0 -5.5604712718539176e+16 2.1829353358398822e+17 0.0 -1.1138258054919723e+17 3.154896470873143e+17 0.0 -1.5337965807609834e+17 3.784545117403807e+17 0.0 -1.495671581849523e+17 4.016749544725152e+17 0.0 -9.008943624380742e+16 4.1300534448192986e+17 0.0 1.567007530867544e+16 4.6360725409632954e+17 0.0 1.4101033453497186e+17 6.083521596976824e+17 0.0 2.541528409863541e+17 8.442486630175782e+17 0.0 3.7560170323619366e+17 1.878008516181179e+18 0.0 -4.938199560608981e+16 -9.019953508958568e+16 0.0 -1.1971360010184676e+16 3.80459781953771e+16 0.0 1747548814777525.2 1.693543406526747e+17 0.0 -8387083655283968.0 2.6208561199131408e+17 0.0 -1.5051666193271784e+16 3.407900126591807e+17 0.0 -3166535422879722.5 3.8848730071573165e+17 0.0 3.576696094950704e+16 4.1228224154869734e+17 0.0 9.881392553587251e+16 4.4062831006850323e+17 0.0 1.7180711313097254e+17 5.139079965193886e+17 0.0 2.3232383269955933e+17 6.52096446958594e+17 0.0 2.7913957131974262e+17 1.3956978565989317e+18 0.0 -2.783656486271167e+16 -6.6267973071473e+16 0.0 -1213254151655641.0 3.0894746642649896e+16 0.0 1.8751798135589056e+16 1.3436434060427088e+17 0.0 2.437082465643268e+16 2.140715837421848e+17 0.0 3.0910607207243052e+16 2.8940382619561645e+17 0.0 4.427124818861755e+16 3.4231965288483034e+17 0.0 6.953056838680267e+16 3.704291163458426e+17 0.0 1.0629959020827902e+17 3.887599730850679e+17 0.0 1.4865022376789117e+17 4.2517251141387475e+17 0.0 1.843858471391716e+17 5.0403224519878406e+17 0.0 2.098845717217561e+17 1.049422858608965e+18 0.0 -1.8741939755028456e+16 -5.373503469448494e+16 0.0 1812726750966622.2 2.4825774666964492e+16 0.0 2.1697074208228136e+16 1.0887459469353494e+17 0.0 3.207035432066902e+16 1.7590387362241565e+17 0.0 4.335387320847059e+16 2.432693461569292e+17 0.0 5.716181940301751e+16 2.946461726020994e+17 0.0 7.554206809791061e+16 3.2345364925444205e+17 0.0 9.824188049636176e+16 3.368900585747597e+17 0.0 1.2276248631317469e+17 3.540725215950929e+17 0.0 1.4411240240660386e+17 3.982600158005196e+17 0.0 1.6232556006640538e+17 8.116278003321545e+17 0.0 -1.4344483847080558e+16 -4.575833380078142e+16 0.0 2561713777702417.5 2.0202708602850424e+16 0.0 2.0794272781151124e+16 9.01779572986426e+16 0.0 3.2166136980149372e+16 1.4678024503006416e+17 0.0 4.47292579829738e+16 2.0597320670377123e+17 0.0 5.815411502764185e+16 2.5356691869150582e+17 0.0 7.262084415763291e+16 2.813355925021828e+17 0.0 8.756254967966218e+16 2.9196849085858054e+17 0.0 1.019477733298356e+17 2.989375001297356e+17 0.0 1.1474988781465067e+17 3.2305219297463034e+17 0.0 1.2944836369441658e+17 6.472418184721734e+17 0.0 -1.170562396631554e+16 -3.986073507893591e+16 0.0 2694087046523804.0 1.6801976439909398e+16 0.0 1.910066703945382e+16 7.626892093896022e+16 0.0 3.0235936527828176e+16 1.246479685264549e+17 0.0 4.2732533409115576e+16 1.7664309550279136e+17 0.0 5.5373639157917336e+16 2.1999402501809286e+17 0.0 6.729696844260664e+16 2.4603287471784656e+17 0.0 7.767460846572981e+16 2.5485137979095763e+17 0.0 8.617894521243461e+16 2.562862481672525e+17 0.0 9.381886979905989e+16 2.686797441876363e+17 0.0 1.0620370923793968e+17 5.3101854618979776e+17 0.0 -9865130382880600.0 -3.52012059282399e+16 0.0 2647533773113271.5 1.4286475300729914e+16 0.0 1.7396380095098166e+16 6.572284536514944e+16 0.0 2.790103742028723e+16 1.0765013470587326e+17 0.0 3.982831487699183e+16 1.5360256700130083e+17 0.0 5.157110871933677e+16 1.929290642673723e+17 0.0 6.171140669864681e+16 2.17075586836526e+17 0.0 6.926104618895229e+16 2.246362553376072e+17 0.0 7.426142874638533e+16 2.230498566220836e+17 0.0 7.872128865190056e+16 2.2849202346663792e+17 0.0 8.93312655067068e+16 4.466563275336498e+17 0.0 -8485216824169361.0 -3.1427071069799724e+16 0.0 2544562874694130.0 1.2390850531936166e+16 0.0 1.586591891582525e+16 5.757368869466213e+16 0.0 2.564639179366063e+16 9.440870336684925e+16 0.0 3.684657541868476e+16 1.3537033542840363e+17 0.0 4.771224764005872e+16 1.711166161874776e+17 0.0 5.654620253178844e+16 1.934477131862254e+17 0.0 6.227344292927749e+16 2.001001085716589e+17 0.0 6.513296290691314e+16 1.9687633327074304e+17 0.0 6.758595633294656e+16 1.9812527400173395e+17 0.0 7.677100101077248e+16 3.838550050539485e+17 0.0 -7413800943614655.0 -2.8334375099182108e+16 0.0 2426799080066674.5 1.0933373871211576e+16 0.0 1.4540660277489884e+16 5.116882086415744e+16 0.0 2.361776949360644e+16 8.394731414618547e+16 0.0 3.407908356834098e+16 1.2080380104575509e+17 0.0 4.414331095482907e+16 1.5345522500649712e+17 0.0 5.198947231112019e+16 1.7414158380366074e+17 0.0 5.6502200183860616e+16 1.8011810916861725e+17 0.0 5.802201706350752e+16 1.760317639634829e+17 0.0 5.917767700883966e+16 1.747120265746274e+17 0.0 6.720601281655072e+16 3.360300640828176e+17 0.0 -6564310438997604.0 -2.5780036868028436e+16 0.0 2310605487371025.5 9792027146812790.0 0.0 1.3408842253883538e+16 4.60596556092372e+16 0.0 2.184523395104942e+16 7.557434030745624e+16 0.0 3.1615984944562124e+16 1.0904945366880477e+17 0.0 4.097064626240543e+16 1.3906029311402755e+17 0.0 4.805072849796729e+16 1.5829756449505424e+17 0.0 5.172860933429207e+16 1.637582195194217e+17 0.0 5.2390984068390056e+16 1.592474379859116e+17 0.0 5.268916863834748e+16 1.5633529320522867e+17 0.0 5.977554592410554e+16 2.988777296205828e+17 0.0 -5880546979007130.0 -2.365621571381867e+16 0.0 2202484849709549.8 8883721265983618.0 0.0 1.2446779772959556e+16 4.193100423478143e+16 0.0 2.031643614573083e+16 6.879380858761822e+16 0.0 2.9466166502474044e+16 9.947250311604525e+16 0.0 3.820235116709524e+16 1.2724203030345814e+17 0.0 4.467574828897531e+16 1.452202732713772e+17 0.0 4.776295868018335e+16 1.5027833542400128e+17 0.0 4.786522640355778e+16 1.4559181783546794e+17 0.0 4.7585298563708856e+16 1.4168531015842122e+17 0.0 5.3902639556435016e+16 2.6951319778220835e+17 0.0 -5323558109819796.0 -2.1879537290236652e+16 0.0 2104628138605514.8 8150654640742556.0 0.0 1.1629324228044152e+16 3.8556700116979816e+16 0.0 1.900474370213067e+16 6.324475104745298e+16 0.0 2.7606648582557228e+16 9.159869616387168e+16 0.0 3.5807775798764932e+16 1.1746771523199277e+17 0.0 4.179232074497319e+16 1.3435927694125227e+17 0.0 4.445035050292261e+16 1.390970308957112e+17 0.0 4.418009620148807e+16 1.3437506114750091e+17 0.0 4.350345355947332e+16 1.2984703902253109e+17 0.0 4.919102025765139e+16 2.4595510128833117e+17 0.0 -4865290038476311.0 -2.0384762775613244e+16 0.0 2017297607827962.0 7551746713018984.0 0.0 1.0933493464501812e+16 3.5771344116582404e+16 0.0 1.7880723023758718e+16 5.866054547130391e+16 0.0 2.6004044954479188e+16 8.507089537512918e+16 0.0 3.374369333534928e+16 1.0932632629048824e+17 0.0 3.932863679032777e+16 1.2528236336341838e+17 0.0 4.1667197974616696e+16 1.2976103751049834e+17 0.0 4.114533297613911e+16 1.2508106523457866e+17 0.0 4.019243611001504e+16 1.2016761340523184e+17 0.0 4.536206103097096e+16 2.2681030515493885e+17 0.0 -4484995567466883.0 -1.912043035228698e+16 0.0 1939923908787907.2 7057213030124885.0 0.0 1.0339498648264154e+16 3.3451899601703116e+16 0.0 1.6916687139712554e+16 5.4841454820397944e+16 0.0 2.46238327811994e+16 7.961762013944016e+16 0.0 3.196568513063321e+16 1.0249964627563386e+17 0.0 3.72200623129826e+16 1.176505073364403e+17 0.0 3.931561512652443e+16 1.2191668790698341e+17 0.0 3.862165130449544e+16 1.1731955881932379e+17 0.0 3.7474066485193464e+16 1.1217191998664635e+17 0.0 4.221547128486866e+16 2.1107735642440627e+17 0.0 -4167020326034619.0 -1.804567086004668e+16 0.0 1871621039792333.2 6645061405805073.0 0.0 9830756290713888.0 3.1505428668881948e+16 0.0 1.6088241772598484e+16 5.16358452535977e+16 0.0 2.343410290734122e+16 7.50304427263725e+16 0.0 3.0432765390490296e+16 9.673987919313523e+16 0.0 3.541094625354776e+16 1.1119704135083586e+17 0.0 3.731806598623912e+16 1.1528689728999373e+17 0.0 3.6505219944222104e+16 1.107920036525867e+17 0.0 3.521903809383526e+16 1.055078630520748e+17 0.0 3.96044801611856e+16 1.9802240080598998e+17 0.0 -3899362777699845.0 -1.7127823893431452e+16 0.0 1811426422925106.8 6298780524330910.0 0.0 9393538751875126.0 2.9860748330751284e+16 0.0 1.5374547101440616e+16 4.892716057700567e+16 0.0 2.24068044303132e+16 7.1147737022806184e+16 0.0 2.9108913541576396e+16 9.185270975249886e+16 0.0 3.385438797938286e+16 1.0571118691106936e+17 0.0 3.5612907051035692e+16 1.09653311572097e+17 0.0 3.4717352387697228e+16 1.052675198046196e+17 0.0 3.333170680108729e+16 9.991022297328245e+16 0.0 3.741959709906798e+16 1.8709798549535517e+17 0.0 -337146622324798.8 -1.1337298838131192e+16 0.0 -243518866947527.7 5419647523613951.0 0.0 -471013273589503.44 2.5457134085549344e+16 0.0 -783522030964009.1 4.170540765626677e+16 0.0 -1096428374288445.1 6.0670309226750024e+16 0.0 -1264967201584595.5 7.836352440155979e+16 0.0 -1163855708965358.5 9.018824903267339e+16 0.0 -796721502093639.0 9.345907830622462e+16 0.0 -324392537794011.7 8.949981752812229e+16 0.0 14618269613285.682 8.459620508575525e+16 0.0 0.0 2.4904471627823085e+17 0.0 2735832665535856.5 -1.5414894358501506e+16 0.0 -2177614658310814.2 5911644522299144.0 0.0 -9587810415083392.0 2.7566926115507452e+16 0.0 -1.5712879507950556e+16 4.515365176828208e+16 0.0 -2.282827822193718e+16 6.5709762169115576e+16 0.0 -2.9373032626233624e+16 8.491445559472162e+16 0.0 -3.3567695625532484e+16 9.774486472787357e+16 0.0 -3.442221376612163e+16 1.0122660485113384e+17 0.0 -3.2534963464817816e+16 9.675610947045066e+16 0.0 -3.037548736218578e+16 9.114423829729627e+16 0.0 -3.401529430326032e+16 1.7007647151635414e+17 0.0 2673550496109891.0 -1.4863532124075578e+16 0.0 -2068910699515716.2 5675625652702923.0 0.0 -9171966062441466.0 2.649666669149194e+16 0.0 -1.5025708448608982e+16 4.3390240917358904e+16 0.0 -2.1844172562393948e+16 6.317618979236519e+16 0.0 -2.8148236615982236e+16 8.1721485424503e+16 0.0 -3.2231355304759444e+16 9.417318502238963e+16 0.0 -3.3116710446032844e+16 9.76008891912389e+16 0.0 -3.1338210404147892e+16 9.327394162976422e+16 0.0 -2.9234204881852292e+16 8.770399896688405e+16 0.0 -3.2682275931656212e+16 1.6341137965833024e+17 0.0 2618159509091367.5 -1.4384724617758338e+16 0.0 -1976534342591647.8 5473335571224121.0 0.0 -8816105248674940.0 2.5575518349130936e+16 0.0 -1.4438225169114858e+16 4.187315492186179e+16 0.0 -2.1002397064033052e+16 6.0995107268194184e+16 0.0 -2.7098699960224388e+16 7.89691670026652e+16 0.0 -3.108318364667242e+16 9.109034090666418e+16 0.0 -3.1991994405545616e+16 9.44698299676952e+16 0.0 -3.0305897149894444e+16 9.027065962757907e+16 0.0 -2.8252089307529544e+16 8.474757009999758e+16 0.0 -3.1539525070253944e+16 1.576976253513484e+17 0.0 2568958094321436.5 -1.3967853968435062e+16 0.0 -1897603375223126.0 5299186366047052.0 0.0 -8510170560854784.0 2.4779672693391624e+16 0.0 -1.3933602438243644e+16 4.056298401740333e+16 0.0 -2.0279049840440868e+16 5.911053470472138e+16 0.0 -2.6195460762975324e+16 7.65884468468952e+16 0.0 -3.009284328607245e+16 8.842077140163258e+16 0.0 -3.1019690356335604e+16 9.175739656109242e+16 0.0 -2.9412565400774772e+16 8.767176007426538e+16 0.0 -2.7403924464976428e+16 8.219711866457986e+16 0.0 -3.055576553976127e+16 1.52778827698821e+17 0.0 2525302858442232.5 -1.3604096720696354e+16 0.0 -1829835895294357.5 5148692510500183.0 0.0 -8246103909867346.0 2.4089819774976508e+16 0.0 -1.349838109260727e+16 3.942777010801017e+16 0.0 -1.9654983217440604e+16 5.747696657154676e+16 0.0 -2.5415207837494372e+16 7.452296875704429e+16 0.0 -2.923573782488194e+16 8.610256201726896e+16 0.0 -3.0176609618461772e+16 8.940118755542962e+16 0.0 -2.8637327641618656e+16 8.541631740559125e+16 0.0 -2.6669173622368004e+16 7.998960914827474e+16 0.0 -2.970582236658936e+16 1.4852911183303466e+17 0.0 2486611900848273.0 -1.3286085605712998e+16 0.0 -1771407431915895.0 5018219379662874.0 0.0 -8017388963143036.0 2.349017201083945e+16 0.0 -1.3121694741109284e+16 3.844139163875685e+16 0.0 -1.911471736799462e+16 5.605713576714242e+16 0.0 -2.4739015736277532e+16 7.272641870269131e+16 0.0 -2.8491774066809844e+16 8.408465003303624e+16 0.0 -2.9443679728091056e+16 8.734966718856982e+16 0.0 -2.796294643653267e+16 8.345416987207466e+16 0.0 -2.603099387115955e+16 7.807357576271283e+16 0.0 -2.8969251863662844e+16 1.4484625931842403e+17 0.0 2452364251600895.5 -1.3007643669364246e+16 0.0 -1720846055901264.8 4904798536330701.0 0.0 -7818711939748289.0 2.2967729609102336e+16 0.0 -1.2794695168243256e+16 3.75823454528615e+16 0.0 -1.864563130222162e+16 5.4820309653213304e+16 0.0 -2.4151400970371716e+16 7.116048817656573e+16 0.0 -2.784442239023972e+16 8.23246711676817e+16 0.0 -2.8805117572303904e+16 8.556002500197875e+16 0.0 -2.737511780402822e+16 8.174375741778214e+16 0.0 -2.547548222028021e+16 7.64066892068798e+16 0.0 -2.8329319633920228e+16 1.4164659816970368e+17 0.0 2422097208328908.0 -1.276356847659129e+16 0.0 -1676953829716840.0 4805987157238777.0 0.0 -7645708138242134.0 2.2511718498189604e+16 0.0 -1.251012319269801e+16 3.683281498437312e+16 0.0 -1.823736021899608e+16 5.3740986319687064e+16 0.0 -2.3639606113155492e+16 6.979330497265112e+16 0.0 -2.727999788480346e+16 8.078728530308918e+16 0.0 -2.824779062287291e+16 8.399650838356246e+16 0.0 -2.6861910414940388e+16 8.025044886645914e+16 0.0 -2.4991094270836204e+16 7.495390393863715e+16 0.0 -2.7772229151464012e+16 1.3886114575741478e+17 0.0 2395401611207207.5 -1.2549464956324522e+16 0.0 -1638748684901211.8 4719760896164580.0 0.0 -7494767868733360.0 2.2113157012278724e+16 0.0 -1.2261982363868472e+16 3.617795231311862e+16 0.0 -1.7881333734253566e+16 5.2797885252353416e+16 0.0 -2.3193052421783176e+16 6.859821141221686e+16 0.0 -2.67871046593453e+16 7.944286433205251e+16 0.0 -2.7760715645463308e+16 8.262911441872086e+16 0.0 -2.641332461312285e+16 7.894523906226765e+16 0.0 -2.4568192493907776e+16 7.368603277175851e+16 0.0 -2.7286533154008236e+16 1.3643266577010283e+17 0.0 2371915923195770.5 -1.2361604032003108e+16 0.0 -1605420147650026.8 4644433147665585.0 0.0 -7362887771293512.0 2.1764519202352696e+16 0.0 -1.2045288603595184e+16 3.5605319834194436e+16 0.0 -1.757042233155249e+16 5.197316031283773e+16 0.0 -2.280291760959219e+16 6.755280674636851e+16 0.0 -2.6356203928162184e+16 7.826646027819378e+16 0.0 -2.7334663624953196e+16 8.143255685662402e+16 0.0 -2.602094376992422e+16 7.780372384681277e+16 0.0 -2.419869294331187e+16 7.257864096923474e+16 0.0 -2.68626801876285e+16 1.343134009381998e+17 0.0 2351323321576319.5 -1.2196814225029718e+16 0.0 -1576295042224403.0 4578591166255930.0 0.0 -7247555621872601.0 2.1459470920916476e+16 0.0 -1.1855876768665982e+16 3.5104452744889436e+16 0.0 -1.729866349977688e+16 5.125178130496323e+16 0.0 -2.2461807204395344e+16 6.66381913300959e+16 0.0 -2.5979274961312356e+16 7.723698634212398e+16 0.0 -2.696184935166213e+16 8.038544633429979e+16 0.0 -2.5677657337820852e+16 7.680529024041142e+16 0.0 -2.3875786887456624e+16 7.161118098360489e+16 0.0 -2.6492662073392824e+16 1.3246331036708928e+17 0.0 2333346929974257.0 -1.2052392091858162e+16 0.0 -1550811107821855.5 4521046468639050.0 0.0 -7146660335711745.0 2.1192661447562936e+16 0.0 -1.1690249755779514e+16 3.4666513634007404e+16 0.0 -1.7061047796747136e+16 5.062104459342318e+16 0.0 -2.2163496702397588e+16 6.583836615716735e+16 0.0 -2.564954711102386e+16 7.633656336040101e+16 0.0 -2.6635682381859292e+16 7.946963482896843e+16 0.0 -2.537743896462499e+16 7.593247201510779e+16 0.0 -2.3593720094815296e+16 7.076631030499823e+16 0.0 -2.6169737552455816e+16 1.3084868776240291e+17 0.0 2317745893144046.0 -1.1926029514011284e+16 0.0 -1528496425057236.5 4470795777563998.5 0.0 -7058421112515786.0 2.095955785810774e+16 0.0 -1.154545986812647e+16 3.428401796180264e+16 0.0 -1.6853350435212638e+16 5.007018336364341e+16 0.0 -2.1902727813428196e+16 6.513975301306316e+16 0.0 -2.536128718427677e+16 7.554999679025349e+16 0.0 -2.6350569041648916e+16 7.86696901407475e+16 0.0 -2.511516911564295e+16 7.517043303386352e+16 0.0 -2.334761655588732e+16 7.002934924892609e+16 0.0 -2.5888214026943004e+16 1.2944107013485634e+17 0.0 2304311624126735.5 -1.181575434973589e+16 0.0 -1508953240405635.5 4426990036370368.0 0.0 -6981331258651679.0 2.075631257709252e+16 0.0 -1.1419014881133176e+16 3.395061457340685e+16 0.0 -1.6671997773169826e+16 4.9590055435353896e+16 0.0 -2.167504634527439e+16 6.453080884803436e+16 0.0 -2.510962887614323e+16 7.486435367258722e+16 0.0 -2.6101752964786876e+16 7.797247069336661e+16 0.0 -2.4886492331425076e+16 7.450655285446218e+16 0.0 -2.3133337510537452e+16 6.938784902743306e+16 0.0 -2.5643274020220132e+16 1.2821637010115875e+17 0.0 2292865323250200.0 -1.1719881309902822e+16 0.0 -1491845221115901.2 4388909916505193.5 0.0 -6914113362863782.0 2.0579656908130244e+16 0.0 -1.1308803189877046e+16 3.3660909296324816e+16 0.0 -1.6513960815198794e+16 4.9172891957615304e+16 0.0 -2.147667248583835e+16 6.4001714535045256e+16 0.0 -2.489043584850821e+16 7.426862106860902e+16 0.0 -2.588518510423564e+16 7.736678120396864e+16 0.0 -2.4687700241909284e+16 7.393009038855965e+16 0.0 -2.2947367588128464e+16 6.883124406141509e+16 0.0 -2.5430836400522964e+16 1.2715418200273354e+17 0.0 2283255433017623.5 -1.1636974588517812e+16 0.0 -1476887043512982.5 4355945324944624.0 0.0 -6855683345065605.0 2.0426815067867024e+16 0.0 -1.1213033831785216e+16 3.3410322555405004e+16 0.0 -1.637666979623918e+16 4.8812094278958456e+16 0.0 -2.1304396496708268e+16 6.354412268436247e+16 0.0 -2.4700191260095324e+16 7.375342852636675e+16 0.0 -2.5697419372227116e+16 7.684309286686368e+16 0.0 -2.4515637361001536e+16 7.343191134683952e+16 0.0 -2.278672275443062e+16 6.835057168269129e+16 0.0 -2.5247444865581092e+16 1.2623722432797366e+17 0.0 2275354357335299.5 -1.1565812881282844e+16 0.0 -1463836430374903.8 4327580025682043.0 0.0 -6805121501212097.0 2.0295434595676052e+16 0.0 -1.113018821262495e+16 3.319497409631461e+16 0.0 -1.6257945363252442e+16 4.850206925346767e+16 0.0 -2.1155494431842308e+16 6.3150952638803176e+16 0.0 -2.4535908098399556e+16 7.331082185309762e+16 0.0 -2.5535527608415664e+16 7.639331528216571e+16 0.0 -2.4367624252689816e+16 7.300426664690317e+16 0.0 -2.2648875661176024e+16 6.793824534449543e+16 0.0 -2.5090178016442184e+16 1.2545089008235624e+17 0.0 2269057441119691.0 -1.1505363482289306e+16 0.0 -1452487498262812.2 4303378588304339.0 0.0 -6761649080666309.0 2.0183529887038896e+16 0.0 -1.1058981114173186e+16 3.301158948865525e+16 0.0 -1.6155942956978362e+16 4.823809552613264e+16 0.0 -2.1027659887012176e+16 6.2816223758506e+16 0.0 -2.439505626488102e+16 7.293407870814654e+16 0.0 -2.539703003422543e+16 7.601061022438482e+16 0.0 -2.424139482861286e+16 7.264061186873275e+16 0.0 -2.253169501960275e+16 6.758787079892796e+16 0.0 -2.4956576695793196e+16 1.2478288347915426e+17 0.0 2264281321074803.5 -1.1454760589539978e+16 0.0 -1442665409990192.8 4282975907626093.0 0.0 -6724609316697291.0 2.0089436393711932e+16 0.0 -1.0998329141524388e+16 3.2857424307125572e+16 0.0 -1.6069107785951412e+16 4.80162149941591e+16 0.0 -2.0918948662234244e+16 6.25349198559778e+16 0.0 -2.4275503366636604e+16 7.261755845360131e+16 0.0 -2.527983864023551e+16 7.56892398895247e+16 0.0 -2.413504524520647e+16 7.233546030976093e+16 0.0 -2.2433396396348964e+16 6.729409715528489e+16 0.0 -2.4844585276815024e+16 1.242229263841754e+17 0.0 2260962662377434.0 -1.1413287493398862e+16 0.0 -1434222056591127.2 4266068797872178.0 0.0 -6693452055101106.0 2.001177357677617e+16 0.0 -1.094732515429707e+16 3.273020280112521e+16 0.0 -1.5996138289417966e+16 4.7833144924147784e+16 0.0 -2.082773378317287e+16 6.2302879294336936e+16 0.0 -2.4175466603651892e+16 7.235658028647773e+16 0.0 -2.518221116501445e+16 7.542444365578174e+16 0.0 -2.404699237197386e+16 7.208426382539818e+16 0.0 -2.2352502417767332e+16 6.7052496578853864e+16 0.0 -2.475250435520754e+16 1.2376252177608526e+17 0.0 2259057276099766.5 -1.1380362243964876e+16 0.0 -1427032552926862.0 4252409252294135.0 0.0 -6667721350548921.0 1.994941516779211e+16 0.0 -1.0905217666412712e+16 3.2628068694180308e+16 0.0 -1.5935956719341606e+16 4.768620740027125e+16 0.0 -2.0752669223165716e+16 6.2116706495046616e+16 0.0 -2.409347381374933e+16 7.214732493050694e+16 0.0 -2.5102713873782824e+16 7.521233875208131e+16 0.0 -2.397594027206593e+16 7.18833169141682e+16 0.0 -2.2287810813103156e+16 6.685946779154534e+16 0.0 -2.467895288783265e+16 1.23394764439227e+17 0.0 2258539533052249.5 -1.135552628695797e+16 0.0 -1420992390579314.8 4241799082419192.0 0.0 -6647045502337435.0 1.990146553802255e+16 0.0 -1.0871394306688122e+16 3.254954607118759e+16 0.0 -1.5887685543307406e+16 4.757327322035763e+16 0.0 -2.0692660874557004e+16 6.197370169595374e+16 0.0 -2.4028332243987908e+16 7.198675654183288e+16 0.0 -2.5040191712037784e+16 7.504984122712928e+16 0.0 -2.392085349410127e+16 7.172968055218377e+16 0.0 -2.223836909382662e+16 6.67121596819367e+16 0.0 -2.462283827331459e+16 1.231141913666618e+17 0.0 2259402071932240.0 -1.1338435677299484e+16 0.0 -1416015132228007.2 4234085742531429.5 0.0 -6631129138073659.0 1.9867241338715936e+16 0.0 -1.0845368666153886e+16 3.249350899222305e+16 0.0 -1.5850628635690118e+16 4.749271827204396e+16 0.0 -2.0646843379628704e+16 6.187180624621996e+16 0.0 -2.397910384324816e+16 7.187256193522411e+16 0.0 -2.4993744794514804e+16 7.493460445955438e+16 0.0 -2.388093616851666e+16 7.162112302032371e+16 0.0 -2.220345494691726e+16 6.6608412193286104e+16 0.0 -2.4583333231012508e+16 1.2291666615511624e+17 0.0 2261655799699718.0 -1.1328854597671686e+16 0.0 -1412030558988497.0 4229159180036318.0 0.0 -6619747060900649.0 1.9846257755321372e+16 0.0 -1.0826770085242064e+16 3.2459158751783824e+16 0.0 -1.5824256693831324e+16 4.744339087810594e+16 0.0 -2.061456219308893e+16 6.180956159990526e+16 0.0 -2.39450861792335e+16 7.180310501442967e+16 0.0 -2.496271053907155e+16 7.486497320404435e+16 0.0 -2.3855616226092492e+16 7.155607574745951e+16 0.0 -2.218256163949898e+16 6.65467123376622e+16 0.0 -2.4559858621929972e+16 1.2279929310975565e+17 0.0 -5126850365864.827 -1.5857311342449844e+16 0.0 -1612733997393273.0 4831293039041948.0 0.0 -7562037738151301.0 2.2673174356711704e+16 0.0 -1.236791198236086e+16 3.708265754994462e+16 0.0 -1.807696630204378e+16 5.420162145976224e+16 0.0 -2.3549699933607108e+16 7.0615092670343896e+16 0.0 -2.7355213564041024e+16 8.203359722199683e+16 0.0 -2.8518700776831604e+16 8.553302177390246e+16 0.0 -2.7254731360196036e+16 8.175345589173782e+16 0.0 -2.53436471811968e+16 7.602997083942482e+16 0.0 -4.296612528685688e+16 1.2889837586081254e+17 0.0
    </DataArray>
    <DataArray type="Float32" Name="Ion drift flux Density [Am^-2]" NumberOfComponents="3" format="ascii">
-1.982260120691156e+28 1.7921812137718933e+29 0.0 9.34585145384099e+27 1.0719397242517532e+29 0.0 2.056711226879624e+28 1.7121681745373238e+29 0.0 3.3680944249549873e+28 2.320971310037749e+29 0.0 4.7639943356807396e+28 2.896114051901743e+29 0.0 6.257837521118294e+28 3.454815567650046e+29 0.0 8.008264091986094e+28 4.030977032043139e+29 0.0 1.0640693161113528e+29 4.7488738503104435e+29 0.0 1.649767838955141e+29 6.124788199712106e+29 0.0 2.357168076051649e+29 7.39664141010258e+29 0.0 1.7614933497761286e+29 5.284480049328888e+29 0.0 7.423308179355538e+27 1.089060170727468e+29 0.0 3.9090350634357763e+27 7.982607315494625e+28 0.0 1.1948988804880572e+28 1.2916835797316998e+29 0.0 2.149691711622875e+28 1.7629320312654724e+29 0.0 3.186027160013566e+28 2.213707470094308e+29 0.0 4.32640014184163e+28 2.6571130654019714e+29 0.0 5.717886605315821e+28 3.1205518746348116e+29 0.0 7.914763660001453e+28 3.710039708520086e+29 0.0 1.2847640342490885e+29 4.841543062988527e+29 0.0 1.8619956858302386e+29 5.836956645447612e+29 0.0 9.456640787317813e+28 4.728320393659308e+29 0.0 -6.304137295169188e+27 7.443335258864959e+28 0.0 -1.4170766746585896e+28 5.272789079930697e+28 0.0 -1.4374896512412455e+28 8.814526581434422e+28 0.0 -1.2558800862503205e+28 1.2183198628817588e+29 0.0 -9.127499056232329e+27 1.5484370428010214e+29 0.0 -3.6084071652039633e+27 1.8833583959940234e+29 0.0 6.016232754579017e+27 2.24655390922079e+29 0.0 2.6435401780640716e+28 2.7331512049681544e+29 0.0 7.642767809970203e+28 3.656302800527412e+29 0.0 1.3506407559415664e+29 4.336769558790254e+29 0.0 7.892316420306315e+28 3.946158210153412e+29 0.0 -9.800473568394399e+27 4.2152732743388e+28 0.0 -1.6635912682741145e+28 2.999387656010006e+28 0.0 -2.080422568536216e+28 5.277605088076861e+28 0.0 -2.3641052959247505e+28 7.3542465918391315e+28 0.0 -2.490671098889705e+28 9.412681069878901e+28 0.0 -2.3685883049015662e+28 1.1578775686823526e+29 0.0 -1.7543689615528382e+28 1.4064936279748592e+29 0.0 2.265289745559057e+26 1.7639435516748985e+29 0.0 4.3222940222898536e+28 2.405644057191383e+29 0.0 8.634439402772684e+28 2.730794379525797e+29 0.0 5.955128706274926e+28 2.9775643531376593e+29 0.0 -7.422043335742414e+27 1.990187574768314e+28 0.0 -1.0830782597473982e+28 1.501725056585552e+28 0.0 -1.560385004307398e+28 2.890898350580782e+28 0.0 -2.0070170124206103e+28 4.074444984270793e+28 0.0 -2.322093278061856e+28 5.227571032040729e+28 0.0 -2.377134047600545e+28 6.480643674824195e+28 0.0 -1.9154076750851556e+28 8.033826201992794e+28 0.0 -3.9100873939675274e+27 1.0413309064694035e+29 0.0 2.7547344244458202e+28 1.4107423244223817e+29 0.0 5.07000402081617e+28 1.5014529282025246e+29 0.0 4.1583673665836455e+28 2.0791836832919586e+29 0.0 -2.1233646038935146e+27 8.783741385316095e+27 0.0 -3.268686556636782e+27 6.319261499440003e+27 0.0 -7.491887371548236e+27 1.4685460483481415e+28 0.0 -1.090532006370191e+28 2.087537748200514e+28 0.0 -1.3313168900886436e+28 2.7189744689030098e+28 0.0 -1.3480734873475406e+28 3.4261619130358037e+28 0.0 -9.104933644397752e+27 4.356178217743388e+28 0.0 2.66282545918655e+27 5.736758420485063e+28 0.0 2.0094543784626153e+28 7.316803360439239e+28 0.0 2.845542751663804e+28 7.5169820238584e+28 0.0 2.7407795969999544e+28 1.370389798500034e+29 0.0 -3.663331073620846e+26 4.1509807786360036e+27 0.0 -5.896676354925409e+26 2.0809209598681042e+27 0.0 -1.601802676561861e+27 4.971367807214295e+27 0.0 -2.939395076189586e+27 9.115934626082821e+27 0.0 -3.5566577593265e+27 1.290256585202442e+28 0.0 -2.528441876614337e+27 1.6791909643395078e+28 0.0 1.0476388348834437e+27 2.1849617550514465e+28 0.0 7.293790440511409e+27 2.8324742272164085e+28 0.0 1.3645413514865533e+28 3.4444831066361106e+28 0.0 1.7870423151013764e+28 4.223142387839766e+28 0.0 1.7208091791635523e+28 8.604045895818056e+28 0.0 -5.289937199812267e+25 2.2810087158184803e+27 0.0 -9.27595439151524e+25 1.0243444479251136e+27 0.0 -1.592345995194261e+26 2.28962699692063e+27 0.0 -1.11581753320722e+26 3.9898706458185684e+27 0.0 3.710600186389613e+26 5.84882498353423e+27 0.0 1.6163991927664562e+27 8.050233781864241e+27 0.0 3.794561032774808e+27 1.0947504529960832e+28 0.0 6.761861772945668e+27 1.486034228326357e+28 0.0 9.870872776812582e+27 1.9952844031717765e+28 0.0 1.1240007574365198e+28 2.4921034254455502e+28 0.0 1.0616578279439916e+28 5.308289139720254e+28 0.0 1.8650283442144572e+25 1.3914108426824402e+27 0.0 2.6344271093114604e+25 5.953026941820982e+26 0.0 1.4009159677409015e+26 1.362507399062639e+27 0.0 4.565505298164933e+26 2.523766007723162e+27 0.0 1.1402426353800894e+27 3.947717421599153e+27 0.0 2.2904583336836946e+27 5.601249060590555e+27 0.0 3.853281388201702e+27 7.597599255908766e+27 0.0 5.569925469250613e+27 1.0036702250343116e+28 0.0 6.913056605028288e+27 1.2790922604113275e+28 0.0 7.113683331121228e+27 1.5311360444042263e+28 0.0 6.590115127095335e+27 3.295057563547828e+28 0.0 6.190379157471414e+25 9.340884523901477e+26 0.0 5.671169300681821e+25 3.897377063325301e+26 0.0 1.8553292446187362e+26 9.079421902574855e+26 0.0 4.9481351322374655e+26 1.7705986884306556e+27 0.0 1.0918156476975768e+27 2.926715339514995e+27 0.0 2.0130514450343064e+27 4.277628622392095e+27 0.0 3.1415511705614246e+27 5.750347999853792e+27 0.0 4.196033503127376e+27 7.274554235573226e+27 0.0 4.796051644133812e+27 8.709902891322552e+27 0.0 4.6041202620445926e+27 9.854074426655739e+27 0.0 4.1755816814397064e+27 2.0877908407199983e+28 0.0 8.04791750609112e+25 6.882216115536363e+26 0.0 6.228873657869222e+25 2.856196913416421e+26 0.0 1.7639284241745855e+26 6.684309298261666e+26 0.0 4.3179293760814334e+26 1.3324445631594336e+27 0.0 8.968786195360004e+26 2.258536192640041e+27 0.0 1.5783701813755725e+27 3.3350212985181976e+27 0.0 2.3620443234693112e+27 4.417872385923394e+27 0.0 3.020117676315502e+27 5.380111390144495e+27 0.0 3.29402744507862e+27 6.11438969743292e+27 0.0 3.0333722688631255e+27 6.583364673247544e+27 0.0 2.7294758592018026e+27 1.3647379296010374e+28 0.0 8.189354559476806e+25 5.466030739866479e+26 0.0 5.962350869034329e+25 2.2581147011534207e+26 0.0 1.5655538774807718e+26 5.2664666034012054e+26 0.0 3.607215694958027e+26 1.0542153403714428e+27 0.0 7.135638494430007e+26 1.799100506652758e+27 0.0 1.2060639738124846e+27 2.6530937434035907e+27 0.0 1.7417246771449948e+27 3.454141400267913e+27 0.0 2.1524139328082344e+27 4.065017807894182e+27 0.0 2.27226652193475e+27 4.418355650996328e+27 0.0 2.042306591452233e+27 4.562031221292036e+27 0.0 1.854113705339793e+27 9.27056852670002e+27 0.0 7.577749985973514e+25 4.555347895312894e+26 0.0 5.3901462347196115e+25 1.8611728061105157e+26 0.0 1.3531569942524855e+26 4.30663054467803e+26 0.0 2.9815649150163966e+26 8.593664609075144e+26 0.0 5.665581868839336e+26 1.4656589463707712e+27 0.0 9.240083177292093e+26 2.1505849471591134e+27 0.0 1.2919901761542325e+27 2.7557677442107024e+27 0.0 1.5496573104734418e+27 3.150162395429255e+27 0.0 1.5944493116079088e+27 3.296644354038449e+27 0.0 1.41449199961438e+27 3.2862469928394095e+27 0.0 1.3146434460398629e+27 6.573217230199992e+27 0.0 6.813039200667312e+25 3.9091000534794353e+26 0.0 4.763475199087256e+25 1.5735821483885632e+26 0.0 1.1589082113271293e+26 3.603904511023145e+26 0.0 2.469203622767365e+26 7.149277393074119e+26 0.0 4.5435345376697886e+26 1.2155807149031644e+27 0.0 7.189002688584659e+26 1.774461644399895e+27 0.0 9.768165929566939e+26 2.2452296727365194e+27 0.0 1.1408999892177132e+27 2.507912541316747e+27 0.0 1.1493723857004954e+27 2.5445602753977145e+27 0.0 1.0141857133807678e+27 2.464663354667476e+27 0.0 9.744961621812506e+26 4.872480810906707e+27 0.0 6.112776683855974e+25 3.419581836520505e+26 0.0 4.194169586213678e+25 1.3558427468709344e+26 0.0 9.94879067928111e+25 3.0708632044201834e+26 0.0 2.065057010294128e+26 6.050680363547134e+26 0.0 3.704892809033422e+26 1.024971008617144e+27 0.0 5.718968797236222e+26 1.4898303421332153e+27 0.0 7.58371827009708e+26 1.8677739326128828e+27 0.0 8.655968168171234e+26 2.0505829695706254e+27 0.0 8.570999780110254e+26 2.03118240087795e+27 0.0 7.561146162459092e+26 1.9234614902357277e+27 0.0 7.542446586967997e+26 3.771223293484476e+27 0.0 5.516126074297515e+25 3.033823619012031e+26 0.0 3.71247769299471e+25 1.186558347996865e+26 0.0 8.617305128005447e+25 2.6584241338903034e+26 0.0 1.7518244915846664e+26 5.202538500773976e+26 0.0 3.0816186630027032e+26 8.78074654727391e+26 0.0 4.6655401746072945e+26 1.2722052848782935e+27 0.0 6.0663982341663165e+26 1.5849885495926252e+27 0.0 6.793968104971767e+26 1.7191084839772233e+27 0.0 6.63598390077445e+26 1.6730258697266754e+27 0.0 5.870652874510925e+26 1.5576579055868496e+27 0.0 6.0735395190575165e+26 3.036769759529297e+27 0.0 5.014192724655323e+25 2.7224280243298894e+26 0.0 3.315078179366331e+25 1.0523871544671391e+26 0.0 7.553192485972731e+25 2.3344084351011578e+26 0.0 1.5100626499524687e+26 4.539598041607205e+26 0.0 2.616492419361374e+26 7.636651660947216e+26 0.0 3.903913724317712e+26 1.1039602668709231e+27 0.0 5.0007603577791274e+26 1.370022968554703e+27 0.0 5.518895489405103e+26 1.474088943955785e+27 0.0 5.335520786460502e+26 1.417007035307135e+27 0.0 4.740008992708321e+26 1.303342383184958e+27 0.0 5.062665934761712e+26 2.5313329673812484e+27 0.0 4.591532528222933e+25 2.4671655909071195e+26 0.0 2.989260538962084e+25 9.44441015315067e+25 0.0 6.704919565774372e+25 2.0764894876472494e+26 0.0 1.3227117758483643e+26 4.0153342033229804e+26 0.0 2.265883320270615e+26 6.7358817445116e+26 0.0 3.345270464007813e+26 9.723634759708856e+26 0.0 4.2395475284297976e+26 1.2041426991015576e+27 0.0 4.6294111718718736e+26 1.289292354666795e+27 0.0 4.443281818826564e+26 1.2293172629997503e+27 0.0 3.964678097354488e+26 1.1212890186121896e+27 0.0 4.344492247146768e+26 2.172246123573673e+27 0.0 4.234472815985373e+25 2.2556916207984383e+26 0.0 2.721704002007507e+25 8.5654384517804e+25 0.0 6.02590124714548e+25 1.868780305268927e+26 0.0 1.1762722772768241e+26 3.5961047644236354e+26 0.0 1.998054809627497e+26 6.01893840214728e+26 0.0 2.9283016838741845e+26 8.682097761948793e+26 0.0 3.684516648863975e+26 1.0742380624588949e+27 0.0 3.9946666501336623e+26 1.1471670250494025e+27 0.0 3.815750752028102e+26 1.0882738920884636e+27 0.0 3.4179652563303644e+26 9.871583257474198e+26 0.0 3.818286221484009e+26 1.9091431107422515e+27 0.0 3.931818594176293e+25 2.079102827361773e+26 0.0 2.5009307363344865e+25 7.842572154510718e+25 0.0 5.478350690015172e+25 1.6997620167525793e+26 0.0 1.0605574466456449e+26 3.257340813101163e+26 0.0 1.7904103384042903e+26 5.442226115820832e+26 0.0 2.611201023973604e+26 7.848200830358998e+26 0.0 3.270752828407912e+26 9.71069714493047e+26 0.0 3.5302798845624934e+26 1.035848803448274e+27 0.0 3.362247023489568e+26 9.798054347576692e+26 0.0 3.021062633481464e+26 8.856297155544728e+26 0.0 3.421557739375972e+26 1.710778869688135e+27 0.0 3.674440018102166e+25 1.9307004672884718e+26 0.0 2.317654169280959e+25 7.243036661194187e+25 0.0 5.032948705038236e+25 1.560942465425482e+26 0.0 9.680402567809133e+25 2.9809184100105194e+26 0.0 1.626975863168816e+26 4.973605027003266e+26 0.0 2.3654988409931165e+26 7.173178529808787e+26 0.0 2.955364583354268e+26 8.880604594644876e+26 0.0 3.181812740694294e+26 9.472062088228781e+26 0.0 3.0253242318069453e+26 8.946333667448524e+26 0.0 2.7245403942064486e+26 8.068857035363219e+26 0.0 3.1147265327945365e+26 1.5573632663976004e+27 0.0 3.454856916638142e+25 1.805302945551089e+26 0.0 2.164529267235184e+25 6.742107256469866e+25 0.0 4.6673464272505906e+25 1.4459668755517698e+26 0.0 8.931975329056405e+25 2.753327745829572e+26 0.0 1.4964446813008878e+26 4.589195134295339e+26 0.0 2.171699542349916e+26 6.621133360895613e+26 0.0 2.709820326756515e+26 8.204725288158974e+26 0.0 2.9139025857618286e+26 8.755751471277485e+26 0.0 2.7682907424266946e+26 8.265223371872928e+26 0.0 2.4970054440524737e+26 7.445024818842474e+26 0.0 2.8721325658437582e+26 1.4360662829222554e+27 0.0 3.2669193202558238e+25 1.6988283288730667e+26 0.0 2.0357870459002125e+25 6.320815768533501e+25 0.0 4.364590933599379e+25 1.3500163584525375e+26 0.0 8.319721961955896e+25 2.5643917002824835e+26 0.0 1.3907611250188987e+26 4.271094377641599e+26 0.0 2.0163165192735076e+26 6.165387520228979e+26 0.0 2.5149177695851166e+26 7.648489019687875e+26 0.0 2.703298243322152e+26 8.169406526002332e+26 0.0 2.567401410636403e+26 7.711932127980592e+26 0.0 2.3181872111553167e+26 6.941784642151323e+26 0.0 2.6767162356413166e+26 1.338358117820941e+27 0.0 3.1055595775366867e+25 1.6080205609388817e+26 0.0 1.9268957222459615e+25 5.964412789401084e+25 0.0 4.111797316173476e+25 1.2693929690386565e+26 0.0 7.813665628644747e+25 2.4063631604402445e+26 0.0 1.3041282957837382e+26 4.005752535130395e+26 0.0 1.889895499621129e+26 5.785908621801333e+26 0.0 2.357534965533936e+26 7.186330341588381e+26 0.0 2.5344620502379405e+26 7.684051613800312e+26 0.0 2.407020981576491e+26 7.25644131014958e+26 0.0 2.1747298413010585e+26 6.529614952654562e+26 0.0 2.5168351471683484e+26 1.2584175735844535e+27 0.0 2.9665943794731707e+25 1.530258721401866e+26 0.0 1.8342820806276013e+25 5.661300629246213e+25 0.0 3.899115866122413e+25 1.201228137454984e+26 0.0 7.391461184977367e+25 2.2732841025156377e+26 0.0 1.232323674931766e+26 3.782810667708862e+26 0.0 1.7857068308457415e+26 5.467490937257703e+26 0.0 2.2285450968004154e+26 6.79908555561266e+26 0.0 2.3968093729309726e+26 7.278399647313086e+26 0.0 2.2766401939407845e+26 6.877223869056864e+26 0.0 2.057629750966222e+26 6.187745404967021e+26 0.0 2.384332839099646e+26 1.1921664195498918e+27 0.0 -6.689392624081114e+23 1.0263995138852166e+26 0.0 -4.564461215751981e+23 4.817234531642017e+25 0.0 -9.195768416820236e+23 1.0193091978539409e+26 0.0 -1.6548003480701794e+24 1.925984089451836e+26 0.0 -2.5860063412372056e+24 3.203526253258746e+26 0.0 -3.3941132038505686e+24 4.632171852580718e+26 0.0 -3.592158776760255e+24 5.7650377324723676e+26 0.0 -2.9205036283942547e+24 6.1755490468301956e+26 0.0 -1.7137742217495692e+24 5.8354989569307314e+26 0.0 -6.401902503952059e+23 5.247648279401494e+26 0.0 0.0 1.591343740964285e+27 0.0 -2.8903128655861144e+25 1.4106898697439827e+26 0.0 -1.7760591851864715e+25 5.209600355443166e+25 0.0 -3.7463860963856498e+25 1.0997869731874419e+26 0.0 -7.064359174910271e+25 2.0754305202590505e+26 0.0 -1.173527484792494e+26 3.451228672903645e+26 0.0 -1.6950438112758143e+26 4.9928498093013365e+26 0.0 -2.1062807926370767e+26 6.219337676491567e+26 0.0 -2.2501416417509587e+26 6.66719589745005e+26 0.0 -2.117500429899533e+26 6.301309118246981e+26 0.0 -1.894921766049249e+26 5.6641097303812125e+26 0.0 -2.1795680329000204e+26 1.0897840164502476e+27 0.0 -2.7797024820085407e+25 1.3601281476607173e+26 0.0 -1.7056731650468365e+25 5.014128371781075e+25 0.0 -3.59204979461063e+25 1.0565243702150592e+26 0.0 -6.768386485549265e+25 1.9918753918054643e+26 0.0 -1.1245727969631168e+26 3.312151403312617e+26 0.0 -1.625902748748815e+26 4.795010175778528e+26 0.0 -2.023341095243234e+26 5.979726206073237e+26 0.0 -2.1649262352523937e+26 6.417852528523475e+26 0.0 -2.039702554887045e+26 6.0704233564914706e+26 0.0 -1.8260895750357604e+26 5.457775326575324e+26 0.0 -2.099748297518042e+26 1.0498741487592438e+27 0.0 -2.6839989171030766e+25 1.3162709850812298e+26 0.0 -1.644871061330721e+25 4.8451539319340985e+25 0.0 -3.458896607170945e+25 1.0192343284517394e+26 0.0 -6.513134333213904e+25 1.9199840190556314e+26 0.0 -1.0823292981826927e+26 3.192575457153454e+26 0.0 -1.566162177742004e+26 4.624907897122548e+26 0.0 -1.9515665259923537e+26 5.773651488382286e+26 0.0 -2.0911136067464433e+26 6.2034253405923e+26 0.0 -1.9723771426182304e+26 5.8720522778277634e+26 0.0 -1.766759542178281e+26 5.2808019811602285e+26 0.0 -2.0314009060987667e+26 1.0157004530497415e+27 0.0 -2.6009469764232557e+25 1.2781297012607639e+26 0.0 -1.5921893635962528e+25 4.69863787577486e+25 0.0 -3.3436758141499164e+25 9.869831086005723e+25 0.0 -6.2923700122524455e+25 1.857905001215463e+26 0.0 -1.045781194775772e+26 3.0893856994650308e+26 0.0 -1.514424759003403e+26 4.478108932653277e+26 0.0 -1.889329898148954e+26 5.595752823837273e+26 0.0 -2.0270586487136162e+26 6.0183063629333914e+26 0.0 -1.9139868846066463e+26 5.7009018341989804e+26 0.0 -1.7154524967834188e+26 5.128309820819523e+26 0.0 -1.9725842710469973e+26 9.862921355235653e+26 0.0 -2.52868466243318e+25 1.2448830148581204e+26 0.0 -1.5464209468370779e+25 4.571254912107829e+25 0.0 -3.243704317445693e+25 9.590069707256967e+25 0.0 -6.1009344804789395e+25 1.804129945385243e+26 0.0 -1.0140831378143364e+26 3.0000486164018586e+26 0.0 -1.4695188797060684e+26 4.3510091415637804e+26 0.0 -1.8352564740280913e+26 5.4416771576703684e+26 0.0 -1.9713667797456582e+26 5.857955760976913e+26 0.0 -1.8632392306985732e+26 5.552713123680096e+26 0.0 -1.6709557717346807e+26 4.996405956884674e+26 0.0 -1.921760160780304e+26 9.608800803905535e+26 0.0 -2.4656667125463358e+25 1.215845662070949e+26 0.0 -1.5065652004274737e+25 4.460252282864353e+25 0.0 -3.156757632647684e+25 9.346772786476964e+25 0.0 -5.934543119727218e+25 1.757421790367992e+26 0.0 -9.865303791069794e+25 2.922489738941218e+26 0.0 -1.430462578510014e+26 4.2406589611195395e+26 0.0 -1.7881876577320074e+26 5.3078639756082676e+26 0.0 -1.9228598448628415e+26 5.7186681360224226e+26 0.0 -1.8190486882899383e+26 5.424026194169498e+26 0.0 -1.6322697356643847e+26 4.881948142960658e+26 0.0 -1.8776937646900144e+26 9.388468823455097e+26 0.0 -2.4106045173336957e+25 1.1904434461374814e+26 0.0 -1.471788707317237e+25 4.363339035140228e+25 0.0 -3.0809840118200594e+25 9.134736787894026e+25 0.0 -5.789625564301616e+25 1.716759837096835e+26 0.0 -9.625340877612797e+25 2.8549999069128485e+26 0.0 -1.3964321058195944e+26 4.144628920614784e+26 0.0 -1.7471474957506192e+26 5.191381246846078e+26 0.0 -1.880543598744793e+26 5.5973964112615716e+26 0.0 -1.780503141269474e+26 5.3120054824221163e+26 0.0 -1.5985659487554976e+26 4.7823739000138675e+26 0.0 -1.8393824982894808e+26 9.196912491452107e+26 0.0 -2.3624184243766094e+25 1.1681933174060527e+26 0.0 -1.4413943599273192e+25 4.278599710606494e+25 0.0 -3.014835772696931e+25 8.949631374880686e+25 0.0 -5.6631964175718505e+25 1.6812971428513103e+26 0.0 -9.416009620259701e+25 2.796162656817243e+26 0.0 -1.3667352633144183e+26 4.060905934519583e+26 0.0 -1.711313262131815e+26 5.089799381062522e+26 0.0 -1.8435786543380975e+26 5.4916177914042835e+26 0.0 -1.7468349145455368e+26 5.214309057134323e+26 0.0 -1.5691543271372374e+26 4.695574858900589e+26 0.0 -1.8060043143581306e+26 9.030021571795006e+26 0.0 -2.3202003485378364e+25 1.1486874604983925e+26 0.0 -1.414796680994825e+25 4.204425627332108e+25 0.0 -2.9570144848052695e+25 8.78783530853557e+25 0.0 -5.552750930263111e+25 1.6503272938960808e+26 0.0 -9.233165616079285e+25 2.7447978146189587e+26 0.0 -1.3407891449279484e+26 3.9878128023787044e+26 0.0 -1.679990353341729e+26 5.001093692107282e+26 0.0 -1.811255425054826e+26 5.3992307655582676e+26 0.0 -1.7173964801773016e+26 5.128989489639801e+26 0.0 -1.5434572873961e+26 4.619802905596658e+26 0.0 -1.7768795159861722e+26 8.884397579933694e+26 0.0 -2.2831836372466354e+25 1.1315804017754176e+26 0.0 -1.3915021849385028e+25 4.139460559642723e+25 0.0 -2.9064270362518173e+25 8.646307190915096e+25 0.0 -5.456180834247177e+25 1.623258354112169e+26 0.0 -9.07331713193052e+25 2.6999173553589925e+26 0.0 -1.3181017268155879e+26 3.923945307122974e+26 0.0 -1.6525912219679084e+26 4.923568382461719e+26 0.0 -1.7829729972077496e+26 5.318475372098369e+26 0.0 -1.6916403225767458e+26 5.054417827196047e+26 0.0 -1.5209893045690405e+26 4.5535990802689525e+26 0.0 -1.7514420944677623e+26 8.757210472341454e+26 0.0 -2.250718691449305e+25 1.1165786491517465e+26 0.0 -1.371093514228256e+25 4.082557174915454e+25 0.0 -2.8621502346089685e+25 8.522482897204575e+25 0.0 -5.371706286024092e+25 1.5995922993263115e+26 0.0 -8.933514385286012e+25 2.6606906429298044e+26 0.0 -1.2982567254887212e+26 3.8681227478918304e+26 0.0 -1.62861787764697e+26 4.8557968850429674e+26 0.0 -1.7582215114635255e+26 5.247870886477543e+26 0.0 -1.6691023761939748e+26 4.989224680714208e+26 0.0 -1.5013406784956204e+26 4.49573902514497e+26 0.0 -1.7292179077645485e+26 8.646089538828516e+26 0.0 -2.2222536068671784e+25 1.1034322939049466e+26 0.0 -1.3532167067741429e+25 4.03274212673026e+25 0.0 -2.8234022501371665e+25 8.414193815190758e+25 0.0 -5.297820761067427e+25 1.578908690028174e+26 0.0 -8.811259405006566e+25 2.6264168932370137e+26 0.0 -1.280901181748477e+26 3.819348797438734e+26 0.0 -1.6076474361446938e+26 4.796574729638318e+26 0.0 -1.7365675749699555e+26 5.1861667556314056e+26 0.0 -1.6493884521601567e+26 4.932254140221295e+26 0.0 -1.4841645819543694e+26 4.445190649895203e+26 0.0 -1.709807854620966e+26 8.549039273110544e+26 0.0 -2.1973184350459244e+25 1.091928177953631e+26 0.0 -1.3375708945265401e+25 3.98918791289567e+25 0.0 -2.7895194992794497e+25 8.319601335270403e+25 0.0 -5.2332463464131805e+25 1.5608516391589746e+26 0.0 -8.704432610880752e+25 2.5965032375226498e+26 0.0 -1.2657352937081902e+26 3.7767803493942627e+26 0.0 -1.5893202256359894e+26 4.744882074755929e+26 0.0 -1.717642249943711e+26 5.132303734269388e+26 0.0 -1.6321631404660683e+26 4.8825274328318054e+26 0.0 -1.4691666794308023e+26 4.401080943735141e+26 0.0 -1.692874754420565e+26 8.464373772109358e+26 0.0 -2.1755124542259537e+25 1.0818843224001551e+26 0.0 -1.3238999427005668e+25 3.95119009443095e+25 0.0 -2.7599378761363183e+25 8.237144120223375e+25 0.0 -5.1768973925361295e+25 1.5451193587864624e+26 0.0 -8.611232949223047e+25 2.570447157099333e+26 0.0 -1.2525040933767872e+26 3.739702590934901e+26 0.0 -1.573330009959801e+26 4.699853745618781e+26 0.0 -1.7011311538558158e+26 5.08538282291415e+26 0.0 -1.6171407218600555e+26 4.839214006250217e+26 0.0 -1.4560967702124687e+26 4.362669731577264e+26 0.0 -1.6781330171172293e+26 8.390665085588835e+26 0.0 -2.1564935847135836e+25 1.0731453558895447e+26 0.0 -1.3119856311635155e+25 3.918148817948447e+25 0.0 -2.7341774690841767e+25 8.165495496226263e+25 0.0 -5.1278509001778346e+25 1.5314557389140028e+26 0.0 -8.530129020778093e+25 2.547822354460976e+26 0.0 -1.2409906305914613e+26 3.7075089633160295e+26 0.0 -1.559415958311616e+26 4.6607551604611886e+26 0.0 -1.6867663284489405e+26 5.0446403723911684e+26 0.0 -1.6040777330472878e+26 4.8016084103226197e+26 0.0 -1.4447420319295655e+26 4.3293287598758714e+26 0.0 -1.665340441553823e+26 8.326702207774609e+26 0.0 -2.139970026394905e+25 1.0655788152198345e+26 0.0 -1.3016420832107614e+25 3.8895536711163925e+25 0.0 -2.7118300948093506e+25 8.103528871617524e+25 0.0 -5.0853223575203585e+25 1.5196435382498392e+26 0.0 -8.459819139376598e+25 2.5282673457467798e+26 0.0 -1.2310103887727013e+26 3.679684988545197e+26 0.0 -1.5473560502576108e+26 4.626962905322851e+26 0.0 -1.6743195568569054e+26 5.009428010189835e+26 0.0 -1.592766876960497e+26 4.769111697147386e+26 0.0 -1.4349215408950514e+26 4.3005249285345936e+26 0.0 -1.654291659458853e+26 8.271458297297426e+26 0.0 -2.1256933583269852e+25 1.0590720594541827e+26 0.0 -1.292711262779381e+25 3.8649714634588856e+25 0.0 -2.6925491377159955e+25 8.050289697526924e+25 0.0 -5.048646009603692e+25 1.509498867956185e+26 0.0 -8.399198666825254e+25 2.511476226587438e+26 0.0 -1.222406708318835e+26 3.655795178347395e+26 0.0 -1.5369616585527882e+26 4.5979490068610846e+26 0.0 -1.663596869682823e+26 4.9791963945395664e+26 0.0 -1.5830320321873337e+26 4.741216399309738e+26 0.0 -1.426481816946654e+26 4.275806784471695e+26 0.0 -1.644812867901615e+26 8.224064339514811e+26 0.0 -2.113452698562284e+25 1.0535297594033104e+26 0.0 -1.2850592311344381e+25 3.8440361625087777e+25 0.0 -2.676041219801968e+25 8.004972630440007e+25 0.0 -5.017258723686552e+25 1.500866714425513e+26 0.0 -8.347333291475375e+25 2.497191186097624e+26 0.0 -1.215047037317709e+26 3.635472423235264e+26 0.0 -1.5280731045214756e+26 4.573268184681238e+26 0.0 -1.6544340341256775e+26 4.9534820481204714e+26 0.0 -1.5747241641777216e+26 4.717494369517408e+26 0.0 -1.4192931969001804e+26 4.254793611240343e+26 0.0 -1.636757583214729e+26 8.183787916082373e+26 0.0 -2.103070074045147e+25 1.0488718469366618e+26 0.0 -1.2785731064115127e+25 3.8264407071298855e+25 0.0 -2.6620594025728027e+25 7.966902977571491e+25 0.0 -4.990686816321488e+25 1.4936173083992193e+26 0.0 -8.303437197028787e+25 2.485196440953867e+26 0.0 -1.2088198644754717e+26 3.618409394403128e+26 0.0 -1.5205560170662959e+26 4.552547518426356e+26 0.0 -1.6466928576229195e+26 4.931896688203439e+26 0.0 -1.5677179809468293e+26 4.6975869344367144e+26 0.0 -1.4132468843730078e+26 4.2371666103319076e+26 0.0 -1.630003215079643e+26 8.150016075402867e+26 0.0 -2.094396620737134e+25 1.0450318413631933e+26 0.0 -1.273158588095691e+25 3.811930366370075e+25 0.0 -2.650397653696132e+25 7.935521676781587e+25 0.0 -4.968535330409002e+25 1.4876431900160538e+26 0.0 -8.26685528047215e+25 2.47531333487785e+26 0.0 -1.2036322182257232e+26 3.604351596934925e+26 0.0 -1.5142983610633542e+26 4.535478097690836e+26 0.0 -1.6402581704052773e+26 4.9141186037218816e+26 0.0 -1.561909207977275e+26 4.6811969430756565e+26 0.0 -1.408252557409043e+26 4.222661789716191e+26 0.0 -1.6244483080740115e+26 8.122241540372266e+26 0.0 -2.0873094867697476e+25 1.0419554965710639e+26 0.0 -1.2687379483936719e+25 3.8002973872360227e+25 0.0 -2.6408863676173776e+25 7.910373227557804e+25 0.0 -4.950479361806732e+25 1.4828568546028429e+26 0.0 -8.237048768948185e+25 2.467396411048646e+26 0.0 -1.1994076422557547e+26 3.593091801360496e+26 0.0 -1.5092080279596143e+26 4.521808320336028e+26 0.0 -1.6350353791816488e+26 4.8998857338493457e+26 0.0 -1.5572123834314752e+26 4.668082388076357e+26 0.0 -1.4042364416590804e+26 4.2110642658584056e+26 0.0 -1.620010334507426e+26 8.100051672540087e+26 0.0 -2.0817093434056465e+25 1.0395997229275992e+26 0.0 -1.2652484188770075e+25 3.791376736859323e+25 0.0 -2.633388772609486e+25 7.891096109156262e+25 0.0 -4.936257104622783e+25 1.47918888527169e+26 0.0 -8.213583680800752e+25 2.4613302965851607e+26 0.0 -1.1960845705948263e+26 3.584465626110369e+26 0.0 -1.5052109034881536e+26 4.511338581074888e+26 0.0 -1.6309485063811752e+26 4.888990181690495e+26 0.0 -1.5535590955466308e+26 4.658051352365797e+26 0.0 -1.4011397775997338e+26 4.202203754904863e+26 0.0 -1.6166239500738785e+26 8.083119750373518e+26 0.0 -2.0775184165727456e+25 1.037931747780241e+26 0.0 -1.2626409166588794e+25 3.7850427918199916e+25 0.0 -2.627798098909758e+25 7.877415344807031e+25 0.0 -4.925664374579563e+25 1.4765865055047072e+26 0.0 -8.196121740794968e+25 2.4570272889585225e+26 0.0 -1.1936150480620045e+26 3.5783481148588736e+26 0.0 -1.5022493460392336e+26 4.503917153739741e+26 0.0 -1.6279386486742436e+26 4.881273961656359e+26 0.0 -1.550896601524768e+26 4.650958093153448e+26 0.0 -1.3989176268512567e+26 4.195951082978049e+26 0.0 -1.6142396454772883e+26 8.071198227388936e+26 0.0 -2.074678974243135e+25 1.0369284873022778e+26 0.0 -1.2608790665588965e+25 3.781206861024488e+25 0.0 -2.6240354094487646e+25 7.869136947948716e+25 0.0 -4.918550418762586e+25 1.475012499268757e+26 0.0 -8.18441343329334e+25 2.454425556209725e+26 0.0 -1.1919637521743075e+26 3.5746511841419155e+26 0.0 -1.5002810242390164e+26 4.499437118452714e+26 0.0 -1.62596280300731e+26 4.876625826668368e+26 0.0 -1.549186781908739e+26 4.646700123370178e+26 0.0 -1.3975379761176958e+26 4.1922155885771374e+26 0.0 -1.6128227442171283e+26 8.064113721090552e+26 0.0 -1.0241539375510183e+22 1.4512065529323284e+26 0.0 -1.4404388455839753e+25 4.319890925995584e+25 0.0 -2.997683221853631e+25 8.99009030517367e+25 0.0 -5.618898302719743e+25 1.6851187233851354e+26 0.0 -9.349818529639067e+25 2.8040501152454318e+26 0.0 -1.3617068584554823e+26 4.0838846773164276e+26 0.0 -1.713961104886339e+26 5.140482062561211e+26 0.0 -1.8575843115815904e+26 5.5714945286582944e+26 0.0 -1.7699123885580224e+26 5.3088797451858024e+26 0.0 -1.59669164744817e+26 4.789677876604053e+26 0.0 -2.8216172436720942e+26 8.464851731027519e+26 0.0
    </DataArray>
    <DataArray type="Float32" Name="Ion soret flux Density [Am^-2]" NumberOfComponents="3" format="ascii">
798852560.2535397 -25107731251.01916 0.0 -2242396603.5482416 -13029641098.619556 0.0 -1327188434.8036604 -16463702982.924185 0.0 125915541.66117227 -18351437752.517017 0.0 1706984271.4961426 -19214678323.18037 0.0 3245447978.74303 -19401261293.2327 0.0 4737854207.331897 -18860778800.764183 0.0 6310590403.160882 -16767115099.722813 0.0 8313540432.244247 -9933579950.928799 0.0 9391056766.164568 4688951997.169748 0.0 4126023001.5089684 6703024235.346537 0.0 -2465863522.039602 -14919707812.24494 0.0 -1499337370.246153 -9410092856.327026 0.0 -697068580.0811905 -11920131810.832808 0.0 561105486.9502205 -13314898369.070621 0.0 1971814052.2512946 -13910145648.174809 0.0 3388813535.876508 -13921380705.386795 0.0 4781786394.155719 -13294146128.978455 0.0 6205418328.871477 -11399228925.175095 0.0 7799626874.70788 -5911197961.39826 0.0 8130754625.156933 4785994973.757072 0.0 3172952218.25967 5919522098.132927 0.0 -1145692131.3556275 -8902477280.11055 0.0 57557298.680233546 -5553905594.230162 0.0 1554131189.048855 -7209386572.707624 0.0 3556216096.6816998 -8196330125.899603 0.0 5769321105.396004 -8577292016.347388 0.0 8004048525.462609 -8405262950.803725 0.0 10132531355.149426 -7609161736.303714 0.0 11988144663.288723 -5764276170.94286 0.0 13014556139.345585 -1511707181.294451 0.0 10567979264.627285 4993133171.653428 0.0 4128803914.835009 5115480844.902886 0.0 -362081221.5542281 -3943412882.175367 0.0 367390879.6744853 -2551791113.9425955 0.0 1519463617.9283319 -3574157936.411161 0.0 3175354621.0436287 -4258704370.035736 0.0 5155441165.667816 -4534981739.932453 0.0 7273257087.170631 -4350755899.162745 0.0 9326337332.67221 -3627618029.900297 0.0 10996600039.068192 -2136765163.910563 0.0 11437200075.213404 632248930.2235408 0.0 8487199241.900879 3697086347.0104275 0.0 3921303842.457278 3808960965.742615 0.0 -80099200.83964375 -1379678288.0782924 0.0 214839162.97572595 -957762326.253058 0.0 822168626.8992485 -1527098179.1919136 0.0 1800532321.2671034 -1947209929.6894538 0.0 3085884876.2798643 -2132239388.0113916 0.0 4549654468.069043 -2002746823.7921152 0.0 5993455916.385459 -1489888228.4940937 0.0 7075595733.182682 -504905065.53141266 0.0 7068702860.600246 977262196.3610185 0.0 5051249304.957061 2128435768.8921661 0.0 3070077196.824456 2542084034.6357336 0.0 -11843050.32088818 -376236109.5018258 0.0 68726423.5915133 -262630605.8399163 0.0 333037104.4928997 -573337286.5802159 0.0 778975504.3779049 -779761061.9309192 0.0 1423179897.2641647 -881896477.3805946 0.0 2199848578.1967044 -812724326.1516215 0.0 2961677254.334587 -523754399.6777006 0.0 3450489956.702347 -6062133.809229326 0.0 3286219994.543814 621627667.2443024 0.0 2475110158.336462 1031141720.7064214 0.0 2126356784.0481236 1581845006.90736 0.0 -979634.3662808953 -137584081.39662313 0.0 19073060.612846207 -66729973.6750131 0.0 88536172.73372777 -150269526.0851569 0.0 259437384.2211312 -254014797.6914402 0.0 519946406.9516435 -303984966.7138752 0.0 826060857.4133158 -273112793.9609998 0.0 1119651303.6844666 -148592866.59226832 0.0 1297641258.9718957 57653466.44369747 0.0 1278980612.9041264 284832127.8436372 0.0 1313667337.0559158 545967270.7324792 0.0 1379252363.0598612 956734910.1588475 0.0 900439.8643843327 -63511907.731259555 0.0 8133727.673389294 -26135100.126187373 0.0 32443662.080664862 -52771096.72120955 0.0 85858883.44968474 -81603811.78491129 0.0 170243897.07014495 -96193430.2586851 0.0 278086361.8700241 -85470377.86915335 0.0 397813226.0776438 -41070594.43351359 0.0 517571030.8599773 39703000.08816036 0.0 637095074.3090832 156901431.11085066 0.0 748598426.553907 310964153.6775588 0.0 877419147.0233212 577477115.7818477 0.0 1071718.8432826642 -31000868.933964543 0.0 4013350.3443610948 -11749972.730094567 0.0 15312859.329645805 -23716472.732048348 0.0 40948038.99407261 -37390247.65158312 0.0 84027242.10767892 -45078690.14246799 0.0 142854522.643015 -39356112.48786018 0.0 213230723.6190652 -15286560.187232096 0.0 291015889.18869334 30020027.138403177 0.0 373052706.73129404 98139974.64383827 0.0 452658534.06499344 187955115.1716884 0.0 563372018.3018571 356510543.33558434 0.0 892284.5853475954 -16395231.990706196 0.0 2235113.8040610906 -5956355.595840066 0.0 8321811.149931698 -12135018.063914184 0.0 22741041.972923625 -19673211.60662341 0.0 48729382.80930461 -24459387.533148732 0.0 86663519.58566822 -21327536.50725623 0.0 133996999.47704059 -6156896.225068616 0.0 186624966.4861787 23017710.751858447 0.0 240213188.00260594 65901659.81583413 0.0 290976798.88961935 120558035.53286746 0.0 369941303.27012247 227065041.58394867 0.0 725538.1778597037 -9827007.80115882 0.0 1432308.73430439 -3487625.179642838 0.0 5161243.329160442 -7056771.89718825 0.0 14114859.537384018 -11497692.536284577 0.0 30839867.9151108 -14399925.008269297 0.0 56230475.13519011 -12305879.600605892 0.0 88790545.12651673 -2182744.6973567517 0.0 125225686.75499558 17326240.111881316 0.0 161567641.16685218 45534777.85834373 0.0 194995370.59233424 80528897.17292358 0.0 249547487.58817616 149520586.39844117 0.0 608912.0351774654 -6565319.465419987 0.0 1015634.0611425223 -2274109.071129373 0.0 3518949.518755069 -4514073.935898701 0.0 9489755.85609988 -7274550.161122282 0.0 20772413.57971095 -9026436.53068495 0.0 38219458.12294835 -7456155.100604535 0.0 60943065.40840274 -441639.23406755726 0.0 86534315.72417724 12952480.318379115 0.0 111911199.36005764 32117057.91378088 0.0 134854602.54087386 55512410.09712131 0.0 172972460.4603614 101720817.68999691 0.0 519509.02700931206 -4678016.650642722 0.0 759927.4234529556 -1576401.4944173316 0.0 2534145.7704619537 -3060125.8782219607 0.0 6706597.829383674 -4850517.046591503 0.0 14594496.85465869 -5923463.821300633 0.0 26887690.254669476 -4700984.053764354 0.0 43040209.44404762 296382.5610850074 0.0 61331686.99255781 9721881.889309611 0.0 79482878.83930293 23117197.998360053 0.0 95781104.8850104 39333491.96365607 0.0 123032581.09667034 71356185.02093808 0.0 444227.31845142087 -3454073.6569608035 0.0 585297.9448397682 -1133526.6000457383 0.0 1886409.6505155445 -2154320.530782904 0.0 4899215.08950382 -3356775.914028757 0.0 10572927.953716293 -4027994.6772640115 0.0 19441529.587148774 -3064915.8476804467 0.0 31157786.79224632 579661.030492783 0.0 44489427.366475314 7372950.440047694 0.0 57762603.88132112 16985493.527969416 0.0 69670479.18113588 28578342.67910242 0.0 89628370.79239498 51485476.29517887 0.0 379230.5513553381 -2610336.2497777347 0.0 459491.0324872227 -837010.3691496466 0.0 1437797.0614838696 -1560835.5857829433 0.0 3669908.2151612295 -2393185.856222458 0.0 7851100.413304043 -2822392.122656146 0.0 14391419.625483757 -2057716.3566269132 0.0 23063570.942982048 657939.4679457451 0.0 32973267.72122462 5667443.040791482 0.0 42880280.05676229 12735360.790451538 0.0 51787314.49519354 21247882.52958894 0.0 66732947.405764714 38106265.08517404 0.0 323339.7647025987 -2008951.3694873385 0.0 366101.7701698646 -631684.7571512351 0.0 1116743.7978263395 -1158315.0895396164 0.0 2806585.306941392 -1750100.0116996302 0.0 5954290.378249873 -2030152.7854848711 0.0 10876405.781001374 -1417850.5112755287 0.0 17420290.420376156 646412.8818865699 0.0 24925888.144504678 4420293.816760494 0.0 32460780.7998511 9733785.728307217 0.0 39258730.25089492 16132369.763708496 0.0 50675046.24880992 28853098.271835 0.0 275667.6973830898 -1570518.9840905808 0.0 295313.8590653985 -485789.7006410652 0.0 881261.9011037374 -877684.0651359566 0.0 2184715.496107789 -1308599.2828261035 0.0 4599673.860472625 -1494570.6903541184 0.0 8373051.125505059 -999708.5998230176 0.0 13399928.669612503 598427.3990996946 0.0 19184372.06264688 3497531.061830941 0.0 25014044.461622402 7572713.3323140815 0.0 30294170.129267264 12481944.581696128 0.0 39168566.03497659 22292347.59473739 0.0 235242.83983511882 -1245033.6593082028 0.0 240757.8619203466 -379848.1920075855 0.0 705016.4241223542 -677366.2122096777 0.0 1727027.3822581382 -997921.3708133373 0.0 3611257.954589825 -1123238.3422879681 0.0 6552634.289562998 -719448.4876392938 0.0 10477491.0204419 538552.1776860417 0.0 15006686.025664216 2805200.239713165 0.0 19587378.390578147 5986950.005907322 0.0 23752442.602151524 9821960.69854249 0.0 30758282.96682415 17533147.157236572 0.0 201069.48365579086 -999552.3796527532 0.0 198115.27551244115 -301445.9909103472 0.0 570795.492097453 -531384.0155200039 0.0 1383774.1619594675 -774464.3610657068 0.0 2876062.6170648285 -859898.7023128159 0.0 5203419.434272051 -527315.3684991521 0.0 8313109.372079347 477848.2200258288 0.0 11910538.346046986 2278119.094269994 0.0 15560283.350467278 4802044.441993662 0.0 18891044.240608864 7845782.27925876 0.0 24497830.9315485 14008230.81050944 0.0 172207.94885570917 -811761.4919332208 0.0 164370.46403410434 -242436.98776621654 0.0 467004.57619889244 -423017.9063632326 0.0 1121998.4788686603 -610566.4394336636 0.0 2319671.2826384213 -669321.3119873491 0.0 4185925.84264846 -392938.64712405583 0.0 6682337.750310484 421002.6914685101 0.0 9576585.630022343 1871023.1279720112 0.0 12521080.460270673 3901512.2068956355 0.0 15217250.777553665 6351272.241658365 0.0 19759006.05330127 11347798.965213967 0.0 147817.32500563675 -666228.0411112501 0.0 137369.82212843213 -197344.93013330767 0.0 385640.98783532355 -341230.8836296957 0.0 919335.4097595592 -488221.7099063652 0.0 1891950.1822551945 -528868.6021109001 0.0 3406345.571588953 -297285.5725157239 0.0 5434073.152816518 369703.56356950884 0.0 7789448.162936616 1552243.6245382344 0.0 10191606.100052297 3206287.1200687853 0.0 12397840.001696475 5202515.000898766 0.0 16116595.78386806 9305332.708492678 0.0 127169.39761960988 -552090.2062598233 0.0 115547.2936732341 -162410.57586279121 0.0 321067.1160195137 -278573.0694486796 0.0 760288.2715483251 -395436.5259039431 0.0 1558433.0338034295 -423648.6721299849 0.0 2800357.720679319 -228134.92213883012 0.0 4464694.807963623 324253.5179198707 0.0 6401238.323510394 1299381.258275739 0.0 8380551.367600671 2661787.0108245155 0.0 10203360.860586667 4306364.139933152 0.0 13277445.083340649 7713002.093389318 0.0 109646.36271800412 -461585.2912371059 0.0 97746.65247639029 -135005.16864500492 0.0 269240.5461592241 -229914.80207609467 0.0 633918.8236232474 -324053.9082176402 0.0 1294983.6430714477 -343652.312449365 0.0 2323058.7216068693 -177462.30454603187 0.0 3701888.3042231277 284346.90091987775 0.0 5308653.602590591 1096393.3952135507 0.0 6954091.143016871 2229697.121311801 0.0 8473099.734606836 3597817.7716320143 0.0 11035922.140200071 6454280.283165865 0.0 94730.75582956307 -389088.03611088265 0.0 83102.91237571053 -113259.65909985377 0.0 227216.86490946377 -191659.94794063256 0.0 532376.4965653587 -268420.2271861469 0.0 1084411.5464272378 -282018.72712434165 0.0 1942570.7036966437 -139890.7568671153 0.0 3094347.722765527 249443.06243208135 0.0 4438351.9138714755 931638.6254841781 0.0 5817092.9062611675 1882684.5997978623 0.0 7092658.646847016 3030731.321808738 0.0 9245434.582616828 5446767.913876737 0.0 81992.47662263666 -330469.70924728917 0.0 70961.2840954252 -95824.89133033469 0.0 192820.8362287618 -161245.80773254432 0.0 449940.40274264594 -224548.6051288598 0.0 914280.7952181427 -233960.02047248444 0.0 1635906.9167872577 -111750.16163120321 0.0 2605104.6263674395 218942.75589712177 0.0 3737458.644815164 796557.9199650742 0.0 4900895.794041057 1600949.2805349692 0.0 5979366.455375092 2571817.718671267 0.0 7799884.124974315 4631200.988873234 0.0 106340.22600816985 -229766.6748625549 0.0 88058.50207526135 -101986.9328094475 0.0 210030.6543237133 -191626.64839333505 0.0 445577.00131133373 -317043.55452901294 0.0 840823.8836132222 -454567.5497534935 0.0 1416413.3302695074 -552576.1550440163 0.0 2143043.392588359 -543443.0674486489 0.0 2939043.704764324 -370990.1626458807 0.0 3698586.8908707476 -15139.333782546506 0.0 4340391.600694251 505826.99054981093 0.0 7285661.8158740625 2635726.1557713686 0.0 174798.0253526482 -322194.7176406314 0.0 118012.09883057985 -126961.59971297451 0.0 263757.0182929208 -251868.71720345973 0.0 529257.4449650842 -446711.0567883362 0.0 950912.8111040691 -703292.5143957804 0.0 1532147.5580591545 -978748.3876329621 0.0 2223834.854990656 -1199186.1399633347 0.0 2930403.3948732866 -1285048.6581205672 0.0 3544403.5799566503 -1183595.2288662586 0.0 3993815.792242287 -886461.9074225221 0.0 4996328.693245316 -135542.27074107344 0.0 151590.22969185296 -279220.7735266074 0.0 101884.09165557446 -109701.85621605169 0.0 226859.61071395277 -216783.3174110654 0.0 453967.2667785829 -383266.7041045015 0.0 814157.5754614066 -601877.1370595444 0.0 1310422.2809947056 -835823.7028485605 0.0 1901090.5882917733 -1021968.1953043478 0.0 2504826.880904663 -1092468.5340329527 0.0 3029965.2408994413 -1002477.6148638919 0.0 3414918.4731651773 -744994.0073172646 0.0 4273844.490041228 -84704.08040110645 0.0 131943.0288930932 -243215.2815342546 0.0 88316.91129139363 -95278.59716685675 0.0 195968.59907445984 -187587.40283991073 0.0 391140.97937189724 -330626.8261284597 0.0 700260.5412769228 -517876.44594531454 0.0 1125907.0956886362 -717528.5759173436 0.0 1632511.3346208527 -875298.6761479694 0.0 2150500.5642584884 -933038.8373395478 0.0 2601329.819948751 -852484.124866049 0.0 2932134.8435179014 -627828.2110901428 0.0 3670733.878488628 -43671.97951718059 0.0 115221.12779478129 -212873.76332890816 0.0 76834.75960014093 -83150.74325576455 0.0 169936.32917011154 -163130.43923440017 0.0 338352.46519623173 -286646.7080637848 0.0 604725.2320562124 -447801.88793740625 0.0 971250.0185788352 -618909.7314874028 0.0 1407393.614457381 -753030.9712261811 0.0 1853378.7615428837 -800097.4057172209 0.0 2241646.6019541295 -727367.8431395668 0.0 2526674.846650376 -530083.1086646146 0.0 3163778.272729047 -10304.171157790035 0.0 100918.66571049772 -187171.64137673526 0.0 67063.04465835977 -72895.69352453384 0.0 147866.1900608749 -142519.69642695843 0.0 293716.01870153856 -249669.45057891824 0.0 524066.72615963867 -388964.64567127445 0.0 840759.1550652472 -536152.0864654814 0.0 1217449.5578954702 -650428.6906732091 0.0 1602576.0158783551 -688504.2246433458 0.0 1937839.6094190562 -622300.2760989033 0.0 2183935.906427627 -447975.4507886572 0.0 2734904.812272388 17064.854671367062 0.0 88629.70583551777 -165297.52699708045 0.0 58704.25269289002 -64180.41647278576 0.0 129051.08349416935 -125055.86916622908 0.0 255751.5544421279 -218402.35128043612 0.0 455556.9506579062 -339271.41869903455 0.0 729983.3340229887 -466287.5220849928 0.0 1056197.0278562899 -563805.4420668657 0.0 1389571.6177762777 -594254.3465970487 0.0 1679661.4539540603 -533513.1268962123 0.0 1892458.4581549445 -378545.83268679027 0.0 2369909.6904043257 39738.13539286994 0.0 78026.06480566108 -146603.84852294467 0.0 51520.104101660065 -56740.246047144574 0.0 112928.39949124232 -110186.28739483244 0.0 223286.57034549047 -191827.5253200836 0.0 397040.069345707 -297077.1866814796 0.0 635408.365963405 -406984.9673690325 0.0 918517.7890111627 -490264.97499714 0.0 1207632.609980263 -514198.0791386017 0.0 1459005.891466722 -458038.47037880943 0.0 1643165.624755805 -319458.58558085904 0.0 2057526.9439750572 58741.94774302163 0.0 68840.520365754 -130569.98763448546 0.0 45318.24255692947 -50363.187805546266 0.0 99046.69154448525 -97470.51278030772 0.0 195384.03475105177 -169136.53412055262 0.0 346797.0950787545 -261077.78018985217 0.0 554234.6077683027 -356397.3765830232 0.0 800333.8401307841 -427511.5936841061 0.0 1051390.626909628 -445836.4491666971 0.0 1269402.8942949276 -393518.26364842715 0.0 1428803.7889724986 -268854.33286475955 0.0 1788742.0198962684 74890.59897575552 0.0 60853.996433977634 -116774.52962151855 0.0 39942.200468665185 -44878.17864156961 0.0 87040.78208663533 -86554.80115905621 0.0 171288.80071783386 -149682.0761379641 0.0 303445.5973695432 -230230.6880687109 0.0 484212.3435889528 -313048.980529876 0.0 698367.8085469882 -373710.35911004443 0.0 916528.306240772 -387170.11821939546 0.0 1105643.9587184603 -338063.26561903243 0.0 1243526.7791832301 -225240.3036606382 0.0 1556280.6766518317 88835.63835486992 0.0 53885.69298236396 -104874.1753257078 0.0 35263.77387810308 -40146.23185360572 0.0 76612.98908727115 -77152.96409966369 0.0 150387.40225427126 -132941.9373842094 0.0 265864.6594004558 -203696.0870835616 0.0 423518.73090854066 -275751.3716749119 0.0 609963.80043239 -327382.96808113536 0.0 799544.6155947329 -336586.6816090228 0.0 963501.3185376194 -290147.53453619924 0.0 1082583.794638299 -187407.97864652847 0.0 1354224.7773250195 101103.44526856646 0.0 47785.447189798644 -94587.62806608276 0.0 31177.179263964877 -36053.70170626115 0.0 67518.84220696607 -69031.89786987554 0.0 132177.60900151206 -118491.83974098646 0.0 233138.19552422027 -180792.51471623222 0.0 370664.9391666701 -243540.45492515858 0.0 532952.1771808068 -287329.4683421704 0.0 697577.5553198451 -292775.80189133214 0.0 839515.5541676757 -248528.80173232226 0.0 942083.0086414162 -154370.70333265324 0.0 1177720.8094587654 112124.12290397417 0.0 42427.769161023345 -85683.17408008853 0.0 27594.539597004514 -32507.119233972902 0.0 59556.121951530586 -62000.549523199224 0.0 116245.16601016751 -105984.81244817964 0.0 204511.74907027654 -160963.25230190268 0.0 324425.432953363 -215628.65043255786 0.0 465546.5557942099 -252568.8702726664 0.0 608268.9958095674 -254664.73251768464 0.0 730833.4859965845 -212187.842046814 0.0 818810.891259194 -125316.01424184385 0.0 1022756.7858461795 122253.86948260575 0.0 37707.15469672263 -77969.0482134 0.0 24442.3701546727 -29429.203201096472 0.0 52556.3794362927 -55901.437220174514 0.0 102245.87093146284 -95135.39090674985 0.0 179359.27711875137 -143750.61670978364 0.0 283783.6447937228 -191368.35138520665 0.0 406264.66267596075 -222293.70987444086 0.0 529660.7353000395 -221368.91645831207 0.0 635083.3650262698 -180281.91374490093 0.0 710092.913248509 -99568.89335297652 0.0 885990.0043217693 131792.44311299326 0.0 33534.37664181922 -71285.9130521491 0.0 21658.821960345264 -26755.757294151845 0.0 46378.322804892254 -50604.08524243881 0.0 89891.64911078199 -85707.41981410292 0.0 157157.39683445988 -128776.14454072862 0.0 247889.88107571224 -170223.76205118556 0.0 353866.99292254617 -195835.00305754886 0.0 460113.8685375548 -192153.8198415453 0.0 550277.9464792575 -152108.70174719347 0.0 613685.2310257206 -76563.19972278367 0.0 764612.9353501337 140996.92835220697 0.0 29833.52995842988 -65500.952149270444 0.0 19191.503429776367 -24433.241044046685 0.0 40902.61883788774 -45999.90630704142 0.0 78939.64646907928 -77504.57052163697 0.0 137465.25043162899 -115725.20454399617 0.0 216028.43078264783 -151749.02899690627 0.0 307308.86532568134 -172635.0049454128 0.0 398245.7134176069 -166405.21431165637 0.0 474738.57986495993 -127078.16545674508 0.0 527689.7386532691 -55819.2604329304 0.0 656247.9019010221 150092.7129886056 0.0 26539.664788501548 -60503.21400660543 0.0 16995.74624812463 -22416.8570026594 0.0 36027.77494924085 -41998.186764847036 0.0 69183.61666843652 -70362.91917210282 0.0 119908.63167260317 -104334.96527119314 0.0 187591.6472836507 -135571.13654526134 0.0 265702.6266668419 -152225.87753713233 0.0 342880.0423546874 -143605.8552777186 0.0 407035.23818202293 -104690.3735253247 0.0 450486.8622663234 -36926.127646019304 0.0 558863.6446368612 159282.36326629805 0.0 23596.871519983863 -56199.913014260215 0.0 15033.214442379665 -20669.03636527898 0.0 31666.851157409226 -38522.91886209183 0.0 60447.06383820377 -64145.10202385389 0.0 104167.36571559316 -94384.92518006983 0.0 162059.34792486267 -121376.43696975318 0.0 228287.59458324287 -134212.8632419531 0.0 293007.46202649764 -123317.03736657575 0.0 345938.71248705976 -84517.90226929457 0.0 380681.9049061832 -19527.386840636595 0.0 470708.6169735278 168752.92373422795 0.0 20956.72612546672 -52513.49168214344 0.0 13270.780277916088 -19158.23481790983 0.0 27744.813329068384 -35510.28880463433 0.0 52577.73634163355 -58735.6873626897 0.0 89965.18682048106 -85689.41483418587 0.0 138982.2919184624 -108899.97440650366 0.0 194405.93366424224 -118260.91913643078 0.0 247753.57525474398 -105163.89286586917 0.0 290382.13764864893 -66191.73089735812 0.0 317061.7894420926 -3309.676013502089 0.0 390257.1275326141 178682.04848930982 0.0 18577.016583232446 -49379.27823381908 0.0 11679.608465168085 -17857.971726367956 0.0 24196.384270975155 -32906.67662748783 0.0 45443.16528163076 -54037.49329785017 0.0 77061.5428566438 -78091.62845831654 0.0 117968.79990666638 -97916.9714652363 0.0 163483.09929168344 -104084.02631252515 0.0 206353.1333565662 -88823.57849827336 0.0 239429.70151482426 -49389.826969768124 0.0 258559.80710305576 12006.723683613225 0.0 316165.3789269674 189243.28312565363 0.0 16420.691591615854 -46743.61854691851 0.0 10234.403625625737 -16746.061867130426 0.0 20964.28274888241 -30667.058861577967 0.0 38927.01374358073 -49968.64696142481 0.0 65244.89102002596 -71458.85062488659 0.0 98673.80097684622 -88236.00186194494 0.0 135011.80756789588 -91436.57986080082 0.0 168128.8101620343 -74015.7016389206 0.0 192250.89399756002 -33827.80665136028 0.0 204226.53767797444 26675.7181215856 0.0 247235.137204097 200610.75274035794 0.0 14454.985619877567 -44562.39016956143 0.0 8912.786059066613 -15804.000989046017 0.0 17997.765479019996 -28753.731154355177 0.0 32926.05639181048 -46460.22994111167 0.0 54327.149370721 -65678.62446123442 0.0 80789.75710921748 -79693.48681602336 0.0 108538.72805642251 -80106.40623845955 0.0 132473.54071794433 -60494.48916430781 0.0 148099.02460229216 -19251.195407778105 0.0 153205.51965379127 40932.035135113874 0.0 182383.27251983763 212963.46557133368 0.0 12650.683928342083 -42799.82766642397 0.0 7694.768417571263 -15016.47562041745 0.0 15251.405728949441 -27135.287629668714 0.0 27347.648722869326 -43454.391536887575 0.0 44139.04261570102 -60655.66755564919 0.0 64039.03589329053 -72149.23774534208 0.0 83653.2724424744 -69909.05999142052 0.0 98835.59820262938 -48042.315155292745 0.0 106293.01195079456 -5428.91926873944 0.0 104712.5533659104 54996.96864679479 0.0 120615.7860799671 226489.40996998677 0.0 10981.498671980382 -41427.60555319899 0.0 6562.3116179589615 -14370.974562012792 0.0 12684.056175375603 -25785.80883975902 0.0 22107.575146801795 -40902.83964120155 0.0 34526.13615304321 -56309.38765313882 0.0 48167.39303474545 -65482.832533873894 0.0 59977.98271980545 -60683.13072427429 0.0 66705.75295765356 -36464.28806324623 0.0 66201.65197553531 7852.265797117179 0.0 58017.745029534686 69083.47841703704 0.0 61005.21453072398 241389.6016906211 0.0 9423.532915507183 -40424.13843972601 0.0 5498.942626938345 -13857.484938577272 0.0 10257.95407500845 -24684.22168323002 0.0 17128.187027640965 -38765.64037803898 0.0 25345.3928912345 -52571.88461036625 0.0 32938.292116572615 -59590.66100342875 0.0 37160.11851653411 -52286.350706653655 0.0 35605.98253097093 -25583.661028710216 0.0 27229.720246449677 20792.641756971105 0.0 12429.563845954153 83400.8503941684 0.0 2670.5046644719396 257882.22701372855 0.0 1667.6882573436028 -55683.69610676091 0.0 6070.120964229845 -15580.16817422372 0.0 11239.1531682174 -27649.221266043387 0.0 18589.900817089157 -43195.6060878197 0.0 27163.953262029205 -58111.56589857469 0.0 34675.75514690267 -64944.23099757698 0.0 38051.91375243013 -55175.5439738814 0.0 34712.14455455003 -23196.163581584748 0.0 23674.191830998123 31087.974845690802 0.0 5553.330242245133 103592.36770363187 0.0 -45999.99706278702 273126.55475083296 0.0
    </DataArray>
    <DataArray type="Float32" Name="Power density [Wm^-3]" NumberOfComponents="1" format="ascii">
1.3672972913394775e+18 1.6516973925674964e+18 1.4282998069530432e+18 1.2017805329266998e+18 1.0368163744314076e+18 9.280908248698742e+17 8.689108400250944e+17 8.764710452548467e+17 1.0775808160246231e+18 1.9424165699551903e+18 2.2711693539542956e+18 9.556617273093088e+17 1.1890964333733816e+18 1.0260620457336385e+18 8.682459808975023e+17 7.571911689013878e+17 6.862794120624091e+17 6.510232441919203e+17 6.685852982451517e+17 8.517493649351589e+17 1.5883451938196083e+18 1.5655688744775967e+18 7.275028540225599e+17 8.52151748455806e+17 7.533062643753344e+17 6.542251583924867e+17 5.873169501569993e+17 5.473498268029396e+17 5.3273906203124454e+17 5.6180895992673914e+17 7.347241374358052e+17 1.3583037910504855e+18 1.297576175046713e+18 4.176147211612203e+17 4.625379750746004e+17 4.3095059108408237e+17 3.9707569655657056e+17 3.774995234094359e+17 3.6998742484858426e+17 3.770505822126826e+17 4.1806107978298515e+17 5.748048060477122e+17 1.0486967807462897e+18 9.646887103813053e+17 1.768914216998731e+17 1.8752387107435616e+17 1.882089231701657e+17 1.9277274411469706e+17 2.0061131015779024e+17 2.1178473658078093e+17 2.311244899966702e+17 2.766071623486359e+17 4.065586580967535e+17 7.235472898268993e+17 6.351185483832389e+17 5.456558639393163e+16 5.6695960204523016e+16 6.411359772854701e+16 7.390453274060928e+16 8.584163492434613e+16 1.0018470177194299e+17 1.2077207035815403e+17 1.6133298874850413e+17 2.553023709621248e+17 4.3837878202500346e+17 3.699500315477175e+17 1.6615181075584828e+16 1.8422665089760204e+16 1.8448288482050536e+16 2.2199404742968708e+16 2.8947905795464e+16 3.8652011842033976e+16 5.470405157834765e+16 8.59677303254266e+16 1.4789147071947958e+17 2.4918592295822144e+17 2.0208312413610637e+17 6848300838586564.0 7820530662920684.0 7227750155571953.0 7529674083537807.0 1.0118391520232878e+16 1.6460335436834274e+16 2.9073102734478976e+16 5.224792376829487e+16 8.968627980211061e+16 1.380858765695555e+17 1.0813046418884352e+17 4009623874363034.0 4665762104481805.0 4237672937858072.5 4528030156229272.0 6745923457773504.0 1.2126448693360368e+16 2.169779909563926e+16 3.608631188653978e+16 5.4953228035576344e+16 7.681060259204822e+16 5.848579249166554e+16 2834795473915830.5 3424047841894240.0 3237258221175088.0 3585897328290678.5 5332316046867206.0 9346357365690504.0 1.5881633397643894e+16 2.434876288114526e+16 3.3781738303157676e+16 4.357698280495588e+16 3.2402378486326364e+16 2280827988328218.0 2853199056469938.5 2767774568456255.0 3016731233837537.5 4147246577876214.5 6746384181965408.0 1.0880270651089462e+16 1.5830406401647146e+16 2.0657577297574988e+16 2.5117796931547548e+16 1.8347181932685624e+16 1999547465604711.0 2566286589166568.5 2519406689121612.0 2650984271445342.0 3280301111183226.5 4786401979902191.0 7225944013232996.0 1.0068924999843558e+16 1.2595124158687718e+16 1.4687786459638458e+16 1.060266246070058e+16 1843378090825635.5 2403221406609393.0 2372468890992883.0 2419930337881864.5 2718348658609532.5 3499123485323508.5 4831636163620653.0 6404551748551828.0 7735124525588424.0 8747538218290115.0 6271430964382895.0 1745091347388214.0 2294853701598866.5 2272517385179396.0 2271002060240565.5 2375511209708553.5 2718883691192825.5 3370343111163212.0 4180019814253130.5 4858356885227764.0 5349389230104021.0 3820996506135550.0 1673809312552904.5 2211357130181330.8 2194295963769910.2 2167706267277284.8 2167393382159247.8 2264257655986320.0 2516550138510649.5 2871763654709485.0 3176649166306756.0 3395088261101221.5 2418286676933331.0 1615717185383638.0 2140059075564944.0 2126492636665818.0 2088261149388719.8 2034607373940279.0 1999442016743048.0 2026735755533363.0 2114883662296783.2 2198207875656504.8 2262052904503343.0 1604783101498508.5 1564844288640012.8 2075751425865356.8 2064464654943871.8 2021359922581599.8 1941997283381988.2 1839066887332727.0 1743622348420717.0 1677329591156141.2 1627044411942125.0 1597991424733460.0 1126339881711988.0 1518714296231145.8 2016444499693421.0 2006608305125524.8 1961836951826354.0 1870943961366981.8 1734811158802347.0 1574547531368450.0 1420700259530136.8 1289996024902789.8 1203663867246791.0 840875267737015.2 1476359761237644.5 1961487325138757.8 1952571444348525.0 1907615580359464.2 1812292821371494.2 1661064839728540.8 1468012822500196.0 1265869275028275.8 1087568530686436.6 965949211520405.9 667998857393961.2 1437426159321883.0 1910724744737056.0 1902414051421427.2 1857962568729394.2 1761725351591379.0 1604738842076244.2 1396334377695064.5 1168677894011307.2 963063917438568.6 820119125928812.5 561590790621409.75 1401771591966500.5 1864126356607484.8 1856246078216602.2 1812625033242508.2 1717195696795150.2 1559199937599874.2 1344812259582769.5 1104706528971816.4 884184127671878.0 728776750903647.6 494839533595410.75 1369296036175933.8 1821637591615497.8 1814096390422784.2 1771457855333035.8 1677655288921318.2 1521010571818764.8 1305589911789695.2 1060411985605373.0 832435336255711.1 670106981046099.1 451986195154748.94 1339877876116481.0 1783134845436885.8 1775886539448221.8 1734290845840271.0 1642468664670320.2 1488285212767468.2 1274366906913215.8 1028189742533757.1 797134792012111.5 631273109697341.4 423689751453362.75 1313359126088055.0 1748426268760319.8 1741446505816473.8 1700900144270642.8 1611165881630898.0 1459894749542411.5 1248694818926528.5 1003684789940112.0 772042269291759.1 604662312444858.2 404376508715751.5 1289550705516650.0 1717269328446379.0 1710542624813501.0 1671018142759874.0 1583346724435595.0 1435090270204362.2 1227105856348650.5 984338491415768.4 753464066979566.0 585725001177033.4 390700460128851.75 1346087687165108.8 1686313701198175.0 1675960233488657.0 1631788758654589.8 1539087764973313.0 1386886823178211.8 1178057829501495.0 938611865913750.5 714716377781741.9 557017146164803.2 342380582967581.1 1237697722861472.2 1656755104707399.2 1650791269302538.2 1614551783617887.0 1534179959838693.0 1398122525282665.0 1205596679036141.8 975596305920829.4 748263628204891.9 574043118312559.9 381239668667963.5 1222004070788914.2 1635360479572174.0 1629443105324926.8 1593750885929572.8 1514514717357739.0 1380082345130786.2 1189389745817138.8 961238122898837.4 735834901794472.5 563547989649821.4 373802142131457.56 1208047694821684.5 1616351308747402.0 1610526602617666.2 1575388159089812.8 1497251574212097.8 1364393791754280.8 1175513297622740.0 949204841413020.4 725640498737034.8 555061930303914.94 367841111252960.6 1195645090709715.2 1599470453408416.8 1593763411626482.8 1559162029875188.0 1482060309880341.2 1350681620692430.8 1163519933729317.0 938965464078714.4 717104993528502.4 548035539101155.44 362940119024564.75 1184628942379437.0 1584484932522407.8 1578906492010032.8 1544812098994170.8 1468666766709726.2 1338651414032123.2 1153081651843902.0 930153100740883.6 709845532820251.9 542109674005287.0 358829253622991.4 1174848361899200.5 1571185675558384.0 1565737700896193.8 1532113271354231.0 1456841005086055.0 1328067023591718.8 1143950201605669.8 922505339236087.4 703599008835819.2 537042439238542.06 355328553971232.75 1166168392869052.0 1559386411047463.8 1554065126548638.2 1520870782589505.8 1446388647100971.8 1318735648594951.8 1135932360140676.5 915828070949800.0 698178307475654.1 532665412353873.5 352314103791041.44 1158469082233368.5 1548922076265523.2 1543720390950432.2 1510915960082101.2 1437144353191490.2 1310497634935527.8 1128874118190729.2 909973170905598.4 693445732997464.9 528857198504438.75 349697592082341.75 1151644318841386.8 1539647020562509.2 1534556070581494.2 1502102610751697.2 1428966790008248.0 1303219286508385.2 1122650293847027.5 904824457927068.4 689296645521488.1 525527285206240.5 347413880563597.8 1145600572239642.5 1531433100193249.8 1526443263935023.0 1494303924247451.5 1421734668217821.2 1296787653590598.2 1117157521307054.4 900288667160465.4 685649216066975.1 522606049784378.5 345413348564138.9 1140255651794201.0 1524167869530210.0 1519269402318970.2 1487409843254667.8 1415343585725326.2 1291106662473938.0 1112309386644965.0 896289502957500.6 682437882828916.8 520038467529644.0 343657104528298.06 1135537524616114.8 1517752884518757.8 1512936303469207.2 1481324835092383.8 1409703486856844.8 1286094180155591.2 1108032962665724.5 892763618256959.9 679609074460633.1 517780066999862.44 342113931714842.7 1131383223565045.2 1512102153437046.8 1507358454892681.0 1475966001376009.5 1404736597323341.5 1281679745998107.2 1104266277270195.6 889657822628999.5 677118343677394.6 515794267003763.8 340758294769541.06 1127737859700769.0 1507140748212537.0 1502461514854659.2 1471261476027803.8 1400375733546389.8 1277802790646849.2 1100956419699517.0 886927088975015.9 674928390935524.0 514050575771157.06 339569004451697.6 1124553748436868.0 1502803574726878.8 1498181012910025.0 1467149070524647.8 1396562911967316.8 1274411220006210.8 1098058095844805.4 884533095713138.0 673007665985869.1 512523339067133.75 338528298177655.44 1121789644134235.5 1499034321531548.0 1494461248327284.2 1463575137264561.8 1393248203044420.8 1271460278143671.8 1095532506143741.9 882443134400967.0 671329350537024.9 511190845382143.75 337621188900141.25 1119410065714461.6 1495784515992178.2 1491254327671814.8 1460493602305378.8 1390388778320043.0 1268911624554792.0 1093346460287313.5 880629273309540.6 669870599643411.6 510034669254797.56 336834991446480.94 1117384723590831.4 1493012731684743.8 1488519352340073.0 1457865153891312.2 1387948120896817.0 1266732582809159.2 1091471672136362.6 879067707308383.0 668611964175747.2 509039178154209.5 336158969603342.56 1115688032990849.6 1490683916662934.8 1486221738894731.5 1455656568123691.0 1385895374806631.8 1264895528628759.2 1089884194308463.9 877738245788234.6 667536943659576.6 508191155149777.75 335584067915246.1 1114298704691588.5 1488768828011968.0 1484332651027991.8 1453840150428369.8 1384204810751413.8 1263377392150378.0 1088563963597190.6 876623906247264.9 666631635810810.8 507479506178794.3 335102704860627.4 1113199406642386.2 1487243563823690.0 1482828531291321.2 1452393278005008.2 1382855391612126.2 1262159256131839.2 1087494436386156.0 875710590873761.0 665884460078453.4 506895031175698.94 334708612003132.1 1112376490331247.0 1486089183694702.8 1481690722631383.8 1451298031231102.2 1381830423499440.2 1261226034379697.8 1086662298218481.4 874986829859117.5 665285939453700.1 506430245001152.2 334396708763864.4 1111819776689810.4 1485291410265953.8 1480905171673969.2 1450540905568496.0 1381117283611928.5 1260566220880179.0 1086057236536908.4 874443580137774.9 664828529662252.9 506079238523962.3 334163005754343.5 1111522397275758.2 1484840405717384.8 1480462207084805.8 1450112596723637.0 1380707217179251.0 1260171701685860.2 1085671768481954.6 874074071274505.9 664506488100816.0 505837573198014.0 334004531823630.4 1481917179090749.2 1855180054324712.0 1852197421381643.0 1818273576511635.8 1737276051705937.5 1593627103874960.5 1381949510778084.0 1120241792590054.2 854968639561546.2 647267588999178.4 445225708681579.75
    </DataArray>
    <DataArray type="Float32" Name="Temperature [K]" NumberOfComponents="1" format="ascii">
320.8842001133754 328.2268673219778 333.6031996004399 337.6494643301287 340.8360510663577 343.45801340483894 345.69148757929963 347.6256915487165 349.230800007297 350.0695156881126 348.23092214813727 320.5338625604124 327.6020035238112 332.88063952624964 336.9060379970332 340.1010265159379 342.73721155056535 344.97932560990523 346.9104158574463 348.495954616921 349.30241981682633 347.5088515490852 319.5867084030377 325.9431547060718 330.9387670543444 334.88301283696296 338.0777172637389 340.7331738008417 342.98310880645914 344.89284237732915 346.41455263525484 347.1275737607302 345.45817201672213 318.2814630224012 323.7393608621039 328.30584717285984 332.0754113546487 335.2088104505192 337.8390667906736 340.0574726877356 341.9028369215003 343.30803341955686 343.8782300280329 342.38589246867326 316.85434150366285 321.4526362493965 325.51189980242026 329.00527369364187 331.98322290971305 334.50834290254494 336.62778580481773 338.3497296162765 339.5866807190925 339.98739055243453 338.69666217500907 315.45158004706633 319.33561993094827 322.8843703992045 326.0325613303906 328.770670760282 331.11174626054003 333.0653323107634 334.61080094786576 335.6461487181287 335.88304874946743 334.79618743242156 314.1305627459188 317.44984342372027 320.5339238306237 323.3189516829858 325.7733309656149 327.8816366150034 329.62716167292734 330.96853211346485 331.80241159804774 331.91480969107573 331.0164637181558 312.89999368879023 315.76585979736797 318.4483713376888 320.89182041110024 323.0589803281126 324.9214746805106 326.4472946425454 327.5842868519216 328.23920056197414 328.26930262177564 327.5314748891349 311.757531143118 314.24811337872137 316.5851869446224 318.72153275971834 320.6195708411162 322.24533877141636 323.5598551958774 324.50974422609943 325.02089882587944 325.005927418828 324.39890446123434 310.6996101952905 312.87274654858095 314.91119044269186 316.77464941124174 318.42754688308594 319.8352271343527 320.9585105107012 321.7496868012549 322.153702808777 322.1185468251774 321.6159760520589 309.72257065851585 311.62363192584905 313.40319119238893 315.02649811813694 316.46107498857407 317.67449583045357 318.6313503522149 319.2922075737376 319.6173073124635 319.57552206904535 319.15586470805715 308.8227291814281 310.4888907641404 312.0438926514972 313.4576044265746 314.70110823384954 315.74557594514897 316.56083615171053 317.11565892301087 317.38153840005015 317.33932073139357 316.98542529542203 307.9963004938187 309.4588742767664 310.81917645881447 312.0510759447638 313.12927950454196 314.0289186996153 314.7250710907941 315.193491827093 315.41365061122804 315.37327038294256 315.0716953357493 307.239347058049 308.5251046903225 309.71667709389425 310.7914551402086 311.7275865466447 312.5039800966125 313.1003358636162 313.49793252525404 313.68181294239344 313.64374889671114 313.3840944972846 306.5477836726137 307.67977449312997 308.72513531407606 309.6643615786465 310.4787228202541 311.15048461059985 311.66317508465465 312.0022828152327 312.1567427336139 312.12081032876824 311.89509844977925 305.917423886583 306.91554482728094 307.8341491975129 308.65645057999035 309.36646680925475 309.949335386163 310.39166415057264 310.6821041369366 310.8123309589887 310.77819991282934 310.5803267144604 305.34404703052826 306.22548665152493 307.03409604356324 307.755447925968 308.37593226840266 308.8830944139528 309.2659926804278 309.51565314490927 309.62570980614186 309.5930998684714 309.4183792076985 304.82346848182004 305.60307892155646 306.31611060214516 306.95016788272255 307.4936628330912 307.9361397056443 308.26860495672435 308.4838837183325 308.5770361355307 308.54576377382597 308.3905652892072 304.3516024824057 305.04222148805025 305.6720705816422 306.23049355248213 306.7076137167753 307.09462874691644 307.38410114985396 307.5702371662332 307.6491577500423 307.61912486279766 307.4805984427452 303.92451259234815 304.5372447074049 305.09457312998666 305.58732535265875 306.0070676876813 306.346365630714 306.5990337662877 306.760354883486 306.8272562052847 306.79842333099293 306.67429525124436 303.538448695641 304.0829100952974 304.5769001649468 305.0125095959728 305.3825202357741 305.6806317735694 305.9016747262428 306.0417838675061 306.09851189274417 306.0708727917938 305.9592975641764 303.1898715809703 303.6744018835377 304.11297538257134 304.49875781067215 304.8255556462603 305.08801237842147 305.2817897598896 305.40370633577993 305.4518090184817 305.42537159408437 305.32482529453824 302.87546703483395 303.3073113548215 303.69731667691445 304.0395643012784 304.32872597773695 304.56023380936136 304.73043502752205 304.8367037539367 304.877483639332 304.8522573755272 304.7614610271333 302.5921515985055 302.9776162149245 303.32498712744217 303.6291265620462 303.88543879439214 304.090017734457 304.239779947257 304.332555758154 304.3671115437795 304.343100135256 304.2609645252289 302.3370719982025 302.68165700000026 302.99154679086905 303.26227103355745 303.4898559435946 303.6709532210441 303.80295532926675 303.88407054182744 303.91333060645115 303.8905282738188 303.8161139333918 302.10759996877636 302.4161120722495 302.6930067029204 302.93438530140793 303.1368037534003 303.2973858379971 303.4139240737326 303.4849421850869 303.5096920338675 303.48808226853674 303.42057015013205 301.90132386901905 302.17797232466904 302.4257858688244 302.6413569939765 302.82169407337454 302.9643219943067 303.06737125861093 303.12963051690986 303.15053547778246 303.13009128646803 303.06876099470355 301.7160381859167 301.9645163600446 302.18667159281347 302.3795191650493 302.54045517102 302.667346549562 302.75861060477604 302.813259639351 302.8308837688261 302.81156877031134 302.75578214610033 301.54973176727157 301.7732866398553 301.9727832233667 302.14560170955167 302.2894713732279 302.40255182150736 302.4835046752665 302.53153187209625 302.5463537841762 302.52812372579297 302.47731224539064 301.4005754114725 301.6020669043241 301.78153922759793 301.9366882632216 302.06553036470876 302.16647631600387 302.2383965730451 302.2806544603022 302.29308062618924 302.2758850412034 302.2295399544944 301.26690927627004 301.4488610287771 301.6106274179803 301.75017801895797 301.8657771441275 301.95605173267535 302.02005127968124 302.0572768876763 302.0676528369754 302.05143667064726 302.0091011248173 301.14723043879934 301.3118733886398 301.4579781110494 301.58375191664356 301.68767375167124 301.7685570184691 301.8256051037502 301.8584370462517 301.86705681529406 301.8517619197359 301.8130245383965 301.04018083994487 301.18949074351156 301.3217399827136 301.4353427072945 301.52896399739535 301.6015784366722 301.6525219799918 301.68151484413175 301.6886289533629 301.6741953995255 301.6386849432786 300.9445357711591 301.0802656105903 301.20025838647473 301.30310844375254 301.3876425277055 301.4529747867373 301.49855558347224 301.52419209602516 301.53001428942633 301.51638147594275 301.4837623190909 300.85919300574005 300.98290107258555 301.09205591174043 301.1854090019236 301.26192766361777 301.32084705154057 301.3617164045147 301.3844177515494 301.389130692459 301.37623825086854 301.3462064848915 300.783162635023 300.8962369504324 300.99581497487145 301.0807852852961 301.1502375280411 301.203511866329 301.2402430773721 301.2603776841361 301.2641377707439 301.2519262784725 301.22420630597 300.71555763960964 300.8192372635096 300.91036225309267 300.9879408097418 301.0511690508765 301.0994783010753 301.13257737507075 301.1504683979638 301.1534098362611 301.14182135521537 301.1161628751754 300.6555852038814 300.75097889703926 300.834654788979 300.90572540478416 300.96347950140245 301.00742752856075 301.03734238004705 301.053274118846 301.0555123696378 301.044490831184 301.0206661424785 300.60253876667014 300.69064139664454 300.76776761034205 300.8331208019408 300.8860702487502 300.92619501727324 300.95332341963865 300.9675468230375 300.9691815218644 300.95867297957426 300.9364745478507 300.5557907904907 300.63749781247105 300.7088827264762 300.76922791078266 300.8179724947111 300.8547549436978 300.8794514207796 300.8921888298613 300.8933062637016 300.88325903443064 300.8624972804065 300.5147862249762 300.59090651911885 300.65727937670033 300.7132556095244 300.758334759953 300.7922065649143 300.81478839226645 300.82623764331004 300.8269128552602 300.8172775674838 300.79777884368036 300.4790366361893 300.55030394237025 300.612325420946 300.6645108998039 300.70641193609845 300.7377623313448 300.7585147879676 300.7688527769516 300.7691513593592 300.75988092563904 300.7414856549678 300.44811497159213 300.5151981289292 300.57346977478034 300.62239029528666 300.661555742989 300.690737552419 300.70991854214833 300.71930433764925 300.71928396510623 300.71033349336403 300.6928944474896 300.42165093017167 300.48516310105816 300.54023580298787 300.58637233140433 300.6232064536746 300.650541456021 300.6683856001098 300.676963178386 300.6766749243459 300.6680015804559 300.6513822790742 300.3993269080595 300.45983394369705 300.51221559653555 300.55601109913624 300.59088576983004 300.6166695067314 300.63339179471006 300.6412924601337 300.640781934502 300.63234476668566 300.61641798115335 300.3808744916946 300.43890257743925 300.4890650676717 300.53093071970164 300.56419074799874 300.5886968688532 300.60449594296034 300.61184048823446 300.61114882793163 300.60290856160617 300.58755490801764 300.36607147291915 300.4221141765012 300.4704998071381 300.5108206896121 300.54278869275146 300.5662729186163 300.58133405750664 300.58823471097804 300.587399451048 300.5793182611776 300.5644248691908 300.35473936318795 300.40926419652544 300.4562916560943 300.4954320369789 300.52641294690085 300.54911672629106 300.56361458600276 300.57017678761457 300.5692326368389 300.56127390346785 300.54673314805984 300.3467413871914 300.400195982668 300.4462659534716 300.48457424049263 300.51485952165586 300.5370134436263 300.5511146076496 300.557438650483 300.55641819255464 300.54854624406977 300.5342545280473 300.34198093953637 300.39479893394866 300.4402994271639 300.47811287227034 300.50798452129294 300.52981154539856 300.54367693092667 300.5498595017044 300.54879384074326 300.5409736885053 300.5268302640648 300.34040049163207 300.3930072052787 300.438318704828 300.4759679349621 300.5057023278075 300.527420886224 300.5412080501155 300.5473436993726 300.54626306686185 300.53846013415466 300.5243659521159
    </DataArray>
   </PointData>
  </Piece>
 </UnstructuredGrid>
</VTKFile>
