<?xml version="1.0"?>
<VTKFile type="UnstructuredGrid" version="0.1" byte_order="LittleEndian">
 <UnstructuredGrid>
  <Piece NumberOfPoints="561" NumberOfCells="1000">
   <Points>
    <DataArray type="Float32" NumberOfComponents="3" format="ascii">
0.0 1e-08 0.0
0.0 1.1000000000000001e-08 0.0
0.0 1.2000000000000002e-08 0.0
0.0 1.3e-08 0.0
0.0 1.4000000000000001e-08 0.0
0.0 1.5000000000000002e-08 0.0
0.0 1.6e-08 0.0
0.0 1.7e-08 0.0
0.0 1.8000000000000002e-08 0.0
0.0 1.9e-08 0.0
0.0 2e-08 0.0
1e-09 1e-08 0.0
1e-09 1.1000000000000001e-08 0.0
1e-09 1.2000000000000002e-08 0.0
1e-09 1.3e-08 0.0
1e-09 1.4000000000000001e-08 0.0
1e-09 1.5000000000000002e-08 0.0
1e-09 1.6e-08 0.0
1e-09 1.7e-08 0.0
1e-09 1.8000000000000002e-08 0.0
1e-09 1.9e-08 0.0
1e-09 2e-08 0.0
2e-09 1e-08 0.0
2e-09 1.1000000000000001e-08 0.0
2e-09 1.2000000000000002e-08 0.0
2e-09 1.3e-08 0.0
2e-09 1.4000000000000001e-08 0.0
2e-09 1.5000000000000002e-08 0.0
2e-09 1.6e-08 0.0
2e-09 1.7e-08 0.0
2e-09 1.8000000000000002e-08 0.0
2e-09 1.9e-08 0.0
2e-09 2e-08 0.0
3.0000000000000004e-09 1e-08 0.0
3.0000000000000004e-09 1.1000000000000001e-08 0.0
3.0000000000000004e-09 1.2000000000000002e-08 0.0
3.0000000000000004e-09 1.3e-08 0.0
3.0000000000000004e-09 1.4000000000000001e-08 0.0
3.0000000000000004e-09 1.5000000000000002e-08 0.0
3.0000000000000004e-09 1.6e-08 0.0
3.0000000000000004e-09 1.7e-08 0.0
3.0000000000000004e-09 1.8000000000000002e-08 0.0
3.0000000000000004e-09 1.9e-08 0.0
3.0000000000000004e-09 2e-08 0.0
4e-09 1e-08 0.0
4e-09 1.1000000000000001e-08 0.0
4e-09 1.2000000000000002e-08 0.0
4e-09 1.3e-08 0.0
4e-09 1.4000000000000001e-08 0.0
4e-09 1.5000000000000002e-08 0.0
4e-09 1.6e-08 0.0
4e-09 1.7e-08 0.0
4e-09 1.8000000000000002e-08 0.0
4e-09 1.9e-08 0.0
4e-09 2e-08 0.0
5e-09 1e-08 0.0
5e-09 1.1000000000000001e-08 0.0
5e-09 1.2000000000000002e-08 0.0
5e-09 1.3e-08 0.0
5e-09 1.4000000000000001e-08 0.0
5e-09 1.5000000000000002e-08 0.0
5e-09 1.6e-08 0.0
5e-09 1.7e-08 0.0
5e-09 1.8000000000000002e-08 0.0
5e-09 1.9e-08 0.0
5e-09 2e-08 0.0
6.000000000000001e-09 1e-08 0.0
6.000000000000001e-09 1.1000000000000001e-08 0.0
6.000000000000001e-09 1.2000000000000002e-08 0.0
6.000000000000001e-09 1.3e-08 0.0
6.000000000000001e-09 1.4000000000000001e-08 0.0
6.000000000000001e-09 1.5000000000000002e-08 0.0
6.000000000000001e-09 1.6e-08 0.0
6.000000000000001e-09 1.7e-08 0.0
6.000000000000001e-09 1.8000000000000002e-08 0.0
6.000000000000001e-09 1.9e-08 0.0
6.000000000000001e-09 2e-08 0.0
7.000000000000001e-09 1e-08 0.0
7.000000000000001e-09 1.1000000000000001e-08 0.0
7.000000000000001e-09 1.2000000000000002e-08 0.0
7.000000000000001e-09 1.3e-08 0.0
7.000000000000001e-09 1.4000000000000001e-08 0.0
7.000000000000001e-09 1.5000000000000002e-08 0.0
7.000000000000001e-09 1.6e-08 0.0
7.000000000000001e-09 1.7e-08 0.0
7.000000000000001e-09 1.8000000000000002e-08 0.0
7.000000000000001e-09 1.9e-08 0.0
7.000000000000001e-09 2e-08 0.0
8e-09 1e-08 0.0
8e-09 1.1000000000000001e-08 0.0
8e-09 1.2000000000000002e-08 0.0
8e-09 1.3e-08 0.0
8e-09 1.4000000000000001e-08 0.0
8e-09 1.5000000000000002e-08 0.0
8e-09 1.6e-08 0.0
8e-09 1.7e-08 0.0
8e-09 1.8000000000000002e-08 0.0
8e-09 1.9e-08 0.0
8e-09 2e-08 0.0
9.000000000000001e-09 1e-08 0.0
9.000000000000001e-09 1.1000000000000001e-08 0.0
9.000000000000001e-09 1.2000000000000002e-08 0.0
9.000000000000001e-09 1.3e-08 0.0
9.000000000000001e-09 1.4000000000000001e-08 0.0
9.000000000000001e-09 1.5000000000000002e-08 0.0
9.000000000000001e-09 1.6e-08 0.0
9.000000000000001e-09 1.7e-08 0.0
9.000000000000001e-09 1.8000000000000002e-08 0.0
9.000000000000001e-09 1.9e-08 0.0
9.000000000000001e-09 2e-08 0.0
1e-08 1e-08 0.0
1e-08 1.1000000000000001e-08 0.0
1e-08 1.2000000000000002e-08 0.0
1e-08 1.3e-08 0.0
1e-08 1.4000000000000001e-08 0.0
1e-08 1.5000000000000002e-08 0.0
1e-08 1.6e-08 0.0
1e-08 1.7e-08 0.0
1e-08 1.8000000000000002e-08 0.0
1e-08 1.9e-08 0.0
1e-08 2e-08 0.0
1.1000000000000001e-08 1e-08 0.0
1.1000000000000001e-08 1.1000000000000001e-08 0.0
1.1000000000000001e-08 1.2000000000000002e-08 0.0
1.1000000000000001e-08 1.3e-08 0.0
1.1000000000000001e-08 1.4000000000000001e-08 0.0
1.1000000000000001e-08 1.5000000000000002e-08 0.0
1.1000000000000001e-08 1.6e-08 0.0
1.1000000000000001e-08 1.7e-08 0.0
1.1000000000000001e-08 1.8000000000000002e-08 0.0
1.1000000000000001e-08 1.9e-08 0.0
1.1000000000000001e-08 2e-08 0.0
1.2000000000000002e-08 1e-08 0.0
1.2000000000000002e-08 1.1000000000000001e-08 0.0
1.2000000000000002e-08 1.2000000000000002e-08 0.0
1.2000000000000002e-08 1.3e-08 0.0
1.2000000000000002e-08 1.4000000000000001e-08 0.0
1.2000000000000002e-08 1.5000000000000002e-08 0.0
1.2000000000000002e-08 1.6e-08 0.0
1.2000000000000002e-08 1.7e-08 0.0
1.2000000000000002e-08 1.8000000000000002e-08 0.0
1.2000000000000002e-08 1.9e-08 0.0
1.2000000000000002e-08 2e-08 0.0
1.3e-08 1e-08 0.0
1.3e-08 1.1000000000000001e-08 0.0
1.3e-08 1.2000000000000002e-08 0.0
1.3e-08 1.3e-08 0.0
1.3e-08 1.4000000000000001e-08 0.0
1.3e-08 1.5000000000000002e-08 0.0
1.3e-08 1.6e-08 0.0
1.3e-08 1.7e-08 0.0
1.3e-08 1.8000000000000002e-08 0.0
1.3e-08 1.9e-08 0.0
1.3e-08 2e-08 0.0
1.4000000000000001e-08 1e-08 0.0
1.4000000000000001e-08 1.1000000000000001e-08 0.0
1.4000000000000001e-08 1.2000000000000002e-08 0.0
1.4000000000000001e-08 1.3e-08 0.0
1.4000000000000001e-08 1.4000000000000001e-08 0.0
1.4000000000000001e-08 1.5000000000000002e-08 0.0
1.4000000000000001e-08 1.6e-08 0.0
1.4000000000000001e-08 1.7e-08 0.0
1.4000000000000001e-08 1.8000000000000002e-08 0.0
1.4000000000000001e-08 1.9e-08 0.0
1.4000000000000001e-08 2e-08 0.0
1.5000000000000002e-08 1e-08 0.0
1.5000000000000002e-08 1.1000000000000001e-08 0.0
1.5000000000000002e-08 1.2000000000000002e-08 0.0
1.5000000000000002e-08 1.3e-08 0.0
1.5000000000000002e-08 1.4000000000000001e-08 0.0
1.5000000000000002e-08 1.5000000000000002e-08 0.0
1.5000000000000002e-08 1.6e-08 0.0
1.5000000000000002e-08 1.7e-08 0.0
1.5000000000000002e-08 1.8000000000000002e-08 0.0
1.5000000000000002e-08 1.9e-08 0.0
1.5000000000000002e-08 2e-08 0.0
1.6e-08 1e-08 0.0
1.6e-08 1.1000000000000001e-08 0.0
1.6e-08 1.2000000000000002e-08 0.0
1.6e-08 1.3e-08 0.0
1.6e-08 1.4000000000000001e-08 0.0
1.6e-08 1.5000000000000002e-08 0.0
1.6e-08 1.6e-08 0.0
1.6e-08 1.7e-08 0.0
1.6e-08 1.8000000000000002e-08 0.0
1.6e-08 1.9e-08 0.0
1.6e-08 2e-08 0.0
1.7e-08 1e-08 0.0
1.7e-08 1.1000000000000001e-08 0.0
1.7e-08 1.2000000000000002e-08 0.0
1.7e-08 1.3e-08 0.0
1.7e-08 1.4000000000000001e-08 0.0
1.7e-08 1.5000000000000002e-08 0.0
1.7e-08 1.6e-08 0.0
1.7e-08 1.7e-08 0.0
1.7e-08 1.8000000000000002e-08 0.0
1.7e-08 1.9e-08 0.0
1.7e-08 2e-08 0.0
1.8000000000000002e-08 1e-08 0.0
1.8000000000000002e-08 1.1000000000000001e-08 0.0
1.8000000000000002e-08 1.2000000000000002e-08 0.0
1.8000000000000002e-08 1.3e-08 0.0
1.8000000000000002e-08 1.4000000000000001e-08 0.0
1.8000000000000002e-08 1.5000000000000002e-08 0.0
1.8000000000000002e-08 1.6e-08 0.0
1.8000000000000002e-08 1.7e-08 0.0
1.8000000000000002e-08 1.8000000000000002e-08 0.0
1.8000000000000002e-08 1.9e-08 0.0
1.8000000000000002e-08 2e-08 0.0
1.9e-08 1e-08 0.0
1.9e-08 1.1000000000000001e-08 0.0
1.9e-08 1.2000000000000002e-08 0.0
1.9e-08 1.3e-08 0.0
1.9e-08 1.4000000000000001e-08 0.0
1.9e-08 1.5000000000000002e-08 0.0
1.9e-08 1.6e-08 0.0
1.9e-08 1.7e-08 0.0
1.9e-08 1.8000000000000002e-08 0.0
1.9e-08 1.9e-08 0.0
1.9e-08 2e-08 0.0
2e-08 1e-08 0.0
2e-08 1.1000000000000001e-08 0.0
2e-08 1.2000000000000002e-08 0.0
2e-08 1.3e-08 0.0
2e-08 1.4000000000000001e-08 0.0
2e-08 1.5000000000000002e-08 0.0
2e-08 1.6e-08 0.0
2e-08 1.7e-08 0.0
2e-08 1.8000000000000002e-08 0.0
2e-08 1.9e-08 0.0
2e-08 2e-08 0.0
2.1000000000000003e-08 1e-08 0.0
2.1000000000000003e-08 1.1000000000000001e-08 0.0
2.1000000000000003e-08 1.2000000000000002e-08 0.0
2.1000000000000003e-08 1.3e-08 0.0
2.1000000000000003e-08 1.4000000000000001e-08 0.0
2.1000000000000003e-08 1.5000000000000002e-08 0.0
2.1000000000000003e-08 1.6e-08 0.0
2.1000000000000003e-08 1.7e-08 0.0
2.1000000000000003e-08 1.8000000000000002e-08 0.0
2.1000000000000003e-08 1.9e-08 0.0
2.1000000000000003e-08 2e-08 0.0
2.2000000000000002e-08 1e-08 0.0
2.2000000000000002e-08 1.1000000000000001e-08 0.0
2.2000000000000002e-08 1.2000000000000002e-08 0.0
2.2000000000000002e-08 1.3e-08 0.0
2.2000000000000002e-08 1.4000000000000001e-08 0.0
2.2000000000000002e-08 1.5000000000000002e-08 0.0
2.2000000000000002e-08 1.6e-08 0.0
2.2000000000000002e-08 1.7e-08 0.0
2.2000000000000002e-08 1.8000000000000002e-08 0.0
2.2000000000000002e-08 1.9e-08 0.0
2.2000000000000002e-08 2e-08 0.0
2.3e-08 1e-08 0.0
2.3e-08 1.1000000000000001e-08 0.0
2.3e-08 1.2000000000000002e-08 0.0
2.3e-08 1.3e-08 0.0
2.3e-08 1.4000000000000001e-08 0.0
2.3e-08 1.5000000000000002e-08 0.0
2.3e-08 1.6e-08 0.0
2.3e-08 1.7e-08 0.0
2.3e-08 1.8000000000000002e-08 0.0
2.3e-08 1.9e-08 0.0
2.3e-08 2e-08 0.0
2.4000000000000003e-08 1e-08 0.0
2.4000000000000003e-08 1.1000000000000001e-08 0.0
2.4000000000000003e-08 1.2000000000000002e-08 0.0
2.4000000000000003e-08 1.3e-08 0.0
2.4000000000000003e-08 1.4000000000000001e-08 0.0
2.4000000000000003e-08 1.5000000000000002e-08 0.0
2.4000000000000003e-08 1.6e-08 0.0
2.4000000000000003e-08 1.7e-08 0.0
2.4000000000000003e-08 1.8000000000000002e-08 0.0
2.4000000000000003e-08 1.9e-08 0.0
2.4000000000000003e-08 2e-08 0.0
2.5000000000000002e-08 1e-08 0.0
2.5000000000000002e-08 1.1000000000000001e-08 0.0
2.5000000000000002e-08 1.2000000000000002e-08 0.0
2.5000000000000002e-08 1.3e-08 0.0
2.5000000000000002e-08 1.4000000000000001e-08 0.0
2.5000000000000002e-08 1.5000000000000002e-08 0.0
2.5000000000000002e-08 1.6e-08 0.0
2.5000000000000002e-08 1.7e-08 0.0
2.5000000000000002e-08 1.8000000000000002e-08 0.0
2.5000000000000002e-08 1.9e-08 0.0
2.5000000000000002e-08 2e-08 0.0
2.6e-08 1e-08 0.0
2.6e-08 1.1000000000000001e-08 0.0
2.6e-08 1.2000000000000002e-08 0.0
2.6e-08 1.3e-08 0.0
2.6e-08 1.4000000000000001e-08 0.0
2.6e-08 1.5000000000000002e-08 0.0
2.6e-08 1.6e-08 0.0
2.6e-08 1.7e-08 0.0
2.6e-08 1.8000000000000002e-08 0.0
2.6e-08 1.9e-08 0.0
2.6e-08 2e-08 0.0
2.7e-08 1e-08 0.0
2.7e-08 1.1000000000000001e-08 0.0
2.7e-08 1.2000000000000002e-08 0.0
2.7e-08 1.3e-08 0.0
2.7e-08 1.4000000000000001e-08 0.0
2.7e-08 1.5000000000000002e-08 0.0
2.7e-08 1.6e-08 0.0
2.7e-08 1.7e-08 0.0
2.7e-08 1.8000000000000002e-08 0.0
2.7e-08 1.9e-08 0.0
2.7e-08 2e-08 0.0
2.8000000000000003e-08 1e-08 0.0
2.8000000000000003e-08 1.1000000000000001e-08 0.0
2.8000000000000003e-08 1.2000000000000002e-08 0.0
2.8000000000000003e-08 1.3e-08 0.0
2.8000000000000003e-08 1.4000000000000001e-08 0.0
2.8000000000000003e-08 1.5000000000000002e-08 0.0
2.8000000000000003e-08 1.6e-08 0.0
2.8000000000000003e-08 1.7e-08 0.0
2.8000000000000003e-08 1.8000000000000002e-08 0.0
2.8000000000000003e-08 1.9e-08 0.0
2.8000000000000003e-08 2e-08 0.0
2.9e-08 1e-08 0.0
2.9e-08 1.1000000000000001e-08 0.0
2.9e-08 1.2000000000000002e-08 0.0
2.9e-08 1.3e-08 0.0
2.9e-08 1.4000000000000001e-08 0.0
2.9e-08 1.5000000000000002e-08 0.0
2.9e-08 1.6e-08 0.0
2.9e-08 1.7e-08 0.0
2.9e-08 1.8000000000000002e-08 0.0
2.9e-08 1.9e-08 0.0
2.9e-08 2e-08 0.0
3.0000000000000004e-08 1e-08 0.0
3.0000000000000004e-08 1.1000000000000001e-08 0.0
3.0000000000000004e-08 1.2000000000000002e-08 0.0
3.0000000000000004e-08 1.3e-08 0.0
3.0000000000000004e-08 1.4000000000000001e-08 0.0
3.0000000000000004e-08 1.5000000000000002e-08 0.0
3.0000000000000004e-08 1.6e-08 0.0
3.0000000000000004e-08 1.7e-08 0.0
3.0000000000000004e-08 1.8000000000000002e-08 0.0
3.0000000000000004e-08 1.9e-08 0.0
3.0000000000000004e-08 2e-08 0.0
3.1e-08 1e-08 0.0
3.1e-08 1.1000000000000001e-08 0.0
3.1e-08 1.2000000000000002e-08 0.0
3.1e-08 1.3e-08 0.0
3.1e-08 1.4000000000000001e-08 0.0
3.1e-08 1.5000000000000002e-08 0.0
3.1e-08 1.6e-08 0.0
3.1e-08 1.7e-08 0.0
3.1e-08 1.8000000000000002e-08 0.0
3.1e-08 1.9e-08 0.0
3.1e-08 2e-08 0.0
3.2e-08 1e-08 0.0
3.2e-08 1.1000000000000001e-08 0.0
3.2e-08 1.2000000000000002e-08 0.0
3.2e-08 1.3e-08 0.0
3.2e-08 1.4000000000000001e-08 0.0
3.2e-08 1.5000000000000002e-08 0.0
3.2e-08 1.6e-08 0.0
3.2e-08 1.7e-08 0.0
3.2e-08 1.8000000000000002e-08 0.0
3.2e-08 1.9e-08 0.0
3.2e-08 2e-08 0.0
3.3000000000000004e-08 1e-08 0.0
3.3000000000000004e-08 1.1000000000000001e-08 0.0
3.3000000000000004e-08 1.2000000000000002e-08 0.0
3.3000000000000004e-08 1.3e-08 0.0
3.3000000000000004e-08 1.4000000000000001e-08 0.0
3.3000000000000004e-08 1.5000000000000002e-08 0.0
3.3000000000000004e-08 1.6e-08 0.0
3.3000000000000004e-08 1.7e-08 0.0
3.3000000000000004e-08 1.8000000000000002e-08 0.0
3.3000000000000004e-08 1.9e-08 0.0
3.3000000000000004e-08 2e-08 0.0
3.4e-08 1e-08 0.0
3.4e-08 1.1000000000000001e-08 0.0
3.4e-08 1.2000000000000002e-08 0.0
3.4e-08 1.3e-08 0.0
3.4e-08 1.4000000000000001e-08 0.0
3.4e-08 1.5000000000000002e-08 0.0
3.4e-08 1.6e-08 0.0
3.4e-08 1.7e-08 0.0
3.4e-08 1.8000000000000002e-08 0.0
3.4e-08 1.9e-08 0.0
3.4e-08 2e-08 0.0
3.5e-08 1e-08 0.0
3.5e-08 1.1000000000000001e-08 0.0
3.5e-08 1.2000000000000002e-08 0.0
3.5e-08 1.3e-08 0.0
3.5e-08 1.4000000000000001e-08 0.0
3.5e-08 1.5000000000000002e-08 0.0
3.5e-08 1.6e-08 0.0
3.5e-08 1.7e-08 0.0
3.5e-08 1.8000000000000002e-08 0.0
3.5e-08 1.9e-08 0.0
3.5e-08 2e-08 0.0
3.6000000000000005e-08 1e-08 0.0
3.6000000000000005e-08 1.1000000000000001e-08 0.0
3.6000000000000005e-08 1.2000000000000002e-08 0.0
3.6000000000000005e-08 1.3e-08 0.0
3.6000000000000005e-08 1.4000000000000001e-08 0.0
3.6000000000000005e-08 1.5000000000000002e-08 0.0
3.6000000000000005e-08 1.6e-08 0.0
3.6000000000000005e-08 1.7e-08 0.0
3.6000000000000005e-08 1.8000000000000002e-08 0.0
3.6000000000000005e-08 1.9e-08 0.0
3.6000000000000005e-08 2e-08 0.0
3.7e-08 1e-08 0.0
3.7e-08 1.1000000000000001e-08 0.0
3.7e-08 1.2000000000000002e-08 0.0
3.7e-08 1.3e-08 0.0
3.7e-08 1.4000000000000001e-08 0.0
3.7e-08 1.5000000000000002e-08 0.0
3.7e-08 1.6e-08 0.0
3.7e-08 1.7e-08 0.0
3.7e-08 1.8000000000000002e-08 0.0
3.7e-08 1.9e-08 0.0
3.7e-08 2e-08 0.0
3.8e-08 1e-08 0.0
3.8e-08 1.1000000000000001e-08 0.0
3.8e-08 1.2000000000000002e-08 0.0
3.8e-08 1.3e-08 0.0
3.8e-08 1.4000000000000001e-08 0.0
3.8e-08 1.5000000000000002e-08 0.0
3.8e-08 1.6e-08 0.0
3.8e-08 1.7e-08 0.0
3.8e-08 1.8000000000000002e-08 0.0
3.8e-08 1.9e-08 0.0
3.8e-08 2e-08 0.0
3.9000000000000005e-08 1e-08 0.0
3.9000000000000005e-08 1.1000000000000001e-08 0.0
3.9000000000000005e-08 1.2000000000000002e-08 0.0
3.9000000000000005e-08 1.3e-08 0.0
3.9000000000000005e-08 1.4000000000000001e-08 0.0
3.9000000000000005e-08 1.5000000000000002e-08 0.0
3.9000000000000005e-08 1.6e-08 0.0
3.9000000000000005e-08 1.7e-08 0.0
3.9000000000000005e-08 1.8000000000000002e-08 0.0
3.9000000000000005e-08 1.9e-08 0.0
3.9000000000000005e-08 2e-08 0.0
4e-08 1e-08 0.0
4e-08 1.1000000000000001e-08 0.0
4e-08 1.2000000000000002e-08 0.0
4e-08 1.3e-08 0.0
4e-08 1.4000000000000001e-08 0.0
4e-08 1.5000000000000002e-08 0.0
4e-08 1.6e-08 0.0
4e-08 1.7e-08 0.0
4e-08 1.8000000000000002e-08 0.0
4e-08 1.9e-08 0.0
4e-08 2e-08 0.0
4.1e-08 1e-08 0.0
4.1e-08 1.1000000000000001e-08 0.0
4.1e-08 1.2000000000000002e-08 0.0
4.1e-08 1.3e-08 0.0
4.1e-08 1.4000000000000001e-08 0.0
4.1e-08 1.5000000000000002e-08 0.0
4.1e-08 1.6e-08 0.0
4.1e-08 1.7e-08 0.0
4.1e-08 1.8000000000000002e-08 0.0
4.1e-08 1.9e-08 0.0
4.1e-08 2e-08 0.0
4.2000000000000006e-08 1e-08 0.0
4.2000000000000006e-08 1.1000000000000001e-08 0.0
4.2000000000000006e-08 1.2000000000000002e-08 0.0
4.2000000000000006e-08 1.3e-08 0.0
4.2000000000000006e-08 1.4000000000000001e-08 0.0
4.2000000000000006e-08 1.5000000000000002e-08 0.0
4.2000000000000006e-08 1.6e-08 0.0
4.2000000000000006e-08 1.7e-08 0.0
4.2000000000000006e-08 1.8000000000000002e-08 0.0
4.2000000000000006e-08 1.9e-08 0.0
4.2000000000000006e-08 2e-08 0.0
4.3e-08 1e-08 0.0
4.3e-08 1.1000000000000001e-08 0.0
4.3e-08 1.2000000000000002e-08 0.0
4.3e-08 1.3e-08 0.0
4.3e-08 1.4000000000000001e-08 0.0
4.3e-08 1.5000000000000002e-08 0.0
4.3e-08 1.6e-08 0.0
4.3e-08 1.7e-08 0.0
4.3e-08 1.8000000000000002e-08 0.0
4.3e-08 1.9e-08 0.0
4.3e-08 2e-08 0.0
4.4000000000000004e-08 1e-08 0.0
4.4000000000000004e-08 1.1000000000000001e-08 0.0
4.4000000000000004e-08 1.2000000000000002e-08 0.0
4.4000000000000004e-08 1.3e-08 0.0
4.4000000000000004e-08 1.4000000000000001e-08 0.0
4.4000000000000004e-08 1.5000000000000002e-08 0.0
4.4000000000000004e-08 1.6e-08 0.0
4.4000000000000004e-08 1.7e-08 0.0
4.4000000000000004e-08 1.8000000000000002e-08 0.0
4.4000000000000004e-08 1.9e-08 0.0
4.4000000000000004e-08 2e-08 0.0
4.5000000000000006e-08 1e-08 0.0
4.5000000000000006e-08 1.1000000000000001e-08 0.0
4.5000000000000006e-08 1.2000000000000002e-08 0.0
4.5000000000000006e-08 1.3e-08 0.0
4.5000000000000006e-08 1.4000000000000001e-08 0.0
4.5000000000000006e-08 1.5000000000000002e-08 0.0
4.5000000000000006e-08 1.6e-08 0.0
4.5000000000000006e-08 1.7e-08 0.0
4.5000000000000006e-08 1.8000000000000002e-08 0.0
4.5000000000000006e-08 1.9e-08 0.0
4.5000000000000006e-08 2e-08 0.0
4.6e-08 1e-08 0.0
4.6e-08 1.1000000000000001e-08 0.0
4.6e-08 1.2000000000000002e-08 0.0
4.6e-08 1.3e-08 0.0
4.6e-08 1.4000000000000001e-08 0.0
4.6e-08 1.5000000000000002e-08 0.0
4.6e-08 1.6e-08 0.0
4.6e-08 1.7e-08 0.0
4.6e-08 1.8000000000000002e-08 0.0
4.6e-08 1.9e-08 0.0
4.6e-08 2e-08 0.0
4.7000000000000004e-08 1e-08 0.0
4.7000000000000004e-08 1.1000000000000001e-08 0.0
4.7000000000000004e-08 1.2000000000000002e-08 0.0
4.7000000000000004e-08 1.3e-08 0.0
4.7000000000000004e-08 1.4000000000000001e-08 0.0
4.7000000000000004e-08 1.5000000000000002e-08 0.0
4.7000000000000004e-08 1.6e-08 0.0
4.7000000000000004e-08 1.7e-08 0.0
4.7000000000000004e-08 1.8000000000000002e-08 0.0
4.7000000000000004e-08 1.9e-08 0.0
4.7000000000000004e-08 2e-08 0.0
4.8000000000000006e-08 1e-08 0.0
4.8000000000000006e-08 1.1000000000000001e-08 0.0
4.8000000000000006e-08 1.2000000000000002e-08 0.0
4.8000000000000006e-08 1.3e-08 0.0
4.8000000000000006e-08 1.4000000000000001e-08 0.0
4.8000000000000006e-08 1.5000000000000002e-08 0.0
4.8000000000000006e-08 1.6e-08 0.0
4.8000000000000006e-08 1.7e-08 0.0
4.8000000000000006e-08 1.8000000000000002e-08 0.0
4.8000000000000006e-08 1.9e-08 0.0
4.8000000000000006e-08 2e-08 0.0
4.9e-08 1e-08 0.0
4.9e-08 1.1000000000000001e-08 0.0
4.9e-08 1.2000000000000002e-08 0.0
4.9e-08 1.3e-08 0.0
4.9e-08 1.4000000000000001e-08 0.0
4.9e-08 1.5000000000000002e-08 0.0
4.9e-08 1.6e-08 0.0
4.9e-08 1.7e-08 0.0
4.9e-08 1.8000000000000002e-08 0.0
4.9e-08 1.9e-08 0.0
4.9e-08 2e-08 0.0
5.0000000000000004e-08 1e-08 0.0
5.0000000000000004e-08 1.1000000000000001e-08 0.0
5.0000000000000004e-08 1.2000000000000002e-08 0.0
5.0000000000000004e-08 1.3e-08 0.0
5.0000000000000004e-08 1.4000000000000001e-08 0.0
5.0000000000000004e-08 1.5000000000000002e-08 0.0
5.0000000000000004e-08 1.6e-08 0.0
5.0000000000000004e-08 1.7e-08 0.0
5.0000000000000004e-08 1.8000000000000002e-08 0.0
5.0000000000000004e-08 1.9e-08 0.0
5.0000000000000004e-08 2e-08 0.0
    </DataArray>
   </Points>
   <Cells>
    <DataArray type="Int32" Name="connectivity" format="ascii">
0 11 1
11 12 1
1 12 2
12 13 2
2 13 3
13 14 3
3 14 4
14 15 4
4 15 5
15 16 5
5 16 6
16 17 6
6 17 7
17 18 7
7 18 8
18 19 8
8 19 9
19 20 9
9 20 10
20 21 10
11 22 12
22 23 12
12 23 13
23 24 13
13 24 14
24 25 14
14 25 15
25 26 15
15 26 16
26 27 16
16 27 17
27 28 17
17 28 18
28 29 18
18 29 19
29 30 19
19 30 20
30 31 20
20 31 21
31 32 21
22 33 23
33 34 23
23 34 24
34 35 24
24 35 25
35 36 25
25 36 26
36 37 26
26 37 27
37 38 27
27 38 28
38 39 28
28 39 29
39 40 29
29 40 30
40 41 30
30 41 31
41 42 31
31 42 32
42 43 32
33 44 34
44 45 34
34 45 35
45 46 35
35 46 36
46 47 36
36 47 37
47 48 37
37 48 38
48 49 38
38 49 39
49 50 39
39 50 40
50 51 40
40 51 41
51 52 41
41 52 42
52 53 42
42 53 43
53 54 43
44 55 45
55 56 45
45 56 46
56 57 46
46 57 47
57 58 47
47 58 48
58 59 48
48 59 49
59 60 49
49 60 50
60 61 50
50 61 51
61 62 51
51 62 52
62 63 52
52 63 53
63 64 53
53 64 54
64 65 54
55 66 56
66 67 56
56 67 57
67 68 57
57 68 58
68 69 58
58 69 59
69 70 59
59 70 60
70 71 60
60 71 61
71 72 61
61 72 62
72 73 62
62 73 63
73 74 63
63 74 64
74 75 64
64 75 65
75 76 65
66 77 67
77 78 67
67 78 68
78 79 68
68 79 69
79 80 69
69 80 70
80 81 70
70 81 71
81 82 71
71 82 72
82 83 72
72 83 73
83 84 73
73 84 74
84 85 74
74 85 75
85 86 75
75 86 76
86 87 76
77 88 78
88 89 78
78 89 79
89 90 79
79 90 80
90 91 80
80 91 81
91 92 81
81 92 82
92 93 82
82 93 83
93 94 83
83 94 84
94 95 84
84 95 85
95 96 85
85 96 86
96 97 86
86 97 87
97 98 87
88 99 89
99 100 89
89 100 90
100 101 90
90 101 91
101 102 91
91 102 92
102 103 92
92 103 93
103 104 93
93 104 94
104 105 94
94 105 95
105 106 95
95 106 96
106 107 96
96 107 97
107 108 97
97 108 98
108 109 98
99 110 100
110 111 100
100 111 101
111 112 101
101 112 102
112 113 102
102 113 103
113 114 103
103 114 104
114 115 104
104 115 105
115 116 105
105 116 106
116 117 106
106 117 107
117 118 107
107 118 108
118 119 108
108 119 109
119 120 109
110 121 111
121 122 111
111 122 112
122 123 112
112 123 113
123 124 113
113 124 114
124 125 114
114 125 115
125 126 115
115 126 116
126 127 116
116 127 117
127 128 117
117 128 118
128 129 118
118 129 119
129 130 119
119 130 120
130 131 120
121 132 122
132 133 122
122 133 123
133 134 123
123 134 124
134 135 124
124 135 125
135 136 125
125 136 126
136 137 126
126 137 127
137 138 127
127 138 128
138 139 128
128 139 129
139 140 129
129 140 130
140 141 130
130 141 131
141 142 131
132 143 133
143 144 133
133 144 134
144 145 134
134 145 135
145 146 135
135 146 136
146 147 136
136 147 137
147 148 137
137 148 138
148 149 138
138 149 139
149 150 139
139 150 140
150 151 140
140 151 141
151 152 141
141 152 142
152 153 142
143 154 144
154 155 144
144 155 145
155 156 145
145 156 146
156 157 146
146 157 147
157 158 147
147 158 148
158 159 148
148 159 149
159 160 149
149 160 150
160 161 150
150 161 151
161 162 151
151 162 152
162 163 152
152 163 153
163 164 153
154 165 155
165 166 155
155 166 156
166 167 156
156 167 157
167 168 157
157 168 158
168 169 158
158 169 159
169 170 159
159 170 160
170 171 160
160 171 161
171 172 161
161 172 162
172 173 162
162 173 163
173 174 163
163 174 164
174 175 164
165 176 166
176 177 166
166 177 167
177 178 167
167 178 168
178 179 168
168 179 169
179 180 169
169 180 170
180 181 170
170 181 171
181 182 171
171 182 172
182 183 172
172 183 173
183 184 173
173 184 174
184 185 174
174 185 175
185 186 175
176 187 177
187 188 177
177 188 178
188 189 178
178 189 179
189 190 179
179 190 180
190 191 180
180 191 181
191 192 181
181 192 182
192 193 182
182 193 183
193 194 183
183 194 184
194 195 184
184 195 185
195 196 185
185 196 186
196 197 186
187 198 188
198 199 188
188 199 189
199 200 189
189 200 190
200 201 190
190 201 191
201 202 191
191 202 192
202 203 192
192 203 193
203 204 193
193 204 194
204 205 194
194 205 195
205 206 195
195 206 196
206 207 196
196 207 197
207 208 197
198 209 199
209 210 199
199 210 200
210 211 200
200 211 201
211 212 201
201 212 202
212 213 202
202 213 203
213 214 203
203 214 204
214 215 204
204 215 205
215 216 205
205 216 206
216 217 206
206 217 207
217 218 207
207 218 208
218 219 208
209 220 210
220 221 210
210 221 211
221 222 211
211 222 212
222 223 212
212 223 213
223 224 213
213 224 214
224 225 214
214 225 215
225 226 215
215 226 216
226 227 216
216 227 217
227 228 217
217 228 218
228 229 218
218 229 219
229 230 219
220 231 221
231 232 221
221 232 222
232 233 222
222 233 223
233 234 223
223 234 224
234 235 224
224 235 225
235 236 225
225 236 226
236 237 226
226 237 227
237 238 227
227 238 228
238 239 228
228 239 229
239 240 229
229 240 230
240 241 230
231 242 232
242 243 232
232 243 233
243 244 233
233 244 234
244 245 234
234 245 235
245 246 235
235 246 236
246 247 236
236 247 237
247 248 237
237 248 238
248 249 238
238 249 239
249 250 239
239 250 240
250 251 240
240 251 241
251 252 241
242 253 243
253 254 243
243 254 244
254 255 244
244 255 245
255 256 245
245 256 246
256 257 246
246 257 247
257 258 247
247 258 248
258 259 248
248 259 249
259 260 249
249 260 250
260 261 250
250 261 251
261 262 251
251 262 252
262 263 252
253 264 254
264 265 254
254 265 255
265 266 255
255 266 256
266 267 256
256 267 257
267 268 257
257 268 258
268 269 258
258 269 259
269 270 259
259 270 260
270 271 260
260 271 261
271 272 261
261 272 262
272 273 262
262 273 263
273 274 263
264 275 265
275 276 265
265 276 266
276 277 266
266 277 267
277 278 267
267 278 268
278 279 268
268 279 269
279 280 269
269 280 270
280 281 270
270 281 271
281 282 271
271 282 272
282 283 272
272 283 273
283 284 273
273 284 274
284 285 274
275 286 287
275 287 276
276 287 288
276 288 277
277 288 289
277 289 278
278 289 290
278 290 279
279 290 291
279 291 280
280 291 292
280 292 281
281 292 293
281 293 282
282 293 294
282 294 283
283 294 295
283 295 284
284 295 296
284 296 285
286 297 298
286 298 287
287 298 299
287 299 288
288 299 300
288 300 289
289 300 301
289 301 290
290 301 302
290 302 291
291 302 303
291 303 292
292 303 304
292 304 293
293 304 305
293 305 294
294 305 306
294 306 295
295 306 307
295 307 296
297 308 309
297 309 298
298 309 310
298 310 299
299 310 311
299 311 300
300 311 312
300 312 301
301 312 313
301 313 302
302 313 314
302 314 303
303 314 315
303 315 304
304 315 316
304 316 305
305 316 317
305 317 306
306 317 318
306 318 307
308 319 320
308 320 309
309 320 321
309 321 310
310 321 322
310 322 311
311 322 323
311 323 312
312 323 324
312 324 313
313 324 325
313 325 314
314 325 326
314 326 315
315 326 327
315 327 316
316 327 328
316 328 317
317 328 329
317 329 318
319 330 331
319 331 320
320 331 332
320 332 321
321 332 333
321 333 322
322 333 334
322 334 323
323 334 335
323 335 324
324 335 336
324 336 325
325 336 337
325 337 326
326 337 338
326 338 327
327 338 339
327 339 328
328 339 340
328 340 329
330 341 342
330 342 331
331 342 343
331 343 332
332 343 344
332 344 333
333 344 345
333 345 334
334 345 346
334 346 335
335 346 347
335 347 336
336 347 348
336 348 337
337 348 349
337 349 338
338 349 350
338 350 339
339 350 351
339 351 340
341 352 353
341 353 342
342 353 354
342 354 343
343 354 355
343 355 344
344 355 356
344 356 345
345 356 357
345 357 346
346 357 358
346 358 347
347 358 359
347 359 348
348 359 360
348 360 349
349 360 361
349 361 350
350 361 362
350 362 351
352 363 364
352 364 353
353 364 365
353 365 354
354 365 366
354 366 355
355 366 367
355 367 356
356 367 368
356 368 357
357 368 369
357 369 358
358 369 370
358 370 359
359 370 371
359 371 360
360 371 372
360 372 361
361 372 373
361 373 362
363 374 375
363 375 364
364 375 376
364 376 365
365 376 377
365 377 366
366 377 378
366 378 367
367 378 379
367 379 368
368 379 380
368 380 369
369 380 381
369 381 370
370 381 382
370 382 371
371 382 383
371 383 372
372 383 384
372 384 373
374 385 386
374 386 375
375 386 387
375 387 376
376 387 388
376 388 377
377 388 389
377 389 378
378 389 390
378 390 379
379 390 391
379 391 380
380 391 392
380 392 381
381 392 393
381 393 382
382 393 394
382 394 383
383 394 395
383 395 384
385 396 397
385 397 386
386 397 398
386 398 387
387 398 399
387 399 388
388 399 400
388 400 389
389 400 401
389 401 390
390 401 402
390 402 391
391 402 403
391 403 392
392 403 404
392 404 393
393 404 405
393 405 394
394 405 406
394 406 395
396 407 408
396 408 397
397 408 409
397 409 398
398 409 410
398 410 399
399 410 411
399 411 400
400 411 412
400 412 401
401 412 413
401 413 402
402 413 414
402 414 403
403 414 415
403 415 404
404 415 416
404 416 405
405 416 417
405 417 406
407 418 419
407 419 408
408 419 420
408 420 409
409 420 421
409 421 410
410 421 422
410 422 411
411 422 423
411 423 412
412 423 424
412 424 413
413 424 425
413 425 414
414 425 426
414 426 415
415 426 427
415 427 416
416 427 428
416 428 417
418 429 430
418 430 419
419 430 431
419 431 420
420 431 432
420 432 421
421 432 433
421 433 422
422 433 434
422 434 423
423 434 435
423 435 424
424 435 436
424 436 425
425 436 437
425 437 426
426 437 438
426 438 427
427 438 439
427 439 428
429 440 441
429 441 430
430 441 442
430 442 431
431 442 443
431 443 432
432 443 444
432 444 433
433 444 445
433 445 434
434 445 446
434 446 435
435 446 447
435 447 436
436 447 448
436 448 437
437 448 449
437 449 438
438 449 450
438 450 439
440 451 452
440 452 441
441 452 453
441 453 442
442 453 454
442 454 443
443 454 455
443 455 444
444 455 456
444 456 445
445 456 457
445 457 446
446 457 458
446 458 447
447 458 459
447 459 448
448 459 460
448 460 449
449 460 461
449 461 450
451 462 463
451 463 452
452 463 464
452 464 453
453 464 465
453 465 454
454 465 466
454 466 455
455 466 467
455 467 456
456 467 468
456 468 457
457 468 469
457 469 458
458 469 470
458 470 459
459 470 471
459 471 460
460 471 472
460 472 461
462 473 474
462 474 463
463 474 475
463 475 464
464 475 476
464 476 465
465 476 477
465 477 466
466 477 478
466 478 467
467 478 479
467 479 468
468 479 480
468 480 469
469 480 481
469 481 470
470 481 482
470 482 471
471 482 483
471 483 472
473 484 485
473 485 474
474 485 486
474 486 475
475 486 487
475 487 476
476 487 488
476 488 477
477 488 489
477 489 478
478 489 490
478 490 479
479 490 491
479 491 480
480 491 492
480 492 481
481 492 493
481 493 482
482 493 494
482 494 483
484 495 496
484 496 485
485 496 497
485 497 486
486 497 498
486 498 487
487 498 499
487 499 488
488 499 500
488 500 489
489 500 501
489 501 490
490 501 502
490 502 491
491 502 503
491 503 492
492 503 504
492 504 493
493 504 505
493 505 494
495 506 507
495 507 496
496 507 508
496 508 497
497 508 509
497 509 498
498 509 510
498 510 499
499 510 511
499 511 500
500 511 512
500 512 501
501 512 513
501 513 502
502 513 514
502 514 503
503 514 515
503 515 504
504 515 516
504 516 505
506 517 518
506 518 507
507 518 519
507 519 508
508 519 520
508 520 509
509 520 521
509 521 510
510 521 522
510 522 511
511 522 523
511 523 512
512 523 524
512 524 513
513 524 525
513 525 514
514 525 526
514 526 515
515 526 527
515 527 516
517 528 529
517 529 518
518 529 530
518 530 519
519 530 531
519 531 520
520 531 532
520 532 521
521 532 533
521 533 522
522 533 534
522 534 523
523 534 535
523 535 524
524 535 536
524 536 525
525 536 537
525 537 526
526 537 538
526 538 527
528 539 540
528 540 529
529 540 541
529 541 530
530 541 542
530 542 531
531 542 543
531 543 532
532 543 544
532 544 533
533 544 545
533 545 534
534 545 546
534 546 535
535 546 547
535 547 536
536 547 548
536 548 537
537 548 549
537 549 538
539 550 551
539 551 540
540 551 552
540 552 541
541 552 553
541 553 542
542 553 554
542 554 543
543 554 555
543 555 544
544 555 556
544 556 545
545 556 557
545 557 546
546 557 558
546 558 547
547 558 559
547 559 548
548 559 560
548 560 549
    </DataArray>
    <DataArray type="Int32" Name="offsets" format="ascii">
3 6 9 12 15 18 21 24 27 30 33 36 39 42 45 48 51 54 57 60 63 66 69 72 75 78 81 84 87 90 93 96 99 102 105 108 111 114 117 120 123 126 129 132 135 138 141 144 147 150 153 156 159 162 165 168 171 174 177 180 183 186 189 192 195 198 201 204 207 210 213 216 219 222 225 228 231 234 237 240 243 246 249 252 255 258 261 264 267 270 273 276 279 282 285 288 291 294 297 300 303 306 309 312 315 318 321 324 327 330 333 336 339 342 345 348 351 354 357 360 363 366 369 372 375 378 381 384 387 390 393 396 399 402 405 408 411 414 417 420 423 426 429 432 435 438 441 444 447 450 453 456 459 462 465 468 471 474 477 480 483 486 489 492 495 498 501 504 507 510 513 516 519 522 525 528 531 534 537 540 543 546 549 552 555 558 561 564 567 570 573 576 579 582 585 588 591 594 597 600 603 606 609 612 615 618 621 624 627 630 633 636 639 642 645 648 651 654 657 660 663 666 669 672 675 678 681 684 687 690 693 696 699 702 705 708 711 714 717 720 723 726 729 732 735 738 741 744 747 750 753 756 759 762 765 768 771 774 777 780 783 786 789 792 795 798 801 804 807 810 813 816 819 822 825 828 831 834 837 840 843 846 849 852 855 858 861 864 867 870 873 876 879 882 885 888 891 894 897 900 903 906 909 912 915 918 921 924 927 930 933 936 939 942 945 948 951 954 957 960 963 966 969 972 975 978 981 984 987 990 993 996 999 1002 1005 1008 1011 1014 1017 1020 1023 1026 1029 1032 1035 1038 1041 1044 1047 1050 1053 1056 1059 1062 1065 1068 1071 1074 1077 1080 1083 1086 1089 1092 1095 1098 1101 1104 1107 1110 1113 1116 1119 1122 1125 1128 1131 1134 1137 1140 1143 1146 1149 1152 1155 1158 1161 1164 1167 1170 1173 1176 1179 1182 1185 1188 1191 1194 1197 1200 1203 1206 1209 1212 1215 1218 1221 1224 1227 1230 1233 1236 1239 1242 1245 1248 1251 1254 1257 1260 1263 1266 1269 1272 1275 1278 1281 1284 1287 1290 1293 1296 1299 1302 1305 1308 1311 1314 1317 1320 1323 1326 1329 1332 1335 1338 1341 1344 1347 1350 1353 1356 1359 1362 1365 1368 1371 1374 1377 1380 1383 1386 1389 1392 1395 1398 1401 1404 1407 1410 1413 1416 1419 1422 1425 1428 1431 1434 1437 1440 1443 1446 1449 1452 1455 1458 1461 1464 1467 1470 1473 1476 1479 1482 1485 1488 1491 1494 1497 1500 1503 1506 1509 1512 1515 1518 1521 1524 1527 1530 1533 1536 1539 1542 1545 1548 1551 1554 1557 1560 1563 1566 1569 1572 1575 1578 1581 1584 1587 1590 1593 1596 1599 1602 1605 1608 1611 1614 1617 1620 1623 1626 1629 1632 1635 1638 1641 1644 1647 1650 1653 1656 1659 1662 1665 1668 1671 1674 1677 1680 1683 1686 1689 1692 1695 1698 1701 1704 1707 1710 1713 1716 1719 1722 1725 1728 1731 1734 1737 1740 1743 1746 1749 1752 1755 1758 1761 1764 1767 1770 1773 1776 1779 1782 1785 1788 1791 1794 1797 1800 1803 1806 1809 1812 1815 1818 1821 1824 1827 1830 1833 1836 1839 1842 1845 1848 1851 1854 1857 1860 1863 1866 1869 1872 1875 1878 1881 1884 1887 1890 1893 1896 1899 1902 1905 1908 1911 1914 1917 1920 1923 1926 1929 1932 1935 1938 1941 1944 1947 1950 1953 1956 1959 1962 1965 1968 1971 1974 1977 1980 1983 1986 1989 1992 1995 1998 2001 2004 2007 2010 2013 2016 2019 2022 2025 2028 2031 2034 2037 2040 2043 2046 2049 2052 2055 2058 2061 2064 2067 2070 2073 2076 2079 2082 2085 2088 2091 2094 2097 2100 2103 2106 2109 2112 2115 2118 2121 2124 2127 2130 2133 2136 2139 2142 2145 2148 2151 2154 2157 2160 2163 2166 2169 2172 2175 2178 2181 2184 2187 2190 2193 2196 2199 2202 2205 2208 2211 2214 2217 2220 2223 2226 2229 2232 2235 2238 2241 2244 2247 2250 2253 2256 2259 2262 2265 2268 2271 2274 2277 2280 2283 2286 2289 2292 2295 2298 2301 2304 2307 2310 2313 2316 2319 2322 2325 2328 2331 2334 2337 2340 2343 2346 2349 2352 2355 2358 2361 2364 2367 2370 2373 2376 2379 2382 2385 2388 2391 2394 2397 2400 2403 2406 2409 2412 2415 2418 2421 2424 2427 2430 2433 2436 2439 2442 2445 2448 2451 2454 2457 2460 2463 2466 2469 2472 2475 2478 2481 2484 2487 2490 2493 2496 2499 2502 2505 2508 2511 2514 2517 2520 2523 2526 2529 2532 2535 2538 2541 2544 2547 2550 2553 2556 2559 2562 2565 2568 2571 2574 2577 2580 2583 2586 2589 2592 2595 2598 2601 2604 2607 2610 2613 2616 2619 2622 2625 2628 2631 2634 2637 2640 2643 2646 2649 2652 2655 2658 2661 2664 2667 2670 2673 2676 2679 2682 2685 2688 2691 2694 2697 2700 2703 2706 2709 2712 2715 2718 2721 2724 2727 2730 2733 2736 2739 2742 2745 2748 2751 2754 2757 2760 2763 2766 2769 2772 2775 2778 2781 2784 2787 2790 2793 2796 2799 2802 2805 2808 2811 2814 2817 2820 2823 2826 2829 2832 2835 2838 2841 2844 2847 2850 2853 2856 2859 2862 2865 2868 2871 2874 2877 2880 2883 2886 2889 2892 2895 2898 2901 2904 2907 2910 2913 2916 2919 2922 2925 2928 2931 2934 2937 2940 2943 2946 2949 2952 2955 2958 2961 2964 2967 2970 2973 2976 2979 2982 2985 2988 2991 2994 2997 3000
    </DataArray>
    <DataArray type="UInt8" Name="types" format="ascii">
5 5 5 5 5 5 5 5 5 5 5 5 5 5 5 5 5 5 5 5 5 5 5 5 5 5 5 5 5 5 5 5 5 5 5 5 5 5 5 5 5 5 5 5 5 5 5 5 5 5 5 5 5 5 5 5 5 5 5 5 5 5 5 5 5 5 5 5 5 5 5 5 5 5 5 5 5 5 5 5 5 5 5 5 5 5 5 5 5 5 5 5 5 5 5 5 5 5 5 5 5 5 5 5 5 5 5 5 5 5 5 5 5 5 5 5 5 5 5 5 5 5 5 5 5 5 5 5 5 5 5 5 5 5 5 5 5 5 5 5 5 5 5 5 5 5 5 5 5 5 5 5 5 5 5 5 5 5 5 5 5 5 5 5 5 5 5 5 5 5 5 5 5 5 5 5 5 5 5 5 5 5 5 5 5 5 5 5 5 5 5 5 5 5 5 5 5 5 5 5 5 5 5 5 5 5 5 5 5 5 5 5 5 5 5 5 5 5 5 5 5 5 5 5 5 5 5 5 5 5 5 5 5 5 5 5 5 5 5 5 5 5 5 5 5 5 5 5 5 5 5 5 5 5 5 5 5 5 5 5 5 5 5 5 5 5 5 5 5 5 5 5 5 5 5 5 5 5 5 5 5 5 5 5 5 5 5 5 5 5 5 5 5 5 5 5 5 5 5 5 5 5 5 5 5 5 5 5 5 5 5 5 5 5 5 5 5 5 5 5 5 5 5 5 5 5 5 5 5 5 5 5 5 5 5 5 5 5 5 5 5 5 5 5 5 5 5 5 5 5 5 5 5 5 5 5 5 5 5 5 5 5 5 5 5 5 5 5 5 5 5 5 5 5 5 5 5 5 5 5 5 5 5 5 5 5 5 5 5 5 5 5 5 5 5 5 5 5 5 5 5 5 5 5 5 5 5 5 5 5 5 5 5 5 5 5 5 5 5 5 5 5 5 5 5 5 5 5 5 5 5 5 5 5 5 5 5 5 5 5 5 5 5 5 5 5 5 5 5 5 5 5 5 5 5 5 5 5 5 5 5 5 5 5 5 5 5 5 5 5 5 5 5 5 5 5 5 5 5 5 5 5 5 5 5 5 5 5 5 5 5 5 5 5 5 5 5 5 5 5 5 5 5 5 5 5 5 5 5 5 5 5 5 5 5 5 5 5 5 5 5 5 5 5 5 5 5 5 5 5 5 5 5 5 5 5 5 5 5 5 5 5 5 5 5 5 5 5 5 5 5 5 5 5 5 5 5 5 5 5 5 5 5 5 5 5 5 5 5 5 5 5 5 5 5 5 5 5 5 5 5 5 5 5 5 5 5 5 5 5 5 5 5 5 5 5 5 5 5 5 5 5 5 5 5 5 5 5 5 5 5 5 5 5 5 5 5 5 5 5 5 5 5 5 5 5 5 5 5 5 5 5 5 5 5 5 5 5 5 5 5 5 5 5 5 5 5 5 5 5 5 5 5 5 5 5 5 5 5 5 5 5 5 5 5 5 5 5 5 5 5 5 5 5 5 5 5 5 5 5 5 5 5 5 5 5 5 5 5 5 5 5 5 5 5 5 5 5 5 5 5 5 5 5 5 5 5 5 5 5 5 5 5 5 5 5 5 5 5 5 5 5 5 5 5 5 5 5 5 5 5 5 5 5 5 5 5 5 5 5 5 5 5 5 5 5 5 5 5 5 5 5 5 5 5 5 5 5 5 5 5 5 5 5 5 5 5 5 5 5 5 5 5 5 5 5 5 5 5 5 5 5 5 5 5 5 5 5 5 5 5 5 5 5 5 5 5 5 5 5 5 5 5 5 5 5 5 5 5 5 5 5 5 5 5 5 5 5 5 5 5 5 5 5 5 5 5 5 5 5 5 5 5 5 5 5 5 5 5 5 5 5 5 5 5 5 5 5 5 5 5 5 5 5 5 5 5 5 5 5 5 5 5 5 5 5 5 5 5 5 5 5 5 5 5 5 5 5 5 5 5 5 5 5 5 5 5 5 5 5 5 5 5 5 5 5 5 5 5 5 5 5 5 5 5 5 5 5 5 5 5 5 5 5 5 5 5 5 5 5 5 5 5 5 5 5 5 5 5 5 5 5 5 5 5 5 5 5 5 5 5 5 5 5 5 5 5 5 5 5 5 5 5 5 5 5 5 5 5 5 5 5 5 5 5 5 5 5 5 5 5 5 5 5 5 5 5 5 5 5 5 5 5 5 5 5 5 5 5 5 5 5 5 5 5 5 5 5 5 5
    </DataArray>
   </Cells>
   <PointData>
    <DataArray type="Float32" Name="Acceptor Doping [log10(m^-3)]" NumberOfComponents="1" format="ascii">
0.0 0.0 0.0 0.0 0.0 0.0 0.0 0.0 0.0 0.0 0.0 0.0 0.0 0.0 0.0 0.0 0.0 0.0 0.0 0.0 0.0 0.0 0.0 0.0 0.0 0.0 0.0 0.0 0.0 0.0 0.0 0.0 0.0 0.0 0.0 0.0 0.0 0.0 0.0 0.0 0.0 0.0 0.0 0.0 0.0 0.0 0.0 0.0 0.0 0.0 0.0 0.0 0.0 0.0 0.0 0.0 0.0 0.0 0.0 0.0 0.0 0.0 0.0 0.0 0.0 0.0 0.0 0.0 0.0 0.0 0.0 0.0 0.0 0.0 0.0 0.0 0.0 0.0 0.0 0.0 0.0 0.0 0.0 0.0 0.0 0.0 0.0 0.0 0.0 0.0 0.0 0.0 0.0 0.0 0.0 0.0 0.0 0.0 0.0 0.0 0.0 0.0 0.0 0.0 0.0 0.0 0.0 0.0 0.0 0.0 0.0 0.0 0.0 0.0 0.0 0.0 0.0 0.0 0.0 0.0 0.0 0.0 0.0 0.0 0.0 0.0 0.0 0.0 0.0 0.0 0.0 0.0 0.0 0.0 0.0 0.0 0.0 0.0 0.0 0.0 0.0 0.0 0.0 0.0 0.0 0.0 0.0 0.0 0.0 0.0 0.0 0.0 0.0 0.0 0.0 0.0 0.0 0.0 0.0 0.0 0.0 0.0 0.0 0.0 0.0 0.0 0.0 0.0 0.0 0.0 0.0 0.0 0.0 0.0 0.0 0.0 0.0 0.0 0.0 0.0 0.0 0.0 0.0 0.0 0.0 0.0 0.0 0.0 0.0 0.0 0.0 0.0 0.0 0.0 0.0 0.0 0.0 0.0 0.0 0.0 0.0 0.0 0.0 0.0 0.0 0.0 0.0 0.0 0.0 0.0 0.0 0.0 0.0 0.0 0.0 0.0 0.0 0.0 0.0 0.0 0.0 0.0 0.0 0.0 0.0 0.0 0.0 0.0 0.0 0.0 0.0 0.0 0.0 0.0 0.0 0.0 0.0 0.0 0.0 0.0 0.0 0.0 0.0 0.0 0.0 0.0 0.0 0.0 0.0 0.0 0.0 0.0 0.0 0.0 0.0 0.0 0.0 0.0 0.0 0.0 0.0 0.0 0.0 0.0 0.0 0.0 0.0 0.0 0.0 0.0 0.0 0.0 0.0 0.0 0.0 0.0 0.0 0.0 0.0 0.0 0.0 0.0 0.0 0.0 0.0 0.0 0.0 0.0 0.0 0.0 0.0 0.0 0.0 0.0 0.0 0.0 0.0 0.0 0.0 0.0 0.0 0.0 0.0 0.0 0.0 0.0 0.0 0.0 0.0 0.0 0.0 0.0 0.0 0.0 0.0 0.0 0.0 0.0 0.0 0.0 0.0 0.0 0.0 0.0 0.0 0.0 0.0 0.0 0.0 0.0 0.0 0.0 0.0 0.0 0.0 0.0 0.0 0.0 0.0 0.0 0.0 0.0 0.0 0.0 0.0 0.0 0.0 0.0 0.0 0.0 0.0 0.0 0.0 0.0 0.0 0.0 0.0 0.0 0.0 0.0 0.0 0.0 0.0 0.0 0.0 0.0 0.0 0.0 0.0 0.0 0.0 0.0 0.0 0.0 0.0 0.0 0.0 0.0 0.0 0.0 0.0 0.0 0.0 0.0 0.0 0.0 0.0 0.0 0.0 0.0 0.0 0.0 0.0 0.0 0.0 0.0 0.0 0.0 0.0 0.0 0.0 0.0 0.0 0.0 0.0 0.0 0.0 0.0 0.0 0.0 0.0 0.0 0.0 0.0 0.0 0.0 0.0 0.0 0.0 0.0 0.0 0.0 0.0 0.0 0.0 0.0 0.0 0.0 0.0 0.0 0.0 0.0 0.0 0.0 0.0 0.0 0.0 0.0 0.0 0.0 0.0 0.0 0.0 0.0 0.0 0.0 0.0 0.0 0.0 0.0 0.0 0.0 0.0 0.0 0.0 0.0 0.0 0.0 0.0 0.0 0.0 0.0 0.0 0.0 0.0 0.0 0.0 0.0 0.0 0.0 0.0 0.0 0.0 0.0 0.0 0.0 0.0 0.0 0.0 0.0 0.0 0.0 0.0 0.0 0.0 0.0 0.0 0.0 0.0 0.0 0.0 0.0 0.0 0.0 0.0 0.0 0.0 0.0 0.0 0.0 0.0 0.0 0.0 0.0 0.0 0.0 0.0 0.0 0.0 0.0 0.0 0.0 0.0 0.0 0.0 0.0 0.0 0.0 0.0 0.0 0.0 0.0 0.0 0.0 0.0 0.0 0.0 0.0 0.0 0.0 0.0 0.0 0.0 0.0 0.0 0.0 0.0 0.0 0.0 0.0 0.0 0.0 0.0 0.0 0.0 0.0 0.0 0.0 0.0 0.0 0.0 0.0 0.0 0.0 0.0 0.0 0.0 0.0 0.0 0.0 0.0
    </DataArray>
    <DataArray type="Float32" Name="Donor Doping [log10(m^-3)]" NumberOfComponents="1" format="ascii">
26.10831995752379 26.17855240551825 26.18646198434722 26.18131390918283 26.17089100053663 26.154483452237763 26.12866545761017 26.083918497529496 25.98651434472962 25.725025818727783 25.299942900022767 26.028535782358045 26.11460492589292 26.138412464659915 26.142497918479314 26.13820888119873 26.12567915068608 26.101890037084196 26.057062611082703 25.95633967108253 25.69389321003095 25.299942900022767 25.816236474997353 25.93169602761456 26.005198557889514 26.03322233206654 26.044643407494377 26.041995457774355 26.022907415004262 25.976427084453125 25.86543669898876 25.60703383761242 25.299942900022767 25.55446484565975 25.649257478193356 25.79276716448371 25.8558929638263 25.8901822490508 25.901275291970517 25.88703029456714 25.83475088967635 25.71080856349483 25.48476141427229 25.299942900022767 25.34274664559554 25.36198901658524 25.520868917620763 25.60086619478077 25.65133950676707 25.676232496057924 25.667009565238622 25.612073433275285 25.5016451616815 25.3624194495985 25.299942900022767 25.19189265860177 25.157047166781854 25.29078364048643 25.355470116985355 25.38211912378687 25.392342950304723 25.383644695491437 25.352245318390704 25.30820068385611 25.273385587187388 25.299942900022767 25.069454182427624 25.01107936272081 25.130665925416164 25.199826890995816 25.221809829624856 25.219186442953557 25.20821806110778 25.19915244869052 25.201292055388915 25.22380626028133 25.299942900022767 24.95678613611975 24.88931311345537 25.002937528676117 25.08638048606022 25.129759592524476 25.144112356911286 25.145192959194816 25.146577326745238 25.159913748067805 25.200752843738723 25.299942900022767 24.84528422127812 24.775331461637787 24.887399216418306 24.983809033677705 25.04941362519745 25.08714122523648 25.107421091621227 25.12214807865562 25.143524430968593 25.192321378095425 25.299942900022767 24.729426952997507 24.660497425753135 24.77493199603421 24.883915208750405 24.969436913207744 25.029173965956986 25.069555587241087 25.10020556178515 25.133394328780145 25.190950754412707 25.299942900022767 24.602923768915943 24.538691879692323 24.659737373570334 24.782306430419933 24.887079630234396 24.96831863780974 25.02918555721198 25.07799194876698 25.12766917083997 25.19334559927631 25.299942900022767 24.454307270120122 24.404142164512454 24.535348682318155 24.67417732284635 24.800626095849584 24.90563490716666 24.990180249790814 25.06139745865349 25.128617323545093 25.197858639935465 25.299942900022767 24.259126784792937 24.23951713908647 24.39418675282031 24.557653100300914 24.711769511285983 24.848069113676324 24.958151021577972 25.052267903501026 25.132012238641913 25.202810022503694 25.299942900022767 23.93636077427859 23.918453449595056 24.0984810061576 24.342678444629172 24.59340121788645 24.828665030495454 24.93268055034505 25.04724293572849 25.138096483567306 25.20832843939051 25.299942900022767 23.724535115118506 23.673693100694532 23.844084996785966 24.0864563016859 24.352340037917504 24.60761220253196 24.83500232679687 25.034436301300314 25.195346090833162 25.215989275988065 25.299942900022767 23.599086635159242 23.512587264839976 23.666477295469637 23.908441151933896 24.187206274067194 24.46330223545038 24.7147943884726 24.926670405756727 25.090974315158885 25.208397144192823 25.299942900022767 23.53014574720489 23.427473251193955 23.573056891609 23.817402783067724 24.104344437267557 24.395987879869875 24.663734968862137 24.89112242191116 25.070945166915283 25.204747814100802 25.299942900022767 23.488832053117797 23.378874723229185 23.524669841924094 23.774156699727605 24.065047663500884 24.363450296117207 24.6404990483596 24.876996163116484 25.064476831574275 25.20315987380653 25.299942900022767 23.459545425784494 23.344495239992373 23.492227567536162 23.744818852409196 24.039086112775788 24.342400776337826 24.62537957960532 24.86780805250371 25.060277385948435 25.202097171463166 25.299942900022767 23.436222305473635 23.316969499390442 23.466088058443432 23.72102005369817 24.017894397337862 24.325280775812 24.613134917782574 24.86033710197083 25.056802413175806 25.20120990324262 25.299942900022767 23.41618926089042 23.29354129272598 23.44385722616833 23.70074970708951 23.999743542085906 24.310483018202863 24.602484875173328 24.85383964365492 25.053743621697624 25.200421098222083 25.299942900022767 23.398354827579276 23.27299730238669 23.42450745703746 23.683106968984042 23.983865523892337 24.297448457584515 24.59304191483837 24.848036811793957 25.050989221689232 25.19970235860983 25.299942900022767 23.38219816929693 23.25471488605201 23.407471288848274 23.667586859776755 23.969859808496174 24.285884854391742 24.584611103165745 24.84281149187546 25.048486771672934 25.199038371759823 25.299942900022767 23.367456677048565 23.238331215362976 23.392381531106484 23.653867376388664 23.95745560860118 24.275593399825386 24.577063523390127 24.83809736214096 25.04620830568587 25.198422344343566 25.299942900022767 23.353990237272168 23.223607249309495 23.378973651388684 23.64170597688536 23.946445118465235 24.26642019412791 24.570300813223554 24.833845464947206 25.044135631306208 25.197851651884232 25.299942900022767 23.341768584282953 23.210365409263982 23.36704128236392 23.63090860770041 23.93665952963743 24.258238511245803 24.564241507232573 24.830018870835286 25.04225409849741 25.197325061638725 25.299942900022767 23.33064239852464 23.198461714727507 23.356414505154643 23.62131363637206 23.927956632566904 24.250940005124306 24.558814979625758 24.826577543264456 25.040550225081223 25.196841441516856 25.299942900022767 23.32053975311121 23.187897720883885 23.346947923371122 23.6127826984244 23.920213735492347 24.24442979977682 24.553958241450687 24.823485263326955 25.039010910052045 25.19639931336513 25.299942900022767 23.31139091260322 23.178556323639274 23.338514512233644 23.605195431449463 23.91332351980821 24.238623752146918 24.54961436859079 24.820710217882073 25.03762328912473 25.195996780212194 25.299942900022767 23.303126744958806 23.170175161931656 23.331002144219877 23.598446259683026 23.90719147420643 24.233448781008054 24.545731740039564 24.818222813301908 25.036374830479875 25.19563160920181 25.299942900022767 23.29567905631403 23.16266398888958 23.324311409010086 23.592442227029686 23.90173413930567 24.22883673712683 24.54226358333274 24.815995652962094 25.03525349560476 25.19530135468181 25.299942900022767 23.28898149537952 23.155940107858413 23.318354063372393 23.587101369867593 23.896877756431127 24.224726795935037 24.539167641718183 24.81400354090454 25.03424788468252 25.195003476122164 25.299942900022767 23.282970483536026 23.149927956477352 23.3130518024534 23.582351402075318 23.892557158957047 24.221065857203932 24.53640587789025 24.81222346429986 25.033347348680127 25.19473544132494 25.299942900022767 23.27758596082146 23.144558783128396 23.308335214097383 23.578128600445435 23.888714821441226 24.21780674419681 24.533944182973066 24.810634539310943 25.032542047453905 25.19449478947651 25.299942900022767 23.272771892549894 23.13977031889642 23.30414284864461 23.574376826926205 23.885300013756964 24.214907626115505 24.531752079085763 24.80921792257653 25.03182297349109 25.19427918090435 25.299942900022767 23.268476551988332 23.135506418655257 23.30042038159294 23.57104666428344 23.88226804501051 24.212331483072003 24.529802420597242 24.80795669690004 25.031181946979157 25.194086428338508 25.299942900022767 23.264652620585256 23.131716675698925 23.297119859012675 23.568094651350478 23.879579588706726 24.21004561371838 24.528071101229592 24.806835740998753 25.03061158915567 25.193914513582026 25.299942900022767 23.261257152189906 23.128356019784412 23.294199020078345 23.565482608276056 23.877200083244375 24.208021186611 24.52653677405177 24.805841592630493 25.030105282068995 25.19376159392368 25.299942900022767 23.258251443335613 23.125384314946658 23.291620693039075 23.5631770437645 23.875099202443803 24.206232835687825 24.525180589575537 24.8049623121316 25.02965712095423 25.19362600164668 25.299942900022767 23.25560084415791 23.12276606877866 23.289352260349066 23.56114863719857 23.873250391114556 24.204658299372177 24.523985955411934 24.804187351381817 25.02926186368712 25.193506239124947 25.299942900022767 23.253274536655923 23.120471492716202 23.28736518827585 23.55937178846549 23.871630460127765 24.203278101539322 24.52293831903888 24.803507431351747 25.028914880388204 25.19340097131493 25.299942900022767 23.251245300024575 23.11847104768468 23.28563578016024 23.557824228579722 23.870219235410126 24.20207527180788 24.52202497392299 24.80291443005384 25.02861210521478 25.193309016929348 25.299942900022767 23.249489276993287 23.116740711966973 23.284143449871877 23.556486684652338 23.868999255477135 24.201035102352996 24.521234888670136 24.802401281909926 25.028349991606838 25.19322933917685 25.299942900022767 23.24798575086118 23.115259707808953 23.282867074490355 23.555342593275615 23.867955512429788 24.200144938143932 24.5205585580394 24.801961888688606 25.028125471596155 25.193161036655113 25.299942900022767 23.24671693936047 23.11401025617337 23.281790892919584 23.554377856921008 23.867075231784007 24.19939399759307 24.519987874432914 24.801591041501823 25.027935919401646 25.19310333483372 25.299942900022767 23.2456678095176 23.112977363945166 23.2809016627705 23.55358063905204 23.86634768716347 24.19877322085193 24.519516018397447 24.801284353785736 25.027779122171488 25.193055578569687 25.299942900022767 23.244825915678 23.112158723581228 23.280188474959633 23.552941194040073 23.865764046480365 24.19827514343977 24.519137366950424 24.801038205143485 25.027653250967123 25.193017225047367 25.299942900022767 23.244181262208144 23.11153997307504 23.279642602119644 23.552451728515834 23.865317246496932 24.19789379284863 24.518847418215064 24.800849695007916 25.027556838896324 25.19298783799285 25.299942900022767 23.243726191000317 23.111103190003995 23.27925737778226 23.55210629129936 23.865001893306395 24.197624606344032 24.51864273130409 24.80071660523792 25.02748876333213 25.192967082973905 25.299942900022767 23.243455294086335 23.110843180434628 23.27902810439064 23.551900689836078 23.86481418681912 24.19746436849811 24.518520880525287 24.80063737152188 25.027448232136486 25.192954723732164 25.299942900022767 23.24336535150983 23.11075685272354 23.27895198886205 23.551832431677898 23.864751867856572 24.197411167364866 24.51848042319369 24.80061106324413 25.027434773902026 25.192950619560857 25.299942900022767
    </DataArray>
    <DataArray type="Float32" Name="Potential [V]" NumberOfComponents="1" format="ascii">
2.7851080151042997 2.8115550520518022 2.833324141262532 2.8513990100901747 2.867376090013528 2.8822035523364997 2.8965679393433486 2.911286407069263 2.9283619208818843 2.955121706248626 3.010221847033079 2.7803609805216634 2.8078680245254026 2.830661741321476 2.8493206575489998 2.8656302126792257 2.88066208171551 2.8951776449639492 2.9100744169087607 2.927518837846257 2.9550254132336193 3.010221847033079 2.767729501261305 2.797611064506795 2.8230466110377472 2.8432868134242106 2.860535629330741 2.876176412101235 2.891182773408864 2.9067095592793404 2.925413470833359 2.9551305099250507 3.010221847033079 2.7521544956334703 2.783527530692772 2.811393621373131 2.833643418052083 2.85230960812273 2.869016483334071 2.8850405452158694 2.9019978424218578 2.9232535356551206 2.956326759822242 3.010221847033079 2.739557591355267 2.7703114149227406 2.7986015508524917 2.8220959188372827 2.8421100067877023 2.860271602776223 2.8781152406188495 2.89776681521817 2.9229413260932944 2.9592864468505478 3.010221847033079 2.730582013282293 2.760194139447379 2.7884134096314717 2.8128494602938114 2.834120090401981 2.8539402182169193 2.8742158937819466 2.897281012417932 2.926160544115035 2.9637918582077467 3.010221847033079 2.7232971139969835 2.7526312051124115 2.7814671955972043 2.807610528089322 2.8310749206148365 2.8532794498247585 2.8761732077896154 2.901884276090059 2.932432849760498 2.9689455299450604 3.010221847033079 2.716593540123211 2.746541524038835 2.776630402418633 2.805024153786753 2.831344197504599 2.856456217038421 2.8818802529105843 2.9092487335747776 2.9398270106891053 2.973921325922669 3.010221847033079 2.7099593492616303 2.741029085753803 2.7726983937164222 2.803478341901407 2.83273916984348 2.860776522126138 2.8885000788599506 2.916963362702624 2.946895002217969 2.978294514970756 3.010221847033079 2.70306602163074 2.735412891913646 2.7687517424577104 2.8018346747218494 2.8338541389246092 2.8646148693479425 2.894420502899355 2.9237619257089156 2.9529599211557436 2.9819247598598375 3.010221847033079 2.6955392785341137 2.729122072201216 2.7641340291432828 2.799381866217384 2.8339149551062714 2.867163271856932 2.8989087725033658 2.9291337848267465 2.9578088549941803 2.984807451673528 3.010221847033079 2.686696827535924 2.721571090988205 2.7583879807284895 2.795740582304369 2.832581635113214 2.8681130266067743 2.9017192095647935 2.9329504798444637 2.9614293613779714 2.986984539488784 3.010221847033079 2.675083891614997 2.712109696073428 2.751285630083039 2.7908303376090178 2.82982607604136 2.8674637307512616 2.9028478130332136 2.935225831520717 2.9638605456025537 2.9885063435689165 3.010221847033079 2.655879814981652 2.700432615610124 2.7430980462478742 2.784895808035155 2.825828301658913 2.865368323093135 2.9023604170935413 2.936018611922719 2.9652061235648537 2.9894383985724953 3.010221847033079 2.643276517054041 2.6907082432208758 2.7355264025676718 2.7788708057009597 2.8210496970947134 2.8617826818648755 2.900262104014896 2.9353718190495823 2.9656338795480215 2.9898266758641805 3.010221847033079 2.635812527215597 2.683672134033392 2.7293504687122025 2.7735496514978393 2.8165145972773 2.858030543985658 2.897381177278646 2.933344361942696 2.96437748622343 2.9895361986004683 3.010221847033079 2.6317106513912605 2.6788858683528756 2.7246292318855905 2.769182492075642 2.8126142529066684 2.854679122948159 2.89467821445162 2.931372426410928 2.9631843752679354 2.989103807194702 3.010221847033079 2.6292525507195363 2.675589582556874 2.7210799038805455 2.7657056606786385 2.809392065042633 2.8518409261497655 2.892346964950903 2.929659507350136 2.9621478235709713 2.9886803312648293 3.010221847033079 2.6275100418514414 2.67319126916416 2.718374161475144 2.7629482935904948 2.806761346944496 2.849475435234977 2.8903732520011354 2.928190826779896 2.9612447447411596 2.9882940750237434 3.010221847033079 2.626122352394721 2.6713390430041133 2.716255141325325 2.7607406031800172 2.8046112880693097 2.847508666669519 2.8887077406764643 2.9269334853550997 2.9604581197328104 2.9879495139657575 3.010221847033079 2.624930417336992 2.6698332662849134 2.7145455311022046 2.758945212406434 2.8028410678729196 2.845868311508557 2.887300767742716 2.925857230019569 2.9597748861387116 2.987645779081228 3.010221847033079 2.6238692962373027 2.6685626811791434 2.7131286802659718 2.757459661908817 2.8013681938095063 2.844491744909546 2.8861082011428048 2.924934957858509 2.9591826779595367 2.9873798936288076 3.010221847033079 2.62290800014761 2.6674630951416622 2.711928419335318 2.7562101677425006 2.800128592076309 2.8433276081414935 2.8850924318281104 2.9241427227982486 2.9586695216407684 2.9871479123806375 3.010221847033079 2.6220309042403422 2.666495979707136 2.710894477964417 2.7551441761669273 2.799073708794912 2.842335024061193 2.8842222767861423 2.923459794480934 2.958224268113055 2.986945644352147 3.010221847033079 2.6212296719760397 2.665637260011336 2.709992986644716 2.754224126322831 2.798167076147926 2.841481971074094 2.883472368092995 2.9228686177122976 2.9578369606179504 2.986769082134207 3.010221847033079 2.6205025025934363 2.6648713689862635 2.7092004032939037 2.7534227846098727 2.7973812501656283 2.8407435172225326 2.882822307474445 2.922354597202896 2.957498989434115 2.9866146169714747 3.010221847033079 2.619840511810705 2.6641854732127483 2.7084992795879894 2.7527198955140935 2.7966953708603843 2.8401002273050144 2.8822557718576554 2.9219057150302854 2.9572030651736076 2.986479113683579 3.010221847033079 2.6192394200897713 2.663570135886458 2.7078764931698394 2.7521000966997122 2.7960933837811224 2.839536864989947 2.881759702172706 2.9215121469378578 2.956943099637653 2.9863599071536227 3.010221847033079 2.6186950782802305 2.663017816589293 2.7073218376636317 2.751551472372423 2.795562745618845 2.839041377588198 2.8813236111502984 2.9211658764136894 2.9567140417651743 2.9862547584921955 3.010221847033079 2.6182033731328973 2.6625221526390903 2.706827095563291 2.7510645561783167 2.7950934892210215 2.8386041209312265 2.8809390166584596 2.9208603394767065 2.956511704504791 2.986161795301381 3.010221847033079 2.6177602472187167 2.662077606697857 2.7063854551889617 2.750631652970335 2.7946775540678446 2.838217274068993 2.880598993547888 2.920590128316297 2.95633260637123 2.9860794508187958 3.010221847033079 2.617361752738961 2.661679258870376 2.705991137062411 2.7502463776606323 2.7943083108162843 2.8378744100156466 2.880297828750788 2.920350752614339 2.956173836475813 2.9860064090483536 3.010221847033079 2.61700410686447 2.6613226908199183 2.7056391525982124 2.7499033401609636 2.793980223329605 2.837570179540804 2.880030758906568 2.920138451689924 2.9560329442671143 2.985941558403394 3.010221847033079 2.6166837361207236 2.6610039165259516 2.705325144495253 2.749597927586962 2.793688606992523 2.8373000772349064 2.879793771843742 2.919950048685486 2.955907851614623 2.985883953862958 3.010221847033079 2.6163973065308856 2.660719336762726 2.7050452775410108 2.749326151132217 2.7934294546219105 2.8370602693840037 2.879583457019949 2.919782838340837 2.9557967837937515 2.9858327868418257 3.010221847033079 2.6161417404346317 2.660465705554015 2.7047961607875695 2.7490845360363747 2.793199309508433 2.836847466374262 2.8793968926644236 2.919634500846638 2.9556982156955196 2.9857873614607158 3.010221847033079 2.6159142224515937 2.660240102683056 2.7045747895638486 2.748870040474352 2.7929951713265204 2.836658827106498 2.8792315601122276 2.919503035566279 2.955610829941696 2.9857470759242 3.010221847033079 2.615712197352462 2.6600399094040936 2.70437850034659 2.7486799940968356 2.792814425084877 2.836491886436101 2.879085278177088 2.9193867097316564 2.955533484155237 2.9857114078851685 3.010221847033079 2.6155333623410457 2.6598627860944215 2.7042049342709564 2.748512050166625 2.792654786386433 2.836344499251006 2.878956152289352 2.9192840183737863 2.955465185209323 2.9856799028810364 3.010221847033079 2.61537565580419 2.6597066513853256 2.7040520067246065 2.74836414732889 2.792514258400088 2.8362147966785103 2.878842534563829 2.919193652692039 2.9554050687839992 2.985652165124747 3.010221847033079 2.615237244118679 2.6595696626744427 2.703917881463485 2.74823447840969 2.7923910974025934 2.836101151249802 2.878742992032674 2.9191144748010114 2.955352382973988 2.9856278501036315 3.010221847033079 2.615116507688863 2.6594501978017617 2.7038009482785417 2.7481214645115433 2.7922837847375743 2.8360021487957123 2.8786562810608562 2.9190454973498388 2.9553064750164277 2.9856066585764998 3.010221847033079 2.615012027044172 2.6593468386488754 2.7036998034770283 2.748023733230266 2.7921910037099393 2.8359165655097196 2.878581326526679 2.9189858669213953 2.9552667804535964 2.9855883316655243 3.010221847033079 2.614922569573061 2.6592583560303282 2.7036132328250155 2.7479401002553767 2.79211162040726 2.8358433490797714 2.878517204752681 2.9189348504183354 2.9552328142293365 2.985572646819815 3.010221847033079 2.614847077258198 2.6591836964076645 2.703540197446146 2.747869553952451 2.792044667751969 2.835781603107437 2.878463129456338 2.918891823859577 2.955204163353116 2.985559414487335 3.010221847033079 2.6147846556609897 2.659121970201541 2.703479821226517 2.7478112422703522 2.791989332208369 2.8357305742357046 2.878418440187956 2.918856263167689 2.955180480869126 2.9855484753756714 3.010221847033079 2.6147345642843076 2.659072441919245 2.7034313801810432 2.7477644617771286 2.791944942782922 2.835689641578716 2.878382592870723 2.918827736635872 2.955161480907752 2.9855396982046183 3.010221847033079 2.6146962084034717 2.6590345204339543 2.703394293362607 2.7477286486096597 2.7919109620616114 2.835658308164108 2.87835515216562 2.918805898854074 2.955146934699607 2.985532977893752 3.010221847033079 2.6146691323729603 2.6590077525287845 2.703368115910513 2.7477033713504433 2.791886979132287 2.835636194185854 2.878335785460126 2.918790485928102 2.9551366674379667 2.9855282341355434 3.010221847033079 2.6146530144270606 2.658991818549558 2.70335253392032 2.7476883256626836 2.7918727042358435 2.8356230319078097 2.8783242583313617 2.918781311871947 2.955130555909635 2.9855254103177153 3.010221847033079 2.614647662983366 2.658986528273165 2.7033473605934266 2.7476833304686323 2.7918679650063605 2.8356186620965897 2.878320431375425 2.918778266087127 2.955128526839214 2.9855244727698667 3.010221847033079
    </DataArray>
    <DataArray type="Float32" Name="Electron density [log10(m^-3)]" NumberOfComponents="1" format="ascii">
26.10831995752379 26.127757600111376 26.149725392926616 26.15586294352851 26.151682796361555 26.139313548083273 26.117701959392612 26.083587322155566 26.03339403811271 25.96369525654319 25.299942900022767 26.028535782358045 26.05922015722574 26.096838919811624 26.114357274597555 26.117531580434832 26.109847925499853 26.091208994679153 26.059134757212416 26.011119596479663 25.94425214065909 25.299942900022767 25.816236474997353 25.869334661940485 25.94668668125026 25.994889453674215 26.018194580276777 26.02358802364931 26.01354697037286 25.987869458576764 25.946925532719042 25.88663319270817 25.299942900022767 25.55446484565975 25.612204287913038 25.721979402760795 25.807399640180037 25.85867946476712 25.883850454969828 25.88819737242194 25.874798703590876 25.846717149017373 25.790539806542775 25.299942900022767 25.34274664559554 25.378240815668402 25.47930479203607 25.58275604519075 25.65609664022562 25.701954292568434 25.725347974348804 25.730279559809023 25.71646198052628 25.656387106463 25.299942900022767 25.19189265860177 25.203064110334374 25.273830112732675 25.37720446886648 25.461397506010044 25.520401057427073 25.55793814713814 25.574810712261158 25.563984179102288 25.502680455072806 25.299942900022767 25.069454182427624 25.06466956993844 25.10395880715452 25.19882655794871 25.29011833267802 25.358295270843456 25.40182488539169 25.420224804643976 25.409696966569776 25.36319398494046 25.299942900022767 24.95678613611975 24.941629345306186 24.95307999533189 25.0323447176402 25.126080057220197 25.202655791174056 25.253274889083105 25.27721708997492 25.2755096689823 25.257489731453752 25.299942900022767 24.84528422127812 24.82257226786022 24.810714018224882 24.869235248363406 24.96036887920854 25.046205049690776 25.1093063683349 25.146468137996237 25.163116137655667 25.183957068801877 25.299942900022767 24.729426952997507 24.700233974800394 24.669780174883993 24.704776449636718 24.78710579083006 24.88041974570038 24.959850281510672 25.018115257118943 25.064209216962453 25.13248166885385 25.299942900022767 24.602923768915943 24.56707710667664 24.523110702207134 24.535067646738142 24.60306882528093 24.69997110581183 24.797707694388247 24.885203305171192 24.973314950975396 25.094979687745745 25.299942900022767 24.454307270120122 24.41169767637271 24.3611068519019 24.354613309369988 24.405571242627065 24.50214637314433 24.620310955369686 24.747130065357087 24.89009927077492 25.06682873816182 25.299942900022767 24.259126784792937 24.216244706681564 24.172788517290673 24.157645673823918 24.192292106847123 24.287043366508463 24.430652016490107 24.60841117417786 24.81566938920393 25.044882749223632 25.299942900022767 23.93636077427859 23.96335208775033 23.957485021541434 23.94490513422305 23.963047226312213 24.06483504716794 24.238643445058646 24.474747108045037 24.750456651204292 25.026935794639787 25.299942900022767 23.724535115118506 23.75961434510314 23.771250178324788 23.765253009179645 23.7705523328336 23.8499981608611 24.04232317232437 24.346400494651174 24.696180123518968 25.011104662551453 25.299942900022767 23.599086635159242 23.62352274234836 23.633640122678027 23.626072395611178 23.61693393162309 23.67033868569561 23.87584883316405 24.233446629061905 24.633643762396854 24.99045204589855 25.299942900022767 23.53014574720489 23.5414530084888 23.542853150163918 23.528107358859373 23.505198327119192 23.53630397479382 23.74658444021698 24.14461778714476 24.585443414906234 24.973225398796263 25.299942900022767 23.488832053117797 23.491481224591368 23.485333327406988 23.463462923934525 23.42970244381219 23.44411654522843 23.655187423890954 24.08128827283069 24.551015248777357 24.96003236140124 25.299942900022767 23.459545425784494 23.45792167191973 23.447423706352232 23.42094868665111 23.380084152806827 23.382775131251393 23.5919950756401 24.035972649160907 24.525550197394523 24.949759014236484 25.299942900022767 23.436222305473635 23.432700692590235 23.420200429816365 23.39146695514518 23.346620265835497 23.34137195051972 23.547275876060027 24.002242401739867 24.505788388391977 24.9414693356341 25.299942900022767 23.41618926089042 23.411973100444545 23.398792468568825 23.369299676116825 23.322542212130145 23.312005602391686 23.51414843807264 23.975960420515214 24.48981070768158 24.93457548171785 25.299942900022767 23.398354827579276 23.39402024135422 23.380774851684137 23.351308692033097 23.303837711054705 23.2897704093384 23.488331011643925 23.954650856810346 24.476496488096462 24.928720550083224 25.299942900022767 23.38219816929693 23.377966197386343 23.36493786284501 23.335867554437534 23.2883217005603 23.271862846991297 23.46729765130942 23.936845070390884 24.465169704455466 24.923678640252277 25.299942900022767 23.367456677048565 23.363404303234454 23.350697037534275 23.32216469560641 23.27485916691639 23.256745544577203 23.4495781742526 23.921649400732313 24.455399417518926 24.91929695310583 25.299942900022767 23.353990237272168 23.350136999046374 23.3377689810473 23.309800671040982 23.262872637254567 23.24358509060555 23.43430416803197 23.908494488333606 24.446892684398133 24.91546493137679 25.299942900022767 23.341768584282953 23.338070732368248 23.326008626297536 23.298571755269062 23.252063422164806 23.231920783296513 23.420942507960696 23.89699674326486 24.439437926893916 24.912098127370143 25.299942900022767 23.33064239852464 23.327089498809173 23.315303269800705 23.288351148453856 23.242261590120286 23.221482131941283 23.40914622184327 23.886882113186697 24.4328744891577 24.90912955070838 25.299942900022767 23.32053975311121 23.31711277843451 23.3055697474343 23.27905153329176 23.23335951401382 23.212096681501304 23.39867411253453 23.877944771252427 24.427075847105627 24.90650476391154 25.299942900022767 23.31139091260322 23.308070383127607 23.29673859148285 23.2706044070337 23.22527965447032 23.203643482365443 23.389347515303573 23.870023772275598 24.421939736340224 24.904178831943447 25.299942900022767 23.303126744958806 23.299895126359196 23.288745599538547 23.26294927740046 23.217958525439414 23.196029283194537 23.381026586282523 23.862989189565013 24.417381898758443 24.902114237105796 25.299942900022767 23.29567905631403 23.292521470452606 23.281528875700648 23.256029006712435 23.211339173914887 23.189176353436324 23.373596976849683 23.856733583272934 24.413331885356115 24.90027936053321 25.299942900022767 23.28898149537952 23.28588563425203 23.275028237703435 23.24978830069626 23.205368061873855 23.183016472212177 23.36696216841235 23.851166491505772 24.409730101067385 24.898647335276046 25.299942900022767 23.282970483536026 23.279926274420674 23.269185580401484 23.244173622810866 23.19999408330939 23.17748803915325 23.361038914472505 23.846210711549045 24.40652565020515 24.8971951640408 25.299942900022767 23.27758596082146 23.274585184210043 23.26394547947638 23.239133620820816 23.19516850493339 23.172534718419122 23.355754411355697 23.841799688524343 24.403674725221666 24.895903032331734 25.299942900022767 23.272771892549894 23.269807828056486 23.259255734683194 23.234619634376312 23.190845224911982 23.168104824100862 23.351044455821054 23.837875620529832 24.401139381271754 24.89475377234844 25.299942900022767 23.268476551988332 23.265543676326498 23.255067753883015 23.230586108717443 23.18698106943355 23.164151022534995 23.346852173806912 23.834388043477606 24.398886590911857 24.893732442141427 25.299942900022767 23.264652620585256 23.261746360552113 23.251336768295012 23.22699086469714 23.183536016415804 23.160630148262523 23.34312708801847 23.83129274655194 24.396887505163654 24.892825992956908 25.299942900022767 23.261257152189906 23.258373687278166 23.24802190404763 23.223795230488015 23.180473317579622 23.157503044056096 23.33982439433186 23.828550921658785 24.395116868380043 24.892023004121874 25.299942900022767 23.258251443335613 23.25538755005223 23.245086144646766 23.220964060733444 23.177759525914244 23.15473439169505 23.33690437381117 23.826128482691956 24.393552548947326 24.89131346975086 25.299942900022767 23.25560084415791 23.25275377415709 23.242496217727535 23.21846567308607 23.175364448368597 23.152292526349168 23.334331898693442 23.823995511149892 24.392175158244946 24.890688625409776 25.299942900022767 23.253274536655923 23.250441921810985 23.24022243408744 23.21627172933553 23.173261045666276 23.15014923833007 23.332076008236314 23.822125798177854 24.390967737790408 24.890140805863393 25.299942900022767 23.251245300024575 23.24842507464045 23.238238500401955 23.214357083192077 23.17142529875613 23.148279569492832 23.330109540121505 23.820496462132425 24.389915499951137 24.889663327319912 25.299942900022767 23.249489276993287 23.246679619338554 23.236521322027468 23.212699611936458 23.16983605789288 23.146661611899905 23.328408808657464 23.81908762688988 24.389005611549017 24.88925038930134 25.299942900022767 23.24798575086118 23.245185035651016 23.23505080574475 23.21128004470882 23.16847488690536 23.145276315437815 23.32695332417482 23.81788215028465 24.38822701254042 24.888896992546403 25.299942900022767 23.24671693936047 23.243923699951278 23.23380968297919 23.210081800821893 23.167325913026424 23.144107309713085 23.325725549721465 23.816865394931042 24.387570264024877 24.888598870295258 25.299942900022767 23.2456678095176 23.2428807079263 23.232783340622266 23.209090836824725 23.166375685243143 23.14314074232043 23.324710691766324 23.816025035673672 24.387027421412558 24.888352430995795 25.299942900022767 23.244825915678 23.242043722076325 23.231959672057553 23.208295508673306 23.165613045749485 23.142365135733314 23.323896522591234 23.815350899319846 24.38659192914649 24.88815471081796 25.299942900022767 23.244181262208144 23.24140281991238 23.23132894135946 23.207686449622486 23.165029017280386 23.14177126467694 23.32327323280239 23.814834833549256 24.386258535029025 24.888003335018148 25.299942900022767 23.243726191000317 23.2409503906151 23.230883681085665 23.20725647383136 23.1646167119662 23.14135205654295 23.32283331299087 23.81447060261553 24.386023222253257 24.887896487308932 25.299942900022767 23.243455294086335 23.240681063601325 23.23061861749103 23.207000503706197 23.16437126146212 23.14110251472817 23.322571463232844 23.8142538080123 24.38588315778085 24.887832886604585 25.299942900022767 23.24336535150983 23.240591641779794 23.230530610515583 23.20691551509715 23.16428976568764 23.141019663517323 23.322484529062756 23.814181832705472 24.385836656109806 24.88781177070255 25.299942900022767
    </DataArray>
    <DataArray type="Float32" Name="Hole density [log10(m^-3)]" NumberOfComponents="1" format="ascii">
0.0 0.0 0.0 0.0 0.0 0.0 0.0 0.0 0.0 0.0 0.0 0.0 0.0 0.0 0.0 0.0 0.0 0.0 0.0 0.0 0.0 0.0 0.0 0.0 0.0 0.0 0.0 0.0 0.0 0.0 0.0 0.0 0.0 0.0 0.0 0.0 0.0 0.0 0.0 0.0 0.0 0.0 0.0 0.0 0.0 0.0 0.0 0.0 0.0 0.0 0.0 0.0 0.0 0.0 0.0 0.0 0.0 0.0 0.0 0.0 0.0 0.0 0.0 0.0 0.0 0.0 0.0 0.0 0.0 0.0 0.0 0.0 0.0 0.0 0.0 0.0 0.0 0.0 0.0 0.0 0.0 0.0 0.0 0.0 0.0 0.0 0.0 0.0 0.0 0.0 0.0 0.0 0.0 0.0 0.0 0.0 0.0 0.0 0.0 0.0 0.0 0.0 0.0 0.0 0.0 0.0 0.0 0.0 0.0 0.0 0.0 0.0 0.0 0.0 0.0 0.0 0.0 0.0 0.0 0.0 0.0 0.0 0.0 0.0 0.0 0.0 0.0 0.0 0.0 0.0 0.0 0.0 0.0 0.0 0.0 0.0 0.0 0.0 0.0 0.0 0.0 0.0 0.0 0.0 0.0 0.0 0.0 0.0 0.0 0.0 0.0 0.0 0.0 0.0 0.0 0.0 0.0 0.0 0.0 0.0 0.0 0.0 0.0 0.0 0.0 0.0 0.0 0.0 0.0 0.0 0.0 0.0 0.0 0.0 0.0 0.0 0.0 0.0 0.0 0.0 0.0 0.0 0.0 0.0 0.0 0.0 0.0 0.0 0.0 0.0 0.0 0.0 0.0 0.0 0.0 0.0 0.0 0.0 0.0 0.0 0.0 0.0 0.0 0.0 0.0 0.0 0.0 0.0 0.0 0.0 0.0 0.0 0.0 0.0 0.0 0.0 0.0 0.0 0.0 0.0 0.0 0.0 0.0 0.0 0.0 0.0 0.0 0.0 0.0 0.0 0.0 0.0 0.0 0.0 0.0 0.0 0.0 0.0 0.0 0.0 0.0 0.0 0.0 0.0 0.0 0.0 0.0 0.0 0.0 0.0 0.0 0.0 0.0 0.0 0.0 0.0 0.0 0.0 0.0 0.0 0.0 0.0 0.0 0.0 0.0 0.0 0.0 0.0 0.0 0.0 0.0 0.0 0.0 0.0 0.0 0.0 0.0 0.0 0.0 0.0 0.0 0.0 0.0 0.0 0.0 0.0 0.0 0.0 0.0 0.0 0.0 0.0 0.0 0.0 0.0 0.0 0.0 0.0 0.0 0.0 0.0 0.0 0.0 0.0 0.0 0.0 0.0 0.0 0.0 0.0 0.0 0.0 0.0 0.0 0.0 0.0 0.0 0.0 0.0 0.0 0.0 0.0 0.0 0.0 0.0 0.0 0.0 0.0 0.0 0.0 0.0 0.0 0.0 0.0 0.0 0.0 0.0 0.0 0.0 0.0 0.0 0.0 0.0 0.0 0.0 0.0 0.0 0.0 0.0 0.0 0.0 0.0 0.0 0.0 0.0 0.0 0.0 0.0 0.0 0.0 0.0 0.0 0.0 0.0 0.0 0.0 0.0 0.0 0.0 0.0 0.0 0.0 0.0 0.0 0.0 0.0 0.0 0.0 0.0 0.0 0.0 0.0 0.0 0.0 0.0 0.0 0.0 0.0 0.0 0.0 0.0 0.0 0.0 0.0 0.0 0.0 0.0 0.0 0.0 0.0 0.0 0.0 0.0 0.0 0.0 0.0 0.0 0.0 0.0 0.0 0.0 0.0 0.0 0.0 0.0 0.0 0.0 0.0 0.0 0.0 0.0 0.0 0.0 0.0 0.0 0.0 0.0 0.0 0.0 0.0 0.0 0.0 0.0 0.0 0.0 0.0 0.0 0.0 0.0 0.0 0.0 0.0 0.0 0.0 0.0 0.0 0.0 0.0 0.0 0.0 0.0 0.0 0.0 0.0 0.0 0.0 0.0 0.0 0.0 0.0 0.0 0.0 0.0 0.0 0.0 0.0 0.0 0.0 0.0 0.0 0.0 0.0 0.0 0.0 0.0 0.0 0.0 0.0 0.0 0.0 0.0 0.0 0.0 0.0 0.0 0.0 0.0 0.0 0.0 0.0 0.0 0.0 0.0 0.0 0.0 0.0 0.0 0.0 0.0 0.0 0.0 0.0 0.0 0.0 0.0 0.0 0.0 0.0 0.0 0.0 0.0 0.0 0.0 0.0 0.0 0.0 0.0 0.0 0.0 0.0 0.0 0.0 0.0 0.0 0.0 0.0 0.0 0.0 0.0 0.0 0.0 0.0 0.0 0.0 0.0 0.0 0.0 0.0 0.0 0.0 0.0 0.0 0.0 0.0 0.0 0.0 0.0 0.0 0.0 0.0 0.0 0.0 0.0 0.0 0.0 0.0 0.0 0.0 0.0 0.0 0.0
    </DataArray>
    <DataArray type="Float32" Name="Ion density [log10(m^-3)]" NumberOfComponents="1" format="ascii">
25.778841129831754 25.853498203384774 25.86196544486257 25.856908942437688 25.846640845144286 25.83043255971128 25.80479429085812 25.760054943617373 25.662016519000087 25.397867579977902 24.977723605288848 25.693567497466525 25.786203102246706 25.811820417491127 25.81666877594472 25.81292739567497 25.800845304634567 25.77738751375947 25.7326080070316 25.631023076912978 25.365362918633814 24.977723605288848 25.46044275860623 25.59032092882526 25.671003090556482 25.701913786704235 25.715143679105886 25.71373658382111 25.69544548463693 25.649048540866843 25.536398841524928 25.27399494350313 24.977723605288848 25.154108912962098 25.273028040593434 25.440461473325623 25.512158202004148 25.551303096907063 25.56527617484897 25.552442501243743 25.49981711457204 25.37263703823178 25.14408878931779 24.977723605288848 24.882601731172688 24.9169242373248 25.128418314806684 25.2276659203155 25.289207079408857 25.320805777579555 25.31452196511203 25.25879794845672 25.145218706731093 25.01283916917472 24.977723605288848 24.67643755993228 24.63069885066535 24.842549130841366 24.935303288913527 24.974682865267187 24.993456016289738 24.990389060093936 24.96303114475579 24.92806987642342 24.917796612253138 24.977723605288848 24.508333164702858 24.414544450233432 24.634762716120203 24.744682810408705 24.781703319806002 24.78583779651823 24.781759252663008 24.785173389074753 24.81050841057711 24.866360710396275 24.977723605288848 24.3598954501655 24.238111926286713 24.471721300420583 24.612042145504812 24.681065899100147 24.708371506153714 24.720082745712435 24.736604828450165 24.774390217945488 24.84553274171601 24.977723605288848 24.223011514724277 24.085617771392187 24.332379019197486 24.4991856889517 24.601083240314082 24.659223703462303 24.69468580271869 24.725903494601553 24.769323811912297 24.841245901073556 24.977723605288848 24.091548160124752 23.947528713424838 24.207277261631784 24.396306903075253 24.525855099779076 24.61172404750246 24.670624049763234 24.71846404326093 24.77094960059627 24.844174740474422 24.977723605288848 23.955034476382544 23.813143748062526 24.087104643800565 24.296881629351454 24.451207682203385 24.562283928096814 24.6437134638809 24.709621333023485 24.774939587061546 24.85067626604135 24.977723605288848 23.790145124003466 23.6650665017349 23.958185628147724 24.19168552352522 24.37266261610987 24.510562834334102 24.61671098178982 24.703670987720226 24.782541938319824 24.858698138041092 24.977723605288848 23.545921349004292 23.476934702507837 23.80584238095535 24.070823066626062 24.287995580470433 24.46089170208897 24.59322634825348 24.701505536460978 24.79057818676458 24.866868462696214 24.977723605288848 22.964026525426625 22.985434107464595 23.428760645339047 23.828647701075646 24.168341085247974 24.457764562906895 24.57479983298017 24.701193994426212 24.800643087440417 24.875652295774454 24.977723605288848 22.526627404205723 22.612247722569634 23.093167618827117 23.52402243057916 23.899737330756945 24.21832799672319 24.477224522025054 24.694075628001 24.866024138999016 24.886193908551583 24.977723605288848 22.254666289080284 22.369104555619614 22.869032144947226 23.32046054783609 23.719641338597672 24.06378869879209 24.351203465080463 24.582192742752987 24.757681745819855 24.880680844156696 24.977723605288848 22.120528589480866 22.250030201153574 22.761023448829484 23.22511495383716 23.63871705062512 23.998533907609588 24.30198941948374 24.548030898186436 24.738170003283393 24.87791064333583 24.977723605288848 22.04810913760872 22.186415719450096 22.704390737009618 23.176445203165944 23.599000436264518 23.96837534566187 24.28131834715783 24.53594840957006 24.732968117161942 24.877100218651034 24.977723605288848 21.995589024647927 22.139906152014113 22.663261512305567 23.141423647585412 23.570732469905096 23.947204964413938 24.26708991445332 24.52787953334528 24.729640038626684 24.876575482169773 24.977723605288848 21.951321397809004 22.100325488547497 22.628254128546576 23.111638730655514 23.546678578997806 23.929127431088162 24.254840408698886 24.520819061290076 24.72662050258635 24.876012901546172 24.977723605288848 21.912612345251276 22.06542813540478 22.597318766436942 23.085276481115024 23.52533339268132 23.91300355547024 24.243812151460418 24.51435445728865 24.72375929634147 24.87540633735116 24.977723605288848 21.87846444606855 22.034466670470458 22.569797053097425 23.061767042504183 23.506240294468842 23.898512778233876 24.233824520267426 24.508423035829292 24.72106530981104 24.87478349310849 24.977723605288848 21.84825993670369 22.00696526372899 22.54528613662735 23.040775529930357 23.489140111034107 23.885479965411555 24.22478535166889 24.503000486796108 24.71855434296332 24.874167295314276 24.977723605288848 21.821502605071117 21.98252636431805 22.523454098925477 23.0220328707095 23.473828590249692 23.873767416522195 24.216619802237382 24.498062863911738 24.71623397933964 24.87357310111788 24.977723605288848 21.79777127207169 21.960799429086112 22.5040079729893 23.00530320687262 23.460127369014437 23.863253497083257 24.209258427590363 24.493583003625332 24.714104501115248 24.873010387636803 24.977723605288848 21.776673993118642 21.941472743047004 22.48668598539969 22.990375037535642 23.44787555732064 23.853826645531708 24.20263466098615 24.489531064060504 24.712161023057757 24.87248447418151 24.977723605288848 21.757924614807994 21.92427566757836 22.47125540752792 22.97705807623636 23.436926821463686 23.84538363011435 24.19668474386569 24.485875961691097 24.710395239225335 24.87199780514531 24.977723605288848 21.741244819204645 21.90896775212648 22.457508520556132 22.965180938621376 23.42714786247593 23.837828847916597 24.1913479131906 24.482586209287167 24.70879672083809 24.871550864768665 24.977723605288848 21.726395779910973 21.895336506178634 22.445260250576617 22.954589567770146 23.418417566769776 23.831074150988485 24.186566832391588 24.47963075132605 24.70735388272938 24.871142833876966 24.977723605288848 21.713169429642498 21.883194654913016 22.43434616740003 22.945145961661375 23.410626395517937 23.825038812522227 24.182288032075242 24.476979698016407 24.706054697626076 24.87077206349292 24.977723605288848 21.701384077900066 21.872377277522027 22.424620552027815 22.936726946472085 23.403675768519587 23.81964942812449 24.178462170077733 24.474604808152705 24.704887205550527 24.870436414467072 24.977723605288848 21.690880852226705 21.862739285051227 22.415954516406252 22.929222914879695 23.397477345509007 23.81483964656468 24.175044122419333 24.472479786060003 24.70383986031874 24.870133497198502 24.977723605288848 21.681520645582157 21.854153081806913 22.408234221824348 22.922536576033156 23.39195225416023 23.810549801811334 24.17199293429589 24.470580430828097 24.702901749960493 24.86986083660178 24.977723605288848 21.673181515396028 21.846506472733807 22.401359238483284 22.916581755955505 23.387030301702158 23.806726484550456 24.169271669298126 24.46888467673512 24.702062725393912 24.86961598385889 24.977723605288848 21.665756459884005 21.83970080642033 22.395241038981634 22.911282255327553 23.38264918300089 23.803322064219596 24.16684718791263 24.467372554943484 24.70131346103311 24.869396587785502 24.977723605288848 21.659151518838208 21.83364934393502 22.389801642583972 22.90657079025165 23.378753716006113 23.80029419649494 24.164689885243074 24.466026103692787 24.700645468601014 24.869200437908134 24.977723605288848 21.65328415252148 21.82827583570254 22.384972409044714 22.90238802741592 23.375295123717482 23.797605339394988 24.162773411451987 24.464829248194533 24.70005108032887 24.869025487982025 24.977723605288848 21.648081858559305 21.823513286539722 22.380692975289186 22.898681717429632 23.372230373796114 23.795222293432325 24.161074391671775 24.46376766563468 24.699523413284044 24.868869866252556 24.977723605288848 21.643480992255014 21.819302888469554 22.376910324938247 22.895405925011342 23.369521581057647 23.79311577525849 24.159572156633622 24.46282864607647 24.699056323221704 24.868731877014394 24.977723605288848 21.63942576068155 21.815593101596544 22.373577978962 22.892520351392836 23.367135473868192 23.791260029750664 24.158248491014678 24.462000956485316 24.69864435380493 24.868609996716188 24.977723605288848 21.63586736513851 21.812338864546106 22.370655295215165 22.889989742359482 23.365042922628827 23.789632482268225 24.15708740336139 24.461274712417648 24.698282685112954 24.868502866879044 24.977723605288848 21.63276327150941 21.80950092004673 22.36810686466927 22.8877833745394 23.363218526879667 23.788213430706175 24.156074919276186 24.460641260007442 24.69796708397139 24.86840928538683 24.977723605288848 21.63007658927234 21.807045236918338 22.365901994823396 22.885874612404848 23.361640256653068 23.78698577564055 24.15519889808845 24.46009306954852 24.697693857642452 24.868328197189832 24.977723605288848 21.627775546372792 21.804942521255963 22.364014269888493 22.884240528630986 23.360289143405275 23.785934786182587 24.15444887236264 24.45962364111846 24.69745981175157 24.86825868510496 24.977723605288848 21.625833043877712 21.803167799905154 22.362421173384234 22.882861580832774 23.359149015925972 23.785047898872175 24.15381590909813 24.45922742214149 24.697262212860927 24.868199961137616 24.977723605288848 21.62422628466218 21.801700073292526 22.36110377482355 22.88172133947828 23.358206277136215 23.78431454693679 24.153292491205306 24.458899736397306 24.69709875571158 24.868151358576466 24.977723605288848 21.622936464408323 21.800522025098562 22.360046469210722 22.880806261909918 23.357449718218103 23.783726017660655 24.152872418122286 24.458636724217282 24.696967535493133 24.868112325089935 24.977723605288848 21.621948524309797 21.799619796289665 22.359236765411083 22.88010550801655 23.356870366601846 23.783275335403328 24.152550724005444 24.45843529298223 24.696867024628855 24.868082416827214 24.977723605288848 21.621250951506386 21.798982796462614 22.358665117395613 22.87961079367844 23.356461365069453 23.782957168421703 24.152323612408544 24.458293077457938 24.69679605405554 24.86806129357791 24.977723605288848 21.620835626520787 21.79860355696109 22.358324795692774 22.879316279359706 23.3562178798444 23.782767757959657 24.152188406491238 24.458208409486456 24.696753798857387 24.86804871501189 24.977723605288848 21.620697719239185 21.798477635265545 22.358211797889556 22.879218492104666 23.35613703611933 23.78270486844794 24.152143514003047 24.45818029663206 24.696739768114895 24.868044538000447 24.977723605288848
    </DataArray>
    <DataArray type="Float32" Name="Ion density residual[log10(m^-3)]" NumberOfComponents="1" format="ascii">
24.609423321373637 24.608430419112935 24.606416367797138 24.599615618818774 24.58638354443368 24.566331779869827 24.537198985049788 24.49231102587976 24.40649189468411 24.190323093665715 23.676693609624866 24.603552777244314 24.59948038523407 24.5944755253538 24.585779780671974 24.572063678195157 24.551664491562416 24.52195218415619 24.476260981758312 24.3908053464751 24.18073867393074 23.676693609624866 24.58882095006005 24.578656153616894 24.570593218252267 24.560491773742832 24.546055384048874 24.524667591834373 24.49307312033303 24.445261794256556 24.35997367334896 24.15758410383733 23.676693609624866 24.563996348778815 24.549600474820995 24.538478788151412 24.526377575197642 24.510637001419724 24.488778459937286 24.457338576174347 24.40934308247696 24.32341561900232 24.124439008473985 23.676693609624866 24.52851206229705 24.51161327578196 24.498189961535903 24.484824730144776 24.46839061567718 24.44607641644159 24.414170031557806 24.36544702965207 24.27890901324708 24.085747903737584 23.676693609624866 24.48154369037913 24.463230094001606 24.448365180195097 24.43449433720231 24.418154605512946 24.3961101392115 24.364384971805084 24.31547541782681 24.228617042807446 24.044443575664086 23.676693609624866 24.42219059395582 24.403423095964122 24.38780448092321 24.37407419730651 24.358565197432547 24.337512334382602 24.30659499320896 24.25796952374282 24.17142563780038 24.00848834522748 23.676693609624866 24.34949456844764 24.33139481759781 24.31618110611137 24.302609331260836 24.288477117766057 24.269084865018332 24.239517185836625 24.191627192958574 24.106360873690456 23.96904518781983 23.676693609624866 24.262537902878766 24.246170388775113 24.232578480531835 24.220284032601104 24.207232697766443 24.18984568148204 24.1620243910175 24.115299407719878 24.032975108580317 23.92808946386083 23.676693609624866 24.160455341983326 24.14670659556633 24.135504797166835 24.126007628328157 24.11526732952503 24.099476573124864 24.0734992189427 24.02859584877475 23.952507027469505 23.889817494531833 23.676693609624866 24.04231520807956 24.03266921219676 24.026110295577066 24.020300650598326 24.01241241373671 23.999268100558243 23.975393103852632 23.934219425257083 23.87674855844306 23.85338176849289 23.676693609624866 23.906569951069248 23.906080363785414 23.906877214844148 23.906571937658338 23.903465961282564 23.893969937613107 23.87562371476524 23.848099332153797 23.82112532422437 23.821391134105617 23.676693609624866 23.74548553348388 23.754397054357767 23.777963818336598 23.798291579350554 23.802027773227277 23.80213513501302 23.79324567086505 23.785463844831725 23.779577481519198 23.789626168732593 23.676693609624866 23.5312199078059 23.50201972697985 23.55494737832243 23.630088979811433 23.687573970570202 23.699677436139424 23.720486902441493 23.739508902211004 23.742578239229857 23.754107991275255 23.676693609624866 23.364618406319398 23.28984608251427 23.352678401901738 23.440788241574925 23.52056233905969 23.57115323212382 23.622072130763684 23.67083648580299 23.694125574220827 23.72174165768151 23.676693609624866 23.2568632164044 23.14416802101719 23.198690798579516 23.291829996677667 23.389287426792723 23.46953994785368 23.541378233817973 23.604279822501802 23.644827588583084 23.682596443243472 23.676693609624866 23.193904299934445 23.064502943675098 23.11193440727033 23.205345672403467 23.302250541211674 23.3940382764626 23.478216462512812 23.55533212007416 23.6180325861231 23.664834283932652 23.676693609624866 23.15511839307685 23.018161069932486 23.06717299349938 23.167704232369434 23.26386344214669 23.351797228547866 23.43748875360842 23.5205793606434 23.594508992593717 23.65034578236818 23.676693609624866 23.127596411505678 22.985540271052102 23.038445133177195 23.144089982118498 23.242850070756916 23.331247232089904 23.416098788221714 23.4996227587572 23.57814306336904 23.640113383866044 23.676693609624866 23.105779479483335 22.95970758128054 23.015990017806832 23.12616001454158 23.227685771215047 23.31805969774722 23.403888495607372 23.48774673536765 23.56816076754946 23.633590976110842 23.676693609624866 23.087025467914582 22.937841248210706 22.997274027690857 23.11170106249133 23.21611877400709 23.308635935010468 23.395912465604653 23.480894579247508 23.56224609463338 23.62960507055901 23.676693609624866 23.070261238932716 22.91867593157652 22.98113558101406 23.09950726369025 23.206720471798207 23.301408469189155 23.390287638276632 23.476478209508855 23.558614459948355 23.627193970923695 23.676693609624866 23.054992480707067 22.901582778477227 22.966964203192283 23.088943313661687 23.19881721311626 23.29560681641698 23.38607650786105 23.47337007172024 23.556235793429504 23.625683994924465 23.676693609624866 23.040986618803508 22.886215194636392 22.95440082231605 23.079670920972543 23.192030618071513 23.290798651286956 23.382767757190955 23.471041497710882 23.55456571860301 23.62468088322948 23.676693609624866 23.028131743525865 22.872357518756193 22.943210318431642 23.071470922763176 23.18612247420669 23.286719751244345 23.380066709445792 23.469208189521453 23.553316434682714 23.623968639339648 23.676693609624866 23.01642668523215 22.859855765299724 22.93322192725142 23.064189510464583 23.180934197639754 23.283202569002842 23.37779746926093 23.46775800992443 23.552330920440195 23.623430040223674 23.676693609624866 23.005735370750013 22.84858650829489 22.924300432910567 23.057710143663115 23.17635355453861 23.28013613943831 23.375851581264424 23.46655799035252 23.551520591188677 23.62300051684032 23.676693609624866 22.996001497540867 22.838583790090816 22.91633195541769 23.051938812630944 23.172296209391583 23.27744322852021 23.37415955907724 23.46552489742108 23.550833914776796 23.622643757279892 23.676693609624866 22.987167525302347 22.82974407876518 22.909217072938358 23.04679628713678 23.16869544065521 23.275067234558396 23.372674773935554 23.464621833016064 23.55023991377166 23.62233873200448 23.676693609624866 22.979173932226733 22.82179819160063 22.90286738413441 23.042213973539425 23.1654963460315 23.27297345856531 23.371364262945523 23.46382484699035 23.549719166632954 23.622072847701336 23.676693609624866 22.971960109723483 22.8146662326628 22.897203695524635 23.03813160669773 23.162652501978002 23.271121403492366 23.37020347017128 23.463117492675696 23.54925886204014 23.621838224549766 23.676693609624866 22.965465714992217 22.808273936845765 22.8921549402849 23.034495861521794 23.160123961012967 23.269477181961083 23.369173209679257 23.462487757509397 23.548850014674386 23.621629649862037 23.676693609624866 22.959631956067334 22.802552623246726 22.887657410928014 23.031259423002954 23.157875980995478 23.26801680244125 23.368257896230947 23.46192634929365 23.548486009041902 23.621443583633965 23.676693609624866 22.954402612879484 22.79743917920148 22.883654122671754 23.02838028926001 23.155878161399603 23.26671972058814 23.367444498367075 23.461425717701 23.548161645683773 23.621277356934073 23.676693609624866 22.949724755145006 22.792875981075913 22.880094234803266 23.025821200702612 23.154103813232453 23.26556815929599 23.36672189620759 23.46097950431071 23.547872642335758 23.621128838080523 23.676693609624866 22.94554918633229 22.78881073295015 22.87693250660137 23.023549146556036 23.1525294705863 23.264546636573197 23.366080476308042 23.46058222807561 23.547615367857535 23.62099625431309 23.676693609624866 22.941830666702202 22.785196236819242 22.874128784447336 23.02153492717664 23.151134494378432 23.263641619791347 23.36551186168577 23.460229095723484 23.547386681820036 23.62087808711742 23.676693609624866 22.938527971013283 22.781990112225674 22.871647522200675 23.01975276227844 23.149900740807166 23.262841260177623 23.36500872191908 23.459915883016198 23.547183835378526 23.62077301051411 23.676693609624866 22.935603830067166 22.779154489078852 22.869457338768253 23.018179940079698 23.148812278516775 23.26213518066553 23.364564631764047 23.45963885573873 23.547004408011045 23.62067985433443 23.676693609624866 22.933024796096618 22.776655802082708 22.86753061514696 23.016796504852376 23.14785514561789 23.261514302213506 23.364173961526692 23.45939471369418 23.54684626480731 23.62059758154489 23.676693609624866 22.93076106282561 22.77446606504615 22.865843131802986 23.015584980333877 23.147017140076425 23.260970698858593 23.363831788455478 23.459180547658992 23.54670752536365 23.62052527326472 23.676693609624866 22.928786262977514 22.772556903668207 22.864375281518143 23.01453012644056 23.146287638712085 23.260497475070125 23.363533822408005 23.458993803740604 23.546586539359893 23.62046211794466 23.676693609624866 22.92707725954616 22.77090546994956 22.863109974735142 23.013618726753094 23.14565744126768 23.26008866180369 23.363276343830137 23.458832254015647 23.546481866330183 23.620407402801565 23.676693609624866 22.925613942143542 22.769491978276786 22.862027991529395 23.01283940432103 23.145118636627842 23.25973912815628 23.363056151144537 23.458693971286472 23.546392256550835 23.620360506403458 23.676693609624866 22.924379036020902 22.768299482947665 22.86111589344727 23.01218246343473 23.14466448875384 23.259444506411107 23.36287051588435 23.458577303879515 23.546316630702457 23.620320893039654 23.676693609624866 22.923357928676456 22.76731368316563 22.860362381462306 23.011639755191016 23.14428934033949 23.259201128976432 23.362717144798058 23.458480855030764 23.546254101425408 23.620288112713094 23.676693609624866 22.922538517090562 22.76653392714695 22.85975814234091 23.01120456492529 23.14398853250683 23.25900597595481 23.36259414820917 23.45840346842428 23.546203927082253 23.620261791332627 23.676693609624866 22.92191107733522 22.765945821022807 22.859295722211673 23.010871519816654 23.14375833912353 23.258856632319144 23.36250001405889 23.458344217539498 23.546165509750434 23.62024162695311 23.676693609624866 22.921468157482888 22.765530668298233 22.858969425567803 23.010636515222938 23.143595914574174 23.258751253893383 23.362433587205956 23.458302393902642 23.546138391317026 23.620227387572065 23.676693609624866 22.921204494237 22.76528353444441 22.85877523823476 23.010496658574688 23.143499254055385 23.25868854149274 23.362394053626243 23.458277497835873 23.546122248475918 23.62021890910626 23.676693609624866 22.9211169534101 22.76520148164648 22.8587107731639 23.01045022993247 23.143467165701924 23.25866772277768 23.362380929302542 23.458269232041758 23.54611688882001 23.62021609377755 23.676693609624866
    </DataArray>
    <DataArray type="Float32" Name="Ion density last step [log10(m^-3)]" NumberOfComponents="1" format="ascii">
25.774318293726274 25.851805409337913 25.860317367085436 25.855217133594426 25.84501711885606 25.828913778074522 25.80335300149657 25.758519127184524 25.659771078211882 25.39422747632881 24.977723605288848 25.687441019648293 25.783303140325796 25.809459335106883 25.814445293246063 25.810873597955627 25.79894440299056 25.77556612736633 25.73063123350323 25.628190070311323 25.361212544589915 24.977723605288848 25.45167167994157 25.584413379448307 25.666979054366944 25.69831655563272 25.711890894419156 25.710708986080384 25.69244525281988 25.645651162201766 25.531745360445264 25.26864284242862 24.977723605288848 25.145765855118153 25.26437774663058 25.433905911035794 25.50605211483528 25.54567721148583 25.559925388983377 25.546937586551607 25.493476847412207 25.364940964988204 25.13786747149773 24.977723605288848 24.87755884791318 24.90971042505199 25.121241151110176 25.219184396604664 25.279686562309053 25.310867698079083 25.304146320988526 25.247863130275018 25.13508319256873 25.007300390103016 24.977723605288848 24.67362700079516 24.626412834459753 24.838327813992876 24.9299598761601 24.966924518678194 24.983367703045843 24.97910192263166 24.952313072133244 24.920187664800398 24.914083086777794 24.977723605288848 24.506484135957695 24.41175907867634 24.632441139892126 24.742644194309907 24.779351465489043 24.782605953050712 24.777702171053292 24.780933880813954 24.80693039671077 24.86428469027207 24.977723605288848 24.35849453712324 24.236039691843352 24.470040796561932 24.61082253146225 24.680257577645673 24.70773162234104 24.71937649383953 24.735694678538998 24.773276557202333 24.84457466301979 24.977723605288848 24.22186074409499 24.083967233005176 24.330996952645148 24.49814534822644 24.600451562104784 24.658926652745226 24.694576539195698 24.725822340663285 24.769116656690308 24.84088949164274 24.977723605288848 24.090561664427703 23.946162250450445 24.20609235569345 24.39536019916661 24.52523158977813 24.611418176849753 24.670558720481196 24.71852349515958 24.77099161820498 24.844069655152033 24.977723605288848 23.954165281244673 23.811977588580213 24.08606434520733 24.296012968546712 24.450590776993216 24.561940093097586 24.643604692869378 24.70966639063385 24.77502750742325 24.85066495261763 24.977723605288848 23.789344667291957 23.664032485075623 23.95724340115427 24.190877291743917 24.37205575464092 24.510187518556386 24.616556333961057 24.703680494011778 24.78262483000562 24.8587170236395 24.977723605288848 23.545092317382522 23.47596344066033 23.804956709741294 24.070072354646186 24.287405820242263 24.460477185868235 24.5930346594449 24.701478323201346 24.790635907011815 24.86689328698205 24.977723605288848 22.962897783375617 22.984387691933073 23.427828831582225 23.82783236733868 24.16773671885703 24.457425639631797 24.57460710963344 24.701137326466107 24.800646425094158 24.87567443975285 24.977723605288848 22.525712401321275 22.61135546033075 23.092324609218227 23.523251606765548 23.899079237092266 24.217818576744136 24.476929452468234 24.693986801092407 24.86611427063587 24.886209665718425 24.977723605288848 22.253912829893707 22.368351650279727 22.868316188201256 23.31980343130362 23.719073312357935 24.063339248395764 24.350893985305618 24.58201946772262 24.75761209809195 24.88069113334562 24.977723605288848 22.119886655271237 22.249386672509843 22.76041495382563 23.224559859960838 23.638239376905837 23.998156963154248 24.301729982484925 24.54788982681845 24.73812296781972 24.87790923380422 24.977723605288848 22.047539757535226 22.18584694689673 22.70385597250527 23.1759599942033 23.59858462625329 23.968047932648382 24.28109304450216 24.535825930620028 24.73292756259876 24.877098648555716 24.977723605288848 21.995071393170097 22.139392884714262 22.662781550227756 23.140990166183016 23.57036219308651 23.946913729143144 24.2668891116579 24.52776963678091 24.729602971151134 24.876573578299418 24.977723605288848 21.950844090695558 22.099856377112015 22.62781787111918 23.11124646485782 23.546344519860174 23.928864946260358 24.25465907360874 24.520719133084054 24.726586116655593 24.876010662716563 24.977723605288848 21.912167693245465 22.064995095939082 22.596918241312675 23.084917888793804 23.525028894671497 23.91276454126681 24.24364674875 24.514262737309537 24.723727147500828 24.875403830608214 24.977723605288848 21.878046800670756 22.034063483454236 22.56942606511936 23.061436247996422 23.50596017235586 23.898293120151138 24.233672290234786 24.50833814906166 24.72103506309312 24.874780786896135 24.977723605288848 21.847864920713775 22.006587016649583 22.544939765453776 23.0404678580337 23.488880238345388 23.885276386136123 24.224644088792505 24.50292132667798 24.718525725639743 24.874164445766315 24.977723605288848 21.821126735427818 21.982169120426686 22.523128394606847 23.021744566463372 23.473585653315343 23.873577282320866 24.21648772824403 24.497988531113837 24.71620676422839 24.873570151256555 24.977723605288848 21.797411723077506 21.960459996482776 22.50369973505136 23.005031229878895 23.45989868639834 23.863074675659476 24.2091340983991 24.493512761947326 24.71407849698321 24.873007369457298 24.977723605288848 21.77632846840557 21.941148507879035 22.48639259734848 22.990116905941864 23.447658942444352 23.853657397672613 24.202516895493368 24.489464306801988 24.712136067860747 24.87248141107233 24.977723605288848 21.757591177928443 21.92396446448155 22.470974710867903 22.976811747726227 23.43672047759097 23.84522252670092 24.196572569213657 24.48581218542193 24.710371194949836 24.871994713989654 24.977723605288848 21.74092184949436 21.90866777389439 22.45723872059982 22.9649447197381 23.42695030224065 23.837674706126634 24.191240522471166 24.482524993608052 24.708773469428948 24.871547757610973 24.977723605288848 21.72608190601655 21.895046233215684 22.4449998442038 22.954362044234237 23.41822755019258 23.830925985048903 24.186463551855937 24.479571743064863 24.707331322809964 24.871139719194343 24.977723605288848 21.71286348279551 21.882912800718074 22.434093887168867 22.944925944403373 23.410442881953156 23.82489579548229 24.18218829558815 24.476922598764695 24.70603274182663 24.870768947148058 24.977723605288848 21.701085055878814 21.872102746295585 22.42437532256371 22.9365134295043 23.40349787913756 23.819510861949656 24.178365499077632 24.474549364399785 24.704865778316346 24.870433300416348 24.977723605288848 21.69058789102097 21.862471138210548 22.41571542004632 22.929015042131642 23.397304333768403 23.814704938598616 24.174950110087604 24.472425781331662 24.70381889610074 24.870130388015763 24.977723605288848 21.681232996766248 21.853890511305107 22.408000471303634 22.922333615025202 23.391783482386803 23.81041844610335 24.17190123295888 24.470527679378442 24.70288119171303 24.86985773386485 24.977723605288848 21.672898527832068 21.846248779585697 22.401130155029705 22.916383076730433 23.386865222367753 23.806598046920854 24.169181980326773 24.468833018449043 24.702042523321136 24.869612888433892 24.977723605288848 21.665477564762934 21.839447383261614 22.39501603459348 22.91108731345005 23.382487323639598 23.80319617022575 24.16675925356383 24.467321851188043 24.701293571537207 24.869393500035645 24.977723605288848 21.65887621732975 21.833399660733207 22.389580205572777 22.906379112980797 23.37859466696627 23.800170521660824 24.164603482020546 24.465976233917164 24.700625853395493 24.869197357846634 24.977723605288848 21.653012005487856 21.828029427952963 22.38475409214687 22.90219920237021 23.375138528139818 23.79748360121859 24.1626883446639 24.46478010712408 24.700031705687163 24.869022415383576 24.977723605288848 21.6478124779178 21.823269745437162 22.380477385813176 22.898495383223477 23.372075919350976 23.79510224479829 24.160990490936666 24.46371916093928 24.69950424939964 24.86886680073415 24.977723605288848 21.64321403366912 21.81906185266188 22.376697116536054 22.895221763460913 23.369368993080737 23.792997198968205 24.159489272142263 24.46278069641953 24.69903734366042 24.868728818093473 24.977723605288848 21.639160917330173 21.815354250213158 22.37336684470424 22.892338080978373 23.36698450961449 23.791142733945797 24.158166490397548 24.461953489879814 24.698625535033617 24.868606943851937 24.977723605288848 21.635604362364766 21.81210191125951 22.370445961718175 22.88980911269872 23.364893366424994 23.789516296572085 24.15700616904376 24.461227664830897 24.698264006091662 24.86849981950132 24.977723605288848 21.632501862191237 21.809265607972428 22.36789908707488 22.887604161677974 23.363070186001266 23.788098202944063 24.155994346227192 24.460594574167967 24.69794852579833 24.86840624291586 24.977723605288848 21.629816549784774 21.806811334202184 22.36569555247066 22.885696614768758 23.361492957788332 23.786871369028553 24.155118891889412 24.460046693917572 24.69767540324295 24.86832515904918 24.977723605288848 21.627516673037988 21.804709817221315 22.363808962547658 22.88406356351641 23.36014272959419 23.785821076895825 24.154369347534413 24.45957752899581 24.69744144560349 24.868255650729516 24.977723605288848 21.625575149814615 21.802936101655632 22.36221681795174 22.882685481331986 23.359003343884392 23.784934773920344 24.15373678763846 24.459181530880524 24.697243920750402 24.86819692997793 24.977723605288848 21.623969196963504 21.801469202686768 22.36090020238749 22.881545951758042 23.358061214890895 23.78420190228777 24.153213701295908 24.458854026708813 24.697080524513687 24.868148330100436 24.977723605288848 21.622680021582088 21.80029181602732 22.35984352241507 22.8806314427728 23.357305142990946 23.78361375656289 24.1527938929721 24.45859115954466 24.696949352972904 24.868109298782567 24.977723605288848 21.621692573937437 21.79939009218384 22.359034296056556 22.879931122686312 23.3567261628914 23.78316336686551 24.152472400801678 24.45838983893342 24.696848879258614 24.868079392189003 24.977723605288848 21.620995348065037 21.798753447989306 22.358462984224683 22.87943671375909 23.356317422885006 23.7828454058141 24.152245431351208 24.45824770128136 24.696777934845073 24.86805827012224 24.977723605288848 21.620580229326315 21.79837441986315 22.358122862312207 22.879142380923856 23.356074093053625 23.782656117705912 24.15211030988973 24.458163079579737 24.69673569519373 24.868045692261784 24.977723605288848 21.620442390476732 21.79824856829389 22.358009930787645 22.8790446538712 23.3559933008743 23.78259326877931 24.152065445415637 24.458134982073492 24.69672166960879 24.868041515484858 24.977723605288848
    </DataArray>
    <DataArray type="Float32" Name="Ion density max [log10(m^-3)]" NumberOfComponents="1" format="ascii">
25.77942682887495 25.853936990555226 25.862449118244253 25.857409364690263 25.847173238305874 25.830992476849037 25.805406126562527 25.76076576962151 25.662725129229965 25.397955848526536 24.977723605288848 25.694263308711943 25.786723043736448 25.812316938823937 25.81716388948336 25.8134361795603 25.801374664647284 25.777972102528334 25.733280941151186 25.631676673416923 25.365406098033223 24.977723605288848 25.461319812066602 25.59108416819842 25.671594614173042 25.702469238067316 25.71567963817386 25.714277278981786 25.696024727698155 25.6496936639414 25.536996014953083 25.274015544765778 24.977723605288848 25.154882435324357 25.273992093149207 25.441272654507443 25.512945105741686 25.55205184667757 25.566007892397437 25.553200220526193 25.500631730018295 25.37337444993709 25.14422395792905 24.977723605288848 24.88303215360675 24.917655724196422 25.12922305233188 25.22865858155802 25.29034525459941 25.322006011304794 25.315763705005626 25.260038444186097 25.14618001289203 25.013071767688874 24.977723605288848 24.67665767564147 24.631096266245116 24.84298705134562 24.935888652897827 24.97555240888212 24.99459738686475 24.991657375308094 24.964185731793375 24.928802948736195 24.91799020025847 24.977723605288848 24.508466672086165 24.4147805570657 24.634984747773846 24.74489072991388 24.781947062026195 24.786171044761193 24.782168701750127 24.78557529375953 24.810799212105973 24.866470257059518 24.977723605288848 24.359988916588765 24.238272983893307 24.471869172917707 24.61215731950903 24.68114228683094 24.70842423900797 24.720130136638975 24.743093287595528 24.789152864868502 24.858748733316656 24.977723605288848 24.22308238955466 24.085735458013353 24.332490657750757 24.499276373293153 24.601139753302867 24.65924592195519 24.694984971855508 24.733051850191043 24.783672308775888 24.855001239928544 24.977723605288848 24.091604163913065 23.94761801344977 24.207364843389318 24.39638262169385 24.525907370627205 24.61174849588218 24.670625782588147 24.72210979333918 24.779528860286238 24.853937986109667 24.977723605288848 23.955079891619697 23.813213450455432 24.087174728548888 24.296944983080184 24.451255305994316 24.56231080702698 24.643719954862362 24.710900600632673 24.77947806290524 24.856788285156934 24.977723605288848 23.790183375208926 23.665122707720936 23.958243061817075 24.191738838851876 24.3727051405494 24.510590062890227 24.61672170494304 24.703794642536423 24.784990144948846 24.86226545014936 24.977723605288848 23.545956642608203 23.476981883470447 23.805890281838877 24.070867556570626 24.28803280519756 24.460918773327116 24.593239170573337 24.701506944490173 24.791835579525838 24.86881045148406 24.977723605288848 22.964068099509902 22.98547952599181 23.428805778158235 23.828689973557765 24.168374685896616 24.457784672158756 24.574811569168943 24.701197421318778 24.800750594928257 24.876694142892422 24.977723605288848 22.526658983429527 22.612283564118595 23.09320485206357 23.524059015555544 23.8997703783619 24.21835465960704 24.477240822798873 24.694080630107564 24.867249705645452 24.886753583954157 24.977723605288848 22.254690539365882 22.369132463928185 22.869061187731717 23.320489120990388 23.719667421426198 24.063810215652857 24.351218729089922 24.582201338997695 24.75768489745654 24.880916484777867 24.977723605288848 22.120547780598677 22.250052173404452 22.76104612959101 23.22513709580508 23.63873715703863 23.99855045882591 24.302001187346608 24.548037419804384 24.738172084813034 24.87791064333583 24.977723605288848 22.04812487518094 22.18643353497625 22.704408980799407 23.176462886561076 23.59901641139484 23.968388465619082 24.281327687060983 24.535953612216954 24.732969800831984 24.877100218651034 24.977723605288848 21.995602226917672 22.139920885990005 22.6632764839856 23.141438065368426 23.570745436836976 23.947215596572107 24.267097502904523 24.527883801839582 24.72964146429522 24.876575482169773 24.977723605288848 21.951332633185366 22.100337839247548 22.62826658157121 23.111650647170354 23.546689250342265 23.929136166960678 24.254846658568372 24.52082260971264 24.72662172357402 24.87601291935931 24.977723605288848 21.91262201408946 22.065438605077563 22.59732924298112 23.085286444458493 23.525342277590813 23.913010816957957 24.243817357229492 24.514357437865872 24.723760349252736 24.875406370156387 24.977723605288848 21.87847284684311 22.034475635457767 22.569805958989555 23.061775461833008 23.506247772149397 23.898518879554345 24.233828902175773 24.508425563819113 24.721066223660728 24.87478353505757 24.977723605288848 21.848267298909263 22.006973011612384 22.54529378076871 23.040782715547646 23.489146468322282 23.88548514417947 24.224789076930463 24.503002650822353 24.718555141269054 24.87416734258556 24.977723605288848 21.821509108544735 21.9825331180356 22.523460719402937 23.022039060700095 23.473834046560473 23.87377185438594 24.21662299911925 24.49806473274872 24.7162346812486 24.873573151235274 24.977723605288848 21.7977770597915 21.960805363637242 22.50401375544434 23.00530858593283 23.46013209399545 23.863257334361045 24.20926119546239 24.49358463111223 24.714105122259777 24.873010439009665 24.977723605288848 21.776679179954034 21.941477997349235 22.486691076169276 22.990379750478713 23.447879683521418 23.853829991733992 24.20263707759168 24.489532492714165 24.71216157624271 24.8724845258017 24.977723605288848 21.75792929428859 21.924280353082253 22.47125992315901 22.977062237766347 23.436930453500793 23.84538657156472 24.196686870615228 24.48587722538006 24.710395734980878 24.871997856388425 24.977723605288848 21.741249067964873 21.90897195905681 22.457512554751542 22.965184640469797 23.427151083720002 23.837831453316166 24.19134979904528 24.4825873352182 24.70879716786205 24.8715509152632 24.977723605288848 21.726399661268264 21.895340308202197 22.44526387934125 22.954592883963326 23.41842044427097 23.831076475514696 24.18656851673504 24.479631761531923 24.707354288239962 24.871142883417743 24.977723605288848 21.71317299628909 21.883198112653982 22.434349452894697 22.945148952448232 23.41062898366938 23.82504090087628 24.18228954685585 24.476980610478975 24.70605506764282 24.870772111983516 24.977723605288848 21.701387373975926 21.87238044123833 22.424623545485506 22.93672966128264 23.403678111808702 23.8196513168187 24.178463541421127 24.474605637656996 24.704887545118144 24.870436461881372 24.977723605288848 21.690883914934776 21.86274219669439 22.41595726036124 22.929225394575337 23.39747948060379 23.81484136565528 24.17504537185308 24.472480544849013 24.70384017368593 24.87013354355498 24.977723605288848 21.681523506459655 21.854155776622438 22.408236751832373 22.922538854634396 23.391954211505947 23.810551376223287 24.171994079687867 24.470581129108773 24.70290204654385 24.8698608819463 24.977723605288848 21.673184220250555 21.84650898051592 22.401361584461046 22.916583861980545 23.387032106754372 23.806727935099417 24.16927272558178 24.4688853230725 24.702063008874692 24.86961602825321 24.977723605288848 21.665759064948315 21.839703152504086 22.39524322625886 22.911284212838414 23.382650857185986 23.8033234084071 24.16684816765223 24.467373170192744 24.701313733137557 24.86939663129968 24.977723605288848 21.659154036980297 21.833651585538302 22.38980371128849 22.906572624780196 23.378755279427246 23.80029545669026 24.16469081741465 24.466026693294815 24.70064573081696 24.86920048061555 24.977723605288848 21.653286594912636 21.82827799871374 22.38497440081457 22.902389790240314 23.37529662403787 23.79760654815883 24.16277430626457 24.464829815592328 24.700051333944657 24.869025529956186 24.977723605288848 21.648084234945614 21.82351538127321 22.380694900333225 22.898683418151005 23.372231819518728 23.795223457716403 24.161075254167642 24.46376821379929 24.699523659420635 24.868869907565102 24.977723605288848 21.64348331118196 21.81930492392176 22.3769121921348 22.89540757195956 23.36952297954725 23.79311690107924 24.159572991178585 24.46282917758658 24.69905656285923 24.86873191773395 24.977723605288848 21.639428029681177 21.815595085658806 22.373579796077863 22.892521951838813 23.36713683154334 23.79126112234769 24.158249301412297 24.46200147359243 24.69864458780488 24.868610036907732 24.977723605288848 21.635869590886543 21.81234080418171 22.370657069086775 22.889991302690174 23.36504424511967 23.789633546234384 24.157088192946865 24.461275217099935 24.698282914236735 24.8685029066037 24.977723605288848 21.632765459958236 21.809502821439313 22.368108601353864 22.88778490040322 23.363219819158758 23.78821447009528 24.156075690994157 24.46064175401454 24.697967308896057 24.868409324701855 24.977723605288848 21.630078745764436 21.80704710559744 22.36590369972627 22.885876108833656 23.36164152314481 23.786986794057412 24.155199654558082 24.46009355443916 24.697694078974084 24.8683282361488 24.977723605288848 21.62777767573844 21.804944362204235 22.364015947871177 22.884242000143402 23.360290388078404 23.785935786859 24.154449615932595 24.4596241182924 24.697460030036737 24.86825872375802 24.977723605288848 21.62583515051993 21.803169617650823 22.36242282885742 22.882863031522632 23.359150242372532 23.785048884731737 24.153816641893517 24.459227892866867 24.69726242859667 24.868199999531868 24.977723605288848 21.624228372631453 21.80170187199015 22.36110541182789 22.881722773091283 23.35820748863988 23.784315520650917 24.153293215168222 24.45890020183434 24.69709896935413 24.868151396756307 24.977723605288848 21.62293853746911 21.80052380860041 22.360048091487975 22.88080768191095 23.357450917814003 23.783726981697605 24.1528731350474 24.458637185439134 24.696967747465674 24.868112363097477 24.977723605288848 21.621950586000597 21.799621568209737 22.359238376467772 22.880106917649698 23.35687155712985 23.783276292071797 24.15255143557159 24.45843575099359 24.69686723532849 24.868082454702687 24.977723605288848 21.621253005194802 21.798984560235052 22.358666720560848 22.87961219602144 23.3564625492224 23.782958119910287 24.152324320207356 24.458293533211908 24.696796263859664 24.868061331360092 24.977723605288848 21.62083767545489 21.798605315894417 22.358326394171865 22.87931767737426 23.356219060212624 23.78276870637323 24.152189112053545 24.458208863900147 24.69675400812963 24.868048752738513 24.977723605288848 21.62069976659632 21.79847939259402 22.358213394814666 22.879219888683956 23.356138215232644 23.782705815841954 24.152144218823814 24.458180750601336 24.696739977210743 24.86804457570862 24.977723605288848
    </DataArray>
    <DataArray type="Float32" Name="Mobility [m^2/V/s]" NumberOfComponents="1" format="ascii">
0.0 0.0 0.0 0.0 0.0 0.0 0.0 0.0 0.0 0.0 0.0 0.0005117621466585172 0.0005170311394518115 0.0005554474323623254 0.0004872727803950871 0.0005309580660988953 0.0005277991592244218 0.0005575575182811461 0.0005039292411743102 0.0005305286933565609 0.0005242260614937245 0.000548095979543836 0.00038973072721550393 0.00040294808310507776 0.00037786952467718725 0.00034747540701909516 0.0002690039685536196 0.00028086517109193623 0.00026224455196166725 0.00019563431603450838 0.00013752494972127803 0.00014428436631323035 0.00013752494972127803 0.0 0.0 0.0 0.0 0.0 0.0 0.0 0.0 0.0 0.0 0.0 0.0 0.0 0.0 0.0 0.0 0.0 0.0 0.0 0.0 0.0 0.0 0.00040352425594899984 0.00044597985214193806 0.0004335145368484175 0.00039489436743517166 0.0004255141701512058 0.000403509422805778 0.00036804927359903157 0.00038466469566684954 0.0003424093754704409 0.00031101737508607073 0.0003042222040964084 0.0 0.0 0.0 0.0 0.0 0.0 0.0 0.0 0.0 0.0 0.0 0.0 0.0 0.0 0.0 0.0 0.0 0.0 0.0 0.0 0.00017666018985405149 0.00021439847166582662 0.00033872797618182123 0.0002865489153459766 0.00033471493990211546 0.00031587021276318706 0.00026726592488730805 0.0003006002585842242 0.00026241308721019173 0.00022190447110906504 0.00023232158761091155 0.00017384254585556928 0.00015562304785297736 0.0 0.0 0.0 0.0 0.0 0.0 0.0 0.0 0.0 0.0 0.0 0.0 0.0 0.0 0.0 0.0 0.0 0.0 9.701627943523875e-05 0.00011385942012313802 7.451360589409989e-05 0.00011621285371554439 0.00022609698989072916 0.00021082703571176633 0.00016034172062521997 0.00020151065562179883 0.00017141915602251863 0.00013536536038599617 0.00015575917587326238 0.00011956925221645488 0.00010594036305472405 0.00010580423503443902 8.917517293635409e-05 0.0 0.0 0.0 0.0 0.0 0.0 0.0 0.0 0.0 0.0 0.0 0.0 0.0 0.0 0.0 0.0 6.134458741989636e-05 6.369802101230275e-05 4.874949529741037e-05 6.191851377161389e-05 8.134970438094074e-05 5.704388189332711e-05 8.604418203470613e-05 0.00011741511235428228 0.00010175513220502602 8.114108237257057e-05 9.909133040428446e-05 8.53263132222686e-05 7.773443458374327e-05 8.458346723418286e-05 8.158329429782875e-05 8.158329429782875e-05 8.6175e-05 0.0 0.0 0.0 0.0 0.0 0.0 0.0 0.0 0.0 0.0 0.0 0.0 0.0 0.0 4.481527908266117e-05 4.3035771841972304e-05 3.6753653724660435e-05 4.068786993940964e-05 5.076176377601524e-05 4.0838502425992145e-05 5.719451437990962e-05 6.340794786137939e-05 6.956790150684872e-05 6.203215543252965e-05 7.094153449750992e-05 7.019868850942418e-05 6.673255111540201e-05 7.352545120163538e-05 7.81171569038066e-05 7.81171569038066e-05 8.6175e-05 0.0 0.0 0.0 0.0 0.0 0.0 0.0 0.0 0.0 0.0 0.0 0.0 0.0 0.0 3.560196366625203e-05 3.325406176368936e-05 3.0002169194859466e-05 3.115385925326787e-05 3.758660985716225e-05 3.2524468517673235e-05 4.220911169039751e-05 4.68671750808094e-05 4.138474934255981e-05 5.1104954072460714e-05 6.147138331314661e-05 6.47981460053578e-05 6.350727686909662e-05 6.876844467135202e-05 7.68262877675454e-05 7.68262877675454e-05 8.6175e-05 0.0 0.0 0.0 0.0 0.0 0.0 0.0 0.0 0.0 0.0 0.0 0.0 0.0 0.0 0.0 2.7680239298145663e-05 2.5758945535494627e-05 2.5980672921786942e-05 3.0603174755022205e-05 2.7553586162381903e-05 3.40973817582682e-05 3.833516074991951e-05 3.482272363329896e-05 4.211009121759057e-05 4.4754061353891584e-05 4.172762917397116e-05 6.299047841610841e-05 6.721948303745999e-05 7.656819526991455e-05 7.656819526991455e-05 8.6175e-05 0.0 0.0 0.0 0.0 0.0 0.0 0.0 0.0 0.0 0.0 0.0 0.0 0.0 0.0 0.0 0.0 0.0 2.281541637651328e-05 2.630962337975928e-05 2.4292005157386227e-05 2.9030174943254854e-05 3.2805105410925914e-05 3.030859114214135e-05 3.6101139832185455e-05 3.9231114905186593e-05 3.685077337126787e-05 4.247726271305357e-05 4.4621156065912376e-05 7.674425241638693e-05 7.674425241638693e-05 8.6175e-05 0.0 0.0 0.0 0.0 0.0 0.0 0.0 0.0 0.0 0.0 0.0 0.0 0.0 0.0 0.0 0.0 0.0 0.0 0.0 2.19466462634172e-05 2.5551631197178997e-05 2.884766561843855e-05 2.6936554151930988e-05 3.169351409689334e-05 3.4939661904760316e-05 3.2952068211561195e-05 3.8109327485935726e-05 4.0860893012325306e-05 3.921058525529402e-05 4.3949744474882724e-05 8.6175e-05 0.0 0.0 0.0 0.0 0.0 0.0 0.0 0.0 0.0 0.0 0.0 0.0 0.0 0.0 0.0 0.0 0.0 0.0 0.0 0.0 0.0 2.5759483707497608e-05 2.4161429958389836e-05 2.8184348881278017e-05 3.135401446245343e-05 2.960056704989762e-05 3.43682863801808e-05 3.745713784273821e-05 3.592041814912397e-05 4.07627170242372e-05 4.3585409645975965e-05 4.2590158199151184e-05 0.0 0.0 0.0 0.0 0.0 0.0 0.0 0.0 0.0 0.0 0.0 0.0 0.0 0.0 0.0 0.0 0.0 0.0 0.0 0.0 0.0 0.0 2.5169871227370614e-05 2.818414314509799e-05 2.661747163593445e-05 3.1048167458461457e-05 3.435374663996043e-05 3.304059473988045e-05 3.791284543054297e-05 4.1277006299071194e-05 4.046032554332486e-05 4.513763831193308e-05 4.857703896910477e-05 0.0 0.0 0.0 0.0 0.0 0.0 0.0 0.0 0.0 0.0 0.0 0.0 0.0 0.0 0.0 0.0 0.0 0.0 0.0 0.0 0.0 0.0 2.297793881927485e-05 2.772875776786621e-05 3.128785655844874e-05 3.121010246928073e-05 3.6521939441294963e-05 4.038257145415684e-05 3.977200093140616e-05 4.371038703343605e-05 4.787219615103153e-05 4.785867189502086e-05 5.263105153536703e-05 0.0 0.0 0.0 0.0 0.0 0.0 0.0 0.0 0.0 0.0 0.0 0.0 0.0 0.0 0.0 0.0 0.0 0.0 0.0 0.0 0.0 0.0 2.8661522510089445e-05 2.4101466950435863e-05 3.1884129792473374e-05 3.521194537175257e-05 3.237721247925086e-05 4.026508361818364e-05 4.502393900251914e-05 4.471755437657582e-05 5.2311142653413036e-05 5.716084158370283e-05 6.1010680080528e-05 0.0 0.0 0.0 0.0 0.0 0.0 0.0 0.0 0.0 0.0 0.0 0.0 0.0 0.0 0.0 0.0 0.0 0.0 0.0 0.0 0.0 1.5118489465646499e-05 2.5467838502271867e-05 3.0520976748702934e-05 2.768680170718544e-05 3.4596175684164426e-05 4.1883379335058325e-05 3.767276849049756e-05 4.779414718290895e-05 5.680006923596724e-05 5.0718384504744895e-05 6.393491740236396e-05 6.524438858817748e-05 0.0 0.0 0.0 0.0 0.0 0.0 0.0 0.0 0.0 0.0 0.0 0.0 0.0 0.0 0.0 0.0 0.0 0.0 0.0 1.5041900677222993e-05 1.506222234646205e-05 1.5041184947706607e-05 2.617894906148901e-05 3.086008729856862e-05 3.677085514641925e-05 3.5686898157904275e-05 4.249957934983322e-05 4.963442751622993e-05 4.8691441152453515e-05 5.69102463073652e-05 6.39374198832694e-05 6.375626306263779e-05 7.172642300231838e-05 0.0 0.0 0.0 0.0 0.0 0.0 0.0 0.0 0.0 0.0 0.0 0.0 0.0 0.0 0.0 0.0 0.0 1.5016387730409384e-05 1.5033583013491283e-05 1.5024496148094767e-05 1.504929336539199e-05 1.5198902352075797e-05 3.533751268743712e-05 3.497409420464147e-05 4.1052203878522605e-05 4.8328022669657874e-05 4.8083691174136195e-05 5.572292844806711e-05 6.35119315671161e-05 6.345915208661773e-05 7.14924867011884e-05 7.880735361034499e-05 7.880735361034499e-05 0.0 0.0 0.0 0.0 0.0 0.0 0.0 0.0 0.0 0.0 0.0
    </DataArray>
    <DataArray type="Float32" Name="Electric Field [Vm^-1]" NumberOfComponents="3" format="ascii">
405714906.667527 -1635654183.3701975 0.0 4658164.933434768 -24593631.782633744 0.0 3482896.4487382034 -20332227.273027245 0.0 2544907.356039521 -17259251.7829302 0.0 2005101.3363203213 -15531883.124171551 0.0 1666026.1556680168 -14658202.432249468 0.0 1382904.6314158037 -14537732.492389794 0.0 926213.3535145599 -15754102.365774086 0.0 -434982.29356841405 -21278616.92508364 0.0 -3738960.6102033686 -39012336.26299232 0.0 408502676.57838696 1170311595.935702 0.0 9009186.292878771 -1429950385.7830222 0.0 7140730.229554582 -25319116.856957134 0.0 5395987.904267154 -20983539.303673297 0.0 4212199.701990384 -17640337.04788326 0.0 3512087.09926748 -15762568.84112908 0.0 3070787.304209789 -14830933.3289392 0.0 2731644.6972787688 -14745229.326661957 0.0 2321062.2450599573 -16203234.79125256 0.0 1538312.5987504225 -22539585.736916993 0.0 259869.49795298328 -41615775.92957636 0.0 -2101624.9847660097 1368025685.3635325 0.0 13858305.250413291 -1424174628.1192112 0.0 12026452.176181976 -27514760.148087665 0.0 9740217.22298085 -22944031.7075163 0.0 7972411.437981386 -18878300.836019885 0.0 6761359.831986225 -16545856.89225051 0.0 5894710.988426532 -15395483.83676881 0.0 5117010.705102955 -15315034.420115735 0.0 4059664.8333252054 -17136726.302121025 0.0 2175315.8424325217 -24253140.06971951 0.0 -218013.07345364982 -42836848.32071764 0.0 -2237122.8024338437 1368215701.4673362 0.0 14308094.860511879 -1417466865.3969455 0.0 13268605.336872796 -29238343.414676 0.0 12024336.462240655 -24859750.04926855 0.0 10573846.936179237 -20436393.017514773 0.0 9248036.951384984 -17721758.320859753 0.0 8007032.1878822325 -16420096.071946057 0.0 6582399.473171853 -16539312.62205778 0.0 4489183.994846101 -19124307.18388657 0.0 1306401.4408362128 -27234787.77099601 0.0 -1519450.1518331289 -44042673.99989457 0.0 -2455354.160735458 1369038325.1711624 0.0 11726609.372749297 -1411447772.7931485 0.0 11470977.791224025 -29326261.91713987 0.0 11325676.239392513 -25727822.325833928 0.0 10346201.978857828 -21703451.067327302 0.0 9069986.532945776 -19063069.642041504 0.0 7518002.041774608 -17982486.398772262 0.0 5379545.758094961 -18714826.262107093 0.0 2295255.8013132904 -22349883.53657284 0.0 -1399363.7009764293 -30813956.34516963 0.0 -3201814.147281934 -44170995.515362784 0.0 -2645246.901528001 1370719296.8646507 0.0 9351786.647047563 -1406571405.3557348 0.0 8814208.742164595 -28889802.01158934 0.0 8526557.330537587 -26287040.12611022 0.0 7299037.832983855 -22909682.84425816 0.0 5584446.910298856 -20612282.785419863 0.0 3490121.9348051897 -20041947.149055663 0.0 871583.7100126703 -21570964.395901967 0.0 -2191114.330634568 -25839941.271854162 0.0 -4697905.7538670795 -33303278.974642012 0.0 -4406194.366125102 -42453998.640153125 0.0 -2722501.715662247 1373063776.2366545 0.0 8180622.430448578 -1402679534.8508072 0.0 6825954.26670884 -29084687.36254742 0.0 5834704.364572725 -27432862.246608637 0.0 3919735.3108613715 -24810944.566148244 0.0 1446852.6733594763 -22893367.092386693 0.0 -1221823.4202420746 -22585319.577898283 0.0 -3846638.533962831 -24287954.163006354 0.0 -5985314.279621066 -28128367.28424298 0.0 -6689691.118030358 -33674169.09650537 0.0 -4722820.509171829 -39236411.98457987 0.0 -2696636.5263976054 1375629961.0163124 0.0 7749082.602358154 -1399465437.3533983 0.0 5784667.764497264 -30002039.232903875 0.0 4300652.278743434 -29157566.212311365 0.0 2007411.2970241979 -27298215.74604963 0.0 -827962.8767808337 -25720193.363374874 0.0 -3699154.295498498 -25317409.558183853 0.0 -6083171.972930124 -26476521.83041579 0.0 -7406405.8394585075 -29106516.356084388 0.0 -7009610.309733514 -32557762.09294772 0.0 -4389368.3257437125 -35482542.35909073 0.0 -2618128.8811285933 1378053387.1560454 0.0 7742445.443960534 -1396549452.6981792 0.0 5526404.088583623 -31331610.253384914 0.0 3849748.201033898 -31135046.294374578 0.0 1515014.514317737 -29940663.045394722 0.0 -1275807.7710237617 -28628253.05134684 0.0 -4026343.9948824965 -27933436.668113604 0.0 -6146715.789495324 -28216829.493132997 0.0 -7065998.996335196 -29388058.74974291 0.0 -6321310.431786631 -30910720.935598418 0.0 -3759402.593659973 -31905736.78247918 0.0 -2522624.643450159 1380156490.0073502 0.0 8082593.30116452 -1393577175.8400714 0.0 5899304.376637382 -32788658.013829052 0.0 4203447.576425712 -33132156.693957813 0.0 1974021.4106708765 -32476981.802108847 0.0 -614111.8132142464 -31363878.131228074 0.0 -3142686.176681177 -30333870.676088788 0.0 -5071630.805690844 -29706244.196503285 0.0 -5883056.864269157 -29471863.325986486 0.0 -5217957.791943339 -29320385.671623293 0.0 -3048467.9933441286 -28838963.29670957 0.0 -2427090.411019736 1381885851.6860168 0.0 8887832.376166197 -1390200936.3341372 0.0 6873195.886117455 -34249670.72798155 0.0 5136884.363142411 -35084900.50661595 0.0 2995938.6856965325 -34839355.45845069 0.0 613799.1047764386 -33868250.01885283 0.0 -1706177.673431066 -32539809.654531963 0.0 -3527216.732998606 -31107393.08462787 0.0 -4403129.163313592 -29641189.149867725 0.0 -4013463.4372613896 -28058090.097243227 0.0 -2349980.6588288005 -26386405.17509369 0.0 -2337314.3295663656 1383245012.6143382 0.0 10562944.936396094 -1385988202.6416829 0.0 8549514.089885518 -35888902.62227421 0.0 6455984.501065432 -37116530.62902554 0.0 4261282.057950842 -37082344.94612995 0.0 2028390.892530434 -36170173.51127729 0.0 -119531.83407026398 -34599484.83888426 0.0 -1873065.0939685034 -32515181.78980014 0.0 -2878156.241765401 -30022943.01180889 0.0 -2825938.9145787153 -27216936.211768106 0.0 -1690982.488843527 -24554706.286404517 0.0 -2254305.869497733 1384256095.5242658 0.0 14659879.587960325 -1380092133.700145 0.0 11215231.6766298 -38746863.221610285 0.0 7807141.07506264 -39522494.60254987 0.0 5434683.214332603 -39282519.05888614 0.0 3355478.2240347588 -38295508.06800622 0.0 1387910.1818680663 -36526426.92097525 0.0 -262945.825546313 -33938708.323555425 0.0 -1393523.0649594893 -30646909.25883821 0.0 -1705608.8803476538 -26823028.23719316 0.0 -1088394.4016792348 -23319185.855438977 0.0 -2179918.647931587 1384946288.412438 0.0 15285184.343017323 -1374234527.3335695 0.0 10624405.040054077 -43532794.246888965 0.0 7867073.063651527 -42219055.5184835 0.0 5931001.723352979 -41316363.47484331 0.0 4306193.354032707 -40154261.40969943 0.0 2788643.395378761 -38214176.6694999 0.0 1318748.4851513451 -35351038.390784495 0.0 39346.56621873373 -31535193.5663075 0.0 -700657.9958556694 -26895902.301766336 0.0 -548594.108619958 -22619433.773124605 0.0 -2111674.079644889 1385346047.2581925 0.0 10646374.3534522 -1370475182.234294 0.0 8164634.781105288 -45909336.749554634 0.0 6787980.516086752 -43995472.98829287 0.0 5624126.003951954 -42712694.99881498 0.0 4605988.572027431 -41405074.463178724 0.0 3580843.7773112087 -39518157.683664024 0.0 2417081.274629914 -36722029.95953581 0.0 1309490.086643773 -32658252.86319516 0.0 515636.47993407724 -27328746.21652118 0.0 120374.1550840921 -22463257.911599275 0.0 -2027055.9712131657 1385455705.350213 0.0 7131375.864698216 -1367608253.43638 0.0 5718116.785475786 -46575900.09977844 0.0 5349866.491235085 -44840039.882418096 0.0 4790159.689997405 -43528067.15988712 0.0 4178203.733193721 -42200927.88308063 0.0 3511493.4821287566 -40393004.0244438 0.0 2766318.3542766515 -37631282.551157705 0.0 1994691.7584476315 -33493149.911512237 0.0 1201365.704467324 -28072531.89331031 0.0 420214.62049129966 -22980960.6905765 0.0 -2009635.4647713678 1385291958.3565612 0.0 4979680.531456277 -1365515435.5913002 0.0 3928373.990986337 -46346388.49989222 0.0 4059392.4641462727 -45072421.90970091 0.0 3872705.6041598134 -43943220.705098435 0.0 3524481.1423128564 -42711530.461238064 0.0 3061750.5248424793 -40998922.37937187 0.0 2489096.1641739206 -38318641.73168679 0.0 1822365.5292364296 -34233018.64111414 0.0 1104287.3029917248 -28855146.36864936 0.0 450519.2129851103 -23541321.427737378 0.0 -2011059.0282542822 1385075900.6505415 0.0 3912155.3289296594 -1363948415.6782746 0.0 2796954.3049108367 -45863331.291057594 0.0 3080044.5026319935 -45010548.358291216 0.0 3078815.7156097526 -44117797.05407992 0.0 2894285.221631818 -43035464.97610908 0.0 2571628.842300054 -41447234.93984398 0.0 2124162.1658792407 -38880971.54082235 0.0 1569382.9424784954 -34879012.436996564 0.0 963881.0100550117 -29504477.704013683 0.0 416534.41783584503 -24048680.063410457 0.0 -2015992.8469578242 1384867880.6326056 0.0 3399984.1640718775 -1362751277.1482134 0.0 2105631.315050429 -45412421.3505215 0.0 2385485.114231478 -44851616.04978866 0.0 2455613.8429774833 -44166677.82834278 0.0 2364439.0306544784 -43237621.3662339 0.0 2140068.783211657 -41779891.57140811 0.0 1794140.2448767836 -39332223.88011696 0.0 1343332.017449014 -35416067.38994289 0.0 839088.6475456156 -30045860.85038888 0.0 372384.61319560907 -24495527.109619297 0.0 -2021455.5550502106 1384679117.956617 0.0 3125807.537935259 -1361810433.1897063 0.0 1673120.4806609834 -45060513.50633969 0.0 1899919.7810620249 -44686384.68254422 0.0 1983614.0813111495 -44160146.86127307 0.0 1940374.5692213066 -43364266.77818397 0.0 1782137.8375401106 -42026802.27790746 0.0 1514393.6701271234 -39690560.88370769 0.0 1149298.5278848715 -35857689.675894335 0.0 728799.0251075854 -30501884.02921247 0.0 328515.17770559905 -24886230.856582176 0.0 -2026779.8348391016 1384511188.3960216 0.0 2960133.0189348734 -1361042215.589555 0.0 1387477.099714928 -44806853.06983625 0.0 1555669.8821766446 -44548412.4132603 0.0 1628736.8557779652 -44136034.60553534 0.0 1606898.55474866 -43446900.97590844 0.0 1491326.534635069 -42212715.58954671 0.0 1281430.0669400361 -39976119.55561623 0.0 983922.8354727752 -36221718.28517526 0.0 631541.5456762923 -30888095.18986905 0.0 287633.6487530592 -25226303.92746175 0.0 -2031704.4377249298 1384363390.3912122 0.0 2844131.2487493474 -1360395135.77123 0.0 1186082.5444598428 -44630688.98716879 0.0 1304558.9794697925 -44444493.46086322 0.0 1359783.6232334147 -44112018.063034 0.0 1345436.0193949623 -43505239.621454105 0.0 1256784.8042873703 -42356436.787404865 0.0 1088927.0841161206 -40206365.60129479 0.0 843937.3947287649 -36523922.192434594 0.0 546776.7508138242 -31216562.38699153 0.0 250844.5525675191 -25521495.739043303 0.0 -2036111.2045858959 1384234107.0008059 0.0 2753537.227185609 -1359836957.916391 0.0 1034682.6567429459 -44511541.514593154 0.0 1114902.0631883147 -44371337.21283016 0.0 1152500.0412209162 -44094843.540771544 0.0 1139197.9234260924 -43550675.6156254 0.0 1067601.8926438766 -42471161.34436802 0.0 930324.0263185372 -40394919.176364884 0.0 726100.1866825675 -36777063.40422418 0.0 473767.3881162743 -31497157.25606975 0.0 218500.16971186234 -25777538.227536898 0.0 -2039972.4820769804 1384121325.7318711 0.0 2676707.100934535 -1359347813.698787 0.0 914084.8782728248 -44432954.175147004 0.0 966376.1678974675 -44322758.05249203 0.0 989312.3575133174 -44085907.06292603 0.0 974647.7136931577 -43589313.69663451 0.0 914212.3613941071 -42565677.823309444 0.0 799521.5637199302 -40551874.906032935 0.0 627184.6848392464 -36991127.80531996 0.0 411390.9831975897 -31738035.40739509 0.0 190474.77929939938 -25999849.116096288 0.0 -2043314.1404049469 1384022964.6491792 0.0 2606687.3105759867 -1358915456.9230332 0.0 812811.6081153062 -44382163.58201705 0.0 846020.6100885958 -44292416.43057952 0.0 857923.8336202649 -44084272.806698024 0.0 841471.3234885517 -43624164.38447811 0.0 788781.8989282289 -42645674.452132575 0.0 691192.3194112252 -40684530.982664436 0.0 544119.9934711456 -37173817.61692971 0.0 358302.3455202019 -31945895.217005 0.0 166381.6657316274 -26193311.18295962 0.0 -2046188.6389381862 1383937061.0719743 0.0 705017.8548762021 -924544736.686416 0.0 732880.108983573 -44357554.94351879 0.0 748607.4870317616 -44274341.0827226 0.0 746694.4841694935 -44063095.25533572 0.0 720859.0573604868 -43576860.54552857 0.0 663347.295583114 -42520536.6872031 0.0 566015.8587819102 -40391979.62573663 0.0 426616.8013945177 -36614032.550850935 0.0 259626.55655228035 -31128376.081119027 0.0 96656.15020937286 -25443362.55352274 0.0 0.0 1853931347.1107342 0.0 -1379988.091962504 -1358339093.3656323 0.0 648559.5625372309 -44331440.87600773 0.0 659678.120011166 -44269488.09269355 0.0 658896.8144571882 -44100492.776820496 0.0 641231.3205455545 -43692867.76716787 0.0 600238.2109937546 -42783288.40393453 0.0 528084.2393953806 -40905962.274109684 0.0 419231.4934823317 -37475640.297012866 0.0 279469.76149401336 -32285174.463383667 0.0 132506.71425790907 -26504239.12440372 0.0 2082428.6964905662 1383827885.3108706 0.0 -1431317.7869172066 -1358018633.7567647 0.0 582339.6371883991 -44320025.21457326 0.0 587035.9283315869 -44266665.44047436 0.0 582336.7506798106 -44110320.12579691 0.0 564145.242593459 -43720551.52329348 0.0 526828.406514854 -42835755.64768516 0.0 463264.3701633088 -40990456.95747054 0.0 368080.42590202886 -37593537.614869535 0.0 245723.3723943669 -32422668.43970473 0.0 116628.88876318179 -26634922.404641517 0.0 2080490.9126095292 1383765961.4104738 0.0 -1478808.999188759 -1357730494.4534295 0.0 522879.2064980708 -44314492.10888635 0.0 523428.5388644982 -44268098.1559746 0.0 516316.68352725176 -44121907.5547773 0.0 498195.58307040407 -43746704.30486746 0.0 464183.10378470755 -42882621.69130219 0.0 407885.11018385965 -41064707.05968505 0.0 324231.33328057296 -37696887.70473292 0.0 216677.38919622824 -32543461.216487903 0.0 102924.17865054055 -26750034.38142267 0.0 2078821.0401800883 1383711379.985595 0.0 -1522597.0975609487 -1357471540.4122856 0.0 469246.8994963981 -44312719.26141857 0.0 467214.3227742992 -44272178.68417388 0.0 458766.9324727107 -44134339.59743652 0.0 441167.21366771235 -43771210.938287474 0.0 410198.758251268 -42924616.72007026 0.0 360165.0780765735 -41130252.99586875 0.0 286367.1146971509 -37787850.857164666 0.0 191523.45017514634 -32649922.159134176 0.0 91032.53507281214 -26851692.565771054 0.0 2077374.9106685647 1383663154.487678 0.0 -1562818.6351367498 -1357239016.2060096 0.0 420765.6683592451 -44313285.20112029 0.0 417212.0941971509 -44277790.292482086 0.0 408177.3973678724 -44146961.300915785 0.0 391412.8094424931 -43793986.94225513 0.0 363279.0871270765 -42962296.11068459 0.0 318723.2859007676 -41188297.79158699 0.0 253444.1991364212 -37868155.64371835 0.0 169607.12722308203 -32743988.13851512 0.0 80657.11158033732 -26941656.345857788 0.0 2076115.6935830582 1383620459.534504 0.0 -1599636.2424623456 -1357030449.1585743 0.0 376903.32222118 -44315246.77847284 0.0 372536.6374246504 -44284174.05307806 0.0 363418.005168035 -44159325.27645439 0.0 347687.2499080228 -43814994.29671889 0.0 322199.5850434826 -42996106.646303 0.0 282483.6127152155 -41239805.00729101 0.0 224635.86061477286 -37939206.31508432 0.0 150401.58240803215 -32827257.68665709 0.0 71555.89270269025 -27021395.59363095 0.0 2075013.1927147394 1383582602.5978506 0.0 -1633241.0691664228 -1356843598.608149 0.0 337210.12634057784 -44317983.912742965 0.0 332494.79074165865 -44290826.163359955 0.0 323618.8777864217 -44171141.524744995 0.0 309031.4096063052 -43834240.19219453 0.0 286009.11146569904 -43026425.06738585 0.0 250600.52505232056 -41285564.003030665 0.0 199284.2854087721 -38002160.35929086 0.0 133482.50605271503 -32901063.28127748 0.0 63532.220610782904 -27092146.755069405 0.0 2074042.82233468 1383548999.6491234 0.0 -1663846.437248982 -1356676427.6014528 0.0 301287.4836956786 -44321093.732165106 0.0 296521.9900395988 -44297421.06906643 0.0 288090.94497650623 -44182234.818031855 0.0 274690.8184984576 -43851768.35932094 0.0 253957.70390945612 -43053579.800100274 0.0 222402.28880032498 -41326234.3797988 0.0 176861.86636977652 -38057984.69361418 0.0 118506.43070726602 -32966526.394710016 0.0 56425.917149548965 -27154957.57286254 0.0 2073184.5770984516 1383519155.0807438 0.0 -1691679.1115722558 -1356527085.2122574 0.0 268772.40738609945 -44324318.58364469 0.0 264143.2477647464 -44303755.79082241 0.0 256273.33993516545 -44192510.97580835 0.0 244058.98959451183 -43867648.87834374 0.0 225443.66350890454 -43077862.96583266 0.0 197347.86038217045 -41362376.20769372 0.0 156940.8048211472 -38107496.501504056 0.0 105192.93538368995 -33024599.274662472 0.0 50105.628449705975 -27210722.192334983 0.0 2072422.0956203393 1383492645.6025503 0.0 -1716971.0710653693 -1356393893.6050248 0.0 239329.94487301994 -44327497.27143073 0.0 234948.83777752417 -44309710.3919834 0.0 227698.36361857655 -44201931.32574569 0.0 216638.03122207022 -43881968.78541659 0.0 199975.56227385413 -43099537.15447429 0.0 174994.8766581731 -41394470.81339058 0.0 139169.8041278666 -38151393.098699056 0.0 93310.57336020345 -33076096.659706593 0.0 44462.60638857053 -27260208.521203835 0.0 2071741.8825901276 1383469107.5180333 0.0 -1739952.8588657635 -1356275337.0438924 0.0 212649.45625759673 -44330532.17483054 0.0 208578.82142666404 -44315220.29471092 0.0 201967.91049770024 -44210493.94060778 0.0 192011.18788597744 -43894824.33996496 0.0 177144.99144188745 -43118839.37049216 0.0 154976.07054920838 -41422935.40300922 0.0 123256.46044985707 -38190274.011774965 0.0 82665.99252970648 -33121719.956572063 0.0 39405.810058177995 -27304079.52340693 0.0 2071132.6877550567 1383448226.7285469 0.0 -1760848.728337377 -1356170051.6307924 0.0 188442.6175836624 -44333367.17379762 0.0 184712.88598120466 -44320257.10683585 0.0 178737.35486046152 -44218220.168146536 0.0 169823.54785921186 -43906315.091817155 0.0 156606.9619819448 -43135983.51186954 0.0 136981.93711175866 -41448133.6221038 0.0 108954.05731647575 -38224657.5280045 0.0 73095.62948410092 -33162075.81345829 0.0 34858.11449377634 -27342909.84600899 0.0 2070585.021281422 1383429730.880905 0.0 -1779873.425183816 -1356076815.3473554 0.0 166442.07675880686 -44335972.897580534 0.0 163063.37666971638 -44324815.47042379 0.0 157704.2957269242 -44225145.145984195 0.0 149768.31963409236 -43916539.56495076 0.0 138065.7120924062 -43151162.11816239 0.0 120747.96332744685 -41470383.404692315 0.0 96051.67898901511 -38254993.300805315 0.0 64459.403484152 -33197690.535759863 0.0 30753.403397253824 -27377198.88869125 0.0 2070090.7805350737 1383413383.1728888 0.0 -1797230.3128391174 -1355994538.3446279 0.0 146400.25723921764 -44338336.91295848 0.0 143370.2563387595 -44328904.119179174 0.0 138600.4768311183 -44231311.239377074 0.0 131576.90224524346 -43925592.26448469 0.0 121264.31513881366 -43164547.767333366 0.0 106045.15419454471 -41489962.98090872 0.0 84366.78173234565 -38281672.11474024 0.0 56635.92610854908 -33229021.407913085 0.0 27034.344692309925 -27407381.16854993 0.0 2069642.9642371251 1383398977.4316244 0.0 -1813110.4988001103 -1355922253.5389867 0.0 128088.2026432058 -44340457.26154164 0.0 125397.24340304488 -44332539.84725311 0.0 121185.79727260444 -44236763.58095497 0.0 115011.54510390517 -43933561.70620901 0.0 105976.95221331222 -43176294.30422603 0.0 92672.92359982278 -41507115.60349111 0.0 73739.5644144725 -38305033.57734258 0.0 49518.840109232835 -33256465.694986563 0.0 23650.681844180057 -27433834.621824946 0.0 2069235.4532406481 1383386334.1688328 0.0 -1827692.8013891454 -1355859107.6318295 0.0 111294.16350391504 -44342338.144119054 0.0 108928.76416601399 -44335743.5839531 0.0 105243.71885628413 -44241547.10037204 0.0 99859.78276271874 -43940529.2056488 0.0 92003.05243051221 -43186537.97925177 0.0 80453.6750648139 -41522053.354995966 0.0 64028.64668719432 -38325372.270906575 0.0 43013.9904153943 -33280367.883110918 0.0 20557.908985251368 -27456887.318393935 0.0 2068862.8411813478 1383375297.3898933 0.0 -1841144.1617664543 -1355804352.8407092 0.0 95822.07637553917 -44343987.02576938 0.0 93767.31104426506 -44338537.70641416 0.0 90577.60908653839 -44245704.63545225 0.0 85930.08777102336 -43946568.21711281 0.0 79162.74368196905 -43195398.52265836 0.0 69228.58919727897 -41534960.270728216 0.0 55107.69411837312 -38342942.7350919 0.0 37037.20442832513 -33301025.56118178 0.0 17716.229110727934 -27476822.938972928 0.0 2068520.3020461544 1383365731.9909048 0.0 -1853620.4734539671 -1355757339.233373 0.0 81489.94670165087 -44345412.79988099 0.0 79730.87676499538 -44340944.25120045 0.0 77007.64259360654 -44249275.78743616 0.0 73048.3526418284 -43951744.03854066 0.0 67293.22573367757 -43202980.14811803 0.0 58854.27496621108 -41545994.929486334 0.0 46862.72945919246 -38357963.53977769 0.0 31512.51712257789 -33318694.233857278 0.0 15089.71985348088 -27493885.271112386 0.0 2068203.4848092867 1383357521.621684 0.0 -1865267.6130069764 -1355717507.8801284 0.0 68128.25260659803 -44346624.75576075 0.0 66650.76253220106 -44342983.809110284 0.0 64368.10969290052 -44252296.03573089 0.0 61054.97141645109 -43956113.70552213 0.0 56245.80698421024 -43209372.467233725 0.0 49200.04479974195 -41555292.61363275 0.0 39189.94153406433 -38370620.63217819 0.0 26370.71888161823 -33333591.275102522 0.0 12645.651081384904 -27508281.910971787 0.0 2067908.4278483158 1383350566.925084 0.0 -1876222.6391392162 -1355684384.7987366 0.0 55578.26349267367 -44347631.76348086 0.0 54369.81183187834 -44344674.85512501 0.0 52505.27138039719 -44254796.3072067 0.0 49802.405778616696 -43959726.06142108 0.0 45883.43087464004 -43214651.323279515 0.0 40145.64504933949 -41562967.11375039 0.0 31993.8626088227 -38381070.08982874 0.0 21548.149879089266 -33345899.17679406 0.0 10353.916517491365 -27520187.306817185 0.0 2067631.4877896132 1383344784.0870647 0.0 -1886614.8676283248 -1355657575.5850713 0.0 43690.9372348885 -44348441.89492634 0.0 42740.63018699985 -44346033.23071002 0.0 41275.34360776019 -44256802.787677854 0.0 39153.04351298762 -43962621.93065933 0.0 36078.54316745203 -43218879.536531374 0.0 31579.313224229667 -41569112.226521805 0.0 25185.808277759537 -38389440.367044196 0.0 16985.668905068196 -33355768.20022754 0.0 8186.550891577179 -27529745.252731524 0.0 2067369.2800381132 1383340103.6460345 0.0 -1896567.3714962876 -1355636760.51059 0.0 32325.188038860782 -44349061.98675889 0.0 31623.944512227343 -44347072.27860563 0.0 30542.62847706842 -44258336.93436782 0.0 28977.262203407856 -43964834.34033812 0.0 26711.200673711053 -43222107.547761515 0.0 23396.071546273306 -41573802.97873523 0.0 18682.511256639787 -38395834.10962181 0.0 12627.743670389063 -33363318.511061195 0.0 6117.301921235215 -27537070.89935211 0.0 2067118.6260486983 1383336469.5278265 0.0 -1906198.3469282284 -1355621691.1223934 0.0 21345.45923671376 -44349497.25173784 0.0 20886.48997372558 -44347802.641999066 0.0 20177.648683227606 -44259415.4356919 0.0 19151.62682053448 -43966388.70376875 0.0 17667.353372940703 -43224373.93869572 0.0 15496.192148020817 -41577096.59610524 0.0 12404.897525904085 -38400329.58245789 0.0 8421.639214605106 -33368641.85949209 0.0 4121.248718735053 -27542252.336855613 0.0 2066876.5064763657 1383333838.2804914 0.0 -1915622.2547811186 -1355612187.67238 0.0 10620.504956540968 -44349751.369483076 0.0 10399.39056712886 -44348231.82453896 0.0 10055.48313859523 -44260050.11552859 0.0 9557.234594948595 -43967302.95093139 0.0 8837.265021656953 -43225705.82736963 0.0 7783.7896209095425 -41579033.23479827 0.0 6276.965263839636 -38402981.744360216 0.0 4316.675032813104 -33371802.84722777 0.0 2174.4531702475983 -27545351.79139015 0.0 2066640.0185641744 1383332178.4891183 0.0 -374946051.5081192 -1544580412.3029106 0.0 8445.899973807276 -44348270.993239775 0.0 1654.9631710872477 -44350160.27959498 0.0 -16573.24477630931 -44271086.42588073 0.0 -57178.70171156267 -43998624.77957599 0.0 -145371.47090396262 -43301103.82559431 0.0 -316580.02357293444 -41740005.485023476 0.0 -583527.3033775188 -38697334.27599301 0.0 -848296.8428126872 -33798266.297986604 0.0 -812832.2553364608 -27953544.998525117 0.0 -404131644.0573938 1187698495.4568195 0.0
    </DataArray>
    <DataArray type="Float32" Name="Electron Current Density [Am^-2]" NumberOfComponents="3" format="ascii">
-4157998008.5651445 -267583834549.35522 0.0 -19064124270.052986 -252973932586.4012 0.0 -18600569480.224545 -232126161134.4156 0.0 -15070081761.327118 -211316023609.9157 0.0 -11693674976.93166 -193858995940.7494 0.0 -9156278464.706034 -179813296725.7711 0.0 -7439990653.31282 -168360728999.13382 0.0 -6424434243.579169 -158455744172.38266 0.0 -5967752741.140039 -149090646953.14178 0.0 -5517891439.123463 -140319716887.9863 0.0 -3081784856.2180676 -134295860977.17648 0.0 -759023599.2031895 -200708868052.12656 0.0 -18139835822.354008 -184653180322.7545 0.0 -21506843643.408955 -177948382181.50418 0.0 -19431039999.490894 -169727776602.40256 0.0 -16297386739.996376 -161514554080.53662 0.0 -13532815742.970984 -153847006508.54413 0.0 -11590810839.803997 -146755937447.79233 0.0 -10643304515.811308 -139878982726.7629 0.0 -10560632190.995878 -132675386385.02808 0.0 -9350346884.860044 -125531095998.14162 0.0 -4217541164.203903 -116543778405.95024 0.0 1473736343.0191295 -88793318977.2698 0.0 -10543074516.585188 -82848712326.61511 0.0 -16558304670.603971 -90833239805.95087 0.0 -17768447965.46978 -97131492876.40173 0.0 -16867532081.322855 -100860905453.34033 0.0 -15450183226.766062 -102361154127.17505 0.0 -14435891906.965145 -102166480427.60396 0.0 -14392528080.262611 -100592534129.25139 0.0 -15150142747.962276 -97778598067.51038 0.0 -13245833124.703543 -94549521081.22426 0.0 -4620374322.322657 -86070966274.14459 0.0 1383333269.9186082 -28520202245.287025 0.0 -2635078128.8211756 -26950976272.487637 0.0 -6600470726.45126 -33572736707.35446 0.0 -9193895772.557798 -41178096871.235504 0.0 -10588301071.177416 -47995612262.46303 0.0 -11396176530.976336 -53256353310.59582 0.0 -12239570236.079763 -56867393962.709724 0.0 -13633164141.620417 -59056405760.314445 0.0 -15057414401.952888 -60258927655.4586 0.0 -12865458864.401365 -61308365573.33756 0.0 -3633930168.0278206 -55574647634.79539 0.0 563806887.0577893 -9478790785.35568 0.0 -209670479.91862208 -8840832010.02556 0.0 -1737777970.2986252 -10883069222.51096 0.0 -3409415554.9744296 -14070154329.652714 0.0 -4949506187.547915 -17839024554.23618 0.0 -6497022819.7014265 -21674344772.63744 0.0 -8253982811.855889 -25257696686.343605 0.0 -10269103000.951252 -28623279209.900623 0.0 -11611425738.64716 -32077946942.63178 0.0 -9642399191.470463 -35639716728.29455 0.0 -2288265824.148808 -32752977456.107224 0.0 158617158.70513663 -4049589671.977587 0.0 -43284865.460585445 -3767537496.070688 0.0 -667716150.7296168 -4232180611.6447387 0.0 -1596840884.0272517 -5177885827.456348 0.0 -2646764445.954626 -6513826718.956556 0.0 -3871343436.822302 -8208716804.75929 0.0 -5319943279.54057 -10356125450.436014 0.0 -6795028300.555905 -13129714158.789999 0.0 -7508393712.135964 -16551100075.540722 0.0 -6039155030.850487 -20001933524.404655 0.0 -1259033793.2145855 -18760809329.767456 0.0 45247722.215805724 -2208196236.891601 0.0 -82892119.73470809 -2081948798.224651 0.0 -439494020.48810023 -2233176398.3242593 0.0 -1085181499.724114 -2636946153.4908457 0.0 -1891614052.26192 -3300004343.5126467 0.0 -2777527473.836698 -4226633041.372741 0.0 -3674707856.512222 -5516897128.135335 0.0 -4398063994.529516 -7293456120.916339 0.0 -4560699413.540044 -9506743073.26384 0.0 -3505939823.7433214 -11705701176.581198 0.0 -673663245.3004977 -11110397822.381477 0.0 14510723.690288674 -1397167010.6951964 0.0 -77476185.16429341 -1340707743.9955442 0.0 -288118271.11614394 -1424904820.971855 0.0 -716305723.4653901 -1676821537.437553 0.0 -1315643969.1908817 -2146832523.803397 0.0 -1974179004.558614 -2830701185.2021337 0.0 -2558637175.905602 -3729315682.3674817 0.0 -2914243939.1778917 -4848585113.835779 0.0 -2850026695.6153555 -6129330950.75109 0.0 -2073190194.7886314 -7343712407.975578 0.0 -382736687.30340475 -6980901765.395197 0.0 5528414.579755718 -956036743.6403595 0.0 -58708026.33086571 -927556866.3454536 0.0 -178349184.17241478 -982035418.1220142 0.0 -436202524.5049066 -1144433971.8341627 0.0 -836853322.6795808 -1474594179.5561247 0.0 -1311733915.746843 -1984381459.618396 0.0 -1736521168.2015612 -2643418611.6676435 0.0 -1970070734.351203 -3399736262.1462545 0.0 -1878817354.7604337 -4179936001.395681 0.0 -1311386899.3966908 -4857017384.27688 0.0 -239635693.297489 -4597783758.200631 0.0 3030435.5365086617 -676410972.9799417 0.0 -41250573.733633466 -658216640.8479412 0.0 -107209426.07006077 -692402411.7175924 0.0 -252281802.09798086 -790829126.9648247 0.0 -497727990.27983433 -1002490685.7224197 0.0 -820025950.4572634 -1352615681.34265 0.0 -1136774546.0626035 -1821783255.185719 0.0 -1330404000.0687838 -2352020291.0952983 0.0 -1283422599.9315467 -2867445596.0153 0.0 -884401174.6186833 -3280157244.968658 0.0 -161310735.74438375 -3089157468.1307564 0.0 2434524.5454372414 -477736850.36667186 0.0 -28922852.159923647 -463003444.1293455 0.0 -64648715.0024547 -482808070.6372753 0.0 -142091627.1608471 -538726587.5162891 0.0 -282093518.77807504 -663786559.2802887 0.0 -486564858.2784993 -884825454.9645667 0.0 -714990652.9949806 -1200148593.701007 0.0 -883107013.7356153 -1570002416.5532842 0.0 -884784147.9258447 -1930299164.9844394 0.0 -616676145.8747494 -2208708046.5647144 0.0 -112065956.8008648 -2071398556.9618604 0.0 2166139.5005934504 -324531218.3968952 0.0 -21771962.920586456 -311377460.6301669 0.0 -40697727.56504239 -322074006.32213575 0.0 -79707275.64602081 -352930307.98971075 0.0 -154826795.05772713 -423062817.9409489 0.0 -276494877.0288384 -553727647.5362155 0.0 -431312395.5461137 -754622141.9596536 0.0 -569440315.0974382 -1007557797.847063 0.0 -602779504.8632041 -1264499266.545148 0.0 -432463911.91026807 -1463105805.3686037 0.0 -78142201.53435557 -1367625396.6240377 0.0 1586932.1826564104 -201801149.68265218 0.0 -18536168.89502852 -190513029.44364914 0.0 -26515933.661846753 -198569710.08191404 0.0 -44533757.99359503 -217534386.8993496 0.0 -83117776.11707732 -257095628.14038253 0.0 -151523534.12765828 -331554096.06371266 0.0 -246468067.83040318 -455382613.06089693 0.0 -352803078.1964778 -622849799.823383 0.0 -401117356.55000603 -802155828.2617081 0.0 -299136263.543883 -945243863.9766017 0.0 -53336232.2908081 -882552582.010215 0.0 1032785.2527851288 -100037062.15453368 0.0 -8348544.676223232 -99522486.47767925 0.0 -12312791.172841156 -108325461.73675539 0.0 -20203222.06686482 -122053285.95643283 0.0 -38842361.643286556 -148131087.00298077 0.0 -75557682.2402328 -197076083.3121914 0.0 -134574617.30003047 -270254449.46260244 0.0 -212680672.0855654 -373947681.94226605 0.0 -262476004.8867217 -493376656.13039404 0.0 -198179317.6127513 -596445038.111082 0.0 -34586696.69708367 -558267316.5549062 0.0 627896.1901745526 -62433583.9226626 0.0 -3080011.5116234203 -62289099.69797664 0.0 -4754539.418625463 -66688400.53039149 0.0 -6854704.801455043 -72773861.4320397 0.0 -12517528.408202453 -82791924.19850786 0.0 -30432956.21218507 -103121802.58309309 0.0 -63913931.368147746 -144152010.78981543 0.0 -116822783.17649646 -214373418.74171686 0.0 -164404558.2578126 -307565083.94972557 0.0 -136201189.34179047 -376536307.32217556 0.0 -25072864.415099554 -345952099.60264814 0.0 426968.8169552734 -46613758.65869681 0.0 -818757.8757437255 -46195870.16527926 0.0 -1688611.2163675774 -48047691.68963324 0.0 -2762136.1813192866 -50618669.91696902 0.0 -5134013.334389955 -54505377.401905075 0.0 -11602417.064551434 -62371349.26753722 0.0 -25978640.671511777 -78795125.32942279 0.0 -53358216.66180547 -109855571.96363759 0.0 -90950310.12101237 -161091595.7777268 0.0 -86427632.11378342 -214896128.2063788 0.0 -14973632.747927338 -200574652.98115164 0.0 293031.4415030004 -39060011.61947089 0.0 -10957.69876563798 -38549162.6775078 0.0 -357879.4791731413 -39226430.992585875 0.0 -955918.7716918516 -40312918.04582476 0.0 -2138150.75076381 -41995075.4130583 0.0 -5083266.59930118 -45202470.393308334 0.0 -12221111.58669784 -52064243.440815024 0.0 -27378977.94686409 -66523571.41092898 0.0 -48947650.26723384 -93375454.58226098 0.0 -51373233.98398615 -125367051.0329935 0.0 -8531210.47972336 -117727138.93952264 0.0 203361.64805337944 -34814498.55244672 0.0 198088.75862252223 -34342571.88626918 0.0 140440.2889280294 -34522972.25358528 0.0 -138627.07883329058 -34928220.090702705 0.0 -740867.151757948 -35652333.507395476 0.0 -2183772.248557784 -37049859.61357485 0.0 -5807618.021535619 -40095988.9192667 0.0 -14097427.142414004 -46953788.35288173 0.0 -27061326.88668248 -60481365.42116509 0.0 -30790610.71620863 -78152656.61686167 0.0 -4911596.558892327 -73484191.71588464 0.0 145263.6151111251 -32020625.17611387 0.0 202923.03699017796 -31634938.844123367 0.0 266691.4863950882 -31635416.273842905 0.0 172401.489814721 -31739697.1962444 0.0 -122497.84705328084 -32013040.749457367 0.0 -868164.5414909942 -32608076.66398729 0.0 -2816564.6464562747 -33970800.22573169 0.0 -7589870.427328874 -37223900.905147 0.0 -15808041.136791117 -44054168.05874688 0.0 -19411988.83834386 -53645324.85185533 0.0 -2963181.869586011 -50424939.226573594 0.0 107900.81421762485 -29982578.72381885 0.0 155164.89483668166 -29676779.43026289 0.0 251222.44362842548 -29626402.568287663 0.0 246031.98349611592 -29613170.190044418 0.0 110515.55505072456 -29683739.59381035 0.0 -295859.37497936323 -29913148.492048394 0.0 -1427445.767806675 -30512269.76435341 0.0 -4395321.221157211 -32067308.461652983 0.0 -9982424.928950055 -35586456.873481475 0.0 -13186471.807786142 -40879671.55928692 0.0 -1924134.783869903 -38430806.02371117 0.0 83212.64101225662 -28387097.469896626 0.0 106434.20601494942 -28145716.75983107 0.0 196570.33779798567 -28092287.44531456 0.0 225857.80963754753 -28044070.197896447 0.0 169407.98804437576 -28033650.42697647 0.0 -65605.96315153687 -28102312.254697084 0.0 -781936.0314708111 -28355357.830574077 0.0 -2792471.8462869553 -29111782.78534566 0.0 -6883759.626821842 -30999658.21539714 0.0 -9698636.136646535 -34061929.01529601 0.0 -1360343.738843455 -32068430.16541795 0.0 66110.60864151298 -27088679.830572892 0.0 67473.2843955564 -26894121.000268564 0.0 140221.72504456187 -26849085.324601434 0.0 178000.3396776554 -26798000.566364307 0.0 158819.32814541037 -26762027.740069084 0.0 13290.137114486091 -26765492.583320502 0.0 -480016.8314904046 -26864574.69381456 0.0 -1954134.7333417262 -27244824.82149505 0.0 -5149453.413376259 -28324377.423694134 0.0 -7635453.960377624 -30231478.12082502 0.0 -1040238.528903362 -28538618.081187192 0.0 54487.201711892354 -25996218.941208307 0.0 39078.1332632825 -25836448.079549298 0.0 93961.50972233094 -25802700.363125373 0.0 129436.36844869459 -25759868.822522257 0.0 126597.39006423957 -25721564.829043917 0.0 29553.3663801315 -25702882.64704747 0.0 -335631.79546610086 -25736128.89299068 0.0 -1486057.9322160217 -25938449.506932475 0.0 -4103468.0716062575 -26610217.07019984 0.0 -6314744.513624835 -27907764.90406516 0.0 -844769.8328913581 -26435146.846006494 0.0 45874.88381043301 -25059717.202018123 0.0 19899.592816272732 -24926652.132614836 0.0 59740.04270079109 -24902946.425886627 0.0 89303.58019785299 -24870554.225249555 0.0 92703.01436124927 -24838156.20909572 0.0 23142.836119636886 -24815482.59438714 0.0 -262587.87355032796 -24822611.024856612 0.0 -1200609.8175335482 -24939934.237468965 0.0 -3413314.6848310214 -25398628.37917787 0.0 -5390412.844274921 -26360175.42650337 0.0 -714053.0593345268 -25062400.458395664 0.0 39242.504934688026 -24248336.83677637 0.0 7984.4884125335 -24136452.54790764 0.0 36071.78968740467 -24120546.45518857 0.0 59167.76448599123 -24097399.86276822 0.0 64139.714830055134 -24072593.756203916 0.0 11051.523671611789 -24052609.75533735 0.0 -221398.06533569828 -24050860.440511357 0.0 -1008362.212621325 -24126638.157127105 0.0 -2915652.910277109 -24467425.1524303 0.0 -4688544.427212818 -25230291.094696403 0.0 -618302.8109258378 -24078892.15183943 0.0 79088.79705277835 -23475282.116045177 0.0 99820.05331691982 -23468907.788867205 0.0 119028.27175135787 -23457435.630083557 0.0 136056.59503136147 -23440021.351926655 0.0 137515.649906536 -23419908.842209645 0.0 81889.43155120996 -23403172.809547067 0.0 -155502.06322942054 -23404313.16845261 0.0 -943656.7072791909 -23467588.061157655 0.0 -2740598.9989832668 -23699776.979913965 0.0 -3956558.1055170656 -24165823.242415678 0.0 0.0 -24402241.67017645 0.0 25994.84096614496 -22802278.640718758 0.0 -12909.789746221162 -22881103.941932496 0.0 796.7526069208982 -22872786.797848493 0.0 14196.758307858065 -22859548.17337895 0.0 18637.925914170854 -22843178.09233346 0.0 -15070.555570654575 -22830115.376851447 0.0 -176123.6797029806 -22837416.02062757 0.0 -747715.2969947946 -22899657.50702714 0.0 -2199022.2736260407 -23053443.630024947 0.0 -3657836.8823516103 -23270419.650398657 0.0 -541229.2784598809 -24734723.198204655 0.0 22884.535358271 -22275394.166318573 0.0 -14296.010077324177 -22344877.59542445 0.0 -5006.0137798136275 -22339234.517231114 0.0 4861.013332849988 -22330002.282811474 0.0 8182.749400910822 -22318256.036425207 0.0 -20337.801526764604 -22308981.20323001 0.0 -158565.33419261986 -22316322.20208003 0.0 -655468.9073815258 -22369530.50131241 0.0 -1933747.0837268124 -22499357.46151397 0.0 -3241514.0468925107 -22679708.31731419 0.0 -478713.9115420577 -23972291.13754738 0.0 20201.48348566667 -21811144.240427077 0.0 -14562.182489318528 -21872458.325695682 0.0 -8354.004464380441 -21868655.088321343 0.0 -1134.7100907013457 -21862264.075673383 0.0 1210.7176174157578 -21853913.874931607 0.0 -23283.551101736717 -21847538.871938888 0.0 -142802.30425310126 -21855032.037856326 0.0 -576773.1318743929 -21901496.824095663 0.0 -1705506.3681733857 -22013345.58536741 0.0 -2877755.5247979695 -22166534.61358604 0.0 -424982.7254194565 -23312362.68289521 0.0 17864.742093944606 -21401689.302121922 0.0 -14148.385119592496 -21455826.091700573 0.0 -10065.480712888933 -21453271.8037673 0.0 -4797.968991731603 -21448865.51640818 0.0 -3231.568169261364 -21442959.691733416 0.0 -24469.151510099116 -21438710.860134695 0.0 -128335.3662756718 -21446218.59812771 0.0 -508515.33375638974 -21487225.148942076 0.0 -1506702.254521164 -21584734.90399667 0.0 -2556943.9260027343 -21716542.23649281 0.0 -377933.84932721825 -22734333.15465828 0.0 15815.535900138524 -21040330.899938602 0.0 -13349.347871538259 -21088145.96101118 0.0 -10718.168881971711 -21086433.035231456 0.0 -6874.113598777604 -21083399.55475172 0.0 -5895.524787829571 -21079229.53737585 0.0 -24419.276962172567 -21076493.211131558 0.0 -115002.77999519883 -21083832.724608377 0.0 -448764.24388813 -21120196.56210325 0.0 -1332269.5568161362 -21205808.43193228 0.0 -2272498.9267773563 -21320105.89500484 0.0 -336311.95368210226 -22224904.60872406 0.0 14009.309341579781 -20721290.219502505 0.0 -12355.84370001158 -20763527.859947093 0.0 -10708.287840532763 -20762379.425333254 0.0 -7895.922956606049 -20760289.91647833 0.0 -7342.999587180718 -20757342.216621757 0.0 -23558.317241252716 -20755657.067845125 0.0 -102755.24442898559 -20762675.195897363 0.0 -396188.83764420426 -20794985.89410614 0.0 -1178520.7796754644 -20870491.70171088 0.0 -2019491.766122815 -20970104.948633138 0.0 -299285.0072817209 -21774567.5752883 0.0 12410.984288492922 -20439555.76685941 0.0 -11287.774307747464 -20476865.840319764 0.0 -10301.276342985795 -20476095.43472026 0.0 -8234.621163298953 -20474653.16063674 0.0 -7979.335328041049 -20472562.383510027 0.0 -22203.709878156835 -20471593.53876291 0.0 -91565.2466486396 -20478185.978299823 0.0 -349782.8511360748 -20506916.873011727 0.0 -1042577.9510576138 -20573727.134937406 0.0 -1793967.8517848346 -20660862.80313192 0.0 -266242.21893700736 -21375923.1531204 0.0 10992.063191080257 -20190770.064482965 0.0 -10217.939420210825 -20223720.562925804 0.0 -9671.492300005266 -20223203.26204483 0.0 -8143.82195525865 -20222204.536993325 0.0 -8089.481449698414 -20220713.753522635 0.0 -20580.66936313387 -20220223.977613922 0.0 -81395.76998517737 -20226332.4943209 0.0 -308732.5549325994 -20251889.254663818 0.0 -922084.207390106 -20311168.1412281 0.0 -1592606.6912654967 -20387632.950779956 0.0 -236697.21034624355 -21022873.15483374 0.0 9728.813506482698 -19971139.991064005 0.0 -9188.4163913255 -20000227.268913813 0.0 -8931.220056694003 -19999879.64708804 0.0 -7793.935508607818 -19999185.339756083 0.0 -7869.737983866289 -19998115.240749244 0.0 -18842.312461516514 -19997939.507714946 0.0 -72193.74687133059 -20003542.09648805 0.0 -272351.6161886413 -20026283.919100553 0.0 -815049.8637683159 -20079020.720820356 0.0 -1412542.8426338937 -20146340.124340076 0.0 -210240.96084044367 -20710217.563255988 0.0 8601.09429673942 -19777362.801781602 0.0 -8221.594494183568 -19803020.26724089 0.0 -8151.093920622238 -19802786.723152623 0.0 -7297.657887632866 -19802302.056385335 0.0 -7452.980828199246 -19801528.049467247 0.0 -17088.506555813263 -19801553.26554533 0.0 -63892.745443986256 -19806653.622330267 0.0 -240047.39799007657 -19826902.637390092 0.0 -719764.1421742709 -19873952.5894355 0.0 -1251264.3771168801 -19933440.101397395 0.0 -186518.2031561375 -20433442.451336246 0.0 7591.5692898781435 -19606563.548737396 0.0 -7327.4948021757145 -19629169.216354743 0.0 -7374.159797828857 -19629012.73631618 0.0 -6728.225545588883 -19628673.22373675 0.0 -6927.612366958215 -19628108.917406023 0.0 -15381.263837374963 -19628258.628999505 0.0 -56418.05818952693 -19632877.237670615 0.0 -211301.92901864534 -19650923.17158956 0.0 -634739.7546487511 -19693033.20025534 0.0 -1106549.3334872297 -19745834.822014596 0.0 -165214.84559678813 -20188597.072381526 0.0 6685.15632928331 -19456241.45749951 0.0 -6508.564085666094 -19476124.562279094 0.0 -6625.4119712151605 -19476020.521616194 0.0 -6132.204384628885 -19475782.288931005 0.0 -6351.313361795002 -19475367.803409826 0.0 -13756.453839688256 -19475591.052913155 0.0 -49691.499772831274 -19479758.40939261 0.0 -185659.74069071645 -19495861.545788534 0.0 -558674.6023448037 -19533688.316301443 0.0 -976421.4346038856 -19580813.81130638 0.0 -146050.58641881208 -19972213.270530995 0.0 5868.624430775843 -19324223.73095461 0.0 -5762.775104807972 -19341670.52205313 0.0 -5918.187915732648 -19341602.544090733 0.0 -5538.314904692458 -19341435.718294032 0.0 -5760.796506553549 -19341129.513145532 0.0 -12232.337249684015 -19341392.89831837 0.0 -43635.074529443074 -19345144.69223994 0.0 -162719.00257341572 -19359538.342947405 0.0 -490422.9667593016 -19393662.11387949 0.0 -859116.162339735 -19436008.870279174 0.0 -128773.99887213638 -19781245.83414861 0.0 5130.285971634203 -19208625.716942925 0.0 -5085.602462867899 -19223884.516733654 0.0 -5258.414933232152 -19223841.71468435 0.0 -4963.454450011255 -19223725.930073537 0.0 -5178.6145678460625 -19223499.13538646 0.0 -10815.60245908691 -19223781.23826638 0.0 -38173.441737017994 -19227155.099675406 0.0 -142124.36034490672 -19240047.99644821 0.0 -428972.4342344636 -19270983.961554028 0.0 -753052.9149453872 -19309356.309692457 0.0 -113158.83170369196 -19613024.19167588 0.0 4459.762842288084 -19107816.599828213 0.0 -4471.256289598845 -19121102.225407362 0.0 -4647.408140171321 -19121077.363791835 0.0 -4416.772188324656 -19120998.712030083 0.0 -4617.857737964643 -19120831.21478393 0.0 -9505.541199990861 -19121118.736490693 0.0 -33235.37691011847 -19124152.147044078 0.0 -123560.7797464463 -19135730.840050224 0.0 -373424.6378049803 -19163938.787203833 0.0 -656811.1417643348 -19199064.27150729 0.0 -99000.9507552319 -19465211.205695648 0.0 3847.7696549283696 -19020389.94168227 0.0 -3913.4304926789055 -19031887.48066383 0.0 -4083.6904218347513 -19031875.793819863 0.0 -3902.4050724060976 -19031824.780391816 0.0 -4085.3644035069888 -19031702.536103595 0.0 -8296.881411969822 -19031987.6411558 0.0 -28754.482359662783 -19034716.67458724 0.0 -106748.09434786202 -19045147.912156384 0.0 -322978.7799487834 -19071040.6359989 0.0 -569109.3730050556 -19103584.08322332 0.0 -86115.66207880533 -19335767.192706328 0.0 3285.9564171710117 -18945138.569390498 0.0 -3405.7477869118275 -18955006.6425497 0.0 -3564.1350283736124 -18955005.016127236 0.0 -3421.296529856822 -18954975.1599854 0.0 -3583.894073082757 -18954888.345458534 0.0 -7181.669479079708 -18955166.85425115 0.0 -24669.372778359262 -18957625.48878447 0.0 -91436.11902514724 -18967058.52817368 0.0 -276917.32157124416 -18991009.252986528 0.0 -488786.5316299319 -19021585.155998264 0.0 -74335.29957428282 -19222918.29856857 0.0 2766.7536077121727 -18881033.209463254 0.0 -2942.047478213908 -18889406.724538684 0.0 -3084.7496625594804 -18889413.111619886 0.0 -2972.399090724844 -18889400.018325675 0.0 -3113.5782175312456 -18889341.792441525 0.0 -6150.488220086944 -18889611.971069284 0.0 -20923.513943208458 -18891831.783752985 0.0 -77400.25560966705 -18900400.587063804 0.0 -234593.43147996825 -18922749.57053265 0.0 -414785.13436187996 -18951933.146308355 0.0 -63507.02004027446 -19125128.764339585 0.0 2283.2489839682844 -18827204.504837565 0.0 -2516.494785366807 -18834197.001658697 0.0 -2641.136191446484 -18834210.110985957 0.0 -2553.4275475195554 -18834210.82251936 0.0 -2672.8728359213505 -18834176.43479284 0.0 -5193.22478055472 -18834438.15467334 0.0 -17464.852131052696 -18836448.240511253 0.0 -64437.54292141782 -18844273.517512955 0.0 -195419.899653179 -18865333.96510705 0.0 -346136.0964471484 -18893671.16047277 0.0 -53490.77542075521 -19041076.76305209 0.0 1829.0691730284111 -18782927.991173603 0.0 -2123.6132962604374 -18788633.583068796 0.0 -2228.746421810389 -18788652.657291263 0.0 -2161.4063628142085 -18788665.225908957 0.0 -2259.231820724906 -18788651.40212708 0.0 -4299.564909587454 -18788905.57076473 0.0 -14245.339012318056 -18790732.608352244 0.0 -52363.10788614554 -18797923.70345727 0.0 -158859.27365862284 -18817987.115368668 0.0 -281944.90354553185 -18846003.792712472 0.0 -44157.441369483684 -18969633.533552192 0.0 1398.3370753879271 -18747611.622737013 0.0 -1758.2568992661943 -18752106.73501092 0.0 -1843.0602720851705 -18752131.355312094 0.0 -1793.0117447750247 -18752154.494069707 0.0 -1869.5449529538564 -18752158.995130546 0.0 -3459.278879456223 -18752407.178520635 0.0 -11220.391064555146 -18754075.593360934 0.0 -41006.95679293893 -18760732.230007313 0.0 -124415.00358093287 -18780073.29112313 0.0 -221378.93753210152 -18808283.797345486 0.0 -35387.08297386321 -18909845.55867404 0.0 985.5118770817859 -18720785.514825076 0.0 -1415.6040409588236 -18724130.106328484 0.0 -1479.7360059607959 -18724160.13826353 0.0 -1444.7992327674167 -18724193.096937526 0.0 -1500.4112551121332 -18724214.485743526 0.0 -2662.3555809136656 -18724458.70222492 0.0 -8348.3084523704 -18725990.904376414 0.0 -30211.04714879779 -18732204.80578899 0.0 -91623.40835332136 -18751085.921327118 0.0 -163655.76049277803 -18780001.220639646 0.0 -27067.33791937463 -18860919.559875056 0.0 585.2816935152676 -18702094.20795769 0.0 -1091.1685513940956 -18704332.676472116 0.0 -1134.5236714558243 -18704368.19579875 0.0 -1113.2298600847525 -18704410.66205485 0.0 -1148.2496336574363 -18704448.136384215 0.0 -1899.0166628809216 -18704690.724675383 0.0 -5589.671485168931 -18706107.364078168 0.0 -19826.589547493815 -18711963.749164592 0.0 -60046.300444922825 -18730639.305990364 0.0 -108032.1807637023 -18760774.83448326 0.0 -19091.899193782436 -18822210.10175741 0.0 192.53674235219415 -18691290.90326666 0.0 -780.7355429356302 -18692452.879421793 0.0 -803.2704160300397 -18692494.088006806 0.0 -794.7333571552166 -18692546.027903564 0.0 -809.3943810053174 -18692599.23891117 0.0 -1159.7016596955561 -18692842.738954548 0.0 -2906.75765683447 -18694162.94272991 0.0 -9711.548457608325 -18699741.904781476 0.0 -29264.130333295725 -18718462.337188806 0.0 -53793.938314750245 -18750345.727159347 0.0 -11359.080451096603 -18793209.616984863 0.0 -3.005696439601174 -18687837.858101223 0.0 -711.4363989291969 -18688201.5761607 0.0 -719.4996039614958 -18688244.36042482 0.0 -717.3875966334259 -18688301.692926515 0.0 -714.8304905527217 -18688365.9453334 0.0 -803.0224322175864 -18688602.440621883 0.0 -1304.810475435248 -18689806.096114676 0.0 -3342.5028023261716 -18694948.861630406 0.0 -9538.920382715905 -18712728.793023404 0.0 -21738.02625996383 -18745218.67226013 0.0 -6598.281049856435 -18772598.07372531 0.0
    </DataArray>
    <DataArray type="Float32" Name="Hole Current Density [Am^-2]" NumberOfComponents="3" format="ascii">
1e-30 -1e-30 0.0 1e-30 -1e-30 0.0 1e-30 -1e-30 0.0 1e-30 -1e-30 0.0 1e-30 -1e-30 0.0 1e-30 -1e-30 0.0 1e-30 -1e-30 0.0 1e-30 -1e-30 0.0 1e-30 -1e-30 0.0 1e-30 -1e-30 0.0 -1e-30 -1e-30 0.0 1e-30 -1e-30 0.0 1e-30 -1e-30 0.0 1e-30 -1e-30 0.0 1e-30 -1e-30 0.0 1e-30 -1e-30 0.0 1e-30 -1e-30 0.0 1e-30 -1e-30 0.0 1e-30 -1e-30 0.0 1e-30 -1e-30 0.0 -1e-30 -1e-30 0.0 -1e-30 -1e-30 0.0 1e-30 -1e-30 0.0 1e-30 -1e-30 0.0 1e-30 -1e-30 0.0 1e-30 -1e-30 0.0 1e-30 -1e-30 0.0 1e-30 -1e-30 0.0 1e-30 -1e-30 0.0 1e-30 -1e-30 0.0 1e-30 -1e-30 0.0 -1e-30 -1e-30 0.0 -1e-30 -1e-30 0.0 1e-30 -1e-30 0.0 1e-30 -1e-30 0.0 1e-30 -1e-30 0.0 1e-30 -1e-30 0.0 1e-30 -1e-30 0.0 1e-30 -1e-30 0.0 1e-30 -1e-30 0.0 1e-30 -1e-30 0.0 -1e-30 -1e-30 0.0 -1e-30 -1e-30 0.0 -1e-30 -1e-30 0.0 1e-30 -1e-30 0.0 1e-30 -1e-30 0.0 1e-30 -1e-30 0.0 1e-30 -1e-30 0.0 1e-30 -1e-30 0.0 1e-30 -1e-30 0.0 1e-30 -1e-30 0.0 -1e-30 -1e-30 0.0 -1e-30 -1e-30 0.0 -1e-30 -1e-30 0.0 -1e-30 -1e-30 0.0 1e-30 -1e-30 0.0 1e-30 -1e-30 0.0 1e-30 -1e-30 0.0 1e-30 -1e-30 0.0 1e-30 -1e-30 0.0 1e-30 -1e-30 0.0 -1e-30 -1e-30 0.0 -1e-30 -1e-30 0.0 -1e-30 -1e-30 0.0 -1e-30 -1e-30 0.0 -1e-30 -1e-30 0.0 1e-30 -1e-30 0.0 1e-30 -1e-30 0.0 1e-30 -1e-30 0.0 1e-30 -1e-30 0.0 -1e-30 -1e-30 0.0 -1e-30 -1e-30 0.0 -1e-30 -1e-30 0.0 -1e-30 -1e-30 0.0 -1e-30 -1e-30 0.0 -1e-30 -1e-30 0.0 -1e-30 -1e-30 0.0 1e-30 -1e-30 0.0 1e-30 -1e-30 0.0 -1e-30 -1e-30 0.0 -1e-30 -1e-30 0.0 -1e-30 -1e-30 0.0 -1e-30 -1e-30 0.0 -1e-30 -1e-30 0.0 -1e-30 -1e-30 0.0 -1e-30 -1e-30 0.0 -1e-30 -1e-30 0.0 -1e-30 -1e-30 0.0 1e-30 -1e-30 0.0 -1e-30 -1e-30 0.0 -1e-30 -1e-30 0.0 -1e-30 -1e-30 0.0 -1e-30 -1e-30 0.0 -1e-30 -1e-30 0.0 -1e-30 -1e-30 0.0 -1e-30 -1e-30 0.0 -1e-30 -1e-30 0.0 -1e-30 -1e-30 0.0 -1e-30 -1e-30 0.0 1e-30 -1e-30 0.0 -1e-30 -1e-30 0.0 -1e-30 -1e-30 0.0 -1e-30 -1e-30 0.0 -1e-30 -1e-30 0.0 -1e-30 -1e-30 0.0 -1e-30 -1e-30 0.0 -1e-30 -1e-30 0.0 -1e-30 -1e-30 0.0 -1e-30 -1e-30 0.0 -1e-30 -1e-30 0.0 1e-30 -1e-30 0.0 -1e-30 -1e-30 0.0 -1e-30 -1e-30 0.0 -1e-30 -1e-30 0.0 -1e-30 -1e-30 0.0 -1e-30 -1e-30 0.0 -1e-30 -1e-30 0.0 -1e-30 -1e-30 0.0 -1e-30 -1e-30 0.0 -1e-30 1e-30 0.0 -1e-30 -1e-30 0.0 1e-30 -1e-30 0.0 -1e-30 -1e-30 0.0 -1e-30 -1e-30 0.0 -1e-30 -1e-30 0.0 -1e-30 -1e-30 0.0 -1e-30 -1e-30 0.0 -1e-30 -1e-30 0.0 -1e-30 -1e-30 0.0 -1e-30 -1e-30 0.0 -1e-30 1e-30 0.0 -1e-30 -1e-30 0.0 1e-30 -1e-30 0.0 -1e-30 -1e-30 0.0 -1e-30 -1e-30 0.0 -1e-30 -1e-30 0.0 -1e-30 -1e-30 0.0 -1e-30 -1e-30 0.0 -1e-30 -1e-30 0.0 -1e-30 -1e-30 0.0 -1e-30 -1e-30 0.0 -1e-30 1e-30 0.0 -1e-30 1e-30 0.0 1e-30 -1e-30 0.0 -1e-30 -1e-30 0.0 -1e-30 -1e-30 0.0 -1e-30 -1e-30 0.0 -1e-30 -1e-30 0.0 -1e-30 -1e-30 0.0 -1e-30 -1e-30 0.0 -1e-30 -1e-30 0.0 -1e-30 -1e-30 0.0 -1e-30 1e-30 0.0 -1e-30 1e-30 0.0 1e-30 -1e-30 0.0 -1e-30 -1e-30 0.0 -1e-30 -1e-30 0.0 -1e-30 -1e-30 0.0 -1e-30 -1e-30 0.0 -1e-30 -1e-30 0.0 -1e-30 -1e-30 0.0 -1e-30 -1e-30 0.0 -1e-30 -1e-30 0.0 -1e-30 1e-30 0.0 -1e-30 1e-30 0.0 1e-30 -1e-30 0.0 -1e-30 -1e-30 0.0 -1e-30 -1e-30 0.0 -1e-30 -1e-30 0.0 -1e-30 -1e-30 0.0 -1e-30 -1e-30 0.0 -1e-30 -1e-30 0.0 -1e-30 -1e-30 0.0 -1e-30 -1e-30 0.0 -1e-30 1e-30 0.0 1e-30 1e-30 0.0 1e-30 -1e-30 0.0 1e-30 -1e-30 0.0 1e-30 -1e-30 0.0 -1e-30 -1e-30 0.0 -1e-30 -1e-30 0.0 -1e-30 -1e-30 0.0 -1e-30 -1e-30 0.0 -1e-30 -1e-30 0.0 1e-30 -1e-30 0.0 1e-30 1e-30 0.0 1e-30 1e-30 0.0 1e-30 -1e-30 0.0 1e-30 -1e-30 0.0 1e-30 -1e-30 0.0 1e-30 -1e-30 0.0 1e-30 -1e-30 0.0 1e-30 -1e-30 0.0 1e-30 -1e-30 0.0 1e-30 -1e-30 0.0 1e-30 -1e-30 0.0 1e-30 1e-30 0.0 1e-30 1e-30 0.0 1e-30 -1e-30 0.0 1e-30 -1e-30 0.0 1e-30 -1e-30 0.0 1e-30 -1e-30 0.0 1e-30 -1e-30 0.0 1e-30 -1e-30 0.0 1e-30 -1e-30 0.0 1e-30 -1e-30 0.0 1e-30 -1e-30 0.0 1e-30 1e-30 0.0 1e-30 1e-30 0.0 1e-30 -1e-30 0.0 1e-30 -1e-30 0.0 1e-30 -1e-30 0.0 1e-30 -1e-30 0.0 1e-30 -1e-30 0.0 1e-30 -1e-30 0.0 1e-30 -1e-30 0.0 1e-30 -1e-30 0.0 1e-30 -1e-30 0.0 1e-30 1e-30 0.0 1e-30 1e-30 0.0 1e-30 -1e-30 0.0 1e-30 -1e-30 0.0 1e-30 -1e-30 0.0 1e-30 -1e-30 0.0 1e-30 -1e-30 0.0 1e-30 -1e-30 0.0 1e-30 -1e-30 0.0 1e-30 -1e-30 0.0 1e-30 -1e-30 0.0 1e-30 1e-30 0.0 1e-30 1e-30 0.0 1e-30 -1e-30 0.0 1e-30 -1e-30 0.0 1e-30 -1e-30 0.0 1e-30 -1e-30 0.0 1e-30 -1e-30 0.0 1e-30 -1e-30 0.0 1e-30 -1e-30 0.0 1e-30 -1e-30 0.0 1e-30 -1e-30 0.0 1e-30 1e-30 0.0 1e-30 1e-30 0.0 1e-30 -1e-30 0.0 1e-30 -1e-30 0.0 1e-30 -1e-30 0.0 1e-30 -1e-30 0.0 1e-30 -1e-30 0.0 1e-30 -1e-30 0.0 1e-30 -1e-30 0.0 1e-30 -1e-30 0.0 1e-30 -1e-30 0.0 1e-30 1e-30 0.0 1e-30 1e-30 0.0 1e-30 -1e-30 0.0 1e-30 -1e-30 0.0 1e-30 -1e-30 0.0 1e-30 -1e-30 0.0 1e-30 -1e-30 0.0 1e-30 -1e-30 0.0 1e-30 -1e-30 0.0 1e-30 -1e-30 0.0 1e-30 -1e-30 0.0 1e-30 1e-30 0.0 1e-30 1e-30 0.0 1e-30 -1e-30 0.0 1e-30 -1e-30 0.0 1e-30 -1e-30 0.0 1e-30 -1e-30 0.0 1e-30 -1e-30 0.0 1e-30 -1e-30 0.0 1e-30 -1e-30 0.0 1e-30 -1e-30 0.0 1e-30 -1e-30 0.0 1e-30 1e-30 0.0 1e-30 1e-30 0.0 1e-30 -1e-30 0.0 1e-30 -1e-30 0.0 1e-30 -1e-30 0.0 1e-30 -1e-30 0.0 1e-30 -1e-30 0.0 1e-30 -1e-30 0.0 1e-30 -1e-30 0.0 1e-30 -1e-30 0.0 1e-30 -1e-30 0.0 1e-30 1e-30 0.0 0.0 1e-30 0.0 1e-30 -1e-30 0.0 1e-30 -1e-30 0.0 1e-30 -1e-30 0.0 1e-30 -1e-30 0.0 1e-30 -1e-30 0.0 1e-30 -1e-30 0.0 1e-30 -1e-30 0.0 1e-30 -1e-30 0.0 1e-30 -1e-30 0.0 1e-30 1e-30 0.0 1e-30 1e-30 0.0 1e-30 -1e-30 0.0 1e-30 -1e-30 0.0 1e-30 -1e-30 0.0 1e-30 -1e-30 0.0 1e-30 -1e-30 0.0 1e-30 -1e-30 0.0 1e-30 -1e-30 0.0 1e-30 -1e-30 0.0 1e-30 -1e-30 0.0 1e-30 1e-30 0.0 1e-30 1e-30 0.0 1e-30 -1e-30 0.0 1e-30 -1e-30 0.0 1e-30 -1e-30 0.0 1e-30 -1e-30 0.0 1e-30 -1e-30 0.0 1e-30 -1e-30 0.0 1e-30 -1e-30 0.0 1e-30 -1e-30 0.0 1e-30 -1e-30 0.0 1e-30 1e-30 0.0 1e-30 -1e-30 0.0 1e-30 -1e-30 0.0 1e-30 -1e-30 0.0 1e-30 -1e-30 0.0 1e-30 -1e-30 0.0 1e-30 -1e-30 0.0 1e-30 -1e-30 0.0 1e-30 -1e-30 0.0 1e-30 -1e-30 0.0 1e-30 -1e-30 0.0 1e-30 1e-30 0.0 1e-30 -1e-30 0.0 1e-30 -1e-30 0.0 1e-30 -1e-30 0.0 1e-30 -1e-30 0.0 1e-30 -1e-30 0.0 1e-30 -1e-30 0.0 1e-30 -1e-30 0.0 1e-30 -1e-30 0.0 1e-30 -1e-30 0.0 1e-30 -1e-30 0.0 1e-30 1e-30 0.0 1e-30 -1e-30 0.0 1e-30 -1e-30 0.0 1e-30 -1e-30 0.0 1e-30 -1e-30 0.0 1e-30 -1e-30 0.0 1e-30 -1e-30 0.0 1e-30 -1e-30 0.0 1e-30 -1e-30 0.0 1e-30 -1e-30 0.0 1e-30 -1e-30 0.0 1e-30 1e-30 0.0 1e-30 -1e-30 0.0 1e-30 -1e-30 0.0 1e-30 -1e-30 0.0 1e-30 -1e-30 0.0 1e-30 -1e-30 0.0 1e-30 -1e-30 0.0 1e-30 -1e-30 0.0 1e-30 -1e-30 0.0 1e-30 -1e-30 0.0 1e-30 -1e-30 0.0 1e-30 1e-30 0.0 1e-30 -1e-30 0.0 1e-30 -1e-30 0.0 1e-30 -1e-30 0.0 1e-30 -1e-30 0.0 1e-30 -1e-30 0.0 1e-30 -1e-30 0.0 1e-30 -1e-30 0.0 1e-30 -1e-30 0.0 1e-30 -1e-30 0.0 1e-30 -1e-30 0.0 1e-30 1e-30 0.0 1e-30 -1e-30 0.0 1e-30 -1e-30 0.0 1e-30 -1e-30 0.0 1e-30 -1e-30 0.0 1e-30 -1e-30 0.0 1e-30 -1e-30 0.0 1e-30 -1e-30 0.0 1e-30 -1e-30 0.0 1e-30 -1e-30 0.0 1e-30 -1e-30 0.0 1e-30 1e-30 0.0 1e-30 -1e-30 0.0 1e-30 -1e-30 0.0 1e-30 -1e-30 0.0 1e-30 -1e-30 0.0 1e-30 -1e-30 0.0 1e-30 -1e-30 0.0 1e-30 -1e-30 0.0 1e-30 -1e-30 0.0 1e-30 -1e-30 0.0 1e-30 -1e-30 0.0 1e-30 1e-30 0.0 1e-30 -1e-30 0.0 1e-30 -1e-30 0.0 1e-30 -1e-30 0.0 1e-30 -1e-30 0.0 1e-30 -1e-30 0.0 1e-30 -1e-30 0.0 1e-30 -1e-30 0.0 1e-30 -1e-30 0.0 1e-30 -1e-30 0.0 1e-30 -1e-30 0.0 1e-30 1e-30 0.0 1e-30 -1e-30 0.0 1e-30 -1e-30 0.0 1e-30 -1e-30 0.0 1e-30 -1e-30 0.0 1e-30 -1e-30 0.0 1e-30 -1e-30 0.0 1e-30 -1e-30 0.0 1e-30 -1e-30 0.0 1e-30 -1e-30 0.0 1e-30 -1e-30 0.0 1e-30 1e-30 0.0 1e-30 -1e-30 0.0 1e-30 -1e-30 0.0 1e-30 -1e-30 0.0 1e-30 -1e-30 0.0 1e-30 -1e-30 0.0 1e-30 -1e-30 0.0 1e-30 -1e-30 0.0 1e-30 -1e-30 0.0 1e-30 -1e-30 0.0 1e-30 -1e-30 0.0 1e-30 1e-30 0.0 1e-30 -1e-30 0.0 1e-30 -1e-30 0.0 1e-30 -1e-30 0.0 1e-30 -1e-30 0.0 1e-30 -1e-30 0.0 1e-30 -1e-30 0.0 1e-30 -1e-30 0.0 1e-30 -1e-30 0.0 1e-30 -1e-30 0.0 1e-30 -1e-30 0.0 1e-30 1e-30 0.0 1e-30 -1e-30 0.0 1e-30 -1e-30 0.0 1e-30 -1e-30 0.0 1e-30 -1e-30 0.0 1e-30 -1e-30 0.0 1e-30 -1e-30 0.0 1e-30 -1e-30 0.0 1e-30 -1e-30 0.0 1e-30 -1e-30 0.0 1e-30 -1e-30 0.0 1e-30 1e-30 0.0 1e-30 -1e-30 0.0 1e-30 -1e-30 0.0 1e-30 -1e-30 0.0 1e-30 -1e-30 0.0 1e-30 -1e-30 0.0 1e-30 -1e-30 0.0 1e-30 -1e-30 0.0 1e-30 -1e-30 0.0 1e-30 -1e-30 0.0 1e-30 -1e-30 0.0 1e-30 1e-30 0.0 1e-30 -1e-30 0.0 1e-30 -1e-30 0.0 1e-30 -1e-30 0.0 1e-30 -1e-30 0.0 1e-30 -1e-30 0.0 1e-30 -1e-30 0.0 1e-30 -1e-30 0.0 1e-30 -1e-30 0.0 1e-30 -1e-30 0.0 1e-30 -1e-30 0.0 1e-30 1e-30 0.0 1e-30 -1e-30 0.0 1e-30 -1e-30 0.0 1e-30 -1e-30 0.0 1e-30 -1e-30 0.0 1e-30 -1e-30 0.0 1e-30 -1e-30 0.0 1e-30 -1e-30 0.0 1e-30 -1e-30 0.0 1e-30 -1e-30 0.0 1e-30 -1e-30 0.0 1e-30 1e-30 0.0 1e-30 -1e-30 0.0 1e-30 -1e-30 0.0 1e-30 -1e-30 0.0 1e-30 -1e-30 0.0 1e-30 -1e-30 0.0 1e-30 -1e-30 0.0 1e-30 -1e-30 0.0 1e-30 -1e-30 0.0 1e-30 -1e-30 0.0 1e-30 -1e-30 0.0 1e-30 1e-30 0.0 1e-30 -1e-30 0.0 1e-30 -1e-30 0.0 1e-30 -1e-30 0.0 1e-30 -1e-30 0.0 1e-30 -1e-30 0.0 1e-30 -1e-30 0.0 1e-30 -1e-30 0.0 1e-30 -1e-30 0.0 1e-30 -1e-30 0.0 1e-30 -1e-30 0.0 1e-30 1e-30 0.0 1e-30 -1e-30 0.0 1e-30 -1e-30 0.0 1e-30 -1e-30 0.0 1e-30 -1e-30 0.0 1e-30 -1e-30 0.0 1e-30 -1e-30 0.0 1e-30 -1e-30 0.0 1e-30 -1e-30 0.0 1e-30 -1e-30 0.0 1e-30 -1e-30 0.0 1e-30 1e-30 0.0 1e-30 -1e-30 0.0 1e-30 -1e-30 0.0 1e-30 -1e-30 0.0 1e-30 -1e-30 0.0 1e-30 -1e-30 0.0 1e-30 -1e-30 0.0 1e-30 -1e-30 0.0 1e-30 -1e-30 0.0 1e-30 -1e-30 0.0 1e-30 -1e-30 0.0 1e-30 1e-30 0.0 1e-30 -1e-30 0.0 1e-30 -1e-30 0.0 1e-30 -1e-30 0.0 1e-30 -1e-30 0.0 1e-30 -1e-30 0.0 1e-30 -1e-30 0.0 1e-30 -1e-30 0.0 1e-30 -1e-30 0.0 1e-30 -1e-30 0.0 1e-30 -1e-30 0.0 1e-30 1e-30 0.0 1e-30 -1e-30 0.0 1e-30 -1e-30 0.0 1e-30 -1e-30 0.0 1e-30 -1e-30 0.0 1e-30 -1e-30 0.0 1e-30 -1e-30 0.0 1e-30 -1e-30 0.0 1e-30 -1e-30 0.0 1e-30 -1e-30 0.0 1e-30 -1e-30 0.0 1e-30 1e-30 0.0 1e-30 -1e-30 0.0 1e-30 -1e-30 0.0 1e-30 -1e-30 0.0 1e-30 -1e-30 0.0 1e-30 -1e-30 0.0 1e-30 -1e-30 0.0 1e-30 -1e-30 0.0 1e-30 -1e-30 0.0 -1e-30 -1e-30 0.0 -1e-30 -1e-30 0.0 1e-30 1e-30 0.0 1e-30 -1e-30 0.0
    </DataArray>
    <DataArray type="Float32" Name="Ion diffusion flux Density [Am^-2]" NumberOfComponents="3" format="ascii">
-6.196044422015003e+19 1.2680382053606903e+20 0.0 -1.2793544858086205e+20 8.068659754722976e+18 0.0 -2.2915030175651565e+20 -4.756314306127532e+19 0.0 -3.196417276410154e+20 -1.04696867195171e+20 0.0 -4.028680600258018e+20 -1.7689284326203615e+20 0.0 -4.957980827883933e+20 -2.9448816055606067e+20 0.0 -6.25122486413663e+20 -5.184608940486122e+20 0.0 -8.577912204417338e+20 -1.0349862145291342e+21 0.0 -1.2473714150337083e+21 -2.0849139840828178e+21 0.0 -1.1093271939505878e+21 -2.3138557425209487e+21 0.0 -1.0703649283304902e+21 -3.211094784991841e+21 0.0 -1.848301695878012e+19 7.106234749697416e+19 0.0 -8.43680115953516e+19 6.723279044096585e+18 0.0 -1.5453732703378673e+20 -3.083629932996817e+19 0.0 -2.2780618976842236e+20 -7.923001254452011e+19 0.0 -3.008023391550954e+20 -1.4288157822103529e+20 0.0 -3.8334364511885505e+20 -2.4481736863496782e+20 0.0 -4.946798610588963e+20 -4.319858198704076e+20 0.0 -6.833480389948595e+20 -8.427389738773904e+20 0.0 -9.630748033890126e+20 -1.6046429631544757e+21 0.0 -8.088037423853703e+20 -1.684148258063247e+21 0.0 -4.8141035375336056e+20 -2.4070517687669867e+21 0.0 -2.3597446976076984e+19 4.067254030476226e+19 0.0 -8.469265771262326e+19 6.479867017993557e+18 0.0 -1.5814099577131267e+20 -1.2088112724020455e+19 0.0 -2.467134546840456e+20 -5.186769670740988e+19 0.0 -3.40139363599315e+20 -1.0523708005589198e+20 0.0 -4.435663486428737e+20 -1.917673001416432e+20 0.0 -5.6987560148749654e+20 -3.4508766173285057e+20 0.0 -7.428466785250798e+20 -6.448592064329595e+20 0.0 -8.95818262163669e+20 -1.0682410057918168e+21 0.0 -6.037359413555967e+20 -9.676420572206275e+20 0.0 -2.3880871674695654e+20 -1.1940435837348327e+21 0.0 -1.3415493960463446e+19 1.0555098750343928e+19 0.0 -4.262572073532146e+19 5.450522929120709e+18 0.0 -9.187901046907363e+19 1.3399448769470938e+18 0.0 -1.6017917347869753e+20 -2.165768587399447e+19 0.0 -2.4072215269577736e+20 -5.6750596860627255e+19 0.0 -3.316157155731863e+20 -1.1636356979734556e+20 0.0 -4.3472574223783644e+20 -2.1823569064172306e+20 0.0 -5.413342058151567e+20 -3.8028063915886156e+20 0.0 -5.545063721074399e+20 -5.145734593318725e+20 0.0 -2.9594607189689755e+20 -3.764577005863589e+20 0.0 -7.562011404406787e+19 -3.781005702203487e+20 0.0 -5.716139274559613e+18 -6.703422314162134e+17 0.0 -1.4203156064654232e+19 1.6216177000121495e+18 0.0 -3.7944870543311e+19 3.0694835876620474e+17 0.0 -7.524374226240247e+19 -1.0212517198879123e+19 0.0 -1.2549342444724363e+20 -2.7660533673213305e+19 0.0 -1.8423049764709043e+20 -5.837287496502767e+19 0.0 -2.428470811786933e+20 -1.0646000926378777e+20 0.0 -2.7711846799899404e+20 -1.588648385595628e+20 0.0 -2.3318646037765027e+20 -1.6691325404134497e+20 0.0 -9.983705382712425e+19 -9.300314068033351e+19 0.0 -1.259426061266857e+19 -6.2971303063340786e+19 0.0 -2.566507416422954e+18 -1.9577336558108337e+18 0.0 -4.1418005968686044e+18 4.475177724153656e+17 0.0 -1.142042449097765e+19 3.863846724321431e+17 0.0 -2.4243761525708734e+19 -4.5391618246455685e+18 0.0 -4.371775409762518e+19 -1.2295899247341488e+19 0.0 -6.756699212991956e+19 -2.263136962936268e+19 0.0 -8.756214967261076e+19 -3.4129879341798687e+19 0.0 -9.003309397621134e+19 -4.000038458527829e+19 0.0 -6.476250610200714e+19 -3.2120982613215076e+19 0.0 -2.427289967609409e+19 -9.457866627278807e+18 0.0 2.731349096186798e+18 1.3656745480936139e+19 0.0 -1.3765680143595738e+18 -1.4920477932533624e+18 0.0 -1.529000746853106e+18 1.7066794123844013e+17 0.0 -3.432934927733329e+18 8.413699782750769e+17 0.0 -6.490156529329262e+18 -5.7616372153792506e+17 0.0 -1.0310451082958612e+19 -2.98735550005082e+18 0.0 -1.4802312505088238e+19 -5.508542008109483e+18 0.0 -1.8176710953580462e+19 -7.017895313741113e+18 0.0 -1.7722562691766237e+19 -6.256718350214558e+18 0.0 -1.2624061272321827e+19 -2.6642798471214244e+18 0.0 -3.8700684733966423e+18 5.146592072499997e+18 0.0 4.301950400209375e+18 2.150975200104826e+19 0.0 -8.244223802710511e+17 -9.850291783408412e+17 0.0 -7.439586927674237e+17 6.518430746431173e+16 0.0 -1.352784677178696e+18 7.087775090496216e+17 0.0 -2.3205404061888486e+18 4.6112646987363264e+17 0.0 -3.060149403763448e+18 -1.8774188073126054e+17 0.0 -3.422465580877036e+18 -8.484040077587007e+17 0.0 -3.3954045290219904e+18 -1.0667079497195025e+18 0.0 -2.9334596476673997e+18 -5.10575958898951e+17 0.0 -1.9138724375332557e+18 1.2237493070382387e+18 0.0 4.5273798200399226e+17 5.441473132811451e+18 0.0 3.3058064172143263e+18 1.6529032086073143e+19 0.0 -5.231579884577043e+17 -6.254242258605829e+17 0.0 -4.2436604096386694e+17 2.5893746363543092e+16 0.0 -6.54935819203204e+17 4.956003454875842e+17 0.0 -1.0782049707387382e+18 5.561322353692757e+17 0.0 -1.391489269917366e+18 4.2099491211411494e+17 0.0 -1.4303132460656707e+18 2.1079803447045888e+17 0.0 -1.1921917421239396e+18 1.369955245185576e+17 0.0 -7.617280379504132e+17 4.092780113432144e+17 0.0 -1.2348694906456821e+17 1.4165524114976143e+18 0.0 1.0743266127416046e+18 4.0232214109732547e+18 0.0 2.2462860884725542e+18 1.1231430442363628e+19 0.0 -3.449067319727543e+17 -3.903913393566917e+17 0.0 -2.6372689739639184e+17 1.327132854542541e+16 0.0 -3.5926372150893843e+17 3.353307920573251e+17 0.0 -5.637519298410777e+17 4.63250015122954e+17 0.0 -7.339988485491965e+17 5.0059162535150317e+17 0.0 -7.682004433503099e+17 4.6767136060932915e+17 0.0 -6.250617696516685e+17 4.597161829023939e+17 0.0 -3.180554675804336e+17 6.241290771151418e+17 0.0 1.9621374023927178e+17 1.268254241741708e+18 0.0 9.586357312368169e+17 2.8632607687038003e+18 0.0 1.4978926723187937e+18 7.489463361594766e+18 0.0 -2.3503713724482906e+17 -2.36780830923173e+17 0.0 -1.7142510498302582e+17 1.1356387912068518e+16 0.0 -2.1546445126323853e+17 2.2662334285207408e+17 0.0 -3.210153982680084e+17 3.513887194654715e+17 0.0 -4.1174287498290854e+17 4.4517099670648326e+17 0.0 -4.2676643713698605e+17 4.971484611620813e+17 0.0 -3.223885297183418e+17 5.489124496533628e+17 0.0 -7.33352614137795e+16 7.101019329378089e+17 0.0 3.2166888794277485e+17 1.1277262754900919e+18 0.0 7.484835235998789e+17 2.0427123581353782e+18 0.0 1.0079378382266086e+18 5.039689191133794e+18 0.0 -1.6453246619640275e+17 -1.2936266882933389e+17 0.0 -1.1632996695262189e+17 1.2698470243024996e+16 0.0 -1.391762309355325e+17 1.525443530227561e+17 0.0 -1.9326235300236307e+17 2.6081045137484112e+17 0.0 -2.3313820428062298e+17 3.724316268411102e+17 0.0 -2.1181629196552336e+17 4.750784789070397e+17 0.0 -1.0814960081021838e+17 5.80732717266795e+17 0.0 1.0346900899609163e+17 7.39781772942832e+17 0.0 3.4490880197915546e+17 9.592818725328924e+17 0.0 5.5401358816552435e+17 1.454378974195029e+18 0.0 6.907235427947581e+17 3.4536177139743667e+18 0.0 -1.1893775041312218e+17 -5.594464561557207e+16 0.0 -9.427406583366915e+16 1.2287985116226022e+16 0.0 -1.2408682792155565e+17 9.657121075401323e+16 0.0 -1.6006115675408125e+17 1.841691224626778e+17 0.0 -1.4976039084035152e+17 3.099141623903131e+17 0.0 -1.580534652243503e+16 4.6437547863910483e+17 0.0 2.124392407252437e+16 5.674720829521878e+17 0.0 1.741899853197412e+17 6.907288185746359e+17 0.0 3.031939042725388e+17 7.817162807038737e+17 0.0 4.0837710053921734e+17 1.0552473004016393e+18 0.0 4.867980127497494e+17 2.4339900637491057e+18 0.0 -6.838907651034647e+16 -2.8889155365923908e+16 0.0 -6.4104318100380616e+16 4878463025034.33 0.0 -9.250596946821938e+16 5.348573559544154e+16 0.0 -1.2385784323537022e+17 1.515391932732555e+17 0.0 -1.2550865600000994e+17 3.365258950150092e+17 0.0 -1.288076663554717e+17 3.8195181055334835e+17 0.0 -7.515066332100072e+16 4.249741957019272e+17 0.0 1.5578897988985978e+17 6.090507047129505e+17 0.0 4.4873709612946906e+17 7.018939048311846e+17 0.0 3.1443814736257626e+17 7.816613750807383e+17 0.0 3.510482279985853e+17 1.75524113999315e+18 0.0 -2.323127202615299e+16 -1.6650364467605544e+16 0.0 -2.151146929443907e+16 960750649172947.2 0.0 -3.178676135469566e+16 2.791260853865635e+16 0.0 -6.096024305819859e+16 7.20422044123477e+16 0.0 -1.161422438572939e+17 1.5205184957358928e+17 0.0 -2.096137444375802e+17 2.720133629402211e+17 0.0 -1.0626907482310035e+17 5.0902638285918566e+17 0.0 4.1324944068016584e+16 7.590328914362881e+17 0.0 1.026429028723241e+17 5.1626245183919066e+17 0.0 1.4252306577895042e+17 4.093111410893365e+17 0.0 2.536238280785545e+17 1.2681191403930248e+18 0.0 -9818992428879068.0 -1.2885877392088078e+16 0.0 -7515781353098357.0 550664421896989.56 0.0 -8201976145400916.0 1.85208094682161e+16 0.0 -1.2340190751585118e+16 4.9485375519837784e+16 0.0 -1.990973696150064e+16 1.100026574513343e+17 0.0 -2.9104589189749132e+16 2.119622971933775e+17 0.0 -3.786105674656769e+16 3.468216584944422e+17 0.0 -6.798802469298684e+16 4.605358657563015e+17 0.0 -1.3231393704040917e+17 4.8686985206702445e+17 0.0 1.6121564601779728e+17 5.747118267185915e+17 0.0 2.1992829982843395e+17 1.0996414991424596e+18 0.0 -5057887144224884.0 -1.0211329232045064e+16 0.0 -2625013865279269.0 671524718031590.8 0.0 -6440473977523.335 1.4778343681399078e+16 0.0 3790987944095185.0 3.939895360052989e+16 0.0 1.169461767657342e+16 8.970096021527155e+16 0.0 2.8085635509264316e+16 1.7833767981079818e+17 0.0 5.490245781075817e+16 3.019655201600179e+17 0.0 8.896493827234504e+16 4.277295322100988e+17 0.0 1.2496090376060645e+17 5.065784100764195e+17 0.0 1.590319328402352e+17 5.114180034280233e+17 0.0 1.8694127488980243e+17 9.347063744492211e+17 0.0 -3256260602525066.0 -8506075685019834.0 0.0 -1131471894360283.8 687834327504779.0 0.0 2067561498379383.8 1.2524512733926996e+16 0.0 7197087113740567.0 3.2810539032794384e+16 0.0 1.7666894091050056e+16 7.46364319650471e+16 0.0 3.740726767440241e+16 1.502332845649559e+17 0.0 6.811595681091718e+16 2.585509223980918e+17 0.0 1.0435967954118184e+17 3.716976704281465e+17 0.0 1.3360336053037691e+17 4.425887281535948e+17 0.0 1.4168149789935283e+17 4.39192630567825e+17 0.0 1.5899122720603638e+17 7.94956136030332e+17 0.0 -2459272870317994.5 -7387198881605391.0 0.0 -633544837465374.8 604755027121462.4 0.0 2320435639346624.5 1.0676386729141662e+16 0.0 7005326260656625.0 2.7648180349755668e+16 0.0 1.6790414139262666e+16 6.293577986156631e+16 0.0 3.525263408655285e+16 1.2757927832984038e+17 0.0 6.3348132771460904e+16 2.2152358624740368e+17 0.0 9.556751127396318e+16 3.2119305157897645e+17 0.0 1.1970204613333042e+17 3.84124390679379e+17 0.0 1.2379087534262421e+17 3.801240060666455e+17 0.0 1.3707748314431613e+17 6.853874157217059e+17 0.0 -2018469105311806.0 -6568837920719635.0 0.0 -417770249356341.94 501258838250486.6 0.0 2207666821612497.8 9210314224458986.0 0.0 6351266300780945.0 2.3669723273503104e+16 0.0 1.5044461310901992e+16 5.3903637208943064e+16 0.0 3.1531431432542068e+16 1.0988184275460096e+17 0.0 5.666878094853812e+16 1.9219331848061894e+17 0.0 8.537407136372678e+16 2.806801891013154e+17 0.0 1.0633482415542942e+17 3.3724217467940186e+17 0.0 1.0900907754390549e+17 3.3351109969126746e+17 0.0 1.1997533577299776e+17 5.998766788650621e+17 0.0 -1729167015544491.8 -5916814014920435.0 0.0 -299957136817088.56 416333941209438.3 0.0 2049303344916029.5 8066213444829468.0 0.0 5728923462016782.0 2.0594856602838428e+16 0.0 1.3470094967966784e+16 4.689965288123049e+16 0.0 2.8208040163391468e+16 9.604367864621176e+16 0.0 5.077290951579451e+16 1.6907827234080842e+17 0.0 7.658972219759694e+16 2.484980124918616e+17 0.0 9.52501648835923e+16 2.99899650546778e+17 0.0 9.715310373187555e+16 2.965736710525707e+17 0.0 1.0649035703271146e+17 5.324517851637165e+17 0.0 -1515542174612493.0 -5376811565564678.0 0.0 -224391305575340.84 353445559073133.7 0.0 1896980433881392.8 7163819517892628.0 0.0 5192341017876465.0 1.818099281132221e+16 0.0 1.214287004556989e+16 4.139164141595046e+16 0.0 2.54347039826277e+16 8.51010004975583e+16 0.0 4.587598725957848e+16 1.5067474031130022e+17 0.0 6.9314504646631656e+16 2.2272112891932947e+17 0.0 8.61994131253395e+16 2.6992443751857613e+17 0.0 8.761062299083107e+16 2.670050390040167e+17 0.0 9.57320276414614e+16 4.786601382074829e+17 0.0 -1347610295525915.0 -4921277820678784.0 0.0 -170606568339199.56 308674887579402.6 0.0 1761896288408845.2 6443247755232706.0 0.0 4741652833780591.0 1.6260628817132084e+16 0.0 1.1042190141608328e+16 3.700457881100733e+16 0.0 2.31426974241948e+16 7.634256150698638e+16 0.0 4.183391633731112e+16 1.3585568979482835e+17 0.0 6.3327571472721336e+16 2.0186560257751674e+17 0.0 7.879387878496843e+16 2.456201649153845e+17 0.0 7.986729773572114e+16 2.4308259654628643e+17 0.0 8.705327817797267e+16 4.3526639088999226e+17 0.0 -1210735463007678.5 -4533515939961261.0 0.0 -129787782450959.33 277277518417378.28 0.0 1645276597471113.2 5861326613597039.0 0.0 4365293211898118.0 1.4714366936688514e+16 0.0 1.0129376649715616e+16 3.3468616211299544e+16 0.0 2.124454349849538e+16 6.925338627085368e+16 0.0 3.848726416596087e+16 1.2379857609246808e+17 0.0 5.838181775831267e+16 1.848252166244361e+17 0.0 7.2697175166637e+16 2.2572031101539738e+17 0.0 7.353079766430155e+16 2.2353268339020493e+17 0.0 7.99789096405362e+16 3.9989454820280525e+17 0.0 -1096290292894492.8 -4201945323769671.0 0.0 -97630045006439.31 255257804499112.06 0.0 1545471287875129.2 5386380286384142.0 0.0 4050361056187771.0 1.3455636996360516e+16 0.0 9369259457572092.0 3.0588091586093068e+16 0.0 1.9664780302310692e+16 6.3457230334480584e+16 0.0 3.570146536746427e+16 1.1389604891192883e+17 0.0 5.4271664961125144e+16 1.7077638687975354e+17 0.0 6.764148655286588e+16 2.0927992591570902e+17 0.0 6.830187025531496e+16 2.0740747678792694e+17 0.0 7.415675681831811e+16 3.707837840916207e+17 0.0 -180468409595999.2 -2689971333209077.0 0.0 -151631398254101.22 263101930283776.25 0.0 -204812166912701.38 4508269739482715.0 0.0 -354551742440540.7 1.1159011465595518e+16 0.0 -673356283634996.6 2.5308070453902844e+16 0.0 -1215854409544422.8 5.256110655896527e+16 0.0 -1862521924846524.0 9.457225540847192e+16 0.0 -2200453509285249.2 1.4215480077960717e+17 0.0 -1777213999122339.2 1.7444650560248925e+17 0.0 -712822728435378.4 1.7267762601689517e+17 0.0 0.0 4.852632159484314e+17 0.0 524674203317244.06 -3546500447712876.5 0.0 -233568039861641.12 322395431992707.06 0.0 -1768261767643018.5 4796701501919590.0 0.0 -4219242911395371.0 1.1781912986330526e+16 0.0 -9443686792536518.0 2.6669497472274436e+16 0.0 -1.948653270417664e+16 5.545043986488586e+16 0.0 -3.4882112181961604e+16 1.0001031308436882e+17 0.0 -5.207230502536847e+16 1.5070004415743347e+17 0.0 -6.324032512449899e+16 1.8522204471601498e+17 0.0 -6.1682365332151416e+16 1.832132536683389e+17 0.0 -6.527929904052077e+16 3.263964952027052e+17 0.0 512968413009757.7 -3354710042995751.0 0.0 -204225350966792.47 298401948150957.1 0.0 -1641939629232484.2 4502300839721257.5 0.0 -3918404032245421.0 1.1027855833506172e+16 0.0 -8778360516378976.0 2.4956531103990816e+16 0.0 -1.8165012133866044e+16 5.199212554370447e+16 0.0 -3.264795595444922e+16 9.406868832741706e+16 0.0 -4.8960508073475656e+16 1.4223999465102254e+17 0.0 -5.972230689915956e+16 1.7535123810671805e+17 0.0 -5.841431706396018e+16 1.7366606049846496e+17 0.0 -6.187226487561975e+16 3.093613243781923e+17 0.0 501673021084854.25 -3186333495339003.0 0.0 -181263380337779.56 279679366771645.56 0.0 -1536543387471926.5 4254116349373264.5 0.0 -3667864025469816.0 1.0394959096110124e+16 0.0 -8223587951173801.0 2.351826277603079e+16 0.0 -1.705937796803904e+16 4.908151356261342e+16 0.0 -3.0770969765066548e+16 8.905233845746134e+16 0.0 -4.633423124063065e+16 1.3507531816313317e+17 0.0 -5.674143658325402e+16 1.669733299445898e+17 0.0 -5.5641063265806824e+16 1.655638940323576e+17 0.0 -5.898429135811635e+16 2.949214567907296e+17 0.0 491515523678767.25 -3041137027913216.5 0.0 -163301584536138.97 264951186824484.6 0.0 -1448189941581067.0 4044289655506777.5 0.0 -3457681698813528.5 9860358260019492.0 0.0 -7757748313241583.0 2.230320595486223e+16 0.0 -1.6128234310727976e+16 4.661731605176778e+16 0.0 -2.9184315135276056e+16 8.47934277509132e+16 0.0 -4.410527845126277e+16 1.2897580055093885e+17 0.0 -5.4202580997066104e+16 1.5982649081341405e+17 0.0 -5.327563393245363e+16 1.5865244550653286e+17 0.0 -5.652315726958756e+16 2.8261578634796496e+17 0.0 482422937950553.44 -2915691936019184.5 0.0 -148469287137315.88 252993181852971.12 0.0 -1373633643729309.5 3865888987483690.0 0.0 -3280218205510772.5 9406252862133450.0 0.0 -7364114237365122.0 2.1271007880996788e+16 0.0 -1.5339617796651032e+16 4.452021301107169e+16 0.0 -2.783583540489288e+16 8.115991574983646e+16 0.0 -4.220419183138189e+16 1.2375916070296051e+17 0.0 -5.203034800548634e+16 1.5370283922864755e+17 0.0 -5.124905270216705e+16 1.5273017551167946e+17 0.0 -5.441599284407138e+16 2.7207996422051837e+17 0.0 474312098057605.25 -2807112154388173.5 0.0 -136119141456891.83 243165044918374.44 0.0 -1310354454496099.8 3713462923649802.5 0.0 -3129531950833967.5 9018637373999612.0 0.0 -7029643942020735.0 2.038987478219422e+16 0.0 -1.4668206173351e+16 4.272735178521825e+16 0.0 -2.668435197193776e+16 7.804678626890568e+16 0.0 -4.057573486643004e+16 1.1927976134059051e+17 0.0 -5.0164427284015624e+16 1.484358291003206e+17 0.0 -4.950608770552833e+16 1.4763585690238902e+17 0.0 -5.2604660577752264e+16 2.6302330288896138e+17 0.0 467100342280513.75 -2712971382643055.0 0.0 -125757481061373.55 234998943460245.12 0.0 -1256373741879125.0 3582681611043862.0 0.0 -3000951114221285.0 8686385383718169.0 0.0 -6744083080553801.0 1.9634584158319924e+16 0.0 -1.4093948630816796e+16 4.118855050606805e+16 0.0 -2.569702729657744e+16 7.536973405838005e+16 0.0 -3.917559452698163e+16 1.1542027396979133e+17 0.0 -4.8556168138084504e+16 1.4389092245965712e+17 0.0 -4.80021345049679e+16 1.4323939058659054e+17 0.0 -5.104235735915593e+16 2.5521178679596493e+17 0.0 460709999399830.5 -2631230392047711.0 0.0 -117003095851458.5 228148530817966.3 0.0 -1210122403544772.8 3470074822137557.0 0.0 -2890766359408712.0 8400579765772469.0 0.0 -6499274966337777.0 1.8984901603148536e+16 0.0 -1.3600890765791382e+16 3.986343625111148e+16 0.0 -2.4847471283022604e+16 7.306060107669067e+16 0.0 -3.796793753671433e+16 1.120854516663805e+17 0.0 -4.7166026843263304e+16 1.3995860582865357e+17 0.0 -4.6700894508623784e+16 1.3943496449576573e+17 0.0 -4.969109733186358e+16 2.4845548665948784e+17 0.0 455070072674367.3 -2560174537897879.0 0.0 -109558334187153.3 222353953891005.62 0.0 -1170344853726144.2 3372838285260483.5 0.0 -2796006494229637.0 8154016553800070.0 0.0 -6288675609111272.0 1.8424466919406656e+16 0.0 -1.317618110830246e+16 3.871926538422011e+16 0.0 -2.411431240553736e+16 7.106388699761049e+16 0.0 -3.692357857666546e+16 1.0919743405470533e+17 0.0 -4.5961638663030136e+16 1.3654911777868026e+17 0.0 -4.5572616700827656e+16 1.3613589899763528e+17 0.0 -4.85198201692271e+16 2.4259910084624538e+17 0.0 450116687233860.9 -2498360823963235.5 0.0 -103188423223990.89 217417632864264.9 0.0 -1136028116651774.0 3288688916885060.0 0.0 -2714272445507365.0 7940833433744266.0 0.0 -6106993755837992.0 1.7939958177494382e+16 0.0 -1.2809390634599148e+16 3.772930063977316e+16 0.0 -2.348012274217801e+16 6.933410400854803e+16 0.0 -3.6018592115242276e+16 1.0669217353214142e+17 0.0 -4.49163500921003e+16 1.3358842903637482e+17 0.0 -4.4592763496373e+16 1.33270729728213e+17 0.0 -4.7502958148652264e+16 2.3751479074336285e+17 0.0 445793007210852.06 -2444573503177370.0 0.0 -97706434245960.31 213187350093999.38 0.0 -1106348846745985.0 3215755513502197.5 0.0 -2643613003011401.0 7756228795541543.0 0.0 -5949920800919532.0 1.7520458321513434e+16 0.0 -1.249199933752574e+16 3.687157605201544e+16 0.0 -2.2930601170636064e+16 6.783375376614403e+16 0.0 -3.5233250083333536e+16 1.0451669082403048e+17 0.0 -4.400809027053495e+16 1.3101515030290586e+17 0.0 -4.374098542206052e+16 1.3078020299186448e+17 0.0 -4.661934086072854e+16 2.3309670430386336e+17 0.0 442048954501689.44 -2397787159813571.5 0.0 -92962199813707.36 209544330994565.47 0.0 -1080633330441369.4 3152495460232978.5 0.0 -2582430879027346.0 7596247339842110.0 0.0 -5813926130774170.0 1.715697100665328e+16 0.0 -1.2217005189653924e+16 3.612794908612814e+16 0.0 -2.2453947156730892e+16 6.6531767590818616e+16 0.0 -3.4551201929832624e+16 1.0262695062306011e+17 0.0 -4.32184954312097e+16 1.2877813428213792e+17 0.0 -4.300032606445019e+16 1.2861495134142821e+17 0.0 -4.585135058922856e+16 2.292567529463601e+17 0.0 438840865974603.9 -2357136147980313.5 0.0 -88833639236912.16 206394628753668.75 0.0 -1058327000344093.8 3097630713929708.0 0.0 -2529411030212537.5 7457615110071845.0 0.0 -5696100657024798.0 1.6842047513185408e+16 0.0 -1.1978623772163246e+16 3.548336753913408e+16 0.0 -2.2040376785491612e+16 6.540229484268812e+16 0.0 -3.3958836960724028e+16 1.0098620519538827e+17 0.0 -4.253222470066688e+16 1.268346022845925e+17 0.0 -4.235660089946184e+16 1.2673368124984779e+17 0.0 -4.5184265669264504e+16 2.2592132834656954e+17 0.0 436130854873847.25 -2321887893095180.5 0.0 -85214926537002.22 203661162078055.53 0.0 -1038970872150317.6 3050097823728186.5 0.0 -2483465512253171.5 7337611605099983.0 0.0 -5594036223913859.0 1.6569497150035384e+16 0.0 -1.1772055769314238e+16 3.492529856306737e+16 0.0 -2.1681746011661708e+16 6.442375537746324e+16 0.0 -3.3444785044412176e+16 9.956369426706573e+16 0.0 -4.193642192008992e+16 1.2514867078820378e+17 0.0 -4.1797908658850584e+16 1.2510175000009947e+17 0.0 -4.460574619897056e+16 2.23028730994954e+17 0.0 433882289155626.6 -2291401095900381.0 0.0 -82032254150647.52 201286080072537.22 0.0 -1022174838715523.6 3009001439760597.5 0.0 -2443690738781523.0 7233969971170154.0 0.0 -5505731994270604.0 1.6334160993264866e+16 0.0 -1.1593305759385936e+16 3.4443281163672188e+16 0.0 -2.1371255494790964e+16 6.357809405195314e+16 0.0 -3.299952329288352e+16 9.833361853406963e+16 0.0 -4.142028984666406e+16 1.2369018565451126e+17 0.0 -4.1314244624430216e+16 1.2369004116020832e+17 0.0 -4.410542858954313e+16 2.2052714294792176e+17 0.0 432074747470318.5 -2265184824930737.5 0.0 -79225911629213.47 199228862343897.12 0.0 -1007618345042057.5 2973606814832080.0 0.0 -2409331901488030.0 7144791958337348.0 0.0 -5429521308390165.0 1.6131734103726678e+16 0.0 -1.1439040116124932e+16 3.4028573564073924e+16 0.0 -2.1103218014493372e+16 6.285019114887479e+16 0.0 -3.261506455951758e+16 9.72743251279514e+16 0.0 -4.0974751570751704e+16 1.2243379509663754e+17 0.0 -4.089719300922844e+16 1.2247407124139989e+17 0.0 -4.367460412644232e+16 2.1837302063232966e+17 0.0 430687029895247.94 -2242800713348199.5 0.0 -76732521268906.5 197451534429358.97 0.0 -995057263213098.1 2943302139208737.0 0.0 -2379759519050145.5 7068494281348443.0 0.0 -5364014222958016.0 1.595862519635535e+16 0.0 -1.1306475006405804e+16 3.3673874127253148e+16 0.0 -2.0872874326510616e+16 6.222739420471714e+16 0.0 -3.2284709652773264e+16 9.63676586915312e+16 0.0 -4.059218022097474e+16 1.2135820957528272e+17 0.0 -4.053968125947841e+16 1.2143327703609706e+17 0.0 -4.3305963004943e+16 2.1652981502496605e+17 0.0 429703072432055.5 -2223881961703593.8 0.0 -74498812945975.7 195905829015926.9 0.0 -984274579096110.8 2917573371674948.0 0.0 -2354455020779635.0 7003778363037543.0 0.0 -5308052167963089.0 1.5811845508749834e+16 0.0 -1.1193287752887326e+16 3.3373099822429316e+16 0.0 -2.067624685712256e+16 6.169914521266354e+16 0.0 -3.200284967175922e+16 9.559844305284205e+16 0.0 -4.026618262892966e+16 1.2044560945455293e+17 0.0 -4.023578327374971e+16 1.2055044557595493e+17 0.0 -4.299338991165696e+16 2.1496694955860938e+17 0.0 429111838491749.75 -2208124061088652.2 0.0 -72483543781985.5 194564169216641.53 0.0 -975069798123682.5 2895987724880693.5 0.0 -2332982651648553.5 6949556259302975.0 0.0 -5260672053512395.0 1.5688920662588234e+16 0.0 -1.1097546496951486e+16 3.312121015074622e+16 0.0 -2.051002318203159e+16 6.125668342724565e+16 0.0 -3.1764807984332844e+16 9.495406683824016e+16 0.0 -3.999142512352957e+16 1.19681170401521e+17 0.0 -3.998056157433425e+16 1.1981125783566656e+17 0.0 -4.273180060085242e+16 2.1365900300443462e+17 0.0 428907273567325.2 -2195277298484877.8 0.0 -70613546607732.27 193391016598110.75 0.0 -967288649590684.0 2878193615789132.0 0.0 -2314981612558878.5 6904935201918537.0 0.0 -5221077816547340.0 1.5587820827372994e+16 0.0 -1.1017654328442816e+16 3.2914067370756668e+16 0.0 -2.037146319449996e+16 6.089280884522291e+16 0.0 -3.1566714080960456e+16 9.442415357473325e+16 0.0 -3.976349523288323e+16 1.1905268453094429e+17 0.0 -3.976994096789438e+16 1.1920392345158686e+17 0.0 -4.251701140036041e+16 2.125850570018838e+17 0.0 429059898901850.0 -2184998618222091.2 0.0 -68874315836924.63 192372412947882.3 0.0 -960791044206256.1 2863868633192719.0 0.0 -2300155805463735.5 6869193376055290.0 0.0 -5188617900220734.0 1.550690564884998e+16 0.0 -1.0952305000899564e+16 3.274832609966764e+16 0.0 -2.0258325366202228e+16 6.060169502985941e+16 0.0 -3.1405402673929468e+16 9.400029865643734e+16 0.0 -3.957879135752052e+16 1.1855025904399858e+17 0.0 -3.960060838406283e+16 1.1871889179048322e+17 0.0 -4.234563583310896e+16 2.1172817916565427e+17 0.0 429586518415936.1 -2177194966816941.5 0.0 -67313958606298.43 191517604650354.56 0.0 -955478284059788.9 2852804237541956.5 0.0 -2288265745130165.0 6841761007491518.0 0.0 -5162767519494798.0 1.5444881252685464e+16 0.0 -1.090044803267925e+16 3.2621347008097876e+16 0.0 -2.0168808552617236e+16 6.037874252853403e+16 0.0 -3.1278334307272708e+16 9.367586370000792e+16 0.0 -3.943443439707788e+16 1.1816607915071074e+17 0.0 -3.946993349451873e+16 1.1834862428385512e+17 0.0 -4.221500346122764e+16 2.1107501730629053e+17 0.0 430525404197285.5 -2171894741504844.5 0.0 -65890076046334.31 190807511511154.47 0.0 -951279289064677.1 2844867012377142.5 0.0 -2279122238138132.0 6822205869962368.0 0.0 -5143114842885852.0 1.540076730917631e+16 0.0 -1.0861261520217784e+16 3.2531130647305828e+16 0.0 -2.0101506610984532e+16 6.022046626442646e+16 0.0 -3.1183533477069332e+16 9.344581837068323e+16 0.0 -3.932819978791559e+16 1.17894225943831e+17 0.0 -3.937590747333344e+16 1.1808741945990286e+17 0.0 -4.212309755420676e+16 2.1061548777112582e+17 0.0 431890739690519.44 -2169016044647207.2 0.0 -64541195254128.695 190218024252665.88 0.0 -948128276857305.0 2839933923281967.0 0.0 -2272581525571334.5 6810222551056791.0 0.0 -5129350436174088.0 1.537387266354833e+16 0.0 -1.0834131409241548e+16 3.2476268464546264e+16 0.0 -2.0055373831011468e+16 6.012441209647773e+16 0.0 -3.1119541537179736e+16 9.330662303492662e+16 0.0 -3.925846610975732e+16 1.1773054132608826e+17 0.0 -3.9317097273643384e+16 1.1793128343673808e+17 0.0 -4.206850901934657e+16 2.1034254509691408e+17 0.0 -2381697209029.3623 -3035920260759948.5 0.0 -73493652302069.7 217088218761629.22 0.0 -1082699268551246.6 3243664051345040.0 0.0 -2595295123623021.5 7778392359392831.0 0.0 -5857912273188354.0 1.7559612807642006e+16 0.0 -1.237345069445789e+16 3.709432628336425e+16 0.0 -2.2905925234317988e+16 6.867622402122734e+16 0.0 -3.5544654294097852e+16 1.0658215486604534e+17 0.0 -4.48435940499166e+16 1.344860890485738e+17 0.0 -4.491296449581537e+16 1.347189562623344e+17 0.0 -7.358820828284614e+16 2.2076462484895277e+17 0.0
    </DataArray>
    <DataArray type="Float32" Name="Ion drift flux Density [Am^-2]" NumberOfComponents="3" format="ascii">
-1.2222131673295992e+29 1.3067278755844915e+30 0.0 8.901575768520463e+28 9.77780225911544e+29 0.0 2.1297212004387594e+29 1.710349683276293e+30 0.0 3.488947806541199e+29 2.393556628155465e+30 0.0 4.921509085340891e+29 3.069364384138031e+30 0.0 6.524121459767452e+29 3.776719373244112e+30 0.0 8.630364522292552e+29 4.5762257283635625e+30 0.0 1.2383970214170354e+30 5.659408058516046e+30 0.0 2.0606093185430972e+30 7.475644826631956e+30 0.0 2.5316611917616362e+30 7.682498764257066e+30 0.0 2.2056608135668372e+30 6.616982440701122e+30 0.0 7.09938442409466e+28 6.889940171085966e+29 0.0 5.295098527399898e+28 6.401343982191902e+29 0.0 1.2953033576191502e+29 1.1508427681225299e+30 0.0 2.1527148962520907e+29 1.6465609220711243e+30 0.0 3.110320337301466e+29 2.1541112346625584e+30 0.0 4.247142607176938e+29 2.693353801404748e+30 0.0 5.848783369114605e+29 3.307730098619866e+30 0.0 8.882211099012025e+29 4.150153530227627e+30 0.0 1.539767553619283e+30 5.528398651152889e+30 0.0 1.8742434685149455e+30 5.625395745817814e+30 0.0 1.1219971449722826e+30 5.609985724861851e+30 0.0 1.04332752265267e+28 3.33331791150659e+29 0.0 -3.6384316476893314e+28 3.0578494106683993e+29 0.0 -5.858732457621672e+28 5.929651824879822e+29 0.0 -7.390892658500413e+28 8.842015663313919e+29 0.0 -7.515731938492641e+28 1.2047463298011704e+30 0.0 -4.961960556782017e+28 1.5615355337057084e+30 0.0 4.077004870820153e+28 1.9842023196438492e+30 0.0 3.027016418626237e+29 2.5834097850822934e+30 0.0 8.774271309436908e+29 3.467330866874205e+30 0.0 1.182756765153836e+30 3.424260320356188e+30 0.0 8.068122653362113e+29 4.0340613266812846e+30 0.0 2.5224986237222075e+27 1.3604968449492374e+29 0.0 -1.8924210450232806e+28 1.1320477182891179e+29 0.0 -5.183783160784214e+28 2.4418132378251384e+29 0.0 -9.19026664579443e+28 3.831799502487033e+29 0.0 -1.266450167312691e+29 5.4425173665544874e+29 0.0 -1.340265606317346e+29 7.34751694383865e+29 0.0 -7.195598493216419e+28 9.76636031060459e+29 0.0 1.3353690130624717e+29 1.3226705788848118e+30 0.0 4.887925010707577e+29 1.7272631305429458e+30 0.0 6.2579961736658055e+29 1.6732409319888187e+30 0.0 4.919209012858226e+29 2.4596045064292525e+30 0.0 2.948399235591529e+27 6.01833602953088e+28 0.0 -3.6613327922858035e+27 4.1092266871182435e+28 0.0 -1.5001814255679454e+28 8.843142373186851e+28 0.0 -3.116086043259685e+28 1.42425272830954e+29 0.0 -4.523312270237965e+28 2.0989903864252205e+29 0.0 -4.161004086168004e+28 2.985621828064517e+29 0.0 6.59986055965922e+27 4.180274494069245e+29 0.0 1.2177532968817989e+29 5.7616556622848645e+29 0.0 2.634980719583766e+29 7.256274954212543e+29 0.0 3.062105952118954e+29 7.473536667667911e+29 0.0 2.701063754094285e+29 1.350531877047218e+30 0.0 2.4185809547343517e+27 3.095122355193737e+28 0.0 3.848760565078482e+26 1.8617890012417866e+28 0.0 -6.671902284265884e+26 3.7432515998480452e+28 0.0 -1.1046907111571805e+27 5.843805362170593e+28 0.0 2.3271552031872803e+27 8.25179396961087e+28 0.0 1.472417902992702e+28 1.162324730742673e+29 0.0 4.285519488326682e+28 1.65140217910374e+29 0.0 8.815800083356288e+28 2.300640000984053e+29 0.0 1.3528429374341894e+29 2.9936985325618007e+29 0.0 1.4955641357579095e+29 3.411438264882549e+29 0.0 1.4171166226867512e+29 7.085583113434019e+29 0.0 1.6295370296036203e+27 1.7833734240115718e+28 0.0 1.0426119349190831e+27 1.0167466422231298e+28 0.0 2.2873900318767656e+27 1.9797206299835722e+28 0.0 5.352187399470341e+27 3.1645935513385117e+28 0.0 1.164350700618941e+28 4.4527344494947876e+28 0.0 2.214811574572148e+28 6.031811127062012e+28 0.0 3.740818568925339e+28 8.185297243104687e+28 0.0 5.61564360782908e+28 1.1034274226595528e+29 0.0 7.262692854175387e+28 1.4236282958814287e+29 0.0 7.563712889403403e+28 1.6693782741192703e+29 0.0 7.4395301688608056e+28 3.719765084430521e+29 0.0 1.0579995212153792e+27 1.1032579498620364e+28 0.0 9.057336917160837e+26 6.111663067143303e+27 0.0 2.185622753405651e+27 1.1635644949430743e+28 0.0 4.98655904984778e+27 1.9239830037351523e+28 0.0 1.0098701065180296e+28 2.8130204749211783e+28 0.0 1.7582138634501984e+28 3.8250756006778545e+28 0.0 2.659098589443305e+28 5.011568843455448e+28 0.0 3.530560515482899e+28 6.3601415031019725e+28 0.0 4.078165237645835e+28 7.698962924873096e+28 0.0 3.997184542371959e+28 8.780942826871018e+28 0.0 4.018478506375217e+28 2.009239253187716e+29 0.0 6.772762393357543e+26 7.07516476467402e+27 0.0 6.358678164697932e+26 3.837170657901544e+27 0.0 1.5320776359242215e+27 7.143351033057905e+27 0.0 3.4181208582451783e+27 1.2022980735302875e+28 0.0 6.757611657975736e+27 1.8085216913909104e+28 0.0 1.150964515305115e+28 2.486072571293216e+28 0.0 1.685629590762028e+28 3.1982724307892606e+28 0.0 2.134847711171954e+28 3.8897216697331916e+28 0.0 2.3358997044168616e+28 4.469680874463078e+28 0.0 2.2156538111084267e+28 4.935258694527443e+28 0.0 2.264145783578619e+28 1.1320728917893636e+29 0.0 4.1569606436622345e+26 4.578439943815046e+27 0.0 3.9716251030782326e+26 2.4418588538613325e+27 0.0 9.524414974808135e+26 4.465613253795836e+27 0.0 2.1007729641905874e+27 7.592885793799849e+27 0.0 4.109393234337244e+27 1.164876753262905e+28 0.0 6.955438463768864e+27 1.6176655499793435e+28 0.0 1.011420329662702e+28 2.063823897451509e+28 0.0 1.2647371178423954e+28 2.447242973017601e+28 0.0 1.363613185161735e+28 2.7250395030715035e+28 0.0 1.2881030444658129e+28 2.946186552829347e+28 0.0 1.3392074874884613e+28 6.69603743744277e+28 0.0 2.2781718007199433e+26 2.921703193172352e+27 0.0 2.2025273714868574e+26 1.5457938681406073e+27 0.0 5.4939012250684575e+26 2.8071433935310076e+27 0.0 1.225004563411681e+27 4.822745894850758e+27 0.0 2.4044242300522635e+27 7.539897323449454e+27 0.0 4.093270401698149e+27 1.0627331981068465e+28 0.0 5.99698319069868e+27 1.3590371329041817e+28 0.0 7.561557337383125e+27 1.5963189601010784e+28 0.0 8.252205502558312e+27 1.7554615244720526e+28 0.0 7.859221077832412e+27 1.8641419368358662e+28 0.0 8.342178869569927e+27 4.171089434785383e+28 0.0 8.890765950309955e+25 1.7899885608341208e+27 0.0 1.02379927362002e+26 9.63020601908149e+26 0.0 2.9891035218888877e+26 1.756861877362264e+27 0.0 6.95537263965182e+26 3.064806479306236e+27 0.0 1.3935665029915648e+27 4.9166246564142015e+27 0.0 2.4203657825332005e+27 7.112361024643997e+27 0.0 3.6276716350067945e+27 9.270638976281356e+27 0.0 4.7004719810427757e+27 1.0999935591894143e+28 0.0 5.24918685367121e+27 1.2055980981567306e+28 0.0 5.030873355996983e+27 1.2484160787806424e+28 0.0 5.483017465637872e+27 2.7415087328192533e+28 0.0 -2.0366415144233166e+25 1.0078086669418987e+27 0.0 3.6638437650235873e+25 5.774141147226247e+26 0.0 1.6096168251388795e+26 1.0864454325972732e+27 0.0 3.979083507644656e+26 1.9502807171752012e+27 0.0 8.225949580441947e+26 3.253454308720316e+27 0.0 1.485946905363259e+27 4.935784418585891e+27 0.0 2.288595026979877e+27 6.635832654728878e+27 0.0 3.066916089784802e+27 8.037686668880589e+27 0.0 3.490735399592451e+27 8.74519736958285e+27 0.0 3.374777649025185e+27 8.825264698979165e+27 0.0 3.8067467358933397e+27 1.9033733679468707e+28 0.0 2.1107699278081908e+24 5.015393691463141e+26 0.0 2.4726621722677157e+25 2.6934038196471852e+26 0.0 7.525154220846272e+25 4.892836477382975e+26 0.0 1.9874900086841738e+26 1.0118172656578547e+27 0.0 4.759178736130555e+26 2.0522230886675739e+27 0.0 1.0175610732601703e+27 3.820254944398224e+27 0.0 1.4992782478543638e+27 4.961113257755194e+27 0.0 2.0852337819129616e+27 6.167951291774477e+27 0.0 2.4469276997812714e+27 6.700379128807172e+27 0.0 2.3760981313755355e+27 6.579836510766607e+27 0.0 2.789680361802867e+27 1.3948401809015675e+28 0.0 2.5202959670125535e+25 2.944602473596881e+26 0.0 2.2573332717833264e+25 1.4306310981833786e+26 0.0 4.4654117983108626e+25 2.4236007946262514e+26 0.0 9.992646719855488e+25 4.8146060068254765e+26 0.0 2.2432985721290148e+26 9.855451777940696e+26 0.0 4.674971357521486e+26 1.8929711567274867e+27 0.0 8.793041007682325e+26 3.2372943770191386e+27 0.0 1.4399008400060285e+27 4.8337328521203406e+27 0.0 1.9428331742110938e+27 6.020628730820234e+27 0.0 1.7400352322689073e+27 5.164939205648911e+27 0.0 2.1544787701516358e+27 1.0772393850759606e+28 0.0 2.7042741566398297e+25 2.0023279861034294e+26 0.0 1.9088580061086217e+25 8.935769219505205e+25 0.0 3.118493147617937e+25 1.4254975881615264e+26 0.0 6.324514638330316e+25 2.766206327804097e+26 0.0 1.3717889052847594e+26 5.7261191917430274e+26 0.0 2.8597737447811613e+26 1.1387949888052904e+27 0.0 5.381095598203457e+26 2.035920190458748e+27 0.0 8.617047694479994e+26 3.098764889987356e+27 0.0 1.1407748184378632e+27 3.8911113457546485e+27 0.0 1.333803775506955e+27 4.177352359076368e+27 0.0 1.7630105546370337e+27 8.815052773186793e+27 0.0 2.4753600364646077e+25 1.5206900091264555e+26 0.0 1.6546185053412955e+25 6.558319710556981e+25 0.0 2.5189735122465655e+25 1.0164775814160334e+26 0.0 4.893976180866403e+25 1.9568654561883296e+26 0.0 1.0419790356659878e+26 4.076306804407408e+26 0.0 2.1896153531274973e+26 8.322988653958044e+26 0.0 4.1811405753376466e+26 1.535251141739231e+27 0.0 6.850896040090663e+26 2.4162950837111307e+27 0.0 9.380853549725409e+26 3.1503693474963177e+27 0.0 1.1087706361888934e+27 3.499812238976973e+27 0.0 1.4851485981025768e+27 7.425742990514065e+27 0.0 2.166873899395985e+25 1.2328221799020359e+26 0.0 1.4476601140176152e+25 5.240476976073595e+25 0.0 2.173381417027794e+25 8.074214144689578e+25 0.0 4.176901954592652e+25 1.5586901197957732e+26 0.0 8.780834330644234e+25 3.2473071514495995e+26 0.0 1.8408600511308137e+26 6.687289787153923e+26 0.0 3.541680595596828e+26 1.2549351817315604e+27 0.0 5.8686279472669564e+26 2.0143022749676074e+27 0.0 8.107017226294098e+26 2.6736266315843823e+27 0.0 9.538439248167326e+26 2.9992159901071955e+27 0.0 1.2755829547741193e+27 6.377914773871457e+27 0.0 1.8864858708614956e+25 1.0385492059889095e+26 0.0 1.2677308401898478e+25 4.3622054479495585e+25 0.0 1.9049105860877136e+25 6.7066320814332835e+25 0.0 3.6460420840286036e+25 1.2943226513685254e+26 0.0 7.6231265967346765e+25 2.698487018422987e+26 0.0 1.596664307928756e+26 5.589264458192351e+26 0.0 3.082373751899619e+26 1.0597780394867066e+27 0.0 5.134715714043513e+26 1.7226089427522733e+27 0.0 7.11728249523829e+26 2.3132195649160025e+27 0.0 8.356529820075194e+26 2.6130215140101964e+27 0.0 1.113345443001167e+27 5.56672721500656e+27 0.0 1.6573507204249507e+25 8.974723880008342e+25 0.0 1.115887332147776e+25 3.7258661159869417e+25 0.0 1.6792115936206792e+25 5.706055019778472e+25 0.0 3.2102238291864415e+25 1.0996747502459801e+26 0.0 6.694108455158356e+25 2.292578205160616e+26 0.0 1.4030492507810199e+26 4.771025570275171e+26 0.0 2.7183419705850458e+26 9.123288442025292e+26 0.0 4.5489501064870064e+26 1.4980975961460055e+27 0.0 6.32525531745962e+26 2.0310708808177198e+27 0.0 7.424090582628683e+26 2.3088731733770456e+27 0.0 9.855371988004669e+26 4.927685994002764e+27 0.0 1.4729647180914892e+25 7.899514062201285e+25 0.0 9.905486418644876e+24 3.2445007029263014e+25 0.0 1.4912760749580411e+25 4.946465499527093e+25 0.0 2.8498454382382237e+25 9.514497085075246e+25 0.0 5.934384238309002e+25 1.9824393527303902e+26 0.0 1.2454419258251756e+26 4.140656748500376e+26 0.0 2.4222600556480135e+26 7.974950699240207e+26 0.0 4.072935796186894e+26 1.321285850243739e+27 0.0 5.6837304477240866e+26 1.8065656456562806e+27 0.0 6.67557185861969e+26 2.065859801530982e+27 0.0 8.834009204939847e+26 4.4170046024708647e+27 0.0 1.3244259691694445e+25 7.054432201795097e+25 0.0 8.879328171376755e+24 2.870131573927033e+25 0.0 1.3361734189421866e+25 4.356672614730596e+25 0.0 2.5523412152728196e+25 8.361870617467868e+25 0.0 5.309796176210689e+25 1.740637826806628e+26 0.0 1.1161075692984446e+26 3.6460814112513767e+26 0.0 2.179234258735142e+26 7.065894765108463e+26 0.0 3.68214820491578e+26 1.179940622498837e+27 0.0 5.1586699700377764e+26 1.6256841802336202e+27 0.0 6.066749845363468e+26 1.8693261881418128e+27 0.0 8.007766237946403e+26 4.0038831189742475e+27 0.0 1.2036521228957197e+25 6.375825629733247e+25 0.0 8.038973422183642e+24 2.5731013150723103e+25 0.0 1.2085179116917978e+25 3.890753183562182e+25 0.0 2.3068796874259813e+25 7.451069792445914e+25 0.0 4.795111429135043e+25 1.5492930646185334e+26 0.0 1.0094890921127177e+26 3.252679455317998e+26 0.0 1.9785502485520506e+26 6.337178086458536e+26 0.0 3.358972960485182e+26 1.0656478493972141e+27 0.0 4.725052985386448e+26 1.4783999421241743e+27 0.0 5.566174781230007e+26 1.7087013062161038e+27 0.0 7.332282608089932e+26 3.6661413040457367e+27 0.0 1.1045414134177129e+25 5.822395044070111e+25 0.0 7.348027248420782e+24 2.3337700638341167e+25 0.0 1.103292506492853e+25 3.5173790801203897e+25 0.0 2.104054445157818e+25 6.721737937272525e+25 0.0 4.369730513637516e+25 1.3959511279973605e+26 0.0 9.212240777259572e+25 2.9360567459406995e+26 0.0 1.811958819588246e+26 5.746705597385724e+26 0.0 3.0900567449358445e+26 9.723251153416772e+26 0.0 4.3642198652432844e+26 1.3573636219663503e+27 0.0 5.150898834130292e+26 1.5762182328928238e+27 0.0 6.774953435770167e+26 3.387476717885832e+27 0.0 1.022647997818212e+25 5.365834010096455e+25 0.0 6.776844116749468e+24 2.138513128133905e+25 0.0 1.0162136006887197e+25 3.2144677520751195e+25 0.0 1.9358801105956534e+25 6.130835739794756e+25 0.0 4.016763230810383e+25 1.2716779946361718e+26 0.0 8.47824168488788e+25 2.678550714495068e+26 0.0 1.6729756085826784e+26 5.2636526728568075e+26 0.0 2.865042678519642e+26 8.954615074243877e+26 0.0 4.0619891525431825e+26 1.2570843911580483e+27 0.0 4.803776524693326e+26 1.466067247171181e+27 0.0 6.311383025231925e+26 3.155691512616144e+27 0.0 -3.5676463699158685e+23 3.5009353213859205e+25 0.0 -2.903720124242785e+23 1.7674220123227284e+25 0.0 -4.492798563066207e+23 2.6514723915529196e+25 0.0 -8.656990877967653e+23 5.048478436465331e+25 0.0 -1.773013838350095e+24 1.0458625585595104e+26 0.0 -3.5885828950281676e+24 2.2049813051332794e+26 0.0 -6.522791015701365e+24 4.346241860024999e+26 0.0 -9.639872805058817e+24 7.424719430711617e+26 0.0 -1.039261961523048e+25 1.0464824814079787e+27 0.0 -6.770905194694343e+24 1.2234414724762047e+27 0.0 0.0 4.14612323674748e+27 0.0 -9.752189044174691e+24 4.693390638411938e+25 0.0 -6.448166824514922e+24 1.861698324541464e+25 0.0 -9.664339286479131e+24 2.7882276507017056e+25 0.0 -1.8374062855069091e+25 5.300333881424038e+25 0.0 -3.7993535949571473e+25 1.096694272327694e+26 0.0 -8.003283295788067e+25 2.3138907201614438e+26 0.0 -1.5773068464904142e+26 4.573263815202015e+26 0.0 -2.6926279115557527e+26 7.842275456125463e+26 0.0 -3.7834253404680275e+26 1.1094811684523966e+27 0.0 -4.390049689217199e+26 1.3002922548566414e+27 0.0 -5.5956259725450274e+26 2.7978129862731266e+27 0.0 -9.153766911754499e+24 4.4203909597999925e+25 0.0 -6.02790961064518e+24 1.7470833161934251e+25 0.0 -9.015333251115503e+24 2.6120413035351568e+25 0.0 -1.7110683216476576e+25 4.9581475500732475e+25 0.0 -3.53401573784037e+25 1.0247985418124789e+26 0.0 -7.451067938137414e+25 2.1639415659439285e+26 0.0 -1.4729343047256729e+26 4.2885793736844154e+26 0.0 -2.5257913443876567e+26 7.383237095002264e+26 0.0 -3.567100694276889e+26 1.0489796064010819e+27 0.0 -4.158757971940126e+26 1.2337263845232255e+27 0.0 -5.3180334844181206e+26 2.6590167422096276e+27 0.0 -8.645953057868375e+24 4.18852759519967e+25 0.0 -5.676573514819994e+24 1.6509760541320502e+25 0.0 -8.473344639653377e+24 2.4641754230709273e+25 0.0 -1.6058851573357113e+25 4.671509255424453e+25 0.0 -3.3134006281180315e+25 9.646170326815795e+25 0.0 -6.991294099577915e+25 2.0382331460069976e+26 0.0 -1.3857162226790994e+26 4.0491134237826805e+26 0.0 -2.3856719736134895e+26 6.995444652550272e+26 0.0 -3.384418587771246e+26 9.97651646716164e+26 0.0 -3.962437488761456e+26 1.177074806458933e+27 0.0 -5.081491182485782e+26 2.540745591243791e+27 0.0 -8.212947316484822e+24 3.990648918002207e+25 0.0 -5.379215902211565e+24 1.56941284350106e+25 0.0 -8.017271373412338e+24 2.3392560384253254e+25 0.0 -1.5176119051707887e+25 4.429769149258906e+25 0.0 -3.128490869901064e+25 9.138999650477507e+25 0.0 -6.605554770149729e+25 1.9321733661440076e+26 0.0 -1.3123119796812988e+26 3.8464780961427294e+26 0.0 -2.267234605375567e+26 6.666061682300611e+26 0.0 -3.229269664811721e+26 9.538919121688449e+26 0.0 -3.794965791023119e+26 1.1286402137745382e+27 0.0 -4.879030418211074e+26 2.4395152091057027e+27 0.0 -7.842181553857289e+24 3.8210645773807807e+25 0.0 -5.126142048888025e+24 1.4998397503828405e+25 0.0 -7.630989981798488e+24 2.23311499131448e+25 0.0 -1.443019373341637e+25 4.224684782858065e+25 0.0 -2.9724265599262076e+25 8.709051117597096e+25 0.0 -6.279736586350851e+25 1.8421775162561453e+26 0.0 -1.2501470636451535e+26 3.6741025621305275e+26 0.0 -2.1665583756597066e+26 6.384947513364796e+26 0.0 -3.09684398609635e+26 9.164221980673026e+26 0.0 -3.651473505654004e+26 1.0870639121425802e+27 0.0 -4.7050627733119495e+26 2.3525313866569617e+27 0.0 -7.523548476071956e+24 3.675200723529173e+25 0.0 -4.909731786073137e+24 1.4402336531336541e+25 0.0 -7.30199680024773e+24 2.1424815201707625e+25 0.0 -1.3796150583131593e+25 4.049803761762666e+25 0.0 -2.8399165538602134e+25 8.342684513811237e+25 0.0 -6.002913696336177e+25 1.7654288862910056e+26 0.0 -1.197214341919465e+26 3.526790631187907e+26 0.0 -2.0805586245105958e+26 6.144021716078252e+26 0.0 -2.983320003113265e+26 8.842165894444889e+26 0.0 -3.528055576188072e+26 1.0512497430040743e+27 0.0 -4.555071425024455e+26 2.2775357125134505e+27 0.0 -7.248849350146167e+24 3.549349843038288e+25 0.0 -4.7239227132259924e+24 1.3889757347881138e+25 0.0 -7.020468356341094e+24 2.06476193977575e+25 0.0 -1.3254499190225322e+25 3.900022129881353e+25 0.0 -2.7268283487833535e+25 8.029112574088616e+25 0.0 -5.7665429807665294e+25 1.6996973625271062e+26 0.0 -1.1519321755118892e+26 3.400396931350879e+26 0.0 -2.006785049433612e+26 5.936793450944517e+26 0.0 -2.8856351842109356e+26 8.564454854640585e+26 0.0 -3.421555773120968e+26 1.0203069663109169e+27 0.0 -4.425379297071059e+26 2.212689648536665e+27 0.0 -7.011386071231985e+24 3.4404849191350578e+25 0.0 -4.563842684342526e+24 1.3447592622792611e+25 0.0 -6.77859849553625e+24 1.9978799000546724e+25 0.0 -1.2789821092976404e+25 3.7712640701419566e+25 0.0 -2.629897634977639e+25 7.759724953791133e+25 0.0 -5.563861033192048e+25 1.6431982320644316e+26 0.0 -1.1130418585001283e+26 3.2915874189038394e+26 0.0 -1.9432737081063218e+26 5.75800957859227e+26 0.0 -2.801315335135957e+26 8.324333455734202e+26 0.0 -3.329404391618623e+26 9.935069177803025e+26 0.0 -4.312973127483656e+26 2.1564865637428704e+27 0.0 -6.805653117916508e+24 3.346118940298916e+25 0.0 -4.4255420606395996e+24 1.3065212210703619e+25 0.0 -6.570121751356481e+24 1.940158946266635e+25 0.0 -1.2389792312183423e+25 3.660246589496917e+25 0.0 -2.54651942125788e+25 7.527590478280886e+25 0.0 -5.389460893541019e+25 1.5944916715564152e+26 0.0 -1.0795325624619095e+26 3.1976604053933245e+26 0.0 -1.8884373956682806e+26 5.6033891695839706e+26 0.0 -2.7283465668957676e+26 8.116265433338365e+26 0.0 -3.2494951402942544e+26 9.702498743577745e+26 0.0 -4.215368730049174e+26 2.1076843650252611e+27 0.0 -6.627101150150924e+24 3.2641972526185054e+25 0.0 -4.3057949362320076e+24 1.2733909249965807e+25 0.0 -6.389964852842575e+24 1.8902351098681382e+25 0.0 -1.204447141739828e+25 3.56430463702321e+25 0.0 -2.4745957377887966e+25 7.3270866632293145e+25 0.0 -5.2389817633505575e+25 1.5524075459721443e+26 0.0 -1.0505858100665784e+26 3.116411589504292e+26 0.0 -1.8409836562165745e+26 5.469421504037305e+26 0.0 -2.6650784338938864e+26 7.935687119211658e+26 0.0 -3.180090986053353e+26 9.500395067720292e+26 0.0 -4.130506957289465e+26 2.0652534786453572e+27 0.0 -6.47195340040397e+24 3.193014192619655e+25 0.0 -4.201949320951559e+24 1.2446509335088664e+25 0.0 -6.233988129595764e+24 1.8469911191054242e+25 0.0 -1.1745773706122022e+25 3.481259738298495e+25 0.0 -2.4124231457772303e+25 7.153621156497947e+25 0.0 -5.108878811950174e+25 1.5159886105749787e+26 0.0 -1.025533960210269e+26 3.0460313924167727e+26 0.0 -1.799852884842007e+26 5.353211154686222e+26 0.0 -2.6101500348256785e+26 7.778816919016467e+26 0.0 -3.119751585091945e+26 9.324630358237717e+26 0.0 -4.056672768072929e+26 2.0283363840378225e+27 0.0 -6.337061755082922e+24 3.1311479598559007e+25 0.0 -4.1118127688738323e+24 1.2197070191297506e+25 0.0 -6.098791105145927e+24 1.8095063756877693e+25 0.0 -1.148707788903966e+25 3.4093203396534642e+25 0.0 -2.3586086490657157e+25 7.003420311813392e+25 0.0 -4.9962504945383754e+25 1.4844472329020693e+26 0.0 -1.0038288564959417e+26 2.9850262316185685e+26 0.0 -1.764171177068891e+26 5.252358297676397e+26 0.0 -2.5624331800450907e+26 7.642507064496762e+26 0.0 -3.067276940524669e+26 9.171757146629865e+26 0.0 -3.992431836431773e+26 1.9962159182172235e+27 0.0 -6.219793127225987e+24 3.0774093688940737e+25 0.0 -4.0335641533619155e+24 1.198064889863386e+25 0.0 -5.981564661471496e+24 1.777018569809334e+25 0.0 -1.126292850098752e+25 3.347005520319557e+25 0.0 -2.3120061422635366e+25 6.873367311204783e+25 0.0 -4.898707674840415e+25 1.4571321456080371e+26 0.0 -9.850179272978762e+25 2.9321576948879054e+26 0.0 -1.7332141061238583e+26 5.1648655997493734e+26 0.0 -2.5209883503687203e+26 7.524127517818524e+26 0.0 -3.0216633559558444e+26 9.038886182843615e+26 0.0 -3.9365805881509426e+26 1.968290294076993e+27 0.0 -6.117939217705718e+24 3.0308012771206533e+25 0.0 -3.965685908327882e+24 1.1793122790395443e+25 0.0 -5.879977474533643e+24 1.7488939815787795e+25 0.0 -1.1068808420864675e+25 3.293086112642714e+25 0.0 -2.2716678993175454e+25 6.7608772374361355e+25 0.0 -4.814273494308757e+25 1.4335027134418916e+26 0.0 -9.687258074363336e+25 2.8863952186463954e+26 0.0 -1.7063786746581748e+26 5.089065319650595e+26 0.0 -2.4850303246878447e+26 7.421474517976604e+26 0.0 -2.9820687810739017e+26 8.923589808768944e+26 0.0 -3.888106597920492e+26 1.94405329896087e+27 0.0 -6.029644505906627e+24 2.9904863012120837e+25 0.0 -3.9069230033706434e+24 1.1631084631569565e+25 0.0 -5.792088001246365e+24 1.724604334603077e+25 0.0 -1.0900963391309786e+25 3.246538922719675e+25 0.0 -2.2368072095549506e+25 6.663799969756677e+25 0.0 -4.741306108372734e+25 1.4131088809674081e+26 0.0 -9.546400933567475e+25 2.8468790416127194e+26 0.0 -1.6831614385776632e+26 5.0235619079348795e+26 0.0 -2.453901178769148e+26 7.332698158016215e+26 0.0 -2.947785388939528e+26 8.82382510933206e+26 0.0 -3.84615704223629e+26 1.9230785211194153e+27 0.0 -5.953348529646822e+24 2.955761006448542e+25 0.0 -3.856194154391396e+24 1.149159194476828e+25 0.0 -5.716291110832316e+24 1.7037132151980512e+25 0.0 -1.0756265576900286e+25 3.2065109090132887e+25 0.0 -2.206769371724163e+25 6.5803442342672925e+25 0.0 -4.678438615404645e+25 1.3955754545032506e+26 0.0 -9.425002240943313e+25 2.8128910442642166e+26 0.0 -1.6631413350803186e+26 4.9671865864597365e+26 0.0 -2.427048952788831e+26 7.256244774296937e+26 0.0 -2.918217767370406e+26 8.737872534171851e+26 0.0 -3.8100134648505554e+26 1.9050067324260065e+27 0.0 -5.887739559157042e+24 2.9260352481691266e+25 0.0 -3.812609130716355e+24 1.1372229048535743e+25 0.0 -5.651245393876064e+24 1.6858562019922955e+25 0.0 -1.0632106760972669e+25 3.1722910096240084e+25 0.0 -2.1810090242097503e+25 6.509017896012342e+25 0.0 -4.624532051838651e+25 1.380589722067076e+26 0.0 -9.320887505586316e+25 2.7838316953262416e+26 0.0 -1.645966130845705e+26 4.918961266885537e+26 0.0 -2.4040107174309128e+26 7.190810957048839e+26 0.0 -2.8928655055628738e+26 8.664286716834364e+26 0.0 -3.77907152820257e+26 1.8895357641028342e+27 0.0 -5.831717272682222e+24 2.9008155725594667e+25 0.0 -3.7754234047571486e+24 1.1270980624401072e+25 0.0 -5.595787743807402e+24 1.6707168015981042e+25 0.0 -1.0526314241480138e+25 3.1432878989879537e+25 0.0 -2.159072330072634e+25 6.448580840730084e+25 0.0 -4.578638422809742e+25 1.3678916682100867e+26 0.0 -9.23224448011318e+25 2.7592017697253436e+26 0.0 -1.6313416830414018e+26 4.8780698122333744e+26 0.0 -2.3843990841744628e+26 7.135306755106074e+26 0.0 -2.8713092524340893e+26 8.60185699234353e+26 0.0 -3.752824736765573e+26 1.8764123683847889e+27 0.0 -5.784362719744066e+24 2.8796919061801007e+25 0.0 -3.7440167526931197e+24 1.1186174893815338e+25 0.0 -5.548980337884727e+24 1.658041562327811e+25 0.0 -1.0437084370157555e+25 3.1190123694307404e+25 0.0 -2.1405829285237735e+25 6.3980077124486e+25 0.0 -4.5399715293176195e+25 1.3572662266921857e+26 0.0 -9.157568665319214e+25 2.7385878317094505e+26 0.0 -1.6190234074067246e+26 4.8438351247048936e+26 0.0 -2.3678914386247667e+26 7.088826221979086e+26 0.0 -2.853199544030632e+26 8.549575698676774e+26 0.0 -3.7308513538273534e+26 1.8654256769147422e+27 0.0 -5.744914161568629e+24 2.8623268998164454e+25 0.0 -3.7178761604341925e+24 1.1116438340419028e+25 0.0 -5.510049003209136e+24 1.6476225697101399e+25 0.0 -1.0362930121620236e+25 3.0990634215522308e+25 0.0 -2.125230849739369e+25 6.356458481880829e+25 0.0 -4.507883926420794e+25 1.3485371528962671e+26 0.0 -9.095620163696012e+25 2.7216507224524616e+26 0.0 -1.6088095000565234e+26 4.815700912966104e+26 0.0 -2.3542213686994006e+26 7.05062393264459e+26 0.0 -2.838247865608537e+26 8.50661279406542e+26 0.0 -3.712803912857687e+26 1.8564019564293487e+27 0.0 -5.712747745791979e+24 2.848447463958353e+25 0.0 -3.6966682080546344e+24 1.1060916676365396e+25 0.0 -5.478362052117259e+24 1.6392918467843554e+25 0.0 -1.0302639695487294e+25 3.0831173148574693e+25 0.0 -2.112763779870813e+25 6.323255299352927e+25 0.0 -4.481848760734212e+25 1.3415621999940847e+26 0.0 -9.045389604406568e+25 2.7081164765172684e+26 0.0 -1.6005355698311594e+26 4.793217264611366e+26 0.0 -2.34317183298062e+26 7.020096273317081e+26 0.0 -2.8262195330713262e+26 8.472295648491795e+26 0.0 -3.6984008643145956e+26 1.8492004321579736e+27 0.0 -5.687361979714938e+24 2.8378380251292993e+25 0.0 -3.6800180128997587e+24 1.1018617968968704e+25 0.0 -5.453413668971728e+24 1.6329170085759898e+25 0.0 -1.0255244036813674e+25 3.070919043759372e+25 0.0 -2.102980219390607e+25 6.297864471929627e+25 0.0 -4.461445545392853e+25 1.3362293595911851e+26 0.0 -9.006071417763677e+25 2.697769229051356e+26 0.0 -1.5940704195695338e+26 4.776029352727989e+26 0.0 -2.3345697906776195e+26 6.996766791393146e+26 0.0 -2.8169280828723994e+26 8.446093154073632e+26 0.0 -3.6874200033678655e+26 1.843710001684874e+27 0.0 -5.668365766900747e+24 2.8303354254175544e+25 0.0 -3.667576430985485e+24 1.0988616921297229e+25 0.0 -5.434810856441495e+24 1.6283979089434715e+25 0.0 -1.021999162311912e+25 3.0622758086112667e+25 0.0 -2.095724193339741e+25 6.279882687412688e+25 0.0 -4.446349170645911e+25 1.3324539876924372e+26 0.0 -8.977043172592148e+25 2.6904457855326733e+26 0.0 -1.589312779103577e+26 4.763868768709756e+26 0.0 -2.3282820413382428e+26 6.980274930674512e+26 0.0 -2.8102309328026974e+26 8.427603493536019e+26 0.0 -3.679693410382212e+26 1.8398467051916752e+27 0.0 -5.655469365165727e+24 2.8258251818405537e+25 0.0 -3.65915196812046e+24 1.097045272101019e+25 0.0 -5.422263635066689e+24 1.6256641566112463e+25 0.0 -1.0196329468506932e+25 3.0570521934283427e+25 0.0 -2.0908812687711778e+25 6.2690268520773116e+25 0.0 -4.436321633398698e+25 1.3301766842734642e+26 0.0 -8.95785002055471e+25 2.6860316110707115e+26 0.0 -1.5861888449053133e+26 4.756547110768715e+26 0.0 -2.324212095253885e+26 6.970367684873225e+26 0.0 -2.806026134874511e+26 8.416545074005747e+26 0.0 -3.675103703709879e+26 1.8375518518560586e+27 0.0 -4.756554386961133e+21 3.953934371114849e+25 0.0 -4.1791959370555805e+24 1.2530610286099672e+25 0.0 -6.192843418826323e+24 1.8568418508894407e+25 0.0 -1.164530134819173e+25 3.4917506670682587e+25 0.0 -2.388001976276106e+25 7.1604026280715824e+25 0.0 -5.066796546971185e+25 1.5193218854948286e+26 0.0 -1.0231215461912919e+26 3.0680462451778252e+26 0.0 -1.8117476834751004e+26 5.433231199687643e+26 0.0 -2.654862003861354e+26 7.962325823617401e+26 0.0 -3.2054028566034815e+26 9.614680860277186e+26 0.0 -6.428767554908437e+26 1.9286302664750915e+27 0.0
    </DataArray>
    <DataArray type="Float32" Name="Ion soret flux Density [Am^-2]" NumberOfComponents="3" format="ascii">
5378931654.551219 -139988818383.0227 0.0 -4298008381.391887 -86480150079.66602 0.0 13166343293.761873 -117703841519.90811 0.0 32918653351.03583 -135123415816.75908 0.0 51207567049.84246 -147426374652.9518 0.0 68246145136.513176 -157657207983.47864 0.0 85322587146.71233 -163961889682.63458 0.0 104385326099.4902 -153534623408.34955 0.0 126243781017.59158 -81618361123.86693 0.0 116254616792.8546 59427906212.7372 0.0 56792846308.97174 89167502750.03127 0.0 -10853269109.659954 -67968418700.97952 0.0 -2857056362.082242 -52768191023.24555 0.0 8469666768.544215 -75021199690.53412 0.0 23352293411.45421 -88578848359.01129 0.0 38943046767.475006 -97453766985.71309 0.0 54582154620.15031 -103262532841.74529 0.0 70530235182.83665 -104560178125.58167 0.0 87418061538.57738 -92049362163.5904 0.0 103337929364.3571 -36558307990.459496 0.0 90045509723.88156 55044951361.99853 0.0 41022348855.06679 74351771548.65765 0.0 -3042542178.703951 -26142926195.559483 0.0 3885631643.2542562 -20823076585.669758 0.0 17171210260.973413 -33497115690.07689 0.0 35684081289.917915 -42321461432.07857 0.0 57273192618.08203 -47522455901.59293 0.0 80380216831.82152 -48807299116.22532 0.0 103582109959.22208 -44779097002.68806 0.0 123803988405.2426 -30098613888.070984 0.0 129558897302.80894 6344272631.536576 0.0 93783089324.1547 46095686095.29577 0.0 46578450513.16425 55811035945.47265 0.0 -656471911.558059 -8358920523.777254 0.0 1819435113.4751723 -6210086710.434115 0.0 8170685363.4663925 -11794836425.256243 0.0 18900976496.460026 -16282609094.261883 0.0 33439609579.56371 -18882057112.24891 0.0 50361725900.64267 -18576915586.13884 0.0 67357500986.47797 -14211802798.97132 0.0 79963994787.16064 -3866819418.1423483 0.0 78803025967.3809 13110823536.836191 0.0 56617715355.66376 25758194018.679802 0.0 36192955545.441414 34134351543.51323 0.0 -152515030.04587325 -3095285416.1139174 0.0 594319054.6625422 -1894967212.2273018 0.0 2614255018.4239306 -3681870888.9149218 0.0 6464916479.344299 -5244246205.285914 0.0 12344720850.88976 -6148412643.210914 0.0 19851583756.554165 -5761074944.969962 0.0 27461329130.00297 -3406929398.3155346 0.0 32537464951.804363 1212376875.517857 0.0 32244835311.75615 7164249153.867547 0.0 26760735692.086845 11786230024.406406 0.0 22696234374.75174 18411985246.95601 0.0 -34245309.010844104 -1382854074.9040296 0.0 235175669.28713658 -729189112.5719786 0.0 902668164.677505 -1303189419.1201258 0.0 2139600166.9150145 -1759115431.8059936 0.0 3910845896.033016 -1894675613.3654382 0.0 6160818503.324074 -1590079987.7538958 0.0 8590718863.663961 -680617967.053464 0.0 10668417251.280855 908498993.2163373 0.0 11969763727.73611 3041641936.1965327 0.0 12130880292.70442 5271160525.458404 0.0 12825284532.830982 9446066035.414446 0.0 -1569152.663169568 -685769661.6800408 0.0 113387898.66454312 -332844291.3918499 0.0 385137510.073955 -556339723.556423 0.0 893881133.2325295 -738315440.150588 0.0 1597191207.9695754 -760003520.9434917 0.0 2427028150.7079864 -575276090.1025932 0.0 3335986036.644585 -164478784.61454412 0.0 4281649091.3657284 497806483.84834844 0.0 5183055366.669158 1421742375.6691923 0.0 5827121771.255429 2517549349.222188 0.0 7046776352.171043 4870460281.210968 0.0 6931354.342009351 -358338152.68591005 0.0 60802927.45834932 -165270354.86399794 0.0 186770494.7594143 -261997943.4466937 0.0 429660289.4664282 -347169278.8371918 0.0 787061580.9168531 -360458508.97920966 0.0 1221109517.5720825 -262854253.96013275 0.0 1692884626.6983142 -42611463.86581618 0.0 2172219777.9499044 299724953.48582494 0.0 2623645478.0165496 753386900.9680613 0.0 3021112582.794932 1299298294.734289 0.0 3927897765.031868 2595129761.2897086 0.0 7814268.415109776 -192242149.51968688 0.0 34342120.05216196 -85582885.00930159 0.0 97135088.21660857 -129767653.07490483 0.0 220050520.38584077 -170530023.55767584 0.0 411431742.6702652 -178318552.75795397 0.0 657256013.2153745 -126982009.90550436 0.0 930239369.0544145 -5075378.668860082 0.0 1201130243.423273 184003938.06577206 0.0 1445056006.1033046 426259781.75377446 0.0 1677014663.5638325 717152466.6334091 0.0 2260475884.9641805 1442397359.644941 0.0 6437520.531656881 -104162205.76246859 0.0 19805593.993929833 -45187922.10335468 0.0 52505227.49616853 -66171783.68582632 0.0 117040573.03073229 -86098954.19979876 0.0 221614443.87657323 -90173212.78180027 0.0 362441976.5432773 -62621140.826396294 0.0 524420477.6905803 5406216.491012255 0.0 687240820.1146798 112611688.4558771 0.0 835584187.342849 250291937.43336704 0.0 984170112.3666047 418069991.8563197 0.0 1349456674.459302 837091683.5451037 0.0 4641586.890848297 -56062841.24606184 0.0 11427409.832068514 -23950997.079565924 0.0 28908154.76546031 -34277162.718401 0.0 63692469.982800186 -44324445.64798903 0.0 121957489.13525102 -46516824.7267303 0.0 203951350.93379286 -31578386.77275301 0.0 302317679.5708914 6905762.058126493 0.0 405470224.01438063 69527538.00173153 0.0 505879915.22578114 152846179.5618965 0.0 605585999.1111872 255505610.89212236 0.0 835414579.2211727 506348515.0867039 0.0 3020326.3189877723 -29170372.475160357 0.0 6491112.999151102 -12568587.124622341 0.0 15911077.516258432 -17775264.74544447 0.0 34971944.160595715 -23045658.06429798 0.0 68211602.96281165 -24449789.338351134 0.0 117424738.12453447 -16384592.408657553 0.0 180008192.02927107 5912967.140393164 0.0 250241102.8681928 44314231.67211698 0.0 322068103.3995828 97799456.92969178 0.0 388353434.5694509 162842165.80846325 0.0 535302125.7319582 318418017.28791493 0.0 1730260.462189563 -13888156.81567047 0.0 3503070.0810071277 -6278212.695446324 0.0 8633393.550812056 -9064538.786312768 0.0 19274478.71396869 -12059678.265467053 0.0 38902016.87581235 -13160680.633343894 0.0 70287741.30264765 -8895555.680381365 0.0 112140017.62319082 4597388.411861046 0.0 162098412.47174153 29411169.122763295 0.0 213118715.63517442 64936270.044835284 0.0 257885509.80787227 107587883.47040775 0.0 354185150.5361955 207601035.53456056 0.0 719136.917878578 -5034360.256766616 0.0 1325509.650450765 -2244038.1699043936 0.0 3323586.3631732254 -3342180.1942364736 0.0 8645306.567814171 -5219023.796234094 0.0 21244732.495888986 -6916465.593770591 0.0 47252248.312711544 -5510720.315540708 0.0 73164398.19644168 3559462.062316813 0.0 109183942.60036936 20205284.753533415 0.0 146350613.31710967 44725931.06725096 0.0 176913630.35013315 73533354.53660911 0.0 241399136.64755976 139936758.41996518 0.0 381267.5912974228 -2366910.794215061 0.0 600594.0042123018 -961659.22047732 0.0 1419749.29847766 -1365207.080199761 0.0 3597553.717392438 -2062035.2378637241 0.0 8951805.330074629 -2739908.4996954477 0.0 20451193.54901071 -2169137.7431577095 0.0 41458443.82287348 2226460.2107218006 0.0 74410730.22462776 13953780.144502074 0.0 116654998.15400867 35733394.99659152 0.0 125507984.48590282 52044676.579839535 0.0 169072063.64153826 97243639.14063266 0.0 245304.08517171693 -1376604.9473791562 0.0 333046.4084869553 -507579.6968318499 0.0 733928.057284909 -677918.995982136 0.0 1811830.5320083841 -999892.8173542076 0.0 4550518.980881228 -1333667.4625531095 0.0 10730376.500460027 -1049291.5648813157 0.0 22711456.229155976 1338971.9534380266 0.0 41803305.08537133 7994039.009693933 0.0 65805137.556548916 20249571.781166498 0.0 88463114.86198956 36671510.55027681 0.0 121433004.51062039 69668274.47872776 0.0 179355.54012851007 -923781.3622882153 0.0 222008.96970120052 -323845.1023253064 0.0 466644.85627315316 -415688.09100796876 0.0 1132898.5551855008 -604020.4681326058 0.0 2847742.998410724 -801966.2545147906 0.0 6860641.654513089 -620566.6671048312 0.0 14911812.812008658 949526.4584980468 0.0 28239721.681685444 5481394.55732668 0.0 45915091.141979665 14194083.333893472 0.0 64410156.04228865 26689119.364567075 0.0 89169081.01686978 51005218.29878439 0.0 139708.63018197703 -668621.2374444983 0.0 162364.83724753503 -227804.03006165734 0.0 333142.6825380698 -287221.85528282984 0.0 802577.8574379614 -414648.0937414335 0.0 2003858.9566832168 -543821.2910684205 0.0 4841889.347698922 -405926.6315048451 0.0 10650284.475986933 724556.0959288423 0.0 20467351.851456326 4030096.411695321 0.0 33768381.891666345 10493528.96745768 0.0 47923416.10258371 19886757.186141614 0.0 66831899.04492529 38191107.411625475 0.0 111983.74663697614 -503091.8022001162 0.0 123687.22018707059 -167653.478547339 0.0 249488.7444669219 -208866.10920474818 0.0 595040.0891041553 -298727.01885152573 0.0 1476551.999608535 -387183.2322925491 0.0 3568630.928683929 -277701.82964156923 0.0 7891752.344743135 568909.5200939258 0.0 15290163.82124795 3052464.131051694 0.0 25450369.642637495 7953081.504598957 0.0 36388684.62285367 15133947.34102875 0.0 51026061.70031382 29174996.76364174 0.0 91151.7556198282 -387728.26839750144 0.0 96436.84339219838 -126789.22981582073 0.0 191501.24929335565 -156149.68417957262 0.0 452316.6443068402 -221228.46608803803 0.0 1115386.1125489816 -283308.38934609416 0.0 2694797.103483429 -194908.2024111537 0.0 5982915.8176638605 453985.03598629916 0.0 11663479.612318128 2359429.356372305 0.0 19547174.27582425 6144094.817579929 0.0 28119207.093887944 11727316.996052912 0.0 39612581.73849616 22687433.681384552 0.0 74913.64144761399 -303940.3829484193 0.0 76423.72020336046 -97813.84548647614 0.0 149687.37699211383 -119219.32998040276 0.0 350463.91025083076 -167416.13875571327 0.0 859126.325029129 -211896.54966359152 0.0 2073939.7134980557 -139627.33021410267 0.0 4619070.052223766 366847.6465627743 0.0 9052744.892890213 1854575.1712035085 0.0 15260568.193945445 4825352.332245165 0.0 22069558.07037703 9233578.566279141 0.0 31214814.71414645 17923074.006770026 0.0 62020.925052156395 -241547.7256276286 0.0 61349.25180161381 -76695.58688878828 0.0 118761.77847216939 -92640.94005248918 0.0 275907.7333671897 -129040.51388581886 0.0 672689.578176827 -161504.23023639937 0.0 1622286.6655447918 -101852.11907457728 0.0 3622727.5805890863 299653.60068388213 0.0 7133141.055060551 1478978.449976451 0.0 12087038.310327483 3844815.98650186 0.0 17562896.175359856 7373501.07418988 0.0 24928331.981875055 14358764.164062468 0.0 51665.191289210794 -194240.4544134988 0.0 49786.651922374855 -60984.538634872224 0.0 95437.14274549592 -73102.28491516935 0.0 220218.73207792573 -101078.64373249948 0.0 534299.944377866 -125184.31908383558 0.0 1287244.5148543306 -75546.40326003429 0.0 2881059.3214494395 247091.0746589981 0.0 5696073.489157658 1194513.5851461312 0.0 9696844.657453306 3102890.4575357474 0.0 14149887.077611119 5962322.41563042 0.0 20147124.608425878 11647005.800325928 0.0 43276.609198693695 -157852.5475370162 0.0 40788.14442649825 -49098.545562450025 0.0 77553.96431143375 -58478.193700343676 0.0 177903.3380461898 -80327.44672846205 0.0 429764.920846076 -98520.47186625873 0.0 1034390.4215059109 -56928.105165287576 0.0 2319672.877358475 205437.13108413786 0.0 4602848.589152683 975620.7099883438 0.0 7868520.018072415 2532618.9980838136 0.0 11526061.703457102 4875130.971442815 0.0 16457484.858766356 9552134.67982016 0.0 36433.907786178745 -129521.18596392329 0.0 33697.665557689215 -39975.508472822694 0.0 63644.22764214349 -47358.59778197631 0.0 145256.72243338276 -64674.82492267031 0.0 349558.55748118454 -78621.51685238564 0.0 840581.6235719136 -43564.04701078352 0.0 1888283.2368184288 172030.73031384885 0.0 3758998.4755533654 804743.7477851381 0.0 6450131.23678552 2087999.552962126 0.0 9481135.64483812 4025779.0620251335 0.0 13571973.827889398 7911221.684583446 0.0 43556.799815557424 -88133.18646491051 0.0 39009.26482567003 -42232.11769112463 0.0 65612.60142045523 -56345.36254768489 0.0 137286.33964163935 -92601.59546105296 0.0 308325.3139681651 -159264.42226526054 0.0 701207.0546152896 -263828.6492957632 0.0 1503882.7674603893 -372458.8368151745 0.0 2875746.144337415 -363387.04257761495 0.0 4756552.613818526 -41676.84823729406 0.0 6749379.437247291 731326.1849412564 0.0 12457053.418761484 4270615.002385908 0.0 68287.98488729796 -121008.85601142584 0.0 49854.77869734026 -51755.96754620755 0.0 78999.82525515741 -73069.47651547632 0.0 156924.3610716366 -128877.14936757628 0.0 336410.4861562488 -243433.00259155987 0.0 734155.3247869272 -461875.59519881743 0.0 1516741.391227584 -811851.2152406371 0.0 2799313.1686229077 -1230463.1511136189 0.0 4469323.72198497 -1516682.1212943697 0.0 6111814.313346737 -1414402.2435259977 0.0 8424751.282240627 -395907.04906002374 0.0 57787.238569612186 -102004.42443279135 0.0 41923.31899974388 -43454.811256762696 0.0 66231.13412796061 -61175.79969852792 0.0 131203.1702588946 -107610.92324433044 0.0 280611.4638006002 -202766.0259419752 0.0 612040.1508280803 -384387.36290851835 0.0 1265975.253547807 -676084.1649437941 0.0 2341826.974842283 -1026026.7706185707 0.0 3748765.9154086118 -1265771.154504673 0.0 5138924.839883459 -1178766.4586802728 0.0 7096817.463251139 -306857.4599048938 0.0 49169.26768881417 -86548.8823359125 0.0 35487.30207016185 -36753.94422683105 0.0 55900.71216516499 -51598.93155914057 0.0 110468.50706110659 -90542.62039717971 0.0 235759.02901131936 -170211.90124215966 0.0 513916.346915657 -322372.04549944674 0.0 1064073.9744800846 -567211.379244482 0.0 1972234.9514254415 -861554.3763720583 0.0 3164398.6843349463 -1063198.1851491346 0.0 4347076.903737956 -987974.7800789061 0.0 6013062.782499956 -235932.2433118371 0.0 42044.575900365424 -73882.16947118413 0.0 30207.624360735907 -31285.226587192854 0.0 47464.34036786103 -43814.7315174984 0.0 93589.41284984394 -76708.97437558003 0.0 199341.91226268644 -143889.83504482274 0.0 434277.0025855376 -272242.29526525043 0.0 899908.1512863239 -479044.9370540794 0.0 1670785.3023785558 -727965.6073087272 0.0 2686078.702266126 -898124.8175035256 0.0 3696770.119057583 -832072.936997792 0.0 5120798.63758981 -178904.75712775867 0.0 36113.67057084554 -63426.594455887716 0.0 25842.146919528815 -26786.66181471964 0.0 40515.03025617064 -37433.12466166064 0.0 79724.73460977913 -65396.547059753444 0.0 169499.03737598055 -122411.14566352697 0.0 369037.53106093773 -231346.35148696683 0.0 765205.6421213505 -406999.9665488593 0.0 1422732.1082196853 -618501.2653469618 0.0 2291194.174221302 -762442.284458198 0.0 3158243.1559689366 -703576.5500194905 0.0 4380193.858132305 -132580.63918648975 0.0 31144.368465208856 -54739.16804403368 0.0 22205.916003470847 -23059.262067395182 0.0 34744.8462764729 -32160.367208937703 0.0 68241.18274573021 -56070.41445399896 0.0 144833.92887362157 -104737.65170152228 0.0 315133.6903444465 -197701.58498620085 0.0 653743.2942817191 -347638.2242762562 0.0 1216936.1541821768 -528070.8048831422 0.0 1962586.5346897924 -650014.765308461 0.0 2708817.6341708894 -596796.2168366209 0.0 3760800.316417346 -94525.28033768025 0.0 26955.245150897288 -47477.330587238175 0.0 19156.275733242597 -19950.395918303362 0.0 29918.229252574474 -27772.809160960154 0.0 58656.47410916345 -48324.884685379286 0.0 124286.42918778313 -90084.12701574771 0.0 270240.5208986268 -169808.85589064175 0.0 560785.8130220748 -298352.0462613441 0.0 1044888.642850849 -452797.9627374386 0.0 1687092.7961478648 -556149.2650980946 0.0 2331026.6460178797 -507361.51007495116 0.0 3239095.8445483204 -62866.6852758183 0.0 23403.447751513457 -41374.052215237956 0.0 16582.171039194116 -17341.896819713962 0.0 25853.107131433124 -24098.403701869483 0.0 50599.3354382357 -41848.96542901151 0.0 107042.79046044234 -77850.16324557636 0.0 232573.72052880574 -146521.75565097592 0.0 482690.9807904666 -257142.55542153306 0.0 900021.0921095542 -389700.2411608741 0.0 1454510.1295606915 -477219.5347480069 0.0 2011279.571779976 -431881.2336553023 0.0 2796725.4390968625 -36151.91286127808 0.0 20375.6466737959 -36219.57823566584 0.0 14396.376743566996 -15141.475330280071 0.0 22407.355853286652 -21003.514008007453 0.0 43781.00741924548 -36401.85384119803 0.0 92471.84272853544 -67571.95151378546 0.0 200749.57247174237 -126954.62817803757 0.0 416628.43183413456 -222462.0618160037 0.0 777211.577103411 -336460.0626473561 0.0 1256851.6496331498 -410396.1463562669 0.0 1738898.466408354 -367698.22302867036 0.0 2419227.815350191 -13241.765204033547 0.0 17781.267894075234 -31847.93620712606 0.0 12529.79577799696 -13276.453589943001 0.0 19468.98496366032 -18383.391777661745 0.0 37974.70152594739 -31795.332207042382 0.0 80079.12846532346 -58887.746555295824 0.0 173684.27700407145 -110416.65269802857 0.0 360376.9686209511 -193100.76380743572 0.0 672427.3999378447 -291259.5116229151 0.0 1087805.4760915155 -353450.60292626114 0.0 1505414.8620393137 -312710.4673606255 0.0 2095103.3172122103 6767.073432387712 0.0 15547.395574298052 -28126.886061322075 0.0 10927.236580239218 -11689.150656021811 0.0 16948.94736159618 -16155.231868590383 0.0 33000.62465841108 -27880.982107638745 0.0 69473.57171009271 -51512.84958970354 0.0 150520.78442031558 -96364.07149508502 0.0 312176.864955592 -168104.39854668823 0.0 582463.6843750186 -252659.7092759232 0.0 942337.3518441225 -304611.67794911086 0.0 1304051.2141605674 -265239.2727715083 0.0 1815124.597437521 24600.08614139158 0.0 13614.906733584483 -24950.380196003392 0.0 9544.258195004022 -10333.45336057526 0.0 14775.818265944932 -14253.054989209919 0.0 28714.947006425402 -24540.800640305297 0.0 60342.99509637184 -45221.29274232181 0.0 130575.04616422796 -84365.20028959712 0.0 270621.1043868242 -146713.7638720377 0.0 504750.1693183739 -219511.86839398366 0.0 816395.7554058509 -262459.0019621989 0.0 1129334.6723051576 -223931.1322311914 0.0 1571821.772957292 40848.593448076776 0.0 11935.520608796516 -22232.867349687753 0.0 8344.79315762876 -9172.246787625225 0.0 12891.819456470828 -12623.901567664856 0.0 25001.592828603058 -21680.245420089257 0.0 52435.95118084658 -39832.29485834893 0.0 113296.12634222375 -74074.5440300427 0.0 234574.48241753993 -128319.86408936357 0.0 437206.99384045205 -190891.0703453393 0.0 706690.9362119868 -225843.4796174877 0.0 976806.6307593927 -187683.977425024 0.0 1359094.210635042 56002.9322731431 0.0 10469.531270300628 -19904.960882429354 0.0 7299.343349191056 -8175.475503797062 0.0 11249.821071176455 -11224.975617995506 0.0 21766.07264033398 -19223.031842831362 0.0 45548.10646104185 -35200.15073060831 0.0 98236.30770428908 -65213.466991865535 0.0 203112.8486207527 -112430.33094274397 0.0 378136.01904032653 -166046.50034281772 0.0 610527.7738602385 -193827.21668801468 0.0 842802.2555075308 -155591.22315114338 0.0 1171915.065404911 70477.94713701453 0.0 9184.053637803527 -17910.12404377247 0.0 6383.6170902554795 -7318.690081013043 0.0 9811.060206210343 -10021.483595040712 0.0 18930.805637522863 -17107.207193915954 0.0 39511.939503124195 -31206.615908490356 0.0 85028.47313118649 -57555.62778178746 0.0 175477.04140700548 -98644.06003612503 0.0 326138.1609933341 -144363.71457328895 0.0 525678.1739580986 -165637.7588987731 0.0 724281.5782296379 -126898.90033383948 0.0 1006104.3352972164 84632.83134126304 0.0 8051.657469803948 -16202.11876445178 0.0 5577.382122410784 -6581.825645608569 0.0 8543.412477105576 -8985.010509207421 0.0 16431.539599287236 -15282.164098792977 0.0 34188.87314944132 -27755.122904396074 0.0 73368.83020688537 -50915.91113079865 0.0 151037.63397027281 -86631.88794126605 0.0 280049.92186618474 -125335.77982504062 0.0 450282.741901985 -140632.914789853 0.0 618698.8920682783 -100972.48632571156 0.0 858152.9234173029 98786.8128863759 0.0 7049.296148858505 -14743.031900852404 0.0 4863.730439385708 -5948.436057856345 0.0 7419.997257395631 -8092.216814401367 0.0 14214.585597451965 -13706.351408553695 0.0 29463.20914986381 -24766.353788522654 0.0 63003.59151850474 -45141.94897482109 0.0 129267.69797877692 -76121.74927657568 0.0 238894.1982879272 -108541.00888237573 0.0 382774.2962992738 -118273.46342572114 0.0 523900.7971674609 -77270.96334393519 0.0 725084.9333037984 113231.79350402324 0.0 6157.46062627941 -13501.74155393125 0.0 4228.388696576591 -5404.975776133404 0.0 6418.0741688160315 -7323.809030845509 0.0 12234.66208406893 -12345.507565736565 0.0 25237.407317710124 -22174.826305772614 0.0 53718.604678212854 -40107.57530984489 0.0 109721.5545710306 -66887.18319077133 0.0 201841.77771402555 -93625.63562881495 0.0 321817.7762660811 -98101.77389844175 0.0 438045.8049340394 -55326.28913670409 0.0 604348.7890387652 128242.77358333547 0.0 5359.506153532835 -12452.721497179573 0.0 3659.2029839908946 -4940.2732875328675 0.0 5518.324014070707 -6663.902954151154 0.0 10453.19762274261 -11171.288855437982 0.0 21428.37399420172 -19926.243885852815 0.0 45331.19538838807 -35707.737178265255 0.0 92018.0223727947 -58738.363060559626 0.0 168180.87910421958 -80290.2143023484 0.0 266262.51653979806 -79724.88059170156 0.0 359540.24003101623 -34726.93014954477 0.0 493730.1814612606 144086.69920941303 0.0 4641.112164690736 -11575.107723060111 0.0 3145.727485568285 -4545.11953931679 0.0 4704.1242055219955 -6099.370139388801 0.0 8836.980590144622 -10160.198790095264 0.0 17964.5119504187 -17975.426347495453 0.0 37683.67859459736 -31854.510857555277 0.0 75827.05750616179 -51515.040441651254 0.0 137292.7711346205 -68278.84275903796 0.0 215103.88461380298 -62800.92939685013 0.0 286986.49601906625 -15104.44201607672 0.0 391281.5796169314 161030.22828328438 0.0 3989.8450942190075 -10851.970289153147 0.0 2678.954942370231 -4212.043505541019 0.0 3961.0128501325457 -5619.373675235002 0.0 7357.072236747914 -9292.74926203814 0.0 14783.346472214687 -16284.685863810608 0.0 30638.130206012273 -28473.96341473268 0.0 60858.957192918366 -45080.950669672304 0.0 108631.987919187 -57370.536790963364 0.0 167452.00329577207 -47028.175789531575 0.0 219140.65263570283 3877.6769046158997 0.0 295264.3062260271 179346.81535648328 0.0 3394.8009245904136 -10269.747962131534 0.0 2250.868931079012 -3934.805238070708 0.0 3276.251601540665 -5215.004575825647 0.0 5987.919800102446 -8552.80186719326 0.0 11829.587510730185 -14822.547423391316 0.0 24072.110845766725 -25503.66581237094 0.0 46855.49799413506 -39319.34085242484 0.0 81710.01390470132 -47372.24729478893 0.0 122505.82494552873 -32135.912655774657 0.0 154877.1557828779 22533.459488151486 0.0 204100.0916192405 199323.4492591281 0.0 2846.309472248173 -9817.813928519528 0.0 1854.330491896168 -3708.3229667814694 0.0 2638.4637102965926 -4878.997745826592 0.0 4706.621100140596 -7927.050881631006 0.0 9053.520447396322 -13562.738453458507 0.0 17875.104661729412 -22890.71209309468 0.0 33582.52401285947 -34129.3638878946 0.0 56081.56462924445 -38113.13247371329 0.0 79531.2015490383 -17876.843969548856 0.0 93158.76166314386 41162.74786242441 0.0 116329.68526334477 221267.33661237726 0.0 2335.686322005352 -9488.149111266956 0.0 1482.967234555941 -3528.6618488783606 0.0 2037.3289029665527 -4605.511844836158 0.0 3492.3027419029922 -7404.61911888278 0.0 6409.641615385728 -12483.391108394704 0.0 11945.487787505906 -20590.134820249612 0.0 20823.604248616186 -29423.14304411437 0.0 31332.773737039464 -29439.785268937954 0.0 37841.875835724946 -4020.5230554519876 0.0 33010.308040989155 60058.66464500968 0.0 30576.58269734052 245512.8034314622 0.0 545.5651001639163 -12985.148496296524 0.0 1619.9291717041692 -3942.9841259706113 0.0 2208.358647594067 -5124.297282819254 0.0 3750.8579899407105 -8192.033200339436 0.0 6806.068992108192 -13698.722969810697 0.0 12495.835800045737 -22300.376228278474 0.0 21327.68070685272 -31063.783211383605 0.0 31048.097320726763 -28835.945146257287 0.0 35280.95443498692 3239.7592571061596 0.0 26308.3208155277 79553.91729989924 0.0 -20936.302251040037 261245.53890781768 0.0
    </DataArray>
    <DataArray type="Float32" Name="Power density [Wm^-3]" NumberOfComponents="1" format="ascii">
3.5285306992699986e+18 3.9481651995449477e+18 2.9851056627416643e+18 2.303045210552937e+18 1.9004604245771072e+18 1.6627336805919872e+18 1.5410058090060168e+18 1.5612296005886013e+18 1.9497020030178094e+18 3.3154567639930163e+18 3.673566208446733e+18 2.1452363667958968e+18 2.359882554608365e+18 1.8494896055038164e+18 1.4926263253144579e+18 1.2807673177286418e+18 1.1555394206728852e+18 1.0979740680511668e+18 1.1425478446690339e+18 1.4818937930901274e+18 2.566112574237649e+18 2.3819471874370693e+18 1.1178241670834455e+18 1.160428258125345e+18 1.0076850089522524e+18 8.932921607110697e+17 8.277883875774163e+17 7.923968662115743e+17 7.888960737388723e+17 8.573037936093312e+17 1.1498951511116136e+18 1.9574548780557504e+18 1.736928060286906e+18 4.027619698909299e+17 4.159257721916078e+17 4.026184788980551e+17 4.0023403237120646e+17 4.089750776916616e+17 4.242510086878026e+17 4.54287101798666e+17 5.347435810765281e+17 7.646998028299648e+17 1.279120923882268e+18 1.0848804219794486e+18 1.3201507630684749e+17 1.4418490507398976e+17 1.3998818995056922e+17 1.4320461319863186e+17 1.558272357573494e+17 1.7616865809369578e+17 2.1041943632689382e+17 2.828096452429472e+17 4.4381515975042515e+17 7.331573324218062e+17 5.990358204701148e+17 5.175512589228294e+16 5.968742339537943e+16 5.523328949998518e+16 5.271864335101743e+16 5.5911535309835496e+16 6.68810692797175e+16 9.183842525615234e+16 1.4464202195060944e+17 2.4399460049499997e+17 3.912428278532143e+17 3.113114699032889e+17 2.676747499586945e+16 3.194405530465387e+16 2.9301567407801856e+16 2.744123424674653e+16 2.9562009063049556e+16 3.778309387192631e+16 5.565587833824375e+16 8.875585806961909e+16 1.4180393566283704e+17 2.1053613456335232e+17 1.6368244428566016e+17 1.6857783272343022e+16 2.075997937798658e+16 1.9690581282535716e+16 1.933057234493446e+16 2.205237998833758e+16 2.928796082217306e+16 4.213067276877465e+16 6.17018233853112e+16 8.833771250030178e+16 1.1920576914495045e+17 9.05222088519969e+16 1.1830520256811298e+16 1.4890451610489374e+16 1.4606376135333816e+16 1.4855919892128984e+16 1.7264919584040454e+16 2.2861236081892812e+16 3.1768542718080016e+16 4.344311985430544e+16 5.693590786748013e+16 7.0775011125332456e+16 5.25490722884313e+16 8696472824105221.0 1.107234554070328e+16 1.111015015626583e+16 1.1453152819881076e+16 1.312601906610987e+16 1.6897755734036262e+16 2.2729832641968556e+16 2.973854545077358e+16 3.675254606747465e+16 4.306498789087028e+16 3.1387225911716304e+16 6406997617278947.0 8179336272222529.0 8315833055106084.0 8587655674515952.0 9593361688638042.0 1.1867846835580862e+16 1.5442015202189038e+16 1.9619361094298932e+16 2.339433422174253e+16 2.6385888819854788e+16 1.897402595942409e+16 4565426063064039.0 5788964414623427.0 5917407001588459.0 6106844435131168.0 6672564535122191.0 7943295555013445.0 1.0025175500918514e+16 1.2508593010702296e+16 1.4629447340682714e+16 1.6132666962547896e+16 1.1504663645991654e+16 3049905119858743.5 3777375706430158.0 3879135439076635.5 4035993011549510.5 4372332939744252.0 5067650496710102.0 6288960959763549.0 7750696587265979.0 8965564424941803.0 9789874973093942.0 6970371472459715.0 1826090799500434.0 2221811695764465.0 2281975323230752.0 2432186174560611.0 2724246849052030.5 3247660834093012.5 3914207457932311.5 4704624818353883.0 5391894105638874.0 5930724658219499.0 4242464099652120.5 1193565638989176.5 1474635677392000.8 1487612184029587.5 1549931412898970.8 1655710017347298.8 1832145565670844.0 2213270124853444.2 2788013817134049.5 3352603197317448.0 3650440515672676.5 2589995904436405.0 882068876121155.9 1110560685022729.5 1101946875460901.6 1114098005490114.5 1139069514827938.0 1193078854257503.0 1308995744897113.0 1499396899952868.2 1761035813597290.2 2082533835054947.0 1523958171374670.8 717017132271286.4 918514815530377.5 906938966030352.5 902485928679055.5 901731434370960.9 905477578522847.9 921726435333937.9 967206924886495.9 1077174881231542.9 1240221473490773.5 913765948243503.8 620912515839816.2 805457520067335.9 795933768122791.1 787033318573671.4 777647058864201.4 765072949606052.9 748145877261354.4 733553430678884.9 744256316651070.9 797883106877759.4 582747180315287.8 559183965691583.8 731246623600768.2 724365897496379.0 715347923669553.6 703529283379641.2 685501153896460.9 656467095593226.9 615626585921528.6 576878679348744.6 568169733543919.0 408051652673132.3 516073394441875.2 678247338835336.5 673463365689132.6 665693135589172.2 654042495088192.2 634954403234119.4 602337791983430.5 551458920393716.3 490336174961749.3 449047257027548.2 316715850849046.6 483888778652644.2 637967656731865.2 634645483967921.6 628329722760978.1 617818225478741.6 599513416521909.9 566929029787241.0 513468459074142.8 443484508316798.06 386326014852095.8 268493001736957.5 458732132399923.44 606027528798589.9 603624501503990.0 598555823345245.1 589376440214645.9 572489226948347.9 541356549975387.56 488561338023785.56 416193857473612.3 351988389042097.6 242160764796706.06 438263689661643.1 579786087512233.1 577997445082992.1 573908404589592.5 565949249113529.2 550565942326795.2 521311226444143.7 470455884626624.75 398663710618087.8 331871212256058.56 226861128003638.2 421168355038615.25 557742705131522.5 556367617224597.8 553017227775661.5 546074783140550.5 532061041268529.3 504679394535889.06 456135471717236.0 386156466261811.94 318940241409919.06 217155849192410.7 406645726518843.25 538950031367454.8 537862633304628.7 535059513751594.94 528927494507334.25 516082117713545.7 490400944292509.06 444144236512230.3 376394654019426.06 309747562372123.0 210361337287410.66 416851000142967.7 520548959799303.0 519326189503565.75 516470758675748.56 510332184071069.94 497583621138210.3 472623984750282.3 429386754970364.8 368356421080557.56 306958805032833.94 192023111042239.78 377299301605583.2 504793967208130.94 503763768440104.5 501452675161459.0 496481964858241.25 486215460211137.06 466259243707628.0 431908124684967.8 382162917778945.44 323685880427973.5 221367718311645.5 368649732973873.6 493095075465187.56 492291996782069.44 490293455771759.8 485736912674245.8 476011961158407.06 456721523418875.56 423007978182454.3 373655187881948.06 315705712666876.7 215544521188100.97 361066551215707.94 482830530822875.75 482193806704498.0 480431850823599.56 476203402105318.56 466928139284110.2 448215768013946.44 415086253366914.8 366129657591835.5 308697030008739.2 210462410576066.06 354403003387731.4 473805578783820.0 473293043625925.75 471712236514625.7 467745447097623.94 458843911005187.2 440629663655009.5 408021975535520.8 359437196528607.5 302485021752003.94 205971459686541.06 348538104266774.3 465858874472639.0 465441004684760.2 464000860363913.3 460244693629477.06 451655064714234.94 433869239638442.7 401722229757522.06 353474448496923.3 296957181600957.7 201979771207900.56 343370399817015.9 458854535237501.3 458510365163403.75 457181139236917.25 453596324207451.44 445268537459263.56 427851518294346.0 396108856622770.7 348160928507965.0 292031631848123.1 198423704415511.88 338813822184623.5 452676876657817.8 452391247895400.3 451150853556853.44 447706971065052.75 439600401395006.25 422501534379027.25 391112789827016.0 343428790671965.4 287642609276205.06 195254077158901.94 334794781483669.0 447226707787680.25 446988430692775.7 445820231564003.0 442493470936582.7 434574943125635.3 417751181627004.06 386671743173985.44 339218352821129.56 283733908311845.75 192429855902032.5 331250025958318.75 442418585852074.3 442219212267513.8 441110465425371.0 437881945153092.8 430124122832048.44 413538736891532.94 382729279882548.8 335476156164692.06 280255936365316.66 189915292557882.47 328125003524923.56 438178695222777.3 438011696829164.94 436952461870302.94 433806992110846.5 426187114316013.06 409808569746268.06 379234388950308.0 332154085449559.9 277164359634579.28 187678610055451.0 325372567150191.5 434443155839253.8 434303370634146.75 433285746022898.0 430210923016487.0 422709828870774.2 406510854148449.94 376141202547141.56 329208895587540.2 274419418107354.25 185691360661185.2 322951927708138.06 431156643133602.94 431039899083272.75 430057485730326.06 427043029426845.7 419644409431690.2 403601233701637.3 373408720247805.94 326601870784858.8 271985503597711.22 183928062710960.0 320827792984615.1 428271244724846.7 428174100714828.8 427221622458524.0 424258889850942.56 416948710272687.06 401040444889379.44 371000505442111.7 324298513338957.06 269830831603685.25 182365945311058.88 318969652034274.4 425745504113581.5 425665068806921.75 424738101068376.25 421819725554093.0 414585782925048.0 398793918499801.3 368884357466346.56 322268232451352.2 267927143498632.53 180984732288018.22 317351175389102.4 423543616448042.94 423477419055108.75 422572192131462.44 419691813063707.44 412523385736224.3 396831380132189.94 367031974156341.7 320484031778930.44 266249420417561.88 179766441234766.0 315949710979054.25 421634748211803.25 421580646089178.25 420693900057267.56 417845957111193.8 410733529081714.94 395126466252020.7 365418619817752.7 318922203218230.0 264775607422484.28 178695191800890.38 314745862628496.8 419992465774405.75 419948574889327.8 419077451064824.06 416257024854138.5 409192063380243.7 393656367089032.2 364022810351207.7 317562035301902.56 263486351771268.97 177757023912635.28 313723135388234.94 418594254016126.5 418558894927720.3 417700853692838.3 414903539833357.3 407878313352275.56 392401503274526.75 362826023482259.2 316385542753413.25 262364759615845.84 176939728264875.66 312867640880277.56 417421116139375.06 417392772286973.2 416545526736062.3 413767334086717.3 406774759759556.94 391345239786592.7 361812438708836.56 315377221358031.94 261396174298806.03 176232691193101.53 312167853585291.06 416457238946397.8 416434522173288.06 415595985350472.06 412833252416542.94 405866766150293.25 390473637429773.3 360968708616988.7 314523830052110.44 260567977944678.12 175626755242682.1 311614407249843.25 415689719243617.06 415671339758498.8 414839580986782.56 412088904966226.7 405142348283048.2 389775241137539.3 360283761845975.56 313814200760838.25 259869417000677.66 175114096064287.5 311199926005859.25 415108332602524.06 415093079450259.7 414266287599882.56 411524463904372.44 404591984000287.94 389240904135684.2 359748637439227.56 313239075873710.9 259291451657829.34 174688115724991.3 310918906315849.4 414705364076791.8 414692086060649.06 413868536297454.2 411132504593489.75 404208463279649.06 388863647620459.75 359356350181865.75 312790972796758.06 258826628632464.66 174343352188045.97 310767630552480.75 414475486398090.75 414463070184311.75 413641094126160.56 410907888211634.8 403986776272147.8 388638554413222.06 359101785746081.8 312464074516330.2 258468976449680.75 174075404473069.7 414298762665932.4 517977602373418.7 518016769645761.0 517137339186095.0 514051550641395.3 506117194096445.2 488316329111639.6 453527862510577.1 397287015029710.5 329454639730842.06 231841163834663.4
    </DataArray>
    <DataArray type="Float32" Name="Temperature [K]" NumberOfComponents="1" format="ascii">
333.4071444080212 345.5973506287982 353.38284055868485 358.80392703684373 362.96212113725227 366.39405784793615 369.37664603855455 372.035882841017 374.28314936858135 375.30278074323985 372.1892569033985 332.5255780607233 343.9294499288831 351.6377274642337 357.1666090695731 361.4475256010894 364.9712127846742 368.0038545861164 370.6667330627422 372.8629731586743 373.7917287578195 370.7769103024965 330.4183417398378 340.0901964070481 347.42507585092653 353.04480592705806 357.5102260571766 361.1856090560896 364.29230443634356 366.92647435259823 368.96517467059124 369.658838703337 366.91083446347056 327.94838739259495 335.89347404396796 342.5199315006308 347.9397744934666 352.3914846115336 356.0847282730488 359.16292264450817 361.6715333202097 363.4524803808767 363.8576667334612 361.47944407272337 325.54386809523413 332.13482323910813 337.94108587541297 342.9091395817649 347.10702832684564 350.6250429386935 353.526131355561 355.79833234791556 357.26249800503103 357.417606339679 355.4410671102844 323.3021151960161 328.86941582181163 333.9159794234671 338.3516311687807 342.16775335268505 345.382607386234 348.00088875259576 349.9703665518986 351.1203985548104 351.1062483023233 349.4978456835323 321.2285624176793 325.9963556783561 330.3814645968938 334.29559111184506 337.69777351363 340.56537068505327 342.86643529855996 344.5299619078192 345.41555411973223 345.3084879546961 344.00225405674337 319.313372239013 323.4321892165624 327.2465047098193 330.6784072796511 333.6756512162534 336.1957826984324 338.1890376442826 339.5824095612525 340.2701936522806 340.1261494206115 339.05810264646084 317.54604806457087 321.1228614958758 324.4436634633027 327.44104959694585 330.06128429477883 332.25549191340997 333.9697924643269 335.1385635048466 335.68526310406696 335.5369527321057 334.6560556498208 315.9175277232328 319.0334469389916 321.92665468132225 324.53882463148227 326.8191671262256 328.71973174996407 330.1901198439946 331.17547856305794 331.62091292752723 331.48372010696716 330.75097031964157 314.41995001118994 317.1398465935094 319.6623176638779 321.9367786983582 323.9172312304705 325.56000127794846 326.82121476040504 327.6567846207725 328.02710791316076 327.90623758553954 327.291601009198 313.04613478674884 315.4238799954876 317.6250064683837 319.60562403242864 321.32507344103306 322.7450494097611 323.8286688491789 324.5411193040696 324.8534382533378 324.7490081477037 324.2290739149366 311.78918883524017 313.8706151820464 315.79340595340915 317.5195406521621 319.01359588648364 320.2426098927348 321.17601211664066 321.7864011808311 322.0522407638622 321.96226264500916 321.5186990680732 310.64225581368476 312.4669055389374 314.14875978065544 315.65502035199563 316.9551219250307 318.0209692627801 318.82725756762807 319.3523017210958 319.57981871181795 319.5017311683089 319.12016524481726 309.5984114584436 311.2007345176289 312.67414514212396 313.9905044415916 315.12362528869255 316.04977162652744 316.7481082550769 317.20132174189297 317.39673578792457 317.32816797853746 316.9973173749518 308.6503792598382 310.0599428672001 311.35298809632457 312.5054474092752 313.49498027247745 314.3015154334528 314.9077550810208 315.29973957604176 315.467616234668 315.4065938924087 315.1177640678008 307.79088570321375 309.0329834883055 310.169744403712 311.18059686116635 312.0465122642918 312.7505109447957 313.27814717123726 313.6180006240208 313.7622036750364 313.7069829691329 313.4531422431625 307.01284465900454 308.1091234114955 309.110201161035 309.9984770231161 310.7577340834779 311.37358329110145 311.8338920370802 312.12919557480245 312.25308112535396 312.20252676800726 311.97817225032554 306.309468387631 307.2784913338575 308.1615147081214 308.9434496930108 309.6104489591445 310.1502852044831 310.5527147312691 310.8098159088315 310.91628307466414 310.86965517630847 310.67046155691366 305.6743317250948 306.532059982497 307.31213979424126 308.00160357830373 308.58859604761824 309.06269259779856 309.4152023423414 309.6394450825876 309.7309830918563 309.6877847930717 309.510299712544 305.1014068186953 305.8616032161474 306.55172326383115 307.1605916639108 307.67802839367306 308.0951147772382 308.40444452628105 308.6003506864966 308.6790921077539 308.6389762528563 308.48039471519894 304.5850784847105 305.25964458356424 305.87099181691207 306.4094620320377 306.8662868345928 307.2338094778049 307.50569277685366 307.6771059912965 307.74487720337544 307.7075889773781 307.56559195556633 304.12014589878856 304.7194028991893 305.2616439504529 305.738498315854 306.1423904403505 306.46672502498285 306.7060596843873 306.85625990129984 306.91462528745086 306.8799663673763 306.7526058235661 303.7018150024157 304.2347383048128 304.7162501317043 305.1390754427238 305.496649925564 305.78327465889714 305.99426009901003 306.12605556485346 306.17635521272956 306.14416117435087 306.0297776227379 303.32568424830106 303.80009955578987 304.2281618398815 304.6035315428031 304.920504595775 305.17414206662767 305.36039084945793 305.47619274750485 305.519574491084 305.4897006682973 305.38686339772505 302.987726080347 303.410473755002 303.7914295875516 304.12505529234784 304.40638112390025 304.6311149708344 304.7957440859193 304.89762773176335 304.9350744950756 304.9073873528213 304.8148504652105 302.684265815483 303.0613390293617 303.40072944914715 303.6975872672447 303.9475716688065 304.14694303018683 304.29264916805926 304.3824046554159 304.4147579062805 304.3891300304085 304.30579959069655 302.41195920180496 302.74862051020244 303.05129751208466 303.31573374261995 303.53812875895744 303.7152164239451 303.844338465442 303.9235129110619 303.95149285018243 303.927800284359 303.8527093444493 302.1677695146036 302.4686495735743 302.73887139122183 302.97469129284116 303.172774486679 303.33026185503246 303.44483306714966 303.5147660754033 303.53898904506394 303.51711011122046 303.4493993694697 301.9489448435858 302.21812633296867 302.45963809347285 302.6701807604842 302.84682188261996 302.9870531882618 303.0888450608151 303.15069864931 303.17169214696827 303.1515071621651 303.090409700913 301.752996022049 301.99408527744646 302.2101875525462 302.3983893388987 302.5561066572266 302.68113440139115 302.77169364030317 302.82647759387913 302.8446932080394 302.82608470286084 302.77091371259974 301.57767550131626 301.79386390140877 301.9874712120807 302.1559196827696 302.2969277823286 302.4085529282707 302.4892328063527 302.53782622695087 302.55365076528443 302.5365039436171 302.48664266332884 301.42095736512465 301.61507414962546 301.7887651012652 301.93974511803395 302.0659956350621 302.1658018107785 302.2377888378521 302.28095850941844 302.2947235541384 302.27892682839524 302.23382015401893 301.2810185986388 301.455576491889 301.6116369112238 301.7471701609527 301.86038663755227 301.9497693545716 302.0141060451118 302.05252212007434 302.0645122178047 302.049957718821 302.0091050869586 301.15622166863875 301.31345644122604 301.45391663971185 301.57579567505917 301.67750350182047 301.757695210831 301.8152995843138 301.8495490106146 301.8600086803847 301.8465926855144 301.8095419482737 301.04509842976773 301.1870033345824 301.3136704247341 301.42348809534064 301.51504033472344 301.5871319906281 301.6388143270457 301.6694123651665 301.67855208716094 301.66617533948744 301.63251742299803 300.94633534244105 301.0746912031382 301.189177234466 301.28835223354037 301.370951977305 301.4359116682296 301.4823889513735 301.5097890745793 301.5177904031889 301.5063583136111 301.47572250693116 300.85875996802145 300.9751615695266 301.078908121761 301.16870724932977 301.2434270513174 301.3021161514071 301.3440245601863 301.36862698516103 301.37564691243807 301.36506964790397 301.33711940747486 300.78132869382375 300.8872080203382 300.9815077872235 301.06306543158405 301.1308642668436 301.18405149627864 301.2219572456565 301.24411630260994 301.25029098236564 301.2404834500265 301.2149126321784 300.7131156326692 300.8097624138256 300.8957782260236 300.9701134841265 301.03185161226816 301.0802253259544 301.11463411116927 301.1346646307883 301.1401125592544 301.1309942994694 301.10752375301263 300.65330263773325 300.7418825943392 300.8206642610038 300.8886960528099 300.94514810403393 300.989327079932 301.02069233835476 301.0388752064707 301.04369994266153 301.0351949447817 301.0135694097094 300.6011703723258 300.6827414964928 300.7552407887826 300.8178012670995 300.86966782088956 300.9102107776612 300.938940950275 300.9555279589393 300.9598204565492 300.95185691106974 300.931842179479 300.55609037524613 300.63161753326443 300.6987015870143 300.75654810057614 300.80446598743475 300.8418800272503 300.8683449750389 300.8835630801219 300.88740369290656 300.8799136924661 300.86129399510105 300.51751806489875 300.58788617309375 300.65034955016074 300.70417538193084 300.7487269061135 300.7834750506973 300.8080117591863 300.82206683908794 300.8255270531078 300.8184462533146 300.8010218404556 300.4849866290152 300.55101262152834 300.6095882384465 300.6600323118436 300.70175356650844 300.7342615317181 300.7571792187386 300.7702594158484 300.7734033546109 300.76667060403275 300.750255493366 300.4581017512773 300.52054553306164 300.57591464039365 300.6235703622334 300.66295878674373 300.6936211223333 300.7152058491325 300.7274845649379 300.73037030723714 300.7239272542724 300.7083471212643 300.4365371311407 300.4961116885442 300.54891306376777 300.59433645326817 300.63185776475046 300.6610434707752 300.6815623443783 300.69320095026967 300.6958816952999 300.68967237813604 300.674762566595 300.4200307585441 300.4774115829258 300.52825008310674 300.5719673206236 300.6080619376611 300.6361196567119 300.6558247015422 300.66697502015205 300.6695001301495 300.66347055468117 300.6490741868024 300.4083819108395 300.4642158771744 300.51367048446247 300.55618500114815 300.59127406617455 300.6185369408616 300.63766870972347 300.6484753158567 300.6508912630292 300.64498897246415 300.63095513885867 300.40144884506515 300.4563626769799 300.5049941596985 300.5467933795885 300.5812844777635 300.608074755275 300.62686574365625 300.63746812935096 300.63981937109753 300.63399301005205 300.6201750211541 300.39914716458173 300.4537556093976 300.50211391383857 300.54367575264547 300.5779684184385 300.6046018783401 300.62327980139355 300.63381444626833 300.6361442506171 300.63034312578264 300.61659680667117
    </DataArray>
   </PointData>
  </Piece>
 </UnstructuredGrid>
</VTKFile>
