<?xml version="1.0"?>
<VTKFile type="UnstructuredGrid" version="0.1" byte_order="LittleEndian">
 <UnstructuredGrid>
  <Piece NumberOfPoints="561" NumberOfCells="1000">
   <Points>
    <DataArray type="Float32" NumberOfComponents="3" format="ascii">
0.0 1e-08 0.0
0.0 1.1000000000000001e-08 0.0
0.0 1.2000000000000002e-08 0.0
0.0 1.3e-08 0.0
0.0 1.4000000000000001e-08 0.0
0.0 1.5000000000000002e-08 0.0
0.0 1.6e-08 0.0
0.0 1.7e-08 0.0
0.0 1.8000000000000002e-08 0.0
0.0 1.9e-08 0.0
0.0 2e-08 0.0
1e-09 1e-08 0.0
1e-09 1.1000000000000001e-08 0.0
1e-09 1.2000000000000002e-08 0.0
1e-09 1.3e-08 0.0
1e-09 1.4000000000000001e-08 0.0
1e-09 1.5000000000000002e-08 0.0
1e-09 1.6e-08 0.0
1e-09 1.7e-08 0.0
1e-09 1.8000000000000002e-08 0.0
1e-09 1.9e-08 0.0
1e-09 2e-08 0.0
2e-09 1e-08 0.0
2e-09 1.1000000000000001e-08 0.0
2e-09 1.2000000000000002e-08 0.0
2e-09 1.3e-08 0.0
2e-09 1.4000000000000001e-08 0.0
2e-09 1.5000000000000002e-08 0.0
2e-09 1.6e-08 0.0
2e-09 1.7e-08 0.0
2e-09 1.8000000000000002e-08 0.0
2e-09 1.9e-08 0.0
2e-09 2e-08 0.0
3.0000000000000004e-09 1e-08 0.0
3.0000000000000004e-09 1.1000000000000001e-08 0.0
3.0000000000000004e-09 1.2000000000000002e-08 0.0
3.0000000000000004e-09 1.3e-08 0.0
3.0000000000000004e-09 1.4000000000000001e-08 0.0
3.0000000000000004e-09 1.5000000000000002e-08 0.0
3.0000000000000004e-09 1.6e-08 0.0
3.0000000000000004e-09 1.7e-08 0.0
3.0000000000000004e-09 1.8000000000000002e-08 0.0
3.0000000000000004e-09 1.9e-08 0.0
3.0000000000000004e-09 2e-08 0.0
4e-09 1e-08 0.0
4e-09 1.1000000000000001e-08 0.0
4e-09 1.2000000000000002e-08 0.0
4e-09 1.3e-08 0.0
4e-09 1.4000000000000001e-08 0.0
4e-09 1.5000000000000002e-08 0.0
4e-09 1.6e-08 0.0
4e-09 1.7e-08 0.0
4e-09 1.8000000000000002e-08 0.0
4e-09 1.9e-08 0.0
4e-09 2e-08 0.0
5e-09 1e-08 0.0
5e-09 1.1000000000000001e-08 0.0
5e-09 1.2000000000000002e-08 0.0
5e-09 1.3e-08 0.0
5e-09 1.4000000000000001e-08 0.0
5e-09 1.5000000000000002e-08 0.0
5e-09 1.6e-08 0.0
5e-09 1.7e-08 0.0
5e-09 1.8000000000000002e-08 0.0
5e-09 1.9e-08 0.0
5e-09 2e-08 0.0
6.000000000000001e-09 1e-08 0.0
6.000000000000001e-09 1.1000000000000001e-08 0.0
6.000000000000001e-09 1.2000000000000002e-08 0.0
6.000000000000001e-09 1.3e-08 0.0
6.000000000000001e-09 1.4000000000000001e-08 0.0
6.000000000000001e-09 1.5000000000000002e-08 0.0
6.000000000000001e-09 1.6e-08 0.0
6.000000000000001e-09 1.7e-08 0.0
6.000000000000001e-09 1.8000000000000002e-08 0.0
6.000000000000001e-09 1.9e-08 0.0
6.000000000000001e-09 2e-08 0.0
7.000000000000001e-09 1e-08 0.0
7.000000000000001e-09 1.1000000000000001e-08 0.0
7.000000000000001e-09 1.2000000000000002e-08 0.0
7.000000000000001e-09 1.3e-08 0.0
7.000000000000001e-09 1.4000000000000001e-08 0.0
7.000000000000001e-09 1.5000000000000002e-08 0.0
7.000000000000001e-09 1.6e-08 0.0
7.000000000000001e-09 1.7e-08 0.0
7.000000000000001e-09 1.8000000000000002e-08 0.0
7.000000000000001e-09 1.9e-08 0.0
7.000000000000001e-09 2e-08 0.0
8e-09 1e-08 0.0
8e-09 1.1000000000000001e-08 0.0
8e-09 1.2000000000000002e-08 0.0
8e-09 1.3e-08 0.0
8e-09 1.4000000000000001e-08 0.0
8e-09 1.5000000000000002e-08 0.0
8e-09 1.6e-08 0.0
8e-09 1.7e-08 0.0
8e-09 1.8000000000000002e-08 0.0
8e-09 1.9e-08 0.0
8e-09 2e-08 0.0
9.000000000000001e-09 1e-08 0.0
9.000000000000001e-09 1.1000000000000001e-08 0.0
9.000000000000001e-09 1.2000000000000002e-08 0.0
9.000000000000001e-09 1.3e-08 0.0
9.000000000000001e-09 1.4000000000000001e-08 0.0
9.000000000000001e-09 1.5000000000000002e-08 0.0
9.000000000000001e-09 1.6e-08 0.0
9.000000000000001e-09 1.7e-08 0.0
9.000000000000001e-09 1.8000000000000002e-08 0.0
9.000000000000001e-09 1.9e-08 0.0
9.000000000000001e-09 2e-08 0.0
1e-08 1e-08 0.0
1e-08 1.1000000000000001e-08 0.0
1e-08 1.2000000000000002e-08 0.0
1e-08 1.3e-08 0.0
1e-08 1.4000000000000001e-08 0.0
1e-08 1.5000000000000002e-08 0.0
1e-08 1.6e-08 0.0
1e-08 1.7e-08 0.0
1e-08 1.8000000000000002e-08 0.0
1e-08 1.9e-08 0.0
1e-08 2e-08 0.0
1.1000000000000001e-08 1e-08 0.0
1.1000000000000001e-08 1.1000000000000001e-08 0.0
1.1000000000000001e-08 1.2000000000000002e-08 0.0
1.1000000000000001e-08 1.3e-08 0.0
1.1000000000000001e-08 1.4000000000000001e-08 0.0
1.1000000000000001e-08 1.5000000000000002e-08 0.0
1.1000000000000001e-08 1.6e-08 0.0
1.1000000000000001e-08 1.7e-08 0.0
1.1000000000000001e-08 1.8000000000000002e-08 0.0
1.1000000000000001e-08 1.9e-08 0.0
1.1000000000000001e-08 2e-08 0.0
1.2000000000000002e-08 1e-08 0.0
1.2000000000000002e-08 1.1000000000000001e-08 0.0
1.2000000000000002e-08 1.2000000000000002e-08 0.0
1.2000000000000002e-08 1.3e-08 0.0
1.2000000000000002e-08 1.4000000000000001e-08 0.0
1.2000000000000002e-08 1.5000000000000002e-08 0.0
1.2000000000000002e-08 1.6e-08 0.0
1.2000000000000002e-08 1.7e-08 0.0
1.2000000000000002e-08 1.8000000000000002e-08 0.0
1.2000000000000002e-08 1.9e-08 0.0
1.2000000000000002e-08 2e-08 0.0
1.3e-08 1e-08 0.0
1.3e-08 1.1000000000000001e-08 0.0
1.3e-08 1.2000000000000002e-08 0.0
1.3e-08 1.3e-08 0.0
1.3e-08 1.4000000000000001e-08 0.0
1.3e-08 1.5000000000000002e-08 0.0
1.3e-08 1.6e-08 0.0
1.3e-08 1.7e-08 0.0
1.3e-08 1.8000000000000002e-08 0.0
1.3e-08 1.9e-08 0.0
1.3e-08 2e-08 0.0
1.4000000000000001e-08 1e-08 0.0
1.4000000000000001e-08 1.1000000000000001e-08 0.0
1.4000000000000001e-08 1.2000000000000002e-08 0.0
1.4000000000000001e-08 1.3e-08 0.0
1.4000000000000001e-08 1.4000000000000001e-08 0.0
1.4000000000000001e-08 1.5000000000000002e-08 0.0
1.4000000000000001e-08 1.6e-08 0.0
1.4000000000000001e-08 1.7e-08 0.0
1.4000000000000001e-08 1.8000000000000002e-08 0.0
1.4000000000000001e-08 1.9e-08 0.0
1.4000000000000001e-08 2e-08 0.0
1.5000000000000002e-08 1e-08 0.0
1.5000000000000002e-08 1.1000000000000001e-08 0.0
1.5000000000000002e-08 1.2000000000000002e-08 0.0
1.5000000000000002e-08 1.3e-08 0.0
1.5000000000000002e-08 1.4000000000000001e-08 0.0
1.5000000000000002e-08 1.5000000000000002e-08 0.0
1.5000000000000002e-08 1.6e-08 0.0
1.5000000000000002e-08 1.7e-08 0.0
1.5000000000000002e-08 1.8000000000000002e-08 0.0
1.5000000000000002e-08 1.9e-08 0.0
1.5000000000000002e-08 2e-08 0.0
1.6e-08 1e-08 0.0
1.6e-08 1.1000000000000001e-08 0.0
1.6e-08 1.2000000000000002e-08 0.0
1.6e-08 1.3e-08 0.0
1.6e-08 1.4000000000000001e-08 0.0
1.6e-08 1.5000000000000002e-08 0.0
1.6e-08 1.6e-08 0.0
1.6e-08 1.7e-08 0.0
1.6e-08 1.8000000000000002e-08 0.0
1.6e-08 1.9e-08 0.0
1.6e-08 2e-08 0.0
1.7e-08 1e-08 0.0
1.7e-08 1.1000000000000001e-08 0.0
1.7e-08 1.2000000000000002e-08 0.0
1.7e-08 1.3e-08 0.0
1.7e-08 1.4000000000000001e-08 0.0
1.7e-08 1.5000000000000002e-08 0.0
1.7e-08 1.6e-08 0.0
1.7e-08 1.7e-08 0.0
1.7e-08 1.8000000000000002e-08 0.0
1.7e-08 1.9e-08 0.0
1.7e-08 2e-08 0.0
1.8000000000000002e-08 1e-08 0.0
1.8000000000000002e-08 1.1000000000000001e-08 0.0
1.8000000000000002e-08 1.2000000000000002e-08 0.0
1.8000000000000002e-08 1.3e-08 0.0
1.8000000000000002e-08 1.4000000000000001e-08 0.0
1.8000000000000002e-08 1.5000000000000002e-08 0.0
1.8000000000000002e-08 1.6e-08 0.0
1.8000000000000002e-08 1.7e-08 0.0
1.8000000000000002e-08 1.8000000000000002e-08 0.0
1.8000000000000002e-08 1.9e-08 0.0
1.8000000000000002e-08 2e-08 0.0
1.9e-08 1e-08 0.0
1.9e-08 1.1000000000000001e-08 0.0
1.9e-08 1.2000000000000002e-08 0.0
1.9e-08 1.3e-08 0.0
1.9e-08 1.4000000000000001e-08 0.0
1.9e-08 1.5000000000000002e-08 0.0
1.9e-08 1.6e-08 0.0
1.9e-08 1.7e-08 0.0
1.9e-08 1.8000000000000002e-08 0.0
1.9e-08 1.9e-08 0.0
1.9e-08 2e-08 0.0
2e-08 1e-08 0.0
2e-08 1.1000000000000001e-08 0.0
2e-08 1.2000000000000002e-08 0.0
2e-08 1.3e-08 0.0
2e-08 1.4000000000000001e-08 0.0
2e-08 1.5000000000000002e-08 0.0
2e-08 1.6e-08 0.0
2e-08 1.7e-08 0.0
2e-08 1.8000000000000002e-08 0.0
2e-08 1.9e-08 0.0
2e-08 2e-08 0.0
2.1000000000000003e-08 1e-08 0.0
2.1000000000000003e-08 1.1000000000000001e-08 0.0
2.1000000000000003e-08 1.2000000000000002e-08 0.0
2.1000000000000003e-08 1.3e-08 0.0
2.1000000000000003e-08 1.4000000000000001e-08 0.0
2.1000000000000003e-08 1.5000000000000002e-08 0.0
2.1000000000000003e-08 1.6e-08 0.0
2.1000000000000003e-08 1.7e-08 0.0
2.1000000000000003e-08 1.8000000000000002e-08 0.0
2.1000000000000003e-08 1.9e-08 0.0
2.1000000000000003e-08 2e-08 0.0
2.2000000000000002e-08 1e-08 0.0
2.2000000000000002e-08 1.1000000000000001e-08 0.0
2.2000000000000002e-08 1.2000000000000002e-08 0.0
2.2000000000000002e-08 1.3e-08 0.0
2.2000000000000002e-08 1.4000000000000001e-08 0.0
2.2000000000000002e-08 1.5000000000000002e-08 0.0
2.2000000000000002e-08 1.6e-08 0.0
2.2000000000000002e-08 1.7e-08 0.0
2.2000000000000002e-08 1.8000000000000002e-08 0.0
2.2000000000000002e-08 1.9e-08 0.0
2.2000000000000002e-08 2e-08 0.0
2.3e-08 1e-08 0.0
2.3e-08 1.1000000000000001e-08 0.0
2.3e-08 1.2000000000000002e-08 0.0
2.3e-08 1.3e-08 0.0
2.3e-08 1.4000000000000001e-08 0.0
2.3e-08 1.5000000000000002e-08 0.0
2.3e-08 1.6e-08 0.0
2.3e-08 1.7e-08 0.0
2.3e-08 1.8000000000000002e-08 0.0
2.3e-08 1.9e-08 0.0
2.3e-08 2e-08 0.0
2.4000000000000003e-08 1e-08 0.0
2.4000000000000003e-08 1.1000000000000001e-08 0.0
2.4000000000000003e-08 1.2000000000000002e-08 0.0
2.4000000000000003e-08 1.3e-08 0.0
2.4000000000000003e-08 1.4000000000000001e-08 0.0
2.4000000000000003e-08 1.5000000000000002e-08 0.0
2.4000000000000003e-08 1.6e-08 0.0
2.4000000000000003e-08 1.7e-08 0.0
2.4000000000000003e-08 1.8000000000000002e-08 0.0
2.4000000000000003e-08 1.9e-08 0.0
2.4000000000000003e-08 2e-08 0.0
2.5000000000000002e-08 1e-08 0.0
2.5000000000000002e-08 1.1000000000000001e-08 0.0
2.5000000000000002e-08 1.2000000000000002e-08 0.0
2.5000000000000002e-08 1.3e-08 0.0
2.5000000000000002e-08 1.4000000000000001e-08 0.0
2.5000000000000002e-08 1.5000000000000002e-08 0.0
2.5000000000000002e-08 1.6e-08 0.0
2.5000000000000002e-08 1.7e-08 0.0
2.5000000000000002e-08 1.8000000000000002e-08 0.0
2.5000000000000002e-08 1.9e-08 0.0
2.5000000000000002e-08 2e-08 0.0
2.6e-08 1e-08 0.0
2.6e-08 1.1000000000000001e-08 0.0
2.6e-08 1.2000000000000002e-08 0.0
2.6e-08 1.3e-08 0.0
2.6e-08 1.4000000000000001e-08 0.0
2.6e-08 1.5000000000000002e-08 0.0
2.6e-08 1.6e-08 0.0
2.6e-08 1.7e-08 0.0
2.6e-08 1.8000000000000002e-08 0.0
2.6e-08 1.9e-08 0.0
2.6e-08 2e-08 0.0
2.7e-08 1e-08 0.0
2.7e-08 1.1000000000000001e-08 0.0
2.7e-08 1.2000000000000002e-08 0.0
2.7e-08 1.3e-08 0.0
2.7e-08 1.4000000000000001e-08 0.0
2.7e-08 1.5000000000000002e-08 0.0
2.7e-08 1.6e-08 0.0
2.7e-08 1.7e-08 0.0
2.7e-08 1.8000000000000002e-08 0.0
2.7e-08 1.9e-08 0.0
2.7e-08 2e-08 0.0
2.8000000000000003e-08 1e-08 0.0
2.8000000000000003e-08 1.1000000000000001e-08 0.0
2.8000000000000003e-08 1.2000000000000002e-08 0.0
2.8000000000000003e-08 1.3e-08 0.0
2.8000000000000003e-08 1.4000000000000001e-08 0.0
2.8000000000000003e-08 1.5000000000000002e-08 0.0
2.8000000000000003e-08 1.6e-08 0.0
2.8000000000000003e-08 1.7e-08 0.0
2.8000000000000003e-08 1.8000000000000002e-08 0.0
2.8000000000000003e-08 1.9e-08 0.0
2.8000000000000003e-08 2e-08 0.0
2.9e-08 1e-08 0.0
2.9e-08 1.1000000000000001e-08 0.0
2.9e-08 1.2000000000000002e-08 0.0
2.9e-08 1.3e-08 0.0
2.9e-08 1.4000000000000001e-08 0.0
2.9e-08 1.5000000000000002e-08 0.0
2.9e-08 1.6e-08 0.0
2.9e-08 1.7e-08 0.0
2.9e-08 1.8000000000000002e-08 0.0
2.9e-08 1.9e-08 0.0
2.9e-08 2e-08 0.0
3.0000000000000004e-08 1e-08 0.0
3.0000000000000004e-08 1.1000000000000001e-08 0.0
3.0000000000000004e-08 1.2000000000000002e-08 0.0
3.0000000000000004e-08 1.3e-08 0.0
3.0000000000000004e-08 1.4000000000000001e-08 0.0
3.0000000000000004e-08 1.5000000000000002e-08 0.0
3.0000000000000004e-08 1.6e-08 0.0
3.0000000000000004e-08 1.7e-08 0.0
3.0000000000000004e-08 1.8000000000000002e-08 0.0
3.0000000000000004e-08 1.9e-08 0.0
3.0000000000000004e-08 2e-08 0.0
3.1e-08 1e-08 0.0
3.1e-08 1.1000000000000001e-08 0.0
3.1e-08 1.2000000000000002e-08 0.0
3.1e-08 1.3e-08 0.0
3.1e-08 1.4000000000000001e-08 0.0
3.1e-08 1.5000000000000002e-08 0.0
3.1e-08 1.6e-08 0.0
3.1e-08 1.7e-08 0.0
3.1e-08 1.8000000000000002e-08 0.0
3.1e-08 1.9e-08 0.0
3.1e-08 2e-08 0.0
3.2e-08 1e-08 0.0
3.2e-08 1.1000000000000001e-08 0.0
3.2e-08 1.2000000000000002e-08 0.0
3.2e-08 1.3e-08 0.0
3.2e-08 1.4000000000000001e-08 0.0
3.2e-08 1.5000000000000002e-08 0.0
3.2e-08 1.6e-08 0.0
3.2e-08 1.7e-08 0.0
3.2e-08 1.8000000000000002e-08 0.0
3.2e-08 1.9e-08 0.0
3.2e-08 2e-08 0.0
3.3000000000000004e-08 1e-08 0.0
3.3000000000000004e-08 1.1000000000000001e-08 0.0
3.3000000000000004e-08 1.2000000000000002e-08 0.0
3.3000000000000004e-08 1.3e-08 0.0
3.3000000000000004e-08 1.4000000000000001e-08 0.0
3.3000000000000004e-08 1.5000000000000002e-08 0.0
3.3000000000000004e-08 1.6e-08 0.0
3.3000000000000004e-08 1.7e-08 0.0
3.3000000000000004e-08 1.8000000000000002e-08 0.0
3.3000000000000004e-08 1.9e-08 0.0
3.3000000000000004e-08 2e-08 0.0
3.4e-08 1e-08 0.0
3.4e-08 1.1000000000000001e-08 0.0
3.4e-08 1.2000000000000002e-08 0.0
3.4e-08 1.3e-08 0.0
3.4e-08 1.4000000000000001e-08 0.0
3.4e-08 1.5000000000000002e-08 0.0
3.4e-08 1.6e-08 0.0
3.4e-08 1.7e-08 0.0
3.4e-08 1.8000000000000002e-08 0.0
3.4e-08 1.9e-08 0.0
3.4e-08 2e-08 0.0
3.5e-08 1e-08 0.0
3.5e-08 1.1000000000000001e-08 0.0
3.5e-08 1.2000000000000002e-08 0.0
3.5e-08 1.3e-08 0.0
3.5e-08 1.4000000000000001e-08 0.0
3.5e-08 1.5000000000000002e-08 0.0
3.5e-08 1.6e-08 0.0
3.5e-08 1.7e-08 0.0
3.5e-08 1.8000000000000002e-08 0.0
3.5e-08 1.9e-08 0.0
3.5e-08 2e-08 0.0
3.6000000000000005e-08 1e-08 0.0
3.6000000000000005e-08 1.1000000000000001e-08 0.0
3.6000000000000005e-08 1.2000000000000002e-08 0.0
3.6000000000000005e-08 1.3e-08 0.0
3.6000000000000005e-08 1.4000000000000001e-08 0.0
3.6000000000000005e-08 1.5000000000000002e-08 0.0
3.6000000000000005e-08 1.6e-08 0.0
3.6000000000000005e-08 1.7e-08 0.0
3.6000000000000005e-08 1.8000000000000002e-08 0.0
3.6000000000000005e-08 1.9e-08 0.0
3.6000000000000005e-08 2e-08 0.0
3.7e-08 1e-08 0.0
3.7e-08 1.1000000000000001e-08 0.0
3.7e-08 1.2000000000000002e-08 0.0
3.7e-08 1.3e-08 0.0
3.7e-08 1.4000000000000001e-08 0.0
3.7e-08 1.5000000000000002e-08 0.0
3.7e-08 1.6e-08 0.0
3.7e-08 1.7e-08 0.0
3.7e-08 1.8000000000000002e-08 0.0
3.7e-08 1.9e-08 0.0
3.7e-08 2e-08 0.0
3.8e-08 1e-08 0.0
3.8e-08 1.1000000000000001e-08 0.0
3.8e-08 1.2000000000000002e-08 0.0
3.8e-08 1.3e-08 0.0
3.8e-08 1.4000000000000001e-08 0.0
3.8e-08 1.5000000000000002e-08 0.0
3.8e-08 1.6e-08 0.0
3.8e-08 1.7e-08 0.0
3.8e-08 1.8000000000000002e-08 0.0
3.8e-08 1.9e-08 0.0
3.8e-08 2e-08 0.0
3.9000000000000005e-08 1e-08 0.0
3.9000000000000005e-08 1.1000000000000001e-08 0.0
3.9000000000000005e-08 1.2000000000000002e-08 0.0
3.9000000000000005e-08 1.3e-08 0.0
3.9000000000000005e-08 1.4000000000000001e-08 0.0
3.9000000000000005e-08 1.5000000000000002e-08 0.0
3.9000000000000005e-08 1.6e-08 0.0
3.9000000000000005e-08 1.7e-08 0.0
3.9000000000000005e-08 1.8000000000000002e-08 0.0
3.9000000000000005e-08 1.9e-08 0.0
3.9000000000000005e-08 2e-08 0.0
4e-08 1e-08 0.0
4e-08 1.1000000000000001e-08 0.0
4e-08 1.2000000000000002e-08 0.0
4e-08 1.3e-08 0.0
4e-08 1.4000000000000001e-08 0.0
4e-08 1.5000000000000002e-08 0.0
4e-08 1.6e-08 0.0
4e-08 1.7e-08 0.0
4e-08 1.8000000000000002e-08 0.0
4e-08 1.9e-08 0.0
4e-08 2e-08 0.0
4.1e-08 1e-08 0.0
4.1e-08 1.1000000000000001e-08 0.0
4.1e-08 1.2000000000000002e-08 0.0
4.1e-08 1.3e-08 0.0
4.1e-08 1.4000000000000001e-08 0.0
4.1e-08 1.5000000000000002e-08 0.0
4.1e-08 1.6e-08 0.0
4.1e-08 1.7e-08 0.0
4.1e-08 1.8000000000000002e-08 0.0
4.1e-08 1.9e-08 0.0
4.1e-08 2e-08 0.0
4.2000000000000006e-08 1e-08 0.0
4.2000000000000006e-08 1.1000000000000001e-08 0.0
4.2000000000000006e-08 1.2000000000000002e-08 0.0
4.2000000000000006e-08 1.3e-08 0.0
4.2000000000000006e-08 1.4000000000000001e-08 0.0
4.2000000000000006e-08 1.5000000000000002e-08 0.0
4.2000000000000006e-08 1.6e-08 0.0
4.2000000000000006e-08 1.7e-08 0.0
4.2000000000000006e-08 1.8000000000000002e-08 0.0
4.2000000000000006e-08 1.9e-08 0.0
4.2000000000000006e-08 2e-08 0.0
4.3e-08 1e-08 0.0
4.3e-08 1.1000000000000001e-08 0.0
4.3e-08 1.2000000000000002e-08 0.0
4.3e-08 1.3e-08 0.0
4.3e-08 1.4000000000000001e-08 0.0
4.3e-08 1.5000000000000002e-08 0.0
4.3e-08 1.6e-08 0.0
4.3e-08 1.7e-08 0.0
4.3e-08 1.8000000000000002e-08 0.0
4.3e-08 1.9e-08 0.0
4.3e-08 2e-08 0.0
4.4000000000000004e-08 1e-08 0.0
4.4000000000000004e-08 1.1000000000000001e-08 0.0
4.4000000000000004e-08 1.2000000000000002e-08 0.0
4.4000000000000004e-08 1.3e-08 0.0
4.4000000000000004e-08 1.4000000000000001e-08 0.0
4.4000000000000004e-08 1.5000000000000002e-08 0.0
4.4000000000000004e-08 1.6e-08 0.0
4.4000000000000004e-08 1.7e-08 0.0
4.4000000000000004e-08 1.8000000000000002e-08 0.0
4.4000000000000004e-08 1.9e-08 0.0
4.4000000000000004e-08 2e-08 0.0
4.5000000000000006e-08 1e-08 0.0
4.5000000000000006e-08 1.1000000000000001e-08 0.0
4.5000000000000006e-08 1.2000000000000002e-08 0.0
4.5000000000000006e-08 1.3e-08 0.0
4.5000000000000006e-08 1.4000000000000001e-08 0.0
4.5000000000000006e-08 1.5000000000000002e-08 0.0
4.5000000000000006e-08 1.6e-08 0.0
4.5000000000000006e-08 1.7e-08 0.0
4.5000000000000006e-08 1.8000000000000002e-08 0.0
4.5000000000000006e-08 1.9e-08 0.0
4.5000000000000006e-08 2e-08 0.0
4.6e-08 1e-08 0.0
4.6e-08 1.1000000000000001e-08 0.0
4.6e-08 1.2000000000000002e-08 0.0
4.6e-08 1.3e-08 0.0
4.6e-08 1.4000000000000001e-08 0.0
4.6e-08 1.5000000000000002e-08 0.0
4.6e-08 1.6e-08 0.0
4.6e-08 1.7e-08 0.0
4.6e-08 1.8000000000000002e-08 0.0
4.6e-08 1.9e-08 0.0
4.6e-08 2e-08 0.0
4.7000000000000004e-08 1e-08 0.0
4.7000000000000004e-08 1.1000000000000001e-08 0.0
4.7000000000000004e-08 1.2000000000000002e-08 0.0
4.7000000000000004e-08 1.3e-08 0.0
4.7000000000000004e-08 1.4000000000000001e-08 0.0
4.7000000000000004e-08 1.5000000000000002e-08 0.0
4.7000000000000004e-08 1.6e-08 0.0
4.7000000000000004e-08 1.7e-08 0.0
4.7000000000000004e-08 1.8000000000000002e-08 0.0
4.7000000000000004e-08 1.9e-08 0.0
4.7000000000000004e-08 2e-08 0.0
4.8000000000000006e-08 1e-08 0.0
4.8000000000000006e-08 1.1000000000000001e-08 0.0
4.8000000000000006e-08 1.2000000000000002e-08 0.0
4.8000000000000006e-08 1.3e-08 0.0
4.8000000000000006e-08 1.4000000000000001e-08 0.0
4.8000000000000006e-08 1.5000000000000002e-08 0.0
4.8000000000000006e-08 1.6e-08 0.0
4.8000000000000006e-08 1.7e-08 0.0
4.8000000000000006e-08 1.8000000000000002e-08 0.0
4.8000000000000006e-08 1.9e-08 0.0
4.8000000000000006e-08 2e-08 0.0
4.9e-08 1e-08 0.0
4.9e-08 1.1000000000000001e-08 0.0
4.9e-08 1.2000000000000002e-08 0.0
4.9e-08 1.3e-08 0.0
4.9e-08 1.4000000000000001e-08 0.0
4.9e-08 1.5000000000000002e-08 0.0
4.9e-08 1.6e-08 0.0
4.9e-08 1.7e-08 0.0
4.9e-08 1.8000000000000002e-08 0.0
4.9e-08 1.9e-08 0.0
4.9e-08 2e-08 0.0
5.0000000000000004e-08 1e-08 0.0
5.0000000000000004e-08 1.1000000000000001e-08 0.0
5.0000000000000004e-08 1.2000000000000002e-08 0.0
5.0000000000000004e-08 1.3e-08 0.0
5.0000000000000004e-08 1.4000000000000001e-08 0.0
5.0000000000000004e-08 1.5000000000000002e-08 0.0
5.0000000000000004e-08 1.6e-08 0.0
5.0000000000000004e-08 1.7e-08 0.0
5.0000000000000004e-08 1.8000000000000002e-08 0.0
5.0000000000000004e-08 1.9e-08 0.0
5.0000000000000004e-08 2e-08 0.0
    </DataArray>
   </Points>
   <Cells>
    <DataArray type="Int32" Name="connectivity" format="ascii">
0 11 1
11 12 1
1 12 2
12 13 2
2 13 3
13 14 3
3 14 4
14 15 4
4 15 5
15 16 5
5 16 6
16 17 6
6 17 7
17 18 7
7 18 8
18 19 8
8 19 9
19 20 9
9 20 10
20 21 10
11 22 12
22 23 12
12 23 13
23 24 13
13 24 14
24 25 14
14 25 15
25 26 15
15 26 16
26 27 16
16 27 17
27 28 17
17 28 18
28 29 18
18 29 19
29 30 19
19 30 20
30 31 20
20 31 21
31 32 21
22 33 23
33 34 23
23 34 24
34 35 24
24 35 25
35 36 25
25 36 26
36 37 26
26 37 27
37 38 27
27 38 28
38 39 28
28 39 29
39 40 29
29 40 30
40 41 30
30 41 31
41 42 31
31 42 32
42 43 32
33 44 34
44 45 34
34 45 35
45 46 35
35 46 36
46 47 36
36 47 37
47 48 37
37 48 38
48 49 38
38 49 39
49 50 39
39 50 40
50 51 40
40 51 41
51 52 41
41 52 42
52 53 42
42 53 43
53 54 43
44 55 45
55 56 45
45 56 46
56 57 46
46 57 47
57 58 47
47 58 48
58 59 48
48 59 49
59 60 49
49 60 50
60 61 50
50 61 51
61 62 51
51 62 52
62 63 52
52 63 53
63 64 53
53 64 54
64 65 54
55 66 56
66 67 56
56 67 57
67 68 57
57 68 58
68 69 58
58 69 59
69 70 59
59 70 60
70 71 60
60 71 61
71 72 61
61 72 62
72 73 62
62 73 63
73 74 63
63 74 64
74 75 64
64 75 65
75 76 65
66 77 67
77 78 67
67 78 68
78 79 68
68 79 69
79 80 69
69 80 70
80 81 70
70 81 71
81 82 71
71 82 72
82 83 72
72 83 73
83 84 73
73 84 74
84 85 74
74 85 75
85 86 75
75 86 76
86 87 76
77 88 78
88 89 78
78 89 79
89 90 79
79 90 80
90 91 80
80 91 81
91 92 81
81 92 82
92 93 82
82 93 83
93 94 83
83 94 84
94 95 84
84 95 85
95 96 85
85 96 86
96 97 86
86 97 87
97 98 87
88 99 89
99 100 89
89 100 90
100 101 90
90 101 91
101 102 91
91 102 92
102 103 92
92 103 93
103 104 93
93 104 94
104 105 94
94 105 95
105 106 95
95 106 96
106 107 96
96 107 97
107 108 97
97 108 98
108 109 98
99 110 100
110 111 100
100 111 101
111 112 101
101 112 102
112 113 102
102 113 103
113 114 103
103 114 104
114 115 104
104 115 105
115 116 105
105 116 106
116 117 106
106 117 107
117 118 107
107 118 108
118 119 108
108 119 109
119 120 109
110 121 111
121 122 111
111 122 112
122 123 112
112 123 113
123 124 113
113 124 114
124 125 114
114 125 115
125 126 115
115 126 116
126 127 116
116 127 117
127 128 117
117 128 118
128 129 118
118 129 119
129 130 119
119 130 120
130 131 120
121 132 122
132 133 122
122 133 123
133 134 123
123 134 124
134 135 124
124 135 125
135 136 125
125 136 126
136 137 126
126 137 127
137 138 127
127 138 128
138 139 128
128 139 129
139 140 129
129 140 130
140 141 130
130 141 131
141 142 131
132 143 133
143 144 133
133 144 134
144 145 134
134 145 135
145 146 135
135 146 136
146 147 136
136 147 137
147 148 137
137 148 138
148 149 138
138 149 139
149 150 139
139 150 140
150 151 140
140 151 141
151 152 141
141 152 142
152 153 142
143 154 144
154 155 144
144 155 145
155 156 145
145 156 146
156 157 146
146 157 147
157 158 147
147 158 148
158 159 148
148 159 149
159 160 149
149 160 150
160 161 150
150 161 151
161 162 151
151 162 152
162 163 152
152 163 153
163 164 153
154 165 155
165 166 155
155 166 156
166 167 156
156 167 157
167 168 157
157 168 158
168 169 158
158 169 159
169 170 159
159 170 160
170 171 160
160 171 161
171 172 161
161 172 162
172 173 162
162 173 163
173 174 163
163 174 164
174 175 164
165 176 166
176 177 166
166 177 167
177 178 167
167 178 168
178 179 168
168 179 169
179 180 169
169 180 170
180 181 170
170 181 171
181 182 171
171 182 172
182 183 172
172 183 173
183 184 173
173 184 174
184 185 174
174 185 175
185 186 175
176 187 177
187 188 177
177 188 178
188 189 178
178 189 179
189 190 179
179 190 180
190 191 180
180 191 181
191 192 181
181 192 182
192 193 182
182 193 183
193 194 183
183 194 184
194 195 184
184 195 185
195 196 185
185 196 186
196 197 186
187 198 188
198 199 188
188 199 189
199 200 189
189 200 190
200 201 190
190 201 191
201 202 191
191 202 192
202 203 192
192 203 193
203 204 193
193 204 194
204 205 194
194 205 195
205 206 195
195 206 196
206 207 196
196 207 197
207 208 197
198 209 199
209 210 199
199 210 200
210 211 200
200 211 201
211 212 201
201 212 202
212 213 202
202 213 203
213 214 203
203 214 204
214 215 204
204 215 205
215 216 205
205 216 206
216 217 206
206 217 207
217 218 207
207 218 208
218 219 208
209 220 210
220 221 210
210 221 211
221 222 211
211 222 212
222 223 212
212 223 213
223 224 213
213 224 214
224 225 214
214 225 215
225 226 215
215 226 216
226 227 216
216 227 217
227 228 217
217 228 218
228 229 218
218 229 219
229 230 219
220 231 221
231 232 221
221 232 222
232 233 222
222 233 223
233 234 223
223 234 224
234 235 224
224 235 225
235 236 225
225 236 226
236 237 226
226 237 227
237 238 227
227 238 228
238 239 228
228 239 229
239 240 229
229 240 230
240 241 230
231 242 232
242 243 232
232 243 233
243 244 233
233 244 234
244 245 234
234 245 235
245 246 235
235 246 236
246 247 236
236 247 237
247 248 237
237 248 238
248 249 238
238 249 239
249 250 239
239 250 240
250 251 240
240 251 241
251 252 241
242 253 243
253 254 243
243 254 244
254 255 244
244 255 245
255 256 245
245 256 246
256 257 246
246 257 247
257 258 247
247 258 248
258 259 248
248 259 249
259 260 249
249 260 250
260 261 250
250 261 251
261 262 251
251 262 252
262 263 252
253 264 254
264 265 254
254 265 255
265 266 255
255 266 256
266 267 256
256 267 257
267 268 257
257 268 258
268 269 258
258 269 259
269 270 259
259 270 260
270 271 260
260 271 261
271 272 261
261 272 262
272 273 262
262 273 263
273 274 263
264 275 265
275 276 265
265 276 266
276 277 266
266 277 267
277 278 267
267 278 268
278 279 268
268 279 269
279 280 269
269 280 270
280 281 270
270 281 271
281 282 271
271 282 272
282 283 272
272 283 273
283 284 273
273 284 274
284 285 274
275 286 287
275 287 276
276 287 288
276 288 277
277 288 289
277 289 278
278 289 290
278 290 279
279 290 291
279 291 280
280 291 292
280 292 281
281 292 293
281 293 282
282 293 294
282 294 283
283 294 295
283 295 284
284 295 296
284 296 285
286 297 298
286 298 287
287 298 299
287 299 288
288 299 300
288 300 289
289 300 301
289 301 290
290 301 302
290 302 291
291 302 303
291 303 292
292 303 304
292 304 293
293 304 305
293 305 294
294 305 306
294 306 295
295 306 307
295 307 296
297 308 309
297 309 298
298 309 310
298 310 299
299 310 311
299 311 300
300 311 312
300 312 301
301 312 313
301 313 302
302 313 314
302 314 303
303 314 315
303 315 304
304 315 316
304 316 305
305 316 317
305 317 306
306 317 318
306 318 307
308 319 320
308 320 309
309 320 321
309 321 310
310 321 322
310 322 311
311 322 323
311 323 312
312 323 324
312 324 313
313 324 325
313 325 314
314 325 326
314 326 315
315 326 327
315 327 316
316 327 328
316 328 317
317 328 329
317 329 318
319 330 331
319 331 320
320 331 332
320 332 321
321 332 333
321 333 322
322 333 334
322 334 323
323 334 335
323 335 324
324 335 336
324 336 325
325 336 337
325 337 326
326 337 338
326 338 327
327 338 339
327 339 328
328 339 340
328 340 329
330 341 342
330 342 331
331 342 343
331 343 332
332 343 344
332 344 333
333 344 345
333 345 334
334 345 346
334 346 335
335 346 347
335 347 336
336 347 348
336 348 337
337 348 349
337 349 338
338 349 350
338 350 339
339 350 351
339 351 340
341 352 353
341 353 342
342 353 354
342 354 343
343 354 355
343 355 344
344 355 356
344 356 345
345 356 357
345 357 346
346 357 358
346 358 347
347 358 359
347 359 348
348 359 360
348 360 349
349 360 361
349 361 350
350 361 362
350 362 351
352 363 364
352 364 353
353 364 365
353 365 354
354 365 366
354 366 355
355 366 367
355 367 356
356 367 368
356 368 357
357 368 369
357 369 358
358 369 370
358 370 359
359 370 371
359 371 360
360 371 372
360 372 361
361 372 373
361 373 362
363 374 375
363 375 364
364 375 376
364 376 365
365 376 377
365 377 366
366 377 378
366 378 367
367 378 379
367 379 368
368 379 380
368 380 369
369 380 381
369 381 370
370 381 382
370 382 371
371 382 383
371 383 372
372 383 384
372 384 373
374 385 386
374 386 375
375 386 387
375 387 376
376 387 388
376 388 377
377 388 389
377 389 378
378 389 390
378 390 379
379 390 391
379 391 380
380 391 392
380 392 381
381 392 393
381 393 382
382 393 394
382 394 383
383 394 395
383 395 384
385 396 397
385 397 386
386 397 398
386 398 387
387 398 399
387 399 388
388 399 400
388 400 389
389 400 401
389 401 390
390 401 402
390 402 391
391 402 403
391 403 392
392 403 404
392 404 393
393 404 405
393 405 394
394 405 406
394 406 395
396 407 408
396 408 397
397 408 409
397 409 398
398 409 410
398 410 399
399 410 411
399 411 400
400 411 412
400 412 401
401 412 413
401 413 402
402 413 414
402 414 403
403 414 415
403 415 404
404 415 416
404 416 405
405 416 417
405 417 406
407 418 419
407 419 408
408 419 420
408 420 409
409 420 421
409 421 410
410 421 422
410 422 411
411 422 423
411 423 412
412 423 424
412 424 413
413 424 425
413 425 414
414 425 426
414 426 415
415 426 427
415 427 416
416 427 428
416 428 417
418 429 430
418 430 419
419 430 431
419 431 420
420 431 432
420 432 421
421 432 433
421 433 422
422 433 434
422 434 423
423 434 435
423 435 424
424 435 436
424 436 425
425 436 437
425 437 426
426 437 438
426 438 427
427 438 439
427 439 428
429 440 441
429 441 430
430 441 442
430 442 431
431 442 443
431 443 432
432 443 444
432 444 433
433 444 445
433 445 434
434 445 446
434 446 435
435 446 447
435 447 436
436 447 448
436 448 437
437 448 449
437 449 438
438 449 450
438 450 439
440 451 452
440 452 441
441 452 453
441 453 442
442 453 454
442 454 443
443 454 455
443 455 444
444 455 456
444 456 445
445 456 457
445 457 446
446 457 458
446 458 447
447 458 459
447 459 448
448 459 460
448 460 449
449 460 461
449 461 450
451 462 463
451 463 452
452 463 464
452 464 453
453 464 465
453 465 454
454 465 466
454 466 455
455 466 467
455 467 456
456 467 468
456 468 457
457 468 469
457 469 458
458 469 470
458 470 459
459 470 471
459 471 460
460 471 472
460 472 461
462 473 474
462 474 463
463 474 475
463 475 464
464 475 476
464 476 465
465 476 477
465 477 466
466 477 478
466 478 467
467 478 479
467 479 468
468 479 480
468 480 469
469 480 481
469 481 470
470 481 482
470 482 471
471 482 483
471 483 472
473 484 485
473 485 474
474 485 486
474 486 475
475 486 487
475 487 476
476 487 488
476 488 477
477 488 489
477 489 478
478 489 490
478 490 479
479 490 491
479 491 480
480 491 492
480 492 481
481 492 493
481 493 482
482 493 494
482 494 483
484 495 496
484 496 485
485 496 497
485 497 486
486 497 498
486 498 487
487 498 499
487 499 488
488 499 500
488 500 489
489 500 501
489 501 490
490 501 502
490 502 491
491 502 503
491 503 492
492 503 504
492 504 493
493 504 505
493 505 494
495 506 507
495 507 496
496 507 508
496 508 497
497 508 509
497 509 498
498 509 510
498 510 499
499 510 511
499 511 500
500 511 512
500 512 501
501 512 513
501 513 502
502 513 514
502 514 503
503 514 515
503 515 504
504 515 516
504 516 505
506 517 518
506 518 507
507 518 519
507 519 508
508 519 520
508 520 509
509 520 521
509 521 510
510 521 522
510 522 511
511 522 523
511 523 512
512 523 524
512 524 513
513 524 525
513 525 514
514 525 526
514 526 515
515 526 527
515 527 516
517 528 529
517 529 518
518 529 530
518 530 519
519 530 531
519 531 520
520 531 532
520 532 521
521 532 533
521 533 522
522 533 534
522 534 523
523 534 535
523 535 524
524 535 536
524 536 525
525 536 537
525 537 526
526 537 538
526 538 527
528 539 540
528 540 529
529 540 541
529 541 530
530 541 542
530 542 531
531 542 543
531 543 532
532 543 544
532 544 533
533 544 545
533 545 534
534 545 546
534 546 535
535 546 547
535 547 536
536 547 548
536 548 537
537 548 549
537 549 538
539 550 551
539 551 540
540 551 552
540 552 541
541 552 553
541 553 542
542 553 554
542 554 543
543 554 555
543 555 544
544 555 556
544 556 545
545 556 557
545 557 546
546 557 558
546 558 547
547 558 559
547 559 548
548 559 560
548 560 549
    </DataArray>
    <DataArray type="Int32" Name="offsets" format="ascii">
3 6 9 12 15 18 21 24 27 30 33 36 39 42 45 48 51 54 57 60 63 66 69 72 75 78 81 84 87 90 93 96 99 102 105 108 111 114 117 120 123 126 129 132 135 138 141 144 147 150 153 156 159 162 165 168 171 174 177 180 183 186 189 192 195 198 201 204 207 210 213 216 219 222 225 228 231 234 237 240 243 246 249 252 255 258 261 264 267 270 273 276 279 282 285 288 291 294 297 300 303 306 309 312 315 318 321 324 327 330 333 336 339 342 345 348 351 354 357 360 363 366 369 372 375 378 381 384 387 390 393 396 399 402 405 408 411 414 417 420 423 426 429 432 435 438 441 444 447 450 453 456 459 462 465 468 471 474 477 480 483 486 489 492 495 498 501 504 507 510 513 516 519 522 525 528 531 534 537 540 543 546 549 552 555 558 561 564 567 570 573 576 579 582 585 588 591 594 597 600 603 606 609 612 615 618 621 624 627 630 633 636 639 642 645 648 651 654 657 660 663 666 669 672 675 678 681 684 687 690 693 696 699 702 705 708 711 714 717 720 723 726 729 732 735 738 741 744 747 750 753 756 759 762 765 768 771 774 777 780 783 786 789 792 795 798 801 804 807 810 813 816 819 822 825 828 831 834 837 840 843 846 849 852 855 858 861 864 867 870 873 876 879 882 885 888 891 894 897 900 903 906 909 912 915 918 921 924 927 930 933 936 939 942 945 948 951 954 957 960 963 966 969 972 975 978 981 984 987 990 993 996 999 1002 1005 1008 1011 1014 1017 1020 1023 1026 1029 1032 1035 1038 1041 1044 1047 1050 1053 1056 1059 1062 1065 1068 1071 1074 1077 1080 1083 1086 1089 1092 1095 1098 1101 1104 1107 1110 1113 1116 1119 1122 1125 1128 1131 1134 1137 1140 1143 1146 1149 1152 1155 1158 1161 1164 1167 1170 1173 1176 1179 1182 1185 1188 1191 1194 1197 1200 1203 1206 1209 1212 1215 1218 1221 1224 1227 1230 1233 1236 1239 1242 1245 1248 1251 1254 1257 1260 1263 1266 1269 1272 1275 1278 1281 1284 1287 1290 1293 1296 1299 1302 1305 1308 1311 1314 1317 1320 1323 1326 1329 1332 1335 1338 1341 1344 1347 1350 1353 1356 1359 1362 1365 1368 1371 1374 1377 1380 1383 1386 1389 1392 1395 1398 1401 1404 1407 1410 1413 1416 1419 1422 1425 1428 1431 1434 1437 1440 1443 1446 1449 1452 1455 1458 1461 1464 1467 1470 1473 1476 1479 1482 1485 1488 1491 1494 1497 1500 1503 1506 1509 1512 1515 1518 1521 1524 1527 1530 1533 1536 1539 1542 1545 1548 1551 1554 1557 1560 1563 1566 1569 1572 1575 1578 1581 1584 1587 1590 1593 1596 1599 1602 1605 1608 1611 1614 1617 1620 1623 1626 1629 1632 1635 1638 1641 1644 1647 1650 1653 1656 1659 1662 1665 1668 1671 1674 1677 1680 1683 1686 1689 1692 1695 1698 1701 1704 1707 1710 1713 1716 1719 1722 1725 1728 1731 1734 1737 1740 1743 1746 1749 1752 1755 1758 1761 1764 1767 1770 1773 1776 1779 1782 1785 1788 1791 1794 1797 1800 1803 1806 1809 1812 1815 1818 1821 1824 1827 1830 1833 1836 1839 1842 1845 1848 1851 1854 1857 1860 1863 1866 1869 1872 1875 1878 1881 1884 1887 1890 1893 1896 1899 1902 1905 1908 1911 1914 1917 1920 1923 1926 1929 1932 1935 1938 1941 1944 1947 1950 1953 1956 1959 1962 1965 1968 1971 1974 1977 1980 1983 1986 1989 1992 1995 1998 2001 2004 2007 2010 2013 2016 2019 2022 2025 2028 2031 2034 2037 2040 2043 2046 2049 2052 2055 2058 2061 2064 2067 2070 2073 2076 2079 2082 2085 2088 2091 2094 2097 2100 2103 2106 2109 2112 2115 2118 2121 2124 2127 2130 2133 2136 2139 2142 2145 2148 2151 2154 2157 2160 2163 2166 2169 2172 2175 2178 2181 2184 2187 2190 2193 2196 2199 2202 2205 2208 2211 2214 2217 2220 2223 2226 2229 2232 2235 2238 2241 2244 2247 2250 2253 2256 2259 2262 2265 2268 2271 2274 2277 2280 2283 2286 2289 2292 2295 2298 2301 2304 2307 2310 2313 2316 2319 2322 2325 2328 2331 2334 2337 2340 2343 2346 2349 2352 2355 2358 2361 2364 2367 2370 2373 2376 2379 2382 2385 2388 2391 2394 2397 2400 2403 2406 2409 2412 2415 2418 2421 2424 2427 2430 2433 2436 2439 2442 2445 2448 2451 2454 2457 2460 2463 2466 2469 2472 2475 2478 2481 2484 2487 2490 2493 2496 2499 2502 2505 2508 2511 2514 2517 2520 2523 2526 2529 2532 2535 2538 2541 2544 2547 2550 2553 2556 2559 2562 2565 2568 2571 2574 2577 2580 2583 2586 2589 2592 2595 2598 2601 2604 2607 2610 2613 2616 2619 2622 2625 2628 2631 2634 2637 2640 2643 2646 2649 2652 2655 2658 2661 2664 2667 2670 2673 2676 2679 2682 2685 2688 2691 2694 2697 2700 2703 2706 2709 2712 2715 2718 2721 2724 2727 2730 2733 2736 2739 2742 2745 2748 2751 2754 2757 2760 2763 2766 2769 2772 2775 2778 2781 2784 2787 2790 2793 2796 2799 2802 2805 2808 2811 2814 2817 2820 2823 2826 2829 2832 2835 2838 2841 2844 2847 2850 2853 2856 2859 2862 2865 2868 2871 2874 2877 2880 2883 2886 2889 2892 2895 2898 2901 2904 2907 2910 2913 2916 2919 2922 2925 2928 2931 2934 2937 2940 2943 2946 2949 2952 2955 2958 2961 2964 2967 2970 2973 2976 2979 2982 2985 2988 2991 2994 2997 3000
    </DataArray>
    <DataArray type="UInt8" Name="types" format="ascii">
5 5 5 5 5 5 5 5 5 5 5 5 5 5 5 5 5 5 5 5 5 5 5 5 5 5 5 5 5 5 5 5 5 5 5 5 5 5 5 5 5 5 5 5 5 5 5 5 5 5 5 5 5 5 5 5 5 5 5 5 5 5 5 5 5 5 5 5 5 5 5 5 5 5 5 5 5 5 5 5 5 5 5 5 5 5 5 5 5 5 5 5 5 5 5 5 5 5 5 5 5 5 5 5 5 5 5 5 5 5 5 5 5 5 5 5 5 5 5 5 5 5 5 5 5 5 5 5 5 5 5 5 5 5 5 5 5 5 5 5 5 5 5 5 5 5 5 5 5 5 5 5 5 5 5 5 5 5 5 5 5 5 5 5 5 5 5 5 5 5 5 5 5 5 5 5 5 5 5 5 5 5 5 5 5 5 5 5 5 5 5 5 5 5 5 5 5 5 5 5 5 5 5 5 5 5 5 5 5 5 5 5 5 5 5 5 5 5 5 5 5 5 5 5 5 5 5 5 5 5 5 5 5 5 5 5 5 5 5 5 5 5 5 5 5 5 5 5 5 5 5 5 5 5 5 5 5 5 5 5 5 5 5 5 5 5 5 5 5 5 5 5 5 5 5 5 5 5 5 5 5 5 5 5 5 5 5 5 5 5 5 5 5 5 5 5 5 5 5 5 5 5 5 5 5 5 5 5 5 5 5 5 5 5 5 5 5 5 5 5 5 5 5 5 5 5 5 5 5 5 5 5 5 5 5 5 5 5 5 5 5 5 5 5 5 5 5 5 5 5 5 5 5 5 5 5 5 5 5 5 5 5 5 5 5 5 5 5 5 5 5 5 5 5 5 5 5 5 5 5 5 5 5 5 5 5 5 5 5 5 5 5 5 5 5 5 5 5 5 5 5 5 5 5 5 5 5 5 5 5 5 5 5 5 5 5 5 5 5 5 5 5 5 5 5 5 5 5 5 5 5 5 5 5 5 5 5 5 5 5 5 5 5 5 5 5 5 5 5 5 5 5 5 5 5 5 5 5 5 5 5 5 5 5 5 5 5 5 5 5 5 5 5 5 5 5 5 5 5 5 5 5 5 5 5 5 5 5 5 5 5 5 5 5 5 5 5 5 5 5 5 5 5 5 5 5 5 5 5 5 5 5 5 5 5 5 5 5 5 5 5 5 5 5 5 5 5 5 5 5 5 5 5 5 5 5 5 5 5 5 5 5 5 5 5 5 5 5 5 5 5 5 5 5 5 5 5 5 5 5 5 5 5 5 5 5 5 5 5 5 5 5 5 5 5 5 5 5 5 5 5 5 5 5 5 5 5 5 5 5 5 5 5 5 5 5 5 5 5 5 5 5 5 5 5 5 5 5 5 5 5 5 5 5 5 5 5 5 5 5 5 5 5 5 5 5 5 5 5 5 5 5 5 5 5 5 5 5 5 5 5 5 5 5 5 5 5 5 5 5 5 5 5 5 5 5 5 5 5 5 5 5 5 5 5 5 5 5 5 5 5 5 5 5 5 5 5 5 5 5 5 5 5 5 5 5 5 5 5 5 5 5 5 5 5 5 5 5 5 5 5 5 5 5 5 5 5 5 5 5 5 5 5 5 5 5 5 5 5 5 5 5 5 5 5 5 5 5 5 5 5 5 5 5 5 5 5 5 5 5 5 5 5 5 5 5 5 5 5 5 5 5 5 5 5 5 5 5 5 5 5 5 5 5 5 5 5 5 5 5 5 5 5 5 5 5 5 5 5 5 5 5 5 5 5 5 5 5 5 5 5 5 5 5 5 5 5 5 5 5 5 5 5 5 5 5 5 5 5 5 5 5 5 5 5 5 5 5 5 5 5 5 5 5 5 5 5 5 5 5 5 5 5 5 5 5 5 5 5 5 5 5 5 5 5 5 5 5 5 5 5 5 5 5 5 5 5 5 5 5 5 5 5 5 5 5 5 5 5 5 5 5 5 5 5 5 5 5 5 5 5 5 5 5 5 5 5 5 5 5 5 5 5 5 5 5 5 5 5 5 5 5 5 5 5 5 5 5 5 5 5 5 5 5 5 5 5 5 5 5 5 5 5 5 5 5 5 5 5 5 5 5 5 5 5 5 5 5 5 5 5 5 5 5 5 5 5 5 5 5 5 5 5 5 5 5 5 5 5 5 5 5 5 5 5 5 5 5 5 5 5 5 5 5 5 5 5 5 5 5 5 5 5 5 5 5 5 5 5 5 5 5 5 5 5 5 5 5 5 5
    </DataArray>
   </Cells>
   <PointData>
    <DataArray type="Float32" Name="Acceptor Doping [log10(m^-3)]" NumberOfComponents="1" format="ascii">
0.0 0.0 0.0 0.0 0.0 0.0 0.0 0.0 0.0 0.0 0.0 0.0 0.0 0.0 0.0 0.0 0.0 0.0 0.0 0.0 0.0 0.0 0.0 0.0 0.0 0.0 0.0 0.0 0.0 0.0 0.0 0.0 0.0 0.0 0.0 0.0 0.0 0.0 0.0 0.0 0.0 0.0 0.0 0.0 0.0 0.0 0.0 0.0 0.0 0.0 0.0 0.0 0.0 0.0 0.0 0.0 0.0 0.0 0.0 0.0 0.0 0.0 0.0 0.0 0.0 0.0 0.0 0.0 0.0 0.0 0.0 0.0 0.0 0.0 0.0 0.0 0.0 0.0 0.0 0.0 0.0 0.0 0.0 0.0 0.0 0.0 0.0 0.0 0.0 0.0 0.0 0.0 0.0 0.0 0.0 0.0 0.0 0.0 0.0 0.0 0.0 0.0 0.0 0.0 0.0 0.0 0.0 0.0 0.0 0.0 0.0 0.0 0.0 0.0 0.0 0.0 0.0 0.0 0.0 0.0 0.0 0.0 0.0 0.0 0.0 0.0 0.0 0.0 0.0 0.0 0.0 0.0 0.0 0.0 0.0 0.0 0.0 0.0 0.0 0.0 0.0 0.0 0.0 0.0 0.0 0.0 0.0 0.0 0.0 0.0 0.0 0.0 0.0 0.0 0.0 0.0 0.0 0.0 0.0 0.0 0.0 0.0 0.0 0.0 0.0 0.0 0.0 0.0 0.0 0.0 0.0 0.0 0.0 0.0 0.0 0.0 0.0 0.0 0.0 0.0 0.0 0.0 0.0 0.0 0.0 0.0 0.0 0.0 0.0 0.0 0.0 0.0 0.0 0.0 0.0 0.0 0.0 0.0 0.0 0.0 0.0 0.0 0.0 0.0 0.0 0.0 0.0 0.0 0.0 0.0 0.0 0.0 0.0 0.0 0.0 0.0 0.0 0.0 0.0 0.0 0.0 0.0 0.0 0.0 0.0 0.0 0.0 0.0 0.0 0.0 0.0 0.0 0.0 0.0 0.0 0.0 0.0 0.0 0.0 0.0 0.0 0.0 0.0 0.0 0.0 0.0 0.0 0.0 0.0 0.0 0.0 0.0 0.0 0.0 0.0 0.0 0.0 0.0 0.0 0.0 0.0 0.0 0.0 0.0 0.0 0.0 0.0 0.0 0.0 0.0 0.0 0.0 0.0 0.0 0.0 0.0 0.0 0.0 0.0 0.0 0.0 0.0 0.0 0.0 0.0 0.0 0.0 0.0 0.0 0.0 0.0 0.0 0.0 0.0 0.0 0.0 0.0 0.0 0.0 0.0 0.0 0.0 0.0 0.0 0.0 0.0 0.0 0.0 0.0 0.0 0.0 0.0 0.0 0.0 0.0 0.0 0.0 0.0 0.0 0.0 0.0 0.0 0.0 0.0 0.0 0.0 0.0 0.0 0.0 0.0 0.0 0.0 0.0 0.0 0.0 0.0 0.0 0.0 0.0 0.0 0.0 0.0 0.0 0.0 0.0 0.0 0.0 0.0 0.0 0.0 0.0 0.0 0.0 0.0 0.0 0.0 0.0 0.0 0.0 0.0 0.0 0.0 0.0 0.0 0.0 0.0 0.0 0.0 0.0 0.0 0.0 0.0 0.0 0.0 0.0 0.0 0.0 0.0 0.0 0.0 0.0 0.0 0.0 0.0 0.0 0.0 0.0 0.0 0.0 0.0 0.0 0.0 0.0 0.0 0.0 0.0 0.0 0.0 0.0 0.0 0.0 0.0 0.0 0.0 0.0 0.0 0.0 0.0 0.0 0.0 0.0 0.0 0.0 0.0 0.0 0.0 0.0 0.0 0.0 0.0 0.0 0.0 0.0 0.0 0.0 0.0 0.0 0.0 0.0 0.0 0.0 0.0 0.0 0.0 0.0 0.0 0.0 0.0 0.0 0.0 0.0 0.0 0.0 0.0 0.0 0.0 0.0 0.0 0.0 0.0 0.0 0.0 0.0 0.0 0.0 0.0 0.0 0.0 0.0 0.0 0.0 0.0 0.0 0.0 0.0 0.0 0.0 0.0 0.0 0.0 0.0 0.0 0.0 0.0 0.0 0.0 0.0 0.0 0.0 0.0 0.0 0.0 0.0 0.0 0.0 0.0 0.0 0.0 0.0 0.0 0.0 0.0 0.0 0.0 0.0 0.0 0.0 0.0 0.0 0.0 0.0 0.0 0.0 0.0 0.0 0.0 0.0 0.0 0.0 0.0 0.0 0.0 0.0 0.0 0.0 0.0 0.0 0.0 0.0 0.0 0.0 0.0 0.0 0.0 0.0 0.0 0.0 0.0 0.0 0.0 0.0 0.0 0.0 0.0 0.0 0.0 0.0 0.0 0.0 0.0 0.0 0.0 0.0 0.0 0.0 0.0 0.0 0.0 0.0 0.0 0.0 0.0 0.0 0.0 0.0 0.0 0.0 0.0 0.0 0.0 0.0
    </DataArray>
    <DataArray type="Float32" Name="Donor Doping [log10(m^-3)]" NumberOfComponents="1" format="ascii">
24.921911164751783 24.920024796351747 24.931858480980416 24.95096414362099 24.980828441905707 25.024606969163024 25.081065218964376 25.14439563245238 25.203735751686196 25.24655541130475 25.299942900022767 24.9161295858712 24.911241030824257 24.920503888606298 24.9385911660685 24.969301148705654 25.014549604725747 25.072646899267156 25.137589751467424 25.198896939351464 25.24457800491879 25.299942900022767 24.90151886075885 24.890737548922964 24.89765227657946 24.915771914312305 24.948166585089343 24.995931013756902 25.056738326447206 25.124588085338694 25.189470457204695 25.2397532536612 25.299942900022767 24.87688815007782 24.86205433204977 24.866778328639764 24.88480532976176 24.91922878502641 24.971082084340452 25.037032231482133 25.10958070069028 25.17830208325177 25.23276764258567 25.299942900022767 24.84170563061681 24.824523423551877 24.827965149023363 24.846973879830625 24.884643005360193 24.941587224436535 25.013448773147385 25.091523107568214 25.1649152713602 25.22444471778071 25.299942900022767 24.795216652938112 24.776759421008666 24.780023581169576 24.801271180990202 24.843757115616718 24.907464966500918 24.986737772530823 25.071443292232676 25.150124796256506 25.215361546040562 25.299942900022767 24.736614343195566 24.717826929149272 24.72198114714761 24.746850213360496 24.795983270968698 24.86841639055437 24.9568018467212 25.049375366473324 25.134251287977406 25.207209937303766 25.299942900022767 24.66504853471909 24.6470259834321 24.65370211944203 24.68322548276647 24.740952973381315 24.824228850168403 24.92343235635555 25.0250492087411 25.117011168660454 25.198456596097962 25.299942900022767 24.579710769698632 24.563489165627878 24.574508319353345 24.61086832805958 24.678676275572993 24.774845389752553 24.88656096620563 24.99847223678861 25.09883387188646 25.19014732626925 25.299942900022767 24.479766896443298 24.466222850385613 24.483069570412606 24.52891635271938 24.6094843654809 24.720138536676068 24.846051177215767 24.969993203439486 25.08134033685354 25.184483280489708 25.299942900022767 24.363957849915963 24.354624186332856 24.37983369536536 24.436771469933735 24.531885869284398 24.659358534724007 24.80161013355641 24.94078704393637 25.068191259190694 25.1822847317948 25.299942900022767 24.22938147490429 24.229574183164146 24.264969346594455 24.33397767087976 24.445418769067437 24.59233100520425 24.75586951611063 24.91676901339205 25.06260820092935 25.182847823668073 25.299942900022767 24.065587912311685 24.07720805941762 24.13567573039416 24.226360678297425 24.3546350308098 24.526724645873077 24.71528836766464 24.90013915303499 25.06016688948365 25.184515177479156 25.299942900022767 23.839738080832745 23.81473597148203 23.893180851141185 24.031972003109054 24.223220180847324 24.474819674284245 24.67735409529318 24.885817649101682 25.059068270233848 25.18695575814974 25.299942900022767 23.66994092878561 23.599226180735137 23.68167034840466 23.82007412422328 24.00907852336436 24.25319066128076 24.544427008363222 24.84101559013792 25.099606477000695 25.190836186436336 25.299942900022767 23.561209868023756 23.452589466569616 23.525757776496338 23.667241268554374 23.86827911729649 24.127413030129116 24.42952350368645 24.72844516496063 24.983571716131543 25.174042288454 25.299942900022767 23.498092878268075 23.37304736949514 23.440290176463204 23.585393820698417 23.79398452462792 24.07090601236055 24.388243706012037 24.699319531978855 24.966100601629904 25.169058087625967 25.299942900022767 23.45933962532378 23.327045868257382 23.396918642651613 23.55100791353218 23.764261264508384 24.047301252766974 24.373243784161186 24.691193742603733 24.96270029403835 25.168096354005574 25.299942900022767 23.431855912824034 23.29470682926786 23.369164984395777 23.52965859556812 23.748165660117266 24.036005682480322 24.36614144687227 24.687433671549936 24.96124887855793 25.167711048727206 25.299942900022767 23.410059406097528 23.269075442599775 23.34739645992687 23.51324023403888 23.736108054851947 24.027999873105447 24.361313492212126 24.684849700951574 24.96019128750765 25.167431102749166 25.299942900022767 23.391317141713508 23.247358167461872 23.329167019924 23.499743571081655 23.72634143777316 24.021430581101257 24.357263456345503 24.682669551960704 24.959242372976362 25.167177120450262 25.299942900022767 23.374561972164187 23.228311174459105 23.31338745845926 23.488171204558668 23.71797261214498 24.015697946541618 24.353618427556455 24.680630115097646 24.95832141734676 25.166928009324813 25.299942900022767 23.359302463939308 23.21131767206595 23.299492274688042 23.478018476986875 23.710623452744507 24.01056938034885 24.350258222025808 24.678675172737563 24.9574111518678 25.166676193243145 25.299942900022767 23.345306968629885 23.19603736472337 23.287149221021895 23.469021403179106 23.704094059055677 24.005935224307052 24.34714204745201 24.676805872225223 24.956517612785827 25.166422225165036 25.299942900022767 23.33246354634121 23.18225780133721 23.2761393295785 23.461007416029467 23.698259219725234 24.00173330183414 24.344255833689143 24.67503433056739 24.955652755358482 25.166170100284756 25.299942900022767 23.320769919202753 23.169826617529637 23.266301847362303 23.453852168959045 23.693031903518825 23.997922535520697 24.341593226255252 24.67337794345855 24.954827612777457 25.165924354356008 25.299942900022767 23.310090421856316 23.158621372482 23.25750813903744 23.44745811438773 23.688345372022 23.99447107281149 24.339148558684684 24.671839433727484 24.95405023772423 25.165688793684186 25.299942900022767 23.300368343837533 23.148673766802403 23.249648809944592 23.44174368751301 23.684144266563916 23.991350907160303 24.336914310629403 24.67041870415702 24.95332549933066 25.16546613582034 25.299942900022767 23.29154583753452 23.139880749329663 23.242627643372042 23.43663796053729 23.680380312365426 23.988535753367792 24.33488070574405 24.66911501148989 24.95265554337467 25.165258043690002 25.299942900022767 23.283563158005766 23.131977173017304 23.23635864628943 23.432077996826223 23.677010320693864 23.986003857166317 24.333036188378802 24.66792490476232 24.952040428291234 25.165065313518603 25.299942900022767 23.276359549563807 23.12488339907945 23.23076451806062 23.42800747665233 23.673995263135733 23.983728989308318 24.331368107762067 24.666843083519247 24.95147873758042 25.16488809011914 25.299942900022767 23.269874585179227 23.11852542453684 23.225775733969133 23.424375890861615 23.6712997998606 23.981686412706907 24.329863362857537 24.665863124659698 24.95096808931613 25.16472606139754 25.299942900022767 23.264049437151687 23.112834838798488 23.221329876544306 23.421137981098795 23.66889199325495 23.979854960403625 24.328508920708448 24.664978048516502 24.95050553899036 25.164578623852307 25.299942900022767 23.258827885124294 23.107748803998224 23.21737106021696 23.41825328184177 23.666743082971966 23.978215063690694 24.32729219369171 24.664180730780103 24.950087864967454 25.164444994163027 25.299942900022767 23.25415702305262 23.103209969875596 23.213849391896023 23.415685704891285 23.664827269410125 23.976748806020577 24.326201287087986 24.663464186512407 24.949711772517734 25.16432429796017 25.299942900022767 23.249987694516427 23.099166306642505 23.21072045326443 23.413403148539967 23.66312149438325 23.975439917276134 24.325225144951347 24.66282175426037 24.949374032068643 25.16421563208288 25.299942900022767 23.246274709173182 23.095570870365734 23.207944806656712 23.411377128891854 23.661605220562837 23.974273723633903 24.324353620592415 24.66224720592426 24.949071566715396 25.164118106030667 25.299942900022767 23.242976895618312 23.092381519111846 23.20548752963265 23.409582435449032 23.660260215072874 23.973237068375735 24.32357749485 24.661734804495627 24.948801503850024 25.164030868418575 25.299942900022767 23.24005703948188 23.089560603497855 23.203317783850974 23.40799681358094 23.659070342543263 23.972318216351432 24.322888460229354 24.661279326513693 24.948561202190803 25.16395312290132 25.299942900022767 23.237481746446868 23.087074757511488 23.20140842150052 23.406600676083762 23.658021372226777 23.97150675205725 24.322279084585134 24.660876061760575 24.94834826246306 25.16388413687909 25.299942900022767 23.235221260747387 23.084896138403188 23.199735630696967 23.405376844363655 23.657100801655485 23.970793477996217 24.32174276377081 24.66052079901778 24.948160527625134 25.163823245393274 25.299942900022767 23.23324926171095 23.082996580990777 23.19828004331539 23.404310318679187 23.65629769794776 23.970170317590863 24.321273669604334 24.660209804015302 24.94799607678605 25.163769851935562 25.299942900022767 23.231542654477416 23.08135338019322 23.197024778329407 23.403388076193483 23.655602556976987 23.969630225471935 24.32086669777313 24.65993979394151 24.947853215662473 25.16372342737223 25.299942900022767 23.230081366093422 23.07994687516772 23.195951120241915 23.4025988951716 23.655007179918094 23.969167106481173 24.32051741822679 24.659707911170216 24.94773046535281 25.163683507803334 25.299942900022767 23.22884815445147 23.07876022763163 23.19504584281234 23.40193320342173 23.654504566303824 23.968775743963544 24.32022202961407 24.659511697525968 24.947626550531364 25.163649691967617 25.299942900022767 23.227828434948105 23.07777922774039 23.194297823170018 23.401382949315035 23.654088822675895 23.968451737509277 24.319977318654885 24.659349070697385 24.947540391193048 25.163621638778473 25.299942900022767 23.227010127822552 23.077003058802635 23.19369789158957 23.400941493680744 23.65375508588701 23.968191450119186 24.31978062508317 24.65921830391253 24.947471090123297 25.163599064430944 25.299942900022767 23.22638352793161 23.076417492870817 23.193238707949142 23.400603521007863 23.65349945997501 23.96799196430779 24.319629812092387 24.65911800866159 24.947417924892665 25.16358174005289 25.299942900022767 23.225941197791556 23.076004125860003 23.192914662967084 23.400364968534394 23.65331896570381 23.96785104679733 24.319523242333535 24.659047120109783 24.947380341008586 25.163569489751573 25.299942900022767 23.225677884317093 23.075758052016024 23.19272180283067 23.400222972168528 23.653211502050286 23.967767121445736 24.319459759387822 24.659004885733786 24.947357946391612 25.163562189040462 25.299942900022767 23.22559045940674 23.07567635065812 23.192657776216517 23.4001758284842 23.653175819116807 23.967739250143605 24.319438674630284 24.658990857240283 24.94735050739171 25.163559763691797 25.299942900022767
    </DataArray>
    <DataArray type="Float32" Name="Potential [V]" NumberOfComponents="1" format="ascii">
2.7145185334591924 2.810615277682658 2.907261068808569 3.0038991764525624 3.0996725446868654 3.1934165930737333 3.283684764397114 3.3687804553599836 3.446812822524014 3.5159581605163055 3.575818107963754 2.7141745384898726 2.8102479813069845 2.9068491706033517 3.0034557588433075 3.099220004207815 3.1929774377608866 3.283282501403947 3.36844137467838 3.4465679290857065 3.5158363879193755 3.575818107963754 2.713305223024222 2.8092137582881658 2.905691526239924 3.002222118086504 3.0979655733329694 3.1917632618077305 3.282174962639446 3.367513644671412 3.445899784894469 3.515497720236945 3.575818107963754 2.7118397339700975 2.8075473365564734 2.903865680143115 3.0002969772587424 3.0960194842423583 3.1898915160898773 3.2804835548268376 3.3661113821600246 3.4448938872988832 3.5149815751875093 3.575818107963754 2.709746428671914 2.8052571968418945 2.901418028214484 2.9977557570917743 3.093475338960272 3.1874599487709943 3.278296893483589 3.364307350684095 3.443605763817434 3.5143225228831323 3.575818107963754 2.706980406659482 2.8023304872743817 2.8983658990251664 2.994639946840721 3.0903912913447362 3.18453571008646 3.275683523105886 3.362163818651256 3.442084363328308 3.513549751543055 3.575818107963754 2.7034936601913717 2.7987443511896735 2.8947108646592468 2.9909716369384203 3.0868040493093916 3.18116357460862 3.2726899395894122 3.359723645812081 3.4403654418897607 3.5126899863937284 3.575818107963754 2.6992356056703293 2.794470181029434 2.890446672536853 2.986763318334859 3.0827396632986406 3.1773770878470886 3.2693513959172034 3.3570189703744866 3.4384730219240898 3.511749529758225 3.575818107963754 2.694158141111531 2.7894750977309624 2.885560913815799 2.9820243538855307 3.0782221450536116 3.1732086146168013 3.2657040952358214 3.3540871454130743 3.4364426637610506 3.510753049812013 3.575818107963754 2.688211635784127 2.7837207424269854 2.8800390381885927 2.976764233313085 3.0732796936901723 3.168696095202373 3.2617918334442533 3.350977506064603 3.4343268912920113 3.5097385387645077 3.575818107963754 2.6813211772727072 2.777154618547743 2.873872601790906 2.9710060573220907 3.067952356066085 3.163888862795189 3.2576690360698475 3.3477501808980015 3.4321854595365253 3.508734259827468 3.575818107963754 2.673314091846818 2.769687806724432 2.86706823815666 2.9648044365284996 3.0623093576390237 3.158856032932641 3.253401534348208 3.3444664973794915 3.4300542094030417 3.5077442262896312 3.575818107963754 2.6635686291103164 2.761175405103498 2.859693209118054 2.958277559456283 3.0564601096019186 3.15368430162516 3.249038537734641 3.3411344686428777 3.4279042670809683 3.5067439064255077 3.575818107963754 2.6501309146978302 2.7517045985834976 2.8520420071344184 2.9516479165370884 3.0505451684336613 3.148445216397004 3.2445680948015867 3.3376953298824548 3.4256955764015116 3.505702818982149 3.575818107963754 2.64002824770746 2.743510965475401 2.845069913358778 2.9454368793134944 3.044841863686321 3.143171298996714 3.239925255552711 3.334038416021585 3.423421766588196 3.504571104148708 3.575818107963754 2.6335589183627497 2.7373038990732623 2.839299390212842 2.940061762615457 3.0397977212260385 3.1384428601180128 3.2355873860632944 3.33023990159411 3.420448348066168 3.5031662974506745 3.575818107963754 2.6298035554414727 2.732911501304062 2.8347944968420613 2.9356504352283084 3.035567362293783 3.134463373432787 3.23196150920693 3.327133185018994 3.418127487251046 3.5019912283713093 3.575818107963754 2.627497797043469 2.729804300029002 2.831350504852627 2.932130420333959 3.0321253583859225 3.1312165796390774 3.229035195626443 3.324685063172942 3.4163535116571784 3.501081606637027 3.575818107963754 2.6258625588095144 2.7275134954612357 2.828702604251555 2.929344899528173 3.02936099776411 3.1286020950654474 3.2266952227678893 3.322755021776493 3.4149763773357886 3.500376150064156 3.575818107963754 2.624565700491478 2.7257380756934975 2.8266281689625856 2.9271326428693487 3.0271463948084993 3.1265031879179865 3.224823768312597 3.3212230781076455 3.4138916986835417 3.4998220255287116 3.575818107963754 2.623450564852073 2.724296756659584 2.8249640738963278 2.9253569454120996 3.0253646627462647 3.1248137233703757 3.2233204635890944 3.3199971667963624 3.4130269141090532 3.4993811258674326 3.575818107963754 2.622453658270996 2.723084698594996 2.8235976887929137 2.92391145029287 3.023918694591304 3.123444855457313 3.2221044117677615 3.319007270511803 3.4123297129471104 3.499026065778074 3.575818107963754 2.621545741217181 2.7220397680819532 2.8224525069897757 2.922716871806351 3.0227320602102687 3.122325549962746 3.2211119779586666 3.318200160867109 3.4117614997809342 3.498736822329858 3.575818107963754 2.6207130309698554 2.7211239596686294 2.8214764496052678 2.9217152564483495 3.0217463908496813 3.1214005820976967 3.220293885229345 3.317535332480499 3.411293418054355 3.4984985551203454 3.575818107963754 2.6199488672790348 2.7203132369889667 2.8206336461750365 2.920864491342993 3.0209178058832156 3.120627732888579 3.219612375743734 3.3169819719483575 3.410903727919989 3.4983001559334284 3.575818107963754 2.619253114614958 2.7195920000448597 2.8198988523085835 2.920133835418908 3.0202135001698736 3.1199750055060225 3.21903869934666 3.3165166611715335 3.410575975719492 3.4981332501676325 3.575818107963754 2.6186177010993905 2.718947287117126 2.8192533211666984 2.919500502952388 3.0196088950933633 3.119418208302426 3.218551010606855 3.3161215711020504 3.4102976581420847 3.497991487021943 3.575818107963754 2.6180392525477276 2.7183696591151487 2.8186830562838265 2.918947422168107 3.0190854741275652 3.118939015168039 3.218132694036637 3.3157831099036548 3.4100592383495227 3.497870025061839 3.575818107963754 2.617514327116852 2.7178516594829283 2.818177331597559 2.9184616091655093 3.0186291609514497 3.118523465986242 3.2177710607883045 3.315490878458643 3.4098534070473496 3.497765152131628 3.575818107963754 2.6170393700754793 2.717387071802754 2.817727681111167 2.918033006170627 3.0182291226832416 3.1181608335685236 3.217456352045896 3.315236865991638 3.409674523969939 3.4976740015744663 3.575818107963754 2.6166107665545093 2.716970546315784 2.817327240306916 2.917653666726049 3.0178768990399862 3.117842777721405 3.2171809894991954 3.31501484642371 3.4095181989094 3.4975943402944525 3.575818107963754 2.616224921239485 2.716597374289411 2.81697031068284 2.9173171876689197 3.017565776427524 3.1175627285916523 3.216939019898061 3.3148199288730744 3.40938097931546 3.4975244109252674 3.575818107963754 2.6158783339735483 2.716263358305293 2.816652070708604 2.917018313649367 3.0172903400751263 3.117315437294566 3.2167257062279115 3.314648224988772 3.4092601185369675 3.497462814718996 3.575818107963754 2.6155676597327284 2.7159647328789838 2.816368380847315 2.9167526605978598 3.017046153675459 3.1170966485122538 3.216537227958684 3.314496603788206 3.409153404461127 3.497408424800356 3.575818107963754 2.6152897506895014 2.7156981119338353 2.8161156490223176 2.9165165207947985 3.0168295300533745 3.1169028636688973 3.2163704621281584 3.3143625115576896 3.4090590331894677 3.4973603221422005 3.575818107963754 2.6150416821131635 2.7154604507291102 2.81589073521617 2.9163067238283817 3.016637366210202 3.1167311692806745 3.216222823546114 3.3142438396863514 3.4089755160036392 3.497317748334401 3.575818107963754 2.614820765248477 2.7152490157064038 2.815690881712135 2.9161205359060567 3.0164670237195175 3.1165791119914554 3.216092147894582 3.314138827548133 3.408901610769576 3.4972800706979075 3.575818107963754 2.614624550460776 2.715061358880947 2.815513660424255 2.9159555856308983 3.016316241065488 3.1164446069611347 3.2159766058036885 3.3140459908801563 3.40883627120051 3.4972467564398895 3.575818107963754 2.6144508235528123 2.7148952951034464 2.8153569318757317 2.915809808203293 3.016183068543822 3.116325870075767 3.215874639248059 3.313964068656117 3.408778609133581 3.4972173534123447 3.575818107963754 2.614297597614558 2.7147488814157956 2.8152188123498143 2.9156814026129636 3.01606581919435 3.1162213672143086 3.2157849140348893 3.3138919833691802 3.408727866281615 3.497191475689583 3.575818107963754 2.6141631022241287 2.7146203981703567 2.8150976469728324 2.915568798139579 3.0159630312283547 3.1161297757927677 3.2157062839301878 3.313828811057999 3.4086833928941775 3.497168792666721 3.575818107963754 2.614045771342366 2.7145083315272456 2.81499198726737 2.9154706276557714 3.0158734388017105 3.1160499552220333 3.21563776325486 3.31377375844654 3.4086446314793917 3.4971490207414204 3.575818107963754 2.6139442308609393 2.7144113579722013 2.8149005720882605 2.915385706005164 3.01579594894785 3.1159809239170038 3.215578505705287 3.313726145321716 3.408611104259151 3.4971319169038915 3.575818107963754 2.6138572864702803 2.7143283301427092 2.814822311342274 2.9153130123307127 3.0157296231702557 3.1159218412038627 3.2155277878100055 3.3136853908119703 3.4085824034095413 3.497117273751934 3.575818107963754 2.6137839122917557 2.714258264441115 2.814756272816298 2.915251675683175 3.0156736626580245 3.1158719929620236 3.215484995897993 3.3136510026162327 3.4085581834096987 3.497104915585412 3.575818107963754 2.6137232405640978 2.714200330173431 2.814701670547181 2.9152009630690165 3.0156273963168605 3.1158307801624474 3.2154496157780685 3.3136225685079714 3.408538155022526 3.497094695334079 3.575818107963754 2.6136745525602905 2.7141538404109373 2.8146578551116885 2.915160269618032 3.0155902710979476 3.1157977097220306 3.215421224564916 3.31359974963008 3.408522080537911 3.4970864921337106 3.575818107963754 2.6136372708393782 2.714118242896191 2.814624305366877 2.9151291105748482 3.01556184426607 3.1157723872696685 3.2153994842559173 3.3135822752453565 3.4085097700596667 3.4970802094337796 3.575818107963754 2.6136109528826226 2.7140931141054656 2.8146006222071858 2.9151071150749774 3.015541777388318 3.1157545115485363 3.215384136780891 3.3135699387002613 3.4085010786557643 3.4970757735462676 3.575818107963754 2.6135952861396032 2.7140781553065483 2.8145865239995866 2.915094021503768 3.015529831845386 3.115743870247515 3.2153750003264925 3.3135625944339377 3.4084959042476233 3.497073132571573 3.575818107963754 2.6135900844931363 2.7140731887146012 2.814581843143051 2.9150896742027776 3.015525865700302 3.115740337112949 3.215371966797626 3.3135601559154146 3.40849418615585 3.497072255658691 3.575818107963754
    </DataArray>
    <DataArray type="Float32" Name="Electron density [log10(m^-3)]" NumberOfComponents="1" format="ascii">
24.921911164751783 24.906430010206574 24.86918002232325 24.81373866708489 24.741469068046243 24.659656200806054 24.579144584900046 24.511713253471914 24.481580252336588 24.650921355103993 25.299942900022767 24.9161295858712 24.900873454216583 24.863586895274043 24.807933653103323 24.735364930534047 24.653230153824893 24.572463740103387 24.504934551045068 24.475051675771947 24.646514852399697 25.299942900022767 24.90151886075885 24.885851220202742 24.848205127904908 24.79198440481678 24.718595572861208 24.63550565692056 24.553900618390987 24.485922978271695 24.45651547164567 24.63389907835559 25.299942900022767 24.87688815007782 24.86098314227844 24.823167004365736 24.766394487265252 24.691966918779098 24.60753924581557 24.52470520987439 24.45599755149371 24.427158919135195 24.613985492139978 25.299942900022767 24.84170563061681 24.825734324112695 24.788061394287762 24.730978381492676 24.65555830938628 24.569617636387985 24.485261944312924 24.415571802179706 24.3874471738668 24.587563911549562 25.299942900022767 24.795216652938112 24.7793503892622 24.742147792000697 24.6850769686275 24.608858030232742 24.521414835160623 24.435424002403998 24.36462264832029 24.337460349053867 24.555329050827794 25.299942900022767 24.736614343195566 24.721008107392063 24.684576926789166 24.62786647384286 24.551126341353267 24.462308077424662 24.374675291885143 24.302686466010343 24.27683246070502 24.51800974898793 25.299942900022767 24.66504853471909 24.649857226198613 24.614504939826535 24.558551615494316 24.48167237313633 24.391729995591266 24.30253254528345 24.229268603420937 24.205093713380037 24.476080370208457 25.299942900022767 24.579710769698632 24.56505786860834 24.53109438483212 24.476384678417638 24.399864999953586 24.30913014208273 24.21840333756744 24.143531891527672 24.121374560897806 24.430454414538595 25.299942900022767 24.479766896443298 24.465693288813284 24.433453347133156 24.3805953071371 24.305086639045612 24.21388369384523 24.12136585274728 24.043936876032532 24.02435342670893 24.382520414673046 25.299942900022767 24.363957849915963 24.350321100864146 24.32026545510623 24.270119273740576 24.196441105193752 24.10492731762946 24.00968746192137 23.92804381287234 23.912940981892614 24.33395918557509 25.299942900022767 24.22938147490429 24.21560356441026 24.188574461853293 24.142618999363737 24.071866124632457 23.97986145663314 23.88042919731673 23.793715987852185 23.787826421916595 24.286572541103702 25.299942900022767 24.065587912311685 24.052733992755133 24.032252193185478 23.99430396850282 23.928357806329664 23.83658996570157 23.733491482398993 23.642789707289758 23.65183580651136 24.241729123912855 25.299942900022767 23.839738080832745 23.850791780068967 23.85099567533089 23.82973072343765 23.768347920667317 23.681878322389394 23.58013312587806 23.482613299266266 23.510450450778798 24.200643397742343 25.299942900022767 23.66994092878561 23.684986806168858 23.69348259690861 23.68720946658979 23.649188182556276 23.566268745717014 23.440509256587188 23.310115196342796 23.371572551836902 24.16400985316757 25.299942900022767 23.561209868023756 23.5723769663791 23.58031728030886 23.57778147882079 23.550997087629238 23.480677130607365 23.360467143680612 23.222808667501216 23.259066930515782 24.12665769117497 25.299942900022767 23.498092878268075 23.504210999855534 23.508348848349303 23.503845944381034 23.478530297479963 23.41219748258363 23.29469150160493 23.153892251624633 23.185260851063077 24.099697210110058 25.299942900022767 23.45933962532378 23.46217614131003 23.463275994257447 23.45619995859194 23.429386605229936 23.362563205890755 23.244448208667542 23.101624924403264 23.135314273188477 24.080365070260246 25.299942900022767 23.431855912824034 23.43313392662983 23.432639643993433 23.423976962955987 23.39581181825127 23.32783857909927 23.20836430950647 23.063684126397256 23.09972533038469 24.065912263687206 25.299942900022767 23.410059406097528 23.410616852812115 23.409405687284902 23.399996119321727 23.371143791055683 23.302456812307867 23.18194236861431 23.035773025584433 23.073307126986833 24.054737865262812 25.299942900022767 23.391317141713508 23.391574981355667 23.390101240641975 23.38042893743443 23.351372793357058 23.282435900942087 23.16132906471521 23.014098576558084 23.052724493069327 24.04587101227736 25.299942900022767 23.374561972164187 23.374693426011856 23.373155565251142 23.363450127475698 23.334447167350266 23.265547620177088 23.144163667491128 22.99619740468534 23.035882444533318 24.038683785141718 25.299942900022767 23.359302463939308 23.35938179717438 23.357861496744523 23.348220835760923 23.319387920597325 23.25067260156866 23.129193925234592 22.980700417935715 23.021554166086737 24.03275471333428 25.299942900022767 23.345306968629885 23.345367251299518 23.343895981777496 23.334356944065004 23.305738507293697 23.237272197446913 23.11579587350005 22.9669025615449 23.00904878681973 24.027792872902502 25.299942900022767 23.33246354634121 23.33252357620208 23.331111021423784 23.321681638407252 23.293285458342318 23.225088058884033 23.10366222686684 22.954448213121232 22.99797396317518 24.02359156378627 25.299942900022767 23.320769919202753 23.320810405525005 23.31944036483766 23.310107376866046 23.281919587949485 23.213985738939453 23.092630950141857 22.943147921684933 22.98809226345829 24.019999637417037 25.299942900022767 23.310090421856316 23.31012060170075 23.308791317656596 23.299547021260327 23.271552656510057 23.20386955994338 23.082594705922943 22.932881017753548 22.979242589672047 24.016903671574575 25.299942900022767 23.300368343837533 23.300388820687605 23.299095507021086 23.289931056943107 23.262113687673402 23.194664677469795 23.073472243506025 22.923558441977946 22.97130445506709 24.01421689680792 25.299942900022767 23.29154583753452 23.29155578650613 23.290292722258275 23.281198658945012 23.253541197383353 23.186307583065368 23.065196033415777 22.91510716825808 22.964181348942923 24.011871944705426 25.299942900022767 23.283563158005766 23.283561739098953 23.28232367399524 23.27329106178062 23.245776952629797 23.17873961766692 23.05770509096775 22.90746213505407 22.957791893260808 24.009815809914503 25.299942900022767 23.276359549563807 23.276346309350977 23.275128804959387 23.266149686494142 23.23876356665346 23.1719039656693 23.050941444130466 22.900562303315624 22.95206492473062 24.0080062425417 25.299942900022767 23.269874585179227 23.269849473052606 23.268648912712315 23.259716387223342 23.232444319494572 23.16574500202026 23.044849015452982 22.894349215586676 22.946936842963268 24.006409133412713 25.299942900022767 23.264049437151687 23.26401272975539 23.262826211278185 23.253934353399032 23.226763830954212 23.160208662436492 23.039373680871048 22.888766829581407 22.94235021878975 24.00499660590037 25.299942900022767 23.258827885124294 23.258780096413467 23.257605301140263 23.24874903033684 23.221668879335123 23.15524308258698 23.034463727699322 22.883761838849214 22.938253035611314 24.00374561195277 25.299942900022767 23.25415702305262 23.254098823685478 23.252933894977446 23.244108841616924 23.217109087566495 23.150799195271052 23.03007034636703 22.879284081569264 22.93459821988137 24.002636893360123 25.299942900022767 23.249987694516427 23.249919847183065 23.248763288106318 23.239965672966054 23.213037401261616 23.146831166745454 23.026148007374662 22.87528686644864 22.931343288799393 24.001654207492088 25.299942900022767 23.246274709173182 23.246198020086595 23.245048611268178 23.23627514304512 23.209410366858265 23.143296657943356 23.022654689086192 22.87172716681257 22.928450039786394 24.00078374566264 25.299942900022767 23.242976895618312 23.24289218003252 23.241748915478087 23.232996705940245 23.20618824645354 23.140156935432955 23.01955196991793 22.868565688639098 22.92588425427461 24.0000136926126 25.299942900022767 23.24005703948188 23.23996509850345 23.238827136272498 23.230093630897244 23.203335011016748 23.13737686745639 23.016805014041726 22.86576683774564 22.923615409468827 23.99933388989344 25.299942900022767 23.237481746446868 23.237383352614845 23.23624997725289 23.227532898712095 23.200818249607334 23.134924839162455 23.01438248119296 22.86329861475228 22.921616399773217 23.998735576162716 25.299942900022767 23.235221260747387 23.235117150444612 23.233987744246576 23.22528504613587 23.198609025209358 23.132772615700475 23.01225638721357 22.86113246342279 22.919863271757748 23.99821118478768 25.299942900022767 23.23324926171095 23.233140129551806 23.23201415266985 23.22332398162916 23.196681700519413 23.130895175558024 23.01040193656299 22.859243093058165 22.9183349764056 23.997754184528166 25.299942900022767 23.231542654477416 23.231429153748472 23.23030612667129 23.2216267906116 23.195013751523884 23.129270531268475 23.008797343128176 22.857608290849903 22.917013141544345 23.997358952969194 25.299942900022767 23.230081366093422 23.229964110565284 23.228843598539402 23.22017354122225 23.19358558096281 23.12787954968687 23.007423651223604 22.856208735838887 22.915881866367968 23.99702067521752 25.299942900022767 23.22884815445147 23.22872772166293 23.227609326842746 23.218947104400478 23.192380343105953 23.126705781824903 23.006264565805818 22.855027822893835 22.91492753907384 23.99673526242165 25.299942900022767 23.227828434948105 23.227705371038276 23.226588725105632 23.217932986322346 23.19138378117297 23.125735305222598 23.005306295660986 22.85405150090886 22.914138677430884 23.996499286146612 25.299942900022767 23.227010127822552 23.226884956853677 23.22576971225453 23.217119179868728 23.190584082135686 23.124956582737955 23.004537413000936 22.85326812840317 22.913505791603434 23.996309925564596 25.299942900022767 23.22638352793161 23.226256748087838 23.225142575525055 23.216496032274875 23.18997174918902 23.124360339484156 23.003948731794488 22.85266834904164 22.913021269363806 23.996164925524333 25.299942900022767 23.225941197791556 23.225813282408293 23.224699867243864 23.21605614213693 23.189539500497514 23.12393946391651 23.003533209247784 22.852244990381223 22.912679283899827 23.996062563991405 25.299942900022767 23.225677884317093 23.225549292819686 23.22443632877036 23.215794282208176 23.189282192414296 23.12368893224689 23.003285870135198 22.851992985831348 22.912475723330537 23.996001627729772 25.299942900022767 23.22559045940674 23.225461643394436 23.224348829160327 23.21570734006505 23.189196762074086 23.12360575283271 23.00320375170843 22.851909318274874 22.91240814058864 23.995981395423584 25.299942900022767
    </DataArray>
    <DataArray type="Float32" Name="Hole density [log10(m^-3)]" NumberOfComponents="1" format="ascii">
0.0 0.0 0.0 0.0 0.0 0.0 0.0 0.0 0.0 0.0 0.0 0.0 0.0 0.0 0.0 0.0 0.0 0.0 0.0 0.0 0.0 0.0 0.0 0.0 0.0 0.0 0.0 0.0 0.0 0.0 0.0 0.0 0.0 0.0 0.0 0.0 0.0 0.0 0.0 0.0 0.0 0.0 0.0 0.0 0.0 0.0 0.0 0.0 0.0 0.0 0.0 0.0 0.0 0.0 0.0 0.0 0.0 0.0 0.0 0.0 0.0 0.0 0.0 0.0 0.0 0.0 0.0 0.0 0.0 0.0 0.0 0.0 0.0 0.0 0.0 0.0 0.0 0.0 0.0 0.0 0.0 0.0 0.0 0.0 0.0 0.0 0.0 0.0 0.0 0.0 0.0 0.0 0.0 0.0 0.0 0.0 0.0 0.0 0.0 0.0 0.0 0.0 0.0 0.0 0.0 0.0 0.0 0.0 0.0 0.0 0.0 0.0 0.0 0.0 0.0 0.0 0.0 0.0 0.0 0.0 0.0 0.0 0.0 0.0 0.0 0.0 0.0 0.0 0.0 0.0 0.0 0.0 0.0 0.0 0.0 0.0 0.0 0.0 0.0 0.0 0.0 0.0 0.0 0.0 0.0 0.0 0.0 0.0 0.0 0.0 0.0 0.0 0.0 0.0 0.0 0.0 0.0 0.0 0.0 0.0 0.0 0.0 0.0 0.0 0.0 0.0 0.0 0.0 0.0 0.0 0.0 0.0 0.0 0.0 0.0 0.0 0.0 0.0 0.0 0.0 0.0 0.0 0.0 0.0 0.0 0.0 0.0 0.0 0.0 0.0 0.0 0.0 0.0 0.0 0.0 0.0 0.0 0.0 0.0 0.0 0.0 0.0 0.0 0.0 0.0 0.0 0.0 0.0 0.0 0.0 0.0 0.0 0.0 0.0 0.0 0.0 0.0 0.0 0.0 0.0 0.0 0.0 0.0 0.0 0.0 0.0 0.0 0.0 0.0 0.0 0.0 0.0 0.0 0.0 0.0 0.0 0.0 0.0 0.0 0.0 0.0 0.0 0.0 0.0 0.0 0.0 0.0 0.0 0.0 0.0 0.0 0.0 0.0 0.0 0.0 0.0 0.0 0.0 0.0 0.0 0.0 0.0 0.0 0.0 0.0 0.0 0.0 0.0 0.0 0.0 0.0 0.0 0.0 0.0 0.0 0.0 0.0 0.0 0.0 0.0 0.0 0.0 0.0 0.0 0.0 0.0 0.0 0.0 0.0 0.0 0.0 0.0 0.0 0.0 0.0 0.0 0.0 0.0 0.0 0.0 0.0 0.0 0.0 0.0 0.0 0.0 0.0 0.0 0.0 0.0 0.0 0.0 0.0 0.0 0.0 0.0 0.0 0.0 0.0 0.0 0.0 0.0 0.0 0.0 0.0 0.0 0.0 0.0 0.0 0.0 0.0 0.0 0.0 0.0 0.0 0.0 0.0 0.0 0.0 0.0 0.0 0.0 0.0 0.0 0.0 0.0 0.0 0.0 0.0 0.0 0.0 0.0 0.0 0.0 0.0 0.0 0.0 0.0 0.0 0.0 0.0 0.0 0.0 0.0 0.0 0.0 0.0 0.0 0.0 0.0 0.0 0.0 0.0 0.0 0.0 0.0 0.0 0.0 0.0 0.0 0.0 0.0 0.0 0.0 0.0 0.0 0.0 0.0 0.0 0.0 0.0 0.0 0.0 0.0 0.0 0.0 0.0 0.0 0.0 0.0 0.0 0.0 0.0 0.0 0.0 0.0 0.0 0.0 0.0 0.0 0.0 0.0 0.0 0.0 0.0 0.0 0.0 0.0 0.0 0.0 0.0 0.0 0.0 0.0 0.0 0.0 0.0 0.0 0.0 0.0 0.0 0.0 0.0 0.0 0.0 0.0 0.0 0.0 0.0 0.0 0.0 0.0 0.0 0.0 0.0 0.0 0.0 0.0 0.0 0.0 0.0 0.0 0.0 0.0 0.0 0.0 0.0 0.0 0.0 0.0 0.0 0.0 0.0 0.0 0.0 0.0 0.0 0.0 0.0 0.0 0.0 0.0 0.0 0.0 0.0 0.0 0.0 0.0 0.0 0.0 0.0 0.0 0.0 0.0 0.0 0.0 0.0 0.0 0.0 0.0 0.0 0.0 0.0 0.0 0.0 0.0 0.0 0.0 0.0 0.0 0.0 0.0 0.0 0.0 0.0 0.0 0.0 0.0 0.0 0.0 0.0 0.0 0.0 0.0 0.0 0.0 0.0 0.0 0.0 0.0 0.0 0.0 0.0 0.0 0.0 0.0 0.0 0.0 0.0 0.0 0.0 0.0 0.0 0.0 0.0 0.0 0.0 0.0 0.0 0.0 0.0 0.0 0.0 0.0 0.0 0.0 0.0 0.0 0.0 0.0 0.0 0.0 0.0 0.0 0.0 0.0 0.0 0.0 0.0 0.0 0.0
    </DataArray>
    <DataArray type="Float32" Name="Ion density [log10(m^-3)]" NumberOfComponents="1" format="ascii">
23.036483574975744 22.99978308525628 23.368500741930976 23.688961401021803 23.9665597376748 24.206117101999705 24.41178921146443 24.587188692075184 24.735854996644193 24.86160519116191 24.977723605288848 23.034016795163843 22.99769847294451 23.36716200136936 23.688317083725412 23.966479575969775 24.206444646835234 24.412321267164852 24.587672784871394 24.736005790048484 24.86123225493383 24.977723605288848 23.02387691558554 22.989826543889492 23.36134696649915 23.68451576273917 23.96446191446706 24.205821598453635 24.41255706199345 24.588101876771873 24.73591154047908 24.860137133822594 24.977723605288848 23.006307242850795 22.975353546630743 23.35007848025403 23.676503111055883 23.959401023498373 24.20311366212881 24.41139118766594 24.587544980484868 24.734998472649302 24.85815827700669 24.977723605288848 22.981884885570437 22.954604582490553 23.333422729142693 23.664135663730903 23.951027382080465 24.19803198402445 24.408589605917232 24.585818596895198 24.7330992895921 24.855216938506423 24.977723605288848 22.951945198837443 22.928597218319645 23.312109455585965 23.647873027926572 23.939566605547405 24.19061462877697 24.40406456769026 24.58279043706563 24.73012574476253 24.85138225495126 24.977723605288848 22.918022674754294 22.898598905908607 23.28713882231349 23.62845445626064 23.925534536768875 24.181212961490864 24.398079750222134 24.578732733151117 24.726498311217664 24.84741128886015 24.977723605288848 22.88107784196432 22.865319207767985 23.258956025884594 23.606063142273985 23.90887140572637 24.1695638323772 24.390219077309016 24.57313143148191 24.72169341902382 24.842930415571846 24.977723605288848 22.840830808829235 22.82844451262553 23.227126211440392 23.58013248587503 23.88894202048466 24.15502744050579 24.37992696807215 24.565656164065835 24.71590838015394 24.83880557199511 24.977723605288848 22.793857098125677 22.785047237445728 23.18897325622294 23.548241540735994 23.863629279603327 24.135916364933813 24.366102970117293 24.55607781488089 24.71041293363659 24.836982868390457 24.977723605288848 22.72901173106218 22.7260544174175 23.13669529905574 23.503873982327125 23.827757336898436 24.108481004709034 24.346663701131796 24.544473537864476 24.707327685374224 24.83848663983542 24.977723605288848 22.617810266858847 22.631060059686767 23.054284344259685 23.43517037647123 23.77357555088451 24.06904582723852 24.322010992661056 24.53442457985645 24.708670781140984 24.842283454417288 24.977723605288848 22.39767727543201 22.465626764786492 22.922273189835384 23.329511522864916 23.69675880487053 24.020122695918865 24.295457757020603 24.526691440675176 24.71104768224482 24.84700668908665 24.977723605288848 21.7715611872855 21.93776677214859 22.506481121673474 23.047395532877413 23.542724058199905 23.9961860591754 24.267926635439036 24.517870975033272 24.71396508019765 24.852620508442264 24.977723605288848 21.361695141753064 21.577935321454806 22.175517544747276 22.736236274566977 23.2528576109248 23.718645275654797 24.12469457001218 24.47692093932911 24.763013892471378 24.859263912896292 24.977723605288848 21.14143871190626 21.37881431312404 21.98958066430381 22.563230620339287 23.09384474359345 23.574803305542126 23.998456689869407 24.356697470606875 24.640779460467947 24.844054399796896 24.977723605288848 21.05719248531533 21.306377317103024 21.924457084007383 22.505396187587635 23.043661593894267 23.532641694355565 23.964562984063942 24.330984948005487 24.62423843910649 24.839937553102242 24.977723605288848 21.022889679023173 21.279445357883418 21.901944322030044 22.486966942963825 23.029224863871313 23.52209639083759 23.957639337710198 24.32716707948331 24.622772337801685 24.839864816627614 24.977723605288848 21.000563902932374 21.262271560187305 21.88819840189139 22.47631557547138 23.021442810318913 23.516943479272054 23.954759526594234 24.326031049021186 24.622692510909253 24.840108380511715 24.977723605288848 20.981495280813427 21.247153765839688 21.876019420859006 22.466862996238962 23.01450896715228 23.51228359171968 23.95204404208389 24.324816007634972 24.62243143013707 24.840219318580825 24.977723605288848 20.964314118639447 21.233057601094128 21.86445068759408 22.45773086278532 23.007667698769474 23.507529678439653 23.949098797068782 24.323311571862497 24.62191804415251 24.840196183320387 24.977723605288848 20.9487590220233 21.219964699934373 21.853514805451777 22.448948838095202 23.000957403330176 23.502739974364573 23.94600606055552 24.321612732683416 24.62123255754285 24.84007984689649 24.977723605288848 20.934721393015298 21.20792186893629 21.84330813573689 22.440630586770922 22.99449668645583 23.49803426318292 23.942882245083823 24.31982226902791 24.6204491825746 24.839904976198227 24.977723605288848 20.922091169711827 21.19693068221286 21.83388354375333 22.432856436955912 22.988378688205653 23.49350925190596 23.939819486791134 24.318018335264725 24.619622558941277 24.839696711333094 24.977723605288848 20.91075108557472 21.18695356740667 21.825250414416054 22.425666300019756 22.982660984109007 23.489230172706836 23.936881912696187 24.31625557859346 24.61879078016042 24.83947261562647 24.977723605288848 20.900552720174108 21.177928679426966 21.817388134188377 22.419068755124293 22.977371291834398 23.485235133692367 23.934110102331502 24.31456985724281 24.61797942764095 24.83924469310161 24.977723605288848 20.89141353906468 21.169789787085847 21.810259449695216 22.413051318552604 22.97251550247756 23.48154169120919 23.93152678639262 24.312983160771385 24.61720488557321 24.839020930221302 24.977723605288848 20.883223446601725 21.16246463362482 21.80381687710044 22.407587877316494 22.96808443086869 23.478152601639582 23.929141581897532 24.31150719534357 24.616476875070592 24.838806425832253 24.977723605288848 20.875884959743992 21.15588089438212 21.79800819211223 22.40264436188611 22.964059197088122 23.475060580805298 23.926954939231432 24.310146356367124 24.615800388495266 24.838604225640672 24.977723605288848 20.869310073662334 21.14996935507821 21.792780257714753 22.398182882434842 22.960415304680936 23.4722520176146 23.92496127714817 24.30890011563403 24.61517715791216 24.838415941112096 24.977723605288848 20.863419875287608 21.14466539277008 21.78808142534073 22.394164553220584 22.95712555765654 23.46970971694815 23.923151296642125 24.307764769941542 24.614606746015163 24.838242205391417 24.977723605288848 20.858144000523563 21.139909725062925 21.783862922720974 22.390551289939424 22.95416201783125 23.467414787970547 23.921513635559943 24.306734704079496 24.614087338660482 24.83808300450037 24.977723605288848 20.85341992310267 21.13564858039682 21.780079570947716 22.387306899307557 22.95149727854524 23.465347925755164 23.920036015575647 24.30580327921698 24.613616307288456 24.837937913538877 24.977723605288848 20.84919220375839 21.131833563730638 21.776690075195802 22.38439768273869 22.949105252286408 23.46349025364362 23.91870601206145 24.304963441804727 24.613190600748467 24.837806263854 24.977723605288848 20.84541175264845 21.128421352686523 21.77365704363749 22.381792709281836 22.94696161037265 23.46182383534986 23.91751154799799 24.30420812604734 24.612807009664856 24.83768725752715 24.977723605288848 20.842035139519353 21.125373314519344 21.77094684759482 22.379463878896658 22.945043991323864 23.4603319618459 23.916441193174197 24.30353050907435 24.612462339401624 24.837580044268996 24.977723605288848 20.83902396811632 21.12265509875241 21.76852939698307 22.37738585856347 22.943332060135294 23.458999287767835 23.915484329992225 24.302924163653856 24.61215351887037 24.837483771759146 24.977723605288848 20.836344320167505 21.120236237472078 21.76637787826259 22.375535946752755 22.941807475724453 23.45781187061716 23.91463123046268 24.302383141305576 24.61187766511828 24.837397617463026 24.977723605288848 20.833966267915997 21.118089770802587 21.76446848406005 22.373893902663774 22.940453805541832 23.456757149951056 23.9138730760918 24.301902009443356 24.611632118125 24.837320807757592 24.977723605288848 20.83186345077664 21.11619190603047 21.762780151680587 22.372441763400396 22.939256413230435 23.455823891947368 23.913201942719454 24.301475859210782 24.611414456081103 24.837252628545468 24.977723605288848 20.830012709978806 21.114521713173836 21.76129431994247 22.37116366323949 22.93820233600584 23.455002116230663 23.91261076530714 24.30110029551455 24.611222498315197 24.8371924302988 24.977723605288848 20.82839377565446 21.11306085893129 21.759994708637656 22.370045663261102 22.937280162180862 23.45428301593237 23.912093292667727 24.300771417053724 24.611054300795512 24.837139629575773 24.977723605288848 20.826988998859083 21.111793372680626 21.758867123732493 22.36907559575397 22.936479915002224 23.45365887784333 23.911644038594016 24.300485791496907 24.610908147511736 24.837093708400598 24.977723605288848 20.825783124985612 21.110705447372393 21.75789928769915 22.368242925213284 22.935792946193207 23.453123006800354 23.91125823346504 24.300240429155334 24.610782539932792 24.83705421244354 24.977723605288848 20.824763099989017 21.109785266178516 21.757080688069788 22.367538626017563 22.93521184082759 23.45266965665204 23.91093177879612 24.300032757250722 24.610676185940264 24.83702074861059 24.977723605288848 20.823917909530667 21.10902285809075 21.75640245231984 22.366955077359087 22.934730334344938 23.452293969022147 23.910661206096915 24.299860595966358 24.610587989005726 24.836992982430676 24.977723605288848 20.82323844418437 21.108409975006392 21.75585724247058 22.366485974709196 22.93434324194317 23.451991920639276 23.91044364106032 24.299722137331337 24.610517038569547 24.83697063558276 24.977723605288848 20.82271739376182 21.107940002060907 21.755439169337517 22.366126256795464 22.934046399811304 23.451760279097464 23.910276773161158 24.299615927031155 24.61046260152068 24.836953483632872 24.977723605288848 20.822349159919618 21.10760787621647 21.75514372292361 22.365872046773788 22.93383661771751 23.451596566998393 23.910158830853575 24.299540849444494 24.610424115096457 24.83694135409605 24.977723605288848 20.82212978858268 21.107410020245705 21.754967718684686 22.365720607044107 22.93371164256809 23.45149903430842 23.910088562372085 24.299496115999723 24.610401181315254 24.836934124890576 24.977723605288848 20.822056925396677 21.107344304032583 21.75490926048093 22.365670307558812 22.93367013269552 23.451466638785906 23.91006522209115 24.299481256870425 24.610393562987174 24.836931723218925 24.977723605288848
    </DataArray>
    <DataArray type="Float32" Name="Ion density residual[log10(m^-3)]" NumberOfComponents="1" format="ascii">
24.609423321373637 24.608430419112935 24.606416367797138 24.599615618818774 24.58638354443368 24.566331779869827 24.537198985049788 24.49231102587976 24.40649189468411 24.190323093665715 23.676693609624866 24.603552777244314 24.59948038523407 24.5944755253538 24.585779780671974 24.572063678195157 24.551664491562416 24.52195218415619 24.476260981758312 24.3908053464751 24.18073867393074 23.676693609624866 24.58882095006005 24.578656153616894 24.570593218252267 24.560491773742832 24.546055384048874 24.524667591834373 24.49307312033303 24.445261794256556 24.35997367334896 24.15758410383733 23.676693609624866 24.563996348778815 24.549600474820995 24.538478788151412 24.526377575197642 24.510637001419724 24.488778459937286 24.457338576174347 24.40934308247696 24.32341561900232 24.124439008473985 23.676693609624866 24.52851206229705 24.51161327578196 24.498189961535903 24.484824730144776 24.46839061567718 24.44607641644159 24.414170031557806 24.36544702965207 24.27890901324708 24.085747903737584 23.676693609624866 24.48154369037913 24.463230094001606 24.448365180195097 24.43449433720231 24.418154605512946 24.3961101392115 24.364384971805084 24.31547541782681 24.228617042807446 24.044443575664086 23.676693609624866 24.42219059395582 24.403423095964122 24.38780448092321 24.37407419730651 24.358565197432547 24.337512334382602 24.30659499320896 24.25796952374282 24.17142563780038 24.00848834522748 23.676693609624866 24.34949456844764 24.33139481759781 24.31618110611137 24.302609331260836 24.288477117766057 24.269084865018332 24.239517185836625 24.191627192958574 24.106360873690456 23.96904518781983 23.676693609624866 24.262537902878766 24.246170388775113 24.232578480531835 24.220284032601104 24.207232697766443 24.18984568148204 24.1620243910175 24.115299407719878 24.032975108580317 23.92808946386083 23.676693609624866 24.160455341983326 24.14670659556633 24.135504797166835 24.126007628328157 24.11526732952503 24.099476573124864 24.0734992189427 24.02859584877475 23.952507027469505 23.889817494531833 23.676693609624866 24.04231520807956 24.03266921219676 24.026110295577066 24.020300650598326 24.01241241373671 23.999268100558243 23.975393103852632 23.934219425257083 23.87674855844306 23.85338176849289 23.676693609624866 23.906569951069248 23.906080363785414 23.906877214844148 23.906571937658338 23.903465961282564 23.893969937613107 23.87562371476524 23.848099332153797 23.82112532422437 23.821391134105617 23.676693609624866 23.74548553348388 23.754397054357767 23.777963818336598 23.798291579350554 23.802027773227277 23.80213513501302 23.79324567086505 23.785463844831725 23.779577481519198 23.789626168732593 23.676693609624866 23.5312199078059 23.50201972697985 23.55494737832243 23.630088979811433 23.687573970570202 23.699677436139424 23.720486902441493 23.739508902211004 23.742578239229857 23.754107991275255 23.676693609624866 23.364618406319398 23.28984608251427 23.352678401901738 23.440788241574925 23.52056233905969 23.57115323212382 23.622072130763684 23.67083648580299 23.694125574220827 23.72174165768151 23.676693609624866 23.2568632164044 23.14416802101719 23.198690798579516 23.291829996677667 23.389287426792723 23.46953994785368 23.541378233817973 23.604279822501802 23.644827588583084 23.682596443243472 23.676693609624866 23.193904299934445 23.064502943675098 23.11193440727033 23.205345672403467 23.302250541211674 23.3940382764626 23.478216462512812 23.55533212007416 23.6180325861231 23.664834283932652 23.676693609624866 23.15511839307685 23.018161069932486 23.06717299349938 23.167704232369434 23.26386344214669 23.351797228547866 23.43748875360842 23.5205793606434 23.594508992593717 23.65034578236818 23.676693609624866 23.127596411505678 22.985540271052102 23.038445133177195 23.144089982118498 23.242850070756916 23.331247232089904 23.416098788221714 23.4996227587572 23.57814306336904 23.640113383866044 23.676693609624866 23.105779479483335 22.95970758128054 23.015990017806832 23.12616001454158 23.227685771215047 23.31805969774722 23.403888495607372 23.48774673536765 23.56816076754946 23.633590976110842 23.676693609624866 23.087025467914582 22.937841248210706 22.997274027690857 23.11170106249133 23.21611877400709 23.308635935010468 23.395912465604653 23.480894579247508 23.56224609463338 23.62960507055901 23.676693609624866 23.070261238932716 22.91867593157652 22.98113558101406 23.09950726369025 23.206720471798207 23.301408469189155 23.390287638276632 23.476478209508855 23.558614459948355 23.627193970923695 23.676693609624866 23.054992480707067 22.901582778477227 22.966964203192283 23.088943313661687 23.19881721311626 23.29560681641698 23.38607650786105 23.47337007172024 23.556235793429504 23.625683994924465 23.676693609624866 23.040986618803508 22.886215194636392 22.95440082231605 23.079670920972543 23.192030618071513 23.290798651286956 23.382767757190955 23.471041497710882 23.55456571860301 23.62468088322948 23.676693609624866 23.028131743525865 22.872357518756193 22.943210318431642 23.071470922763176 23.18612247420669 23.286719751244345 23.380066709445792 23.469208189521453 23.553316434682714 23.623968639339648 23.676693609624866 23.01642668523215 22.859855765299724 22.93322192725142 23.064189510464583 23.180934197639754 23.283202569002842 23.37779746926093 23.46775800992443 23.552330920440195 23.623430040223674 23.676693609624866 23.005735370750013 22.84858650829489 22.924300432910567 23.057710143663115 23.17635355453861 23.28013613943831 23.375851581264424 23.46655799035252 23.551520591188677 23.62300051684032 23.676693609624866 22.996001497540867 22.838583790090816 22.91633195541769 23.051938812630944 23.172296209391583 23.27744322852021 23.37415955907724 23.46552489742108 23.550833914776796 23.622643757279892 23.676693609624866 22.987167525302347 22.82974407876518 22.909217072938358 23.04679628713678 23.16869544065521 23.275067234558396 23.372674773935554 23.464621833016064 23.55023991377166 23.62233873200448 23.676693609624866 22.979173932226733 22.82179819160063 22.90286738413441 23.042213973539425 23.1654963460315 23.27297345856531 23.371364262945523 23.46382484699035 23.549719166632954 23.622072847701336 23.676693609624866 22.971960109723483 22.8146662326628 22.897203695524635 23.03813160669773 23.162652501978002 23.271121403492366 23.37020347017128 23.463117492675696 23.54925886204014 23.621838224549766 23.676693609624866 22.965465714992217 22.808273936845765 22.8921549402849 23.034495861521794 23.160123961012967 23.269477181961083 23.369173209679257 23.462487757509397 23.548850014674386 23.621629649862037 23.676693609624866 22.959631956067334 22.802552623246726 22.887657410928014 23.031259423002954 23.157875980995478 23.26801680244125 23.368257896230947 23.46192634929365 23.548486009041902 23.621443583633965 23.676693609624866 22.954402612879484 22.79743917920148 22.883654122671754 23.02838028926001 23.155878161399603 23.26671972058814 23.367444498367075 23.461425717701 23.548161645683773 23.621277356934073 23.676693609624866 22.949724755145006 22.792875981075913 22.880094234803266 23.025821200702612 23.154103813232453 23.26556815929599 23.36672189620759 23.46097950431071 23.547872642335758 23.621128838080523 23.676693609624866 22.94554918633229 22.78881073295015 22.87693250660137 23.023549146556036 23.1525294705863 23.264546636573197 23.366080476308042 23.46058222807561 23.547615367857535 23.62099625431309 23.676693609624866 22.941830666702202 22.785196236819242 22.874128784447336 23.02153492717664 23.151134494378432 23.263641619791347 23.36551186168577 23.460229095723484 23.547386681820036 23.62087808711742 23.676693609624866 22.938527971013283 22.781990112225674 22.871647522200675 23.01975276227844 23.149900740807166 23.262841260177623 23.36500872191908 23.459915883016198 23.547183835378526 23.62077301051411 23.676693609624866 22.935603830067166 22.779154489078852 22.869457338768253 23.018179940079698 23.148812278516775 23.26213518066553 23.364564631764047 23.45963885573873 23.547004408011045 23.62067985433443 23.676693609624866 22.933024796096618 22.776655802082708 22.86753061514696 23.016796504852376 23.14785514561789 23.261514302213506 23.364173961526692 23.45939471369418 23.54684626480731 23.62059758154489 23.676693609624866 22.93076106282561 22.77446606504615 22.865843131802986 23.015584980333877 23.147017140076425 23.260970698858593 23.363831788455478 23.459180547658992 23.54670752536365 23.62052527326472 23.676693609624866 22.928786262977514 22.772556903668207 22.864375281518143 23.01453012644056 23.146287638712085 23.260497475070125 23.363533822408005 23.458993803740604 23.546586539359893 23.62046211794466 23.676693609624866 22.92707725954616 22.77090546994956 22.863109974735142 23.013618726753094 23.14565744126768 23.26008866180369 23.363276343830137 23.458832254015647 23.546481866330183 23.620407402801565 23.676693609624866 22.925613942143542 22.769491978276786 22.862027991529395 23.01283940432103 23.145118636627842 23.25973912815628 23.363056151144537 23.458693971286472 23.546392256550835 23.620360506403458 23.676693609624866 22.924379036020902 22.768299482947665 22.86111589344727 23.01218246343473 23.14466448875384 23.259444506411107 23.36287051588435 23.458577303879515 23.546316630702457 23.620320893039654 23.676693609624866 22.923357928676456 22.76731368316563 22.860362381462306 23.011639755191016 23.14428934033949 23.259201128976432 23.362717144798058 23.458480855030764 23.546254101425408 23.620288112713094 23.676693609624866 22.922538517090562 22.76653392714695 22.85975814234091 23.01120456492529 23.14398853250683 23.25900597595481 23.36259414820917 23.45840346842428 23.546203927082253 23.620261791332627 23.676693609624866 22.92191107733522 22.765945821022807 22.859295722211673 23.010871519816654 23.14375833912353 23.258856632319144 23.36250001405889 23.458344217539498 23.546165509750434 23.62024162695311 23.676693609624866 22.921468157482888 22.765530668298233 22.858969425567803 23.010636515222938 23.143595914574174 23.258751253893383 23.362433587205956 23.458302393902642 23.546138391317026 23.620227387572065 23.676693609624866 22.921204494237 22.76528353444441 22.85877523823476 23.010496658574688 23.143499254055385 23.25868854149274 23.362394053626243 23.458277497835873 23.546122248475918 23.62021890910626 23.676693609624866 22.9211169534101 22.76520148164648 22.8587107731639 23.01045022993247 23.143467165701924 23.25866772277768 23.362380929302542 23.458269232041758 23.54611688882001 23.62021609377755 23.676693609624866
    </DataArray>
    <DataArray type="Float32" Name="Ion density last step [log10(m^-3)]" NumberOfComponents="1" format="ascii">
22.630995682414955 22.66353532929154 23.086134250020294 23.460246531215827 23.789085030228335 24.075718617534783 24.322957820167694 24.533281483431452 24.709166102751244 24.85337968011218 24.977723605288848 22.629390880508964 22.66214467024171 23.085344751071442 23.46001977431845 23.789314921176867 24.076275736593825 24.32366054620818 24.533888879300562 24.709394699781797 24.85303766584492 24.977723605288848 22.621778988904218 22.656327667072464 23.08116146269577 23.457455696247333 23.788208905509318 24.076317811444174 24.324379337744478 24.534656295695314 24.709506737099677 24.85202294271309 24.977723605288848 22.608338629271138 22.645217339292493 23.072557360340898 23.45145413152322 23.784616933905312 24.074664580267633 24.32395970129865 24.53460397644232 24.708890164203456 24.850157315045962 24.977723605288848 22.589537146079852 22.629052907982818 23.05953241746641 23.441820062485373 23.778225285211466 24.07098506084725 24.322126782675166 24.53351215130758 24.707350277622457 24.847346777063024 24.977723605288848 22.56654956237686 22.608728246260767 23.042725266962805 23.428948312240017 23.769212141573338 24.06527960242155 24.31876029042181 24.53122008515384 24.704776513777887 24.843648315759296 24.977723605288848 22.540703678405997 22.58534768733573 23.023014660133967 23.41349245027758 23.758033160643677 24.057855115185024 24.314088263525267 24.527969488528782 24.701562898389522 24.839799012184603 24.977723605288848 22.51269036697403 22.559394545269715 23.000664050920516 23.395495031063447 23.74452061637631 24.048364610432543 24.307629443728857 24.523198459015884 24.69715773967528 24.83542061919285 24.977723605288848 22.48188385302279 22.5302392259764 22.974966563394215 23.374160779367443 23.727848515849402 24.036009212664677 24.298696996286438 24.516472775423843 24.691685562369035 24.831344977198253 24.977723605288848 22.444354087076512 22.494448241333686 22.942782784086234 23.346653019340334 23.705531326597633 24.018779776212696 24.285917822698014 24.507346526393324 24.686267693857324 24.829455253196173 24.977723605288848 22.388088694761535 22.442044288080517 22.89547075539992 23.305691619019196 23.671714829829924 23.992344461965942 24.26673764587989 24.49555864401212 24.682842230672353 24.830738016281064 24.977723605288848 22.28293115476292 22.350943878821678 22.815560559044915 23.238176453167437 23.617632828459627 23.95225554921826 24.24105420301488 24.48446494086195 24.68343580826779 24.83422156960217 24.977723605288848 22.063268154665284 22.183854368759047 22.681502762375914 23.130141977852976 23.5380985060054 23.90059073354058 24.212206250362758 24.47503960413202 24.68484373255601 24.838574191245606 24.977723605288848 21.425021776238808 21.641526536080733 22.251009810741692 22.83395593668275 23.372070185934508 23.868143916923145 24.18074949346165 24.463679794521102 24.686359912088598 24.84370129120068 24.977723605288848 21.016175361399405 21.27945011743599 21.916203552056437 22.517185034923937 23.07459728276456 23.580894996783567 24.02600521694021 24.413840793191962 24.730365939047093 24.849513755482775 24.977723605288848 20.80451711776873 21.086772427743377 21.735267865535626 22.347652223525394 22.917468773582186 23.437389261630727 23.898724521932444 24.291832763562454 24.605956559294125 24.83195840550899 24.977723605288848 20.728926539792376 21.021794576832722 21.676588969449238 22.29512316180385 22.87139683561743 23.398161888661946 23.866684925486712 24.267075076240094 24.589658355917933 24.827653532897486 24.977723605288848 20.70083344857043 21.00041721991205 21.65897816537235 22.280820704932662 22.860255898746235 23.390084778333254 23.861459387978904 24.264286175171577 24.5886836862961 24.82770624245767 24.977723605288848 20.683280185406215 20.987567956189185 21.649087228885623 22.27345299023537 22.85513217390775 23.38695581998611 23.8600013258316 24.264036461264148 24.589049997565184 24.82808307938415 24.977723605288848 20.668180842416913 20.976048951945554 21.640125512698347 22.266755794903048 22.850443873161172 23.384017099786917 23.858501135084 24.26358034038652 24.58917003862454 24.82830765541723 24.977723605288848 20.654410589762406 20.96503321014193 21.631307310080057 22.259981978938473 22.84552861416261 23.380741992470522 23.856599754732358 24.262725123381575 24.588979757235787 24.82837944717945 24.977723605288848 20.641827241754388 20.954611924335644 21.622750463372668 22.25323765173706 22.840482014726266 23.377228901130557 23.854406176106075 24.26158268751967 24.588568727335197 24.828342578072085 24.977723605288848 20.630399069335134 20.94490558978427 21.614618167433242 22.246692728566487 22.83546707438599 23.373630685380096 23.85206014050049 24.260271108769395 24.58801968083449 24.828234666310625 24.977723605288848 20.620072241970355 20.935970120518 21.607013610746904 22.240471145656638 22.830612499187094 23.37007141499944 23.849673533782894 24.258881538131998 24.587394375454597 24.82808325803777 24.977723605288848 20.610772697994502 20.92780954639206 21.599985015789986 22.234647000364085 22.826004274488547 23.366638564696114 23.84732670754654 24.257479282998972 24.586736663211113 24.827907823555453 24.977723605288848 20.602385912622683 20.92039467991261 21.59354235271825 22.229255968121635 22.821692842414357 23.363388186142387 23.845073383204806 24.256108805152543 24.58607672070405 24.827721861981917 24.977723605288848 20.59485851362858 20.913686208738056 21.587673091819035 22.22430738477999 22.817702419477243 23.360352336326258 23.842946907186555 24.25479901076528 24.585434585010184 24.82753452786217 24.977723605288848 20.588104295163653 20.907633982212232 21.582350008933272 22.219792958826872 22.8140387604656 23.357545572452587 23.84096550431245 24.253567175027776 24.584822884556953 24.827351833211086 24.977723605288848 20.58204595904389 20.90218421509501 21.577537756981574 22.215693393254888 22.810695319923298 23.354970312201377 23.83913666064588 24.252422205334433 24.584248938627482 24.827177540988398 24.977723605288848 20.576612862996747 20.89728349372478 21.573197473562594 22.211983219169944 22.807657918780716 23.352621015104063 23.83746060721838 24.25136726594697 24.583716359552586 24.827013831100732 24.977723605288848 20.57174118087466 20.89288082079763 21.56928973548013 22.20863412765284 22.804908098686905 23.350487281179042 23.835932903481282 24.250401711319608 24.583226247717462 24.826861792804653 24.977723605288848 20.567373749219154 20.88892876810238 21.56577634823898 22.205617136025136 22.80242540195565 23.348556004589987 23.834546295394315 24.24952248916345 24.582778063037992 24.826721783439204 24.977723605288848 20.563459648535197 20.885383943549126 21.562621352744358 22.20290394978141 22.80018888469125 23.346812853344712 23.833292014863055 24.248725133794558 24.5823702463308 24.826593685013815 24.977723605288848 20.559953677973837 20.88220708049835 21.55979153415731 22.200467768755058 22.798178082933898 23.345243259987658 23.832160663674646 24.24800445327519 24.582000654806066 24.826477086328083 24.977723605288848 20.556815796614455 20.87936290744355 21.557256608454008 22.198283714183113 22.796373587537175 23.343833045560963 23.83114279303187 24.247354990209345 24.581666858653954 24.826371408297447 24.977723605288848 20.554010579251347 20.87681990343915 21.554989214067838 22.196329011806558 22.794757356722105 23.34256879197994 23.83022926763617 24.246771320647106 24.581366337841093 24.826275988694405 24.977723605288848 20.551506711871234 20.874550003824226 21.552964792970805 22.194583023073488 22.79331285714674 23.341438044854655 23.829411481329014 24.246248239946393 24.581096608687663 24.826190138194395 24.977723605288848 20.54927653791195 20.8725282946627 21.551161415284362 22.193027186628655 22.792025096829015 23.340429405226914 23.82868147299858 24.245780871380603 24.580855301872393 24.826113176383114 24.977723605288848 20.54729565819794 20.870732717756294 21.54955958120856 22.1916449110665 22.790880593135345 23.339532551077472 23.82803197739188 24.24536472322806 24.580640207526702 24.826044454005952 24.977723605288848 20.545542582872105 20.869143797680195 21.548142020656464 22.19042144525941 22.789867304652095 23.33873821655308 23.827456434963498 24.244995712498792 24.580449298564723 24.825983365956255 24.977723605288848 20.543998431160304 20.867744395738505 21.546893502229405 22.189343742601114 22.78897454565333 23.338038147590666 23.82694897721156 24.2446701678489 24.580280740027664 24.825929358163673 24.977723605288848 20.54264667488022 20.866519494333026 21.545800657412002 22.188400328978283 22.788192895024796 23.33742504616798 23.826504398508476 24.244384820209742 24.580132889791855 24.82588193057621 24.977723605288848 20.541472919322178 20.86545600641434 21.54485182424908 22.187581179993174 22.787514106830148 23.33689251092355 23.82611812159381 24.244136786790115 24.580004294237405 24.825840637728025 24.977723605288848 20.540464718806675 20.86454261383193 21.544036910734363 22.186877610050008 22.78693102664389 23.336434978917623 23.825786161309285 24.243923552151987 24.57989368127308 24.825805087897695 24.977723605288848 20.539611419091113 20.863769626078735 21.543347271519387 22.18628217395922 22.786437515810157 23.336047671334935 23.825505089398504 24.24374294870547 24.579799952253488 24.825774941510932 24.977723605288848 20.538904027256383 20.863128863133895 21.542775606769574 22.185788582168165 22.786028384859254 23.33572654468725 23.825272001993635 24.243593137985368 24.5797221736494 24.825749909205324 24.977723605288848 20.53833510273669 20.862613555405943 21.542315876870425 22.185391629236197 22.78569933662421 23.335468248536117 23.825084491002112 24.24347259388762 24.57965956950415 24.82572974992287 24.977723605288848 20.537898672835276 20.862218273120053 21.541963233282384 22.185087134808647 22.78544691874985 23.33527008978411 23.824940619607226 24.243380088044205 24.579611514611365 24.825714269109692 24.977723605288848 20.537590162319244 20.861938859876357 21.54171396210921 22.184871895943317 22.785268485277584 23.335130003623924 23.82483890217324 24.243314677701555 24.57957752876787 24.82570331714704 24.977723605288848 20.53740633882385 20.86177237792887 21.541565440364124 22.18474365041947 22.78516216706183 23.335046531085183 23.824778288635958 24.243275696243774 24.57955727223819 24.82569678808758 24.977723605288848 20.53734527740606 20.861717077627556 21.54151610602355 22.184701051039863 22.785126850889306 23.3350188031165 23.824758153389613 24.24326274641366 24.579550542492143 24.82569461873546 24.977723605288848
    </DataArray>
    <DataArray type="Float32" Name="Ion density max [log10(m^-3)]" NumberOfComponents="1" format="ascii">
23.036483574975744 22.99978308525628 23.368500741930976 23.688961401021803 23.96723768646191 24.207893002214092 24.414016101592814 24.589403276008184 24.73770730849351 24.86266673011648 24.977723605288848 23.034016795163843 22.99769847294451 23.36716200136936 23.688317083725412 23.96718903475987 24.208237054723746 24.414554041660136 24.5898858013606 24.73785201055069 24.86228755038918 24.977723605288848 23.02387691558554 22.989826543889492 23.36134696649915 23.68451576273917 23.96526165342496 24.20765987626751 24.414803996391285 24.59030658663499 24.73773626292852 24.861172464786417 24.977723605288848 23.006307242850795 22.975353546630743 23.35007848025403 23.676503111055883 23.960344856762568 24.205024460276128 24.413658791870997 24.589733443930218 24.73678620431573 24.859161141395234 24.977723605288848 22.981884885570437 22.954604582490553 23.333422729142693 23.664135663730903 23.95216124848137 24.20003810794519 24.410883994645882 24.58798513466054 24.734837833120878 24.856176736156247 24.977723605288848 22.951945198837443 22.928597218319645 23.312109455585965 23.647873027926572 23.940927968930502 24.192735242153624 24.4063916385458 24.5849316797664 24.731806678253697 24.85229146889821 24.977723605288848 22.918022674754294 22.898598905908607 23.28713882231349 23.628797419357063 23.927150421052527 24.183462197867925 24.400444148734262 24.58084658116747 24.728115239902145 24.84826203557663 24.977723605288848 22.88107784196432 22.865319207767985 23.258956025884594 23.606858457902067 23.910759582512135 24.17195283340295 24.392627092685238 24.575220934610247 24.72324734350909 24.843722598735514 24.977723605288848 22.840830808829235 22.82844451262553 23.227126211440392 23.581388482636005 23.891111454884786 24.157564634687407 24.382386373605865 24.56772844627906 24.71740476769736 24.839540704076345 24.977723605288848 22.793857098125677 22.785047237445728 23.1894303275493 23.54995347479339 23.8660838223937 24.138610912298645 24.368625858117905 24.558145448702863 24.71185991737142 24.83766150471274 24.977723605288848 22.72901173106218 22.7260544174175 23.137789300416788 23.50603387393464 23.83050496783832 24.11135082728916 24.349272256485392 24.546555890657604 24.708733338796222 24.839111656497604 24.977723605288848 22.617810266858847 22.631461393414156 23.055988154122065 23.437776165509487 23.77663320092424 24.07211647572664 24.324727428272926 24.536533195557165 24.7100410492195 24.84286383761752 24.977723605288848 22.39767727543201 22.466744435719345 22.924549208531204 23.33253629851305 23.70013292946323 24.023424420379612 24.29829836464512 24.528841500697123 24.712404450424593 24.847555022044368 24.977723605288848 21.771702617270023 21.93976030774646 22.50946711082957 23.05100467718277 23.546455085649935 23.999616985212185 24.27091354018269 24.520097568748774 24.715363560902166 24.853149162370258 24.977723605288848 21.362416989499305 21.58049189211864 22.179097010225476 22.740436373114882 23.25723634725975 23.722761377722296 24.12810775028425 24.479388694516377 24.76436789124124 24.859778643326138 24.977723605288848 21.14251190216339 21.381692504393996 21.993426259335436 22.567636331789995 23.098388281674794 23.579072261986216 24.002082420479542 24.35941052507639 24.642445917267416 24.844656951912878 24.977723605288848 21.058520753980517 21.309466959700217 21.928452727780396 22.509888320879085 23.048238269684134 23.53690668904703 23.96816438093792 24.333659395992175 24.625862525047964 24.840535074505436 24.977723605288848 21.024457468519348 21.282737347127103 21.906094462275526 22.491561925540026 23.033857951225485 23.526381805249887 23.961237506781163 24.329826449992744 24.62438011293884 24.840454298588774 24.977723605288848 21.002347016219556 21.26574165806787 21.89248744306783 22.481007494594845 23.026134188430657 23.52125600980062 23.958363187352568 24.32868405758292 24.624290673381687 24.84069188194482 24.977723605288848 20.98346357480473 21.250771818455494 21.880422668696834 22.47163445991174 23.019248287844956 23.516618550941242 23.95565241980876 24.32746411238199 24.62402215564693 24.84079828271385 24.977723605288848 20.966440955191878 21.236798049519173 21.868946673002064 22.462565974323955 23.01244475189054 23.511881757744966 23.95271023013513 24.32595534004663 24.623502753323233 24.84077164156862 24.977723605288848 20.9510216731646 21.223807182275635 21.858086642654964 22.453835093865386 23.005764143736688 23.50710501724716 23.94961930491323 24.32425267309616 24.622812367151344 24.8406525680908 24.977723605288848 20.93710053380465 21.211849987578294 21.84794252372318 22.445558255014628 22.99932691641746 23.502409126322043 23.94649642316419 24.322458835239082 24.62202496914591 24.840475538365354 24.977723605288848 20.92457026661259 21.200930977689524 21.838569811515107 22.437817829898364 22.993227573836318 23.497891522974864 23.943433954878934 24.320651899625087 24.621194999913353 24.840265549578508 24.977723605288848 20.913315947796296 21.191014828514046 21.829979858458366 22.430655247035453 22.98752469625444 23.493617965745806 23.940496178390593 24.31888643335202 24.620360395532526 24.84004005822051 24.977723605288848 20.90319092622761 21.182041463455594 21.822153569890702 22.424080241412266 22.982246759123424 23.489626953705805 23.937723779320073 24.317198228036624 24.619546617192814 24.839810988884533 24.977723605288848 20.894114614726014 21.173946151100548 21.815054910857054 22.418081235184655 22.97740024018547 23.48593634327088 23.935139569191275 24.31560922383417 24.618769959281508 24.839586269193372 24.977723605288848 20.88597836326189 21.166657859319592 21.80863738302032 22.412632838090328 22.972976418096803 23.482549127715792 23.9327532309623 24.314131092290754 24.618040076801012 24.83937095451844 24.977723605288848 20.87868595836249 21.160105286003542 21.802849570349014 22.40770156585967 22.96895678584221 23.47945821387414 23.930565271098985 24.31276820586264 24.617361913922117 24.839168058496437 24.977723605288848 20.872150492469324 21.154220078786793 21.797639005813355 22.40325000818971 22.965317150622184 23.476650146855643 23.928570156914912 24.311520022151885 24.61673716776233 24.838979168933694 24.977723605288848 20.866293998092782 21.148938343805693 21.792954600240563 22.3992396756911 22.962030566058537 23.47410786056573 23.926758631595604 24.310382829847498 24.616165375674733 24.83880490147691 24.977723605288848 20.861046924805965 21.1442014178975 21.788748051261766 22.395632813588197 22.959069300075644 23.471812571054592 23.92511936940774 24.309351009586923 24.615644705043728 24.83864522914118 24.977723605288848 20.856347445237652 21.139956055860385 21.784974575747857 22.39239350390658 22.95640611724205 23.46974506225469 23.92364012326791 24.308417920836085 24.615172513712643 24.83849971728667 24.977723605288848 20.852140719609164 21.136154310241043 21.78159321281381 22.3894882787465 22.954015072773725 23.467886531526574 23.922308495139415 24.30757650974346 24.614745740375238 24.838367689898533 24.977723605288848 20.848378171849003 21.132753239454075 21.77856685281649 22.386886400811267 22.951871957128755 23.466219104211035 23.921112430414233 24.306819710900204 24.614361167920745 24.838248343429715 24.977723605288848 20.845016811738212 21.129714534833273 21.77586210578766 22.38455993284285 22.949954508354253 23.46472612251597 23.920040517576357 24.306140702054865 24.614015595680744 24.8381408232314 24.977723605288848 20.84201861969744 21.127004121754837 21.77344908371514 22.382483678772626 22.94824247461636 23.463392283596427 23.91908215446637 24.30553305655747 24.613705947739664 24.83804427355919 24.977723605288848 20.83934999969828 21.124591767082507 21.77130114416733 22.3806350523376 22.946717584329452 23.46220368016455 23.91822762571914 24.304990826331693 24.613429337182456 24.837957869151012 24.977723605288848 20.836981299436257 21.122450710668545 21.769394624637325 22.378993909745663 22.94536346298438 23.461147780866114 23.917468123063674 24.304508578960167 24.61318310066096 24.837880834181455 24.977723605288848 20.83488639350144 21.120557329554885 21.76770858499573 22.37754236969228 22.94416552264656 23.460213375844088 23.916795730536077 24.30408140551483 24.61296481351751 24.83781245275289 24.977723605288848 20.833042323554398 21.1188908378148 21.766224567617577 22.376264634989745 22.94311084086354 23.459390504404343 23.916203389601673 24.303704910615142 24.612772292608994 24.837752073850577 24.977723605288848 20.831428990096313 21.11743302410883 21.764926379591863 22.375146824161597 22.942188039459907 23.458670375780763 23.915684854177854 24.303375192498102 24.612603591740264 24.83769911279499 24.977723605288848 20.830028888444044 21.116168020684903 21.76379990022539 22.374176817482994 22.941387169430364 23.45804528987832 23.915234642016554 24.303088818242863 24.612456993001427 24.837653050575 24.977723605288848 20.82882688546335 21.11508210679866 21.762832913300418 22.373344119336885 22.940699605359377 23.45750856215274 23.914847986528073 24.302842797492218 24.612330996196732 24.837613431993706 24.977723605288848 20.82781002857545 21.11416353746632 21.76201495719596 22.37263973701281 22.94011795102028 23.457054454985958 23.914520791515457 24.302634556766556 24.61222430775962 24.83757986323292 24.977723605288848 20.826967387203787 21.113402400798357 21.761337201089432 22.372056076562867 22.939635956987555 23.45667811678783 23.914249590187186 24.302461915556908 24.612135829918277 24.837552009221742 24.977723605288848 20.82628991986755 21.11279049648659 21.760792340630406 22.371586855021608 22.939248450515706 23.456375529601875 23.914031509473443 24.302323065245435 24.61206465106745 24.837529591149913 24.977723605288848 20.82577037000825 21.112321247344074 21.76037451305642 22.371227027990052 22.938951277162392 23.456143465087877 23.913864239728287 24.302216550946873 24.612010037243866 24.837512384194724 24.977723605288848 20.82540317979902 21.111989618769478 21.760079228257922 22.370972731281046 22.938741253681552 23.455979448837972 23.913746010008566 24.302141256570305 24.611971425023597 24.837500215575538 24.977723605288848 20.825184423485037 21.11179205336098 21.759903315544154 22.370821236089146 22.938616131811024 23.455881732864196 23.91367556893653 24.30209639319503 24.611948415953304 24.837492963002838 24.977723605288848 20.825111763459375 21.11172643271121 21.759844886948322 22.370770917546295 22.938574572719713 23.45584927611663 23.913652171102374 24.30208149077974 24.611940772560274 24.837490553555746 24.977723605288848
    </DataArray>
    <DataArray type="Float32" Name="Mobility [m^2/V/s]" NumberOfComponents="1" format="ascii">
0.0 0.0 0.0 0.0 0.0 0.0 0.0 0.0 0.0 0.0 0.0 1.5672830705828617e-05 1.617407424325712e-05 1.6175869032470775e-05 1.617137790159615e-05 1.6674416228238308e-05 1.7630643434936224e-05 1.7633339776597193e-05 1.7627927083054987e-05 1.8586850631413873e-05 2.0226657390886535e-05 2.022937374276777e-05 4.9848257339844314e-05 4.9832091199776186e-05 4.985534592723468e-05 5.575615483086258e-05 6.261106524995137e-05 6.2603976662561e-05 6.258766070148886e-05 6.943548253318728e-05 7.779353899236237e-05 7.781694354082489e-05 7.779353899236237e-05 0.0 0.0 0.0 0.0 0.0 0.0 0.0 0.0 0.0 0.0 0.0 0.0 0.0 0.0 0.0 0.0 0.0 0.0 0.0 0.0 0.0 0.0 2.4403913857240434e-05 2.698075733757357e-05 3.0639196473742626e-05 3.064445931659622e-05 3.431154617812539e-05 3.91321287285977e-05 3.914647320240426e-05 4.396179291002297e-05 4.9869690401041234e-05 4.98652595719623e-05 5.575881258917401e-05 0.0 0.0 0.0 0.0 0.0 0.0 0.0 0.0 0.0 0.0 0.0 0.0 0.0 0.0 0.0 0.0 0.0 0.0 0.0 0.0 1.570168011394175e-05 1.5671803472553867e-05 3.0607017773583115e-05 3.0581023783379425e-05 3.429081503077529e-05 3.912047921220056e-05 3.910186499671648e-05 4.395752316834544e-05 4.984664535647821e-05 4.9803770262549684e-05 5.5711506666166544e-05 6.247174375196302e-05 6.234820323662013e-05 0.0 0.0 0.0 0.0 0.0 0.0 0.0 0.0 0.0 0.0 0.0 0.0 0.0 0.0 0.0 0.0 0.0 0.0 1.566516573739699e-05 1.5638991032890766e-05 1.562246137958251e-05 1.561709263816399e-05 3.420264237379809e-05 3.903968632994297e-05 3.8982133546792535e-05 4.388135616971092e-05 4.974621747939925e-05 4.965732541118969e-05 5.557973950402846e-05 6.225931116841057e-05 6.207671973339051e-05 6.884518346598219e-05 7.741879601548107e-05 0.0 0.0 0.0 0.0 0.0 0.0 0.0 0.0 0.0 0.0 0.0 0.0 0.0 0.0 0.0 0.0 1.5620399309029218e-05 1.5598500914302437e-05 1.5578866900735468e-05 1.558092897128876e-05 1.6051226806731612e-05 1.6012527178868967e-05 3.878214814647768e-05 4.3723403979690975e-05 4.955692600432018e-05 4.941852641153893e-05 5.5352447843037646e-05 6.193832014060927e-05 6.170212144497621e-05 6.842639333532908e-05 7.7182597319848e-05 7.7182597319848e-05 8.6175e-05 0.0 0.0 0.0 0.0 0.0 0.0 0.0 0.0 0.0 0.0 0.0 0.0 0.0 0.0 1.5571213943933662e-05 1.555364200091998e-05 1.5532408178743683e-05 1.554006113554549e-05 1.5991293356692674e-05 1.5948304046884573e-05 1.6420770090208052e-05 1.731827023629732e-05 4.928508504674445e-05 4.911752915183619e-05 5.504649235534814e-05 6.153456555006796e-05 6.129216063596054e-05 6.794778972558861e-05 7.694019240574058e-05 7.694019240574058e-05 8.6175e-05 0.0 0.0 0.0 0.0 0.0 0.0 0.0 0.0 0.0 0.0 0.0 0.0 0.0 0.0 1.55206679851801e-05 1.5507087119805608e-05 1.5485184722895907e-05 1.549692491645949e-05 1.5926401649974872e-05 1.5880760701124027e-05 1.633213983154911e-05 1.7199739923972844e-05 1.711963975418501e-05 1.8032880795459588e-05 5.46591359561499e-05 6.107236013167057e-05 6.080147672788689e-05 6.743450140769755e-05 7.666930900195694e-05 7.666930900195694e-05 8.6175e-05 0.0 0.0 0.0 0.0 0.0 0.0 0.0 0.0 0.0 0.0 0.0 0.0 0.0 0.0 0.0 1.5459944653214256e-05 1.5437558075737564e-05 1.5452635942073097e-05 1.5858374123647335e-05 1.5810265893601895e-05 1.6238390652652824e-05 1.707153152413957e-05 1.6983786441017892e-05 1.7865035542550073e-05 1.9391348861340384e-05 1.9254989274377906e-05 6.0293143876804866e-05 6.69167163117809e-05 7.642240730982392e-05 7.642240730982392e-05 8.6175e-05 0.0 0.0 0.0 0.0 0.0 0.0 0.0 0.0 0.0 0.0 0.0 0.0 0.0 0.0 0.0 0.0 0.0 1.5406225881960856e-05 1.5786242410966345e-05 1.5733035931903008e-05 1.613707594354405e-05 1.6930579961954555e-05 1.682960843338181e-05 1.767631893085565e-05 1.915401774580516e-05 1.898960584478533e-05 2.0568276188307586e-05 2.302312306142475e-05 7.631405016629103e-05 7.631405016629103e-05 8.6175e-05 0.0 0.0 0.0 0.0 0.0 0.0 0.0 0.0 0.0 0.0 0.0 0.0 0.0 0.0 0.0 0.0 0.0 0.0 0.0 1.563828571126664e-05 1.60181548421321e-05 1.6763893811033195e-05 1.6635199577022313e-05 1.7446653168272024e-05 1.886091161077445e-05 1.864373221951395e-05 2.0186684896027258e-05 2.257524822002561e-05 2.226132132800084e-05 2.4867064043259686e-05 8.6175e-05 0.0 0.0 0.0 0.0 0.0 0.0 0.0 0.0 0.0 0.0 0.0 0.0 0.0 0.0 0.0 0.0 0.0 0.0 0.0 0.0 0.0 1.6546407724228153e-05 1.6371341876058096e-05 1.7142893086091086e-05 1.8468666371343895e-05 1.8172832203978992e-05 1.967367133740186e-05 2.196548716063594e-05 2.154761507291037e-05 2.4135265063509355e-05 2.7652154945445315e-05 2.719242028173474e-05 0.0 0.0 0.0 0.0 0.0 0.0 0.0 0.0 0.0 0.0 0.0 0.0 0.0 0.0 0.0 0.0 0.0 0.0 0.0 0.0 0.0 0.0 1.674724814899008e-05 1.7952253115048046e-05 1.7591312276270345e-05 1.9016896331259258e-05 2.1186674234132674e-05 2.0718319329831912e-05 2.3249038071483026e-05 2.672406537743398e-05 2.6257227136169752e-05 3.0200609346421467e-05 3.5166158144398423e-05 0.0 0.0 0.0 0.0 0.0 0.0 0.0 0.0 0.0 0.0 0.0 0.0 0.0 0.0 0.0 0.0 0.0 0.0 0.0 0.0 0.0 0.0 1.6651685749119666e-05 1.8098922306297167e-05 2.0161286143647523e-05 1.9950656529433605e-05 2.2570053552968347e-05 2.6046597521955838e-05 2.5591781480136204e-05 2.9278955063337613e-05 3.448479081708759e-05 3.423126211031125e-05 3.9891913905880865e-05 0.0 0.0 0.0 0.0 0.0 0.0 0.0 0.0 0.0 0.0 0.0 0.0 0.0 0.0 0.0 0.0 0.0 0.0 0.0 0.0 0.0 0.0 1.9313469048224302e-05 1.7558155616088267e-05 2.0604110506618397e-05 2.3836468048000168e-05 2.1884088255483453e-05 2.6871759229001263e-05 3.2278882317794535e-05 3.11670019283886e-05 3.852650480969859e-05 4.557850777354046e-05 4.789908340394716e-05 0.0 0.0 0.0 0.0 0.0 0.0 0.0 0.0 0.0 0.0 0.0 0.0 0.0 0.0 0.0 0.0 0.0 0.0 0.0 0.0 0.0 1.5e-05 1.8295650626928137e-05 2.1330941807929232e-05 2.007044972846315e-05 2.365888735701846e-05 2.9906509848922515e-05 2.7187371953223805e-05 3.469548652459394e-05 4.5179945508248446e-05 3.984942367718363e-05 5.305302055653684e-05 5.844409253305757e-05 0.0 0.0 0.0 0.0 0.0 0.0 0.0 0.0 0.0 0.0 0.0 0.0 0.0 0.0 0.0 0.0 0.0 0.0 0.0 1.5e-05 1.5e-05 1.5e-05 1.9659581531461612e-05 2.2117860919300156e-05 2.6906837594971588e-05 2.6416724529412973e-05 3.148623556333662e-05 3.935931061162502e-05 3.874647431651967e-05 4.710966243036668e-05 5.6897908202331836e-05 5.665084432446857e-05 6.705192639153906e-05 0.0 0.0 0.0 0.0 0.0 0.0 0.0 0.0 0.0 0.0 0.0 0.0 0.0 0.0 0.0 0.0 0.0 1.5e-05 1.5e-05 1.5e-05 1.5e-05 1.5e-05 2.636206226818771e-05 2.6291731503902715e-05 3.0925791733493016e-05 3.867614355223468e-05 3.862294295210725e-05 4.6443625535133914e-05 5.659764372434114e-05 5.659329961858245e-05 6.680051840791711e-05 7.648558715107919e-05 7.648558715107919e-05 0.0 0.0 0.0 0.0 0.0 0.0 0.0 0.0 0.0 0.0 0.0
    </DataArray>
    <DataArray type="Float32" Name="Electric Field [Vm^-1]" NumberOfComponents="3" format="ascii">
382390111.7989416 -1625083424.742403 0.0 282203.5592231425 -96328721.26646313 0.0 400252.46562173695 -96636126.51515433 0.0 557946.2666285853 -96263002.26783495 0.0 739836.7801710687 -94902356.46114564 0.0 939533.5122601809 -92256298.95483112 0.0 1151729.4217199746 -88056664.35740173 0.0 1366179.0275986698 -82077578.23644759 0.0 1541379.6752120764 -74237095.69661307 0.0 1483434.3437297787 -65183473.59326975 0.0 409189928.83936447 1167588066.4737155 0.0 2459767.181150756 -1432240599.0932286 0.0 685721.4817931228 -96322277.84128653 0.0 773283.5417511087 -96592401.02559008 0.0 830169.9925817372 -96177057.61178403 0.0 849213.7664172672 -94756567.5482588 0.0 827085.9582525957 -92031668.92331733 0.0 760332.7384705358 -87737400.31838326 0.0 644108.0335654599 -81653416.53015934 0.0 473576.93656680273 -73714564.7422917 0.0 256183.12866488568 -64651052.42800838 0.0 -2049982.9987774077 1365566350.5316157 0.0 2960954.3417217406 -1431658176.081139 0.0 1340633.458635662 -96183462.69123119 0.0 1481316.7336508222 -96493751.40270147 0.0 1569577.715668733 -96127210.46990888 0.0 1592609.5846608917 -94762921.4625459 0.0 1538924.108517521 -92100657.92625113 0.0 1399539.4320187068 -87875257.5753048 0.0 1168691.1948640745 -81866106.06319772 0.0 845381.944285957 -74000398.8336408 0.0 446291.97389800585 -64978047.142607525 0.0 -2028178.9999073474 1365373926.1384528 0.0 3495686.575449547 -1430736463.0006554 0.0 1973604.4667258468 -96008296.83009881 0.0 2129471.827332529 -96367543.16574709 0.0 2224103.000428801 -96067824.55268577 0.0 2235458.625364175 -94787610.85458286 0.0 2143186.5256129084 -92223565.29948445 0.0 1933504.6622301433 -88104403.11937541 0.0 1601430.112598226 -82203449.35496238 0.0 1150279.9695587403 -74438365.94478364 0.0 601714.4428609508 -65476226.09838994 0.0 -2010799.9315620884 1365096707.1851943 0.0 4057479.3712524367 -1429486021.1586664 0.0 2608027.723417221 -95835402.85365644 0.0 2745909.136040777 -96245298.70200652 0.0 2820920.715683455 -96021060.87956683 0.0 2803994.532850284 -94841993.92364918 0.0 2667265.871129473 -92400140.13107942 0.0 2391045.6654148092 -88414730.76148939 0.0 1968023.0481822796 -82648676.46072038 0.0 1403894.5311177725 -75006718.64534876 0.0 727108.927811076 -66117369.17874402 0.0 -1997151.848946227 1364751380.4870384 0.0 4655038.255839234 -1427900688.3745265 0.0 3259676.5767613454 -95695999.9334931 0.0 3352929.6251841914 -96154077.63073525 0.0 3386430.3051897036 -96007066.3882976 0.0 3325802.192434555 -94938038.98986374 0.0 3136216.862521309 -92634145.66190909 0.0 2792066.149151175 -88802643.48446074 0.0 2283262.3277051947 -83191830.00290911 0.0 1616738.745284002 -75689544.22734693 0.0 827066.3633448428 -66877670.43636601 0.0 -1986907.4083910226 1364352296.769518 0.0 5291674.534219222 -1425969163.8545437 0.0 3936750.9527256 -95615200.06418929 0.0 3962519.94093499 -96116549.57115182 0.0 3935164.959415533 -96043443.03155695 0.0 3816917.2774610277 -95087072.089513 0.0 3566729.5306674335 -92930363.55099203 0.0 3152880.145844294 -89266852.15323354 0.0 2561501.242632997 -83826828.25442249 0.0 1799808.0999469012 -76477307.68866156 0.0 911635.6650202271 -67737857.80960174 0.0 -1977509.5661621313 1363910310.9346569 0.0 5968084.040352959 -1423677402.0140526 0.0 4643677.132165625 -95614583.83607195 0.0 4581656.804047043 -96153250.03503567 0.0 4473999.23630926 -96146853.09075816 0.0 4283895.497274989 -95299828.1254996 0.0 3965117.7365867547 -93293504.04995881 0.0 3478835.216081777 -89806854.30298543 0.0 2806152.7305091033 -84548715.53444892 0.0 1955076.9978807822 -77358967.62539478 0.0 980145.9885231999 -68684220.71749757 0.0 -1971235.655841007 1363430898.2549603 0.0 6684394.51382932 -1421009175.6612084 0.0 5385072.481975556 -95711739.53288503 0.0 5214527.849760843 -96285338.75291479 0.0 5004581.117194702 -96335654.22521397 0.0 4726062.828517224 -95588208.38991833 0.0 4329091.24737108 -93729570.0161181 0.0 3765378.974336374 -90424863.13599794 0.0 3008376.610532274 -85356928.71820499 0.0 2068063.898864817 -78327950.78229488 0.0 1018593.1812738474 -69700819.78576697 0.0 -1969723.1559238846 1362928124.6092665 0.0 7451254.521882112 -1417942175.631524 0.0 6171721.461035446 -95925183.07165864 0.0 5861397.565795839 -96538986.99639921 0.0 5520472.181430762 -96631651.65050054 0.0 5135007.7960002925 -95966044.24688087 0.0 4649856.860061486 -94246050.82629588 0.0 4002756.1566971033 -91125932.0048253 0.0 3156182.923582942 -86255229.58992548 0.0 2126681.1109603182 -79378595.34864998 0.0 1024725.2136401134 -70760938.55723898 0.0 -1971735.499083107 1362419848.930106 0.0 8316301.967994233 -1414435859.5000694 0.0 7034041.116404534 -96293285.52422713 0.0 6517173.488763015 -96957492.85997036 0.0 6001386.451511219 -97061365.19680804 0.0 5489982.669277589 -96446217.38025242 0.0 4910747.8263327675 -94849056.69334817 0.0 4178881.539660631 -91914391.04304428 0.0 3242744.941557461 -87245452.33234061 0.0 2138251.015307293 -80493949.5355557 0.0 1014273.444764127 -71833441.42094024 0.0 -1974239.0152462765 1361917217.304811 0.0 9488103.414674219 -1410380477.366844 0.0 8060933.337935391 -96948399.77073364 0.0 7156525.05413511 -97625143.61974294 0.0 6400440.132886322 -97656750.94116433 0.0 5754555.790908006 -97034230.76089548 0.0 5091304.158603923 -95535111.92818166 0.0 4293363.728951338 -92783346.78477333 0.0 3292672.9390527774 -88311154.33890763 0.0 2145704.955140219 -81643973.18243147 0.0 1015125.3159942919 -72901897.89537029 0.0 -1973684.0865216872 1361418655.543238 0.0 11638038.695219014 -1405482904.2039397 0.0 9345295.984236892 -98415981.91763844 0.0 7634547.082367718 -98672508.7476394 0.0 6621251.2493718015 -98426441.49559848 0.0 5886742.730345354 -97708019.21210267 0.0 5188798.423591991 -96272604.22213459 0.0 4383929.075579274 -93692292.81112742 0.0 3366735.9682797403 -89414016.892925 0.0 2189419.703642109 -82814822.094192 0.0 1041614.0752378948 -73977830.86288969 0.0 -1969349.409041943 1360911093.75586 0.0 11877573.410847666 -1400698719.1202946 0.0 8843398.4822871 -100966724.88653263 0.0 7336645.413139884 -99996656.51029728 0.0 6426134.421532889 -99257374.99976015 0.0 5788107.524817845 -98377634.49697682 0.0 5214094.44571652 -96969056.31545629 0.0 4506612.838312834 -94575028.4900733 0.0 3517460.9740263913 -90533175.46334232 0.0 2268187.847818226 -84030682.15127912 0.0 1099027.0804642783 -75073891.72318573 0.0 -1958849.4823520079 1360376784.8596067 0.0 9107398.986898748 -1397216011.6933281 0.0 7080440.206382048 -102400923.27692336 0.0 6330744.298807708 -100922392.7570662 0.0 5779036.207271265 -99871934.41022713 0.0 5361421.96514944 -98854908.20294788 0.0 4961756.318266508 -97502274.11196582 0.0 4415934.869306016 -95359139.01259528 0.0 3622245.520970734 -91642786.89454086 0.0 2583989.28336834 -85226719.1792581 0.0 1322872.8895564568 -76252782.81159827 0.0 -1925744.7416816617 1359774008.5563455 0.0 6484964.609294411 -1394592152.2423022 0.0 5165534.822653815 -102736038.66203031 0.0 5074220.502173479 -101315444.01491252 0.0 4863546.010827671 -100219489.47483292 0.0 4620408.805433075 -99173706.86044179 0.0 4336500.6391816735 -97877370.2758461 0.0 3958655.018755365 -95875302.58391373 0.0 3414373.548270669 -92392239.04841182 0.0 2549295.1605750015 -86365353.42028211 0.0 1257561.0184148448 -77652503.07850848 0.0 -1955315.4800943437 1359097303.607754 0.0 4702150.570061143 -1392649280.8987312 0.0 3663681.112695607 -102409352.29085977 0.0 3920648.092856751 -101315672.3748724 0.0 3933547.220772998 -100354308.80588482 0.0 3814573.762490399 -99384861.44467165 0.0 3593340.275128872 -98177273.49223477 0.0 3251260.2099224958 -96310070.78460029 0.0 2738961.2073891526 -93044531.01886293 0.0 1988462.5190481655 -87370065.99071111 0.0 1003506.0043512821 -78806470.95388158 0.0 -1989155.308668239 1358540480.9212916 0.0 3749508.1567024505 -1391174256.6932466 0.0 2659155.968983484 -101886506.9521492 0.0 3010812.1542043975 -101127926.01142962 0.0 3125813.9511674023 -100360472.86774741 0.0 3081426.023564311 -99521323.41128698 0.0 2909313.6630398226 -98433593.09963028 0.0 2607683.21710047 -96708781.76451257 0.0 2156054.7724904786 -93626131.1666076 0.0 1536624.1095628988 -88159340.88397664 0.0 777796.1553562279 -79702555.15506737 0.0 -2015187.0066450413 1358109278.3866012 0.0 3270525.7850815696 -1390034512.1026468 0.0 2017928.9907028105 -101404839.54397057 0.0 2340993.5304560144 -100895527.61890401 0.0 2479016.0380765935 -100309324.06204902 0.0 2470453.995590436 -99609569.97551608 0.0 2336843.8721796502 -98647260.51352383 0.0 2082903.8106810984 -97053653.50928085 0.0 1704317.9965714961 -94113902.7478728 0.0 1202854.895328568 -88782512.55234164 0.0 607927.7471491343 -80399002.50697415 0.0 -2034505.121834362 1357773978.1514094 0.0 3011622.421472557 -1389132996.152406 0.0 1604973.4166661112 -101027838.25139396 0.0 1858645.8448023354 -100686664.25511442 0.0 1980320.0462610282 -100245455.9111813 0.0 1982951.2072807662 -99670056.2226769 0.0 1877287.7003427898 -98821788.6048557 0.0 1668210.7191053806 -97340776.2245375 0.0 1357693.5395176518 -94512731.23492469 0.0 953553.1908667043 -89278295.28803198 0.0 481232.1455823173 -80946924.6873268 0.0 -2048977.9287468474 1357509895.5202358 0.0 2857489.401599319 -1388395969.9215918 0.0 1327641.617854866 -100757707.59073143 0.0 1509899.5038565989 -100524753.79527839 0.0 1601461.8618855907 -100191159.99861473 0.0 1602257.5398032542 -99716796.41034363 0.0 1515533.7825604226 -98964267.97363855 0.0 1344106.107356468 -97576149.54793225 0.0 1091032.3979185293 -94836353.85997672 0.0 764594.1443915019 -89675580.8117109 0.0 385635.05173200346 -81383252.10376354 0.0 -2059965.440852644 1357299238.689575 0.0 2751023.6934060613 -1387776598.370507 0.0 1130658.4862652097 -100574179.45840849 0.0 1253140.7939910872 -100410733.18965198 0.0 1313921.3469180411 -100154387.44323897 0.0 1307656.7509461865 -99758058.06516966 0.0 1233400.803157149 -99082172.68757103 0.0 1091832.3338012293 -97768797.04583244 0.0 885081.5948497355 -95099229.21989742 0.0 619801.5898012436 -89996492.05887698 0.0 312640.47236245853 -81734686.21189703 0.0 -2068402.4273366285 1357129178.6620653 0.0 2668355.3422705694 -1387244290.9575543 0.0 982513.6036954925 -100455527.02680932 0.0 1059263.0578475946 -100337195.3262235 0.0 1093909.1623881115 -100135588.85037439 0.0 1079729.0096796162 -99797916.21706568 0.0 1013865.4060664627 -99181687.60045715 0.0 895457.1406242178 -97927499.32359745 0.0 725264.9986763104 -95314056.894158 0.0 507869.5641365601 -90258052.84913324 0.0 256326.71247059992 -82020875.47501628 0.0 -2074947.4366871698 1356990310.2203586 0.0 2598061.0088153887 -1386779640.2406921 0.0 864976.7942860449 -100383420.56549886 0.0 908615.060235207 -100294833.04272568 0.0 923201.7726116314 -100131982.16313934 0.0 902311.9939456905 -99837847.65509263 0.0 842516.1147860832 -99267354.7675343 0.0 742060.5300656453 -98059634.61400068 0.0 600519.7460555753 -95491191.69918478 0.0 420617.9155612439 -90473343.30501172 0.0 212461.16545687604 -82256472.92194161 0.0 -2080075.028600884 1356875648.7942157 0.0 2533315.843713749 -1386370471.0561206 0.0 766804.3707021499 -100343214.00681809 0.0 788099.2424395616 -100274927.77111052 0.0 788455.2401553638 -100139824.5795242 0.0 762772.1465782151 -99877947.57946731 0.0 707818.1217469161 -99342314.75616908 0.0 621455.6953440504 -98170982.28389102 0.0 502422.55729204416 -95638762.99093673 0.0 352004.6210411854 -90652375.44614512 0.0 177958.3823294291 -82452495.92785555 0.0 -2084132.9652950487 1356779958.8082805 0.0 671380.3718548396 -961430814.0738475 0.0 685370.7920032222 -100332407.10654433 0.0 687439.7345468799 -100275160.07105184 0.0 672814.5951770201 -100148054.31022376 0.0 637891.027642926 -99883546.837581 0.0 580069.0515308157 -99310628.94868623 0.0 497188.5200108315 -98018242.61468512 0.0 387811.9117530763 -95207102.74411164 0.0 253468.0778822899 -89728811.58476423 0.0 102889.63716176401 -80975663.34679447 0.0 0.0 1835758535.410844 0.0 -1361249.001181535 -1385833734.332533 0.0 609087.6484465355 -100319892.85006282 0.0 605647.7232857001 -100278858.20672373 0.0 591023.9825108699 -100179969.60622223 0.0 562075.4659790301 -99960790.23019409 0.0 516361.58258489287 -99472691.3431528 0.0 451659.2915077084 -98353024.76331618 0.0 365845.29200040817 -95874254.10955375 0.0 258345.5174368671 -90934981.12749402 0.0 133499.1118484648 -82758338.35188293 0.0 2122710.19358541 1356663742.1534426 0.0 -1409489.0473192318 -1385532857.5880554 0.0 546382.0175654566 -100323333.66758281 0.0 536426.2139990688 -100290450.09704961 0.0 517907.42745288694 -100202748.38785575 0.0 488479.04897729814 -99997184.5219454 0.0 446160.1453352185 -99524820.9672925 0.0 388909.25438128883 -98423113.022702 0.0 314528.22532663244 -95964090.25281988 0.0 222010.92660150747 -91043572.19985811 0.0 114678.05793841176 -82877924.19433479 0.0 2120276.5113889193 1356600181.7927063 0.0 -1454379.2448816968 -1385262434.0383842 0.0 490292.2318064645 -100332503.66474432 0.0 476591.0181351402 -100306071.40948513 0.0 456126.36836439976 -100226996.30732086 0.0 427187.46916086733 -100031916.66336727 0.0 388195.8396337876 -99571844.87855132 0.0 337323.4526281007 -98484553.77894299 0.0 272406.00772415387 -96041889.07780667 0.0 192190.64261561134 -91137303.38366865 0.0 99237.72053643559 -82981124.48135217 0.0 2118291.943554324 1356545420.5292041 0.0 -1495961.9379754255 -1385019444.6755695 0.0 439842.1683821057 -100344869.93303385 0.0 424275.1245852621 -100323737.70467292 0.0 403212.6810035208 -100251479.32476386 0.0 375430.57204891 -100064614.08263104 0.0 339683.20117748895 -99614275.61256818 0.0 294358.2316217719 -98538693.62449013 0.0 237391.2384684483 -96109710.74101967 0.0 167412.2701085192 -91218759.59028038 0.0 86414.82361715034 -83070783.09187818 0.0 2116653.5316347564 1356497912.1816647 0.0 -1534300.1785115476 -1384801260.4010203 0.0 394328.21063428145 -100358757.42224029 0.0 378139.4786351299 -100342105.94066103 0.0 357377.3652294527 -100275361.25215943 0.0 331178.4176854841 -100095050.20785128 0.0 298563.5218754636 -99652534.19616479 0.0 258121.23015733692 -98586579.19491263 0.0 207924.1870414119 -96169149.07734258 0.0 146572.8625687477 -91289946.40004194 0.0 75637.1260169366 -83149112.72575955 0.0 2115284.1874684333 1356456455.4443643 0.0 -1569498.4618094112 -1384605538.5151327 0.0 353206.16509164893 -100373082.56183116 0.0 337194.3551077099 -100360297.13380258 0.0 317303.15081496304 -100298106.25986809 0.0 292930.90609943884 -100123119.03769673 0.0 263307.1953911385 -99686984.75329697 0.0 227200.35348833236 -98629041.42286476 0.0 182836.8355550334 -96221453.59061328 0.0 128844.35927551494 -91352436.8530371 0.0 66474.54003872167 -83217852.57183665 0.0 2114126.085790445 1356420107.8078046 0.0 -1601701.822886489 -1384430166.940744 0.0 316025.1698134875 -100387163.90292788 0.0 300682.31777508784 -100377760.27202447 0.0 282000.9483853651 -100319397.27040584 0.0 259566.38225737575 -100148806.81637438 0.0 232769.357477563 -99717953.75861432 0.0 200536.0394728357 -98666753.77731873 0.0 161250.37507429495 -96267618.32188772 0.0 113602.29574257942 -91407479.99653561 0.0 58602.39415338509 -83278385.38169564 0.0 2113135.690323639 1356388121.6156843 0.0 -1631086.7935333375 -1384273232.3818493 0.0 282393.1475238206 -100400590.5954982 0.0 268003.786028651 -100394170.91655247 0.0 250711.50588490572 -100339071.33547157 0.0 230233.4950148862 -100172165.47305794 0.0 206084.13839983704 -99745739.81604697 0.0 177326.66401103768 -98700273.02384186 0.0 142498.7292668075 -96308446.2374959 0.0 100372.48765260146 -91456080.69217208 0.0 51773.97577832828 -83331824.06393284 0.0 2112280.044282108 1356359896.6758127 0.0 -1657850.5726063708 -1384133000.340425 0.0 251958.66237437242 -100413131.57897039 0.0 238669.3506248892 -100409357.89542906 0.0 222838.24707546097 -100357070.65319198 0.0 204274.57338196549 -100193290.596296 0.0 182587.48735833672 -99770618.16582324 0.0 156958.74405057364 -98730067.40663062 0.0 126071.91523982731 -96344595.66634217 0.0 88791.42634748423 -91499058.09465183 0.0 45800.08369054089 -83379075.53643012 0.0 2111533.994038039 1356334945.244746 0.0 -1682201.1760843538 -1384007900.8360376 0.0 224401.34533346063 -100424673.31988555 0.0 212268.88219977648 -100423251.32252735 0.0 197901.37038217223 -100373406.57100466 0.0 181171.6571508633 -100212304.23592395 0.0 161761.81587878606 -99792842.69079825 0.0 138956.15339625624 -98756536.1662304 0.0 111574.4805971759 -96376613.75294365 0.0 78577.095938333 -91537088.4380322 0.0 40533.939838433005 -83420887.76236546 0.0 2110878.1370553826 1356312866.1928253 0.0 -1704349.5442551542 -1383896516.7748852 0.0 199426.7121319623 -100435177.44377847 0.0 188451.2092012987 -100435846.28658277 0.0 175506.34381440782 -100388133.75861861 0.0 160508.54834854117 -100229342.06670785 0.0 143196.442524694 -99812646.80477753 0.0 122943.39805907143 -98780023.25149259 0.0 98695.20489792034 -96404960.63569653 0.0 69507.60070300761 -91570736.37574878 0.0 35860.11469968844 -83457884.42964503 0.0 2110297.313506566 1356293325.9292538 0.0 -1724503.7362827691 -1383797573.5422342 0.0 176763.14313702297 -100444652.140081 0.0 166910.4702839405 -100447177.82289326 0.0 155322.11472956595 -100401332.05726865 0.0 141944.08595158666 -100244544.16701427 0.0 126559.36959066991 -99830243.95735404 0.0 108619.14924121532 -98800827.13353135 0.0 87185.10423372334 -96430027.04018487 0.0 61405.57543821139 -91600478.0224257 0.0 31686.42821926563 -83490590.5961841 0.0 2109779.5018009637 1356276044.2838616 0.0 -1742864.9829975471 -1383709929.2283642 0.0 156159.8536669549 -100453133.0403684 0.0 147376.69889403123 -100457303.88824967 0.0 137065.8689749364 -100413093.97403759 0.0 125193.23780962697 -100258048.6339961 0.0 111577.12191417064 -99845828.10361727 0.0 95737.18483778588 -98819207.98973705 0.0 76841.49256548064 -96452147.20568368 0.0 54126.8379356495 -91626717.9996255 0.0 27938.03973094001 -83519451.75050858 0.0 2109315.0121601503 1356260784.0121863 0.0 -1759625.2514029227 -1383632565.308092 0.0 137385.26431317636 -100460670.56985979 0.0 129609.10871666925 -100466293.94131696 0.0 120492.21038190527 -100423516.24374303 0.0 110013.61978401747 -100269987.33862205 0.0 98020.2878963526 -99859574.2738729 0.0 84092.64078157277 -98835393.09558985 0.0 67496.42437019947 -96471608.49805173 0.0 47552.12850126287 -91649802.15140197 0.0 24553.136104660123 -83544848.07777664 0.0 2108895.898422868 1356247342.945341 0.0 -1774965.9365308855 -1383564577.7422063 0.0 120225.5951927007 -100467321.72343406 0.0 113391.12207236889 -100474221.40376079 0.0 105385.33440035339 -100432694.27195697 0.0 96195.77775465952 -100280483.2451594 0.0 85693.0772686303 -99871639.26978555 0.0 73512.04663602643 -98849580.97599444 0.0 59008.28592597588 -96488658.65738891 0.0 41581.08039403957 -91670027.12507865 0.0 21479.778990757353 -83567105.22987892 0.0 2108515.52852064 1356235548.0716686 0.0 -1789057.4900944126 -1383505168.5540676 0.0 104483.33191730946 -100473144.72966237 0.0 98526.61842928572 -100481158.88811955 0.0 91553.245321008 -100440718.58905676 0.0 83556.07879395162 -100289648.84458938 0.0 74425.70043864597 -99882162.46401802 0.0 63846.04628267642 -98861944.67842129 0.0 51255.63805218814 -96503511.34235518 0.0 36127.794258384056 -91687647.67069493 0.0 18673.587909294914 -83586502.53568663 0.0 2108168.2695831647 1356225251.0338295 0.0 -1802059.5659710576 -1383453638.1256628 0.0 89975.67262775208 -100478195.63330095 0.0 84836.87559790167 -100487175.10343133 0.0 78823.36648495994 -100447672.72583905 0.0 71931.40726413333 -100297585.36438318 0.0 64068.72545672216 -99891266.66234706 0.0 54964.01866728695 -98872634.4061161 0.0 44132.662861521065 -96516350.43135546 0.0 31117.560791603326 -91702882.26522125 0.0 16096.023587536698 -83603279.3234572 0.0 2107849.2555308347 1356216324.6692026 0.0 -1814121.6395258103 -1383409378.0745592 0.0 76532.93873683119 -100482526.26280327 0.0 72157.78661467634 -100492332.9433683 0.0 67039.02802307163 -100453632.04696225 0.0 61175.09822079046 -100304382.48326682 0.0 54488.81931841375 -99899058.9780466 0.0 46750.04134502641 -98881779.6663558 0.0 37545.751446705486 -96527333.40106277 0.0 26484.403078064333 -91715917.4916298 0.0 13713.100630975649 -83617639.83571506 0.0 2107554.213651694 1356208660.3268645 0.0 -1825383.8685853758 -1383371864.9096327 0.0 63997.04443448159 -100486183.20247562 0.0 60337.587629077294 -100496688.43094757 0.0 56056.58152857171 -100458662.97018276 0.0 51153.75091246641 -100310118.31520946 0.0 45565.46955019982 -99905631.6711417 0.0 39099.80573890863 -98889491.03733423 0.0 31410.901397732683 -96536594.00645451 0.0 22169.201014606308 -91726911.47708271 0.0 11494.406675913688 -83629757.0792792 0.0 2107279.3333297055 1356202165.7702105 0.0 -1835978.1534547848 -1383340654.427771 0.0 52219.90671033664 -100489207.09991986 0.0 49235.10406206302 -100500290.19603536 0.0 45743.21043226621 -100462822.70697892 0.0 41744.716850698016 -100314859.60990307 0.0 37188.40928689894 -99911062.94131358 0.0 31918.20958725245 -98895861.6297133 0.0 25651.695374598115 -96544244.41993028 0.0 18118.240499075844 -91735996.60844843 0.0 9412.342784674847 -83639775.85368012 0.0 2107021.1647569975 1356196763.5290394 0.0 -1846029.0937927573 -1383315376.7391307 0.0 41062.44754236939 -100491632.46677658 0.0 38718.043323670834 -100503179.15037566 0.0 35974.96873436125 -100466159.27147935 0.0 32834.006964797794 -100318662.0704297 0.0 29255.52578103543 -99915417.65409264 0.0 25117.42394928268 -98900968.29115124 0.0 20197.684905187703 -96550376.93289968 0.0 14282.058300008383 -91743281.67494476 0.0 7441.523189099514 -83647815.13988204 0.0 2106776.5401470093 1356192389.6005902 0.0 -1855655.391568275 -1383295731.697093 0.0 30392.974627304822 -100493487.44185778 0.0 28661.466015659258 -100505388.82556428 0.0 26635.031465940167 -100468711.6896579 0.0 24314.486650629613 -100321570.71557428 0.0 21671.103423374432 -99918747.97824746 0.0 18615.293691622825 -98904872.58616509 0.0 14983.062794732845 -96555065.30398937 0.0 10614.489834470707 -91748853.54545036 0.0 5558.280071644744 -83653969.96569349 0.0 2106542.5090681226 1356188992.432246 0.0 -1864971.1375037376 -1383281485.7688878 0.0 20084.866660440974 -100494793.59044254 0.0 18945.80797573181 -100506945.36042532 0.0 17611.989483018722 -100470510.13662323 0.0 16084.257868036637 -100323620.18925337 0.0 14344.299826326529 -99921093.90753686 0.0 12333.971966253039 -98907621.5686087 0.0 9945.5396779726 -96558365.8034681 0.0 7071.869490004168 -91752778.45953482 0.0 3740.2488152155115 -83658312.83628285 0.0 2106316.284703642 1356186532.137124 0.0 -1874086.8752950574 -1383272469.6762865 0.0 10015.471518521514 -100495566.15390529 0.0 9455.41153901319 -100507867.21913825 0.0 8798.371160301087 -100471575.98783919 0.0 8045.22122799854 -100324834.99465354 0.0 7187.7973201175555 -99922483.66102698 0.0 6198.721167302446 -98909248.36367646 0.0 5025.362588943447 -96560317.9903997 0.0 3612.334868614874 -91755102.9839062 0.0 1966.0088589359157 -83660894.79299486 0.0 2106095.1977768806 1356184979.9071805 0.0 -366801387.8771174 -1568135962.3741221 0.0 8683.77995054301 -100494020.73095548 0.0 4644.8711214003615 -100508260.73679537 0.0 -5791.620597101728 -100477080.7394192 0.0 -27599.2510681661 -100341114.15316157 0.0 -79606.25213862571 -99964620.24201459 0.0 -203029.52191781218 -99012940.92662509 0.0 -462271.31814361276 -96793464.59744522 0.0 -906070.4630973606 -92209944.14907335 0.0 -1403485.2071171051 -84364141.96395174 0.0 -411852872.5305057 1156813642.1993382 0.0
    </DataArray>
    <DataArray type="Float32" Name="Electron Current Density [Am^-2]" NumberOfComponents="3" format="ascii">
-83469.56925677965 -2022271891.4606001 0.0 -5608133.595308872 -2019787059.4803653 0.0 -4817745.87544029 -2021859226.7771995 0.0 -4503915.205326247 -2025052047.6490827 0.0 -4673044.29098313 -2028385419.1392357 0.0 -5198186.087913762 -2030944411.3974779 0.0 -5998365.975281007 -2031919550.9886076 0.0 -7073415.868779666 -2030416068.8689187 0.0 -8557348.538832353 -2025130487.5943804 0.0 -10461772.912649797 -2014455759.4805222 0.0 -6785813.880931943 -2002078310.5808938 0.0 903587.0810384685 -1996593016.8485246 0.0 -4224419.842379424 -1989635535.7397983 0.0 -2958045.041037571 -1991960816.964407 0.0 -2569069.0093549206 -1994930640.5198371 0.0 -3104834.59171805 -1997823662.298859 0.0 -4491402.020436934 -1999890083.0216506 0.0 -6660295.744611113 -2000408260.499005 0.0 -9726602.340338556 -1998569233.388464 0.0 -14130235.097704181 -1993211599.9519503 0.0 -19628016.42819151 -1982993715.657756 0.0 -11014922.246538408 -1959860975.1956363 0.0 2607963.4772869493 -1929033188.5679739 0.0 -5413217.325238238 -1915381459.306551 0.0 -3154639.5936268256 -1916399788.7153904 0.0 -2354779.097207705 -1917873060.6960733 0.0 -3214509.6626590984 -1919277105.6044188 0.0 -5718228.407836843 -1920003657.7253187 0.0 -9779328.623885628 -1919483806.5294428 0.0 -15586938.31773623 -1917124675.1267314 0.0 -23892970.50023907 -1912109636.2402723 0.0 -34007609.78174304 -1903567111.1956522 0.0 -17016482.902602322 -1871257498.414805 0.0 4002111.5974114416 -1819015665.081719 0.0 -7269597.359730643 -1799907747.718755 0.0 -4540626.644308541 -1799820551.46071 0.0 -3464261.574242989 -1799737801.9793844 0.0 -4489920.596785069 -1799423596.9582388 0.0 -7747460.652830494 -1798549774.7105424 0.0 -13198981.462491509 -1796831102.5152097 0.0 -21083329.531847484 -1793959191.1763117 0.0 -32324829.0424574 -1789426147.45564 0.0 -45783846.09025739 -1782741031.6304882 0.0 -21741043.88081946 -1743513444.8280716 0.0 5064092.093868468 -1673039276.2036192 0.0 -9385235.04116786 -1649779834.5208511 0.0 -6793611.310940345 -1648924330.6513238 0.0 -5757871.16008687 -1647684727.2853682 0.0 -6949411.016281411 -1646046985.9966302 0.0 -10666385.420422873 -1643927490.3358445 0.0 -16960060.949974373 -1641302198.476 0.0 -26143050.329844166 -1638141025.9136977 0.0 -39283360.358578056 -1634238148.972121 0.0 -54730245.13197826 -1629477077.1783621 0.0 -25124581.77770867 -1585666535.4174345 0.0 5780436.917794687 -1499170776.3792067 0.0 -11355029.427776735 -1473210065.2377026 0.0 -9350417.202232623 -1471938793.9679205 0.0 -8628968.620034454 -1470044088.0338197 0.0 -10011497.993404787 -1467665784.1344376 0.0 -13957606.25553634 -1464908440.1183648 0.0 -20636918.969679825 -1461946298.5829432 0.0 -30456134.406359833 -1458955358.2623897 0.0 -44588890.54185945 -1455953682.8915215 0.0 -60706245.222590975 -1453170677.0177732 0.0 -27048237.838253964 -1407302148.1532655 0.0 6142590.406180297 -1307023417.0929425 0.0 -12865008.273504179 -1279871628.0669272 0.0 -11686803.435417412 -1278506832.3347588 0.0 -11430482.821546745 -1276450561.306249 0.0 -12988646.509667795 -1273939385.9118967 0.0 -16958970.187049944 -1271210778.3292916 0.0 -23651761.029719424 -1268568912.0421913 0.0 -33596081.04698149 -1266321426.185217 0.0 -48034794.38164846 -1264655720.5870538 0.0 -63772062.580562204 -1264037505.7464375 0.0 -27865084.296248477 -1217886404.0852687 0.0 6166868.413094234 -1106933081.1645427 0.0 -13675786.429701054 -1080069178.6524615 0.0 -13371735.189141631 -1078879178.725361 0.0 -13609905.407892188 -1077042182.534578 0.0 -15262595.464435223 -1074840218.8101215 0.0 -19052809.58104205 -1072575518.4744668 0.0 -25450662.568147175 -1070590642.4984279 0.0 -35125950.4368322 -1069214192.297114 0.0 -49313044.060835935 -1068708678.4631047 0.0 -64072449.34163231 -1069826279.1615007 0.0 -27414909.871586364 -1025434477.79414 0.0 5893129.533176216 -909172360.7104098 0.0 -13705666.065375926 -883867004.1705552 0.0 -14200371.076068526 -882983947.302212 0.0 -14887741.666194396 -881575000.9215095 0.0 -16557748.902904116 -879922310.8614615 0.0 -20051556.57805471 -878322764.7172132 0.0 -26037164.5019524 -877065810.4500945 0.0 -35342767.19931618 -876415816.3961097 0.0 -48966221.827003345 -876746432.4679391 0.0 -61898337.91771846 -879373802.9461979 0.0 -25753075.353739586 -838650194.5859214 0.0 5384035.12529858 -722797546.5515932 0.0 -13093410.872254629 -699945657.1964033 0.0 -14262065.554199418 -699295718.7789534 0.0 -15283974.509879827 -698267065.8446492 0.0 -16877070.268057007 -697154714.5935892 0.0 -20034316.636120003 -696178009.972567 0.0 -25635566.16947507 -695509949.3174844 0.0 -34585083.34292409 -695396098.9427179 0.0 -47166089.663050674 -696644665.8844051 0.0 -57475955.08259817 -701062512.5646472 0.0 -23182906.328163557 -665357452.8453493 0.0 4714744.319446566 -554483580.209814 0.0 -12221251.659040077 -534496898.49853766 0.0 -13975273.529788038 -533764426.415512 0.0 -15138541.720051209 -532832928.37559056 0.0 -16499023.935580378 -532028447.9518378 0.0 -19272069.184265196 -531433575.0604065 0.0 -24460061.12453005 -531164779.2416771 0.0 -32670601.562039286 -531769105.10703677 0.0 -43237700.30967924 -534720123.4605019 0.0 -50890365.057257675 -541193556.6785917 0.0 -19976182.391075257 -511325210.07034314 0.0 3946694.361628264 -407778593.59215444 0.0 -11881167.224955449 -390409306.0912541 0.0 -13942580.132241627 -389258520.9309029 0.0 -14766829.507962465 -388422905.095787 0.0 -15606549.824452907 -388065221.47325546 0.0 -17826256.059577625 -388036500.2742611 0.0 -22146464.985389438 -388798835.1431871 0.0 -28721787.229091454 -391229655.4734518 0.0 -36857272.960927576 -396340949.8786635 0.0 -42776284.73010092 -404129187.14726675 0.0 -16421063.290124005 -380391295.02902526 0.0 3073481.8517533904 -281874199.5028885 0.0 -12595059.578983648 -266887790.7766905 0.0 -13524939.861171553 -266789946.8686938 0.0 -13264505.251980573 -267619856.72372344 0.0 -13589493.244942112 -268906211.1805411 0.0 -15145762.396058142 -270189437.9648087 0.0 -17313621.305331543 -273498835.8147873 0.0 -22230947.2361579 -277949844.2348525 0.0 -28847846.162478127 -283984120.6173623 0.0 -33751547.26191016 -292137153.07655555 0.0 -12636217.858216017 -274720572.74283063 0.0 2017778.0241358585 -172971563.12739423 0.0 -6801554.418087388 -167542623.25571805 0.0 -7820916.559508632 -170999358.10235047 0.0 -7663667.974813233 -174483101.98976687 0.0 -7857350.090904659 -178510568.00988835 0.0 -7889520.428333034 -184904703.40003127 0.0 -10900501.468588974 -189694097.84581906 0.0 -16126152.203558909 -193736975.15901107 0.0 -21863790.701177325 -198319720.66389504 0.0 -24002316.611696027 -207031959.6396009 0.0 -8803712.787731955 -195528915.41515872 0.0 1153282.4718033068 -118643133.50197074 0.0 -2710616.0295083835 -115954172.80010147 0.0 -3397964.774404044 -118250779.27759412 0.0 -3144064.1935834284 -120789030.32219955 0.0 -1603470.6062312732 -123092845.20501332 0.0 -1629690.5324210522 -124516877.90810111 0.0 -3634804.91564221 -127332282.15865685 0.0 -7829758.708504756 -133025550.08100368 0.0 -11856160.331966743 -142600004.26770777 0.0 -17487542.819692653 -148258026.46210593 0.0 -6814481.931548146 -139349422.3883302 0.0 695921.3960946839 -92170590.55470435 0.0 -721342.5951358445 -90554823.26276146 0.0 -989231.6027837495 -91596926.62296692 0.0 -1137717.6452196043 -92854232.6692281 0.0 -883379.0495460052 -93958266.01276307 0.0 -389082.44088932377 -94757151.8083262 0.0 -28367.970983182382 -95462227.29726495 0.0 -358720.0966477196 -96371470.53052568 0.0 -4880410.639477911 -97693584.86023569 0.0 -9471953.446157636 -103250878.98763883 0.0 -3310175.532611416 -99961318.15848164 0.0 433866.91515894845 -78883715.76392382 0.0 13766.869823733974 -77747939.7224469 0.0 27893.184169789165 -78030641.04862289 0.0 -89612.48888251188 -78477042.39068192 0.0 -192784.75186276945 -78956478.96339525 0.0 -268430.7365391305 -79337655.43875226 0.0 -451267.91812694166 -79580848.38282989 0.0 -972365.6151702658 -79803529.27478269 0.0 -2358383.3722148007 -80613185.06476332 0.0 -4844305.915161661 -82986784.86180036 0.0 -1748642.3744423755 -81072415.11091983 0.0 283893.07429012965 -71371468.23440574 0.0 164892.88584798103 -70523483.78198655 0.0 308184.45747106266 -70491278.60761619 0.0 292097.43667786574 -70535431.67899387 0.0 184824.37443177926 -70643900.98025489 0.0 12559.157634178793 -70776702.15825619 0.0 -240573.22836552048 -70908823.78638133 0.0 -628844.0649678853 -71080263.6849149 0.0 -1333903.2649757315 -71482908.86934127 0.0 -2832573.9805755424 -72540359.98307364 0.0 -1068227.5071859544 -71223722.75487196 0.0 197234.78895222087 -66431699.32064326 0.0 134991.10606471688 -65791345.67621833 0.0 298580.05650359625 -65678187.46986738 0.0 338395.5157073313 -65579009.958950825 0.0 281924.67678697145 -65518695.49723592 0.0 145147.47390944502 -65500943.02534422 0.0 -64025.47579558438 -65520503.66750728 0.0 -355707.7383882503 -65591069.113003515 0.0 -821667.277209287 -65783155.36369649 0.0 -1883689.7943161095 -66312351.47784896 0.0 -728936.4142710611 -65341719.97889039 0.0 145262.08615731454 -62800017.05358661 0.0 69298.66563662393 -62300715.52516491 0.0 207452.08474869534 -62188540.661653996 0.0 261477.69166688877 -62063071.130631015 0.0 239417.30787669882 -61952541.63679762 0.0 147578.76628172153 -61873387.40764237 0.0 -6585.793341849851 -61829621.64250141 0.0 -223702.41746815803 -61828158.18032269 0.0 -561934.7534928052 -61903310.72668794 0.0 -1385601.407027115 -62189604.76262638 0.0 -543429.6083126885 -61426179.892756574 0.0 112560.00290885572 -59901240.76963472 0.0 12790.599592516257 -59501046.61784342 0.0 114541.53918823844 -59413295.386712834 0.0 162113.7968944233 -59304767.227441706 0.0 155588.89682971875 -59198047.2074298 0.0 95585.63800083098 -59110200.38802366 0.0 -15259.189068694901 -59047782.54034522 0.0 -177784.72312044658 -59015348.45040405 0.0 -434496.6423665906 -59033259.216646604 0.0 -1103557.038501431 -59199543.81556392 0.0 -435198.56806956086 -58565235.848328784 0.0 90699.46782086871 -57476267.023777895 0.0 -26483.16451141312 -57146778.0702232 0.0 42345.14382860772 -57083951.29398567 0.0 77012.08259558675 -57001831.323213875 0.0 75225.7762583884 -56916453.72157423 0.0 34999.9887066877 -56841752.34678319 0.0 -45397.47127163159 -56783843.77827039 0.0 -169488.92230421057 -56745976.900931194 0.0 -371287.80263140873 -56741833.211650945 0.0 -930248.3529090777 -56849591.07457747 0.0 -366755.8347109432 -56303205.75294829 0.0 75202.26244603845 -55391453.4799576 0.0 -50804.27259001636 -55114452.76382505 0.0 -7457.0239974012 -55071487.8324395 0.0 14518.970999233428 -55013485.02501126 0.0 12762.43712366373 -54951252.73789558 0.0 -15532.457215564951 -54895097.678201005 0.0 -75096.06522113987 -54849769.041484706 0.0 -172176.41733052593 -54817653.23803592 0.0 -335595.7487872866 -54808847.40347269 0.0 -811634.375948304 -54889096.39355973 0.0 -318772.93896857 -54409262.956163056 0.0 63615.04952778223 -53571919.19199188 0.0 -63988.60220001988 -53335648.87532785 0.0 -38808.90022575606 -53307388.62428931 0.0 -27040.427088564145 -53268449.84107666 0.0 -30320.023710577225 -53225883.90365263 0.0 -51367.9095757231 -53186922.47052454 0.0 -96631.07157659276 -53154902.72735521 0.0 -174367.84186219278 -53131624.24783094 0.0 -309834.46508740884 -53125103.730262265 0.0 -720714.0360608096 -53192519.7013201 0.0 -281552.7569883187 -52767507.253432624 0.0 54543.523860550384 -51972029.92417258 0.0 -68529.2404698418 -51769419.55062433 0.0 -55994.01130501981 -51751743.61712385 0.0 -51935.848501674816 -51726810.43207229 0.0 -57062.21619886523 -51699200.45413304 0.0 -73668.78706695691 -51673868.8711169 0.0 -109002.11870780829 -51653000.98944798 0.0 -172532.30432863286 -51637981.84527651 0.0 -286788.61683262506 -51635494.16447973 0.0 -644710.3443637139 -51696355.442079164 0.0 -250469.99920467666 -51318800.01363754 0.0 104876.05673078951 -50479864.15585968 0.0 111610.41904980697 -50472617.28768597 0.0 115112.54853991419 -50461105.051962756 0.0 112667.89229456094 -50444344.6699298 0.0 105390.80931903553 -50425317.336979754 0.0 90064.83384535462 -50407415.963722795 0.0 56443.02062674612 -50393873.75605068 0.0 -4698.469770874834 -50387663.100243576 0.0 -113773.80062361185 -50392865.07866155 0.0 -467992.82226056233 -50443134.353470035 0.0 0.0 -50477331.2247453 0.0 36668.69333413394 -49165837.19990818 0.0 -83651.1012478968 -49322665.48227619 0.0 -84139.93757495038 -49315689.74962596 0.0 -87973.09024938944 -49304607.835373536 0.0 -94749.76577916251 -49291401.347038895 0.0 -105700.25297440343 -49278469.841990106 0.0 -127974.49859943373 -49270167.56460372 0.0 -171790.36303298434 -49270877.34035035 0.0 -255262.29708896345 -49282526.12371019 0.0 -528473.6665451068 -49315912.43741248 0.0 -223544.72709150394 -49727603.179555684 0.0 32148.82481076396 -48085445.614379115 0.0 -77960.82110069552 -48224542.02139598 0.0 -81727.51354636179 -48220492.04466874 0.0 -87610.19199122983 -48213877.01351797 0.0 -94872.75157851835 -48205999.40123521 0.0 -104357.0864218193 -48198449.5528383 0.0 -122768.03451683116 -48194532.266161345 0.0 -159958.18280118456 -48197858.70589203 0.0 -232266.12389269331 -48210200.361396715 0.0 -473427.9337702763 -48242605.13903542 0.0 -199508.76248027466 -48611757.47144293 0.0 28254.92016364188 -47128382.29449572 0.0 -71627.9441979786 -47251723.355760165 0.0 -77254.69093430537 -47249592.01303828 0.0 -84233.28469068978 -47245965.81168768 0.0 -91617.30430958273 -47241692.0784472 0.0 -99946.83423545954 -47237805.619155616 0.0 -115389.4821181992 -47236835.95678215 0.0 -147232.93111466966 -47241777.76388361 0.0 -210188.92775074145 -47254249.36371365 0.0 -423546.6288716418 -47285540.298394166 0.0 -177990.96192166558 -47616589.42414189 0.0 24875.299033173807 -46280697.418641225 0.0 -65140.2654945239 -46390024.32851079 0.0 -71677.59454293967 -46389115.400378205 0.0 -79092.45954575884 -46387432.590615205 0.0 -86329.7923838307 -46385526.53788548 0.0 -93703.83107799708 -46384057.39258161 0.0 -106813.4393005147 -46384981.76893025 0.0 -134272.32042884827 -46390800.662410006 0.0 -189299.71557936666 -46402982.954281114 0.0 -378364.89959660644 -46433037.77071346 0.0 -158666.6238759795 -46729824.83922145 0.0 21926.02982666548 -45530061.99717446 0.0 -58804.75229644779 -45626926.30736096 0.0 -65639.09230559658 -45626774.616450176 0.0 -73055.51961231233 -45626320.39715831 0.0 -79963.72746993606 -45625922.54369274 0.0 -86515.90331195883 -45625992.2830183 0.0 -97750.01868417532 -45628062.88857076 0.0 -121559.96366671479 -45634239.22903733 0.0 -169799.08669561325 -45645848.062602505 0.0 -337521.8245529475 -45674593.594000004 0.0 -141306.000407276 -45940555.875794746 0.0 19341.380011267946 -44865544.209217936 0.0 -52799.60764758044 -44951330.39322979 0.0 -59549.270244747415 -44951630.87581004 0.0 -66695.30452472057 -44951927.11571861 0.0 -73162.06311726326 -44952454.235438585 0.0 -78989.86586304757 -44953459.79540141 0.0 -88685.38559017498 -44956162.90100337 0.0 -109419.56579849297 -44962349.23834374 0.0 -151799.99608414876 -44973213.47980298 0.0 -300688.00191947987 -45000632.34777601 0.0 -125722.72717206189 -45238887.967609994 0.0 17068.264892791238 -44277455.822303906 0.0 -47216.988362759286 -44353396.58815712 0.0 -53655.679630456616 -44353951.955807865 0.0 -60372.554611211766 -44354684.26142629 0.0 -66338.36403918755 -44355748.52647948 0.0 -71519.32459884459 -44357285.68907658 0.0 -79930.65183510452 -44360279.464939915 0.0 -98044.04423473601 -44366256.67023351 0.0 -135334.64592887036 -44376291.52314036 0.0 -267538.79311456333 -44402414.112044595 0.0 -111750.39692301195 -44615798.99191545 0.0 15062.838667677814 -43757228.33918108 0.0 -42093.536460253126 -43824417.63684719 0.0 -48096.928465742145 -43825102.24230584 0.0 -54302.05843022219 -43826067.308310166 0.0 -59744.71992744509 -43827415.793228805 0.0 -64344.54698092071 -43829219.839900956 0.0 -71668.7007670394 -43832284.51370361 0.0 -87528.50179812813 -43837924.86289963 0.0 -120372.51186382196 -43847106.83786989 0.0 -237749.81312408214 -43871998.40867512 0.0 -99233.4595401306 -44063084.18470041 0.0 13288.289556740316 -43297302.93399444 0.0 -37431.30699617666 -43356708.20780809 0.0 -42940.613424701005 -43357443.62741833 0.0 -48601.14846929485 -43358512.56894853 0.0 -53523.379283204704 -43359983.959313095 0.0 -57599.908393450096 -43361886.061903425 0.0 -63992.9199580144 -43364886.25327625 0.0 -77899.68038933889 -43370124.68044079 0.0 -106839.94610223178 -43378471.03405161 0.0 -211001.2446314485 -43402219.10668201 0.0 -88024.82059361643 -43573325.781343795 0.0 11713.338944500805 -42891028.77184346 0.0 -33211.77814756064 -42943502.79408457 0.0 -38209.28824242519 -42944241.48673938 0.0 -43323.741373643934 -42945334.77219591 0.0 -47743.93329660323 -42946829.17046251 0.0 -51349.00937907463 -42948725.37338748 0.0 -56936.82392691139 -42951582.80003311 0.0 -69139.39700459507 -42956395.70303871 0.0 -94637.0373559675 -42963948.91509049 0.0 -186984.0993818397 -42986653.01384134 0.0 -77986.03297314384 -43139861.91466715 0.0 10311.168346056751 -42532568.50059371 0.0 -29405.03864182285 -42578860.709359564 0.0 -33897.878040910444 -42579575.15007271 0.0 -38483.61936063072 -42580645.656326115 0.0 -42429.235616982005 -42582103.85708177 0.0 -45609.62010854799 -42583933.469861254 0.0 -50495.49935030349 -42586607.705300294 0.0 -61201.841906276866 -42590997.91047091 0.0 -83650.42112525963 -42597814.638203666 0.0 -165405.46991421937 -42619578.823989674 0.0 -68988.08127320146 -42756747.33425964 0.0 9058.617318758532 -42216811.095106356 0.0 -25975.678332189735 -42257578.26335585 0.0 -29985.156506853808 -42258253.757496886 0.0 -34070.0517023113 -42259275.410720624 0.0 -37573.06320052844 -42260664.83734316 0.0 -40370.906551177315 -42262395.6031179 0.0 -44640.56508428015 -42264870.7755283 0.0 -54025.70362838269 -42268857.174136855 0.0 -73762.24050948524 -42275000.748542234 0.0 -145991.91313060778 -42295928.61784673 0.0 -60911.9523070157 -42418706.40432548 0.0 7935.560546323841 -41939292.46095979 0.0 -22886.460507814765 -41975108.54738918 0.0 -26441.1745358786 -41975738.50712742 0.0 -30058.095276942455 -41976698.725051336 0.0 -33151.92119371362 -41978003.97736058 0.0 -35605.05954645634 -41979622.01338645 0.0 -39330.30757438201 -41981897.75741928 0.0 -47542.32329851448 -41985508.33585643 0.0 -64855.9939928607 -41991043.88008755 0.0 -128491.04412104981 -42011235.48839716 0.0 -53648.774896854506 -42121081.42581299 0.0 6924.409363045167 -41696124.02654252 0.0 -20100.520621026568 -41727489.119029984 0.0 -23231.963191129882 -41728071.980413295 0.0 -26415.259055413313 -41728966.68148885 0.0 -29132.783308918293 -41730183.239171505 0.0 -31274.976804632068 -41731686.28774082 0.0 -34516.36076533949 -41733771.68022521 0.0 -41680.96074098351 -41737038.946352534 0.0 -56820.07013090113 -41742030.3535548 0.0 -112671.73214448646 -41761580.534112744 0.0 -47099.55823354754 -41859779.530794576 0.0 6009.718144327617 -41483929.25331698 0.0 -17582.591539685935 -41511277.61316888 0.0 -20322.429661119982 -41511814.83360684 0.0 -23105.72032759895 -41512645.15945479 0.0 -25478.058210998788 -41513775.22375317 0.0 -27339.21746522189 -41515168.173658006 0.0 -30147.974833470133 -41517077.73276384 0.0 -36372.03351279753 -41520035.80001394 0.0 -49549.654365825176 -41524543.98950616 0.0 -98323.32396938308 -41543541.63550439 0.0 -41174.63349713686 -41631220.7481176 0.0 5177.820924261439 -41299787.78974464 0.0 -15299.620708795497 -41323494.86963797 0.0 -17678.06278229809 -41323989.69073389 0.0 -20092.910610820414 -41324759.92074251 0.0 -22148.68657891165 -41325809.71573125 0.0 -23755.09987295226 -41327101.67791768 0.0 -26174.633857608387 -41328852.77912185 0.0 -31548.969181866014 -41331535.58268379 0.0 -42947.534479082184 -41335617.614965506 0.0 -85254.2500713671 -41354145.60220352 0.0 -35792.9072786245 -41432289.0339194 0.0 4416.560032792731 -41141186.94019723 0.0 -13221.002757062523 -41161575.565822445 0.0 -15265.805512354345 -41162032.196761176 0.0 -17341.00890208533 -41162748.37428851 0.0 -19105.982165572554 -41163726.396821626 0.0 -20480.544358403058 -41164928.82244819 0.0 -22547.55602189306 -41166540.073760785 0.0 -27149.126752013974 -41168980.347098574 0.0 -36924.18549720601 -41172689.10104012 0.0 -73290.2772044505 -41190824.62027404 0.0 -30881.013401362623 -41260287.36742608 0.0 3715.028971575448 -41005979.78312288 0.0 -11318.618515757229 -41023325.45434745 0.0 -13054.576712737484 -41023748.48123327 0.0 -14815.771072981815 -41024417.563145 0.0 -16312.654302872726 -41025333.5302375 0.0 -17475.082853828873 -41026459.06511714 0.0 -19220.451007849504 -41027949.34325549 0.0 -23114.108132815898 -41030178.103721485 0.0 -31397.402961403146 -41033562.31173268 0.0 -62272.5931692238 -41051377.449358076 0.0 -26372.426363176128 -41112897.487821184 0.0 3063.363176456349 -40892349.48793554 0.0 -9566.670544286138 -40906884.925038636 0.0 -11015.395681247648 -40907279.08665246 0.0 -12484.821835262612 -40907908.432147875 0.0 -13733.247952880527 -40908772.59579516 0.0 -14700.304811440938 -40909834.352169745 0.0 -16149.789183157713 -40911222.2302938 0.0 -19389.683765315054 -40913268.56394215 0.0 -26291.673984240027 -40916373.044078745 0.0 -52055.85136743932 -40933935.489547126 0.0 -22206.579419029073 -40988144.47704845 0.0 2452.54548119339 -40798779.23999467 0.0 -7941.443361123408 -40810698.191941 0.0 -9121.2633330132 -40811068.241395615 0.0 -10317.774751250945 -40811665.348502986 0.0 -11334.34246236335 -40812488.11243235 0.0 -12120.026741458025 -40813499.252670765 0.0 -13294.815192427755 -40814802.70311923 0.0 -15925.517491134511 -40816693.74710425 0.0 -21537.428128807776 -40819559.75388742 0.0 -42506.26227823796 -40836933.576628774 0.0 -18328.020139029933 -40884366.11836063 0.0 1874.3228419053241 -40724027.14768283 0.0 -6420.958425357941 -40733487.80595376 0.0 -7346.988913024467 -40733838.4105279 0.0 -8286.142387132384 -40734410.67139266 0.0 -9084.514889178183 -40735202.3328166 0.0 -9700.235830580197 -40736175.83582323 0.0 -10617.371883431095 -40737412.111951716 0.0 -12674.755063468243 -40739173.16753153 0.0 -17070.222632981844 -40741838.813673265 0.0 -33499.755528809146 -40759085.280783474 0.0 -14685.611779813478 -40800186.831757374 0.0 1320.9675150233234 -40667105.582215406 0.0 -4984.737426429533 -40674233.012778185 0.0 -5669.100238676395 -40674568.72557335 0.0 -6363.224842101858 -40675123.45404674 0.0 -6954.195404864392 -40675894.21042422 0.0 -7408.894824609682 -40676842.86870249 0.0 -8081.596567847352 -40678028.56712015 0.0 -9593.519774586484 -40679683.330828235 0.0 -12829.889019020422 -40682184.07048638 0.0 -24920.209613912306 -40699362.50227037 0.0 -11231.775092612517 -40734495.97909119 0.0 785.1141758340767 -40627265.297478944 0.0 -3613.6554251611255 -40632153.302981585 0.0 -4065.4039635092304 -40632478.52099381 0.0 -4523.678394623102 -40633022.986548826 0.0 -4915.275683254006 -40633782.98285429 0.0 -5215.560888226359 -40634719.46147334 0.0 -5653.484363244487 -40635870.642740116 0.0 -6640.324840669834 -40637441.47035489 0.0 -8759.650728721439 -40639810.58479984 0.0 -16657.745512653404 -40656979.210012384 0.0 -7921.762907858504 -40686430.364302285 0.0 259.7093556839001 -40603983.500977956 0.0 -2289.617212481798 -40606696.25213767 0.0 -2514.693431377412 -40607015.23683351 0.0 -2743.209500775264 -40607556.61290602 0.0 -2940.784474742911 -40608315.921852164 0.0 -3091.032012142242 -40609252.78727483 0.0 -3300.464313399308 -40610385.08371874 0.0 -3775.5037105644897 -40611893.23520729 0.0 -4805.280091881754 -40614162.2853051 0.0 -8607.115406609091 -40631379.07553238 0.0 -4712.978663089874 -40655360.69899215 0.0 -1.4262217382062565 -40596431.06101276 0.0 -1827.2770351166887 -40597395.76774956 0.0 -1908.4902700404687 -40597696.20651025 0.0 -1989.649813913328 -40598222.02092401 0.0 -2061.8925034871068 -40598969.314611755 0.0 -2113.245970452365 -40599900.770159476 0.0 -2174.2774228881026 -40601018.86913252 0.0 -2326.160646252853 -40602473.135739386 0.0 -2667.1126518478245 -40604634.74825878 0.0 -160.94596059672656 -40619909.46223741 0.0 -2737.594867684468 -40640490.677561276 0.0
    </DataArray>
    <DataArray type="Float32" Name="Hole Current Density [Am^-2]" NumberOfComponents="3" format="ascii">
-1e-30 -1e-30 0.0 -1e-30 -1e-30 0.0 -1e-30 -1e-30 0.0 -1e-30 -1e-30 0.0 -1e-30 -1e-30 0.0 -1e-30 -1e-30 0.0 -1e-30 -1e-30 0.0 -1e-30 -1e-30 0.0 1e-30 -1e-30 0.0 1e-30 -1e-30 0.0 1e-30 -1e-30 0.0 -1e-30 -1e-30 0.0 -1e-30 -1e-30 0.0 -1e-30 -1e-30 0.0 -1e-30 -1e-30 0.0 -1e-30 -1e-30 0.0 -1e-30 -1e-30 0.0 -1e-30 -1e-30 0.0 -1e-30 -1e-30 0.0 -1e-30 -1e-30 0.0 1e-30 -1e-30 0.0 1e-30 -1e-30 0.0 -1e-30 -1e-30 0.0 -1e-30 -1e-30 0.0 -1e-30 -1e-30 0.0 -1e-30 -1e-30 0.0 -1e-30 -1e-30 0.0 -1e-30 -1e-30 0.0 -1e-30 -1e-30 0.0 -1e-30 -1e-30 0.0 -1e-30 -1e-30 0.0 1e-30 -1e-30 0.0 1e-30 -1e-30 0.0 -1e-30 -1e-30 0.0 -1e-30 -1e-30 0.0 -1e-30 -1e-30 0.0 -1e-30 -1e-30 0.0 -1e-30 -1e-30 0.0 -1e-30 -1e-30 0.0 -1e-30 -1e-30 0.0 -1e-30 -1e-30 0.0 -1e-30 -1e-30 0.0 1e-30 -1e-30 0.0 1e-30 -1e-30 0.0 -1e-30 -1e-30 0.0 -1e-30 -1e-30 0.0 -1e-30 -1e-30 0.0 -1e-30 -1e-30 0.0 -1e-30 -1e-30 0.0 -1e-30 -1e-30 0.0 -1e-30 -1e-30 0.0 -1e-30 -1e-30 0.0 -1e-30 -1e-30 0.0 1e-30 -1e-30 0.0 1e-30 -1e-30 0.0 -1e-30 -1e-30 0.0 -1e-30 -1e-30 0.0 -1e-30 -1e-30 0.0 -1e-30 -1e-30 0.0 -1e-30 -1e-30 0.0 -1e-30 -1e-30 0.0 -1e-30 -1e-30 0.0 -1e-30 -1e-30 0.0 -1e-30 -1e-30 0.0 1e-30 -1e-30 0.0 1e-30 -1e-30 0.0 -1e-30 -1e-30 0.0 -1e-30 -1e-30 0.0 -1e-30 -1e-30 0.0 -1e-30 -1e-30 0.0 -1e-30 -1e-30 0.0 -1e-30 -1e-30 0.0 -1e-30 -1e-30 0.0 -1e-30 -1e-30 0.0 1e-30 -1e-30 0.0 1e-30 -1e-30 0.0 1e-30 -1e-30 0.0 -1e-30 -1e-30 0.0 -1e-30 -1e-30 0.0 -1e-30 -1e-30 0.0 -1e-30 -1e-30 0.0 -1e-30 -1e-30 0.0 -1e-30 -1e-30 0.0 -1e-30 -1e-30 0.0 -1e-30 -1e-30 0.0 1e-30 -1e-30 0.0 1e-30 -1e-30 0.0 1e-30 -1e-30 0.0 -1e-30 -1e-30 0.0 -1e-30 -1e-30 0.0 -1e-30 -1e-30 0.0 -1e-30 -1e-30 0.0 -1e-30 -1e-30 0.0 -1e-30 -1e-30 0.0 -1e-30 -1e-30 0.0 -1e-30 -1e-30 0.0 1e-30 -1e-30 0.0 1e-30 -1e-30 0.0 1e-30 -1e-30 0.0 -1e-30 -1e-30 0.0 -1e-30 -1e-30 0.0 -1e-30 -1e-30 0.0 -1e-30 -1e-30 0.0 -1e-30 -1e-30 0.0 -1e-30 -1e-30 0.0 -1e-30 -1e-30 0.0 -1e-30 -1e-30 0.0 1e-30 -1e-30 0.0 1e-30 -1e-30 0.0 1e-30 -1e-30 0.0 -1e-30 -1e-30 0.0 -1e-30 -1e-30 0.0 -1e-30 -1e-30 0.0 -1e-30 -1e-30 0.0 -1e-30 -1e-30 0.0 -1e-30 -1e-30 0.0 -1e-30 -1e-30 0.0 -1e-30 -1e-30 0.0 1e-30 -1e-30 0.0 1e-30 -1e-30 0.0 1e-30 -1e-30 0.0 -1e-30 -1e-30 0.0 -1e-30 -1e-30 0.0 -1e-30 -1e-30 0.0 -1e-30 -1e-30 0.0 -1e-30 -1e-30 0.0 -1e-30 -1e-30 0.0 -1e-30 -1e-30 0.0 -1e-30 -1e-30 0.0 1e-30 -1e-30 0.0 1e-30 -1e-30 0.0 1e-30 -1e-30 0.0 -1e-30 -1e-30 0.0 -1e-30 -1e-30 0.0 -1e-30 -1e-30 0.0 -1e-30 -1e-30 0.0 -1e-30 -1e-30 0.0 -1e-30 -1e-30 0.0 -1e-30 -1e-30 0.0 1e-30 -1e-30 0.0 1e-30 -1e-30 0.0 1e-30 -1e-30 0.0 1e-30 -1e-30 0.0 1e-30 -1e-30 0.0 1e-30 -1e-30 0.0 1e-30 -1e-30 0.0 -1e-30 -1e-30 0.0 -1e-30 -1e-30 0.0 -1e-30 -1e-30 0.0 -1e-30 -1e-30 0.0 -1e-30 -1e-30 0.0 1e-30 -1e-30 0.0 1e-30 -1e-30 0.0 1e-30 -1e-30 0.0 1e-30 -1e-30 0.0 1e-30 -1e-30 0.0 1e-30 -1e-30 0.0 1e-30 -1e-30 0.0 1e-30 -1e-30 0.0 -1e-30 -1e-30 0.0 -1e-30 -1e-30 0.0 -1e-30 -1e-30 0.0 -1e-30 -1e-30 0.0 -1e-30 -1e-30 0.0 -1e-30 -1e-30 0.0 1e-30 -1e-30 0.0 -1e-30 -1e-30 0.0 -1e-30 -1e-30 0.0 -1e-30 -1e-30 0.0 -1e-30 -1e-30 0.0 1e-30 -1e-30 0.0 1e-30 -1e-30 0.0 1e-30 -1e-30 0.0 -1e-30 -1e-30 0.0 1e-30 -1e-30 0.0 1e-30 -1e-30 0.0 -1e-30 -1e-30 0.0 -1e-30 -1e-30 0.0 -1e-30 -1e-30 0.0 -1e-30 -1e-30 0.0 -1e-30 -1e-30 0.0 -1e-30 -1e-30 0.0 1e-30 -1e-30 0.0 1e-30 -1e-30 0.0 1e-30 -1e-30 0.0 1e-30 -1e-30 0.0 1e-30 -1e-30 0.0 -1e-30 -1e-30 0.0 -1e-30 -1e-30 0.0 1e-30 -1e-30 0.0 1e-30 -1e-30 0.0 1e-30 -1e-30 0.0 1e-30 -1e-30 0.0 1e-30 -1e-30 0.0 1e-30 -1e-30 0.0 1e-30 -1e-30 0.0 1e-30 -1e-30 0.0 1e-30 -1e-30 0.0 -1e-30 -1e-30 0.0 -1e-30 -1e-30 0.0 1e-30 -1e-30 0.0 1e-30 -1e-30 0.0 1e-30 -1e-30 0.0 1e-30 -1e-30 0.0 1e-30 -1e-30 0.0 1e-30 -1e-30 0.0 1e-30 -1e-30 0.0 1e-30 -1e-30 0.0 1e-30 -1e-30 0.0 -1e-30 -1e-30 0.0 -1e-30 -1e-30 0.0 1e-30 -1e-30 0.0 1e-30 -1e-30 0.0 1e-30 -1e-30 0.0 1e-30 -1e-30 0.0 1e-30 -1e-30 0.0 1e-30 -1e-30 0.0 1e-30 -1e-30 0.0 1e-30 -1e-30 0.0 1e-30 -1e-30 0.0 -1e-30 -1e-30 0.0 -1e-30 -1e-30 0.0 1e-30 -1e-30 0.0 1e-30 -1e-30 0.0 1e-30 -1e-30 0.0 1e-30 -1e-30 0.0 1e-30 -1e-30 0.0 1e-30 -1e-30 0.0 1e-30 -1e-30 0.0 1e-30 -1e-30 0.0 1e-30 -1e-30 0.0 -1e-30 -1e-30 0.0 -1e-30 -1e-30 0.0 1e-30 -1e-30 0.0 1e-30 -1e-30 0.0 1e-30 -1e-30 0.0 1e-30 -1e-30 0.0 1e-30 -1e-30 0.0 1e-30 -1e-30 0.0 1e-30 -1e-30 0.0 1e-30 -1e-30 0.0 1e-30 -1e-30 0.0 -1e-30 -1e-30 0.0 -1e-30 -1e-30 0.0 1e-30 -1e-30 0.0 1e-30 -1e-30 0.0 1e-30 -1e-30 0.0 1e-30 -1e-30 0.0 1e-30 -1e-30 0.0 1e-30 -1e-30 0.0 1e-30 -1e-30 0.0 1e-30 -1e-30 0.0 1e-30 -1e-30 0.0 -1e-30 -1e-30 0.0 -1e-30 -1e-30 0.0 1e-30 -1e-30 0.0 1e-30 -1e-30 0.0 1e-30 -1e-30 0.0 1e-30 -1e-30 0.0 1e-30 -1e-30 0.0 1e-30 -1e-30 0.0 1e-30 -1e-30 0.0 1e-30 -1e-30 0.0 1e-30 -1e-30 0.0 -1e-30 -1e-30 0.0 -1e-30 -1e-30 0.0 1e-30 -1e-30 0.0 1e-30 -1e-30 0.0 1e-30 -1e-30 0.0 1e-30 -1e-30 0.0 1e-30 -1e-30 0.0 1e-30 -1e-30 0.0 1e-30 -1e-30 0.0 1e-30 -1e-30 0.0 1e-30 -1e-30 0.0 -1e-30 -1e-30 0.0 -1e-30 -1e-30 0.0 1e-30 -1e-30 0.0 1e-30 -1e-30 0.0 1e-30 -1e-30 0.0 1e-30 -1e-30 0.0 1e-30 -1e-30 0.0 1e-30 -1e-30 0.0 1e-30 -1e-30 0.0 1e-30 -1e-30 0.0 0.0 -1e-30 0.0 -1e-30 -1e-30 0.0 -1e-30 -1e-30 0.0 1e-30 -1e-30 0.0 1e-30 -1e-30 0.0 1e-30 -1e-30 0.0 1e-30 -1e-30 0.0 1e-30 -1e-30 0.0 1e-30 -1e-30 0.0 1e-30 -1e-30 0.0 1e-30 -1e-30 0.0 1e-30 -1e-30 0.0 -1e-30 -1e-30 0.0 -1e-30 -1e-30 0.0 1e-30 -1e-30 0.0 1e-30 -1e-30 0.0 1e-30 -1e-30 0.0 1e-30 -1e-30 0.0 1e-30 -1e-30 0.0 1e-30 -1e-30 0.0 1e-30 -1e-30 0.0 1e-30 -1e-30 0.0 1e-30 -1e-30 0.0 -1e-30 -1e-30 0.0 -1e-30 -1e-30 0.0 1e-30 -1e-30 0.0 1e-30 -1e-30 0.0 1e-30 -1e-30 0.0 1e-30 -1e-30 0.0 1e-30 -1e-30 0.0 1e-30 -1e-30 0.0 1e-30 -1e-30 0.0 1e-30 -1e-30 0.0 1e-30 -1e-30 0.0 -1e-30 -1e-30 0.0 -1e-30 -1e-30 0.0 1e-30 -1e-30 0.0 1e-30 -1e-30 0.0 1e-30 -1e-30 0.0 1e-30 -1e-30 0.0 1e-30 -1e-30 0.0 1e-30 -1e-30 0.0 1e-30 -1e-30 0.0 1e-30 -1e-30 0.0 1e-30 -1e-30 0.0 -1e-30 -1e-30 0.0 -1e-30 -1e-30 0.0 1e-30 -1e-30 0.0 1e-30 -1e-30 0.0 1e-30 -1e-30 0.0 1e-30 -1e-30 0.0 1e-30 -1e-30 0.0 1e-30 -1e-30 0.0 1e-30 -1e-30 0.0 1e-30 -1e-30 0.0 1e-30 -1e-30 0.0 -1e-30 -1e-30 0.0 -1e-30 -1e-30 0.0 1e-30 -1e-30 0.0 1e-30 -1e-30 0.0 1e-30 -1e-30 0.0 1e-30 -1e-30 0.0 1e-30 -1e-30 0.0 1e-30 -1e-30 0.0 1e-30 -1e-30 0.0 1e-30 -1e-30 0.0 1e-30 -1e-30 0.0 -1e-30 -1e-30 0.0 -1e-30 -1e-30 0.0 1e-30 -1e-30 0.0 1e-30 -1e-30 0.0 1e-30 -1e-30 0.0 1e-30 -1e-30 0.0 1e-30 -1e-30 0.0 1e-30 -1e-30 0.0 1e-30 -1e-30 0.0 1e-30 -1e-30 0.0 1e-30 -1e-30 0.0 -1e-30 -1e-30 0.0 -1e-30 -1e-30 0.0 1e-30 -1e-30 0.0 1e-30 -1e-30 0.0 1e-30 -1e-30 0.0 1e-30 -1e-30 0.0 1e-30 -1e-30 0.0 1e-30 -1e-30 0.0 1e-30 -1e-30 0.0 1e-30 -1e-30 0.0 1e-30 -1e-30 0.0 -1e-30 -1e-30 0.0 -1e-30 -1e-30 0.0 1e-30 -1e-30 0.0 1e-30 -1e-30 0.0 1e-30 -1e-30 0.0 1e-30 -1e-30 0.0 1e-30 -1e-30 0.0 1e-30 -1e-30 0.0 1e-30 -1e-30 0.0 1e-30 -1e-30 0.0 1e-30 -1e-30 0.0 -1e-30 -1e-30 0.0 -1e-30 -1e-30 0.0 1e-30 -1e-30 0.0 1e-30 -1e-30 0.0 1e-30 -1e-30 0.0 1e-30 -1e-30 0.0 1e-30 -1e-30 0.0 1e-30 -1e-30 0.0 1e-30 -1e-30 0.0 1e-30 -1e-30 0.0 1e-30 -1e-30 0.0 -1e-30 -1e-30 0.0 -1e-30 -1e-30 0.0 1e-30 -1e-30 0.0 1e-30 -1e-30 0.0 1e-30 -1e-30 0.0 1e-30 -1e-30 0.0 1e-30 -1e-30 0.0 1e-30 -1e-30 0.0 1e-30 -1e-30 0.0 1e-30 -1e-30 0.0 1e-30 -1e-30 0.0 -1e-30 -1e-30 0.0 -1e-30 -1e-30 0.0 1e-30 -1e-30 0.0 1e-30 -1e-30 0.0 1e-30 -1e-30 0.0 1e-30 -1e-30 0.0 1e-30 -1e-30 0.0 1e-30 -1e-30 0.0 1e-30 -1e-30 0.0 1e-30 -1e-30 0.0 1e-30 -1e-30 0.0 -1e-30 -1e-30 0.0 -1e-30 -1e-30 0.0 1e-30 -1e-30 0.0 1e-30 -1e-30 0.0 1e-30 -1e-30 0.0 1e-30 -1e-30 0.0 1e-30 -1e-30 0.0 1e-30 -1e-30 0.0 1e-30 -1e-30 0.0 1e-30 -1e-30 0.0 1e-30 -1e-30 0.0 -1e-30 -1e-30 0.0 -1e-30 -1e-30 0.0 1e-30 -1e-30 0.0 1e-30 -1e-30 0.0 1e-30 -1e-30 0.0 1e-30 -1e-30 0.0 1e-30 -1e-30 0.0 1e-30 -1e-30 0.0 1e-30 -1e-30 0.0 1e-30 -1e-30 0.0 1e-30 -1e-30 0.0 -1e-30 -1e-30 0.0 -1e-30 -1e-30 0.0 1e-30 -1e-30 0.0 1e-30 -1e-30 0.0 1e-30 -1e-30 0.0 1e-30 -1e-30 0.0 1e-30 -1e-30 0.0 1e-30 -1e-30 0.0 1e-30 -1e-30 0.0 1e-30 -1e-30 0.0 1e-30 -1e-30 0.0 -1e-30 -1e-30 0.0 -1e-30 -1e-30 0.0 1e-30 -1e-30 0.0 1e-30 -1e-30 0.0 1e-30 -1e-30 0.0 1e-30 -1e-30 0.0 1e-30 -1e-30 0.0 1e-30 -1e-30 0.0 1e-30 -1e-30 0.0 1e-30 -1e-30 0.0 1e-30 -1e-30 0.0 -1e-30 -1e-30 0.0 -1e-30 -1e-30 0.0 1e-30 -1e-30 0.0 1e-30 -1e-30 0.0 1e-30 -1e-30 0.0 1e-30 -1e-30 0.0 1e-30 -1e-30 0.0 1e-30 -1e-30 0.0 1e-30 -1e-30 0.0 1e-30 -1e-30 0.0 1e-30 -1e-30 0.0 -1e-30 -1e-30 0.0 -1e-30 -1e-30 0.0 1e-30 -1e-30 0.0 1e-30 -1e-30 0.0 1e-30 -1e-30 0.0 1e-30 -1e-30 0.0 1e-30 -1e-30 0.0 1e-30 -1e-30 0.0 1e-30 -1e-30 0.0 1e-30 -1e-30 0.0 1e-30 -1e-30 0.0 -1e-30 -1e-30 0.0 -1e-30 -1e-30 0.0 1e-30 -1e-30 0.0 1e-30 -1e-30 0.0 1e-30 -1e-30 0.0 1e-30 -1e-30 0.0 1e-30 -1e-30 0.0 1e-30 -1e-30 0.0 1e-30 -1e-30 0.0 1e-30 -1e-30 0.0 1e-30 -1e-30 0.0 -1e-30 -1e-30 0.0 -1e-30 -1e-30 0.0 1e-30 -1e-30 0.0 1e-30 -1e-30 0.0 1e-30 -1e-30 0.0 1e-30 -1e-30 0.0 1e-30 -1e-30 0.0 1e-30 -1e-30 0.0 1e-30 -1e-30 0.0 1e-30 -1e-30 0.0 1e-30 -1e-30 0.0 -1e-30 -1e-30 0.0 1e-30 -1e-30 0.0 1e-30 -1e-30 0.0 1e-30 -1e-30 0.0 1e-30 -1e-30 0.0 1e-30 -1e-30 0.0 1e-30 -1e-30 0.0 1e-30 -1e-30 0.0 1e-30 -1e-30 0.0 1e-30 -1e-30 0.0 1e-30 -1e-30 0.0 -1e-30 -1e-30 0.0 1e-30 -1e-30 0.0 1e-30 -1e-30 0.0 1e-30 -1e-30 0.0 1e-30 -1e-30 0.0 1e-30 -1e-30 0.0 1e-30 -1e-30 0.0 1e-30 -1e-30 0.0 1e-30 -1e-30 0.0 1e-30 -1e-30 0.0 1e-30 -1e-30 0.0 -1e-30 -1e-30 0.0 1e-30 -1e-30 0.0 1e-30 -1e-30 0.0 1e-30 -1e-30 0.0 1e-30 -1e-30 0.0 1e-30 -1e-30 0.0 1e-30 -1e-30 0.0 1e-30 -1e-30 0.0 1e-30 -1e-30 0.0 1e-30 -1e-30 0.0 1e-30 -1e-30 0.0 -1e-30 -1e-30 0.0 -1e-30 -1e-30 0.0 1e-30 -1e-30 0.0 1e-30 -1e-30 0.0 1e-30 -1e-30 0.0 1e-30 -1e-30 0.0 1e-30 -1e-30 0.0 1e-30 -1e-30 0.0 1e-30 -1e-30 0.0 1e-30 -1e-30 0.0 1e-30 -1e-30 0.0 -1e-30 -1e-30 0.0 1e-30 -1e-30 0.0 1e-30 -1e-30 0.0 1e-30 -1e-30 0.0 1e-30 -1e-30 0.0 1e-30 -1e-30 0.0 1e-30 -1e-30 0.0 -1e-30 -1e-30 0.0 -1e-30 -1e-30 0.0 -1e-30 -1e-30 0.0 1e-30 -1e-30 0.0
    </DataArray>
    <DataArray type="Float32" Name="Ion diffusion flux Density [Am^-2]" NumberOfComponents="3" format="ascii">
-1.0735868632139822e+16 -3753979591478889.5 0.0 -1.1480994724106878e+16 2296033780942240.5 0.0 -1.3838462498534052e+16 1.2362365607034044e+16 0.0 -1.3994438541609566e+16 2.43148403052734e+16 0.0 -8501693128423085.0 4.460375611518595e+16 0.0 638186663041893.5 7.219732327790504e+16 0.0 1.0986208256230292e+16 1.0123874566348134e+17 0.0 1.8516015682191612e+16 1.1948527760007136e+17 0.0 1.995308486132881e+16 1.1121331892862925e+17 0.0 3.160011971190811e+16 1.1732753102366954e+17 0.0 7.952208166456805e+16 2.3856624499373814e+17 0.0 -9318061535207026.0 -9466862455064518.0 0.0 -1.0493889319274048e+16 -1694719562852302.5 0.0 -1.0672692388873878e+16 7318325691352264.0 0.0 -8932208379564719.0 1.8885550730396376e+16 0.0 -3594006027045811.5 3.741509570320079e+16 0.0 4308144833370539.5 6.167261618625397e+16 0.0 1.2983169852855142e+16 8.709280948646686e+16 0.0 1.942566895096009e+16 1.0383480110835595e+17 0.0 2.0623499860525184e+16 9.909647905856803e+16 0.0 2.891502125445502e+16 1.0589891893729706e+17 0.0 4.683178222702321e+16 2.341589111351489e+17 0.0 -1.7553818186780692e+16 -1.9218440818819036e+16 0.0 -1.8175593606055676e+16 -7015097739899607.0 0.0 -1.831058115631098e+16 3308665941137123.0 0.0 -1.6637866343717786e+16 1.57133525994153e+16 0.0 -1.1730454023993934e+16 3.4422642734250756e+16 0.0 -3834774167505671.5 5.853221994443969e+16 0.0 5614181353505822.0 8.418467191983486e+16 0.0 1.3521948858393576e+16 1.026000805093458e+17 0.0 1.6451943697330488e+16 1.0147716833658742e+17 0.0 2.6384832404198744e+16 1.116807253731427e+17 0.0 5.00418040161484e+16 2.5020902008077053e+17 0.0 -2.459546028741413e+16 -2.527673169057813e+16 0.0 -2.315513249377733e+16 -1.0491439907009126e+16 0.0 -2.2974157969467704e+16 224000218466153.53 0.0 -2.120943489908082e+16 1.3134579569130676e+16 0.0 -1.621545640048626e+16 3.2463708057153676e+16 0.0 -7886618494521613.0 5.739035421864321e+16 0.0 2365677220596196.5 8.3573219774804e+16 0.0 1.1064101436040006e+16 1.0228245177551547e+17 0.0 1.454022733310104e+16 1.0287242437933907e+17 0.0 2.5849278699071116e+16 1.1828324416293648e+17 0.0 5.436008337155101e+16 2.7180041685778835e+17 0.0 -2.9827884192627172e+16 -2.7828118747829764e+16 0.0 -2.6904752523976116e+16 -1.2463008912730038e+16 0.0 -2.6177408816574348e+16 -1742432830385142.5 0.0 -2.3833948734549664e+16 1.1584186636525572e+16 0.0 -1.8401092738312772e+16 3.1199525721558604e+16 0.0 -9927833990866816.0 5.626897642238483e+16 0.0 229393421759093.25 8.24420898450672e+16 0.0 9021809676230994.0 1.0140376355853115e+17 0.0 1.3341666761358754e+16 1.0419858842119456e+17 0.0 2.7178696879520044e+16 1.2582936287086453e+17 0.0 5.8985495311139576e+16 2.949274765557349e+17 0.0 -3.3170483378277932e+16 -2.793964349143123e+16 0.0 -2.928175655315074e+16 -1.317374789062842e+16 0.0 -2.809747275171936e+16 -2716813572368842.0 0.0 -2.5328781279952892e+16 1.0735122652063704e+16 0.0 -1.9598797617478532e+16 3.03704945706674e+16 0.0 -1.0946587910728806e+16 5.537442477737176e+16 0.0 -685976135989941.0 8.141193997068515e+16 0.0 8246370155971008.0 1.0041705207045478e+17 0.0 1.3376657190915678e+16 1.0537367890245989e+17 0.0 3.062055392337745e+16 1.3358730144511762e+17 0.0 6.338550962085933e+16 3.1692754810432256e+17 0.0 -3.4523901072579764e+16 -2.6166314746896516e+16 0.0 -2.9992245664175696e+16 -1.2790866783011804e+16 0.0 -2.8394635585187308e+16 -2797777802281138.5 0.0 -2.5483400337341116e+16 1.0486362373767528e+16 0.0 -1.970734551683756e+16 2.9884493156100772e+16 0.0 -1.1143663303569794e+16 5.456947187532239e+16 0.0 -1078885448483786.2 8.025520935681752e+16 0.0 7759029405834565.0 9.923627165319982e+16 0.0 1.4072806523943344e+16 1.0748189705863251e+17 0.0 3.400018875565493e+16 1.4056685490475301e+17 0.0 6.642245962095036e+16 3.321122981047749e+17 0.0 -3.39276803206208e+16 -2.2940728405411148e+16 0.0 -2.9078570136606492e+16 -1.144690768016435e+16 0.0 -2.7186678711027444e+16 -2221653759170660.8 0.0 -2.4216841033305532e+16 1.0566583223330906e+16 0.0 -1.8736655865113016e+16 2.9530510280722628e+16 0.0 -1.0604012543992706e+16 5.363495242386537e+16 0.0 -1077298134447114.4 7.874753582775306e+16 0.0 7444699341323730.0 9.768970495507424e+16 0.0 1.4958896627955792e+16 1.09179029150706e+17 0.0 3.6659558352286904e+16 1.466938478057844e+17 0.0 6.919580967005042e+16 3.459790483502911e+17 0.0 -3.1658826083287652e+16 -1.8941689498368348e+16 0.0 -2.686986255557089e+16 -9528687014867028.0 0.0 -2.4942876890371996e+16 -1139790166976633.5 0.0 -2.194833783564229e+16 1.0798730870069352e+16 0.0 -1.6899190183844632e+16 2.8957426608014908e+16 0.0 -9534396412893146.0 5.234236213951634e+16 0.0 -751096436421743.6 7.684199411772592e+16 0.0 7662032392475312.0 9.616843600691851e+16 0.0 1.7369411330440776e+16 1.1162229635947338e+17 0.0 4.143135712659022e+16 1.5272018685365942e+17 0.0 7.113837757684366e+16 3.5569188788425216e+17 0.0 -2.8196129968620176e+16 -1.4828045117953778e+16 0.0 -2.3725116166641464e+16 -7454238147308234.0 0.0 -2.1874009487538724e+16 121067667231104.95 0.0 -1.9180714738234364e+16 1.11093799151889e+16 0.0 -1.4770787293960506e+16 2.8038289948447744e+16 0.0 -8335317511755595.0 5.042814244563242e+16 0.0 -222523076821877.28 7.466800536452098e+16 0.0 9049954626980040.0 9.571658304724563e+16 0.0 2.3133234116599016e+16 1.1659656809117557e+17 0.0 4.750155644758589e+16 1.5770765920946544e+17 0.0 7.122238261233455e+16 3.561119130617193e+17 0.0 -2.408926614449063e+16 -1.0831530016004878e+16 0.0 -1.9872512488225984e+16 -5280080629584415.0 0.0 -1.8257778704076996e+16 1294759369387062.0 0.0 -1.6228356176353768e+16 1.0987326921404808e+16 0.0 -1.2693542318483194e+16 2.6584350730882524e+16 0.0 -7051636425526197.0 4.809147782171175e+16 0.0 1321447423427082.2 7.30322909544036e+16 0.0 1.3918196088621676e+16 9.866252820321795e+16 0.0 3.23325707985006e+16 1.2397055090063128e+17 0.0 5.209325529896521e+16 1.5936848405357936e+17 0.0 6.936812432079635e+16 3.468406216040439e+17 0.0 -1.993901839199825e+16 -6604565384213261.0 0.0 -1.6379636524986362e+16 -3343141417678054.5 0.0 -1.4807012645526988e+16 2014239350933228.8 0.0 -1.2895940283549974e+16 1.0538223761267454e+16 0.0 -1.009205529811599e+16 2.488537926325303e+16 0.0 -4335287673691696.5 4.64266094806969e+16 0.0 5643251021123693.0 7.42214643140317e+16 0.0 2.191746346627111e+16 1.0516366097477397e+17 0.0 3.957660792983831e+16 1.2956962812409947e+17 0.0 5.339493852098657e+16 1.5633625277094912e+17 0.0 6.6251601855846296e+16 3.312580092792967e+17 0.0 -1.6697698817310892e+16 -3859174653737851.0 0.0 -1.5210347560943392e+16 -2204871800543829.5 0.0 -1.455207367649576e+16 2263073427089501.5 0.0 -1.3162717451029434e+16 9088479676252520.0 0.0 -9647966547811840.0 2.27306575650963e+16 0.0 790633169154037.4 4.638377119108429e+16 0.0 1.0422388461101112e+16 7.64959229379958e+16 0.0 2.7509864926807764e+16 1.099303376522355e+17 0.0 4.2320690211587336e+16 1.3150439172264483e+17 0.0 5.283771024868043e+16 1.5164059386429942e+17 0.0 6.286589891232642e+16 3.143294945616861e+17 0.0 -1.2045258800594326e+16 -6059469544739422.0 0.0 -1.1696352234988706e+16 -2632139383098389.5 0.0 -1.1817895748858818e+16 2032314388163820.5 0.0 -1.188311799994189e+16 8961027038195019.0 0.0 -1.0091490162804722e+16 2.5024752375654772e+16 0.0 -9014373452162856.0 4.363368016487307e+16 0.0 -1847111716312610.0 7.1347958771121496e+16 0.0 2.1250008285691976e+16 1.1004602160176786e+17 0.0 6.2805244200513064e+16 1.3901988854757434e+17 0.0 5.238000625567061e+16 1.46904236349409e+17 0.0 5.9431313783586856e+16 2.971565689179785e+17 0.0 -6139183721288058.0 -5681197615464842.0 0.0 -5424543204865592.0 -1603782217993455.8 0.0 -5528367136463839.0 1761981238513837.5 0.0 -6855027528673529.0 5313762814844007.0 0.0 -9078809385196248.0 1.3217713723747228e+16 0.0 -1.3609252455109228e+16 3.169718579570787e+16 0.0 -6047004632179847.0 7.381776729530448e+16 0.0 1.162325917327304e+16 1.3825732693690922e+17 0.0 1.83428768957025e+16 1.3320699521083106e+17 0.0 3.3378213762634376e+16 1.1952399612292085e+17 0.0 5.567264120796026e+16 2.7836320603986506e+17 0.0 -3334332900854139.5 -5197885713357819.0 0.0 -2479229011351758.0 -1167252222961131.8 0.0 -2171388258530530.0 1694698347029319.5 0.0 -2190940742895084.2 4771456601542431.0 0.0 -1704159687860894.8 1.1635310896866342e+16 0.0 503918407639468.0 2.7724888176695628e+16 0.0 4306012716449761.5 5.861473136201879e+16 0.0 5786568857419634.0 1.0129877018844869e+17 0.0 -2971366949614512.5 1.3610775601255165e+17 0.0 4.285834026689782e+16 1.6135992791957395e+17 0.0 6.110032949629125e+16 3.055016474815438e+17 0.0 -2045645684543526.2 -4607062630955329.0 0.0 -1194189366704639.2 -872891208546661.4 0.0 -535901293857842.44 1763070995634099.2 0.0 90326703946967.86 4645042873030590.0 0.0 1617348466354790.0 1.1275984628335488e+16 0.0 5872122876111115.0 2.6972345296570268e+16 0.0 1.4731950809607174e+16 5.7869388890113e+16 0.0 2.8507741194564096e+16 1.0404069536589237e+17 0.0 4.3676231716634344e+16 1.5008051192856496e+17 0.0 5.2343644307453656e+16 1.6555446695171798e+17 0.0 6.139027944099045e+16 3.069513972050256e+17 0.0 -1488738942182395.8 -4204809076623567.5 0.0 -718813501139857.6 -700776566860932.4 0.0 88938681915108.14 1860466875294012.0 0.0 938956617797043.4 4628377985753071.0 0.0 2835973095407648.0 1.0985140573361078e+16 0.0 7557858844920858.0 2.6336789509707796e+16 0.0 1.7335584475874112e+16 5.693738851500647e+16 0.0 3.2499175047083508e+16 1.0301370366607203e+17 0.0 4.8212489227000376e+16 1.4883634608800438e+17 0.0 5.3772303909944984e+16 1.631785596813559e+17 0.0 6.020481808758793e+16 3.01024090438e+17 0.0 -1233152808438270.0 -3949631269734947.0 0.0 -526530721268790.8 -604494583705054.5 0.0 286937412707949.1 1869935366596723.2 0.0 1133671678778302.5 4533687255045287.0 0.0 3096297630639325.5 1.070487759020168e+16 0.0 7930396097111252.0 2.5695043454757004e+16 0.0 1.7717909460423094e+16 5.5687619051915416e+16 0.0 3.2726089560205876e+16 1.0100965376013616e+17 0.0 4.796999176121436e+16 1.460118925223916e+17 0.0 5.302391298927725e+16 1.599652203545652e+17 0.0 5.897482544002779e+16 2.9487412720019584e+17 0.0 -1094571541418103.8 -3765538885483533.0 0.0 -427682135408216.44 -545639906023371.1 0.0 363535768771631.25 1850733310210502.5 0.0 1194905971727441.8 4430753164375553.5 0.0 3131051303671546.0 1.0437481285818136e+16 0.0 7902518099629089.0 2.508607021305419e+16 0.0 1.75523248012128e+16 5.447715054319725e+16 0.0 3.2316312803360456e+16 9.901313866294291e+16 0.0 4.720903921166311e+16 1.432657426564215e+17 0.0 5.209453406644404e+16 1.56984284534011e+17 0.0 5.786810576468626e+16 2.893405288234685e+17 0.0 -1005219097318677.5 -3611601013820280.0 0.0 -365359505817397.75 -500858725126649.4 0.0 406199414775217.2 1828461116106576.0 0.0 1220988404176186.8 4338318037795853.5 0.0 3121527851775252.0 1.0197372905900602e+16 0.0 7802268548798306.0 2.4530919690890556e+16 0.0 1.7281575828553296e+16 5.337720373504063e+16 0.0 3.180351674475262e+16 9.719352065274533e+16 0.0 4.643470788609397e+16 1.4079807251587973e+17 0.0 5.1233412087639416e+16 1.543474137128927e+17 0.0 5.689462570754751e+16 2.8447312853782643e+17 0.0 -937720687886534.2 -3473865277442861.0 0.0 -320035481570287.2 -462612739407562.2 0.0 433491691728230.9 1806582887806431.8 0.0 1231014857944828.5 4254384367887286.0 0.0 3094597240229076.0 9980522357873070.0 0.0 7688736300737286.0 2.4029428156241836e+16 0.0 1.700818611325592e+16 5.2384494167321864e+16 0.0 3.130343022568456e+16 9.55613118099899e+16 0.0 4.572867862001117e+16 1.3862098346963686e+17 0.0 5.046889815136293e+16 1.5203979830021312e+17 0.0 5.604373126684612e+16 2.8021865633433763e+17 0.0 -881872370896191.5 -3347377489843616.0 0.0 -284005094981964.94 -428208833267292.75 0.0 452614855447039.4 1786021653048992.5 0.0 1233882980592793.5 4178663589714019.0 0.0 3063115693915386.5 9785738883680490.0 0.0 7578140760173141.0 2.3577538098519492e+16 0.0 1.6753743353840726e+16 5.149005359214238e+16 0.0 3.0851704381456744e+16 9.410477457114893e+16 0.0 4.510569817172099e+16 1.3670612917090029e+17 0.0 4.97986812836759e+16 1.500252955857931e+17 0.0 5.530205483572011e+16 2.765102741786853e+17 0.0 -833258441824235.2 -3230515224070552.5 0.0 -253877338713224.62 -396732192640914.6 0.0 466905820852452.4 1767162912685806.5 0.0 1233474908458010.2 4110630877000546.5 0.0 3031375316496328.0 9610995139715150.0 0.0 7475271964662154.0 2.3170974515936776e+16 0.0 1.6523455804786852e+16 5.068596652313391e+16 0.0 3.0452502583665664e+16 9.280656634663702e+16 0.0 4.4562481848094344e+16 1.3502034957930512e+17 0.0 4.921495836385144e+16 1.4826567912147542e+17 0.0 5.465554104472865e+16 2.7327770522373088e+17 0.0 -789498582644868.6 -3122840726615804.5 0.0 -228021168365597.28 -367933341948427.56 0.0 478042987379695.2 1750018711658108.2 0.0 1231397960851058.8 4049557604257031.5 0.0 3001059753320505.0 9454374444662410.0 0.0 7381454964639015.0 2.2805797817950776e+16 0.0 1.6317442264556086e+16 4.996452797962817e+16 0.0 3.0102586197947212e+16 9.165002889512808e+16 0.0 4.40901890196259e+16 1.3353349501950771e+17 0.0 4.870751478265577e+16 1.4672555172591565e+17 0.0 5.409094766398904e+16 2.7045473831996774e+17 0.0 -121184462898291.89 -2081874463600284.8 0.0 -91640301415551.27 -273572924815935.38 0.0 -91207715003477.39 1572167327960873.2 0.0 -103106157533635.92 3585275922646359.0 0.0 -131850218789625.64 8323186333815506.0 0.0 -196021604432888.62 2.0046071803108256e+16 0.0 -305344784881598.2 4.394103097539388e+16 0.0 -410888795237070.25 8.068767190553011e+16 0.0 -394072174447580.7 1.1765903495674405e+17 0.0 -192105245527724.6 1.2928537329179936e+17 0.0 0.0 3.751761513533299e+17 0.0 440630739288212.06 -2846277909244961.0 0.0 6951164015205.921 -259018292986015.8 0.0 -672571332047607.2 1779884826230087.2 0.0 -1427765663800262.0 4013184297405016.0 0.0 -3207766735611691.0 9275621419948558.0 0.0 -7612946212698273.0 2.2315826537269996e+16 0.0 -1.6591716578411094e+16 4.894867211196589e+16 0.0 -3.0369707067421264e+16 8.998253731929552e+16 0.0 -4.414113790074645e+16 1.3132809311337736e+17 0.0 -4.8287863037539704e+16 1.4432053732767763e+17 0.0 -5.316251417939254e+16 2.6581257089704326e+17 0.0 441326862805546.6 -2775246940237802.5 0.0 13645429314623.326 -245889498199411.25 0.0 -655407269906160.5 1758955784378510.8 0.0 -1399066764457182.5 3960764426096935.0 0.0 -3153083658600234.0 9153122414725284.0 0.0 -7501373886503752.0 2.2039047823602636e+16 0.0 -1.638518190338423e+16 4.841200369158947e+16 0.0 -3.005430984852557e+16 8.913818297413232e+16 0.0 -4.3759960401664296e+16 1.3027351138641669e+17 0.0 -4.792267527097178e+16 1.43262231552686e+17 0.0 -5.278033953870805e+16 2.6390169769361834e+17 0.0 441301286125130.94 -2709008166146024.0 0.0 18582590729626.504 -233654219560747.34 0.0 -640278815919264.1 1739816122966731.0 0.0 -1373811990068218.8 3914095306211364.0 0.0 -3104602075161371.5 9043928634955522.0 0.0 -7401624279909067.0 2.1791712971646564e+16 0.0 -1.6199772249207242e+16 4.7932019901905224e+16 0.0 -2.977063154293301e+16 8.838404817359494e+16 0.0 -4.34178881663256e+16 1.293351238577063e+17 0.0 -4.759732233816831e+16 1.4232521294311253e+17 0.0 -5.244306986333344e+16 2.622153493167961e+17 0.0 441187064602182.7 -2649836719189207.0 0.0 22067028972003.434 -222338716300743.5 0.0 -627091463629348.4 1722890093400213.5 0.0 -1351544085887100.5 3872533296785430.0 0.0 -3061619362311037.5 8946712923991003.0 0.0 -7312547015935326.0 2.1570864524270412e+16 0.0 -1.6033553000074882e+16 4.75029812917278e+16 0.0 -2.951592867441309e+16 8.771073556090246e+16 0.0 -4.311123504360727e+16 1.2849967623896066e+17 0.0 -4.730731776026352e+16 1.414943510205516e+17 0.0 -5.214484701420734e+16 2.6072423507106138e+17 0.0 441021106567741.06 -2597118003513647.0 0.0 24996607492076.066 -212151205712854.28 0.0 -615562248008505.9 1707896557381268.5 0.0 -1331880612593062.2 3835514898900286.0 0.0 -3023479583300950.5 8860138514948119.0 0.0 -7233196060943309.0 2.1373839569482396e+16 0.0 -1.5884752728702198e+16 4.711979591270627e+16 0.0 -2.9287589128527652e+16 8.710980985596586e+16 0.0 -4.283661403056784e+16 1.277556388619187e+17 0.0 -4.7048769788696984e+16 1.4075681109227842e+17 0.0 -5.188074740716796e+16 2.5940373703599136e+17 0.0 440829432324275.94 -2550245341941569.5 0.0 27480987744232.234 -203025351897680.78 0.0 -605456825754929.1 1694597814461106.0 0.0 -1314495850821434.5 3802543639764099.5 0.0 -2989609425750298.0 8783013463627037.0 0.0 -7162504076364021.0 2.1198155257775264e+16 0.0 -1.5751712112828554e+16 4.6777835618437944e+16 0.0 -2.9083149571333212e+16 8.657371412528998e+16 0.0 -4.2590911887538136e+16 1.2709294040534731e+17 0.0 -4.681826915798341e+16 1.4010163395220798e+17 0.0 -5.164660919861048e+16 2.5823304599324608e+17 0.0 440632527221595.25 -2508640613205515.0 0.0 29605847511726.832 -194883244014451.28 0.0 -596578875236668.4 1682791286423790.2 0.0 -1299109629900636.2 3773181119810132.0 0.0 -2959522631337138.5 8714329482389066.0 0.0 -7099507105804259.0 2.1041574873254816e+16 0.0 -1.5632875344090226e+16 4.647286693962755e+16 0.0 -2.8900314162686964e+16 8.60956962039885e+16 0.0 -4.237128039171139e+16 1.2650275986300386e+17 0.0 -4.6612815752367864e+16 1.3951940406578976e+17 0.0 -5.143889003122264e+16 2.5719445015629757e+17 0.0 440447618780327.75 -2471766072432661.5 0.0 31439277276060.145 -187643024664700.6 0.0 -588762687390904.9 1672303296199790.5 0.0 -1285479719903888.5 3747040164981163.0 0.0 -2932791119144986.5 8653190381612356.0 0.0 -7043391597405582.0 2.09021119417099e+16 0.0 -1.5526815917724048e+16 4.620108805172746e+16 0.0 -2.8736966173978172e+16 8.566973624887728e+16 0.0 -4.217512836016647e+16 1.259773517536482e+17 0.0 -4.64297646594413e+16 1.3900199066618251e+17 0.0 -5.125455868634211e+16 2.5627279343188387e+17 0.0 440289661554681.9 -2439130096015606.5 0.0 33036112187199.223 -181223755694806.38 0.0 -581867644370987.2 1662984244600482.0 0.0 -1273396126325336.0 3723779074964259.5 0.0 -2909038201026057.5 8598801732657161.0 0.0 -6993428798002857.0 2.0777994341577908e+16 0.0 -1.5432237781156506e+16 4.595910045699586e+16 0.0 -2.859117256409793e+16 8.529047942317338e+16 0.0 -4.200010989749283e+16 1.2550990457799491e+17 0.0 -4.626677705251737e+16 1.3854233977580712e+17 0.0 -5.109100679846197e+16 2.554550339924244e+17 0.0 440171824746749.8 -2410288914393034.0 0.0 34441016040583.184 -175548380533354.44 0.0 -575773914256600.4 1654704785530042.0 0.0 -1262676506311419.5 3703096582485204.5 0.0 -2887932759909183.0 8550461042387480.0 0.0 -6948968972420599.0 2.0667647275960324e+16 0.0 -1.5347972311954532e+16 4.574387799184647e+16 0.0 -2.846118230282035e+16 8.495317283805016e+16 0.0 -4.184411185182485e+16 1.2509442315324539e+17 0.0 -4.612178376422864e+16 1.3813430964627378e+17 0.0 -5.094597914442429e+16 2.547298957222294e+17 0.0 440105811698046.0 -2384845800186380.5 0.0 35690750920241.63 -170545394044911.28 0.0 -570378999648968.6 1647352742590207.5 0.0 -1253162343607980.8 3684727365146202.5 0.0 -2869184063963371.5 8507548490938607.0 0.0 -6909435143446202.0 2.0569675884223604e+16 0.0 -1.5272972301148754e+16 4.555273498452153e+16 0.0 -2.8345419784451296e+16 8.465360659748109e+16 0.0 -4.170523962995872e+16 1.2472562941231848e+17 0.0 -4.599295480611657e+16 1.377725390160746e+17 0.0 -5.081751859446317e+16 2.540875929725545e+17 0.0 440102146982171.25 -2362448799466601.5 0.0 36815894590055.84 -166149660102633.03 0.0 -565594928060422.4 1640830607039646.0 0.0 -1244715698356001.2 3668438043722355.5 0.0 -2852537101364985.0 8469518337196042.0 0.0 -6874316649434281.0 2.048284826586608e+16 0.0 -1.5206304068291834e+16 4.538329505329126e+16 0.0 -2.8242474995895336e+16 8.43880594891472e+16 0.0 -4.158180154045742e+16 1.2439887802275424e+17 0.0 -4.587867305684679e+16 1.3745234050213904e+17 0.0 -5.0703922301828296e+16 2.5351961150938013e+17 0.0 440170463563458.06 -2342787681014649.0 0.0 37842546373471.695 -162302807367922.25 0.0 -561345938404499.0 1635053484575115.0 0.0 -1237216420081785.2 3654023624438725.0 0.0 -2837768387455745.5 8435891068696073.0 0.0 -6843162792528754.0 2.0406079442045788e+16 0.0 -1.5147138645825336e+16 4.523346153949538e+16 0.0 -2.8151091932517796e+16 8.415324963812747e+16 0.0 -4.147229265415629e+16 1.2411008429497206e+17 0.0 -4.577751138541335e+16 1.371696135075983e+17 0.0 -5.060370652504116e+16 2.5301853262548077e+17 0.0 440319514977905.44 -2325589165716039.5 0.0 38798643008598.78 -158954921306024.28 0.0 -557566443336001.25 1629947032853926.2 0.0 -1230559754322950.0 3641304361724751.5 0.0 -2824682225160370.5 8406246340683604.0 0.0 -6815576792787150.0 2.0338416582496524e+16 0.0 -1.50947427329516e+16 4.510139017944634e+16 0.0 -2.807015635084598e+16 8.394629016567846e+16 0.0 -4.137537892499092e+16 1.2385566239247802e+17 0.0 -4.5688212697985e+16 1.3692077244962605e+17 0.0 -5.05155781277833e+16 2.5257789063903043e+17 0.0 440553473041561.2 -2310593559195390.0 0.0 39695522791177.75 -156057885827805.7 0.0 -554191371144138.8 1625438683452603.5 0.0 -1224654291524602.8 3630123010845893.5 0.0 -2813107404705920.5 8380216705404259.0 0.0 -6791210195198357.0 2.0279025653636052e+16 0.0 -1.5048469910781808e+16 4.498546432009584e+16 0.0 -2.7998683623129756e+16 8.376464973877142e+16 0.0 -4.1289882072020424e+16 1.2363247228260754e+17 0.0 -4.5609672517834456e+16 1.3670268716164294e+17 0.0 -5.043841129064224e+16 2.5219205645344586e+17 0.0 440886577105445.56 -2297623327073170.0 0.0 40541936185498.93 -153563781783056.72 0.0 -551168678871698.2 1621477914064702.8 0.0 -1219418105579862.0 3620336117938963.0 0.0 -2802894313425479.0 8357482100093370.0 0.0 -6769757793122506.0 2.022717952244339e+16 0.0 -1.5007752383036918e+16 4.488427276710097e+16 0.0 -2.793580714711349e+16 8.36061177759206e+16 0.0 -4.12147655329828e+16 1.2343777418326426e+17 0.0 -4.55409237923442e+16 1.3651263310901541e+17 0.0 -5.037122834123238e+16 2.5185614170629757e+17 0.0 441327665354295.75 -2286501384076677.0 0.0 41358600162942.945 -151435938558049.62 0.0 -548475522345613.75 1618022589982354.5 0.0 -1214779769842013.2 3611819499574100.5 0.0 -2793912423646200.0 8337765051365417.0 0.0 -6750953098994147.0 2.018224750707608e+16 0.0 -1.4972093411209658e+16 4.479659025093129e+16 0.0 -2.788076759793364e+16 8.346877399362618e+16 0.0 -4.114912168880001e+16 1.2326918948010782e+17 0.0 -4.548112368174209e+16 1.3634824963509418e+17 0.0 -5.03131838835515e+16 2.5156591941804813e+17 0.0 441886110222575.94 -2277076762919796.0 0.0 42163857483309.71 -149659414119669.9 0.0 -546078990543311.94 1615032091775625.8 0.0 -1210683046528994.8 3604484373259754.5 0.0 -2786048122620628.0 8320826538020000.0 0.0 -6734564358360263.0 2.0143686296153384e+16 0.0 -1.4941060537566414e+16 4.472136039654925e+16 0.0 -2.7832903245126332e+16 8.335096197076851e+16 0.0 -4.109216047453082e+16 1.2312466731341362e+17 0.0 -4.542954210942879e+16 1.362075049133365e+17 0.0 -5.026355161901629e+16 2.5131775809545978e+17 0.0 442572076511323.5 -2269222266825633.5 0.0 42970440164824.6 -148209870401157.38 0.0 -543931640133722.6 1612465266413606.2 0.0 -1207074662493196.0 3598242445279634.5 0.0 -2779202846288181.5 8306462452592784.0 0.0 -6720391076383815.0 2.011103213950621e+16 0.0 -1.4914279583747628e+16 4.465768098502086e+16 0.0 -2.7791641300048084e+16 8.325126634466082e+16 0.0 -4.1043198543905416e+16 1.2300245595079686e+17 0.0 -4.538555181671859e+16 1.3608866658165226e+17 0.0 -5.022171338200851e+16 2.5110856691024483e+17 0.0 443396776393665.06 -2262832459982091.5 0.0 43826847005074.62 -147079574639484.3 0.0 -542004174240495.5 1610291029466506.5 0.0 -1203908141312071.2 3593018922336087.5 0.0 -2773291480228194.0 8294500604573894.0 0.0 -6708261014850627.0 2.008389420761934e+16 0.0 -1.489142941205775e+16 4.460479140068884e+16 0.0 -2.7756490453828972e+16 8.316849412307509e+16 0.0 -4.1001651010932344e+16 1.229010790945021e+17 0.0 -4.534861984299074e+16 1.359902765482391e+17 0.0 -5.01871499755712e+16 2.5093574987795226e+17 0.0 444345146824604.3 -2257684090466257.5 0.0 44728981774081.19 -146247727304421.06 0.0 -540258486881987.06 1608446753729868.2 0.0 -1201143005313496.2 3588751431315350.0 0.0 -2768240999127461.0 8284798217858974.0 0.0 -6698027628739370.0 2.006194903534694e+16 0.0 -1.4872237442429136e+16 4.456206216050239e+16 0.0 -2.7727034013960684e+16 8.31016577784195e+16 0.0 -4.096702428100256e+16 1.2281931584611893e+17 0.0 -4.531830074723969e+16 1.3591113136517544e+17 0.0 -5.015943379749749e+16 2.507971689876169e+17 0.0 445443509371228.2 -2253771704987269.5 0.0 45615401551652.62 -145678159666377.16 0.0 -538676811936555.6 1606926782819956.5 0.0 -1198744094527105.8 3585389126488853.5 0.0 -2763989316058968.5 8277239873039060.0 0.0 -6689567901725710.0 2.004493594977894e+16 0.0 -1.4856475863307614e+16 4.4528986305467864e+16 0.0 -2.770292443408502e+16 8.304996206783331e+16 0.0 -4.093890884196573e+16 1.2275618397125834e+17 0.0 -4.529423051928568e+16 1.3585026548464574e+17 0.0 -5.013822279883032e+16 2.5069111399433232e+17 0.0 446735949531170.1 -2251187094708644.5 0.0 46515091308240.41 -145368486491899.94 0.0 -537250789346651.75 1605750572883998.8 0.0 -1196680984671184.8 3582891966500793.0 0.0 -2760484315238162.5 8271735856238294.0 0.0 -6682780540363826.0 2.00326534072391e+16 0.0 -1.4843958451581034e+16 4.450517244818335e+16 0.0 -2.7683878749220492e+16 8.301279343171053e+16 0.0 -4.091697405255596e+16 1.2271092684057427e+17 0.0 -4.527612175429657e+16 1.3580693805060014e+17 0.0 -5.012325570288296e+16 2.5061627851452422e+17 0.0 448239971785990.1 -2249895303310453.8 0.0 47478263043576.7 -145327101166112.06 0.0 -535961465955739.8 1604903547847714.0 0.0 -1194927487845345.2 3581230146006243.0 0.0 -2757683045261717.5 8268220881789650.0 0.0 -6677584493222303.0 2.0024956173944692e+16 0.0 -1.483453797716292e+16 4.449033942354497e+16 0.0 -2.7669674793955652e+16 8.298971179375349e+16 0.0 -4.090096390167318e+16 1.2268300341324784e+17 0.0 -4.526375990348593e+16 1.3578062289539352e+17 0.0 -5.011434839527763e+16 2.5057174197660394e+17 0.0 -2166613399494.8032 -3149830412806920.5 0.0 54419353400560.94 -166140766423402.03 0.0 -612251533322127.8 1833783728878109.8 0.0 -1365220247883042.5 4092119964866499.5 0.0 -3150920194524448.5 9447947413607120.0 0.0 -7630111016787882.0 2.288255905646512e+16 0.0 -1.6951131950610716e+16 5.084015967986882e+16 0.0 -3.161847596300453e+16 9.483616952961872e+16 0.0 -4.673930486073623e+16 1.4019808080274427e+17 0.0 -5.17260821742981e+16 1.5516761802232554e+17 0.0 -8.769493495286512e+16 2.63084804859089e+17 0.0
    </DataArray>
    <DataArray type="Float32" Name="Ion drift flux Density [Am^-2]" NumberOfComponents="3" format="ascii">
-2.1367214110812882e+25 6.357677316816766e+27 0.0 9.42234286448534e+26 2.8780983629817465e+27 0.0 1.0697257820429489e+27 3.2745819319071274e+27 0.0 1.1992814258735889e+27 3.6772821093658844e+27 0.0 1.336397393516361e+27 4.100986738269169e+27 0.0 1.4872892453846717e+27 4.563949353814797e+27 0.0 1.6435075406195512e+27 5.038798270263826e+27 0.0 1.7726429073976133e+27 5.423447394425928e+27 0.0 1.812959815081394e+27 5.524816997839664e+27 0.0 1.7159693338934477e+27 5.193664948802853e+27 0.0 3.1198642700930374e+27 9.359592810280028e+27 0.0 8.777973582463105e+26 4.463130157408503e+27 0.0 8.029703706760829e+26 2.4567446160822357e+27 0.0 9.053283283466506e+26 2.7763549128294326e+27 0.0 1.0122577140922017e+27 3.1093305844177e+27 0.0 1.1300783235264746e+27 3.473981059706613e+27 0.0 1.2621466836974352e+27 3.879689659014581e+27 0.0 1.400683184336054e+27 4.301026182831955e+27 0.0 1.5177082250391267e+27 4.649510613550962e+27 0.0 1.5612425747311636e+27 4.7624446700166404e+27 0.0 1.489569162470235e+27 4.511511046630495e+27 0.0 1.7794677030291556e+27 8.8973385151466e+27 0.0 8.26676281002327e+26 4.270459295318664e+27 0.0 7.422808453255778e+26 2.3139909413581543e+27 0.0 8.295881000142792e+26 2.5964777329863756e+27 0.0 9.25696667775592e+26 2.905206341012403e+27 0.0 1.0365900603063908e+27 3.2574184173980886e+27 0.0 1.1651555320452494e+27 3.6600105445115166e+27 0.0 1.304042469333744e+27 4.086678836863492e+27 0.0 1.428289032508824e+27 4.4546998313777473e+27 0.0 1.4906129049712258e+27 4.611328082298946e+27 0.0 1.4496733859054172e+27 4.426700800431889e+27 0.0 1.7690277339647439e+27 8.845138669824369e+27 0.0 7.553306457876397e+26 3.972083018456398e+27 0.0 6.695601842253542e+26 2.1264944972272852e+27 0.0 7.421487722322624e+26 2.36766199002895e+27 0.0 8.263482573088408e+26 2.644454469709111e+27 0.0 9.29194426126949e+26 2.9773551115265466e+27 0.0 1.055472736480937e+27 3.378471185312483e+27 0.0 1.1987536775824254e+27 3.8224091712179987e+27 0.0 1.3334452143339071e+27 4.221346991695001e+27 0.0 1.413221170808309e+27 4.4222059209157027e+27 0.0 1.399507635582008e+27 4.301635923276245e+27 0.0 1.751143495183669e+27 8.755717475919035e+27 0.0 6.695380624296585e+26 3.5904441765837966e+27 0.0 5.885673890671726e+26 1.9054661842323536e+27 0.0 6.484252172777543e+26 2.1076293777748222e+27 0.0 7.224167166647462e+26 2.3542844217718772e+27 0.0 8.183014864030702e+26 2.6684499162785256e+27 0.0 9.41869874215643e+26 3.0651116232764337e+27 0.0 1.0878897475085589e+27 3.5211405408350796e+27 0.0 1.2318316562596295e+27 3.9491487569913933e+27 0.0 1.328857155086137e+27 4.197486320169199e+27 0.0 1.342866890820757e+27 4.148721626856281e+27 0.0 1.7261647210780965e+27 8.630823605391184e+27 0.0 5.751058133748797e+26 3.151563881604874e+27 0.0 5.0285283474061725e+26 1.6612591171766727e+27 0.0 5.520920414327398e+26 1.82860883437136e+27 0.0 6.173738468366228e+26 2.04765570922476e+27 0.0 7.072384327635448e+26 2.344325301991943e+27 0.0 8.283720403189208e+26 2.736328772965207e+27 0.0 9.768318311407938e+26 3.203401513684052e+27 0.0 1.1292571313972102e+27 3.659331959002481e+27 0.0 1.242147383389027e+27 3.953807292981459e+27 0.0 1.282847726617018e+27 3.9785232756092644e+27 0.0 1.6950204270804947e+27 8.475102135402932e+27 0.0 4.781724900201268e+26 2.6839826081966216e+27 0.0 4.1701978169814635e+26 1.4077391282454126e+27 0.0 4.57498365934723e+26 1.5448489035744428e+27 0.0 5.15261654162322e+26 1.738904629482014e+27 0.0 5.9964824427653015e+26 2.018903431120625e+27 0.0 7.181903435019027e+26 2.4052727970528497e+27 0.0 8.68315251318445e+26 2.881139988139755e+27 0.0 1.0280779574809004e+27 3.362583112475554e+27 0.0 1.1557447927971142e+27 3.7023344287902604e+27 0.0 1.2251953263578512e+27 3.811249406051101e+27 0.0 1.6589985012032783e+27 8.294992506016773e+27 0.0 3.844382939715557e+26 2.215673981322862e+27 0.0 3.3548233028034444e+26 1.1589395334646087e+27 0.0 3.692908738042016e+26 1.2721697590853372e+27 0.0 4.2006802719455735e+26 1.4423332539165156e+27 0.0 4.9903639577241816e+26 1.7054158256539229e+27 0.0 6.143288741763574e+26 2.0837921073956936e+27 0.0 7.647210949827568e+26 2.564096673842218e+27 0.0 9.300519985789749e+26 3.066193133760671e+27 0.0 1.0708549385640145e+27 3.447927302215621e+27 0.0 1.1667496561037002e+27 3.6377686312806477e+27 0.0 1.6200383449113714e+27 8.100191724557468e+27 0.0 2.9856803917208243e+26 1.7713996517046653e+27 0.0 2.6153074126256915e+26 9.261348196712253e+26 0.0 2.902904530594861e+26 1.020988277145806e+27 0.0 3.354020395177889e+26 1.1715309666790898e+27 0.0 4.083229555780359e+26 1.4152706964889714e+27 0.0 5.192512687089041e+26 1.781725657236691e+27 0.0 6.682785428846616e+26 2.2609646058908576e+27 0.0 8.375291012191422e+26 2.7784328799536335e+27 0.0 9.908052800275282e+26 3.200693021137919e+27 0.0 1.1123523891259992e+27 3.471428318408454e+27 0.0 1.5795669391281084e+27 7.89783469564106e+27 0.0 2.2362768539525e+26 1.3700964048094064e+27 0.0 1.972551259926653e+26 7.175086170859202e+26 0.0 2.2187485616607186e+26 7.972206457485475e+26 0.0 2.622419718210192e+26 9.313891386877035e+26 0.0 3.2935399768593415e+26 1.1564714425866286e+27 0.0 4.343592434040088e+26 1.505376685653519e+27 0.0 5.803657873829539e+26 1.977629241815552e+27 0.0 7.527560700110776e+26 2.507505407348309e+27 0.0 9.20390337545007e+26 2.9763936831055344e+27 0.0 1.0679669285434165e+27 3.3314807900072624e+27 0.0 1.538589362358459e+27 7.692946811793005e+27 0.0 1.608171985017654e+26 1.0230545499762637e+27 0.0 1.4376841320713171e+26 5.387434679985265e+26 0.0 1.6538029272765342e+26 6.071348757592173e+26 0.0 2.009831720184869e+26 7.248227866671492e+26 0.0 2.6156638354032356e+26 9.286256233270252e+26 0.0 3.596879195277516e+26 1.2563697234268662e+27 0.0 5.014282666181071e+26 1.7170427499857555e+27 0.0 6.78082431672853e+26 2.262826562776625e+27 0.0 8.661215834574923e+26 2.798712008896497e+27 0.0 1.0343940654669041e+27 3.223316263103307e+27 0.0 1.4981739948118722e+27 7.490869974060329e+27 0.0 1.0921222193199982e+26 7.332519057458413e+26 0.0 1.0145241384787647e+26 3.934199534166068e+26 0.0 1.206664761111924e+26 4.519108056631972e+26 0.0 1.513243713951068e+26 5.523638105230807e+26 0.0 2.04828717790555e+26 7.328720777938706e+26 0.0 2.9526747431031067e+26 1.0365051926533202e+27 0.0 4.340313075165456e+26 1.4903289694828026e+27 0.0 6.204791291887247e+26 2.071498278598553e+27 0.0 8.308271046146043e+26 2.682122683700339e+27 0.0 1.0086355514682238e+27 3.141006897678557e+27 0.0 1.4596563446573755e+27 7.298281723287922e+27 0.0 6.604118450755008e+25 4.9425502663825995e+26 0.0 6.77319306875007e+25 2.7183809663689203e+26 0.0 8.633863892368261e+25 3.2746621050165304e+26 0.0 1.1393952678567742e+26 4.1829752421830806e+26 0.0 1.6015090278322084e+26 5.749024841811172e+26 0.0 2.4469901296516443e+26 8.608347781490951e+26 0.0 3.8161946469765665e+26 1.3129369986516328e+27 0.0 5.785524529513585e+26 1.9338658546814485e+27 0.0 8.034428852654241e+26 2.5944285081825325e+27 0.0 9.866840906991021e+26 3.0738822350817684e+27 0.0 1.4245907306686203e+27 7.122953653343997e+27 0.0 4.031701804977099e+25 2.989545274116853e+26 0.0 3.7748377860560584e+25 1.4920253459199897e+26 0.0 4.916796188473615e+25 1.8449611832821115e+26 0.0 7.155098507528108e+25 2.60769682418637e+26 0.0 1.1531232112545997e+26 4.123609405273974e+26 0.0 2.1031993043737897e+26 7.40175851991294e+26 0.0 3.380891713231678e+26 1.1669317401008518e+27 0.0 5.423678576331687e+26 1.8201795414714916e+27 0.0 7.810432516034237e+26 2.5247554615228904e+27 0.0 9.679785576831908e+26 3.021247956776291e+27 0.0 1.3942048359002066e+27 6.971024179501802e+27 0.0 3.1524209342601613e+25 2.0316385035658136e+26 0.0 2.4399430001542133e+25 9.063973998241126e+25 0.0 3.0822408387998157e+25 1.1173943165701708e+26 0.0 4.3920568797197635e+25 1.5653228157113274e+26 0.0 6.958748217196434e+25 2.450641745625439e+26 0.0 1.2380545114537215e+26 4.316753396283693e+26 0.0 2.4305434710798644e+26 8.360798798541649e+26 0.0 4.7555500087219205e+26 1.6031236638161408e+27 0.0 8.287416728870139e+26 2.710959763141894e+27 0.0 9.513016185387934e+26 2.987242689504244e+27 0.0 1.3696813085522756e+27 6.848406542762377e+27 0.0 2.7002676902742255e+25 1.5652614835413942e+26 0.0 1.832463880489837e+25 6.394160525409453e+25 0.0 2.2059463760008057e+25 7.676595632729513e+25 0.0 3.1165366150414946e+25 1.078089740421087e+26 0.0 5.03301767579389e+25 1.7297270082826785e+26 0.0 9.229424370022762e+25 3.149342799639947e+26 0.0 1.849662961611661e+26 6.253786649573942e+26 0.0 3.617158534203603e+26 1.2074051573683018e+27 0.0 6.22874503143013e+26 2.037350471007336e+27 0.0 9.041124586896615e+26 2.839147582368238e+27 0.0 1.354259766333431e+27 6.771298831668502e+27 0.0 2.437869642236945e+25 1.327478334766619e+26 0.0 1.571209633541728e+25 5.231860926021376e+25 0.0 1.8444722776706086e+25 6.1912909901637366e+25 0.0 2.6047006386833337e+25 8.751222474908567e+25 0.0 4.257371125206035e+25 1.4263992201019992e+26 0.0 8.114158895176407e+25 2.7037485284235185e+26 0.0 1.683789660713432e+26 5.563507060040331e+26 0.0 3.392453249886647e+26 1.1070360579403805e+27 0.0 6.016978117371557e+26 1.9268235724601466e+27 0.0 8.911931346338165e+26 2.77206723038092e+27 0.0 1.3383139619845513e+27 6.691569809923895e+27 0.0 2.249839394277495e+25 1.188530929133958e+26 0.0 1.4290920092804783e+25 4.6169954425177785e+25 0.0 1.6841404316281759e+25 5.499647533104266e+25 0.0 2.419519178123935e+25 7.931743570644952e+25 0.0 3.986312576434408e+25 1.3059201013646756e+26 0.0 7.693915947736212e+25 2.5100310122741086e+26 0.0 1.6280406568200196e+26 5.271512902406768e+26 0.0 3.333647630529174e+26 1.0673639574204913e+27 0.0 5.973609925645518e+26 1.8825963457019266e+27 0.0 8.850919327519615e+26 2.729466935369069e+27 0.0 1.3212234429121164e+27 6.606117214561527e+27 0.0 2.1005729404315413e+25 1.0941294171323808e+26 0.0 1.3273750208150788e+25 4.209092706968255e+25 0.0 1.5830701423542083e+25 5.0686647275848226e+25 0.0 2.306525697759492e+25 7.4175855510689995e+25 0.0 3.841923417586968e+25 1.2358338795782852e+26 0.0 7.4905010015002565e+25 2.4017806968717034e+26 0.0 1.5993176839894475e+26 5.095696972143045e+26 0.0 3.297828330090512e+26 1.0408476129090432e+27 0.0 5.931873003153364e+26 1.8483904300519329e+27 0.0 8.780114583655163e+26 2.6905167364792955e+27 0.0 1.3039735564890356e+27 6.519867782446072e+27 0.0 1.9785811835321077e+25 1.0231879490482644e+26 0.0 1.2458259097170666e+25 3.9043814309569405e+25 0.0 1.5022352437617676e+25 4.743429977984203e+25 0.0 2.216856096434856e+25 7.026509005259146e+25 0.0 3.728533105515447e+25 1.1823298975224009e+26 0.0 7.332936077570417e+25 2.3194683032023257e+26 0.0 1.5759807392544562e+26 4.959043330806146e+26 0.0 3.26332294623235e+26 1.0189253622365377e+27 0.0 5.881567390604699e+26 1.8177042682111674e+27 0.0 8.699644669260506e+26 2.6535658398804503e+27 0.0 1.2872660008683157e+27 6.436330004342166e+27 0.0 1.875816026273923e+25 9.660371698558621e+25 0.0 1.177552768602509e+25 3.6619828382995512e+25 0.0 1.4338665955240137e+25 4.482993164657655e+25 0.0 2.1405852404349784e+25 6.711519073343385e+25 0.0 3.631198864773107e+25 1.1388714371422224e+26 0.0 7.191097056892531e+25 2.2507349490585236e+26 0.0 1.5533882514209432e+26 4.841268653276561e+26 0.0 3.227343921328755e+26 9.995269212010158e+26 0.0 5.825803435347717e+26 1.789505021646844e+27 0.0 8.615277057248212e+26 2.6188540977910356e+27 0.0 1.271485482864904e+27 6.35742741432593e+27 0.0 1.7880738850303134e+25 9.182151754067527e+25 0.0 1.119374817191135e+25 3.4622318460266905e+25 0.0 1.3749089754703359e+25 4.26785655219649e+25 0.0 2.0736474400845194e+25 6.448954040569764e+25 0.0 3.5437597228430626e+25 1.102144846732902e+26 0.0 7.05818182356369e+25 2.191262206163932e+26 0.0 1.5310798110823779e+26 4.736699323471669e+26 0.0 3.190161950989244e+26 9.819108263322397e+26 0.0 5.7676945767099146e+26 1.7635060860497615e+27 0.0 8.531091771149314e+26 2.586594778204501e+27 0.0 1.2568168083304116e+27 6.284084041653759e+27 0.0 1.7123074398362995e+25 8.773030871066044e+25 0.0 1.0693584623988812e+25 3.2941747934234574e+25 0.0 1.3237010153816886e+25 4.0868519528627245e+25 0.0 2.0142677896467823e+25 6.225779958678272e+25 0.0 3.46441700286945e+25 1.0705545050586988e+26 0.0 6.933289877311812e+25 2.1390666630038837e+26 0.0 1.5093249440183087e+26 4.642967024973189e+26 0.0 3.1529018515506536e+26 9.658412627876805e+26 0.0 5.709585657208569e+26 1.739599367598326e+27 0.0 8.449577415702396e+26 2.556854535784034e+27 0.0 1.2433271145132566e+27 6.216635572567633e+27 0.0 1.6464376801471315e+25 8.418618032749528e+25 0.0 1.026142965696952e+25 3.150963478085165e+25 0.0 1.27909383209878e+25 3.932767539432932e+25 0.0 1.96154280853766e+25 6.034104421893697e+25 0.0 3.3924749187147114e+25 1.0431265047139486e+26 0.0 6.816805309465625e+25 2.0929732561299136e+26 0.0 1.4884767105852135e+26 4.558754161578616e+26 0.0 3.1165875607367436e+26 9.5121344193018e+26 0.0 5.653130647505296e+26 1.717717806547052e+27 0.0 8.37223584391075e+26 2.52961478804727e+27 0.0 1.2310145558582018e+27 6.155072779292408e+27 0.0 1.5890506413952063e+25 8.109580820999982e+25 0.0 9.886885700043796e+24 3.0279114940791012e+25 0.0 1.2401778760124865e+25 3.8005436940854388e+25 0.0 1.9147697444463786e+25 5.868332019746376e+25 0.0 3.3274723391897367e+25 1.0191752196953163e+26 0.0 6.709145486165791e+25 2.052150600742681e+26 0.0 1.4688127819608798e+26 4.4831243943802156e+26 0.0 3.0819467676669864e+26 9.37944961057102e+26 0.0 5.5994158348652685e+26 1.697786008738429e+27 0.0 8.299915946758678e+26 2.5047993721193537e+27 0.0 1.2198374349517886e+27 6.099187174759303e+27 0.0 -2.4156860586311264e+23 5.495270941210697e+25 0.0 -1.7732619528439295e+23 2.60281409205956e+25 0.0 -2.2625609911794088e+23 3.2843460536543326e+25 0.0 -3.475937311860317e+23 5.099811002164575e+25 0.0 -5.830288387914962e+23 8.89216283158553e+25 0.0 -1.0935524657143675e+24 1.7955996435015362e+26 0.0 -2.1257253644350056e+24 3.9317912685074725e+26 0.0 -3.707272978794542e+24 8.243158066130201e+26 0.0 -4.9938239194019e+24 1.494738583694398e+27 0.0 -4.128620334718498e+24 2.2078578303675123e+27 0.0 0.0 8.468123706888709e+27 0.0 -1.5499969296756866e+25 7.6217536036459445e+25 0.0 -9.622680593082102e+24 2.8407152597977766e+25 0.0 -1.2200512056792841e+25 3.6019962624858307e+25 0.0 -1.9031327587133943e+25 5.620740607939245e+25 0.0 -3.3273792033764847e+25 9.83430440148546e+25 0.0 -6.7278573141542895e+25 1.9907329409262005e+26 0.0 -1.4738599013803588e+26 4.367956841389977e+26 0.0 -3.089574532041105e+26 9.17514271876767e+26 0.0 -5.5971866283633275e+26 1.6665282909992138e+27 0.0 -8.250066270307195e+26 2.4645639355763434e+27 0.0 -1.2006232587722477e+27 6.003116293862523e+27 0.0 -1.505010408417485e+25 7.411652312030615e+25 0.0 -9.332953462256229e+24 2.7597477536934847e+25 0.0 -1.1880502129133043e+25 3.51393720228209e+25 0.0 -1.8612426124404692e+25 5.507661286237459e+25 0.0 -3.2642223462787776e+25 9.666486676724668e+25 0.0 -6.615621081235026e+25 1.9611917011233828e+26 0.0 -1.4523854098389625e+26 4.311617287623927e+26 0.0 -3.0513800672503186e+26 9.074631789049413e+26 0.0 -5.540274848825227e+26 1.6513376483667787e+27 0.0 -8.182513984238895e+26 2.4458449957610977e+27 0.0 -1.1924322852471481e+27 5.962161426236987e+27 0.0 -1.4653977946003314e+25 7.226752933137909e+25 0.0 -9.08372208624433e+24 2.690027420376891e+25 0.0 -1.1602700757142179e+25 3.437200052686016e+25 0.0 -1.824814674747471e+25 5.4087018604594805e+25 0.0 -3.209161214052713e+25 9.518902248528517e+25 0.0 -6.517349642570274e+25 1.9350507725447693e+26 0.0 -1.4334923460868103e+26 4.261467962646655e+26 0.0 -3.017636424642004e+26 8.98478049359122e+26 0.0 -5.489811513821694e+26 1.637724670197718e+27 0.0 -8.122336438981728e+26 2.429047584882149e+27 0.0 -1.1850801148777263e+27 5.925400574390693e+27 0.0 -1.4304950259475558e+25 7.063911062584574e+25 0.0 -8.865769335596447e+24 2.6289794205410836e+25 0.0 -1.1360653813107163e+25 3.370150988471044e+25 0.0 -1.793015053310318e+25 5.321897714655662e+25 0.0 -3.160980617059266e+25 9.388882587996732e+25 0.0 -6.4310919708324985e+25 1.911915154558752e+26 0.0 -1.4168325052568347e+26 4.216836988887514e+26 0.0 -2.9877772667055626e+26 8.904529492742178e+26 0.0 -5.445021088142733e+26 1.6255406385585744e+27 0.0 -8.068720209665248e+26 2.4139956854754078e+27 0.0 -1.1784906131093551e+27 5.892453065547169e+27 0.0 -1.3997279770369736e+25 6.920414172992874e+25 0.0 -8.674776624498781e+24 2.575434118622e+25 0.0 -1.114913422638676e+25 3.311437836035226e+25 0.0 -1.7651699091785642e+25 5.245611181403659e+25 0.0 -3.1186949972277672e+25 9.274174485591267e+25 0.0 -6.355169572562368e+25 1.891419705465375e+26 0.0 -1.4021147290803386e+26 4.1771236195383384e+26 0.0 -2.9613213431135914e+26 8.832905691627264e+26 0.0 -5.40523454390562e+26 1.614646844180028e+27 0.0 -8.020946344573313e+26 2.4005239320769135e+27 0.0 -1.1725919939001226e+27 5.862959969503037e+27 0.0 -1.3725970417675715e+25 6.793910123372211e+25 0.0 -8.507137483448684e+24 2.528405749758384e+25 0.0 -1.0963852321325342e+25 3.259932020702542e+25 0.0 -1.7407274970346846e+25 5.1784661363766335e+25 0.0 -3.081495093307754e+25 9.172862472329807e+25 0.0 -6.28818747699748e+25 1.8732472493596972e+26 0.0 -1.389093631169897e+26 4.14179238604305e+26 0.0 -2.9378573955057393e+26 8.769023303807171e+26 0.0 -5.369872656685577e+26 1.6049155305751462e+27 0.0 -7.978379581626712e+26 2.3884791652513317e+27 0.0 -1.1673176472512425e+27 5.836588236259306e+27 0.0 -1.3486664794917136e+25 6.68235506560857e+25 0.0 -8.359811524805314e+24 2.4870582159784207e+25 0.0 -1.0801249934275555e+25 3.2146852770143835e+25 0.0 -1.719231016530066e+25 5.119299013290215e+25 0.0 -3.048709392260126e+25 9.083310176112924e+25 0.0 -6.229003676161704e+25 1.8571300054674994e+26 0.0 -1.377561045307109e+26 4.110367616592716e+26 0.0 -2.9170323798076936e+26 8.712082249353665e+26 0.0 -5.338432644484289e+26 1.5962302316746594e+27 0.0 -7.940459003277678e+26 2.3777211158754293e+27 0.0 -1.1626064824072814e+27 5.813032412039355e+27 0.0 -1.3275561645956743e+25 6.583972081496715e+25 0.0 -8.230218791644421e+24 2.4506791565562705e+25 0.0 -1.0658350276948997e+25 3.174896524800844e+25 0.0 -1.7002987676766034e+25 5.06712105644552e+25 0.0 -3.019775685304436e+25 9.004114408242119e+25 0.0 -6.176654576815015e+25 1.8428348505059617e+26 0.0 -1.3673394151212292e+26 4.0824281019782006e+26 0.0 -2.898542077981548e+26 8.66136443692744e+26 0.0 -5.310477046591654e+26 1.5884855981410216e+27 0.0 -7.906689434638852e+26 2.3681223653309546e+27 0.0 -1.1584029596580221e+27 5.792014798292882e+27 0.0 -1.308934701331074e+25 6.497216574354276e+25 0.0 -8.116159765352008e+24 2.418659614055939e+25 0.0 -1.0532645663925626e+25 3.1398860060893617e+25 0.0 -1.683609346124363e+25 5.0210886219965524e+25 0.0 -2.994219690366479e+25 8.93406835341685e+25 0.0 -6.130321849060573e+25 1.8301587270428125e+26 0.0 -1.358276579443578e+26 4.0576018486416585e+26 0.0 -2.882123507006977e+26 8.616228655711775e+26 0.0 -5.285624521307827e+26 1.5815869335821153e+27 0.0 -7.876633934298152e+26 2.359567943978226e+27 0.0 -1.1546569262816708e+27 5.773284631410184e+27 0.0 -1.2925134524199075e+25 6.420746534401023e+25 0.0 -8.015752803986175e+24 2.3904777176335716e+25 0.0 -1.0422011740152683e+25 3.1090747882360876e+25 0.0 -1.6688903999965018e+25 4.98047947266931e+25 0.0 -2.971638751195733e+25 8.872131626737701e+25 0.0 -6.089306751664233e+25 1.818924709725321e+26 0.0 -1.3502416231727253e+26 4.0355610538609775e+26 0.0 -2.8675487235414614e+26 8.576104710029586e+26 0.0 -5.263542157080329e+26 1.5754495503469198e+27 0.0 -7.849907135414988e+26 2.3519546759102974e+27 0.0 -1.1513233376915614e+27 5.756616688459534e+27 0.0 -1.2780412830825267e+25 6.353396721269553e+25 0.0 -7.927384127344523e+24 2.365685400040996e+25 0.0 -1.0324640797686922e+25 3.081968341446646e+25 0.0 -1.6559099555699924e+25 4.944673656927803e+25 0.0 -2.9516892360792825e+25 8.8174056841179e+25 0.0 -6.053009999740058e+25 1.8089786234574107e+26 0.0 -1.3431215456171776e+26 4.016017402826227e+26 0.0 -2.8546197315930394e+26 8.540487284666173e+26 0.0 -5.24393900011418e+26 1.5699980288031848e+27 0.0 -7.826169358212065e+26 2.3451903850213572e+27 0.0 -1.1483619186672091e+27 5.741809593339861e+27 0.0 -1.2652999247671077e+25 6.294156204188977e+25 0.0 -7.84966715977672e+24 2.343897462793181e+25 0.0 -1.023898917588034e+25 3.0581432673121738e+25 0.0 -1.6444696310279266e+25 4.913137963503013e+25 0.0 -2.9340766734548496e+25 8.769113501247752e+25 0.0 -6.020915807659188e+25 1.800186137167427e+26 0.0 -1.3368185648221745e+26 3.998717758217101e+26 0.0 -2.843164277547144e+26 8.508929899818268e+26 0.0 -5.2265605963208444e+26 1.5651654472965488e+27 0.0 -7.805121434372829e+26 2.3391930464952087e+27 0.0 -1.145736801077647e+27 5.728684005392047e+27 0.0 -1.2540999000706342e+25 6.242148865769079e+25 0.0 -7.781409166065439e+24 2.324782527735373e+25 0.0 -1.0163735294522039e+25 3.0372365069866413e+25 0.0 -1.6343992625484997e+25 4.8854132052714e+25 0.0 -2.918547941760099e+25 8.726582706662325e+25 0.0 -5.9925791191157975e+25 1.79243027096125e+26 0.0 -1.3312479216157649e+26 3.983440275570152e+26 0.0 -2.8330323637050456e+26 8.481039181138812e+26 0.0 -5.2111843824904996e+26 1.560892626680909e+27 0.0 -7.786500179566184e+26 2.3338899390256803e+27 0.0 -1.1434161616733074e+27 5.717080808370933e+27 0.0 -1.2442769615409426e+25 6.1966165460628335e+25 0.0 -7.721585605996702e+24 2.3080560953166792e+25 0.0 -1.0097745856154425e+25 3.018936521695674e+25 0.0 -1.6255526061915955e+25 4.861103773575563e+25 0.0 -2.9048850271102292e+25 8.689231551235641e+25 0.0 -5.967615306115045e+25 1.7856092647985037e+26 0.0 -1.3263360809205019e+26 3.969990951965938e+26 0.0 -2.824093347880178e+26 8.456469575778243e+26 0.0 -5.19761578983583e+26 1.557127416236412e+27 0.0 -7.770074449052939e+26 2.3292168325076165e+27 0.0 -1.1413718747097774e+27 5.70685937355071e+27 0.0 -1.235688999316008e+25 6.156904537737398e+25 0.0 -7.669344621873583e+24 2.2934824639852765e+25 0.0 -1.0040048426868283e+25 3.0029760581139002e+25 0.0 -1.6178038707879015e+25 4.839869028223994e+25 0.0 -2.8928999914960324e+25 8.656557216355277e+25 0.0 -5.945691799307527e+25 1.779634761388135e+26 0.0 -1.3220192508576751e+26 3.958200592613561e+26 0.0 -2.8162335229892888e+26 8.434918574871475e+26 0.0 -5.185684946290288e+26 1.5538240359137062e+27 0.0 -7.755641713273241e+26 2.3251172316045487e+27 0.0 -1.1395791880573279e+27 5.697895940290387e+27 0.0 -1.2282133695062736e+25 6.122449150169419e+25 0.0 -7.623889724639563e+24 2.2808401364013993e+25 0.0 -9.989841844625642e+24 2.9891360013848897e+25 0.0 -1.6110449019922316e+25 4.821416183588964e+25 0.0 -2.882430887681134e+25 8.628126061992716e+25 0.0 -5.926521245365646e+25 1.774430261304625e+26 0.0 -1.3182421580121438e+26 3.947922167849299e+26 0.0 -2.8093540922222773e+26 8.41612245925105e+26 0.0 -5.1752438840475516e+26 1.5509424820811141e+27 0.0 -7.74302509503276e+26 2.3215416860808974e+27 0.0 -1.1380164274729489e+27 5.690082137366913e+27 0.0 -1.2217446076414184e+25 6.092767140111247e+25 0.0 -7.584571729922757e+24 2.269949696357919e+25 0.0 -9.946438764197268e+24 2.977228772058509e+25 0.0 -1.6051828828244183e+25 4.80549442618518e+25 0.0 -2.873338423608901e+25 8.603565494871024e+25 0.0 -5.909855888019615e+25 1.7699298145887497e+26 0.0 -1.3149570323344048e+26 3.9390285316896006e+26 0.0 -2.803369473686391e+26 8.399852561963741e+26 0.0 -5.1661641753009794e+26 1.5484479988500027e+27 0.0 -7.73207081522035e+26 2.3184471723757808e+27 0.0 -1.1366647309889567e+27 5.683323654949427e+27 0.0 -1.2161924767121494e+25 6.067446745227157e+25 0.0 -7.550836779396885e+24 2.260658606721548e+25 0.0 -9.909157772454166e+24 2.9670665106449593e+25 0.0 -1.6001384452684708e+25 4.791890050498021e+25 0.0 -2.865503226256683e+25 8.582557194810601e+25 0.0 -5.895482937792588e+25 1.7660769167625322e+26 0.0 -1.3121227640375164e+26 3.931410466808149e+26 0.0 -2.7982058801854548e+26 8.385912020248477e+26 0.0 -5.15833493117173e+26 1.5463106134876586e+27 0.0 -7.722645999984888e+26 2.3157965469287016e+27 0.0 -1.1355078137821919e+27 5.677539068917002e+27 0.0 -1.2114803170825191e+25 6.046140154459187e+25 0.0 -7.522215423988974e+24 2.2528382333068023e+25 0.0 -9.877484063648032e+24 2.958509544727595e+25 0.0 -1.5958441173084026e+25 4.780422429709804e+25 0.0 -2.858823593582463e+25 8.564831484174122e+25 0.0 -5.883220752034199e+25 1.762823581961415e+26 0.0 -1.3097042032790364e+26 3.9249750227046516e+26 0.0 -2.793800128236746e+26 8.374132975726091e+26 0.0 -5.151661109919139e+26 1.5445047326555206e+27 0.0 -7.714636809419614e+26 2.313558069732127e+27 0.0 -1.134531762846505e+27 5.672658814235759e+27 0.0 -1.207543660609434e+25 6.028557229988626e+25 0.0 -7.498313578786227e+24 2.2463813882046228e+25 0.0 -9.850985259751533e+24 2.9514415058678124e+25 0.0 -1.5922430576981863e+25 4.770940719263961e+25 0.0 -2.8532136532843306e+25 8.550162684342399e+25 0.0 -5.872915689454412e+25 1.7601295711582012e+26 0.0 -1.3076715798449782e+26 3.919644117236131e+26 0.0 -2.790098645597441e+26 8.364374198350637e+26 0.0 -5.1460621337003976e+26 1.5430088077926318e+27 0.0 -7.707946857497179e+26 2.3117049961281016e+27 0.0 -1.1337248602583028e+27 5.668624301293054e+27 0.0 -1.2043290811756008e+25 6.014460348161696e+25 0.0 -7.478993500986206e+24 2.241256743278795e+25 0.0 -9.8293031812298e+24 2.9457671277801597e+25 0.0 -1.5892880218179034e+25 4.7633211719043e+25 0.0 -2.848601858221472e+25 8.538365320760949e+25 0.0 -5.8644395316635075e+25 1.7579617570236988e+26 0.0 -1.3060000252280994e+26 3.915353376530987e+26 0.0 -2.7870566522792328e+26 8.356519108293219e+26 0.0 -5.14147067907956e+26 1.5418050361754723e+27 0.0 -7.70249587961712e+26 2.3102152293966726e+27 0.0 -1.133077433783276e+27 5.665387168918447e+27 0.0 -1.2017932359786233e+25 6.003660139049947e+25 0.0 -7.463907568719369e+24 2.2373693552448933e+25 0.0 -9.812147220469977e+24 2.9414105032367424e+25 0.0 -1.5869405238335537e+25 4.7574649879748326e+25 0.0 -2.8449297654284747e+25 8.52929106685612e+25 0.0 -5.857687384699743e+25 1.75629360912403e+26 0.0 -1.3046691821361932e+26 3.912051188190629e+26 0.0 -2.7846374896155546e+26 8.35047415471486e+26 0.0 -5.1378317130088044e+26 1.5408791242471283e+27 0.0 -7.698218635219368e+26 2.3090710344744332e+27 0.0 -1.1325817332252838e+27 5.662908666129307e+27 0.0 -1.1999021133090864e+25 5.996012212389877e+25 0.0 -7.45265669212659e+24 2.2346082856851764e+25 0.0 -9.799288945552537e+24 2.9383136993417985e+25 0.0 -1.5851701637145905e+25 4.753296620702782e+25 0.0 -2.8421510581855037e+25 8.522826335341622e+25 0.0 -5.852575996132888e+25 1.755104786776391e+26 0.0 -1.3036628904962252e+26 3.909697948958241e+26 0.0 -2.7828120767043277e+26 8.34616751413871e+26 0.0 -5.135101712399659e+26 1.5402200974106265e+27 0.0 -7.695064022614714e+26 2.3082588083614113e+27 0.0 -1.132231831223191e+27 5.661159156117704e+27 0.0 -1.198630455322201e+25 5.991414722189062e+25 0.0 -7.445091292514902e+24 2.232936965437403e+25 0.0 -9.790557995534754e+24 2.9364357110407687e+25 0.0 -1.5839541074285766e+25 4.750762495610713e+25 0.0 -2.8402307854926027e+25 8.518890455388149e+25 0.0 -5.849042440633742e+25 1.7543808299563362e+26 0.0 -1.3029689414639795e+26 3.908265491508655e+26 0.0 -2.7815584835345273e+26 8.3435480949894e+26 0.0 -5.1332480497957165e+26 1.5398201537404252e+27 0.0 -7.692994388163542e+26 2.3077689039556194e+27 0.0 -1.1320235473422033e+27 5.660117736714462e+27 0.0 -4.3298524527318574e+21 8.385729238224451e+25 0.0 -8.506228754927885e+24 2.551280109896694e+25 0.0 -1.1186420990181915e+25 3.3551969481143954e+25 0.0 -1.8098506449737773e+25 5.428455588760675e+25 0.0 -3.245378425516256e+25 9.734339037911621e+25 0.0 -6.683516676073094e+25 2.0047241376460583e+26 0.0 -1.4888899285138481e+26 4.4660304432137535e+26 0.0 -3.1785289430584945e+26 9.53446294256043e+26 0.0 -5.865976148505542e+26 1.7596390536388824e+27 0.0 -8.791300808653017e+26 2.6372612215643567e+27 0.0 -1.9809201904533398e+27 5.942760571367907e+27 0.0
    </DataArray>
    <DataArray type="Float32" Name="Ion soret flux Density [Am^-2]" NumberOfComponents="3" format="ascii">
281174.6175863979 -17378395.01993007 0.0 -2025362.5399185705 -6985662.191675038 0.0 -1662524.9398844338 -6250647.888940393 0.0 -1221045.187127658 -5271663.659017149 0.0 -703139.7429186271 -4063042.651722978 0.0 -94309.02088520923 -2596704.4112794288 0.0 635186.4403672492 -781275.2428373586 0.0 1495403.0151992158 1451772.359383248 0.0 2419270.368534278 3993653.988141593 0.0 3232384.449631705 6433491.0195817165 0.0 5904582.719367007 14422517.444188887 0.0 -2190767.6184785687 -12047288.867099328 0.0 -1666678.7653585777 -5874997.460824608 0.0 -1330730.9930992757 -5199043.1745372815 0.0 -936792.0144870296 -4343336.314435032 0.0 -482898.32359484176 -3314098.1628371724 0.0 50342.8011499402 -2066085.5870716495 0.0 690693.6809273232 -513170.7647342857 0.0 1446190.9641388985 1406262.6014733026 0.0 2257753.8695002524 3602029.7864705096 0.0 2975453.743654613 5731525.469855396 0.0 4025335.2184747793 13647106.659562333 0.0 -1834629.016942703 -11230370.464958059 0.0 -1240326.538726959 -5336135.185868662 0.0 -812033.1065592481 -4646698.1437779805 0.0 -340153.49156531674 -3825113.663338003 0.0 189051.0168707683 -2856966.3321790136 0.0 803725.8060026871 -1681944.7343030414 0.0 1532267.4969600963 -207968.71498139476 0.0 2373345.781481027 1628467.6731493436 0.0 3248768.8816867755 3749784.1286492213 0.0 3985774.0180627108 5841274.124285835 0.0 5236655.037899493 13617845.865412666 0.0 -1448680.0367116854 -10033143.005548254 0.0 -836731.3958236022 -4663350.601026216 0.0 -358616.24642878457 -3996194.1455991017 0.0 151945.21885907013 -3239917.7079207436 0.0 719668.1398071939 -2368775.397738232 0.0 1383507.3273476842 -1311636.175664936 0.0 2176325.012720598 37063.439560423234 0.0 3086781.715264556 1749564.1669586373 0.0 4015069.7794422135 3753899.921740145 0.0 4774728.627507364 5763630.76074786 0.0 6238987.894054743 13273037.2773231 0.0 -1071458.1635220828 -8586625.923868746 0.0 -488078.74381589855 -3918676.8712119767 0.0 -3277.3665730925277 -3311362.7471192074 0.0 507912.03416377073 -2650871.0978948236 0.0 1080945.7490968897 -1901705.3603714567 0.0 1764186.8014044047 -984428.106133204 0.0 2593721.998932727 213204.69942631366 0.0 3550828.6031682775 1769496.2499225757 0.0 4520572.690432306 3623861.7919443706 0.0 5314314.554462792 5527814.570031305 0.0 6991546.971562596 12653432.454011152 0.0 -734505.5322515853 -7034410.206128834 0.0 -214158.2480987829 -3159820.8729266375 0.0 240882.87714255313 -2640371.023092795 0.0 721475.8570957836 -2093987.1384825516 0.0 1272294.5402934677 -1479413.180576462 0.0 1949463.0191178543 -712404.4068869392 0.0 2791791.6307999655 322144.3007131986 0.0 3774581.73166382 1706298.2980463444 0.0 4771778.048278697 3390833.432373234 0.0 5605439.004236964 5170591.452715011 0.0 7477603.664722033 11815918.008893823 0.0 -458694.6428192054 -5512917.161209054 0.0 -22457.876162911612 -2443140.5764455036 0.0 377340.8588464651 -2024961.3763920355 0.0 805584.114552841 -1597273.9759836143 0.0 1313970.3254808516 -1116832.0483861554 0.0 1964264.6828368949 -498278.1434215529 0.0 2797447.23028994 372755.3254852923 0.0 3785012.19896281 1579935.5050197772 0.0 4796197.789475742 3086554.6049160077 0.0 5687709.894101889 4744871.796112522 0.0 7702821.064860927 10824971.911341634 0.0 -252473.25307790158 -4131237.2819614126 0.0 92245.76387616803 -1811494.2635581766 0.0 424020.1518934067 -1496326.8424134331 0.0 787806.892027307 -1178164.937492563 0.0 1240759.8364140254 -820174.5866042183 0.0 1847791.1606785047 -338326.4389655065 0.0 2651163.0727206133 377809.15988847957 0.0 3621371.3947625384 1411331.0248084017 0.0 4630105.215175225 2738761.848554421 0.0 5573084.813751152 4265387.369893648 0.0 7690682.376534407 9746377.984282883 0.0 -113041.65486916283 -2959910.101950272 0.0 144339.6910076985 -1288027.5453021538 0.0 406076.94634325913 -1066205.6021708734 0.0 703613.2686273762 -843636.61625419 0.0 1093760.834365601 -588207.5912765913 0.0 1644918.823071133 -224784.51268155404 0.0 2399987.908379258 351203.00154688983 0.0 3332044.113011174 1221161.9012528213 0.0 4324748.9919503415 2377021.489559037 0.0 5313785.951107583 3772664.6861695913 0.0 7476513.936873239 8639657.067781864 0.0 -29576.846752984547 -2027815.5120421206 0.0 152318.32391636673 -878239.8165635094 0.0 349144.54181700124 -732281.8757349248 0.0 584525.931201686 -587133.1210479507 0.0 911825.6559889597 -414108.7137544112 0.0 1397549.7975463413 -147986.9228108632 0.0 2089054.8992223702 305736.8101803196 0.0 2967649.6222373103 1027570.9682828817 0.0 3942290.7731550504 2030219.8431952198 0.0 4975522.423228161 3306493.966656115 0.0 7102987.067397304 7554839.351080698 0.0 12503.828031807676 -1327739.4581230136 0.0 134462.57774977686 -574994.4677669654 0.0 276651.46820260165 -486757.53040455515 0.0 456405.2169196115 -398051.71699997125 0.0 722081.0346112873 -286709.63730085676 0.0 1138185.9027691286 -98293.9069440852 0.0 1756155.6779321067 251771.82516563384 0.0 2576743.530262733 845408.4358118405 0.0 3550481.793382437 1724707.4501233522 0.0 4599154.898785685 2883029.4050491992 0.0 6615129.0491808215 6530967.527226574 0.0 27627.739631334865 -827951.6648432242 0.0 105954.00798841735 -363487.46815809037 0.0 204874.970136634 -314512.7281333141 0.0 337063.59712155466 -263857.9901346731 0.0 545502.0126469797 -196315.15462061812 0.0 892104.0171378957 -67647.42552951175 0.0 1440053.718723363 198327.05433501652 0.0 2218875.198573162 690994.5802412772 0.0 3192418.90818204 1471409.2241502048 0.0 4202313.17749098 2502519.3166386285 0.0 6056133.445265723 5595403.067453363 0.0 27525.228911033504 -482594.58449093055 0.0 74570.83121717627 -216044.1763804702 0.0 142844.61249931355 -197169.65038636862 0.0 239927.9271684345 -174332.19146490406 0.0 398900.5699741247 -135283.65869755312 0.0 687458.3215051623 -50146.91239060283 0.0 1172997.2322312004 152247.2220646827 0.0 1910115.9255850122 565491.3336490135 0.0 2844623.7519399524 1251222.2780293818 0.0 3791810.9569987184 2160144.201212499 0.0 5464757.842348526 4765145.738540764 0.0 18750.441031215167 -245641.73635788655 0.0 38399.676359248195 -100884.80555645261 0.0 73883.96725931404 -96971.66457439045 0.0 136501.03734893622 -96551.64539424723 0.0 260779.3441687892 -87905.40159471447 0.0 539039.4237856715 -41706.37692622177 0.0 950472.6581263433 115038.52693539104 0.0 1630479.2672968258 460079.86116287735 0.0 2509746.1652573124 1060022.3181018664 0.0 3386201.7861137767 1858824.4353847327 0.0 4873898.563220339 4047709.723076511 0.0 13104.760492111183 -141929.83312720447 0.0 21189.51616066227 -52420.38507421999 0.0 39919.379239355956 -51067.61353043247 0.0 73368.47965930837 -50984.88410163825 0.0 138993.1218312853 -46658.88142959497 0.0 282088.38716144016 -23550.54899235404 0.0 610859.9926448214 67398.98940353452 0.0 1287320.9604747642 346996.9315838545 0.0 2421970.6261571213 987882.5703543981 0.0 3008241.018886087 1602798.3695664664 0.0 4310253.438153749 3441998.8574794587 0.0 9950.402624606246 -95311.1528413023 0.0 13479.992944950909 -32248.497020319028 0.0 24279.967972929164 -30847.790196563314 0.0 44560.809463790785 -31220.41614971919 0.0 86529.41440612022 -29830.81304397364 0.0 181761.61204071564 -16914.650175351086 0.0 404325.5395841572 40796.25666457309 0.0 863245.4246574708 224612.62336548796 0.0 1618871.8187583692 643695.7643616468 0.0 2540472.334868505 1325366.4925112163 0.0 3790887.5798924575 2948997.856939968 0.0 8113.297108185687 -71790.8567398083 0.0 9938.718834992678 -23383.748692652833 0.0 17334.14189739639 -22105.570010815878 0.0 31846.023082455882 -22686.678712144734 0.0 62756.57567448437 -22380.12920516111 0.0 137304.18922860647 -14232.362014776754 0.0 316742.6296666356 29033.59221907511 0.0 697188.1380636406 175728.57237101108 0.0 1348065.7192096715 525963.381322813 0.0 2196440.1990787587 1128179.2786197404 0.0 3321608.6282025413 2534172.215605006 0.0 6847.687860792356 -57710.24741294513 0.0 7891.685510217936 -18485.07719724883 0.0 13650.686348622825 -17596.297764821065 0.0 25446.362561994036 -18519.312923209545 0.0 50565.80319947919 -18701.15865819164 0.0 112177.64628928708 -12823.92734098508 0.0 264284.90869434073 21998.736034582947 0.0 592402.5705129688 145396.41442894706 0.0 1161852.5913771896 447195.86050427926 0.0 1911722.3924046408 973504.0861476213 0.0 2911080.0151972426 2195744.849046326 0.0 5841.961799790904 -47994.21301310035 0.0 6454.318457119858 -15205.264070346511 0.0 11165.024978219102 -14632.070459531915 0.0 21019.807222241427 -15684.101858326598 0.0 42194.21004593842 -16204.496257651548 0.0 94629.60548045943 -11815.986010222865 0.0 225358.3424651494 17050.22336019138 0.0 510136.70010487526 122536.8369872535 0.0 1008816.4635813885 384843.19987964764 0.0 1670062.741908128 846930.1560563499 0.0 2555222.247118917 1917560.4319443644 0.0 4990.42945301723 -40731.23896037511 0.0 5351.4584495053805 -12798.314313467417 0.0 9274.430024975289 -12425.769083735433 0.0 17615.94657155819 -13523.536892332817 0.0 35667.35240424826 -14244.928885062578 0.0 80739.31813713803 -10935.84246125948 0.0 193893.47573480173 13329.475899664949 0.0 442026.5718745947 104382.59147331721 0.0 879494.9597591318 333885.4449823481 0.0 1463221.510720145 741778.6051197667 0.0 2247426.463987401 1686860.6087779847 0.0 4250.302064239938 -35037.531813585185 0.0 4468.1400172955555 -10945.22476769359 0.0 7775.8777692052145 -10711.13971928721 0.0 14901.312767379699 -11814.725789612541 0.0 30408.167923808316 -12655.9989683063 0.0 69359.04736454645 -10149.485635966983 0.0 167710.47966148268 10442.73974752936 0.0 384660.37711350736 89638.49484085996 0.0 769319.2845196855 291665.00855459954 0.0 1285554.4207765874 653606.2775504952 0.0 1981050.8316448862 1493802.380218097 0.0 3602.9851378757407 -30457.799481362792 0.0 3744.3251090994004 -9478.363161182822 0.0 6559.582734628232 -9344.961573507258 0.0 12685.615844833957 -10432.067648474464 0.0 26078.081350636097 -11342.747945315745 0.0 59879.67929571599 -9451.516946966118 0.0 145656.4799502684 8152.64932190976 0.0 335881.95656003896 77472.95337923503 0.0 674938.4372244609 256304.71849297752 0.0 1132413.9230263932 579052.0683942115 0.0 1750089.9567615588 1330831.634734331 0.0 3036.5461358238613 -26714.1636376324 0.0 3143.003636717374 -8296.039227875328 0.0 5556.692524395579 -8238.10058536401 0.0 10848.829031347537 -9296.75335977842 0.0 22464.31579822059 -10246.548621880334 0.0 51898.780925227285 -8838.724047885233 0.0 126929.25572274889 6298.714434907469 0.0 294147.601723219 67309.59153012114 0.0 593705.437366777 226410.7979548619 0.0 999927.0868298956 515525.9199687192 0.0 1549329.2738133767 1192148.8703170186 0.0 2541.3784004681947 -23620.133078346003 0.0 2638.718986618101 -7330.615928092278 0.0 4720.094690962468 -7330.2107570371645 0.0 9309.035965517474 -8355.059543572144 0.0 19417.59702033497 -9325.510029667439 0.0 45123.77640484172 -8305.89688440515 0.0 110923.48110470202 4769.412645404778 0.0 258258.41090301474 58727.803526428856 0.0 523488.22402175795 200929.05811360703 0.0 884891.7614612108 461023.0106378084 0.0 1374330.9034149253 1073280.8337948276 0.0 2108.9227668418634 -21042.257326166906 0.0 2212.728775739719 -6534.341423066857 0.0 4015.742798493666 -6578.232909519726 0.0 8006.544526515936 -7567.6839306057445 0.0 16827.670918345826 -8547.72501492412 0.0 39332.741945573965 -7846.150378770413 0.0 97167.2019165908 3486.2045501029334 0.0 227254.907296829 51413.15427870122 0.0 462552.3261236101 179050.61076698688 0.0 784663.7416390275 413977.8780817243 0.0 1221355.0467228065 970749.2143500199 0.0 4590.200395136928 -14595.35288429532 0.0 3808.050279085899 -6489.0240237499675 0.0 5401.590652995744 -7089.7203209440195 0.0 9198.114929599766 -9203.772954549182 0.0 17240.121887740097 -12758.41711627197 0.0 36837.335328138935 -18902.98079835973 0.0 84488.09581171765 -26035.504629631396 0.0 185320.57906042598 -21660.0309621752 0.0 356094.90077309957 23654.28295611902 0.0 572669.6619895758 140803.33892844853 0.0 1138621.341347943 779101.262633847 0.0 8914.295029924497 -20500.580274421853 0.0 5914.7237704613835 -7802.854271265657 0.0 7701.462737014927 -8958.826588759097 0.0 12188.248224381106 -12388.137692941134 0.0 21372.251809965695 -18684.88648795102 0.0 42898.50271972864 -31431.402332258465 0.0 92635.42586760805 -54421.629147289634 0.0 191417.4947647166 -83100.82084719597 0.0 346073.32010451384 -92666.24614735205 0.0 522131.609793186 -43224.91645647955 0.0 763188.0540743619 226792.23922648368 0.0 7922.591368083747 -18529.477123139426 0.0 5233.648811174474 -7021.571345242419 0.0 6818.323415212235 -8071.7604322700045 0.0 10803.41874240224 -11175.54526235667 0.0 18947.082749393474 -16846.563701285995 0.0 38012.45115401916 -28271.08759847938 0.0 82029.8462243782 -48717.363670754836 0.0 169391.40060922675 -73676.59431698234 0.0 305995.93339628895 -80091.35356464873 0.0 461083.47953430156 -31514.365159485427 0.0 673588.6113985559 223458.77822243984 0.0 7069.632358924474 -16845.477492872946 0.0 4652.606034025645 -6358.326611364531 0.0 6059.906519653102 -7313.061436142745 0.0 9607.127909697858 -10131.786626883553 0.0 16842.664800063903 -15256.02872453904 0.0 33757.10666439526 -25524.455796385864 0.0 72761.77506374789 -43737.72188718202 0.0 150076.0358425172 -65408.39541165499 0.0 270731.1819752346 -68990.3409856472 0.0 407201.04680016806 -21071.30923481925 0.0 594323.1982297131 220901.02405243646 0.0 6333.280746991685 -15401.05788156153 0.0 4152.773494847884 -5790.30366499681 0.0 5405.393347973569 -6661.069064203653 0.0 8569.085380022554 -9229.588176062794 0.0 15009.205785557846 -13874.872579810271 0.0 30038.037402470785 -23130.245448610156 0.0 64637.048076775165 -39379.86354829935 0.0 133090.84527103408 -58140.524541473475 0.0 239625.16772690593 -59178.131287166754 0.0 359540.49393373774 -11757.456281296652 0.0 524067.5421085215 218927.36257812876 0.0 5695.331899309817 -14157.653542364895 0.0 3720.928521974176 -5301.787324782326 0.0 4838.021979586616 -6098.41378903029 0.0 7664.703324056682 -8446.855416378812 0.0 13405.942683284844 -12671.635915981999 0.0 26776.765669287386 -21037.307335486446 0.0 57493.561305126925 -35557.17789658556 0.0 118115.26697803766 -51739.61046141464 0.0 212122.6544254698 -50492.24737210941 0.0 317294.3000417549 -3444.068685898951 0.0 461680.1399329543 217406.10067263964 0.0 5140.754270472813 -13083.79641635859 0.0 3346.3156024845894 -4880.073106964964 0.0 4344.177942473373 -5611.047696857079 0.0 6873.848043581577 -7765.544276804208 0.0 11999.230459538363 -11620.36771809267 0.0 23908.011951961937 -19202.99803692546 0.0 51195.21728786445 -32196.49816759313 0.0 104878.01196460471 -46091.34796179682 0.0 187750.25605942713 -42790.57172361363 0.0 279769.1111903487 3986.6137003315075 0.0 406174.4453914296 216246.8346651547 0.0 4657.086881677218 -12153.680335771658 0.0 3020.1263086549184 -4514.818789942225 0.0 3912.713279113011 -5187.520820315563 0.0 6179.900152364995 -7170.810102803769 0.0 10761.088580613541 -10699.521428893713 0.0 21377.20867543695 -17591.660900422772 0.0 45627.12288090643 -29235.81179035797 0.0 93148.40049737602 -41097.642255747756 0.0 166102.66470257283 -35949.011125316625 0.0 246367.37107256363 10641.142476830897 0.0 356695.26536293305 215387.82281446486 0.0 4233.957423046733 -11346.04231522351 0.0 2735.100255964228 -4197.551318812428 0.0 3534.430028197412 -4818.4338777782905 0.0 5569.037881653235 -6650.357925191161 0.0 9668.082197776781 -9891.099905475156 0.0 19138.341458418534 -16173.250972766387 0.0 40691.75976928532 -26622.379255981643 0.0 82729.34472192073 -36674.14730767027 0.0 146831.35694261536 -29859.245314451582 0.0 216572.08014843334 16615.30071811516 0.0 312498.8499909496 214787.4047254885 0.0 3862.695321313087 -10643.283711157184 0.0 2485.2158546014107 -3921.28778427105 0.0 3201.684247323408 -4496.020025127609 0.0 5029.684581453556 -6193.941259265801 0.0 8700.452003691387 -9179.98693591162 0.0 17152.374462661755 -14922.335148000873 0.0 36305.91510210377 -24311.18897307808 0.0 73451.6494711272 -32748.166078974835 0.0 129635.32618216611 -24426.652627134852 0.0 189934.16009035494 21994.893775371613 0.0 272936.1398138394 214418.16099285128 0.0 3536.0204065199646 -10030.7762185823 0.0 2265.4487710733197 -3680.2416101095178 0.0 2908.079649987609 -4213.822315734473 0.0 4552.078753002461 -5792.972073714581 0.0 7841.431393657181 -8553.420560119122 0.0 15385.999123315572 -13817.289728045529 0.0 32398.20930087806 -22263.687780231776 0.0 65169.367709320424 -29256.871492141974 0.0 114253.45535108431 -19568.448238578203 0.0 166061.95024401028 26856.698542062444 0.0 237438.66841663295 214262.9380259166 0.0 3247.7920058424243 -9496.31161418479 0.0 2071.582027358108 -3469.5931887461884 0.0 2648.2285921357898 -3966.4429676784857 0.0 4127.936521598599 -5440.214881679562 0.0 7076.706129351742 -8000.575219365677 0.0 13810.632920009786 -12839.653404308701 0.0 28907.094438423403 -20446.736739330827 0.0 57755.999885226396 -26145.805010556513 0.0 100458.21624628695 -15212.040240572249 0.0 144612.44801238718 31269.458097927392 0.0 205506.67788447774 214312.14983469233 0.0 2992.8063811509846 -9029.663945035732 0.0 1900.0557747098355 -3285.309683608484 0.0 2417.5641246910636 -3749.347009577088 0.0 3750.184485846429 -5129.545072810267 0.0 6393.983341441438 -7512.228100427278 0.0 12401.612707171505 -11973.603161006517 0.0 25779.22466897423 -18831.750646458633 0.0 51101.3693062671 -23367.61184050339 0.0 88050.4421758381 -11293.592657449097 0.0 125283.9737921428 35294.858019423045 0.0 176699.0687998054 214561.95953297225 0.0 2766.632835618051 -8622.24004977653 0.0 1747.8477685594396 -3124.0026683981064 0.0 2212.1910729208103 -3558.707459750418 0.0 3412.7465745366644 -4855.756704666027 0.0 5782.645050480437 -7080.491078812194 0.0 11137.540281961396 -11205.527794240053 0.0 22968.12173432418 -17393.987166098774 0.0 45109.03976652738 -20880.97566716365 0.0 76854.96932252149 -7756.776624616179 0.0 107809.99927320801 38988.45090985299 0.0 150624.8674677739 215013.07109585975 0.0 2565.4807424338983 -8266.79972184347 0.0 1612.3781176676166 -2982.815808095627 0.0 2028.7671488714268 -3391.2824707950554 0.0 3110.3726532276255 -4614.408667265461 0.0 5233.467467913482 -6698.594119119206 0.0 9999.747701153352 -10523.679272561581 0.0 20433.07525852828 -16111.957804101849 0.0 39694.16894523626 -18649.720475443733 0.0 66716.98206505411 -4551.688066156542 0.0 91953.92642865097 42400.51402024838 0.0 126935.94680832412 215669.94780085183 0.0 2386.091302476671 -7957.230977360171 0.0 1491.4374614802493 -2859.3446905203596 0.0 1864.407326147208 -3244.3172595348146 0.0 2838.4996152021317 -4401.70083111283 0.0 4738.391801357406 -6360.709287088099 0.0 8971.857234040242 -9917.886416112873 0.0 18138.23043725489 -14966.938145309985 0.0 34781.71272354175 -16642.05164257548 0.0 57498.929623962125 -1633.910079657736 0.0 77504.64423045388 45576.835749890764 0.0 105320.78289048155 216540.33221797107 0.0 2225.649088249715 -7688.3690947569985 0.0 1383.104895191054 -2751.527319440099 0.0 1716.6119679032133 -3115.4756084565247 0.0 2593.137900931909 -4214.373789616414 0.0 4290.335613556211 -6061.807014345988 0.0 8039.416436521256 -9379.318681075116 0.0 16051.825752025918 -13942.559077353151 0.0 30304.912685989897 -14829.912797608207 0.0 49077.90709760072 1036.3005101835777 0.0 64272.722228483406 48559.43314318079 0.0 85499.06691991039 217634.9822739135 0.0 2081.7094359125854 -7455.850582051958 0.0 1285.7198753409818 -2657.6277477077465 0.0 1583.195225011869 -3002.762934034359 0.0 2370.7780340579675 -4049.6273011396593 0.0 3883.03627578761 -5797.538139559895 0.0 7189.593098359467 -8900.290417647566 0.0 14145.551140598915 -13024.464234357814 0.0 26204.012578660117 -13188.438756241532 0.0 41343.41442564107 3494.7210648601936 0.0 52087.125908704686 51387.206022103506 0.0 67217.02347217462 218967.56541260504 0.0 1952.1385479265257 -7255.995160588582 0.0 1197.831818408267 -2576.1735407317638 0.0 1462.2199529286431 -2904.4483644685797 0.0 2168.3129902428323 -3905.053659786841 0.0 3510.919930968631 -5564.1366837188425 0.0 6410.918063134352 -8474.09797361148 0.0 12394.003068593009 -12200.02170255436 0.0 22425.160078851128 -11695.488099241966 0.0 34195.42303288467 5773.782070973682 0.0 40792.359380425274 54096.53517700234 0.0 50243.310943717195 220554.67177070281 0.0 1835.0638058197092 -7085.710364703874 0.0 1118.165655657554 -2505.917796720886 0.0 1351.9836282409208 -2819.0764427928457 0.0 1982.973140831437 -3778.5830743161587 0.0 3168.9908032295643 -5358.339414212442 0.0 5693.066419035989 -8094.883587386844 0.0 10774.217654641121 -11458.080313092727 0.0 18919.458566289773 -10331.241722638095 0.0 27542.692778085446 7903.111621008908 0.0 30245.957387393293 56721.832842941265 0.0 34365.40054471547 222415.92058636516 0.0 1728.8322967366257 -6942.41453418707 0.0 1045.5931461559042 -2445.8083973655753 0.0 1250.968380837306 -2745.409234777092 0.0 1812.271213194474 -3668.438786250993 0.0 2852.736769657844 -5177.3191018258985 0.0 5026.669471905174 -7757.521251150899 0.0 9265.266641879456 -10788.762681303788 0.0 15642.14016652455 -9077.856018518156 0.0 21301.2921431333 9910.018163250134 0.0 20316.26168324796 59296.05390819504 0.0 19386.346482242876 224574.14338692717 0.0 1631.9759559666552 -6823.974906020049 0.0 979.1334272015507 -2395.0234260974903 0.0 1157.8103649518425 -2682.3987101896787 0.0 1653.9552371745472 -3573.1001544307887 0.0 2558.04792743368 -5018.629027989066 0.0 4403.151375988282 -7457.520690662764 0.0 7847.903825215038 -10183.288615515827 0.0 12551.836384445422 -7919.161208647712 0.0 15393.281750789045 11819.922446787097 0.0 10880.42703344055 61851.1761214455 0.0 5121.872987824763 227055.6343057954 0.0 1543.1820395108573 -6728.658242317832 0.0 917.8685170700584 -2352.801371953237 0.0 1071.2735589286854 -2629.164318544303 0.0 1505.9678485666593 -3491.2723199169354 0.0 2281.145514548933 -4880.156810987375 0.0 3814.585422313675 -7190.946368716325 0.0 6504.251719120983 -9633.82368054609 0.0 9609.926576841766 -6840.396872363361 0.0 9745.528841679075 13656.748433183735 0.0 1822.6103903119756 64418.65756599485 0.0 -8602.285795002554 229890.46285333094 0.0 1461.2678906851881 -6655.092023618551 0.0 860.9557430507557 -2318.4832601667317 0.0 990.2270773580026 -2584.974889859401 0.0 1366.4106317436058 -3421.861365843336 0.0 2018.5190278787425 -4760.086021188861 0.0 3253.565864927046 -6954.349028451054 0.0 5217.519964375301 -9133.348650587863 0.0 6779.947655949746 -5827.977977698162 0.0 4288.624169750795 15443.281681741973 0.0 -6967.696976872248 67029.8793439452 0.0 -21952.84891461626 233112.84826268273 0.0 1385.1591591447811 -6602.234701449226 0.0 807.6489112245861 -2291.594835239778 0.0 913.6252548567807 -2549.2341938584714 0.0 1233.5124245313427 -3363.954131013981 0.0 1766.8697559569212 -4656.864382990047 0.0 2713.0918379814248 -6744.707787597284 0.0 3971.7482767507777 -8675.546356103812 0.0 4027.0508340484225 -4869.285777468908 0.0 -1044.1230977234377 17201.502769842555 0.0 -15597.229698297864 69716.58121795341 0.0 -35091.30431735903 236761.5974513604 0.0 80.6415646908708 -9197.095442358652 0.0 912.2035422568873 -2605.664803232014 0.0 1028.7927875260211 -2895.3261830792803 0.0 1383.3844180714607 -3814.599043520317 0.0 1969.8473845707986 -5267.758932580548 0.0 2995.3563796722747 -7595.744535756548 0.0 4298.169787365887 -9664.650523924256 0.0 4073.5731169495757 -5030.691920679112 0.0 -2210.6249931696043 20658.554461280328 0.0 -19460.515654543527 81237.48761452272 0.0 -72848.01049444462 249104.57393360292 0.0
    </DataArray>
    <DataArray type="Float32" Name="Power density [Wm^-3]" NumberOfComponents="1" format="ascii">
9.716685799544074e+16 1.2160587052129883e+17 1.2215770112023757e+17 1.2192108284569328e+17 1.204400873971247e+17 1.1727786192538224e+17 1.1204768795182109e+17 1.0442589647654611e+17 9.427222978495862e+16 8.23636232050418e+16 5.9894671367574344e+16 7.20350382303703e+16 9.598171785382222e+16 9.641087221327886e+16 9.616313940832005e+16 9.487840114554904e+16 9.221996693733347e+16 8.789312197332094e+16 8.165502420390802e+16 7.342547141181962e+16 6.3957387887809416e+16 4.408148657764593e+16 6.9661336908333864e+16 9.24528973890952e+16 9.287888677957275e+16 9.263618011598824e+16 9.138263797120574e+16 8.879862396918267e+16 8.460939689668197e+16 7.859267164068386e+16 7.067631637068323e+16 6.157628398405009e+16 4.231505226297351e+16 6.571603569462181e+16 8.687369071934051e+16 8.728174090784885e+16 8.704922022813331e+16 8.586141357639811e+16 8.34257095026873e+16 7.94929931406653e+16 7.38639113355619e+16 6.647290456630649e+16 5.7976998215313624e+16 3.9745339111981656e+16 6.0469082907253064e+16 7.961094133097002e+16 7.998541778090253e+16 7.977271063540554e+16 7.869017152330227e+16 7.647445047552626e+16 7.290183020346533e+16 6.7794121566979896e+16 6.109018372154013e+16 5.337647972260416e+16 3.651471287853622e+16 5.42326422980146e+16 7.109274508107834e+16 7.142151383469686e+16 7.123573391105959e+16 7.0289141977453864e+16 6.834884540702762e+16 6.521494180750064e+16 6.072663802628553e+16 5.482316037288759e+16 4.801367937238729e+16 3.2787574953067252e+16 4.735830820127102e+16 6.179770859396191e+16 6.2074001743085464e+16 6.191991334208682e+16 6.112885780036368e+16 5.9499195072872744e+16 5.68529889463937e+16 5.304332815978525e+16 4.8007482172643144e+16 4.2170139747752056e+16 2.8737989041325096e+16 4.021305992774582e+16 5.222054369080829e+16 5.2443817547564136e+16 5.232205140374947e+16 5.169000104199881e+16 5.037689492130384e+16 4.822429343275311e+16 4.509570607328948e+16 4.092555753333233e+16 3.606220626280345e+16 2.452789820777485e+16 3.3153507083471668e+16 4.283341683898028e+16 4.300637777844032e+16 4.2912516268363944e+16 4.242766143025579e+16 4.141121508319875e+16 3.972144148154047e+16 3.72302485724517e+16 3.387624488317064e+16 2.9958002078838372e+16 2.034312896047001e+16 2.6491084019735936e+16 3.4037228989950332e+16 3.415975041466619e+16 3.4081050813644348e+16 3.3718501374393412e+16 3.2958677573516416e+16 3.1675091988786188e+16 2.9752683426310252e+16 2.7154289881447424e+16 2.413318527707472e+16 1.6364934879063146e+16 2.0457577871897788e+16 2.611546938220522e+16 2.6176021130619268e+16 2.6090622293102532e+16 2.581738653821592e+16 2.5263702122781404e+16 2.4322300822978704e+16 2.2910861388884012e+16 2.1024088429543772e+16 1.881857128080944e+16 1.2746531586257504e+16 1.5183580948363018e+16 1.919813471742566e+16 1.9176867542121684e+16 1.9081835189967164e+16 1.8889679666348556e+16 1.8517268520166812e+16 1.7898437995489536e+16 1.6981275687831032e+16 1.5727487173894874e+16 1.4191984983984782e+16 9608083986650350.0 1.067081442583688e+16 1.3255631934940262e+16 1.3213821778689912e+16 1.3194327072383418e+16 1.3129544943379174e+16 1.2943183711954302e+16 1.2684041100489872e+16 1.2184035806342002e+16 1.1390616351440068e+16 1.0368691928056934e+16 7034463383249844.0 6830663832518314.0 8550406195786165.0 8593113800921064.0 8689682408670055.0 8795916551682939.0 8969542041111067.0 8903336349705179.0 8590561787666483.0 8042356984857412.0 7456021897069820.0 5085361358967972.0 4746384692539570.0 6015679637556196.0 6021878037452657.0 6084773598035632.0 6161164146738221.0 6139130873134035.0 6092719907542257.0 6031544293383367.0 5933285325313119.0 5420276398069690.0 3680883614754458.5 3669083123502085.0 4715401032950655.0 4697965295300554.0 4705854615217106.0 4714057231561449.0 4697254747412157.0 4635882701072867.0 4494515128302016.5 4174033708580058.0 3884358317708874.5 2705579377553131.0 3100176549821490.0 4029141910664726.0 4004436242562374.0 3987406265409289.5 3969885068768863.5 3936647362448376.5 3866241497644089.5 3730517807910625.5 3507449554350874.0 3209841978729264.0 2236583211406095.0 2770067424288795.5 3627233856636133.5 3605466855188952.0 3581573899318392.0 3554801404773628.0 3517657555885185.5 3454781790232055.5 3341366643258890.5 3146408034763465.5 2857596506126584.0 1991959658345518.2 2554129338516593.0 3360486323178569.5 3344405039853668.5 3322289069484610.0 3295099296196835.5 3258650893158843.5 3200789154928676.5 3098545442984014.0 2919386779332581.5 2644449296398821.0 1845964664424525.0 2398546074403835.0 3165035355424902.0 3153776682398972.0 3135902278220218.0 3112067862756446.5 3079045496051120.0 3026114430201452.5 2931605811288655.5 2763622749280967.5 2501630067701364.5 1748629170418156.0 2277617268124762.0 3011038812567650.5 3003246734393017.5 2989584301334780.0 2970017304025849.5 2941403277622716.5 2893622241608018.5 2805865398130929.5 2647124575297272.5 2396602972681386.5 1677050744565254.0 2178879074171112.0 2884087192349527.5 2878599454889100.5 2868315178465044.0 2852622479424342.0 2828225221142600.0 2785271286775142.0 2703568626123009.5 2552932812419387.5 2312707526621454.5 1619813181167936.0 2095670247666648.8 2776443816594973.5 2772464961840200.0 2764684108681562.5 2752099740940338.0 2731253003583895.5 2692456744078128.0 2616027941515386.5 2472528230576537.5 2241565917183753.2 1571227570845412.5 2024169935789280.5 2683608863417882.5 2680640217579537.5 2674667589543808.5 2664447680963720.5 2646413385590078.0 2611029182370873.5 2539075060462786.5 2401798328495417.5 2179113906134221.2 1528537549320303.2 1962031319762556.0 2602805050496080.5 2600543736821994.0 2595862972843179.0 2587389794052259.0 2571510327041671.5 2538853222485052.5 2470635454743043.0 2338738267702962.0 2123393852941279.0 1490415661366321.0 2026466664648985.2 2532058216369547.5 2530037197295744.0 2525988792325835.5 2518362175626442.5 2503020259040884.0 2469770480004428.5 2398625225075917.5 2260817454790183.5 2042229668551471.8 1307108099374019.2 1845798949020055.5 2470386659431796.5 2469062032745846.5 2466254489805733.0 2460545731948535.5 2448439692609153.0 2421359131267648.5 2361756234781317.5 2242728068990951.8 2047050600992791.8 1452572963283274.5 1805655797170416.2 2415911870347603.5 2415058794731264.0 2412861014327939.5 2407872221693234.5 2396616616424033.5 2370651381580100.0 2312765845784855.5 2196563147814078.2 2004928046259016.2 1422138198344948.0 1770192970437135.5 2367758497829086.5 2367228721189758.0 2365457366869783.5 2360988830616176.5 2350380274505369.5 2325319385626899.5 2268900326341084.0 2155180217297726.0 1967146668747490.8 1394831543857280.0 1738845418953400.0 2325172598539455.0 2324866074746229.5 2323393092565886.5 2319301381596524.5 2309188421420829.5 2284866210104040.0 2229703876983976.0 2118164899360455.2 1933332410436632.0 1370381038822159.8 1711126352601897.5 2287502106823887.5 2287351623943873.5 2286088592068277.0 2282271691068139.5 2272542118022995.5 2248828511258801.0 2194747382533269.2 2085125259665984.0 1903132761935830.0 1348533453682046.8 1686612413920866.0 2254177765094152.5 2254138026756009.5 2253024134966823.5 2249409814635722.0 2239980586150642.2 2216773140199917.2 2163625943549322.2 2055689334874208.8 1876213124768373.0 1329049397292639.8 1664933766349554.0 2224700685452419.2 2224740931466894.2 2223734308639522.0 2220271389212374.8 2211080787713873.8 2188298227036286.0 2135960782242228.8 2029507139075429.0 1852258072164149.0 1311703211780385.2 1645766770946008.0 2198633169759789.0 2198732284383071.0 2197803952092171.2 2194455969686063.2 2185457703987898.0 2163034857626374.0 2111401762215923.8 2006253465847641.2 1830973772109998.2 1296284337554055.0 1628828141839789.8 2175591311251846.0 2175734595023353.0 2174864326151236.0 2171605053223231.2 2162763946628734.8 2140647882679154.8 2089628995449724.2 1985629894252549.8 1812089907362120.8 1282598631705429.8 1613870043784237.2 2155238704128522.0 2155415743479217.0 2154589249426557.2 2151399570097160.0 2142688460316615.2 2120835585535152.8 2070353208436811.8 1967365589831504.2 1795360581316828.2 1270469090827363.0 1600675866738994.8 2137280949135313.2 2137484207970646.8 2136691235437814.0 2133556981638687.8 2124954510736496.8 2103328410449670.2 2053315045219600.8 1951217023722855.2 1780564245831148.8 1259735908161046.8 1589056539790286.0 2121460805086471.8 2121684690942285.8 2120917735718184.0 2117828193574413.2 2109317237105826.0 2087887067082003.8 2038283627560429.2 1936966903875781.2 1767502885290555.0 1250255989593735.8 1578847305094163.8 2107553905692978.0 2107794147950371.0 2107047585224725.8 2103994464578903.8 2095561013876469.2 2074300297337492.8 2025054676054125.0 1924422614890735.2 1756000717986894.2 1241902100932372.2 1569904898743087.0 2095364988910246.0 2095618222283704.0 2094887717322236.2 2091864439437984.0 2083496802711225.8 2062382522303402.2 2013448430050518.0 1913414406411487.2 1745902635456166.2 1234561803308290.0 1562105094285576.0 2084724596100125.0 2084988078981332.8 2084270185755745.8 2081271388685625.2 2072959615420835.2 2051971519215825.0 2003307534451028.2 1903793503790908.8 1737072544034993.0 1228136298178954.5 1555340574206817.8 2075486191947317.2 2075757618049185.2 2075049504957909.8 2072070698618587.2 2063806160552435.2 2042926223614095.8 1994495003523090.0 1895430257699008.0 1729391721330670.2 1222539267529799.0 1549519102877702.2 2067523685628868.2 2067801051438893.0 2067100311627964.0 2064137633085272.8 2055912714066370.0 2035124713058907.2 1986892329423674.0 1888212406239265.2 1722757260077875.0 1217695765510532.5 1544561961464641.2 2060729300197094.8 2061010807634455.8 2060315327800304.2 2057365366384234.8 2049173229922792.8 2028462400982881.2 1980397773013281.8 1882043492286750.0 1717080642475049.0 1213541195767766.2 1540402624605086.8 2055011768072308.0 2055295758726718.8 2054603622505155.8 2051663290891590.0 2043497699388291.0 2022850454817841.0 1974924855729176.0 1876841457957671.8 1712286467585865.2 1210020393079940.0 1536985651535670.2 2050294807759080.0 2050579710963624.2 2049889130807201.8 2046955569744624.8 2038810741344488.2 2018214430118395.2 1970401051236611.0 1872537420062745.2 1708311338585358.8 1207086816415639.8 1534265758381832.0 2046515866195205.0 2046800156318786.0 2046109419014665.0 2043179920665014.0 2035050411142984.2 2014493111475160.0 1966766671150613.0 1869074623849998.0 1705102909315668.2 1204701854223488.8 1532207052166040.0 2043625054378085.2 2043907226869502.0 2043214653290464.8 2040286604074272.0 2032167210915051.8 2011637549130864.2 1963973937717624.2 1866407570723335.0 1702619087510880.2 1202834240517136.5 1530782462310246.8 2041584346546525.8 2041862891028354.0 2041166799025261.2 2038237630470736.0 2030123308594431.0 2009610294226753.2 1961986243937787.0 1864501318940225.8 1700827392665515.2 1201459579996803.8 1529973316494297.5 2040366989369704.2 2040640358836330.0 2039939029429794.8 2037006170451898.2 2028891952077340.0 2008384821338190.2 1960777591578864.0 1863330949343722.0 1699704461971873.2 1200559978097860.8 2039627706657919.2 2549851082977949.0 2550252799954747.0 2549548663512698.0 2546257100648925.0 2537026550152150.0 2513573954312740.0 2458658385096835.0 2344723754143046.0 2148873982599405.0 1600165026395166.2
    </DataArray>
    <DataArray type="Float32" Name="Temperature [K]" NumberOfComponents="1" format="ascii">
303.4873381909984 304.4993069051603 305.31775387692574 305.9531309208219 306.4142288203823 306.70949569154476 306.84821300525624 306.84153345710325 306.70339288125217 306.45104733859944 306.1035639690328 303.4699284783962 304.474223792891 305.28697707351205 305.9183190353238 306.3768309487972 306.6708078025416 306.80939803568776 306.80361752738867 306.6672402860197 306.4173190734189 306.0727078656148 303.4185158384463 304.40038853105244 305.19636377770473 305.81576550823246 306.26660122515 306.5567205897794 306.6948779466034 306.6916837286895 306.5604363352792 306.317601535149 305.98141655822417 303.33520784579986 304.28115086726245 305.0501551723295 305.6503103852073 306.08872834498953 306.3725526149182 306.5099038810921 306.51073864731416 306.38759960050083 306.1560400504422 305.8333367766038 303.22326881386635 304.12159761159853 304.8547396281231 305.42922414929893 305.8510056131525 306.12630010949596 306.262388902348 306.2683635665092 306.1557801017479 305.93902041627973 305.6341346988637 303.08688371565944 303.9281706445836 304.6181758104068 305.1616535279649 305.5632190245414 305.8279978817244 305.96227486440904 305.9741143905727 305.87391166658983 305.6746893957181 305.39108629882276 302.9308946629187 303.7082602787067 304.349683089997 304.85804797190457 305.23653906748154 305.48909846232203 305.62091754681137 305.6389304993593 305.55226179895203 305.3724559330028 305.1126321446758 302.76050711644126 303.46974346113745 304.059064375128 304.5295108419533 304.8828351174434 305.12177588215377 305.25039808233356 305.27446484643764 305.2017885702191 305.0424023260894 304.8078684630973 302.58098887791033 303.22050700823416 303.7561105192958 304.18713509281713 304.51398603799646 304.7382486094994 304.86288971788593 304.89252024403703 304.83366000747344 304.6948576269788 304.4861390458706 302.3973841020388 302.96799098067754 303.4500310751941 303.84136654764944 304.1412122205113 304.3501080330567 304.47000434575443 304.50442960739093 304.45867586624433 304.3398717326788 304.15657002492947 302.21427276580914 302.71881254227173 303.14899417527346 303.5014954949098 303.7745432536921 303.96777869922886 304.0822552904595 304.12052361146493 304.08673931084286 303.98670976258785 303.82761687266014 302.03560413205076 302.47853225136475 302.8598551420168 303.175366464255 303.4225156721872 303.60020615495995 303.70873159719065 303.74977820820783 303.7264777046836 303.64346577135336 303.50669873689515 301.86461794514213 302.251603321399 302.588113296 302.8693070705586 303.0920437260128 303.25464979991176 303.35679975444384 303.39944798329503 303.3848689430614 303.31672391925485 303.1998999923427 301.7038647801202 302.0415477080749 302.33804413262055 302.5881022542195 302.7882388073845 302.936401436803 303.03177639384865 303.07476635803056 303.06700060203445 303.0113497115951 302.91177873454643 301.55528100818356 301.8512348825333 302.1127684654595 302.3348951267996 302.51410952444786 302.6482518122498 302.73636627072113 302.77854920607325 302.77583703105364 302.73032800234995 302.6452343863365 301.4192583778656 301.68034185421436 301.9118560464461 302.10942957828706 302.2698293647855 302.39092444574294 302.47162236499156 302.51179065012536 302.512221062886 302.47460494233826 302.4014592753189 301.29539784172385 301.52730108401204 301.73321121366655 301.9094427524797 302.05315726559223 302.16238331628733 302.2360042149431 302.2737315613318 302.2760932652394 302.24442077215264 302.1807857003448 301.18294903642413 301.39024817078007 301.5743143036577 301.7320834920226 301.8611218917033 301.95967064762283 302.0266607834587 302.06171516612164 302.0651568410133 302.03802233563744 301.98202554001955 301.0810463549498 301.26741117143104 301.4327678411291 301.57457185484805 301.690754634078 301.77977510286667 301.8406469149148 301.87295607257056 301.87688488907725 301.85324430664656 301.8034590493761 300.98881520234767 301.15721688470427 301.30646319423533 301.4344313290399 301.539365319529 301.619925712118 301.67522108079714 301.7048340168586 301.7088556556733 301.68793082160016 301.6432589681673 300.9054149368262 301.05828949675845 301.1935874525473 301.3095254737445 301.40460914036447 301.4776773176456 301.5279338480756 301.5549776216774 301.5588437209947 301.5400572049514 301.4996460275301 300.8300567409628 300.969427106629 301.0925872825299 301.19802768362206 301.2844710134571 301.3509105054018 301.39663991809 301.4212852011887 301.4248495057039 301.4077726731002 301.3709531832625 300.762009476178 300.889575180372 301.00212597074164 301.09837438533447 301.1772232945757 301.23779832488066 301.2794754484368 301.3019128460491 301.3050979462536 301.2894105070271 301.2556511991094 300.70060031203985 300.8178038806559 300.92104580166955 301.0092203478676 301.0813803990331 301.13676478786266 301.174823354489 301.19524824995665 301.1980218085408 301.183481707633 301.1523542824972 300.6452128678671 300.75328960566594 300.84833753081716 300.92940097922866 300.9956584119861 301.04644550605184 301.08127781360076 301.0998811280037 301.10223943091364 301.088661068778 301.05981533982776 300.595284185046 300.6953000215904 300.78311605866327 300.8579017707578 300.91894143295224 300.9656537518231 300.997612396423 301.01457527250443 301.0165320804898 301.0037707861878 300.9769163985162 300.5503010869996 300.6431815248793 300.72460087507 300.79383379969465 300.850254268862 300.8933523806998 300.92275303422366 300.9382440749526 300.93982319349897 300.92776421698966 300.9026572989442 300.5097967800441 300.5963498380026 300.67210124289943 300.7364147698439 300.7887408684242 300.82863121155253 300.85575577012526 300.869929860647 300.87116024192017 300.8597109315515 300.8361442602708 300.47334732358445 300.55428178930237 300.62500396690996 300.68495366450867 300.733646904087 300.7706886339261 300.79578844002185 300.808786563551 300.8096991380418 300.7987833606948 300.77657903396 300.44056823718284 300.51650837952576 300.58276335446755 300.63883824836483 300.68430558417066 300.71881654304366 300.74211551692576 300.7540651810829 300.7546908687886 300.74424501340997 300.723248923155 300.41111129419545 300.4826088785349 300.54489290783397 300.5975248134782 300.64012601441175 300.672387921997 300.6940855080312 300.7051015231937 300.70547003994034 300.6954401388093 300.675517749465 300.3846615225248 300.4522057446883 300.51095836887106 300.5605296791924 300.60058356520244 300.6308465275958 300.6511204088992 300.66130584757195 300.6614450392299 300.65178467763917 300.63281775599995 300.3609344186503 300.42496021141784 300.4805718293865 300.52742206857613 300.5652118199531 300.59369824945355 300.612706815298 300.6221540427938 300.6220895639633 300.6127583464416 300.5946423907482 300.3396733729525 300.40056842353795 300.4533866924769 300.4978180762832 300.53359577941677 300.56050380766567 300.57838837642765 300.5871800847949 300.58693529749115 300.5778977079038 300.56053989542283 300.3206473001372 300.3787580341083 300.4290933241629 300.471375513365 300.50536607501124 300.530872531627 300.54775934219737 300.55596954697916 300.55556555564385 300.54679009718217 300.5301076202928 300.3036484664133 300.3592851933608 300.40741527409267 300.4477894671334 300.4801940034161 300.5044570222377 300.5204590118623 300.5281539893484 300.5276097564911 300.5190682916106 300.5029869883399 300.28849050405506 300.34193187632314 300.3881059728623 300.42678845286207 300.45778723894153 300.48094854503995 300.49616693359565 300.5034060878729 300.5027385937162 300.4944058278452 300.4788590382727 300.2750066035801 300.32650350687015 300.3709458345274 300.4081310625504 300.43788611298856 300.46007303586094 300.4745987368454 300.4814353933183 300.480659815758 300.47251288518015 300.45744048325787 300.2630478737532 300.31282684416703 300.35573970833326 300.39160303695695 300.42026037431225 300.44158762609254 300.4555025038824 300.46198463047193 300.46111453039924 300.45313266629677 300.4384802295782 300.25248185983236 300.30074810364437 300.3423146351683 300.3770147027045 300.40470636203463 300.4252776140006 300.43865560569503 300.4448264655965 300.4438739684914 300.43603821723366 300.4217563063104 300.2431912108324 300.2901312893686 300.33051787286746 300.36419872797234 300.391044537107 300.41095382310294 300.42386194179795 300.4297606831431 300.4287366517462 300.42102963718713 300.40707316334544 300.23507248705005 300.2808567183521 300.3202151610779 300.35300815920357 300.3791173284186 300.398450299911 300.4109495347274 300.4166117231846 300.4155259186207 300.4079316361456 300.3942593006399 300.2280350996452 300.27281972030426 300.31128920152827 300.3433147081583 300.36878725788375 300.38762231210416 300.39976843881345 300.4052265393671 300.40408776975386 300.3965914046117 300.3831651965143 300.22200037466746 300.2659294987183 300.3036383335935 300.33500726405117 300.35993531523184 300.37834461514296 300.3901889298653 300.3954727439331 300.39428900055856 300.3868767649816 300.37366150719095 300.21690073457415 300.260108141238 300.2971753883629 300.32799060988515 300.3524595583622 300.37050996091574 300.38209994812576 300.3872370119264 300.3860155937268 300.3786745787201 300.3656375136445 300.2126789909597 300.25528976896953 300.2918267071164 300.322184325621 300.34627391928615 300.36402782657035 300.375407771561 300.3804237213289 300.3791713487799 300.3718893874393 300.358999795314 300.20928774292366 300.25141981597096 300.28753131246884 300.3175218638387 300.34130719919665 300.35882334552775 300.3700349005431 300.37495380984234 300.37367672958277 300.36644226948505 300.35367111335023 300.2066888762246 300.2484544315277 300.28424022244565 300.3139497860956 300.3375022391906 300.3548364259477 300.36591913840095 300.37076383245676 300.369467914064 300.3622698967524 300.34958948891625 300.20485315913686 300.24635999920133 300.28191589963507 300.31142715049816 300.3348152558051 300.3520210447876 300.36301285531584 300.36780520697283 300.3664960333372 300.35932377925656 300.34670746465514 300.2037599316298 300.24511276774354 300.2805318291002 300.3099250429273 300.3332153327789 300.35034470807955 300.36128242566394 300.3660436373268 300.36472659007273 300.3575696875429 300.344991539843 300.2033968852195 300.2446985900792 300.2800722202167 300.30942624616256 300.33268406252245 300.34978807032627 300.3607078313149 300.3654587070264 300.36413904841754 300.356987245394 300.3444217719956
    </DataArray>
   </PointData>
  </Piece>
 </UnstructuredGrid>
</VTKFile>
