<?xml version="1.0"?>
<VTKFile type="UnstructuredGrid" version="0.1" byte_order="LittleEndian">
 <UnstructuredGrid>
  <Piece NumberOfPoints="561" NumberOfCells="1000">
   <Points>
    <DataArray type="Float32" NumberOfComponents="3" format="ascii">
0.0 1e-08 0.0
0.0 1.1000000000000001e-08 0.0
0.0 1.2000000000000002e-08 0.0
0.0 1.3e-08 0.0
0.0 1.4000000000000001e-08 0.0
0.0 1.5000000000000002e-08 0.0
0.0 1.6e-08 0.0
0.0 1.7e-08 0.0
0.0 1.8000000000000002e-08 0.0
0.0 1.9e-08 0.0
0.0 2e-08 0.0
1e-09 1e-08 0.0
1e-09 1.1000000000000001e-08 0.0
1e-09 1.2000000000000002e-08 0.0
1e-09 1.3e-08 0.0
1e-09 1.4000000000000001e-08 0.0
1e-09 1.5000000000000002e-08 0.0
1e-09 1.6e-08 0.0
1e-09 1.7e-08 0.0
1e-09 1.8000000000000002e-08 0.0
1e-09 1.9e-08 0.0
1e-09 2e-08 0.0
2e-09 1e-08 0.0
2e-09 1.1000000000000001e-08 0.0
2e-09 1.2000000000000002e-08 0.0
2e-09 1.3e-08 0.0
2e-09 1.4000000000000001e-08 0.0
2e-09 1.5000000000000002e-08 0.0
2e-09 1.6e-08 0.0
2e-09 1.7e-08 0.0
2e-09 1.8000000000000002e-08 0.0
2e-09 1.9e-08 0.0
2e-09 2e-08 0.0
3.0000000000000004e-09 1e-08 0.0
3.0000000000000004e-09 1.1000000000000001e-08 0.0
3.0000000000000004e-09 1.2000000000000002e-08 0.0
3.0000000000000004e-09 1.3e-08 0.0
3.0000000000000004e-09 1.4000000000000001e-08 0.0
3.0000000000000004e-09 1.5000000000000002e-08 0.0
3.0000000000000004e-09 1.6e-08 0.0
3.0000000000000004e-09 1.7e-08 0.0
3.0000000000000004e-09 1.8000000000000002e-08 0.0
3.0000000000000004e-09 1.9e-08 0.0
3.0000000000000004e-09 2e-08 0.0
4e-09 1e-08 0.0
4e-09 1.1000000000000001e-08 0.0
4e-09 1.2000000000000002e-08 0.0
4e-09 1.3e-08 0.0
4e-09 1.4000000000000001e-08 0.0
4e-09 1.5000000000000002e-08 0.0
4e-09 1.6e-08 0.0
4e-09 1.7e-08 0.0
4e-09 1.8000000000000002e-08 0.0
4e-09 1.9e-08 0.0
4e-09 2e-08 0.0
5e-09 1e-08 0.0
5e-09 1.1000000000000001e-08 0.0
5e-09 1.2000000000000002e-08 0.0
5e-09 1.3e-08 0.0
5e-09 1.4000000000000001e-08 0.0
5e-09 1.5000000000000002e-08 0.0
5e-09 1.6e-08 0.0
5e-09 1.7e-08 0.0
5e-09 1.8000000000000002e-08 0.0
5e-09 1.9e-08 0.0
5e-09 2e-08 0.0
6.000000000000001e-09 1e-08 0.0
6.000000000000001e-09 1.1000000000000001e-08 0.0
6.000000000000001e-09 1.2000000000000002e-08 0.0
6.000000000000001e-09 1.3e-08 0.0
6.000000000000001e-09 1.4000000000000001e-08 0.0
6.000000000000001e-09 1.5000000000000002e-08 0.0
6.000000000000001e-09 1.6e-08 0.0
6.000000000000001e-09 1.7e-08 0.0
6.000000000000001e-09 1.8000000000000002e-08 0.0
6.000000000000001e-09 1.9e-08 0.0
6.000000000000001e-09 2e-08 0.0
7.000000000000001e-09 1e-08 0.0
7.000000000000001e-09 1.1000000000000001e-08 0.0
7.000000000000001e-09 1.2000000000000002e-08 0.0
7.000000000000001e-09 1.3e-08 0.0
7.000000000000001e-09 1.4000000000000001e-08 0.0
7.000000000000001e-09 1.5000000000000002e-08 0.0
7.000000000000001e-09 1.6e-08 0.0
7.000000000000001e-09 1.7e-08 0.0
7.000000000000001e-09 1.8000000000000002e-08 0.0
7.000000000000001e-09 1.9e-08 0.0
7.000000000000001e-09 2e-08 0.0
8e-09 1e-08 0.0
8e-09 1.1000000000000001e-08 0.0
8e-09 1.2000000000000002e-08 0.0
8e-09 1.3e-08 0.0
8e-09 1.4000000000000001e-08 0.0
8e-09 1.5000000000000002e-08 0.0
8e-09 1.6e-08 0.0
8e-09 1.7e-08 0.0
8e-09 1.8000000000000002e-08 0.0
8e-09 1.9e-08 0.0
8e-09 2e-08 0.0
9.000000000000001e-09 1e-08 0.0
9.000000000000001e-09 1.1000000000000001e-08 0.0
9.000000000000001e-09 1.2000000000000002e-08 0.0
9.000000000000001e-09 1.3e-08 0.0
9.000000000000001e-09 1.4000000000000001e-08 0.0
9.000000000000001e-09 1.5000000000000002e-08 0.0
9.000000000000001e-09 1.6e-08 0.0
9.000000000000001e-09 1.7e-08 0.0
9.000000000000001e-09 1.8000000000000002e-08 0.0
9.000000000000001e-09 1.9e-08 0.0
9.000000000000001e-09 2e-08 0.0
1e-08 1e-08 0.0
1e-08 1.1000000000000001e-08 0.0
1e-08 1.2000000000000002e-08 0.0
1e-08 1.3e-08 0.0
1e-08 1.4000000000000001e-08 0.0
1e-08 1.5000000000000002e-08 0.0
1e-08 1.6e-08 0.0
1e-08 1.7e-08 0.0
1e-08 1.8000000000000002e-08 0.0
1e-08 1.9e-08 0.0
1e-08 2e-08 0.0
1.1000000000000001e-08 1e-08 0.0
1.1000000000000001e-08 1.1000000000000001e-08 0.0
1.1000000000000001e-08 1.2000000000000002e-08 0.0
1.1000000000000001e-08 1.3e-08 0.0
1.1000000000000001e-08 1.4000000000000001e-08 0.0
1.1000000000000001e-08 1.5000000000000002e-08 0.0
1.1000000000000001e-08 1.6e-08 0.0
1.1000000000000001e-08 1.7e-08 0.0
1.1000000000000001e-08 1.8000000000000002e-08 0.0
1.1000000000000001e-08 1.9e-08 0.0
1.1000000000000001e-08 2e-08 0.0
1.2000000000000002e-08 1e-08 0.0
1.2000000000000002e-08 1.1000000000000001e-08 0.0
1.2000000000000002e-08 1.2000000000000002e-08 0.0
1.2000000000000002e-08 1.3e-08 0.0
1.2000000000000002e-08 1.4000000000000001e-08 0.0
1.2000000000000002e-08 1.5000000000000002e-08 0.0
1.2000000000000002e-08 1.6e-08 0.0
1.2000000000000002e-08 1.7e-08 0.0
1.2000000000000002e-08 1.8000000000000002e-08 0.0
1.2000000000000002e-08 1.9e-08 0.0
1.2000000000000002e-08 2e-08 0.0
1.3e-08 1e-08 0.0
1.3e-08 1.1000000000000001e-08 0.0
1.3e-08 1.2000000000000002e-08 0.0
1.3e-08 1.3e-08 0.0
1.3e-08 1.4000000000000001e-08 0.0
1.3e-08 1.5000000000000002e-08 0.0
1.3e-08 1.6e-08 0.0
1.3e-08 1.7e-08 0.0
1.3e-08 1.8000000000000002e-08 0.0
1.3e-08 1.9e-08 0.0
1.3e-08 2e-08 0.0
1.4000000000000001e-08 1e-08 0.0
1.4000000000000001e-08 1.1000000000000001e-08 0.0
1.4000000000000001e-08 1.2000000000000002e-08 0.0
1.4000000000000001e-08 1.3e-08 0.0
1.4000000000000001e-08 1.4000000000000001e-08 0.0
1.4000000000000001e-08 1.5000000000000002e-08 0.0
1.4000000000000001e-08 1.6e-08 0.0
1.4000000000000001e-08 1.7e-08 0.0
1.4000000000000001e-08 1.8000000000000002e-08 0.0
1.4000000000000001e-08 1.9e-08 0.0
1.4000000000000001e-08 2e-08 0.0
1.5000000000000002e-08 1e-08 0.0
1.5000000000000002e-08 1.1000000000000001e-08 0.0
1.5000000000000002e-08 1.2000000000000002e-08 0.0
1.5000000000000002e-08 1.3e-08 0.0
1.5000000000000002e-08 1.4000000000000001e-08 0.0
1.5000000000000002e-08 1.5000000000000002e-08 0.0
1.5000000000000002e-08 1.6e-08 0.0
1.5000000000000002e-08 1.7e-08 0.0
1.5000000000000002e-08 1.8000000000000002e-08 0.0
1.5000000000000002e-08 1.9e-08 0.0
1.5000000000000002e-08 2e-08 0.0
1.6e-08 1e-08 0.0
1.6e-08 1.1000000000000001e-08 0.0
1.6e-08 1.2000000000000002e-08 0.0
1.6e-08 1.3e-08 0.0
1.6e-08 1.4000000000000001e-08 0.0
1.6e-08 1.5000000000000002e-08 0.0
1.6e-08 1.6e-08 0.0
1.6e-08 1.7e-08 0.0
1.6e-08 1.8000000000000002e-08 0.0
1.6e-08 1.9e-08 0.0
1.6e-08 2e-08 0.0
1.7e-08 1e-08 0.0
1.7e-08 1.1000000000000001e-08 0.0
1.7e-08 1.2000000000000002e-08 0.0
1.7e-08 1.3e-08 0.0
1.7e-08 1.4000000000000001e-08 0.0
1.7e-08 1.5000000000000002e-08 0.0
1.7e-08 1.6e-08 0.0
1.7e-08 1.7e-08 0.0
1.7e-08 1.8000000000000002e-08 0.0
1.7e-08 1.9e-08 0.0
1.7e-08 2e-08 0.0
1.8000000000000002e-08 1e-08 0.0
1.8000000000000002e-08 1.1000000000000001e-08 0.0
1.8000000000000002e-08 1.2000000000000002e-08 0.0
1.8000000000000002e-08 1.3e-08 0.0
1.8000000000000002e-08 1.4000000000000001e-08 0.0
1.8000000000000002e-08 1.5000000000000002e-08 0.0
1.8000000000000002e-08 1.6e-08 0.0
1.8000000000000002e-08 1.7e-08 0.0
1.8000000000000002e-08 1.8000000000000002e-08 0.0
1.8000000000000002e-08 1.9e-08 0.0
1.8000000000000002e-08 2e-08 0.0
1.9e-08 1e-08 0.0
1.9e-08 1.1000000000000001e-08 0.0
1.9e-08 1.2000000000000002e-08 0.0
1.9e-08 1.3e-08 0.0
1.9e-08 1.4000000000000001e-08 0.0
1.9e-08 1.5000000000000002e-08 0.0
1.9e-08 1.6e-08 0.0
1.9e-08 1.7e-08 0.0
1.9e-08 1.8000000000000002e-08 0.0
1.9e-08 1.9e-08 0.0
1.9e-08 2e-08 0.0
2e-08 1e-08 0.0
2e-08 1.1000000000000001e-08 0.0
2e-08 1.2000000000000002e-08 0.0
2e-08 1.3e-08 0.0
2e-08 1.4000000000000001e-08 0.0
2e-08 1.5000000000000002e-08 0.0
2e-08 1.6e-08 0.0
2e-08 1.7e-08 0.0
2e-08 1.8000000000000002e-08 0.0
2e-08 1.9e-08 0.0
2e-08 2e-08 0.0
2.1000000000000003e-08 1e-08 0.0
2.1000000000000003e-08 1.1000000000000001e-08 0.0
2.1000000000000003e-08 1.2000000000000002e-08 0.0
2.1000000000000003e-08 1.3e-08 0.0
2.1000000000000003e-08 1.4000000000000001e-08 0.0
2.1000000000000003e-08 1.5000000000000002e-08 0.0
2.1000000000000003e-08 1.6e-08 0.0
2.1000000000000003e-08 1.7e-08 0.0
2.1000000000000003e-08 1.8000000000000002e-08 0.0
2.1000000000000003e-08 1.9e-08 0.0
2.1000000000000003e-08 2e-08 0.0
2.2000000000000002e-08 1e-08 0.0
2.2000000000000002e-08 1.1000000000000001e-08 0.0
2.2000000000000002e-08 1.2000000000000002e-08 0.0
2.2000000000000002e-08 1.3e-08 0.0
2.2000000000000002e-08 1.4000000000000001e-08 0.0
2.2000000000000002e-08 1.5000000000000002e-08 0.0
2.2000000000000002e-08 1.6e-08 0.0
2.2000000000000002e-08 1.7e-08 0.0
2.2000000000000002e-08 1.8000000000000002e-08 0.0
2.2000000000000002e-08 1.9e-08 0.0
2.2000000000000002e-08 2e-08 0.0
2.3e-08 1e-08 0.0
2.3e-08 1.1000000000000001e-08 0.0
2.3e-08 1.2000000000000002e-08 0.0
2.3e-08 1.3e-08 0.0
2.3e-08 1.4000000000000001e-08 0.0
2.3e-08 1.5000000000000002e-08 0.0
2.3e-08 1.6e-08 0.0
2.3e-08 1.7e-08 0.0
2.3e-08 1.8000000000000002e-08 0.0
2.3e-08 1.9e-08 0.0
2.3e-08 2e-08 0.0
2.4000000000000003e-08 1e-08 0.0
2.4000000000000003e-08 1.1000000000000001e-08 0.0
2.4000000000000003e-08 1.2000000000000002e-08 0.0
2.4000000000000003e-08 1.3e-08 0.0
2.4000000000000003e-08 1.4000000000000001e-08 0.0
2.4000000000000003e-08 1.5000000000000002e-08 0.0
2.4000000000000003e-08 1.6e-08 0.0
2.4000000000000003e-08 1.7e-08 0.0
2.4000000000000003e-08 1.8000000000000002e-08 0.0
2.4000000000000003e-08 1.9e-08 0.0
2.4000000000000003e-08 2e-08 0.0
2.5000000000000002e-08 1e-08 0.0
2.5000000000000002e-08 1.1000000000000001e-08 0.0
2.5000000000000002e-08 1.2000000000000002e-08 0.0
2.5000000000000002e-08 1.3e-08 0.0
2.5000000000000002e-08 1.4000000000000001e-08 0.0
2.5000000000000002e-08 1.5000000000000002e-08 0.0
2.5000000000000002e-08 1.6e-08 0.0
2.5000000000000002e-08 1.7e-08 0.0
2.5000000000000002e-08 1.8000000000000002e-08 0.0
2.5000000000000002e-08 1.9e-08 0.0
2.5000000000000002e-08 2e-08 0.0
2.6e-08 1e-08 0.0
2.6e-08 1.1000000000000001e-08 0.0
2.6e-08 1.2000000000000002e-08 0.0
2.6e-08 1.3e-08 0.0
2.6e-08 1.4000000000000001e-08 0.0
2.6e-08 1.5000000000000002e-08 0.0
2.6e-08 1.6e-08 0.0
2.6e-08 1.7e-08 0.0
2.6e-08 1.8000000000000002e-08 0.0
2.6e-08 1.9e-08 0.0
2.6e-08 2e-08 0.0
2.7e-08 1e-08 0.0
2.7e-08 1.1000000000000001e-08 0.0
2.7e-08 1.2000000000000002e-08 0.0
2.7e-08 1.3e-08 0.0
2.7e-08 1.4000000000000001e-08 0.0
2.7e-08 1.5000000000000002e-08 0.0
2.7e-08 1.6e-08 0.0
2.7e-08 1.7e-08 0.0
2.7e-08 1.8000000000000002e-08 0.0
2.7e-08 1.9e-08 0.0
2.7e-08 2e-08 0.0
2.8000000000000003e-08 1e-08 0.0
2.8000000000000003e-08 1.1000000000000001e-08 0.0
2.8000000000000003e-08 1.2000000000000002e-08 0.0
2.8000000000000003e-08 1.3e-08 0.0
2.8000000000000003e-08 1.4000000000000001e-08 0.0
2.8000000000000003e-08 1.5000000000000002e-08 0.0
2.8000000000000003e-08 1.6e-08 0.0
2.8000000000000003e-08 1.7e-08 0.0
2.8000000000000003e-08 1.8000000000000002e-08 0.0
2.8000000000000003e-08 1.9e-08 0.0
2.8000000000000003e-08 2e-08 0.0
2.9e-08 1e-08 0.0
2.9e-08 1.1000000000000001e-08 0.0
2.9e-08 1.2000000000000002e-08 0.0
2.9e-08 1.3e-08 0.0
2.9e-08 1.4000000000000001e-08 0.0
2.9e-08 1.5000000000000002e-08 0.0
2.9e-08 1.6e-08 0.0
2.9e-08 1.7e-08 0.0
2.9e-08 1.8000000000000002e-08 0.0
2.9e-08 1.9e-08 0.0
2.9e-08 2e-08 0.0
3.0000000000000004e-08 1e-08 0.0
3.0000000000000004e-08 1.1000000000000001e-08 0.0
3.0000000000000004e-08 1.2000000000000002e-08 0.0
3.0000000000000004e-08 1.3e-08 0.0
3.0000000000000004e-08 1.4000000000000001e-08 0.0
3.0000000000000004e-08 1.5000000000000002e-08 0.0
3.0000000000000004e-08 1.6e-08 0.0
3.0000000000000004e-08 1.7e-08 0.0
3.0000000000000004e-08 1.8000000000000002e-08 0.0
3.0000000000000004e-08 1.9e-08 0.0
3.0000000000000004e-08 2e-08 0.0
3.1e-08 1e-08 0.0
3.1e-08 1.1000000000000001e-08 0.0
3.1e-08 1.2000000000000002e-08 0.0
3.1e-08 1.3e-08 0.0
3.1e-08 1.4000000000000001e-08 0.0
3.1e-08 1.5000000000000002e-08 0.0
3.1e-08 1.6e-08 0.0
3.1e-08 1.7e-08 0.0
3.1e-08 1.8000000000000002e-08 0.0
3.1e-08 1.9e-08 0.0
3.1e-08 2e-08 0.0
3.2e-08 1e-08 0.0
3.2e-08 1.1000000000000001e-08 0.0
3.2e-08 1.2000000000000002e-08 0.0
3.2e-08 1.3e-08 0.0
3.2e-08 1.4000000000000001e-08 0.0
3.2e-08 1.5000000000000002e-08 0.0
3.2e-08 1.6e-08 0.0
3.2e-08 1.7e-08 0.0
3.2e-08 1.8000000000000002e-08 0.0
3.2e-08 1.9e-08 0.0
3.2e-08 2e-08 0.0
3.3000000000000004e-08 1e-08 0.0
3.3000000000000004e-08 1.1000000000000001e-08 0.0
3.3000000000000004e-08 1.2000000000000002e-08 0.0
3.3000000000000004e-08 1.3e-08 0.0
3.3000000000000004e-08 1.4000000000000001e-08 0.0
3.3000000000000004e-08 1.5000000000000002e-08 0.0
3.3000000000000004e-08 1.6e-08 0.0
3.3000000000000004e-08 1.7e-08 0.0
3.3000000000000004e-08 1.8000000000000002e-08 0.0
3.3000000000000004e-08 1.9e-08 0.0
3.3000000000000004e-08 2e-08 0.0
3.4e-08 1e-08 0.0
3.4e-08 1.1000000000000001e-08 0.0
3.4e-08 1.2000000000000002e-08 0.0
3.4e-08 1.3e-08 0.0
3.4e-08 1.4000000000000001e-08 0.0
3.4e-08 1.5000000000000002e-08 0.0
3.4e-08 1.6e-08 0.0
3.4e-08 1.7e-08 0.0
3.4e-08 1.8000000000000002e-08 0.0
3.4e-08 1.9e-08 0.0
3.4e-08 2e-08 0.0
3.5e-08 1e-08 0.0
3.5e-08 1.1000000000000001e-08 0.0
3.5e-08 1.2000000000000002e-08 0.0
3.5e-08 1.3e-08 0.0
3.5e-08 1.4000000000000001e-08 0.0
3.5e-08 1.5000000000000002e-08 0.0
3.5e-08 1.6e-08 0.0
3.5e-08 1.7e-08 0.0
3.5e-08 1.8000000000000002e-08 0.0
3.5e-08 1.9e-08 0.0
3.5e-08 2e-08 0.0
3.6000000000000005e-08 1e-08 0.0
3.6000000000000005e-08 1.1000000000000001e-08 0.0
3.6000000000000005e-08 1.2000000000000002e-08 0.0
3.6000000000000005e-08 1.3e-08 0.0
3.6000000000000005e-08 1.4000000000000001e-08 0.0
3.6000000000000005e-08 1.5000000000000002e-08 0.0
3.6000000000000005e-08 1.6e-08 0.0
3.6000000000000005e-08 1.7e-08 0.0
3.6000000000000005e-08 1.8000000000000002e-08 0.0
3.6000000000000005e-08 1.9e-08 0.0
3.6000000000000005e-08 2e-08 0.0
3.7e-08 1e-08 0.0
3.7e-08 1.1000000000000001e-08 0.0
3.7e-08 1.2000000000000002e-08 0.0
3.7e-08 1.3e-08 0.0
3.7e-08 1.4000000000000001e-08 0.0
3.7e-08 1.5000000000000002e-08 0.0
3.7e-08 1.6e-08 0.0
3.7e-08 1.7e-08 0.0
3.7e-08 1.8000000000000002e-08 0.0
3.7e-08 1.9e-08 0.0
3.7e-08 2e-08 0.0
3.8e-08 1e-08 0.0
3.8e-08 1.1000000000000001e-08 0.0
3.8e-08 1.2000000000000002e-08 0.0
3.8e-08 1.3e-08 0.0
3.8e-08 1.4000000000000001e-08 0.0
3.8e-08 1.5000000000000002e-08 0.0
3.8e-08 1.6e-08 0.0
3.8e-08 1.7e-08 0.0
3.8e-08 1.8000000000000002e-08 0.0
3.8e-08 1.9e-08 0.0
3.8e-08 2e-08 0.0
3.9000000000000005e-08 1e-08 0.0
3.9000000000000005e-08 1.1000000000000001e-08 0.0
3.9000000000000005e-08 1.2000000000000002e-08 0.0
3.9000000000000005e-08 1.3e-08 0.0
3.9000000000000005e-08 1.4000000000000001e-08 0.0
3.9000000000000005e-08 1.5000000000000002e-08 0.0
3.9000000000000005e-08 1.6e-08 0.0
3.9000000000000005e-08 1.7e-08 0.0
3.9000000000000005e-08 1.8000000000000002e-08 0.0
3.9000000000000005e-08 1.9e-08 0.0
3.9000000000000005e-08 2e-08 0.0
4e-08 1e-08 0.0
4e-08 1.1000000000000001e-08 0.0
4e-08 1.2000000000000002e-08 0.0
4e-08 1.3e-08 0.0
4e-08 1.4000000000000001e-08 0.0
4e-08 1.5000000000000002e-08 0.0
4e-08 1.6e-08 0.0
4e-08 1.7e-08 0.0
4e-08 1.8000000000000002e-08 0.0
4e-08 1.9e-08 0.0
4e-08 2e-08 0.0
4.1e-08 1e-08 0.0
4.1e-08 1.1000000000000001e-08 0.0
4.1e-08 1.2000000000000002e-08 0.0
4.1e-08 1.3e-08 0.0
4.1e-08 1.4000000000000001e-08 0.0
4.1e-08 1.5000000000000002e-08 0.0
4.1e-08 1.6e-08 0.0
4.1e-08 1.7e-08 0.0
4.1e-08 1.8000000000000002e-08 0.0
4.1e-08 1.9e-08 0.0
4.1e-08 2e-08 0.0
4.2000000000000006e-08 1e-08 0.0
4.2000000000000006e-08 1.1000000000000001e-08 0.0
4.2000000000000006e-08 1.2000000000000002e-08 0.0
4.2000000000000006e-08 1.3e-08 0.0
4.2000000000000006e-08 1.4000000000000001e-08 0.0
4.2000000000000006e-08 1.5000000000000002e-08 0.0
4.2000000000000006e-08 1.6e-08 0.0
4.2000000000000006e-08 1.7e-08 0.0
4.2000000000000006e-08 1.8000000000000002e-08 0.0
4.2000000000000006e-08 1.9e-08 0.0
4.2000000000000006e-08 2e-08 0.0
4.3e-08 1e-08 0.0
4.3e-08 1.1000000000000001e-08 0.0
4.3e-08 1.2000000000000002e-08 0.0
4.3e-08 1.3e-08 0.0
4.3e-08 1.4000000000000001e-08 0.0
4.3e-08 1.5000000000000002e-08 0.0
4.3e-08 1.6e-08 0.0
4.3e-08 1.7e-08 0.0
4.3e-08 1.8000000000000002e-08 0.0
4.3e-08 1.9e-08 0.0
4.3e-08 2e-08 0.0
4.4000000000000004e-08 1e-08 0.0
4.4000000000000004e-08 1.1000000000000001e-08 0.0
4.4000000000000004e-08 1.2000000000000002e-08 0.0
4.4000000000000004e-08 1.3e-08 0.0
4.4000000000000004e-08 1.4000000000000001e-08 0.0
4.4000000000000004e-08 1.5000000000000002e-08 0.0
4.4000000000000004e-08 1.6e-08 0.0
4.4000000000000004e-08 1.7e-08 0.0
4.4000000000000004e-08 1.8000000000000002e-08 0.0
4.4000000000000004e-08 1.9e-08 0.0
4.4000000000000004e-08 2e-08 0.0
4.5000000000000006e-08 1e-08 0.0
4.5000000000000006e-08 1.1000000000000001e-08 0.0
4.5000000000000006e-08 1.2000000000000002e-08 0.0
4.5000000000000006e-08 1.3e-08 0.0
4.5000000000000006e-08 1.4000000000000001e-08 0.0
4.5000000000000006e-08 1.5000000000000002e-08 0.0
4.5000000000000006e-08 1.6e-08 0.0
4.5000000000000006e-08 1.7e-08 0.0
4.5000000000000006e-08 1.8000000000000002e-08 0.0
4.5000000000000006e-08 1.9e-08 0.0
4.5000000000000006e-08 2e-08 0.0
4.6e-08 1e-08 0.0
4.6e-08 1.1000000000000001e-08 0.0
4.6e-08 1.2000000000000002e-08 0.0
4.6e-08 1.3e-08 0.0
4.6e-08 1.4000000000000001e-08 0.0
4.6e-08 1.5000000000000002e-08 0.0
4.6e-08 1.6e-08 0.0
4.6e-08 1.7e-08 0.0
4.6e-08 1.8000000000000002e-08 0.0
4.6e-08 1.9e-08 0.0
4.6e-08 2e-08 0.0
4.7000000000000004e-08 1e-08 0.0
4.7000000000000004e-08 1.1000000000000001e-08 0.0
4.7000000000000004e-08 1.2000000000000002e-08 0.0
4.7000000000000004e-08 1.3e-08 0.0
4.7000000000000004e-08 1.4000000000000001e-08 0.0
4.7000000000000004e-08 1.5000000000000002e-08 0.0
4.7000000000000004e-08 1.6e-08 0.0
4.7000000000000004e-08 1.7e-08 0.0
4.7000000000000004e-08 1.8000000000000002e-08 0.0
4.7000000000000004e-08 1.9e-08 0.0
4.7000000000000004e-08 2e-08 0.0
4.8000000000000006e-08 1e-08 0.0
4.8000000000000006e-08 1.1000000000000001e-08 0.0
4.8000000000000006e-08 1.2000000000000002e-08 0.0
4.8000000000000006e-08 1.3e-08 0.0
4.8000000000000006e-08 1.4000000000000001e-08 0.0
4.8000000000000006e-08 1.5000000000000002e-08 0.0
4.8000000000000006e-08 1.6e-08 0.0
4.8000000000000006e-08 1.7e-08 0.0
4.8000000000000006e-08 1.8000000000000002e-08 0.0
4.8000000000000006e-08 1.9e-08 0.0
4.8000000000000006e-08 2e-08 0.0
4.9e-08 1e-08 0.0
4.9e-08 1.1000000000000001e-08 0.0
4.9e-08 1.2000000000000002e-08 0.0
4.9e-08 1.3e-08 0.0
4.9e-08 1.4000000000000001e-08 0.0
4.9e-08 1.5000000000000002e-08 0.0
4.9e-08 1.6e-08 0.0
4.9e-08 1.7e-08 0.0
4.9e-08 1.8000000000000002e-08 0.0
4.9e-08 1.9e-08 0.0
4.9e-08 2e-08 0.0
5.0000000000000004e-08 1e-08 0.0
5.0000000000000004e-08 1.1000000000000001e-08 0.0
5.0000000000000004e-08 1.2000000000000002e-08 0.0
5.0000000000000004e-08 1.3e-08 0.0
5.0000000000000004e-08 1.4000000000000001e-08 0.0
5.0000000000000004e-08 1.5000000000000002e-08 0.0
5.0000000000000004e-08 1.6e-08 0.0
5.0000000000000004e-08 1.7e-08 0.0
5.0000000000000004e-08 1.8000000000000002e-08 0.0
5.0000000000000004e-08 1.9e-08 0.0
5.0000000000000004e-08 2e-08 0.0
    </DataArray>
   </Points>
   <Cells>
    <DataArray type="Int32" Name="connectivity" format="ascii">
0 11 1
11 12 1
1 12 2
12 13 2
2 13 3
13 14 3
3 14 4
14 15 4
4 15 5
15 16 5
5 16 6
16 17 6
6 17 7
17 18 7
7 18 8
18 19 8
8 19 9
19 20 9
9 20 10
20 21 10
11 22 12
22 23 12
12 23 13
23 24 13
13 24 14
24 25 14
14 25 15
25 26 15
15 26 16
26 27 16
16 27 17
27 28 17
17 28 18
28 29 18
18 29 19
29 30 19
19 30 20
30 31 20
20 31 21
31 32 21
22 33 23
33 34 23
23 34 24
34 35 24
24 35 25
35 36 25
25 36 26
36 37 26
26 37 27
37 38 27
27 38 28
38 39 28
28 39 29
39 40 29
29 40 30
40 41 30
30 41 31
41 42 31
31 42 32
42 43 32
33 44 34
44 45 34
34 45 35
45 46 35
35 46 36
46 47 36
36 47 37
47 48 37
37 48 38
48 49 38
38 49 39
49 50 39
39 50 40
50 51 40
40 51 41
51 52 41
41 52 42
52 53 42
42 53 43
53 54 43
44 55 45
55 56 45
45 56 46
56 57 46
46 57 47
57 58 47
47 58 48
58 59 48
48 59 49
59 60 49
49 60 50
60 61 50
50 61 51
61 62 51
51 62 52
62 63 52
52 63 53
63 64 53
53 64 54
64 65 54
55 66 56
66 67 56
56 67 57
67 68 57
57 68 58
68 69 58
58 69 59
69 70 59
59 70 60
70 71 60
60 71 61
71 72 61
61 72 62
72 73 62
62 73 63
73 74 63
63 74 64
74 75 64
64 75 65
75 76 65
66 77 67
77 78 67
67 78 68
78 79 68
68 79 69
79 80 69
69 80 70
80 81 70
70 81 71
81 82 71
71 82 72
82 83 72
72 83 73
83 84 73
73 84 74
84 85 74
74 85 75
85 86 75
75 86 76
86 87 76
77 88 78
88 89 78
78 89 79
89 90 79
79 90 80
90 91 80
80 91 81
91 92 81
81 92 82
92 93 82
82 93 83
93 94 83
83 94 84
94 95 84
84 95 85
95 96 85
85 96 86
96 97 86
86 97 87
97 98 87
88 99 89
99 100 89
89 100 90
100 101 90
90 101 91
101 102 91
91 102 92
102 103 92
92 103 93
103 104 93
93 104 94
104 105 94
94 105 95
105 106 95
95 106 96
106 107 96
96 107 97
107 108 97
97 108 98
108 109 98
99 110 100
110 111 100
100 111 101
111 112 101
101 112 102
112 113 102
102 113 103
113 114 103
103 114 104
114 115 104
104 115 105
115 116 105
105 116 106
116 117 106
106 117 107
117 118 107
107 118 108
118 119 108
108 119 109
119 120 109
110 121 111
121 122 111
111 122 112
122 123 112
112 123 113
123 124 113
113 124 114
124 125 114
114 125 115
125 126 115
115 126 116
126 127 116
116 127 117
127 128 117
117 128 118
128 129 118
118 129 119
129 130 119
119 130 120
130 131 120
121 132 122
132 133 122
122 133 123
133 134 123
123 134 124
134 135 124
124 135 125
135 136 125
125 136 126
136 137 126
126 137 127
137 138 127
127 138 128
138 139 128
128 139 129
139 140 129
129 140 130
140 141 130
130 141 131
141 142 131
132 143 133
143 144 133
133 144 134
144 145 134
134 145 135
145 146 135
135 146 136
146 147 136
136 147 137
147 148 137
137 148 138
148 149 138
138 149 139
149 150 139
139 150 140
150 151 140
140 151 141
151 152 141
141 152 142
152 153 142
143 154 144
154 155 144
144 155 145
155 156 145
145 156 146
156 157 146
146 157 147
157 158 147
147 158 148
158 159 148
148 159 149
159 160 149
149 160 150
160 161 150
150 161 151
161 162 151
151 162 152
162 163 152
152 163 153
163 164 153
154 165 155
165 166 155
155 166 156
166 167 156
156 167 157
167 168 157
157 168 158
168 169 158
158 169 159
169 170 159
159 170 160
170 171 160
160 171 161
171 172 161
161 172 162
172 173 162
162 173 163
173 174 163
163 174 164
174 175 164
165 176 166
176 177 166
166 177 167
177 178 167
167 178 168
178 179 168
168 179 169
179 180 169
169 180 170
180 181 170
170 181 171
181 182 171
171 182 172
182 183 172
172 183 173
183 184 173
173 184 174
184 185 174
174 185 175
185 186 175
176 187 177
187 188 177
177 188 178
188 189 178
178 189 179
189 190 179
179 190 180
190 191 180
180 191 181
191 192 181
181 192 182
192 193 182
182 193 183
193 194 183
183 194 184
194 195 184
184 195 185
195 196 185
185 196 186
196 197 186
187 198 188
198 199 188
188 199 189
199 200 189
189 200 190
200 201 190
190 201 191
201 202 191
191 202 192
202 203 192
192 203 193
203 204 193
193 204 194
204 205 194
194 205 195
205 206 195
195 206 196
206 207 196
196 207 197
207 208 197
198 209 199
209 210 199
199 210 200
210 211 200
200 211 201
211 212 201
201 212 202
212 213 202
202 213 203
213 214 203
203 214 204
214 215 204
204 215 205
215 216 205
205 216 206
216 217 206
206 217 207
217 218 207
207 218 208
218 219 208
209 220 210
220 221 210
210 221 211
221 222 211
211 222 212
222 223 212
212 223 213
223 224 213
213 224 214
224 225 214
214 225 215
225 226 215
215 226 216
226 227 216
216 227 217
227 228 217
217 228 218
228 229 218
218 229 219
229 230 219
220 231 221
231 232 221
221 232 222
232 233 222
222 233 223
233 234 223
223 234 224
234 235 224
224 235 225
235 236 225
225 236 226
236 237 226
226 237 227
237 238 227
227 238 228
238 239 228
228 239 229
239 240 229
229 240 230
240 241 230
231 242 232
242 243 232
232 243 233
243 244 233
233 244 234
244 245 234
234 245 235
245 246 235
235 246 236
246 247 236
236 247 237
247 248 237
237 248 238
248 249 238
238 249 239
249 250 239
239 250 240
250 251 240
240 251 241
251 252 241
242 253 243
253 254 243
243 254 244
254 255 244
244 255 245
255 256 245
245 256 246
256 257 246
246 257 247
257 258 247
247 258 248
258 259 248
248 259 249
259 260 249
249 260 250
260 261 250
250 261 251
261 262 251
251 262 252
262 263 252
253 264 254
264 265 254
254 265 255
265 266 255
255 266 256
266 267 256
256 267 257
267 268 257
257 268 258
268 269 258
258 269 259
269 270 259
259 270 260
270 271 260
260 271 261
271 272 261
261 272 262
272 273 262
262 273 263
273 274 263
264 275 265
275 276 265
265 276 266
276 277 266
266 277 267
277 278 267
267 278 268
278 279 268
268 279 269
279 280 269
269 280 270
280 281 270
270 281 271
281 282 271
271 282 272
282 283 272
272 283 273
283 284 273
273 284 274
284 285 274
275 286 287
275 287 276
276 287 288
276 288 277
277 288 289
277 289 278
278 289 290
278 290 279
279 290 291
279 291 280
280 291 292
280 292 281
281 292 293
281 293 282
282 293 294
282 294 283
283 294 295
283 295 284
284 295 296
284 296 285
286 297 298
286 298 287
287 298 299
287 299 288
288 299 300
288 300 289
289 300 301
289 301 290
290 301 302
290 302 291
291 302 303
291 303 292
292 303 304
292 304 293
293 304 305
293 305 294
294 305 306
294 306 295
295 306 307
295 307 296
297 308 309
297 309 298
298 309 310
298 310 299
299 310 311
299 311 300
300 311 312
300 312 301
301 312 313
301 313 302
302 313 314
302 314 303
303 314 315
303 315 304
304 315 316
304 316 305
305 316 317
305 317 306
306 317 318
306 318 307
308 319 320
308 320 309
309 320 321
309 321 310
310 321 322
310 322 311
311 322 323
311 323 312
312 323 324
312 324 313
313 324 325
313 325 314
314 325 326
314 326 315
315 326 327
315 327 316
316 327 328
316 328 317
317 328 329
317 329 318
319 330 331
319 331 320
320 331 332
320 332 321
321 332 333
321 333 322
322 333 334
322 334 323
323 334 335
323 335 324
324 335 336
324 336 325
325 336 337
325 337 326
326 337 338
326 338 327
327 338 339
327 339 328
328 339 340
328 340 329
330 341 342
330 342 331
331 342 343
331 343 332
332 343 344
332 344 333
333 344 345
333 345 334
334 345 346
334 346 335
335 346 347
335 347 336
336 347 348
336 348 337
337 348 349
337 349 338
338 349 350
338 350 339
339 350 351
339 351 340
341 352 353
341 353 342
342 353 354
342 354 343
343 354 355
343 355 344
344 355 356
344 356 345
345 356 357
345 357 346
346 357 358
346 358 347
347 358 359
347 359 348
348 359 360
348 360 349
349 360 361
349 361 350
350 361 362
350 362 351
352 363 364
352 364 353
353 364 365
353 365 354
354 365 366
354 366 355
355 366 367
355 367 356
356 367 368
356 368 357
357 368 369
357 369 358
358 369 370
358 370 359
359 370 371
359 371 360
360 371 372
360 372 361
361 372 373
361 373 362
363 374 375
363 375 364
364 375 376
364 376 365
365 376 377
365 377 366
366 377 378
366 378 367
367 378 379
367 379 368
368 379 380
368 380 369
369 380 381
369 381 370
370 381 382
370 382 371
371 382 383
371 383 372
372 383 384
372 384 373
374 385 386
374 386 375
375 386 387
375 387 376
376 387 388
376 388 377
377 388 389
377 389 378
378 389 390
378 390 379
379 390 391
379 391 380
380 391 392
380 392 381
381 392 393
381 393 382
382 393 394
382 394 383
383 394 395
383 395 384
385 396 397
385 397 386
386 397 398
386 398 387
387 398 399
387 399 388
388 399 400
388 400 389
389 400 401
389 401 390
390 401 402
390 402 391
391 402 403
391 403 392
392 403 404
392 404 393
393 404 405
393 405 394
394 405 406
394 406 395
396 407 408
396 408 397
397 408 409
397 409 398
398 409 410
398 410 399
399 410 411
399 411 400
400 411 412
400 412 401
401 412 413
401 413 402
402 413 414
402 414 403
403 414 415
403 415 404
404 415 416
404 416 405
405 416 417
405 417 406
407 418 419
407 419 408
408 419 420
408 420 409
409 420 421
409 421 410
410 421 422
410 422 411
411 422 423
411 423 412
412 423 424
412 424 413
413 424 425
413 425 414
414 425 426
414 426 415
415 426 427
415 427 416
416 427 428
416 428 417
418 429 430
418 430 419
419 430 431
419 431 420
420 431 432
420 432 421
421 432 433
421 433 422
422 433 434
422 434 423
423 434 435
423 435 424
424 435 436
424 436 425
425 436 437
425 437 426
426 437 438
426 438 427
427 438 439
427 439 428
429 440 441
429 441 430
430 441 442
430 442 431
431 442 443
431 443 432
432 443 444
432 444 433
433 444 445
433 445 434
434 445 446
434 446 435
435 446 447
435 447 436
436 447 448
436 448 437
437 448 449
437 449 438
438 449 450
438 450 439
440 451 452
440 452 441
441 452 453
441 453 442
442 453 454
442 454 443
443 454 455
443 455 444
444 455 456
444 456 445
445 456 457
445 457 446
446 457 458
446 458 447
447 458 459
447 459 448
448 459 460
448 460 449
449 460 461
449 461 450
451 462 463
451 463 452
452 463 464
452 464 453
453 464 465
453 465 454
454 465 466
454 466 455
455 466 467
455 467 456
456 467 468
456 468 457
457 468 469
457 469 458
458 469 470
458 470 459
459 470 471
459 471 460
460 471 472
460 472 461
462 473 474
462 474 463
463 474 475
463 475 464
464 475 476
464 476 465
465 476 477
465 477 466
466 477 478
466 478 467
467 478 479
467 479 468
468 479 480
468 480 469
469 480 481
469 481 470
470 481 482
470 482 471
471 482 483
471 483 472
473 484 485
473 485 474
474 485 486
474 486 475
475 486 487
475 487 476
476 487 488
476 488 477
477 488 489
477 489 478
478 489 490
478 490 479
479 490 491
479 491 480
480 491 492
480 492 481
481 492 493
481 493 482
482 493 494
482 494 483
484 495 496
484 496 485
485 496 497
485 497 486
486 497 498
486 498 487
487 498 499
487 499 488
488 499 500
488 500 489
489 500 501
489 501 490
490 501 502
490 502 491
491 502 503
491 503 492
492 503 504
492 504 493
493 504 505
493 505 494
495 506 507
495 507 496
496 507 508
496 508 497
497 508 509
497 509 498
498 509 510
498 510 499
499 510 511
499 511 500
500 511 512
500 512 501
501 512 513
501 513 502
502 513 514
502 514 503
503 514 515
503 515 504
504 515 516
504 516 505
506 517 518
506 518 507
507 518 519
507 519 508
508 519 520
508 520 509
509 520 521
509 521 510
510 521 522
510 522 511
511 522 523
511 523 512
512 523 524
512 524 513
513 524 525
513 525 514
514 525 526
514 526 515
515 526 527
515 527 516
517 528 529
517 529 518
518 529 530
518 530 519
519 530 531
519 531 520
520 531 532
520 532 521
521 532 533
521 533 522
522 533 534
522 534 523
523 534 535
523 535 524
524 535 536
524 536 525
525 536 537
525 537 526
526 537 538
526 538 527
528 539 540
528 540 529
529 540 541
529 541 530
530 541 542
530 542 531
531 542 543
531 543 532
532 543 544
532 544 533
533 544 545
533 545 534
534 545 546
534 546 535
535 546 547
535 547 536
536 547 548
536 548 537
537 548 549
537 549 538
539 550 551
539 551 540
540 551 552
540 552 541
541 552 553
541 553 542
542 553 554
542 554 543
543 554 555
543 555 544
544 555 556
544 556 545
545 556 557
545 557 546
546 557 558
546 558 547
547 558 559
547 559 548
548 559 560
548 560 549
    </DataArray>
    <DataArray type="Int32" Name="offsets" format="ascii">
3 6 9 12 15 18 21 24 27 30 33 36 39 42 45 48 51 54 57 60 63 66 69 72 75 78 81 84 87 90 93 96 99 102 105 108 111 114 117 120 123 126 129 132 135 138 141 144 147 150 153 156 159 162 165 168 171 174 177 180 183 186 189 192 195 198 201 204 207 210 213 216 219 222 225 228 231 234 237 240 243 246 249 252 255 258 261 264 267 270 273 276 279 282 285 288 291 294 297 300 303 306 309 312 315 318 321 324 327 330 333 336 339 342 345 348 351 354 357 360 363 366 369 372 375 378 381 384 387 390 393 396 399 402 405 408 411 414 417 420 423 426 429 432 435 438 441 444 447 450 453 456 459 462 465 468 471 474 477 480 483 486 489 492 495 498 501 504 507 510 513 516 519 522 525 528 531 534 537 540 543 546 549 552 555 558 561 564 567 570 573 576 579 582 585 588 591 594 597 600 603 606 609 612 615 618 621 624 627 630 633 636 639 642 645 648 651 654 657 660 663 666 669 672 675 678 681 684 687 690 693 696 699 702 705 708 711 714 717 720 723 726 729 732 735 738 741 744 747 750 753 756 759 762 765 768 771 774 777 780 783 786 789 792 795 798 801 804 807 810 813 816 819 822 825 828 831 834 837 840 843 846 849 852 855 858 861 864 867 870 873 876 879 882 885 888 891 894 897 900 903 906 909 912 915 918 921 924 927 930 933 936 939 942 945 948 951 954 957 960 963 966 969 972 975 978 981 984 987 990 993 996 999 1002 1005 1008 1011 1014 1017 1020 1023 1026 1029 1032 1035 1038 1041 1044 1047 1050 1053 1056 1059 1062 1065 1068 1071 1074 1077 1080 1083 1086 1089 1092 1095 1098 1101 1104 1107 1110 1113 1116 1119 1122 1125 1128 1131 1134 1137 1140 1143 1146 1149 1152 1155 1158 1161 1164 1167 1170 1173 1176 1179 1182 1185 1188 1191 1194 1197 1200 1203 1206 1209 1212 1215 1218 1221 1224 1227 1230 1233 1236 1239 1242 1245 1248 1251 1254 1257 1260 1263 1266 1269 1272 1275 1278 1281 1284 1287 1290 1293 1296 1299 1302 1305 1308 1311 1314 1317 1320 1323 1326 1329 1332 1335 1338 1341 1344 1347 1350 1353 1356 1359 1362 1365 1368 1371 1374 1377 1380 1383 1386 1389 1392 1395 1398 1401 1404 1407 1410 1413 1416 1419 1422 1425 1428 1431 1434 1437 1440 1443 1446 1449 1452 1455 1458 1461 1464 1467 1470 1473 1476 1479 1482 1485 1488 1491 1494 1497 1500 1503 1506 1509 1512 1515 1518 1521 1524 1527 1530 1533 1536 1539 1542 1545 1548 1551 1554 1557 1560 1563 1566 1569 1572 1575 1578 1581 1584 1587 1590 1593 1596 1599 1602 1605 1608 1611 1614 1617 1620 1623 1626 1629 1632 1635 1638 1641 1644 1647 1650 1653 1656 1659 1662 1665 1668 1671 1674 1677 1680 1683 1686 1689 1692 1695 1698 1701 1704 1707 1710 1713 1716 1719 1722 1725 1728 1731 1734 1737 1740 1743 1746 1749 1752 1755 1758 1761 1764 1767 1770 1773 1776 1779 1782 1785 1788 1791 1794 1797 1800 1803 1806 1809 1812 1815 1818 1821 1824 1827 1830 1833 1836 1839 1842 1845 1848 1851 1854 1857 1860 1863 1866 1869 1872 1875 1878 1881 1884 1887 1890 1893 1896 1899 1902 1905 1908 1911 1914 1917 1920 1923 1926 1929 1932 1935 1938 1941 1944 1947 1950 1953 1956 1959 1962 1965 1968 1971 1974 1977 1980 1983 1986 1989 1992 1995 1998 2001 2004 2007 2010 2013 2016 2019 2022 2025 2028 2031 2034 2037 2040 2043 2046 2049 2052 2055 2058 2061 2064 2067 2070 2073 2076 2079 2082 2085 2088 2091 2094 2097 2100 2103 2106 2109 2112 2115 2118 2121 2124 2127 2130 2133 2136 2139 2142 2145 2148 2151 2154 2157 2160 2163 2166 2169 2172 2175 2178 2181 2184 2187 2190 2193 2196 2199 2202 2205 2208 2211 2214 2217 2220 2223 2226 2229 2232 2235 2238 2241 2244 2247 2250 2253 2256 2259 2262 2265 2268 2271 2274 2277 2280 2283 2286 2289 2292 2295 2298 2301 2304 2307 2310 2313 2316 2319 2322 2325 2328 2331 2334 2337 2340 2343 2346 2349 2352 2355 2358 2361 2364 2367 2370 2373 2376 2379 2382 2385 2388 2391 2394 2397 2400 2403 2406 2409 2412 2415 2418 2421 2424 2427 2430 2433 2436 2439 2442 2445 2448 2451 2454 2457 2460 2463 2466 2469 2472 2475 2478 2481 2484 2487 2490 2493 2496 2499 2502 2505 2508 2511 2514 2517 2520 2523 2526 2529 2532 2535 2538 2541 2544 2547 2550 2553 2556 2559 2562 2565 2568 2571 2574 2577 2580 2583 2586 2589 2592 2595 2598 2601 2604 2607 2610 2613 2616 2619 2622 2625 2628 2631 2634 2637 2640 2643 2646 2649 2652 2655 2658 2661 2664 2667 2670 2673 2676 2679 2682 2685 2688 2691 2694 2697 2700 2703 2706 2709 2712 2715 2718 2721 2724 2727 2730 2733 2736 2739 2742 2745 2748 2751 2754 2757 2760 2763 2766 2769 2772 2775 2778 2781 2784 2787 2790 2793 2796 2799 2802 2805 2808 2811 2814 2817 2820 2823 2826 2829 2832 2835 2838 2841 2844 2847 2850 2853 2856 2859 2862 2865 2868 2871 2874 2877 2880 2883 2886 2889 2892 2895 2898 2901 2904 2907 2910 2913 2916 2919 2922 2925 2928 2931 2934 2937 2940 2943 2946 2949 2952 2955 2958 2961 2964 2967 2970 2973 2976 2979 2982 2985 2988 2991 2994 2997 3000
    </DataArray>
    <DataArray type="UInt8" Name="types" format="ascii">
5 5 5 5 5 5 5 5 5 5 5 5 5 5 5 5 5 5 5 5 5 5 5 5 5 5 5 5 5 5 5 5 5 5 5 5 5 5 5 5 5 5 5 5 5 5 5 5 5 5 5 5 5 5 5 5 5 5 5 5 5 5 5 5 5 5 5 5 5 5 5 5 5 5 5 5 5 5 5 5 5 5 5 5 5 5 5 5 5 5 5 5 5 5 5 5 5 5 5 5 5 5 5 5 5 5 5 5 5 5 5 5 5 5 5 5 5 5 5 5 5 5 5 5 5 5 5 5 5 5 5 5 5 5 5 5 5 5 5 5 5 5 5 5 5 5 5 5 5 5 5 5 5 5 5 5 5 5 5 5 5 5 5 5 5 5 5 5 5 5 5 5 5 5 5 5 5 5 5 5 5 5 5 5 5 5 5 5 5 5 5 5 5 5 5 5 5 5 5 5 5 5 5 5 5 5 5 5 5 5 5 5 5 5 5 5 5 5 5 5 5 5 5 5 5 5 5 5 5 5 5 5 5 5 5 5 5 5 5 5 5 5 5 5 5 5 5 5 5 5 5 5 5 5 5 5 5 5 5 5 5 5 5 5 5 5 5 5 5 5 5 5 5 5 5 5 5 5 5 5 5 5 5 5 5 5 5 5 5 5 5 5 5 5 5 5 5 5 5 5 5 5 5 5 5 5 5 5 5 5 5 5 5 5 5 5 5 5 5 5 5 5 5 5 5 5 5 5 5 5 5 5 5 5 5 5 5 5 5 5 5 5 5 5 5 5 5 5 5 5 5 5 5 5 5 5 5 5 5 5 5 5 5 5 5 5 5 5 5 5 5 5 5 5 5 5 5 5 5 5 5 5 5 5 5 5 5 5 5 5 5 5 5 5 5 5 5 5 5 5 5 5 5 5 5 5 5 5 5 5 5 5 5 5 5 5 5 5 5 5 5 5 5 5 5 5 5 5 5 5 5 5 5 5 5 5 5 5 5 5 5 5 5 5 5 5 5 5 5 5 5 5 5 5 5 5 5 5 5 5 5 5 5 5 5 5 5 5 5 5 5 5 5 5 5 5 5 5 5 5 5 5 5 5 5 5 5 5 5 5 5 5 5 5 5 5 5 5 5 5 5 5 5 5 5 5 5 5 5 5 5 5 5 5 5 5 5 5 5 5 5 5 5 5 5 5 5 5 5 5 5 5 5 5 5 5 5 5 5 5 5 5 5 5 5 5 5 5 5 5 5 5 5 5 5 5 5 5 5 5 5 5 5 5 5 5 5 5 5 5 5 5 5 5 5 5 5 5 5 5 5 5 5 5 5 5 5 5 5 5 5 5 5 5 5 5 5 5 5 5 5 5 5 5 5 5 5 5 5 5 5 5 5 5 5 5 5 5 5 5 5 5 5 5 5 5 5 5 5 5 5 5 5 5 5 5 5 5 5 5 5 5 5 5 5 5 5 5 5 5 5 5 5 5 5 5 5 5 5 5 5 5 5 5 5 5 5 5 5 5 5 5 5 5 5 5 5 5 5 5 5 5 5 5 5 5 5 5 5 5 5 5 5 5 5 5 5 5 5 5 5 5 5 5 5 5 5 5 5 5 5 5 5 5 5 5 5 5 5 5 5 5 5 5 5 5 5 5 5 5 5 5 5 5 5 5 5 5 5 5 5 5 5 5 5 5 5 5 5 5 5 5 5 5 5 5 5 5 5 5 5 5 5 5 5 5 5 5 5 5 5 5 5 5 5 5 5 5 5 5 5 5 5 5 5 5 5 5 5 5 5 5 5 5 5 5 5 5 5 5 5 5 5 5 5 5 5 5 5 5 5 5 5 5 5 5 5 5 5 5 5 5 5 5 5 5 5 5 5 5 5 5 5 5 5 5 5 5 5 5 5 5 5 5 5 5 5 5 5 5 5 5 5 5 5 5 5 5 5 5 5 5 5 5 5 5 5 5 5 5 5 5 5 5 5 5 5 5 5 5 5 5 5 5 5 5 5 5 5 5 5 5 5 5 5 5 5 5 5 5 5 5 5 5 5 5 5 5 5 5 5 5 5 5 5 5 5 5 5 5 5 5 5 5 5 5 5 5 5 5 5 5 5 5 5 5 5 5 5 5 5 5 5 5 5 5 5 5 5 5 5 5 5 5 5 5 5 5 5 5 5 5 5 5 5 5 5 5 5 5 5 5 5 5 5 5 5 5 5 5 5 5 5 5 5 5 5 5 5 5 5 5 5 5 5 5 5 5 5 5
    </DataArray>
   </Cells>
   <PointData>
    <DataArray type="Float32" Name="Acceptor Doping [log10(m^-3)]" NumberOfComponents="1" format="ascii">
0.0 0.0 0.0 0.0 0.0 0.0 0.0 0.0 0.0 0.0 0.0 0.0 0.0 0.0 0.0 0.0 0.0 0.0 0.0 0.0 0.0 0.0 0.0 0.0 0.0 0.0 0.0 0.0 0.0 0.0 0.0 0.0 0.0 0.0 0.0 0.0 0.0 0.0 0.0 0.0 0.0 0.0 0.0 0.0 0.0 0.0 0.0 0.0 0.0 0.0 0.0 0.0 0.0 0.0 0.0 0.0 0.0 0.0 0.0 0.0 0.0 0.0 0.0 0.0 0.0 0.0 0.0 0.0 0.0 0.0 0.0 0.0 0.0 0.0 0.0 0.0 0.0 0.0 0.0 0.0 0.0 0.0 0.0 0.0 0.0 0.0 0.0 0.0 0.0 0.0 0.0 0.0 0.0 0.0 0.0 0.0 0.0 0.0 0.0 0.0 0.0 0.0 0.0 0.0 0.0 0.0 0.0 0.0 0.0 0.0 0.0 0.0 0.0 0.0 0.0 0.0 0.0 0.0 0.0 0.0 0.0 0.0 0.0 0.0 0.0 0.0 0.0 0.0 0.0 0.0 0.0 0.0 0.0 0.0 0.0 0.0 0.0 0.0 0.0 0.0 0.0 0.0 0.0 0.0 0.0 0.0 0.0 0.0 0.0 0.0 0.0 0.0 0.0 0.0 0.0 0.0 0.0 0.0 0.0 0.0 0.0 0.0 0.0 0.0 0.0 0.0 0.0 0.0 0.0 0.0 0.0 0.0 0.0 0.0 0.0 0.0 0.0 0.0 0.0 0.0 0.0 0.0 0.0 0.0 0.0 0.0 0.0 0.0 0.0 0.0 0.0 0.0 0.0 0.0 0.0 0.0 0.0 0.0 0.0 0.0 0.0 0.0 0.0 0.0 0.0 0.0 0.0 0.0 0.0 0.0 0.0 0.0 0.0 0.0 0.0 0.0 0.0 0.0 0.0 0.0 0.0 0.0 0.0 0.0 0.0 0.0 0.0 0.0 0.0 0.0 0.0 0.0 0.0 0.0 0.0 0.0 0.0 0.0 0.0 0.0 0.0 0.0 0.0 0.0 0.0 0.0 0.0 0.0 0.0 0.0 0.0 0.0 0.0 0.0 0.0 0.0 0.0 0.0 0.0 0.0 0.0 0.0 0.0 0.0 0.0 0.0 0.0 0.0 0.0 0.0 0.0 0.0 0.0 0.0 0.0 0.0 0.0 0.0 0.0 0.0 0.0 0.0 0.0 0.0 0.0 0.0 0.0 0.0 0.0 0.0 0.0 0.0 0.0 0.0 0.0 0.0 0.0 0.0 0.0 0.0 0.0 0.0 0.0 0.0 0.0 0.0 0.0 0.0 0.0 0.0 0.0 0.0 0.0 0.0 0.0 0.0 0.0 0.0 0.0 0.0 0.0 0.0 0.0 0.0 0.0 0.0 0.0 0.0 0.0 0.0 0.0 0.0 0.0 0.0 0.0 0.0 0.0 0.0 0.0 0.0 0.0 0.0 0.0 0.0 0.0 0.0 0.0 0.0 0.0 0.0 0.0 0.0 0.0 0.0 0.0 0.0 0.0 0.0 0.0 0.0 0.0 0.0 0.0 0.0 0.0 0.0 0.0 0.0 0.0 0.0 0.0 0.0 0.0 0.0 0.0 0.0 0.0 0.0 0.0 0.0 0.0 0.0 0.0 0.0 0.0 0.0 0.0 0.0 0.0 0.0 0.0 0.0 0.0 0.0 0.0 0.0 0.0 0.0 0.0 0.0 0.0 0.0 0.0 0.0 0.0 0.0 0.0 0.0 0.0 0.0 0.0 0.0 0.0 0.0 0.0 0.0 0.0 0.0 0.0 0.0 0.0 0.0 0.0 0.0 0.0 0.0 0.0 0.0 0.0 0.0 0.0 0.0 0.0 0.0 0.0 0.0 0.0 0.0 0.0 0.0 0.0 0.0 0.0 0.0 0.0 0.0 0.0 0.0 0.0 0.0 0.0 0.0 0.0 0.0 0.0 0.0 0.0 0.0 0.0 0.0 0.0 0.0 0.0 0.0 0.0 0.0 0.0 0.0 0.0 0.0 0.0 0.0 0.0 0.0 0.0 0.0 0.0 0.0 0.0 0.0 0.0 0.0 0.0 0.0 0.0 0.0 0.0 0.0 0.0 0.0 0.0 0.0 0.0 0.0 0.0 0.0 0.0 0.0 0.0 0.0 0.0 0.0 0.0 0.0 0.0 0.0 0.0 0.0 0.0 0.0 0.0 0.0 0.0 0.0 0.0 0.0 0.0 0.0 0.0 0.0 0.0 0.0 0.0 0.0 0.0 0.0 0.0 0.0 0.0 0.0 0.0 0.0 0.0 0.0 0.0 0.0 0.0 0.0 0.0 0.0 0.0 0.0 0.0 0.0 0.0 0.0 0.0 0.0 0.0 0.0 0.0 0.0 0.0 0.0 0.0 0.0 0.0 0.0 0.0 0.0 0.0
    </DataArray>
    <DataArray type="Float32" Name="Donor Doping [log10(m^-3)]" NumberOfComponents="1" format="ascii">
26.177449344270293 26.2050415517156 26.211147520866678 26.206292435073543 26.1946414378849 26.1761480098957 26.148252806740633 26.10345643479058 26.014890784241288 25.77855309515446 25.299942900022767 26.130286930857967 26.163951121594298 26.177774608106898 26.17830104884243 26.170540465325377 26.15473321959831 26.128491317065933 26.08421453856963 25.994374670108748 25.75686682990849 25.299942900022767 25.987159420121564 26.04066480805418 26.080371226260038 26.096982734335665 26.10035355833427 26.09209519838202 26.070348003473395 26.02712179547676 25.933093245115618 25.694181010196417 25.299942900022767 25.7570082824269 25.83090815835007 25.9216646018113 25.965390751197884 25.98623614959847 25.98940926968753 25.973963866062444 25.930989488517056 25.829574819580298 25.597431091248435 25.299942900022767 25.491703709501813 25.54547413598352 25.69366684337167 25.775188348644537 25.820897580974716 25.839482647368598 25.831194098319784 25.786714300811692 25.679590309311457 25.480525760537752 25.299942900022767 25.271284313617663 25.267460595284867 25.41972466274728 25.517826919176112 25.582341442609955 25.617229222988275 25.618512939449417 25.578948931108066 25.490621998359742 25.367582492056393 25.299942900022767 25.11346045236028 25.06957847364569 25.19473031387891 25.27568067203116 25.32422614334928 25.35291026544135 25.36097603261897 25.346745320825192 25.31596399017307 25.284341682006932 25.299942900022767 24.986379223619675 24.92643405509723 25.040235656690847 25.119895885387184 25.162292788696966 25.18221796482333 25.19163015864065 25.1986916603282 25.21019308787945 25.234393864857278 25.299942900022767 24.868240020441807 24.80275879147188 24.91581827862372 25.007860928523428 25.066419792555134 25.09934728288703 25.11866607994397 25.135737534850595 25.16094575901433 25.208623283462508 25.299942900022767 24.74877500004727 24.68263984494957 24.799323602632015 24.905813393201154 24.984807494292824 25.03780735164554 25.07365106234548 25.102861281754905 25.137845698805386 25.198023944248142 25.299942900022767 24.620034209206175 24.557652471641894 24.68183133314081 24.80344378157917 24.902983752422458 24.97756705240193 25.032749883421438 25.078203607774697 25.12758797504913 25.196028856283494 25.299942900022767 24.470012029409673 24.421025425464396 24.55610939925965 24.69507988866466 24.817482313570657 24.916384643530296 24.99475922168931 25.061508903635648 25.127088458502275 25.19859882265863 25.299942900022767 24.274393053648613 24.25517977699864 24.414218699562902 24.57795327746128 24.729370637668108 24.860946026969312 24.964106250595435 25.053140100000096 25.13054242001917 25.20276532357134 25.299942900022767 23.948738143504176 23.930445291517806 24.116973255393265 24.364751653927677 24.612411737298043 24.83998701408683 24.939082987972064 25.04909612081145 25.13819477923615 25.208030971492818 25.299942900022767 23.73064176736487 23.681467548887046 23.858447181372703 24.10596468389616 24.373044814478586 24.62551066415295 24.845665935382677 25.03736305233113 25.19140167091207 25.21572029716908 25.299942900022767 23.602670931307234 23.518073014320564 23.677636756576934 23.924506823934493 24.205024393848056 24.479402898451642 24.726586822727647 24.933492547991502 25.0938271500826 25.208134715194337 25.299942900022767 23.532782432388135 23.43185306392789 23.5823592978108 23.831081784200496 24.11971180284741 24.40987210817205 24.673912648211225 24.896817985710932 25.07291671694743 25.20489029800888 25.299942900022767 23.49102673742456 23.38266319094801 23.532823067763825 23.78619501680576 24.07870361735509 24.375861091724 24.64960308899308 24.88206996926083 25.06619470910761 25.203285275034666 25.299942900022767 23.461455423341235 23.347865419765622 23.499519272591478 23.75563779374043 24.05144061678732 24.353691108027505 24.633705328747844 24.87247969420038 25.06187833353238 25.202221731012568 25.299942900022767 23.43791724986213 23.320004244387498 23.472681802028386 23.730846709922872 24.029183526115304 24.335647654223553 24.62081928704381 24.864683339817645 25.0583171824047 25.20134038853624 25.299942900022767 23.417716055278763 23.29630220456739 23.44987383639645 23.709748788851016 24.010137684095355 24.320071836177682 24.609626981390512 24.857909653285084 25.055186223154358 25.200558425625772 25.299942900022767 23.399748152576258 23.275534293180797 23.43004580318191 23.691414487362152 23.993506593535283 24.30637975359893 24.599723755665988 24.851870969090072 25.052369614961854 25.19984579527251 25.299942900022767 23.38348437875249 23.257068057463815 23.412612156615825 23.675315379739015 23.978865965434597 24.294259379456253 24.590901532197194 24.846443794523854 25.049813041060336 25.19918680790311 25.299942900022767 23.368655964665148 23.240532516384008 23.397190468218394 23.661109205280905 23.965924755137912 24.28349510456441 24.583020231364525 24.841556444011786 25.04748727498573 25.19857469899037 25.299942900022767 23.355118216101392 23.225682127597942 23.383503796442394 23.6485367834239 23.954458313050445 24.27391898770323 24.575972100161206 24.837155467737016 25.04537315283161 25.19800699638084 25.299942900022767 23.342837137066933 23.212334225127414 23.371335868533613 23.637390595683428 23.9442840143096 24.265392708894012 24.569667873111285 24.833200160828564 25.043455233179284 25.19748264169608 25.299942900022767 23.33166124369184 23.20034093383271 23.36050894278817 23.627498190257185 23.93524839434418 24.257798408958237 24.564030483769095 24.82964741193314 25.04171937177157 25.197000663009387 25.299942900022767 23.321516651249034 23.18970023566615 23.350871414712056 23.618712504895054 23.92721960566755 24.25103342037786 24.558991636815428 24.826458441123183 25.040151905295637 25.19655971735902 25.299942900022767 23.3123321524218 23.180292714636206 23.34229131240223 23.610906163608362 23.9200828691919 24.24500721095847 24.554490032201247 24.823599288323454 25.03873948787068 25.196158017250223 25.299942900022767 23.304037480652728 23.171854782934822 23.334652542786316 23.60396790897688 23.91373757367881 24.239641416943268 24.550470430075453 24.821038567539674 25.037469173099613 25.195793416403077 25.299942900022767 23.296563556594776 23.164294654973578 23.327852494677156 23.597800156812433 23.90809525006908 24.234863569574834 24.546883054286237 24.818747380635262 25.036328564272207 25.19546353659643 25.299942900022767 23.28984332974865 23.157528399802693 23.321800322496426 23.592317151408707 23.90307800537758 24.230609261889047 24.543683144641967 24.81669926902737 25.035305951242776 25.195165889248727 25.299942900022767 23.28381266323067 23.151479456379484 23.316415590562258 23.587443481220344 23.898617244018226 24.226822394409794 24.540830568416293 24.81487015409513 25.034390415537928 25.194897981821924 25.299942900022767 23.278411046716435 23.146078258361417 23.311627130169374 23.583112832416887 23.8946525826062 24.223453280373043 24.538289455504493 24.813238249071095 25.033571882701352 25.19465738355674 25.299942900022767 23.27358207873661 23.141261867054737 23.307372034611483 23.57926690821948 23.891130897988408 24.22045797950683 24.536027841896125 24.811783943071493 25.03284114121135 25.19444177738378 25.299942900022767 23.26927373127573 23.13697358286972 23.30359476397892 23.575854483883578 23.888005487076153 24.217797692249594 24.53401732352307 24.81048966454537 25.032189833486385 25.194248992896917 25.299942900022767 23.26543843643176 23.1331625372732 23.30024634551197 23.572830578389652 23.88523532512846 24.215438210754467 24.532232725218545 24.8093397329534 25.03161042580123 25.194077024370504 25.299942900022767 23.2620330403512 23.129783273345474 23.29728366080592 23.57015572935483 23.88278441282506 24.21334942476855 24.530651789909932 24.808320207159767 25.031096165135338 25.19392403822291 25.299942900022767 23.259018665643723 23.126795330003173 23.294668813901147 23.567795360198712 23.880621203938283 24.211504880432813 24.529254891751147 24.80741873691251 25.030641029071777 25.193788373340215 25.299942900022767 23.256360516225218 23.12416294031473 23.29236857427368 23.565719230198653 23.87871810637361 24.209881389695934 24.52802477547232 24.806624421908786 25.03023967314085 25.193668536801386 25.299942900022767 23.25402765084909 23.121856078851735 23.290353888763438 23.56390095853899 23.877051049319164 24.208458687164786 24.526946322575977 24.805927681191733 25.02988737862526 25.193563196853724 25.299942900022767 23.251992744726195 23.119845017022556 23.28860061272032 23.562317614135946 23.875599109587373 24.20721913075298 24.526006343902125 24.805320134377162 25.029580002818957 25.193471174456956 25.299942900022767 23.25023185293623 23.118105567676192 23.287087781583555 23.5609493637818 23.874344190731513 24.206147442463834 24.525193397669003 24.804794495466997 25.029313932968613 25.193391434305717 25.299942900022767 23.248724185139977 23.116616813932197 23.28579397669181 23.55977917189791 23.873270749055845 24.205230485539204 24.52449763138083 24.804344479200857 25.02908604447667 25.193323075937784 25.299942900022767 23.247451897594836 23.115360860528043 23.28470317456832 23.558792545885023 23.872365561260228 24.204457074435357 24.52391064586608 24.803964719276742 25.028893663563828 25.19326532537983 25.299942900022767 23.246399906548376 23.114322618296494 23.28380191580862 23.557977322324714 23.87161752926573 24.203817814451376 24.523425379708623 24.80365069823757 25.028734537222128 25.19321752778531 25.299942900022767 23.245555725102086 23.113499670543277 23.283079114889773 23.557323489754154 23.8710175184645 24.20330496837306 24.52303601266721 24.803398688796396 25.028606803558848 25.19317914046671 25.299942900022767 23.24490932499497 23.112877607383442 23.282525904811152 23.55682304437125 23.870558225991942 24.2029123475271 24.52273788640202 24.80320570548439 25.02850896940171 25.193149727177968 25.299942900022767 23.24445302341327 23.112438491388346 23.28213551335133 23.556469875591596 23.870234076331055 24.20263522527111 24.522527441316953 24.80306946567505 25.02843989210038 25.19312895346379 25.299942900022767 23.24418139509535 23.112177095233406 23.281903168899703 23.556259679229647 23.87004114216549 24.202470271311512 24.522402168492974 24.80298835980963 25.02839876543443 25.19311658302667 25.299942900022767 23.24409120984741 23.112090307508645 23.28182603452449 23.55618989673509 23.869977088962244 24.202415505653452 24.52236057592565 24.802961430445205 25.0283851096342 25.193112475127617 25.299942900022767
    </DataArray>
    <DataArray type="Float32" Name="Potential [V]" NumberOfComponents="1" format="ascii">
2.7892211063141836 2.805708086096721 2.820792123676771 2.83402343547693 2.8459980170400345 2.8572411297493012 2.868198268508145 2.879420692286777 2.8922549384787164 2.912015433203603 2.9548001098849714 2.786415015920897 2.803361734874906 2.8189863644386652 2.832581432954028 2.84478793747612 2.8561860241995696 2.867261156688629 2.87860640978487 2.8916520645462134 2.9118447493548065 2.9548001098849714 2.7778991511923232 2.7963566445616506 2.8136349121017714 2.828325774720646 2.8412266201194973 2.8530929115009207 2.864535794796385 2.8762831545773166 2.8900230714407598 2.911522354683651 2.9548001098849714 2.7642055157364203 2.7850296743005156 2.804822429709888 2.821278914579647 2.8353479311924175 2.8480391226495825 2.860177276865661 2.872742171519027 2.887856481217144 2.9115332023593186 2.9548001098849714 2.7484203054489087 2.771355306631946 2.79317354328553 2.811550880616902 2.82716239498869 2.8411048444737164 2.8544390738939858 2.8685178654294194 2.8859739766006465 2.912463398439516 2.9548001098849714 2.7353056935252766 2.758899452883796 2.7813003351404046 2.8007992174122847 2.817774942289123 2.8332415691692003 2.848400410863397 2.8649325537503167 2.8856304428334836 2.9146931652483983 2.9548001098849714 2.725915418752145 2.749310947809139 2.7719967864023336 2.7923795933916913 2.8105848546936723 2.8276568179190464 2.8449889023637 2.8643453479845706 2.8879669576792866 2.9180749999672915 2.9548001098849714 2.718354282895538 2.74194537117837 2.765452090693225 2.7873530308068624 2.807461189864673 2.826615093193838 2.8461687171432 2.867686422096186 2.892669364230033 2.921988299230336 2.9548001098849714 2.711325183680244 2.7357132176847005 2.7605332035252683 2.784440744542992 2.8069878765491607 2.8286141720474047 2.8503119097645566 2.873238094182505 2.8983237458693925 2.9258191292083993 2.9548001098849714 2.7042172003984706 2.729728935489623 2.756118760870845 2.7822016656244175 2.8073195014846934 2.8314770110347203 2.8551787971144447 2.8791099430142166 2.903780512398279 2.929214018895883 2.9548001098849714 2.6965573231728297 2.7232797941888833 2.7513601195199233 2.779631909900873 2.807255094288496 2.8338523316906143 2.8594446719481876 2.884259184537711 2.9084715264324426 2.9320340959413085 2.9548001098849714 2.6876312363369754 2.715685651878572 2.7456521040148796 2.7761339556916127 2.806155941768221 2.83507343730518 2.862497137600237 2.8882462488761207 2.912186215767434 2.9342504895279173 2.9548001098849714 2.6759922109158496 2.706227191252305 2.738659103124779 2.771474398357355 2.8037906371817303 2.8349034883867743 2.8641013282580166 2.8909032398794863 2.9148560737416824 2.935874687756217 2.9548001098849714 2.6566162492386196 2.6945099664481633 2.7305761130972748 2.7658035622067 2.8002114495275996 2.833336972137028 2.864171143879205 2.892171339528501 2.9165147328049215 2.9369454714458167 2.9548001098849714 2.6436398533840513 2.6846966098379488 2.723091690803562 2.7600173737307068 2.7958161146848366 2.8302573958983333 2.862630938313901 2.8920177625513497 2.9172605513390657 2.937487678493691 2.9548001098849714 2.636025787272915 2.6776269370299173 2.717008210290502 2.754911105789157 2.7916119990433477 2.8269350924642764 2.860238498908467 2.890464944246579 2.9163764039157125 2.9373658465168213 2.9548001098849714 2.631867530067043 2.6728495061716204 2.7123837641735036 2.7507339147692966 2.787991050931501 2.8239380985223117 2.8579327665790415 2.888875396911731 2.9154760494463505 2.93708083007405 2.9548001098849714 2.629383131029235 2.669579569550648 2.7089266627498083 2.747419497802577 2.7849982729086844 2.821384465418001 2.8559163185503182 2.887464021903324 2.9146701709314424 2.93677395181685 2.9548001098849714 2.6276236837413998 2.667210749647626 2.7063021373779566 2.7447964448924713 2.782551340759796 2.8192424178143813 2.854186844370995 2.886228314324192 2.913945508498004 2.9364779206453866 2.9548001098849714 2.6262231989549707 2.6653853225130955 2.704250958557083 2.7426969503665304 2.780545891939215 2.8174485675487007 2.8527084123820114 2.885148814078815 2.913295255778751 2.936202282450198 2.9548001098849714 2.625021259233233 2.663901959723212 2.702596140382921 2.7409870975024027 2.778888114873674 2.8159409818559547 2.851443990268619 2.8842078304542165 2.912715945229034 2.935950992805818 2.9548001098849714 2.623952196911926 2.6626493441958434 2.7012226064231633 2.739568335072611 2.777502067980753 2.8146660621512947 2.8503600729355782 2.883388713817227 2.912203225329636 2.935725150963057 2.9548001098849714 2.622984527613782 2.6615638071470684 2.700056134717386 2.7383706016521034 2.7763293133990383 2.813579809296518 2.849427456946147 2.8826756742525794 2.9117513713051975 2.9355240066889996 2.9548001098849714 2.622102259992014 2.6606075059140215 2.699048349136021 2.7373445889355725 2.7753259098503382 2.8126471255315697 2.848621384978949 2.882054127076891 2.9113539228573284 2.935345766338124 2.9548001098849714 2.6212967849655477 2.6597570287024213 2.6981670358822996 2.736455416871512 2.77445904338544 2.8118404237242913 2.847921307765051 2.881511063093938 2.9110043711923588 2.935188179485718 2.9548001098849714 2.620566079825493 2.658997380557347 2.6973900184729493 2.7356779900948487 2.7737041010047894 2.8111381245983758 2.8473104024071363 2.881035220250975 2.9106966195731028 2.9350489115723692 2.9548001098849714 2.6199011315167184 2.6583162048516895 2.6967009375956614 2.7349937191686036 2.7730423830439466 2.810523304262923 2.8467749848284605 2.8806170179701684 2.9104252069314342 2.9349257495464833 2.9548001098849714 2.619297544012646 2.6577044387065403 2.6960875176629338 2.7343885189571413 2.7724594667438605 2.8099825971805514 2.8463039405401624 2.8802484161968884 2.9101853789511356 2.934816697796613 2.9548001098849714 2.6187510805884586 2.6571548300033827 2.695540200372197 2.733851441994075 2.7719440330428653 2.8095053405926054 2.845888216381858 2.8799227093641715 2.9099730633087817 2.934720006747751 2.9548001098849714 2.6182575604930562 2.6566612349054655 2.6950512588710023 2.7333737507121136 2.7714870297710235 2.809082922496535 2.8455203907858557 2.87963430213019 2.90978479666247 2.9346341647683074 2.9548001098849714 2.6178128736125137 2.656218280252225 2.69461425023524 2.7329482959995604 2.771081079116708 2.8087082894351245 2.8451943262964807 2.8793785074448532 2.9096176375481675 2.9345578737963685 2.9548001098849714 2.6174130305461984 2.655821168238781 2.6942236708465286 2.732569100973067 2.7707200612490164 2.8083755867461675 2.8449048981655283 2.8791513757005927 2.9094690821218427 2.934490020190894 2.9548001098849714 2.6170542152490834 2.655465570740519 2.6938747379871435 2.732231080629633 2.7703988210079857 2.808079893813016 2.844647785436158 2.8789495555729947 2.90933698999367 2.9344296465483155 2.9548001098849714 2.616732827450789 2.6551475680954457 2.693563247913858 2.731929850439132 2.770112959626384 2.807817028017244 2.8444193112458716 2.8787701832141503 2.9092195220864 2.9343759267585687 2.9548001098849714 2.616445511351437 2.6548636097508576 2.6932854800951556 2.7316615930448025 2.7698586854404175 2.8075834004049973 2.8442163214492973 2.8786107952531372 2.909115090105255 2.934328145081606 2.9548001098849714 2.616189171364863 2.6546104853822645 2.6930381294726176 2.731422963000514 2.769632705242907 2.8073759084308163 2.8440360922319816 2.8784692608820213 2.9090223160677047 2.934285679027026 2.9548001098849714 2.6159609772747303 2.6543853008871596 2.692818255979417 2.731211016593235 2.7694321436629776 2.8071918552391373 2.8438762593326574 2.8783437288000546 2.908940000065293 2.9342479855055568 2.9548001098849714 2.615758361493738 2.6541854566741363 2.6926232449617564 2.7310231584405975 2.7692544819998512 2.8070288879670136 2.843734763262727 2.878232585534136 2.9088670945570234 2.9342145896620604 2.9548001098849714 2.6155790108775077 2.6540086272077525 2.692450774773913 2.730857099545904 2.769097510723807 2.8068849497619404 2.8436098063644386 2.8781344224039915 2.9088026837592853 2.934185075847582 2.9548001098849714 2.6154208551130442 2.6538527415210944 2.692298789367343 2.73071082340715 2.7689592917497623 2.8067582417978856 2.8434998186780804 2.878048009055949 2.9087459669875364 2.934159080276111 2.9548001098849714 2.6152820532442007 2.653715964731648 2.692165474597173 2.7305825579923666 2.7688381278616214 2.8066471926969694 2.8434034304350546 2.877972272019929 2.9086962450680076 2.9341362850052946 2.9548001098849714 2.6151609794884374 2.653596680443149 2.6920492374886162 2.730470752160187 2.7687325375165055 2.8065504335515823 2.843319449614401 2.8779062771543673 2.9086529091558257 2.9341164129639803 2.9548001098849714 2.6150562091601626 2.6534934748680614 2.6919486878852505 2.7303740555785176 2.7686412338268402 2.8064667772891525 2.8432468434484246 2.8778492151522284 2.9086154314663006 2.9340992238178005 2.9548001098849714 2.6149665052664637 2.653405122094849 2.691862622242266 2.7302913015711847 2.7685631069158587 2.8063952015031526 2.843184723081616 2.8778003895061866 2.908583357555606 2.9340845105174242 2.9548001098849714 2.6148908061323524 2.653330571071268 2.6917900101450702 2.7302214926133455 2.768497209098729 2.806334834129661 2.8431323308101604 2.8777592064941424 2.908556299883629 2.934072096414755 2.9548001098849714 2.6148282142979715 2.6532689341087132 2.691729982165367 2.7301637879075433 2.7684427424208056 2.8062849415070152 2.8430890294833104 2.877725166864582 2.9085339324675066 2.9340618328624912 2.9548001098849714 2.6147779868122423 2.6532194771463407 2.6916818195550873 2.7301174929086183 2.76839904826918 2.8062449184956035 2.8430542937635375 2.877697858981784 2.908515986454474 2.9340535972251938 2.9548001098849714 2.614739527009201 2.6531816101266448 2.6916449453919635 2.7300820506288748 2.7683655988571627 2.806214280428689 2.843027703026967 2.8776769532614943 2.908502246530798 2.9340472912629267 2.9548001098849714 2.614712377773354 2.6531548806066696 2.691618917796465 2.730057034770112 2.7683419904695277 2.8061926567350226 2.8430089357449897 2.877662197767494 2.9084925480788444 2.934042839850873 2.9548001098849714 2.6146962163100547 2.6531389694564385 2.691603424918525 2.730042144536942 2.7683279383404114 2.8061797861037214 2.842997765227248 2.877653414874966 2.908486775020905 2.934040190007698 2.9548001098849714 2.6146908504277864 2.6531336867565467 2.6915982811634915 2.730037200932296 2.76832327304319 2.8061755130906363 2.8429940566379686 2.877650498932198 2.908484858307438 2.9340393102139206 2.9548001098849714
    </DataArray>
    <DataArray type="Float32" Name="Electron density [log10(m^-3)]" NumberOfComponents="1" format="ascii">
26.177449344270293 26.181609846311748 26.19050193850822 26.190560213538387 26.18239056014701 26.166456944534 26.141336040175805 26.103377263365594 26.046852284694122 25.960917808904142 25.299942900022767 26.130286930857967 26.1386246607723 26.154970942635952 26.161246520165317 26.157546469101664 26.144698014312137 26.121661793062437 26.08515965021557 26.03007179432164 25.94630269278291 25.299942900022767 25.987159420121564 26.009516926611678 26.049112590217888 26.07441990485759 26.08409021759279 26.080366763126452 26.063514440425177 26.031467619472323 25.980910542286622 25.90309614513664 25.299942900022767 25.7570082824269 25.799903520466767 25.874874218844052 25.931139486289585 25.96279420455676 25.974183469118767 25.96784994511067 25.943920270489443 25.90180882382138 25.831945462522025 25.299942900022767 25.491703709501813 25.54720940838295 25.646691271354236 25.735252235648066 25.794066260663346 25.825925250596853 25.83510695054851 25.824410003851725 25.795354441869385 25.731799646441583 25.299942900022767 25.271284313617663 25.318600458139056 25.412071475519763 25.514332428530984 25.593013090282735 25.64487731294602 25.672757317072893 25.6796506720902 25.664705088765444 25.603821746368492 25.299942900022767 25.11346045236028 25.140767202977756 25.211855540486802 25.312714130515076 25.400531638520963 25.464991556962513 25.506509973699075 25.52556335886143 25.51759115388704 25.464229685231384 25.299942900022767 24.986379223619675 24.995246417932425 25.041329719245343 25.13429128647912 25.22722354363779 25.300301795672063 25.349357699319054 25.37370110997324 25.37164228009665 25.339791047980444 25.299942900022767 24.868240020441807 24.862668980347213 24.88503568127222 24.965353348613853 25.06041053341395 25.141838777395122 25.19973306715937 25.23286579445778 25.244082607845254 25.245935853621205 25.299942900022767 24.74877500004727 24.731298468173527 24.732407910724174 24.7965839603675 24.89110796634703 24.98256030433051 25.05440978041716 25.103656764599798 25.13772269581756 25.181667315869667 25.299942900022767 24.620034209206175 24.591652573020202 24.575119552457146 24.621312536175438 24.711892976505826 24.8138193535678 24.904833842061883 24.979339669495708 25.047987903255276 25.138943824137648 25.299942900022767 24.470012029409673 24.431751728001558 24.404003595478102 24.433803858352665 24.517656855451836 24.629716518358173 24.745507497182267 24.856390101901106 24.97148627219872 25.110161239785583 25.299942900022767 24.274393053648613 24.234058658564575 24.20931349197443 24.22977363225736 24.305968096260862 24.428931687476783 24.577111409806033 24.736115904843338 24.906095028534075 25.08968779496246 25.299942900022767 23.948738143504176 23.981103966060775 23.99004611988275 24.010471414527057 24.078170699007167 24.220625002387177 24.406794643783723 24.621227649206276 24.850017347131367 25.073921672252983 25.299942900022767 23.73064176736487 23.773458733445455 23.797455948774736 23.818711302826664 23.874747680783887 24.01275959055291 24.231803815956564 24.51052982734481 24.80323305057332 25.060281850201605 25.299942900022767 23.602670931307234 23.63310913768098 23.652544265079904 23.665927952162516 23.703705278908647 23.82922142903071 24.0780869805355 24.409566266318297 24.747333670348016 25.041848225209566 25.299942900022767 23.532782432388135 23.54763979192916 23.55521690185367 23.555906551468198 23.574323355601397 23.68556067019681 23.955541456728795 24.328916492820486 24.703844901677957 25.02654291910169 25.299942900022767 23.49102673742456 23.495385526281897 23.492897540321852 23.482219654594203 23.48452436180488 23.582960232865386 23.867096872686542 24.271023664832764 24.67295825012663 25.014976699340085 25.299942900022767 23.461455423341235 23.46044132534146 23.451921140011436 23.433719942390766 23.424776647633834 23.512876607642653 23.805157208087806 24.229681721261038 24.650392622399497 25.006114907246054 25.299942900022767 23.43791724986213 23.434409282237315 23.422886236341203 23.400584205588256 23.384705584343877 23.464983257744706 23.761124477319402 24.19915047998024 24.633108409746963 24.99905315868648 25.299942900022767 23.417716055278763 23.413196890464803 23.40044358355253 23.37627963412001 23.356489719877406 23.431082432462848 23.728587700749934 24.175595405545604 24.6192784910491 24.993221484431878 25.299942900022767 23.399748152576258 23.394928245558763 23.381834900645355 23.35705660727813 23.335217641781018 23.40575297886105 23.703407421923664 24.15666705461214 24.607829509009548 24.98828013400955 25.299942900022767 23.38348437875249 23.378696865651253 23.365673258847664 23.34091041958426 23.318091194965863 23.38573793485271 23.6830717405012 24.140956627754576 24.598120346326027 24.984021603138107 25.299942900022767 23.368655964665148 23.364026298606852 23.351253507199765 23.3267995541303 23.303590955518633 23.369168913164042 23.6660858955356 24.127607970072585 24.589751783937118 24.980311565621385 25.299942900022767 23.355118216101392 23.350686739973476 23.338223467383152 23.314191477666043 23.290908527366653 23.354988603906584 23.651552089779816 24.1160817026135 24.582460544917314 24.97705665032216 25.299942900022767 23.342837137066933 23.33856708219081 23.32640025892208 23.302807922673665 23.279609676003286 23.342590151408324 23.63891367817638 24.106020742948992 24.57606194952676 24.974187519033176 25.299942900022767 23.33166124369184 23.327544849397512 23.31565345741945 23.29248289695481 23.269446740445108 23.331609696446648 23.62780803097945 24.097174848720265 24.570418885281203 24.971649978572323 25.299942900022767 23.321516651249034 23.317535208827383 23.305890419981313 23.283107970906773 23.260266936212926 23.3218148442371 23.617984772086825 24.089359303713714 24.56542489356346 24.96940018703439 25.299942900022767 23.3123321524218 23.308465399107178 23.297036542806833 23.27460303487417 23.251965783808973 23.313045432449194 23.609260602654736 24.08243157608511 24.560994526438535 24.96740187729472 25.299942900022767 23.304037480652728 23.300266713974356 23.28902488327231 23.266901147891375 23.244463249664406 23.305182001308445 23.601494052325076 24.076277618165513 24.55705750016108 24.965624592206776 25.299942900022767 23.296563556594776 23.292872698573266 23.281792104064202 23.25994155232775 23.237691900461208 23.29812895784747 23.594571095299006 24.07080361167178 24.553554952781237 24.9640424707977 25.299942900022767 23.28984332974865 23.286218990558794 23.27527727045004 23.253666887997362 23.23159134101115 23.291805701651327 23.58839677230589 24.06593077234485 24.550436917741006 24.962633364292984 25.299942900022767 23.28381266323067 23.280243853833383 23.269421880517623 23.248022404138162 23.226105819308643 23.28614192382111 23.582890146950668 24.0615919306435 24.54766053982336 24.961378168817305 25.299942900022767 23.278411046716435 23.27488879713 23.26417029148957 23.242956000306997 23.221183336187323 23.2810750736014 23.577981141050273 24.057729182755903 24.545188768657486 24.960260308827067 25.299942900022767 23.27358207873661 23.270099065183583 23.25947017107547 23.238418523773003 23.216775407514312 23.276548964574896 23.573608459740065 24.05429221522106 24.542989376878303 24.95926533348976 25.299942900022767 23.26927373127573 23.265823949860106 23.255272835383792 23.234364069676495 23.212837059520908 23.27251295425869 23.569718161239283 24.051237069294455 24.54103420655114 24.958380597962847 25.299942900022767 23.26543843643176 23.262016932398772 23.251533442009443 23.230750190268758 23.209326866658966 23.268921405837684 23.566262618727293 24.048525201970758 24.539298580110962 24.957595009221116 25.299942900022767 23.2620330403512 23.258635689949294 23.248211051642855 23.227537994379983 23.206206956816214 23.265733286198255 23.563199729433084 24.046122753357913 24.537760832280952 24.956898821337614 25.299942900022767 23.259018665643723 23.25564200329049 23.245268586619055 23.224692149619177 23.203442963722786 23.26291183022297 23.5604922865817 24.043999961812005 24.536401932472447 24.956283468874354 25.299942900022767 23.256360516225218 23.253001598918257 23.24267271655537 23.222180810046613 23.201003930285843 23.260424239894615 23.55810746421439 24.04213068793085 24.53520517598632 24.95574142987053 25.299942900022767 23.25402765084909 23.250683952466005 23.240393697450372 23.219975492646327 23.198862175121935 23.258241405708155 23.55601638462455 24.040492021070822 24.53415592847564 24.95526611207597 25.299942900022767 23.251992744726195 23.248662069800424 23.238405184912626 23.21805092262321 23.196993135979994 23.256337646716737 23.554193749632997 24.039063950252793 24.533241412476226 24.954851757720526 25.299942900022767 23.25023185293623 23.24691227170452 23.236684037312955 23.21638486357276 23.195375202443223 23.25469046935973 23.552617523732767 24.037829086791138 24.532450527895012 24.954493363335494 25.299942900022767 23.248724185139977 23.24541398098685 23.235210118886208 23.21495794490781 23.19398954827421 23.25328034664558 23.551268661213925 24.036772429638503 24.531773700546218 24.9541866120562 25.299942900022767 23.247451897594836 23.244149525468973 23.233966123462103 23.213753499422307 23.192819972152005 23.252090519413485 23.550130871796682 24.035881166927403 24.531202754405054 24.95392781650665 25.299942900022767 23.246399906548376 23.243103960086387 23.23293740539766 23.212757409801494 23.191852749224317 23.251106819778173 23.549190420595504 24.035144508913618 24.530730804462223 24.953713870858838 25.299942900022767 23.245555725102086 23.2422649138434 23.232111830495413 23.211957970266774 23.191076497426945 23.25031751741465 23.54843595942782 24.034553548692465 24.530352167354625 24.953542210860228 25.299942900022767 23.24490932499497 23.241622437034312 23.231479640378897 23.211345764330368 23.190482061115222 23.24971318938348 23.547858387365313 24.034101148110793 24.53006228839196 24.95341078116692 25.299942900022767 23.24445302341327 23.241168897729718 23.231033350187456 23.210913567942246 23.1900624167788 23.249286614770668 23.547450739050213 24.03378184686922 24.529857683498914 24.953318009354 25.299942900022767 23.24418139509535 23.24089891054477 23.230767673650835 23.21065627631297 23.189812600652076 23.249032693696726 23.54720809935893 24.033591793301145 24.529735895021727 24.953262786130058 25.299942900022767 23.24409120984741 23.24080926963221 23.230679463194978 23.210570849009308 23.18972965594231 23.24894838945781 23.54712754315139 24.0335286956817 24.529695460660662 24.95324445142539 25.299942900022767
    </DataArray>
    <DataArray type="Float32" Name="Hole density [log10(m^-3)]" NumberOfComponents="1" format="ascii">
0.0 0.0 0.0 0.0 0.0 0.0 0.0 0.0 0.0 0.0 0.0 0.0 0.0 0.0 0.0 0.0 0.0 0.0 0.0 0.0 0.0 0.0 0.0 0.0 0.0 0.0 0.0 0.0 0.0 0.0 0.0 0.0 0.0 0.0 0.0 0.0 0.0 0.0 0.0 0.0 0.0 0.0 0.0 0.0 0.0 0.0 0.0 0.0 0.0 0.0 0.0 0.0 0.0 0.0 0.0 0.0 0.0 0.0 0.0 0.0 0.0 0.0 0.0 0.0 0.0 0.0 0.0 0.0 0.0 0.0 0.0 0.0 0.0 0.0 0.0 0.0 0.0 0.0 0.0 0.0 0.0 0.0 0.0 0.0 0.0 0.0 0.0 0.0 0.0 0.0 0.0 0.0 0.0 0.0 0.0 0.0 0.0 0.0 0.0 0.0 0.0 0.0 0.0 0.0 0.0 0.0 0.0 0.0 0.0 0.0 0.0 0.0 0.0 0.0 0.0 0.0 0.0 0.0 0.0 0.0 0.0 0.0 0.0 0.0 0.0 0.0 0.0 0.0 0.0 0.0 0.0 0.0 0.0 0.0 0.0 0.0 0.0 0.0 0.0 0.0 0.0 0.0 0.0 0.0 0.0 0.0 0.0 0.0 0.0 0.0 0.0 0.0 0.0 0.0 0.0 0.0 0.0 0.0 0.0 0.0 0.0 0.0 0.0 0.0 0.0 0.0 0.0 0.0 0.0 0.0 0.0 0.0 0.0 0.0 0.0 0.0 0.0 0.0 0.0 0.0 0.0 0.0 0.0 0.0 0.0 0.0 0.0 0.0 0.0 0.0 0.0 0.0 0.0 0.0 0.0 0.0 0.0 0.0 0.0 0.0 0.0 0.0 0.0 0.0 0.0 0.0 0.0 0.0 0.0 0.0 0.0 0.0 0.0 0.0 0.0 0.0 0.0 0.0 0.0 0.0 0.0 0.0 0.0 0.0 0.0 0.0 0.0 0.0 0.0 0.0 0.0 0.0 0.0 0.0 0.0 0.0 0.0 0.0 0.0 0.0 0.0 0.0 0.0 0.0 0.0 0.0 0.0 0.0 0.0 0.0 0.0 0.0 0.0 0.0 0.0 0.0 0.0 0.0 0.0 0.0 0.0 0.0 0.0 0.0 0.0 0.0 0.0 0.0 0.0 0.0 0.0 0.0 0.0 0.0 0.0 0.0 0.0 0.0 0.0 0.0 0.0 0.0 0.0 0.0 0.0 0.0 0.0 0.0 0.0 0.0 0.0 0.0 0.0 0.0 0.0 0.0 0.0 0.0 0.0 0.0 0.0 0.0 0.0 0.0 0.0 0.0 0.0 0.0 0.0 0.0 0.0 0.0 0.0 0.0 0.0 0.0 0.0 0.0 0.0 0.0 0.0 0.0 0.0 0.0 0.0 0.0 0.0 0.0 0.0 0.0 0.0 0.0 0.0 0.0 0.0 0.0 0.0 0.0 0.0 0.0 0.0 0.0 0.0 0.0 0.0 0.0 0.0 0.0 0.0 0.0 0.0 0.0 0.0 0.0 0.0 0.0 0.0 0.0 0.0 0.0 0.0 0.0 0.0 0.0 0.0 0.0 0.0 0.0 0.0 0.0 0.0 0.0 0.0 0.0 0.0 0.0 0.0 0.0 0.0 0.0 0.0 0.0 0.0 0.0 0.0 0.0 0.0 0.0 0.0 0.0 0.0 0.0 0.0 0.0 0.0 0.0 0.0 0.0 0.0 0.0 0.0 0.0 0.0 0.0 0.0 0.0 0.0 0.0 0.0 0.0 0.0 0.0 0.0 0.0 0.0 0.0 0.0 0.0 0.0 0.0 0.0 0.0 0.0 0.0 0.0 0.0 0.0 0.0 0.0 0.0 0.0 0.0 0.0 0.0 0.0 0.0 0.0 0.0 0.0 0.0 0.0 0.0 0.0 0.0 0.0 0.0 0.0 0.0 0.0 0.0 0.0 0.0 0.0 0.0 0.0 0.0 0.0 0.0 0.0 0.0 0.0 0.0 0.0 0.0 0.0 0.0 0.0 0.0 0.0 0.0 0.0 0.0 0.0 0.0 0.0 0.0 0.0 0.0 0.0 0.0 0.0 0.0 0.0 0.0 0.0 0.0 0.0 0.0 0.0 0.0 0.0 0.0 0.0 0.0 0.0 0.0 0.0 0.0 0.0 0.0 0.0 0.0 0.0 0.0 0.0 0.0 0.0 0.0 0.0 0.0 0.0 0.0 0.0 0.0 0.0 0.0 0.0 0.0 0.0 0.0 0.0 0.0 0.0 0.0 0.0 0.0 0.0 0.0 0.0 0.0 0.0 0.0 0.0 0.0 0.0 0.0 0.0 0.0 0.0 0.0 0.0 0.0 0.0 0.0 0.0 0.0 0.0 0.0 0.0 0.0 0.0 0.0 0.0 0.0 0.0 0.0 0.0 0.0 0.0 0.0 0.0
    </DataArray>
    <DataArray type="Float32" Name="Ion density [log10(m^-3)]" NumberOfComponents="1" format="ascii">
25.8522756266754 25.881446476778862 25.88798126387886 25.883227681241408 25.871658815532495 25.85324603055438 25.8254146555941 25.78062299961428 25.69191547088442 25.454506466274346 24.977723605288848 25.802629720511735 25.838573275699268 25.853457989491847 25.854486769645945 25.847044663820995 25.831479855781453 25.8054193961617 25.76121613141881 25.67114757315765 25.432151753400323 24.977723605288848 25.64995188334865 25.70857172450385 25.751619295805067 25.7699351404089 25.774381788821994 25.76688724601002 25.745697113168834 25.702725769205305 25.608208914632357 25.36713995636376 24.977723605288848 25.396376025974103 25.481872978291303 25.58311545335526 25.631543171971167 25.65513400425646 25.660047593908992 25.64565949346716 25.60300856764963 25.50058329848639 25.266141423630074 24.977723605288848 25.084052631982985 25.155602337638964 25.333396009682758 25.427199375254652 25.479470568665878 25.501843991572414 25.495572453332635 25.45144259831069 25.34258569809669 25.143007531292024 24.977723605288848 24.799843795786312 24.802814277039268 25.01431935647997 25.13844120398616 25.21730277826916 25.26058230453568 25.266187141838405 25.22778073523387 25.13927374539965 25.023183491709712 24.977723605288848 24.5853713675658 24.52335952345647 24.7313116245333 24.849216307406643 24.91725969694908 24.95873592424027 24.97563016046712 24.968427813207835 24.94772169101797 24.93466452236225 24.977723605288848 24.41655752927901 24.317237945737126 24.533309543652138 24.661094644017748 24.726110389223063 24.7595459808445 24.78084533164624 24.802499958026946 24.83474847457531 24.88345458815892 24.977723605288848 24.269791865211666 24.14990339063682 24.382127010318584 24.535376877187144 24.624771847624356 24.67549489177396 24.709174667357274 24.74276023051304 24.7898675423624 24.859497566767143 24.977723605288848 24.13252571173951 24.00254407916345 24.2513234968285 24.42951703803682 24.547053722053853 24.622977506431415 24.675749006230372 24.721660164888455 24.776073159313526 24.85202657064066 24.977723605288848 23.992187556637543 23.861820239782716 24.12752527094062 24.328797114060844 24.472760642919106 24.574028011947043 24.64803898431956 24.70986848246252 24.774848125578973 24.853628609781936 24.977723605288848 23.825562035286914 23.709876345614003 23.996596159055557 24.223045816154176 24.395095457434476 24.523872103737283 24.622115953924077 24.703797971784887 24.780845655758878 24.859506182969703 24.977723605288848 23.58431213925232 23.52080325548241 23.843856615823615 24.101585281197565 24.31119428310931 24.476543497104743 24.600118007185955 24.702483435097648 24.78896479607878 24.866820021976732 24.977723605288848 23.01926289364332 23.034643495318452 23.470810498208294 23.864135954684677 24.19345680758414 24.47103286172311 24.582090225871507 24.703249112124574 24.800749981478436 24.87533233444142 24.977723605288848 22.572604995757388 22.655231901912995 23.132477833391416 23.559001551664455 23.92880575559584 24.24015973344032 24.489356031564228 24.697278784018682 24.861812915483387 24.885906504645888 24.977723605288848 22.29272208265519 22.405909163107296 22.903112072901994 23.351046661370987 23.745542624610092 24.083894022065557 24.36479475210874 24.589726500468508 24.760753804306646 24.880401778466783 24.977723605288848 22.153225986759047 22.281945929256562 22.79049737209178 23.251473634893536 23.660987068386753 24.01580197325064 24.313673856149627 24.55430151213016 24.74029069890279 24.878061849199238 24.977723605288848 22.077445877115974 22.21508231206984 22.730778400539613 23.199966782154522 23.618826406264173 23.983734334571473 24.291711277989535 24.541508832467724 24.73481062168491 24.87723305830326 24.977723605288848 22.022587871158287 22.16619006994102 22.687377352165498 23.162862770627047 23.588774630620776 23.961185407611787 24.276576298225496 24.53298634751893 24.731353712067644 24.8767072669053 24.977723605288848 21.976510838207815 22.124704055576473 22.650540841655744 23.131397631253396 23.563281148657627 23.941995552702803 24.263596997145186 24.52556586096499 24.72824024468914 24.87615085254209 24.977723605288848 21.93633566392047 22.08823489609407 22.618089197746418 23.103639119001095 23.540738018592062 23.9249443627412 24.251958545551624 24.518799366262453 24.72530117794774 24.87555146096222 24.977723605288848 21.900970938658535 22.055959708268453 22.58929755923784 23.078958687880963 23.52063923522124 23.909673725184124 24.241455976415697 24.512611706123202 24.72254050444392 24.874935039286118 24.977723605288848 21.86974209174086 22.027350594979936 22.563715789143313 23.05697946519106 23.50269036177744 23.8959818573195 24.23198021642561 24.506970518053684 24.71997173045385 24.87432410632532 24.977723605288848 21.842113692574667 22.001970868789744 22.540975272104763 23.03739929599006 23.486659192134844 23.883709855277097 24.223442965217576 24.501845576142887 24.717600953878783 24.87373404358636 24.977723605288848 21.81763605302508 21.979439809753913 22.52075411828528 23.01995590797517 23.472344890706395 23.872718953663725 24.215763856946985 24.49720463965122 24.71542735296877 24.87317448543873 24.977723605288848 21.795893825904987 21.959422021768564 22.502767615121353 23.00441665368794 23.459568470313183 23.862883729652125 24.208867441227156 24.493013716991715 24.713445165686277 24.872650933229398 24.977723605288848 21.776585895667935 21.941628411498087 22.48676478700576 22.990574265582218 23.448168989174558 23.854089713728957 24.202682716209747 24.489238327442 24.711645364359114 24.87216599927917 24.977723605288848 21.759420194199958 21.925803610140033 22.472523210025077 22.97824363527252 23.438001306804637 23.846232162688327 24.197142997274646 24.485844181468835 24.710016913505697 24.871720309905793 24.977723605288848 21.744147083445377 21.911723029065712 22.459845868145788 22.967259543000637 23.428934660679726 23.839215460968795 24.19218608726151 24.482797899639767 24.708547711686183 24.871313161159158 24.977723605288848 21.730549679646348 21.899189495793696 22.448558559124468 22.957474847892144 23.420851604871885 23.832952748666617 24.18775450761081 24.480067657611972 24.707225288973458 24.87094299528015 24.977723605288848 21.718439006773043 21.888029914677503 22.438507508070398 22.94875884562623 23.413647041250115 23.827365558460336 24.183795592724387 24.47762359620519 24.706037303868282 24.87060774422192 24.977723605288848 21.70765010987431 21.87809239564271 22.42955714015062 22.940995685187378 23.407227226054754 23.822383336408006 24.180261449738786 24.475438060308747 24.704971880124855 24.870305073194412 24.977723605288848 21.69803876231607 21.869243646179424 22.42158803150251 22.934082868818297 23.401508782869016 23.817942909391174 24.177108805770846 24.473485701850123 24.704017819442964 24.870032548981143 24.977723605288848 21.689478683871403 21.861366671351412 22.414495060830163 22.927929856872584 23.39641774519405 23.813987927433654 24.174298774902635 24.471743483202598 24.703164723839876 24.8697877545057 24.977723605288848 21.681859178033076 21.854358755103835 22.40818574038407 22.92245677208945 23.39188863138395 23.810468283280922 24.171796571280783 24.470190609169496 24.702403051049725 24.869568362464644 24.977723605288848 21.675083124215636 21.8481297018811 22.402578732016075 22.917593218969717 23.387863574572588 23.807339538433276 24.169571194592997 24.468808413213488 24.70172412398455 24.869372180207943 24.977723605288848 21.669065270611917 21.842600312463773 22.39760253912787 22.913277222368194 23.38429152056196 23.804562374180623 24.167595108579658 24.467580217931978 24.701120110272623 24.869197174676497 24.977723605288848 21.66373078210385 21.837701068063605 22.393194361824825 22.909454283532135 23.381127500076033 23.802102079515034 24.165843927134336 24.466491184251012 24.70058398348977 24.869041483771866 24.977723605288848 21.659014004729336 21.833370997807137 22.3892991007677 22.90607654806214 23.378331977008116 23.79992808263218 24.16429611754498 24.465528159403526 24.70010947438223 24.86890341877536 24.977723605288848 21.654857414198233 21.829556706537684 22.385868494616282 22.903102077957296 23.37587027091913 23.798013528865592 24.162932726562357 24.464679530347052 24.699691017849535 24.86878146111667 24.977723605288848 21.651210720927395 21.826211541894107 22.38286037623969 22.90049421871744 23.373712049848965 23.796334905157416 24.16173713213474 24.463935086719516 24.699323699546483 24.86867425580296 24.977723605288848 21.648030109471396 21.82329488447136 22.380238033514097 22.898221052233215 23.37183088833323 23.79487170943471 24.160694821702577 24.463285895618835 24.699003204589143 24.868580603100398 24.977723605288848 21.645277592037658 21.820771540463547 22.377969663761945 22.896254926476946 23.370203884986257 23.79360616220894 24.159793196655098 24.462724189230467 24.698725769863017 24.868499449536547 24.977723605288848 21.642920462187288 21.81861122881901 22.376027910233176 22.894572053508114 23.36881133399141 23.792522957252967 24.159021401816567 24.462243265532386 24.698488140777215 24.868429878927888 24.977723605288848 21.64093083205198 21.8167881450415 22.374389465031022 22.89315216791918 23.367636445126248 23.791609048090216 24.158370178436392 24.46183740180387 24.698287532848486 24.868371103873834 24.977723605288848 21.639285246649813 21.815280597833436 22.373034739961824 22.891978239865622 23.366665107638653 23.790853467158474 24.157831738970263 24.461501780310808 24.69812159811199 24.868322457980906 24.977723605288848 21.637964363224246 21.814070705485253 22.371947593166468 22.891036237063783 23.36588569394559 23.7902471750269 24.15739966227997 24.461232425798094 24.697988396706744 24.86828338905675 24.977723605288848 21.63695269425956 21.813144159918757 22.371115107259037 22.890314930890703 23.36528889931789 23.789782936924393 24.15706880750503 24.46102615382327 24.69788637310187 24.86825345328303 24.977723605288848 21.636238400638227 21.812490029677377 22.370527412559948 22.88980574237198 23.36486761452586 23.789455224513492 24.156835245378517 24.460880529401198 24.697814336934126 24.868232310427334 24.977723605288848 21.63581313374755 21.812100606577268 22.37017755253602 22.88950262519744 23.36461682910514 23.78926014120971 24.156696205921165 24.460793835427744 24.697771448306924 24.86821972011981 24.977723605288848 21.635671927519585 21.811971306041315 22.37006139016017 22.889401983857706 23.364533563543414 23.789195369769384 24.156650041682077 24.46076505044501 24.697757207404752 24.868215539198705 24.977723605288848
    </DataArray>
    <DataArray type="Float32" Name="Ion density residual[log10(m^-3)]" NumberOfComponents="1" format="ascii">
24.609423321373637 24.608430419112935 24.606416367797138 24.599615618818774 24.58638354443368 24.566331779869827 24.537198985049788 24.49231102587976 24.40649189468411 24.190323093665715 23.676693609624866 24.603552777244314 24.59948038523407 24.5944755253538 24.585779780671974 24.572063678195157 24.551664491562416 24.52195218415619 24.476260981758312 24.3908053464751 24.18073867393074 23.676693609624866 24.58882095006005 24.578656153616894 24.570593218252267 24.560491773742832 24.546055384048874 24.524667591834373 24.49307312033303 24.445261794256556 24.35997367334896 24.15758410383733 23.676693609624866 24.563996348778815 24.549600474820995 24.538478788151412 24.526377575197642 24.510637001419724 24.488778459937286 24.457338576174347 24.40934308247696 24.32341561900232 24.124439008473985 23.676693609624866 24.52851206229705 24.51161327578196 24.498189961535903 24.484824730144776 24.46839061567718 24.44607641644159 24.414170031557806 24.36544702965207 24.27890901324708 24.085747903737584 23.676693609624866 24.48154369037913 24.463230094001606 24.448365180195097 24.43449433720231 24.418154605512946 24.3961101392115 24.364384971805084 24.31547541782681 24.228617042807446 24.044443575664086 23.676693609624866 24.42219059395582 24.403423095964122 24.38780448092321 24.37407419730651 24.358565197432547 24.337512334382602 24.30659499320896 24.25796952374282 24.17142563780038 24.00848834522748 23.676693609624866 24.34949456844764 24.33139481759781 24.31618110611137 24.302609331260836 24.288477117766057 24.269084865018332 24.239517185836625 24.191627192958574 24.106360873690456 23.96904518781983 23.676693609624866 24.262537902878766 24.246170388775113 24.232578480531835 24.220284032601104 24.207232697766443 24.18984568148204 24.1620243910175 24.115299407719878 24.032975108580317 23.92808946386083 23.676693609624866 24.160455341983326 24.14670659556633 24.135504797166835 24.126007628328157 24.11526732952503 24.099476573124864 24.0734992189427 24.02859584877475 23.952507027469505 23.889817494531833 23.676693609624866 24.04231520807956 24.03266921219676 24.026110295577066 24.020300650598326 24.01241241373671 23.999268100558243 23.975393103852632 23.934219425257083 23.87674855844306 23.85338176849289 23.676693609624866 23.906569951069248 23.906080363785414 23.906877214844148 23.906571937658338 23.903465961282564 23.893969937613107 23.87562371476524 23.848099332153797 23.82112532422437 23.821391134105617 23.676693609624866 23.74548553348388 23.754397054357767 23.777963818336598 23.798291579350554 23.802027773227277 23.80213513501302 23.79324567086505 23.785463844831725 23.779577481519198 23.789626168732593 23.676693609624866 23.5312199078059 23.50201972697985 23.55494737832243 23.630088979811433 23.687573970570202 23.699677436139424 23.720486902441493 23.739508902211004 23.742578239229857 23.754107991275255 23.676693609624866 23.364618406319398 23.28984608251427 23.352678401901738 23.440788241574925 23.52056233905969 23.57115323212382 23.622072130763684 23.67083648580299 23.694125574220827 23.72174165768151 23.676693609624866 23.2568632164044 23.14416802101719 23.198690798579516 23.291829996677667 23.389287426792723 23.46953994785368 23.541378233817973 23.604279822501802 23.644827588583084 23.682596443243472 23.676693609624866 23.193904299934445 23.064502943675098 23.11193440727033 23.205345672403467 23.302250541211674 23.3940382764626 23.478216462512812 23.55533212007416 23.6180325861231 23.664834283932652 23.676693609624866 23.15511839307685 23.018161069932486 23.06717299349938 23.167704232369434 23.26386344214669 23.351797228547866 23.43748875360842 23.5205793606434 23.594508992593717 23.65034578236818 23.676693609624866 23.127596411505678 22.985540271052102 23.038445133177195 23.144089982118498 23.242850070756916 23.331247232089904 23.416098788221714 23.4996227587572 23.57814306336904 23.640113383866044 23.676693609624866 23.105779479483335 22.95970758128054 23.015990017806832 23.12616001454158 23.227685771215047 23.31805969774722 23.403888495607372 23.48774673536765 23.56816076754946 23.633590976110842 23.676693609624866 23.087025467914582 22.937841248210706 22.997274027690857 23.11170106249133 23.21611877400709 23.308635935010468 23.395912465604653 23.480894579247508 23.56224609463338 23.62960507055901 23.676693609624866 23.070261238932716 22.91867593157652 22.98113558101406 23.09950726369025 23.206720471798207 23.301408469189155 23.390287638276632 23.476478209508855 23.558614459948355 23.627193970923695 23.676693609624866 23.054992480707067 22.901582778477227 22.966964203192283 23.088943313661687 23.19881721311626 23.29560681641698 23.38607650786105 23.47337007172024 23.556235793429504 23.625683994924465 23.676693609624866 23.040986618803508 22.886215194636392 22.95440082231605 23.079670920972543 23.192030618071513 23.290798651286956 23.382767757190955 23.471041497710882 23.55456571860301 23.62468088322948 23.676693609624866 23.028131743525865 22.872357518756193 22.943210318431642 23.071470922763176 23.18612247420669 23.286719751244345 23.380066709445792 23.469208189521453 23.553316434682714 23.623968639339648 23.676693609624866 23.01642668523215 22.859855765299724 22.93322192725142 23.064189510464583 23.180934197639754 23.283202569002842 23.37779746926093 23.46775800992443 23.552330920440195 23.623430040223674 23.676693609624866 23.005735370750013 22.84858650829489 22.924300432910567 23.057710143663115 23.17635355453861 23.28013613943831 23.375851581264424 23.46655799035252 23.551520591188677 23.62300051684032 23.676693609624866 22.996001497540867 22.838583790090816 22.91633195541769 23.051938812630944 23.172296209391583 23.27744322852021 23.37415955907724 23.46552489742108 23.550833914776796 23.622643757279892 23.676693609624866 22.987167525302347 22.82974407876518 22.909217072938358 23.04679628713678 23.16869544065521 23.275067234558396 23.372674773935554 23.464621833016064 23.55023991377166 23.62233873200448 23.676693609624866 22.979173932226733 22.82179819160063 22.90286738413441 23.042213973539425 23.1654963460315 23.27297345856531 23.371364262945523 23.46382484699035 23.549719166632954 23.622072847701336 23.676693609624866 22.971960109723483 22.8146662326628 22.897203695524635 23.03813160669773 23.162652501978002 23.271121403492366 23.37020347017128 23.463117492675696 23.54925886204014 23.621838224549766 23.676693609624866 22.965465714992217 22.808273936845765 22.8921549402849 23.034495861521794 23.160123961012967 23.269477181961083 23.369173209679257 23.462487757509397 23.548850014674386 23.621629649862037 23.676693609624866 22.959631956067334 22.802552623246726 22.887657410928014 23.031259423002954 23.157875980995478 23.26801680244125 23.368257896230947 23.46192634929365 23.548486009041902 23.621443583633965 23.676693609624866 22.954402612879484 22.79743917920148 22.883654122671754 23.02838028926001 23.155878161399603 23.26671972058814 23.367444498367075 23.461425717701 23.548161645683773 23.621277356934073 23.676693609624866 22.949724755145006 22.792875981075913 22.880094234803266 23.025821200702612 23.154103813232453 23.26556815929599 23.36672189620759 23.46097950431071 23.547872642335758 23.621128838080523 23.676693609624866 22.94554918633229 22.78881073295015 22.87693250660137 23.023549146556036 23.1525294705863 23.264546636573197 23.366080476308042 23.46058222807561 23.547615367857535 23.62099625431309 23.676693609624866 22.941830666702202 22.785196236819242 22.874128784447336 23.02153492717664 23.151134494378432 23.263641619791347 23.36551186168577 23.460229095723484 23.547386681820036 23.62087808711742 23.676693609624866 22.938527971013283 22.781990112225674 22.871647522200675 23.01975276227844 23.149900740807166 23.262841260177623 23.36500872191908 23.459915883016198 23.547183835378526 23.62077301051411 23.676693609624866 22.935603830067166 22.779154489078852 22.869457338768253 23.018179940079698 23.148812278516775 23.26213518066553 23.364564631764047 23.45963885573873 23.547004408011045 23.62067985433443 23.676693609624866 22.933024796096618 22.776655802082708 22.86753061514696 23.016796504852376 23.14785514561789 23.261514302213506 23.364173961526692 23.45939471369418 23.54684626480731 23.62059758154489 23.676693609624866 22.93076106282561 22.77446606504615 22.865843131802986 23.015584980333877 23.147017140076425 23.260970698858593 23.363831788455478 23.459180547658992 23.54670752536365 23.62052527326472 23.676693609624866 22.928786262977514 22.772556903668207 22.864375281518143 23.01453012644056 23.146287638712085 23.260497475070125 23.363533822408005 23.458993803740604 23.546586539359893 23.62046211794466 23.676693609624866 22.92707725954616 22.77090546994956 22.863109974735142 23.013618726753094 23.14565744126768 23.26008866180369 23.363276343830137 23.458832254015647 23.546481866330183 23.620407402801565 23.676693609624866 22.925613942143542 22.769491978276786 22.862027991529395 23.01283940432103 23.145118636627842 23.25973912815628 23.363056151144537 23.458693971286472 23.546392256550835 23.620360506403458 23.676693609624866 22.924379036020902 22.768299482947665 22.86111589344727 23.01218246343473 23.14466448875384 23.259444506411107 23.36287051588435 23.458577303879515 23.546316630702457 23.620320893039654 23.676693609624866 22.923357928676456 22.76731368316563 22.860362381462306 23.011639755191016 23.14428934033949 23.259201128976432 23.362717144798058 23.458480855030764 23.546254101425408 23.620288112713094 23.676693609624866 22.922538517090562 22.76653392714695 22.85975814234091 23.01120456492529 23.14398853250683 23.25900597595481 23.36259414820917 23.45840346842428 23.546203927082253 23.620261791332627 23.676693609624866 22.92191107733522 22.765945821022807 22.859295722211673 23.010871519816654 23.14375833912353 23.258856632319144 23.36250001405889 23.458344217539498 23.546165509750434 23.62024162695311 23.676693609624866 22.921468157482888 22.765530668298233 22.858969425567803 23.010636515222938 23.143595914574174 23.258751253893383 23.362433587205956 23.458302393902642 23.546138391317026 23.620227387572065 23.676693609624866 22.921204494237 22.76528353444441 22.85877523823476 23.010496658574688 23.143499254055385 23.25868854149274 23.362394053626243 23.458277497835873 23.546122248475918 23.62021890910626 23.676693609624866 22.9211169534101 22.76520148164648 22.8587107731639 23.01045022993247 23.143467165701924 23.25866772277768 23.362380929302542 23.458269232041758 23.54611688882001 23.62021609377755 23.676693609624866
    </DataArray>
    <DataArray type="Float32" Name="Ion density last step [log10(m^-3)]" NumberOfComponents="1" format="ascii">
25.85025473529171 25.880604964611866 25.887278970050396 25.88253795187251 25.871013318338406 25.85267781081915 25.82493602517933 25.780190827362542 25.691277654689554 25.452992827141372 24.977723605288848 25.7993735387547 25.836883731926974 25.852180435392263 25.853370706186606 25.846063890125237 25.83062902910663 25.80468216415557 25.76051879185045 25.670190799160356 25.43029498138761 24.977723605288848 25.643312246783754 25.7044734081442 25.7488120474606 25.767667840509475 25.77247006206164 25.76522954844444 25.744200202731946 25.701223903596524 25.606272428306657 25.364338136278036 24.977723605288848 25.385747879548592 25.4737524618879 25.577899477373528 25.62745395007294 25.65170557729289 25.657025100845146 25.642817876240837 25.600018585980123 25.4968876944126 25.262078839998804 24.977723605288848 25.07246570026403 25.14376208848838 25.324508060074333 25.41982571702107 25.47320605725336 25.49624789106377 25.490174840702302 25.445716468599443 25.33624302830468 25.13799396705998 24.977723605288848 24.791634899535048 24.792258284086614 25.00422381726236 25.127871263662968 25.206647730229786 25.250262167971762 25.256138153395725 25.21794335069068 25.130628224774007 25.018384417091035 24.977723605288848 24.58035156461954 24.516582670570582 24.724886361444153 24.841719189505568 24.907868267940216 24.94785223700173 24.964344563930332 24.95818519590316 24.94026684712989 24.931150628151773 24.977723605288848 24.41300682907911 24.312504014500878 24.529590958792106 24.6577679202351 24.722452798248657 24.755065633434917 24.775702587038328 24.797414661399625 24.830685025516953 24.881283837753106 24.977723605288848 24.266889411824693 24.14605990896042 24.37927213057819 24.533293533760315 24.623247379484862 24.674163732713918 24.707747399209527 24.741126454086917 24.788178749105235 24.858311293808875 24.977723605288848 24.129966404886314 23.999198865799787 24.24877293986759 24.427658902731203 24.545868049318095 24.622274309389592 24.675281115550277 24.72120382455266 24.775488607348954 24.85144144710007 24.977723605288848 23.98983467806297 23.858798090714075 24.12512528445784 24.326971279733606 24.47156350626267 24.573372039035277 24.64775131390942 24.709749706452957 24.774707266388607 24.853364628623222 24.977723605288848 23.823277728426348 23.707032706919197 23.994248803283824 24.221191382411565 24.393810477311032 24.523126946203703 24.62180809884566 24.70375761124804 24.780874439379424 24.85940016225298 24.977723605288848 23.581780513391625 23.517953269733066 23.841461927960875 24.099701799182153 24.309811633012885 24.475638571336432 24.599729227430934 24.702422068544173 24.789027435053306 24.86678660456276 24.977723605288848 23.015532245656907 23.031378553645723 23.46808320442419 23.861887539594168 24.19191163177564 24.470244206925873 24.581666321520764 24.703129866125916 24.800733682432927 24.875328670302967 24.977723605288848 22.56942900036535 22.652332243197776 23.12987526528133 23.5567234772766 23.92694560354841 24.238792615160648 24.488615925680165 24.69710195965674 24.86208424614755 24.885910187215124 24.977723605288848 22.29008891786458 22.403407922454598 22.900829823811087 23.349024616197646 23.743851293036965 24.08259675422862 24.363928095087488 24.589249479324017 24.760559206833886 24.880412441681315 24.977723605288848 22.150955742023914 22.279761697659115 22.78850598860306 23.249712557311295 23.659515036955508 24.01467253412978 24.312917298294096 24.55389816718666 24.740152449769912 24.878048466228897 24.977723605288848 22.075397833017412 22.213104574999736 22.728978558945293 23.198378220825685 23.617500198847928 23.982716828950615 24.29102953895932 24.541147144166086 24.73469017013432 24.87722175951071 24.977723605288848 22.020691750146554 22.164362098030594 22.68571711551765 23.16139963759109 23.587553789873464 23.960247685604415 24.275945922440126 24.532649957889117 24.731240710046755 24.876696667054055 24.977723605288848 21.974731623910166 22.12299603587 22.64899349428618 23.130036345109925 23.562146000262086 23.941122728138637 24.263008211380956 24.525249451826 24.728132397454804 24.876140215624197 24.977723605288848 21.93465110803755 22.086626339604727 22.616636170593917 23.102363328962667 23.53967503426554 23.92412636496684 24.251405011508147 24.518499891141314 24.725197547664642 24.875540566972006 24.977723605288848 21.899365044121208 22.0544347302006 22.587924124192515 23.07775528050906 23.51963750677016 23.908902411270414 24.24093258753073 24.512326783397455 24.722440487792184 24.87492384523537 24.977723605288848 21.86820254886674 22.025896440641677 22.562409916740137 23.055837613197546 23.501740821927125 23.895250420600153 24.23148268486914 24.506698157205587 24.719874864280964 24.8743126320338 24.977723605288848 21.840630706153895 22.00057714390578 22.5397270540591 23.036310009675557 23.485754269739754 23.883012582129446 24.222967670583163 24.501584090556836 24.717506856687468 24.873722329042973 24.977723605288848 21.81620164141253 21.97809795068796 22.519555341256712 23.018911695349694 23.47147824886567 23.872051040277135 24.215307737401208 24.496952592887535 24.715335699636174 24.87316257371546 24.977723605288848 21.794501511723666 21.95812491091793 22.501611425879396 23.00341124237414 23.458734787601095 23.86224112698887 24.20842790166341 24.492769881668394 24.713355674113146 24.872638863817016 24.977723605288848 21.775230125911868 21.940370060374704 22.485645423959554 22.98960237625477 23.447363778417753 23.85346899744444 24.20225755086708 24.489001650768497 24.711557787336968 24.872153805916273 24.977723605288848 21.758096289517525 21.924578949551083 22.471435799314524 22.977300800903688 23.437220767181177 23.845630425393587 24.19673032490185 24.48561375752917 24.70993103319401 24.87170802033885 24.977723605288848 21.742851049284305 21.91052773952821 22.45878626272526 22.966341964262096 23.4281755577981 23.838630223910503 24.19178429743981 24.482572946549833 24.708463335488986 24.871300797676565 24.977723605288848 21.729278080568747 21.89801987444996 22.447523211101363 22.956579277217948 23.420111173709888 23.83238188968826 24.187362216590227 24.479847498412557 24.707142246251532 24.870930575500534 24.977723605288848 21.71718887046781 21.886882770711633 22.437493366870502 22.94788249393765 23.412922907526568 23.82680725311613 24.1834116070887 24.47740764297626 24.705955443212584 24.87059528190659 24.977723605288848 21.70641885183602 21.876964966428872 22.428561570625472 22.940136146445578 23.406517342288982 23.821836009883597 24.179884736478606 24.475225800933785 24.70489106703611 24.87029257898838 24.977723605288848 21.696824125531656 21.86813352953183 22.420608747543014 22.933238058637723 23.400811376157854 23.817405197082618 24.176738467560046 24.473276688948562 24.703937934324617 24.870020031051 24.977723605288848 21.688278689755364 21.860271770207245 22.413530071134453 22.927097962268533 23.395731274350503 23.813458642440697 24.173934029590967 24.471537324837787 24.703085660243964 24.869775219068714 24.977723605288848 21.680672085973978 21.853277231936275 22.40723330378559 22.921636210054913 23.391211751547214 23.809946389477798 24.171436734803162 24.46998696101147 24.702324714133113 24.869555814219073 24.977723605288848 21.67390739783961 21.847059940797035 22.401637320404976 22.916782602099328 23.38719510780886 23.806824128036798 24.169215666653518 24.468606971897458 24.70164642914401 24.869359622677802 24.977723605288848 21.667899549368663 21.841540887430085 22.396670806443765 22.912475330136072 23.383630431288818 23.804052648956052 24.16724336059545 24.46738071540268 24.701042981933877 24.869184610484645 24.977723605288848 21.662573857125782 21.836650716064774 22.392271117937696 22.908660038130414 23.380472874387777 23.801597334935227 24.165495492025904 24.466293382922633 24.700507354030172 24.869028914854365 24.977723605288848 21.657864798158283 21.83232859600155 22.388383289319627 22.905288993937845 23.377683005169988 23.79942769444372 24.163950581040417 24.46533184799635 24.70003328316995 24.868890846548496 24.977723605288848 21.653714961350307 21.828521252677827 22.384959174090692 22.902320364362634 23.375226232446515 23.797516941623726 24.16258971974668 24.464484520287172 24.69961521038448 24.86876888660616 24.977723605288848 21.65007415479618 21.82518213742626 22.38195670367307 22.899717584725533 23.373072300702834 23.795841622376603 24.16139632502611 24.46374120900805 24.699248226690102 24.868661679743322 24.977723605288848 21.64689864717129 21.82227071983246 22.37933925038067 22.89744881377739 23.37119484985303 23.794381285068177 24.160355917677204 24.463092998093163 24.69892802187166 24.868568026010866 24.977723605288848 21.644150522851646 21.81975188220968 22.3770750836429 22.89548646505396 23.36957103425164 23.793118193223066 24.159455927574115 24.46253213415292 24.698650836857976 24.86848687177867 24.977723605288848 21.641797136952686 21.817595408258356 22.375136907951884 22.893806806250304 23.36818119535945 23.792037077103547 24.158685523733446 24.462051927452023 24.69841342053419 24.868417300748938 24.977723605288848 21.639810653651065 21.815775548103407 22.37350146701403 22.892389618792446 23.36700858273424 23.79112492094034 24.158035467783233 24.461646665645375 24.69821299137567 24.86835852543925 24.977723605288848 21.63816766141442 21.814270655959174 22.372149215587253 22.891217911787223 23.36603911869608 23.790370782703143 24.15749798913702 24.46131153965099 24.698047203901407 24.86830987939835 24.977723605288848 21.636848853083542 21.813062887362047 22.371064046918395 22.890277684766026 23.36526120266587 23.789765643809986 24.157066680513466 24.46104258129611 24.697914120294843 24.868270810393778 24.977723605288848 21.635838769510578 21.81213796384105 22.370233071524094 22.88955773438036 23.36466555136116 23.78930228604915 24.15673641206403 24.460836611774614 24.69781218665941 24.868240874579918 24.977723605288848 21.63512559318173 21.811484976442056 22.36964644092881 22.889049500855222 23.36424507184053 23.78897519366022 24.156503262889093 24.46069120038887 24.697740213879417 24.8682197317064 24.977723605288848 21.634700990663667 21.8110962327957 22.369297213484824 22.888746951353813 23.363994765068078 23.788780478883517 24.156364468882213 24.460604633046522 24.69769736293689 24.8682071413922 24.977723605288848 21.63456000489763 21.81096715770766 22.36918126099366 22.888646498355985 23.363911658307373 23.78871582970764 24.156318386075235 24.460575890076697 24.69768313453853 24.868202960469507 24.977723605288848
    </DataArray>
    <DataArray type="Float32" Name="Ion density max [log10(m^-3)]" NumberOfComponents="1" format="ascii">
25.852518919992132 25.88161732479327 25.888189216156707 25.883448501620688 25.871889225131486 25.853496640876326 25.82568972035081 25.780945820610345 25.692259108828132 25.454506466274346 24.977723605288848 25.802972034171066 25.838778766419125 25.85367410796159 25.85470366717765 25.84726565790174 25.83171600670715 25.80567801163102 25.761514583708195 25.67144025756942 25.432151753400323 24.977723605288848 25.650514431268196 25.708885772087864 25.75188201455533 25.7701701410947 25.774604277917774 25.76710981988095 25.745933901453697 25.702987191186082 25.608436262712598 25.36713995636376 24.977723605288848 25.397095479450346 25.482372257625368 25.583487967342588 25.631856803596435 25.655413549207022 25.66031035114865 25.645921440708047 25.60327807827187 25.500801682402493 25.266141423630074 24.977723605288848 25.084632287406972 25.156244834747163 25.333939847018108 25.42768101056573 25.479899034577436 25.502238396875295 25.495954005439184 25.451820007156137 25.34289519407221 25.143042695517067 24.977723605288848 24.800185468704697 24.803339372702474 25.014879767445922 25.139061755140023 25.217950046520162 25.261221475278994 25.266807338543938 25.228357712620358 25.139697502234736 25.023289325716124 24.977723605288848 24.585564870168163 24.52366938351232 24.731643679856408 24.84962737006179 24.91778932362284 24.959357797196784 24.976272179069355 24.968987493213103 24.9480760390413 24.93475936994302 24.977723605288848 24.416684608282992 24.31743585651656 24.533487787831895 24.661265935160174 24.72630329169338 24.759781607955105 24.781110165996065 24.802747408054444 24.83492006029483 24.883512779465647 24.977723605288848 24.269888447903252 24.15005060077904 24.382252975627615 24.53547653019998 24.62484672027606 24.6755567437441 24.70923444356285 24.74282171564848 24.789923023464254 24.859523995282483 24.977723605288848 24.132604734465904 24.00266155564846 24.251426636638726 24.42959878818572 24.54710827590105 24.623007981273624 24.675763635092732 24.72210979333918 24.779528860286238 24.853937986109667 24.977723605288848 23.992254749387655 23.86191738325941 24.127613748788058 24.328870362580844 24.4728115312469 24.574055730403252 24.648047983284105 24.710900600632673 24.77947806290524 24.856788285156934 24.977723605288848 23.8256217622484 23.709959480242283 23.996674277591513 24.223112915691694 24.395144962922267 24.52390158240336 24.622126894997404 24.703797971784887 24.784990144948846 24.86226545014936 24.977723605288848 23.58437062861551 23.520877502651334 23.843926752360073 24.10164620461612 24.311242074982765 24.47657573129502 24.600131904366812 24.70248447893553 24.791835579525838 24.86881045148406 24.977723605288848 23.019336514394706 23.034719462692838 23.470881796961965 23.86419888549208 24.19350335812733 24.47105864200318 24.582104068966544 24.703252718125796 24.800750594928257 24.876694142892422 24.977723605288848 22.572663820546126 22.655294525993305 23.13253991039457 23.559060054979096 23.92885638186842 24.240198519495095 24.489378287183655 24.697284048551776 24.867249705645452 24.886753583954157 24.977723605288848 22.292767816814173 22.40595917408506 22.90316218344804 23.351094326324365 23.745584775727473 24.08392773158318 24.364817897200766 24.589739167442076 24.760758350306986 24.880916484777867 24.977723605288848 22.1532627943211 22.28198626526362 22.79053764887206 23.251511805698023 23.661020778207693 24.015828967652812 24.313692498916552 24.55431154238076 24.74029386872342 24.878061849199238 24.977723605288848 22.077476692746927 22.215115872401988 22.730811767886838 23.199998279449538 23.618854158385798 23.98375655748593 24.291726658668104 24.541517120194495 24.73481322055641 24.87723305830326 24.977723605288848 22.02261427967053 22.16621853341674 22.68740552517589 23.162889266896535 23.58879793162416 23.961204077396978 24.27658927243411 24.532993402752368 24.73135597532876 24.8767072669053 24.977723605288848 21.976533775952255 22.12472847977105 22.650564897830307 23.13142016747002 23.563300925931678 23.942011405101557 24.263608056167914 24.52557193151656 24.728242240904617 24.876150855241107 24.977723605288848 21.936355785419526 22.088256050290678 22.618109926346257 23.103658458438794 23.5407549518031 23.92495793658347 24.251968047231397 24.518804627183044 24.725302947759843 24.875551487654015 24.977723605288848 21.900988736784047 22.05597818326632 22.589315570094456 23.07897542202561 23.520653852297897 23.909685440629083 24.241464201543003 24.512616295878928 24.72254207996748 24.87493508281557 24.977723605288848 21.869757951797823 22.027366854160444 22.563731561398715 23.05699405932183 23.502703078647304 23.895992046555016 24.231987388592355 24.506974548405342 24.719973138694264 24.874324161161727 24.977723605288848 21.84212792220621 22.00198528053723 22.54098918612299 23.03741211922402 23.486670338913164 23.883718782655922 24.223449263515782 24.50184913785584 24.717602217844018 24.87373410582731 24.977723605288848 21.817648901600613 21.979452670265946 22.52076647888029 23.01996725552902 23.4723547313002 23.87272683091991 24.215769425640904 24.497207806802834 24.715428492318086 24.873174552352445 24.977723605288848 21.79590549755052 21.959433571590296 22.50277866878346 23.004426763619904 23.45957721730271 23.862890727560238 24.208872397253394 24.493016550350756 24.713446197231494 24.87265100291512 24.977723605288848 21.776596559851235 21.94163884784488 22.486774734790753 22.990583331417835 23.44817681511174 23.85409597102254 24.202687154976978 24.489240877135796 24.711646302487974 24.872166070424196 24.977723605288848 21.75942999226591 21.92581309595441 22.472532217227524 22.97825181555821 23.43800835280741 23.846237792885027 24.197146997146053 24.48584648907662 24.71001777054583 24.871720381613518 24.977723605288848 21.74415613417606 21.91173169995859 22.459854071666218 22.96726696858647 23.428941042999522 23.839220557608595 24.192189713023883 24.48279999984177 24.708548498217475 24.871313232827468 24.977723605288848 21.730558083486535 21.899197465387253 22.44856607313062 22.95748162752553 23.420857419942802 23.83295738935163 24.187757813169224 24.48006957949283 24.707226014094413 24.870943066515256 24.977723605288848 21.718446869116296 21.888037278759843 22.43851442838705 22.94876507028224 23.41365236959755 23.827369807989747 24.183798623206304 24.477625364287157 24.706037975421793 24.870607814777056 24.977723605288848 21.70765764503424 21.878099235433133 22.429563547694173 22.941001431448132 23.40723213534352 23.8223872492266 24.180264243146773 24.475439695374497 24.704972518740856 24.870305142926114 24.977723605288848 21.698046011991178 21.86925005052906 22.42159399499127 22.934088201531384 23.401513330298265 23.81794653151547 24.177111394289156 24.47348725142854 24.704018432020092 24.87003261781801 24.977723605288848 21.68948568408228 21.8613728169546 22.414500747617804 22.927934891591974 23.39642202060184 23.813991343392146 24.174301246292487 24.471744967208128 24.703165313581177 24.869787822426066 24.977723605288848 21.68186596003368 21.854364675085044 22.40819120752272 22.922461603291573 23.391892729151003 23.810471556419007 24.17179894157657 24.470192036025914 24.702403620758 24.869568429480612 24.977723605288848 21.6750897152412 21.848135424954794 22.40258400773656 22.917597873015044 23.387867517814573 23.807342687348108 24.169573476894353 24.468809790222675 24.701724676119234 24.869372246354022 24.977723605288848 21.66907169449718 21.842605863638475 22.39760764795756 22.913281722115862 23.384295329302287 23.80456541498038 24.167597314248606 24.46758155145133 24.701120646998362 24.869197240001515 24.977723605288848 21.66373705979774 21.837706469222724 22.393199325177907 22.909458648904874 23.38113119174798 23.8021050262228 24.165846066074128 24.46649247984053 24.70058450671799 24.869041548333303 24.977723605288848 21.6590201547264 21.833376268191707 22.3893039374337 22.90608079651242 23.3783355668686 23.79993094751889 24.164298198430746 24.465529421948492 24.7001099858068 24.868903482635375 24.977723605288848 21.654863452902866 21.82956186315048 22.3858732211674 22.90310622485493 23.375873772392232 23.798016322726575 24.162934757033227 24.464680764161027 24.699691518977485 24.868781524339372 24.977723605288848 21.651216662963495 21.826216599840535 22.382865007373088 22.90049827767433 23.37371547481334 23.796337637543793 24.161739118955023 24.46393629563135 24.699324191724557 24.868674318452616 24.977723605288848 21.648035967947667 21.823299857249246 22.380242582341797 22.89822503537765 23.37183424736452 23.794874388848612 24.16069677089809 24.463287083046755 24.699003689026878 24.86858066524024 24.977723605288848 21.64528337877667 21.820776440211578 22.377974142058456 22.896258844687296 23.370207187563295 23.79360879626956 24.159795113629368 24.462725358245613 24.698726247652925 24.8684995112281 24.977723605288848 21.642926187925006 21.81861606653162 22.376032328648943 22.894575916613746 23.368814588673267 23.792525552839127 24.15902329145081 24.462244418913784 24.698488612912538 24.868429940230595 24.977723605288848 21.640936506613194 21.81679293075658 22.374393833278305 22.893155984874976 23.367639659705794 23.79161161146403 24.1583720451764 24.461838542086447 24.698288000238946 24.868371164844948 24.977723605288848 21.639290879104013 21.815285340798088 22.373039066978315 22.891982018905264 23.36666828927725 23.790856004073806 24.1578335869027 24.46150290982777 24.6981220615979 24.86832251867554 24.977723605288848 21.63796996202571 21.81407541430398 22.371951887261158 22.891039985836063 23.36588884929274 23.79024969082567 24.15740149520029 24.46123354671878 24.697988857071753 24.868283449528064 24.977723605288848 21.63695826737498 21.813148842687664 22.371119376244 22.890318656582508 23.36529203461904 23.78978543662338 24.157070628978683 24.46102726818743 24.69788683108464 24.8682535135825 24.977723605288848 21.636243955664593 21.812494694107638 22.370531663871326 22.88980945182094 23.364870735721045 23.789457712883696 24.15683705879707 24.46088163915049 24.69781479323917 24.868232370605057 24.977723605288848 21.635818678022755 21.81210526011061 22.370181793346937 22.889506324996955 23.36461994192088 23.78926262285034 24.156698014554582 24.460794942435186 24.697771903614797 24.86821978022489 24.977723605288848 21.635677468228014 21.811975955959955 22.370065627488106 22.88940568045668 23.36453667357993 23.789197849178038 24.156651848728384 24.460766156542984 24.6977576623818 24.868215599279637 24.977723605288848
    </DataArray>
    <DataArray type="Float32" Name="Mobility [m^2/V/s]" NumberOfComponents="1" format="ascii">
0.0 0.0 0.0 0.0 0.0 0.0 0.0 0.0 0.0 0.0 0.0 0.0005589263480878276 0.0005632534424572995 0.0005900833440343198 0.0005411126630474394 0.0005722696589939316 0.000569115564900586 0.0005912563443104461 0.0005507635408817028 0.0005697502261982173 0.0005622167776725351 0.0005805688016914183 0.0004157990046153806 0.0004256881351966768 0.00040718485532902256 0.00037526868320030335 0.00029758152448981805 0.0003061956737761762 0.00029222364296337485 0.00022315063353924762 0.0001519838760064022 0.00015734175753284542 0.0001519838760064022 0.0 0.0 0.0 0.0 0.0 0.0 0.0 0.0 0.0 0.0 0.0 0.0 0.0 0.0 0.0 0.0 0.0 0.0 0.0 0.0 0.0 0.0 0.00045721991574184756 0.0004885608490461597 0.0004737444109954653 0.00044296333790968216 0.00046330404089843 0.00044011907227837333 0.0004128525095133938 0.0004204486139791202 0.00037991829256404306 0.000356192394247386 0.0003429286355972884 0.0 0.0 0.0 0.0 0.0 0.0 0.0 0.0 0.0 0.0 0.0 0.0 0.0 0.0 0.0 0.0 0.0 0.0 0.0 0.0 0.000275825783979626 0.00030002955459885333 0.00039515084048467565 0.0003521924187199248 0.000389564546047896 0.0003698940877486429 0.00033109354685430535 0.0003543815103198031 0.00031739185335304853 0.0002839977753782803 0.00028580865930586324 0.00022100135188807816 0.00020288040295538207 0.0 0.0 0.0 0.0 0.0 0.0 0.0 0.0 0.0 0.0 0.0 0.0 0.0 0.0 0.0 0.0 0.0 0.0 0.0001538455909793606 0.00017417024535528212 0.00011409048840355026 0.00018232054054567037 0.0002981481611265137 0.00028263558369767385 0.0002383486115411585 0.0002712939972689501 0.00023971080322176492 0.00020349698566346004 0.00021620076377279024 0.00016666658539707724 0.00014958010067737563 0.00013625973985996746 0.00010267412757013292 0.0 0.0 0.0 0.0 0.0 0.0 0.0 0.0 0.0 0.0 0.0 0.0 0.0 0.0 0.0 0.0 8.408498835612913e-05 9.223528354651739e-05 6.239211531813294e-05 9.239761536555408e-05 0.00011954268489505934 7.749676562391101e-05 0.0001475024366427218 0.00018432555071994984 0.00016081551127097515 0.0001299624567163722 0.00014913389165988243 0.00011872704612277265 0.00010615913634790107 0.00010660534536539428 9.010621779526137e-05 9.010621779526137e-05 8.6175e-05 0.0 0.0 0.0 0.0 0.0 0.0 0.0 0.0 0.0 0.0 0.0 0.0 0.0 0.0 5.3011921344957695e-05 5.317425316399437e-05 4.1873375166012484e-05 5.125356913918772e-05 6.619588762592912e-05 4.76384512817388e-05 7.388164776646209e-05 8.670355272019969e-05 0.00010147349131899014 8.304261068657135e-05 9.984995647286064e-05 8.772825571548229e-05 8.04343724488413e-05 8.674355232388175e-05 8.281233452862037e-05 8.281233452862037e-05 8.6175e-05 0.0 0.0 0.0 0.0 0.0 0.0 0.0 0.0 0.0 0.0 0.0 0.0 0.0 0.0 3.91451597347326e-05 3.722447570992596e-05 3.249582009161337e-05 3.5224035522893255e-05 4.290979566342621e-05 3.551404684328874e-05 4.7928462602134285e-05 5.422896069573318e-05 4.491292208772219e-05 5.860916900145855e-05 7.380387549211012e-05 7.281917210050958e-05 6.923067746217295e-05 7.586117441890414e-05 7.922383989028374e-05 7.922383989028374e-05 8.6175e-05 0.0 0.0 0.0 0.0 0.0 0.0 0.0 0.0 0.0 0.0 0.0 0.0 0.0 0.0 0.0 2.9689671010365395e-05 2.720031865352041e-05 2.800602754773568e-05 3.302469448644376e-05 2.926062627135583e-05 3.676864556690889e-05 4.114885387263427e-05 3.682973992786031e-05 4.4974016448673614e-05 4.7749083553565494e-05 4.359526478164095e-05 6.517519951130507e-05 7.073377794575243e-05 7.768493805546868e-05 7.768493805546868e-05 8.6175e-05 0.0 0.0 0.0 0.0 0.0 0.0 0.0 0.0 0.0 0.0 0.0 0.0 0.0 0.0 0.0 0.0 0.0 2.3992869408507792e-05 2.7736820488972927e-05 2.538593275748181e-05 3.065368962032985e-05 3.4478852196369195e-05 3.1695938381903046e-05 3.787198868943351e-05 4.081235096717479e-05 3.822257975777538e-05 4.3945855849982816e-05 4.590394494024721e-05 7.722213854448732e-05 7.722213854448732e-05 8.6175e-05 0.0 0.0 0.0 0.0 0.0 0.0 0.0 0.0 0.0 0.0 0.0 0.0 0.0 0.0 0.0 0.0 0.0 0.0 0.0 2.2682912289173957e-05 2.66437683740708e-05 3.0036904867135107e-05 2.7950049934817615e-05 3.300221994264986e-05 3.613572482545788e-05 3.4057790050779886e-05 3.9278149865905404e-05 4.180275418915013e-05 4.012500212349563e-05 4.472754122141834e-05 8.6175e-05 0.0 0.0 0.0 0.0 0.0 0.0 0.0 0.0 0.0 0.0 0.0 0.0 0.0 0.0 0.0 0.0 0.0 0.0 0.0 0.0 0.0 2.664090625796306e-05 2.491297468894603e-05 2.9187433441315334e-05 3.232985848176286e-05 3.0506047017855642e-05 3.5376403627320194e-05 3.830119065958841e-05 3.676741995950296e-05 4.1516018455678385e-05 4.412879318249639e-05 4.3162576202371296e-05 0.0 0.0 0.0 0.0 0.0 0.0 0.0 0.0 0.0 0.0 0.0 0.0 0.0 0.0 0.0 0.0 0.0 0.0 0.0 0.0 0.0 0.0 2.5930485417984892e-05 2.8977030563542234e-05 2.7340835702370775e-05 3.1916397302241525e-05 3.51312250983315e-05 3.383764489040948e-05 3.868866754767091e-05 4.1868995994449275e-05 4.10931196535152e-05 4.556702830821558e-05 4.8817678993206966e-05 0.0 0.0 0.0 0.0 0.0 0.0 0.0 0.0 0.0 0.0 0.0 0.0 0.0 0.0 0.0 0.0 0.0 0.0 0.0 0.0 0.0 0.0 2.352210661248381e-05 2.8457077831603337e-05 3.201452028094275e-05 3.18728627311708e-05 3.725342978997694e-05 4.0951462103743245e-05 4.034427220964897e-05 4.4183962073187237e-05 4.8153188318697324e-05 4.8186543161880716e-05 5.276295930148509e-05 0.0 0.0 0.0 0.0 0.0 0.0 0.0 0.0 0.0 0.0 0.0 0.0 0.0 0.0 0.0 0.0 0.0 0.0 0.0 0.0 0.0 0.0 2.920138893963814e-05 2.4627153228923155e-05 3.253753652949001e-05 3.5770036498933987e-05 3.301558751835468e-05 4.082232319851364e-05 4.5432094181301404e-05 4.517356324251946e-05 5.2537783205886534e-05 5.730392177065937e-05 6.088211465273521e-05 0.0 0.0 0.0 0.0 0.0 0.0 0.0 0.0 0.0 0.0 0.0 0.0 0.0 0.0 0.0 0.0 0.0 0.0 0.0 0.0 0.0 1.513874283927054e-05 2.599324837767877e-05 3.104553507725842e-05 2.8160221866954057e-05 3.518256100762996e-05 4.228825003221509e-05 3.819113209735101e-05 4.8182134332240515e-05 5.678499671787114e-05 5.112149300776134e-05 6.382147332825605e-05 6.53776677690005e-05 0.0 0.0 0.0 0.0 0.0 0.0 0.0 0.0 0.0 0.0 0.0 0.0 0.0 0.0 0.0 0.0 0.0 0.0 0.0 1.5051944001101527e-05 1.5073851251547248e-05 1.5050140751402107e-05 2.6535519198814302e-05 3.133268520401402e-05 3.722656950403944e-05 3.608450384914593e-05 4.294295074248293e-05 4.997942735286783e-05 4.898452393510096e-05 5.716306620037939e-05 6.401956946422282e-05 6.386657277777253e-05 7.171797945938285e-05 0.0 0.0 0.0 0.0 0.0 0.0 0.0 0.0 0.0 0.0 0.0 0.0 0.0 0.0 0.0 0.0 0.0 1.5023185637232537e-05 1.5041596206597815e-05 1.5031354324134436e-05 1.5058309438304008e-05 1.5218021861644038e-05 3.5703728241187765e-05 3.531367009299568e-05 4.141082693939733e-05 4.8594465786908876e-05 4.833589040430346e-05 5.59095874000071e-05 6.360799739516712e-05 6.355400414786606e-05 7.151098952563149e-05 7.88159981391652e-05 7.88159981391652e-05 0.0 0.0 0.0 0.0 0.0 0.0 0.0 0.0 0.0 0.0 0.0
    </DataArray>
    <DataArray type="Float32" Name="Electric Field [Vm^-1]" NumberOfComponents="3" format="ascii">
406357301.51148194 -1634041913.962107 0.0 2678125.5854479033 -15951395.863110173 0.0 2224889.202007138 -14367239.672055108 0.0 1725465.90396783 -12744678.372164754 0.0 1380838.8170305975 -11694226.762743747 0.0 1140237.2609871537 -11142691.589683032 0.0 932926.453893821 -11087688.585926611 0.0 619116.2478941623 -11930751.858279308 0.0 -326187.6952311914 -15832839.64454595 0.0 -2995002.1210704786 -29689742.718194064 0.0 406764579.0876006 1177338376.7326374 0.0 6592866.702098076 -1428321793.5130136 0.0 4796993.571486327 -16406947.062835291 0.0 3739840.945144513 -14771084.197205685 0.0 2956814.2712075324 -13008770.411792938 0.0 2453119.318090668 -11869716.48059287 0.0 2117885.4901600652 -11280385.972224195 0.0 1861852.0419794181 -11240807.97874972 0.0 1592606.1191409158 -12219291.193203075 0.0 1148692.5212774714 -16651928.787267396 0.0 388528.5831636846 -31716011.992566768 0.0 -2039568.5834127304 1374120294.7632802 0.0 11230482.34537451 -1423963146.6354802 0.0 9255158.689496 -17957008.857024886 0.0 7259304.085106164 -16161901.800215095 0.0 5785169.358956121 -13929764.180628637 0.0 4807498.961344413 -12471064.209630562 0.0 4130594.433660593 -11711730.997110983 0.0 3578585.440974446 -11631767.067688433 0.0 2947528.2292133463 -12759047.418479156 0.0 1906265.9645815976 -17628074.35321417 0.0 387653.9012599425 -32620399.62562183 0.0 -2081209.0594411367 1374000274.4917793 0.0 14470428.97658139 -1417803826.9698784 0.0 12450213.30856366 -20258001.330445074 0.0 10263166.782286668 -18157102.513731595 0.0 8481532.207833651 -15356835.89722659 0.0 7121812.2758131 -13469803.7453772 0.0 6063531.902008088 -12484171.2250276 0.0 5095677.992669246 -12398841.976191854 0.0 3900082.579872788 -13857040.181665827 0.0 2045092.8667850022 -19416060.866874076 0.0 -117578.33138708891 -33824757.880458996 0.0 -2195429.161064323 1374121344.752859 0.0 14532483.778350238 -1411181980.7638247 0.0 12894270.324768696 -22205778.53471932 0.0 11593771.427418077 -19930511.135154597 0.0 10187229.481367467 -16941806.74926644 0.0 8800613.511295797 -14791100.988055795 0.0 7439789.514048557 -13679352.226505296 0.0 5927272.425114429 -13745349.901834024 0.0 3918752.6191522004 -15781395.08812736 0.0 1166653.8437358765 -22026401.156953804 0.0 -1142044.3625095298 -34851003.724192835 0.0 -2356219.960518781 1374751998.4329994 0.0 11982427.233596448 -1405471061.7371595 0.0 10924569.923334619 -22899711.319495242 0.0 10483804.866107836 -20845308.68875417 0.0 9525607.88915879 -18177267.85091268 0.0 8251940.026270383 -16184345.757219268 0.0 6696603.786256194 -15285324.796058094 0.0 4690072.190014214 -15810478.71542958 0.0 2034074.3251757708 -18562831.58779469 0.0 -952688.034882077 -24924108.253478732 0.0 -2396414.9286412336 -34994219.36099055 0.0 -2497734.4707257575 1376016842.021708 0.0 9545183.705875061 -1400916391.4929523 0.0 8465866.213869406 -23029509.18625084 0.0 7916241.749112594 -21526442.31679896 0.0 6759167.890103276 -19330108.733061463 0.0 5194071.388541716 -17675807.43999413 0.0 3301825.156847957 -17190611.00418063 0.0 1040501.4564431877 -18268919.62910683 0.0 -1472241.832863819 -21393719.99786403 0.0 -3479959.12751958 -26904327.56211551 0.0 -3323476.0620698975 -33740667.03174137 0.0 -2561298.2090387763 1377782289.2478993 0.0 8381341.047081765 -1397174353.14627 0.0 6795873.16221475 -23545911.998839136 0.0 5706183.088711791 -22678221.46442528 0.0 3982387.3178816983 -21017512.479255985 0.0 1843118.1778266719 -19675660.299058642 0.0 -447320.4811328289 -19385120.222309876 0.0 -2663646.8959689867 -20533521.25563337 0.0 -4440479.720738303 -23256216.92164541 0.0 -5066916.989960145 -27262415.672167733 0.0 -3610846.17033536 -31326591.27768781 0.0 -2548193.156433919 1379737465.9716551 0.0 8065430.011046297 -1393904245.3236043 0.0 6084522.189496507 -24580314.26763506 0.0 4612069.740761113 -24309168.258716762 0.0 2542731.4396587745 -23194385.360382542 0.0 83133.15061825266 -22099002.71283481 0.0 -2382571.3849420785 -21710404.143197086 0.0 -4430593.873421094 -22386407.179751456 0.0 -5598978.967917445 -24118699.543515798 0.0 -5379515.4143141955 -26466576.182755984 0.0 -3391740.690691036 -28459301.14987208 0.0 -2491229.958226611 1381606766.2740223 0.0 8264073.3712710515 -1390733933.800941 0.0 6171823.795939502 -25905892.28421801 0.0 4525934.029418644 -26175757.0941435 0.0 2356690.0427182675 -25552643.028583016 0.0 -136842.060222189 -24634439.514596917 0.0 -2564619.8854149557 -23984107.75106547 0.0 -4455682.004812333 -23927165.076751377 0.0 -5348239.053530935 -24463163.765989263 0.0 -4873434.112516063 -25252494.109842192 0.0 -2916989.279111383 -25700292.830689393 0.0 -2417330.4411685597 1383239639.8371994 0.0 8994235.022308022 -1387267145.1311405 0.0 6976822.377490977 -27356578.74551243 0.0 5195483.57521893 -28138213.003231164 0.0 2996944.0624569305 -27910576.480340958 0.0 576664.0878479008 -27105095.12448237 0.0 -1744500.1406058979 -26148501.824469708 0.0 -3540671.0744295707 -25321925.592014875 0.0 -4394049.658990595 -24687530.514088873 0.0 -4003031.4364123964 -24087275.949963663 0.0 -2353012.6538867657 -23329514.388394833 0.0 -2340263.6091177394 1384580169.0215282 0.0 10614968.147917941 -1383030986.045536 0.0 8563106.216988133 -29047238.587650936 0.0 6382433.002620029 -30256076.711568218 0.0 4070586.0051161735 -30243749.110027973 0.0 1728977.8799987035 -29466490.133399397 0.0 -480078.8942547752 -28216097.36983305 0.0 -2223385.543686339 -26691348.396698482 0.0 -3156380.7522620955 -25010186.002224024 0.0 -3003378.314711753 -23191015.66580648 0.0 -1773954.177371748 -21453288.788851295 0.0 -2265065.1007126207 1385618928.5014546 0.0 14739093.833184963 -1377119364.1748672 0.0 11237002.357319614 -31982605.74657994 0.0 7700594.361401689 -32786202.45512443 0.0 5179934.383591712 -32580504.669610884 0.0 2959282.7238656986 -31701581.618264508 0.0 898049.0626009343 -30185162.016667996 0.0 -764061.6988153791 -28072817.187024623 0.0 -1814368.1940722694 -25525549.87395088 0.0 -1984731.1237221619 -22665251.333386965 0.0 -1217950.6021171568 -20101558.42847707 0.0 -2195117.6151005593 1386365120.9171014 0.0 15499125.907114914 -1371202324.019852 0.0 10706391.265642602 -36921032.487792134 0.0 7773303.715565115 -35636395.434224874 0.0 5679335.478473544 -34768491.3803118 0.0 3909534.0270525785 -33688977.74376969 0.0 2282974.5858622366 -31939775.51744432 0.0 777830.8027532893 -29459819.5264322 0.0 -432752.6891906849 -26296303.109599337 0.0 -1016329.9380747691 -22572974.819274653 0.0 -698098.8433207806 -19251085.065441225 0.0 -2128660.433410483 1386836471.3355634 0.0 10857752.411951644 -1367404288.8844733 0.0 8218447.082448393 -39502851.083080746 0.0 6694946.21304278 -37571376.75603551 0.0 5394523.076056478 -36310506.80792225 0.0 4248024.454125032 -35068310.29581228 0.0 3118745.0281308643 -33325217.00628738 0.0 1909226.9154277719 -30823087.756567035 0.0 845725.8396321108 -27307334.711253267 0.0 178199.74056543084 -22843993.267131582 0.0 -47122.223707561665 -18932844.584747605 0.0 -2045758.2807273676 1387025295.038746 0.0 7217384.183329195 -1364551963.1525645 0.0 5722881.089739616 -40290540.765369065 0.0 5250934.836252774 -38539055.90084334 0.0 4584867.3303397475 -37245032.22605742 0.0 3871835.7142404364 -35971297.17513245 0.0 3121409.9556681737 -34275011.200216986 0.0 2330540.931414271 -31746380.95513574 0.0 1577122.0839542751 -28074891.76776782 0.0 883110.6237328623 -23441310.81249649 0.0 265112.46603566647 -19273541.240844592 0.0 -2025571.7788622375 1386943579.1274493 0.0 5014102.847928565 -1362473287.5182426 0.0 3906368.449076774 -40140801.762672506 0.0 3961471.282864284 -38862901.81135544 0.0 3694109.186910104 -37751948.57261905 0.0 3269073.664084245 -36564302.47326012 0.0 2743798.9363834914 -34939343.23701604 0.0 2138715.189200502 -32446274.204835955 0.0 1489946.1909811965 -28761126.453008305 0.0 851886.3004985941 -24101486.3895229 0.0 322695.3268528057 -19688778.196177557 0.0 -2023063.6530036104 1386797673.330553 0.0 3929612.328127473 -1360922027.1316402 0.0 2766602.285439181 -39718989.883728705 0.0 2991014.657047817 -38870165.385238856 0.0 2928714.1281430502 -37995784.269168444 0.0 2686977.0661914228 -36949605.78805087 0.0 2318802.7876753206 -35429985.25452706 0.0 1848898.654520868 -33015715.793159015 0.0 1309575.0571061072 -29362959.953898627 0.0 766776.0851713928 -24656470.567761082 0.0 316673.8399285051 -20080188.6023614 0.0 -2024635.5401130451 1386644900.5441277 0.0 3411960.820187716 -1359740864.5663068 0.0 2075968.908867352 -39318072.20836939 0.0 2309449.0778515222 -38764444.60391154 0.0 2333219.159737775 -38096547.13263416 0.0 2199835.629746127 -37196631.6059664 0.0 1942827.075975759 -35792629.94692484 0.0 1581659.543716641 -33470654.714468613 0.0 1143589.7369935748 -29865317.888243746 0.0 687534.6093643798 -25124880.193615846 0.0 295657.6024010788 -20437123.612558857 0.0 -2027385.5707095165 1386498776.5047374 0.0 3135490.883469767 -1358814588.3010895 0.0 1647436.0394816434 -39006920.87833083 0.0 1837606.0376163502 -38640421.46681607 0.0 1886038.6456186504 -38128831.64165027 0.0 1811672.5985218869 -37355868.24654588 0.0 1630064.616225556 -36060606.858410455 0.0 1351956.03065635 -33830652.24452562 0.0 997015.8053215785 -30280195.568703465 0.0 613163.9533371594 -25525116.50454362 0.0 270011.7585527894 -20758974.891878854 0.0 -2030612.1817284105 1386363392.7994823 0.0 2968517.143525183 -1358058710.0022912 0.0 1366476.9309031395 -38785928.34712116 0.0 1505940.5991569827 -38534333.42179236 0.0 1552144.6133820426 -38133824.2117989 0.0 1507227.49974036 -37462257.69728542 0.0 1374748.1498164157 -36261433.14858588 0.0 1157615.2085697693 -34116869.78448412 0.0 867941.0834401298 -30623868.43285378 0.0 543312.2035891624 -25868878.15483261 0.0 243014.29510270542 -21046530.879500777 0.0 -2033957.5888857744 1386240376.985341 0.0 2851686.445035312 -1357421607.6864321 0.0 1169457.6232915723 -38635586.09083836 0.0 1265539.559396402 -38455032.16501284 0.0 1300250.768699437 -38131733.62234479 0.0 1268632.1936343191 -37538094.99565822 0.0 1167523.6991331414 -36415939.89682741 0.0 994371.1823976457 -34347430.35412805 0.0 755225.5617175301 -30910723.65792795 0.0 479075.39736486046 -26165007.00836136 0.0 216601.54686175895 -21301550.76612019 0.0 -2037191.1929597375 1386130048.5872834 0.0 2760525.5188111723 -1356871276.561957 0.0 1021781.7716263713 -38536666.182517365 0.0 1084600.8143727286 -38400869.42331906 0.0 1106472.3217745228 -38131188.594081275 0.0 1080092.4953190417 -37596617.25231886 0.0 999103.6746632708 -36538707.13835517 0.0 857723.3999355609 -34536311.89965154 0.0 657710.7765807228 -31152374.585937764 0.0 421324.8583336264 -26420839.84038982 0.0 191950.29033347432 -21526627.26775403 0.0 -2040183.8990657532 1386031899.5581515 0.0 2683286.0917594824 -1356388197.427531 0.0 904199.4927216399 -38473854.84240142 0.0 942973.3041738666 -38366965.39740609 0.0 953783.8930245301 -38134971.859887406 0.0 929083.2337255357 -37645216.52492489 0.0 861386.8935971034 -36639431.67178901 0.0 743337.0657818363 -34693763.247894496 0.0 573919.892211452 -31357883.25208042 0.0 370288.0840431017 -26642607.658240255 0.0 169629.15935181567 -21724809.071532533 0.0 -2042880.2630008245 1385944971.5496495 0.0 2612962.547428396 -1355960475.9661903 0.0 805299.3079750193 -38435362.08801354 0.0 827976.524793713 -38348005.27780326 0.0 830460.049552505 -38143164.38076077 0.0 806194.3900735133 -37687793.3936888 0.0 747752.7992662526 -36724384.5224749 0.0 647288.8530382708 -34827117.25195529 0.0 502147.1875790134 -31534225.488274876 0.0 325667.4435057064 -26835573.99728296 0.0 149789.48956500855 -21899231.452994023 0.0 -2045271.474867235 1385868123.6507666 0.0 705355.1247317248 -920607818.628369 0.0 724624.3313502698 -38420181.609696634 0.0 732315.7126974215 -38338386.36153676 0.0 723342.6245516493 -38128935.21722819 0.0 691740.0240591397 -37645965.83078162 0.0 630093.643221161 -36605441.03357568 0.0 531115.1661584476 -34550244.5925054 0.0 394542.4180772011 -31021928.65896262 0.0 236793.07684728256 -26124678.754797358 0.0 87476.64641154806 -21284896.20815697 0.0 0.0 1855227168.3554718 0.0 -1382771.7690043752 -1355392708.4250903 0.0 644649.2242402363 -38401724.7406345 0.0 649234.7933957952 -38340772.77006904 0.0 642551.3238120255 -38172906.96918424 0.0 619860.0989254517 -37767249.578698784 0.0 574918.0628267255 -36869146.538342394 0.0 500350.96370676666 -35049736.82340282 0.0 391957.215154283 -31826555.863375887 0.0 257621.9870723003 -27152364.112068705 0.0 121006.74611714896 -22182551.61852958 0.0 2078069.788203503 1385769316.3898723 0.0 -1434300.431593512 -1355073810.6689873 0.0 579378.6674662104 -38396295.58183102 0.0 578881.8473261256 -38343526.889706664 0.0 569460.6446635126 -38187652.483064055 0.0 547188.3503315123 -37799025.76191415 0.0 506566.4336679711 -36924652.29964192 0.0 440839.90686194325 -35135453.82460773 0.0 345785.7185803503 -31942087.78990469 0.0 227715.4612624886 -27282497.149926063 0.0 107132.04706203187 -22303104.819222175 0.0 2076396.255079122 1385712767.9541337 0.0 -1481961.0672380251 -1354786850.744059 0.0 520627.04107580293 -38395534.751330696 0.0 517009.5451141892 -38349425.84619778 0.0 506078.1622077087 -38203222.29564033 0.0 484600.7472059624 -37828567.038477615 0.0 447785.4186309401 -36974143.59287382 0.0 389539.13560596335 -35210920.12733049 0.0 305791.6255889089 -32043688.871222027 0.0 201661.9597696724 -27397277.8763528 0.0 94989.34090884645 -22409800.46133886 0.0 2074931.076269209 1385662648.0122237 0.0 -1525895.0230619796 -1354528791.7734578 0.0 467522.24807971925 -38397601.81647214 0.0 462112.527667588 -38357120.44413486 0.0 450541.26738180954 -38218917.179886185 0.0 430148.2652304641 -37855914.59005874 0.0 396777.6542074243 -37018428.43194914 0.0 344985.37969246734 -35277649.47982391 0.0 270948.8085324566 -32133355.089433752 0.0 178871.93597038137 -27498772.2633954 0.0 84333.18755734955 -22504389.899384603 0.0 2073645.791687478 1385618167.385966 0.0 -1566243.0981279085 -1354296951.8575072 0.0 419433.2836633923 -38401288.36104197 0.0 413114.21914436144 -38365687.66676019 0.0 401496.9650741866 -38234242.34518303 0.0 382382.87094144546 -37881098.10784415 0.0 352173.2545462274 -37058118.2105238 0.0 306030.33333165065 -35336824.981696464 0.0 240424.9005614756 -32212693.940080564 0.0 158848.9890865786 -27588691.456984587 0.0 74949.105817789 -22588359.35129085 0.0 2072514.8136602559 1385578647.2330537 0.0 -1603171.0826789553 -1354088912.8812993 0.0 375863.05760234117 -38405811.84841576 0.0 369208.6376459997 -38374513.85354529 0.0 357933.2174406025 -38248869.66876708 0.0 340207.785726463 -37904164.15518485 0.0 312914.6829234934 -37093701.58638681 0.0 271768.1746903769 -35389396.73268358 0.0 213546.98433762183 -32283020.92974887 0.0 141181.0062915137 -27668465.016108014 0.0 66654.64631045029 -22662972.8592804 0.0 2071516.0415209273 1385543505.0068674 0.0 -1636872.5772714335 -1353902474.3888752 0.0 336388.2250508299 -38410673.21564687 0.0 329762.0608468397 -38383204.35004545 0.0 319068.2303489937 -38262598.54703962 0.0 302773.8758879508 -37925183.52711979 0.0 278173.8272609159 -37125587.75128694 0.0 241478.2563707725 -35436146.08344706 0.0 189769.76199585816 -32345428.759981174 0.0 125527.50295907666 -27739298.00242262 0.0 59296.55314362743 -22729310.108669873 0.0 2070630.7622352273 1385512240.1793115 0.0 -1667562.8733666246 -1353735628.903382 0.0 300629.8232475794 -38415560.903117515 0.0 294254.2144208051 -38391515.90341633 0.0 284278.3767178482 -38275321.27196021 0.0 269408.06318154203 -37944248.509658575 0.0 247291.42527895898 -37154131.088474154 0.0 214580.71467090017 -35477728.87721266 0.0 168648.39137547844 -32400837.188817505 0.0 111606.71263138109 -27802215.003785126 0.0 52746.53842474063 -22788298.09421564 0.0 2069843.2661355375 1385484421.3046625 0.0 -1695470.3628710718 -1353586547.032108 0.0 268239.3576792232 -38420286.37077069 0.0 262242.9640747881 -38399307.903517924 0.0 253051.2915084881 -38286995.100431606 0.0 239564.06486769282 -37961466.80696818 0.0 219732.77032066887 -37179645.027333125 0.0 190602.37812907118 -35514704.5528859 0.0 149816.3538140035 -32450029.140229467 0.0 99184.0089599205 -27858093.91462222 0.0 46896.89697157259 -22840736.858657867 0.0 2069140.362658372 1385459675.0046265 0.0 -1720828.3966548895 -1353453566.636155 0.0 238892.5088584975 -38424740.976867676 0.0 233342.8903859004 -38406507.97660794 0.0 224955.194646271 -38297620.9162822 0.0 212788.57103589983 -37976955.03283524 0.0 195056.0743018707 -37202410.00316555 0.0 169151.30075839374 -35547555.983164035 0.0 132968.07237189636 -32493677.072030917 0.0 88062.25155899463 -27907691.840924542 0.0 41656.59571231479 -22887320.100945767 0.0 2068510.9203114435 1385437676.89094 0.0 -1743868.6915457426 -1353335183.411125 0.0 212286.4040222666 -38428867.302385226 0.0 207212.02254070065 -38413088.08592747 0.0 199618.60450945553 -38307227.51722893 0.0 188697.926071182 -37990833.01840781 0.0 172889.88015851108 -37222678.18658277 0.0 149897.92067027208 -35576703.34441585 0.0 117845.55640620123 -32532362.48385419 0.0 78074.05718834723 -27951665.050903324 0.0 36948.01216363822 -22928651.580158517 0.0 2067945.4702746654 1385418144.1981027 0.0 -1764816.5151462362 -1353230041.7866924 0.0 188138.3758821091 -38432640.19783057 0.0 183543.340528672 -38419048.145454004 0.0 176716.6794622314 -38315860.363250695 0.0 166961.8969027401 -38003219.33589049 0.0 152916.87412566447 -37240676.49591057 0.0 132561.16336557386 -35602514.10430508 0.0 104228.25698225459 -32566590.588197593 0.0 69075.74980252735 -27990584.467163492 0.0 32704.310274300868 -22965258.18268721 0.0 2067435.8813752686 1385400829.837263 0.0 -1783887.495888239 -1353136925.8200364 0.0 166185.1852407511 -38436054.33948286 0.0 162059.0485471606 -38424404.917735144 0.0 155961.78277876924 -38323573.70889195 0.0 147292.2011269139 -38014228.0319358 0.0 134862.18372327051 -37256608.72115644 0.0 116898.16338183702 -35625310.44996695 0.0 91925.38807473086 -32596801.54844206 0.0 60942.676259555294 -28024947.830279067 0.0 28867.3694483459 -22997600.386369515 0.0 2066975.1009036964 1385385517.5927093 0.0 -1801285.7696433184 -1353054750.105844 0.0 146182.24536844104 -38439116.119833276 0.0 142506.45395779825 -38429184.57744021 0.0 137096.74441531056 -38330425.223562896 0.0 129434.22827837872 -38023966.39818214 0.0 118484.80149795092 -37270657.195146605 0.0 102696.59852834907 -35645374.99519541 0.0 80770.094759319 -32623379.251999907 0.0 53565.58658647809 -28055189.369133234 0.0 25386.162326335052 -23026080.707534835 0.0 2066556.950662712 1385372018.2216454 0.0 -1817203.1229116835 -1352982550.8216152 0.0 127902.77640462178 -38441838.43905422 0.0 124654.78222584231 -38433417.78749693 0.0 119889.8570219921 -38336472.39868394 0.0 113160.90749264267 -38032533.56143713 0.0 103571.18096304688 -37282984.22890519 0.0 89768.89468953379 -35662955.298630044 0.0 70614.98249410969 -32646658.284773238 0.0 46847.82155828428 -28081687.586979803 0.0 22215.481990050914 -23051050.582557157 0.0 2066175.9668605027 1385360166.264366 0.0 -1831818.9736142745 -1352919477.0713425 0.0 111136.61873607153 -38444237.313146584 0.0 108292.62574191345 -38437136.58873833 0.0 104131.00497108405 -38341770.21589802 0.0 98268.0248691198 -38040019.6882191 0.0 89930.34181787039 -37293733.41103832 0.0 77947.76342700893 -35678267.53128054 0.0 61328.63916008302 -32666929.5654026 0.0 40703.1021077972 -28104771.603552163 0.0 19314.93433298991 -23072816.023986883 0.0 2065827.273668908 1385349817.4150846 0.0 -1845300.7950318404 -1352864782.849257 0.0 95688.87701977299 -38446329.659674 0.0 93225.66518382695 -38440372.313219346 0.0 89628.53516925129 -38346369.73012673 0.0 84570.52120119835 -38046505.63443959 0.0 77390.02522039387 -37303030.80978665 0.0 67082.68835337328 -35691499.509577155 0.0 52792.87765164055 -32684444.955376733 0.0 35053.76289675034 -28124726.369999103 0.0 16648.128649154445 -23091642.303964287 0.0 2065506.4821291603 1385340846.3398933 0.0 -1857804.955585116 -1352817819.540178 0.0 81378.42265937234 -38448131.96363852 0.0 79274.3689490557 -38443154.23930889 0.0 76206.54445383913 -38350317.274928555 0.0 71899.44564478353 -38052062.88439474 0.0 65793.58261394006 -37310986.080010384 0.0 57037.089104598934 -35702813.23154455 0.0 44900.50163047394 -32699421.06440763 0.0 29829.3120907806 -28141796.984863892 0.0 14182.014978936948 -23107757.85122657 0.0 2065209.6078451732 1385333144.8572042 0.0 -1869477.7585849278 -1352778029.190226 0.0 68036.38402779964 -38449659.61539906 0.0 66271.99501013962 -38445508.81447823 0.0 63702.47075543511 -38353653.83789464 0.0 60099.383205558566 -38056753.62247877 0.0 54997.391548963555 -37317693.462235406 0.0 47685.97474602092 -35712347.00664741 0.0 37553.45154892781 -32712042.4059876 0.0 24965.228575812416 -28156192.27578018 0.0 11886.329597031834 -23121357.498540737 0.0 2064933.0025209642 1385326620.4178727 0.0 -1880456.6494390713 -1352744938.5354936 0.0 55504.52743030839 -38450926.368731014 0.0 54062.966428567626 -38447459.22797793 0.0 51965.155688839666 -38356414.82439412 0.0 49026.275732668764 -38060630.93877785 0.0 44868.66248359752 -37323232.68579757 0.0 38913.95566407707 -35720217.2464308 0.0 30661.234619751587 -32722464.013657555 0.0 20401.94429031532 -28168087.76924171 0.0 9733.123100708313 -23132605.180412292 0.0 2064673.2956640306 1385321194.8387034 0.0 -1890871.2975514333 -1352718153.691639 0.0 43634.199382302686 -38451944.16307443 0.0 42501.19529075425 -38449025.072549716 0.0 40852.98228778408 -38358630.01409273 0.0 38545.46959603083 -38063739.105718 0.0 35283.51539688807 -37327669.7709451 0.0 30613.512591425246 -35726519.95867047 0.0 24139.556589031014 -32730813.590423107 0.0 16083.956898894168 -28177628.13316036 0.0 7696.351465748387 -23141636.16356521 0.0 2064427.3449063466 1385316803.2517183 0.0 -1900845.1030841714 -1352697355.292184 0.0 32284.62719412464 -38452722.83402271 0.0 31448.51929065546 -38450222.61113546 0.0 30232.120784677183 -38360323.68106801 0.0 28529.921545784404 -38066113.87818734 0.0 26125.246967158906 -37331057.718225494 0.0 22683.452069791467 -35731331.97360682 0.0 17909.103924237243 -32737193.255136162 0.0 11959.03240402827 -28184929.156127006 0.0 5751.505829762189 -23148558.85841734 0.0 2064192.1908856325 1385313393.2454655 0.0 -1910496.5691964687 -1352682295.11624 0.0 21320.515550762426 -38453269.831108004 0.0 20772.64668259734 -38451064.67175791 0.0 19974.75005161018 -38361514.63244603 0.0 18858.505039741605 -38067782.73579117 0.0 17282.735034929934 -37333437.06517984 0.0 15027.49816900608 -35734711.9179263 0.0 11894.437437705701 -32741680.922753785 0.0 7977.483356733079 -28190079.31327924 0.0 3875.2772049659366 -23153456.253472947 0.0 2063965.0164482025 1385310924.179627 0.0 -1919940.4489571815 -1352672793.5357792 0.0 10610.846087664371 -38453590.383208916 0.0 10345.581724748019 -38451560.27501385 0.0 9957.461076231943 -38362216.16877499 0.0 9414.440658549473 -38068765.05589998 0.0 8648.956444313131 -37334836.30916707 0.0 7552.986891591219 -35736700.95224128 0.0 6022.9671371430495 -32744331.347339544 0.0 4091.5000655303415 -28193140.952003628 0.0 2045.2460995903982 -23156387.00440983 0.0 2063743.1089907745 1385309366.6581776 0.0 -375791473.0004287 -1542067107.5764253 0.0 8414.763168546755 -38452149.336214155 0.0 1515.6481157821436 -38453571.14133347 0.0 -16834.589230450827 -38373385.03678747 0.0 -57231.19543547107 -38100104.32549858 0.0 -143285.83432078024 -37409171.221092284 0.0 -305001.75436236936 -35891848.092601605 0.0 -542869.4323699976 -33018293.52230381 0.0 -752070.2879837289 -28571399.141586766 0.0 -683631.4056586681 -23499881.388484728 0.0 -403569292.7596769 1189947958.401759 0.0
    </DataArray>
    <DataArray type="Float32" Name="Electron Current Density [Am^-2]" NumberOfComponents="3" format="ascii">
-2654344059.498564 -222705448765.70828 0.0 -10374385657.916645 -214366774455.35065 0.0 -11044202181.78671 -200629316418.53043 0.0 -9914393626.937187 -185579079166.6506 0.0 -8331915086.372752 -171779852678.27585 0.0 -6897397610.5026455 -159885014875.949 0.0 -5783309555.901247 -149727524231.59482 0.0 -4994115315.716012 -140868432050.2789 0.0 -4444668940.552783 -132909217422.69574 0.0 -3798506862.676244 -126136909953.57713 0.0 -2043729295.9095466 -121840052736.87396 0.0 -1467937530.718461 -187819796017.05252 0.0 -13611422198.026445 -175762492194.0461 0.0 -16319321565.08947 -168025646339.54224 0.0 -15610911549.705956 -159112807161.35226 0.0 -13741646377.183546 -150422768803.7707 0.0 -11818106211.50883 -142428723967.28912 0.0 -10263920886.55204 -135161434545.83325 0.0 -9186102824.786451 -128433071411.75383 0.0 -8426608454.65313 -122027468511.80373 0.0 -6814353753.16509 -116288910925.80423 0.0 -2989627858.7098975 -109675318979.65369 0.0 -147034010.58394903 -109258071176.54045 0.0 -12507887244.30264 -101719120651.91212 0.0 -17418717592.96435 -104457032179.60916 0.0 -18250031282.00499 -106011486465.77078 0.0 -17238695600.916794 -106178668980.80667 0.0 -15733473219.51842 -105180867685.83888 0.0 -14408831862.204565 -103321861361.10832 0.0 -13540079747.819542 -100786041594.85986 0.0 -12903346254.753399 -97650992611.94499 0.0 -10370540498.866905 -94299545174.99278 0.0 -3683270735.105459 -87239801847.0096 0.0 665970748.1864929 -44010510904.31818 0.0 -6017840123.361406 -41877490226.36562 0.0 -10574655629.912458 -48441244342.96808 0.0 -12983289222.368347 -55088285767.219986 0.0 -13833862066.564678 -60532522192.53263 0.0 -13927621980.41018 -64430181416.21156 0.0 -13879130884.88981 -66882685567.12694 0.0 -14021972445.26006 -68096558435.5202 0.0 -14020076773.432575 -68268125783.94998 0.0 -11287605127.40641 -67771696579.04381 0.0 -3372856398.237327 -61955113609.88207 0.0 578671681.6871058 -14122081290.403662 0.0 -1575228992.972488 -13663730740.892761 0.0 -4078819466.272915 -17549418412.692482 0.0 -6344258360.59531 -22644853527.257835 0.0 -8085463603.664277 -27918784930.94827 0.0 -9423809043.296158 -32659845710.068996 0.0 -10604746588.469265 -36568558059.73624 0.0 -11775946142.946297 -39626366834.77011 0.0 -12375652788.175917 -41961932957.49096 0.0 -9949438002.283176 -43777882539.81885 0.0 -2532605325.3324976 -39938185378.63629 0.0 235565782.39426807 -4828574192.460037 0.0 -261648899.08541954 -4641428939.046676 0.0 -1234604324.6892207 -5860354103.233289 0.0 -2511800066.712615 -7920502496.129147 0.0 -3899427210.4871693 -10621440190.86744 0.0 -5360312364.211877 -13664353221.237251 0.0 -6904530911.81972 -16802670446.667978 0.0 -8416284469.411472 -19946872708.18922 0.0 -9159882660.551476 -23096409207.020977 0.0 -7305102762.270856 -26017522118.865715 0.0 -1611415877.0815654 -24004604236.833817 0.0 67374418.35126849 -2171132347.5011835 0.0 -105705918.7141363 -2073848720.827012 0.0 -531877597.0968025 -2393014849.823132 0.0 -1222939721.4197154 -3061157416.3590355 0.0 -2104143260.0508082 -4103225106.9611745 0.0 -3159176160.2756 -5526733954.756083 0.0 -4350252612.356477 -7370361400.801892 0.0 -5477292089.261423 -9688562311.136156 0.0 -5945947723.918327 -12403866603.21679 0.0 -4660537007.1402855 -15016290270.736965 0.0 -921125394.2267455 -14085856399.985548 0.0 18688561.58543572 -1250937805.6783466 0.0 -89345577.57907176 -1203888318.8821595 0.0 -337577251.3794212 -1321685543.809668 0.0 -789503691.7332253 -1616796053.5852845 0.0 -1406450894.2152708 -2133723747.543051 0.0 -2134290095.7141373 -2905295919.5158978 0.0 -2891682713.300019 -3992226195.6428404 0.0 -3510735077.6156945 -5450787471.079895 0.0 -3665018424.2487626 -7213868352.9520445 0.0 -2784818076.4108377 -8918030781.481329 0.0 -513531155.7615964 -8449531716.03196 0.0 5946858.812442863 -825781576.5853709 0.0 -67821461.0496225 -803641751.3378973 0.0 -217912673.0797748 -870110778.2000828 0.0 -512056740.62483126 -1050498032.87425 0.0 -944668983.8672248 -1392870954.2988522 0.0 -1458613563.076548 -1918103370.9073613 0.0 -1954140601.1778705 -2636812451.304908 0.0 -2294403004.8718514 -3546988272.7284546 0.0 -2297852056.661885 -4591698770.3565 0.0 -1676880933.1567059 -5572845930.73507 0.0 -298202411.0594702 -5289440406.888604 0.0 2673561.0588841457 -577901022.781336 0.0 -47325071.69018834 -565138531.7365824 0.0 -134691145.2938392 -607132092.9103087 0.0 -313195660.16664654 -722740279.8938582 0.0 -596789745.4876095 -955690194.8902875 0.0 -954128748.7761594 -1326934866.2776446 0.0 -1302966570.5646403 -1828129333.74964 0.0 -1528197246.7492566 -2426526490.092092 0.0 -1500830792.7425163 -3064435460.965904 0.0 -1058447864.8306099 -3628981188.985212 0.0 -185301198.70912927 -3435093384.747705 0.0 2007471.5154353625 -408052756.03392696 0.0 -32335118.895278607 -397867196.21707785 0.0 -81370655.6895984 -423364743.4426905 0.0 -183031094.46966505 -493875240.76799315 0.0 -356718609.25675756 -642870795.6053108 0.0 -595418264.6679523 -892866418.4460561 0.0 -847204636.3805163 -1239300253.407197 0.0 -1021565518.9054313 -1647911119.3300152 0.0 -1010585404.7802311 -2064145584.2946286 0.0 -701096284.9218214 -2410732881.8432937 0.0 -121945970.64208703 -2273173138.1268253 0.0 1859098.6815546516 -278463966.37170595 0.0 -23053076.964279693 -268933349.08555967 0.0 -49458376.8680184 -283528553.3056004 0.0 -103634850.322341 -324730287.6904686 0.0 -203415414.62296414 -414499202.7034148 0.0 -354912073.98534155 -573157558.170281 0.0 -532297077.07123613 -805205345.2599908 0.0 -673790162.4726609 -1088275992.6431062 0.0 -687105633.9079103 -1374786734.610591 0.0 -478655772.9631461 -1603257943.3234966 0.0 -82985895.10820824 -1506158342.2584918 0.0 1451431.8134699303 -174585289.7453112 0.0 -18382535.358999044 -165861752.1133612 0.0 -30358884.051673666 -175974139.80181646 0.0 -56916077.20405876 -200963644.6161567 0.0 -111099168.15399137 -253718973.17030993 0.0 -202282509.33326474 -349989233.7774957 0.0 -318040091.3669951 -500835944.7160214 0.0 -431577591.1851443 -694833101.9893713 0.0 -463839794.4609246 -894390841.8982095 0.0 -329153208.1131313 -1052021011.4656347 0.0 -56554237.308935 -986544852.4760242 0.0 987059.7155295555 -87167860.71039179 0.0 -8499557.526559012 -87218602.17732674 0.0 -14286208.750416972 -96497024.39703417 0.0 -26340508.737231657 -113013107.12689084 0.0 -53472963.354866765 -146354171.6091508 0.0 -105528470.28153902 -209636199.88111013 0.0 -181162184.06391376 -303867643.0752434 0.0 -269693125.4104286 -430061747.22451216 0.0 -310589332.1723155 -566526355.5640734 0.0 -220312554.14197057 -678663185.3392547 0.0 -37280367.95753539 -637170190.013346 0.0 569774.255625386 -54293579.49265193 0.0 -3301289.46758399 -54515877.918070585 0.0 -5811966.283706402 -59201939.74509425 0.0 -9886934.927720238 -66551450.122716814 0.0 -19820737.37532598 -80041416.49354924 0.0 -45935773.39816785 -108650413.87301126 0.0 -91140919.6591327 -163669334.48854798 0.0 -154666638.38841072 -252051548.26660416 0.0 -200478232.31864655 -360961635.28634834 0.0 -154085534.1935858 -437088218.22161454 0.0 -27662251.460088756 -402874427.7097518 0.0 384648.4385184932 -40578060.38538768 0.0 -1003036.0354614072 -40377306.652644865 0.0 -2303441.0021481737 -42416530.7068873 0.0 -4295642.76598677 -45611708.49576291 0.0 -8661092.982760236 -51144302.34170377 0.0 -19208903.414500225 -62882124.722796805 0.0 -40406693.62111038 -86688909.21915153 0.0 -75662407.7315861 -128912512.7664293 0.0 -115029295.49666151 -192451993.96042246 0.0 -99554414.4903411 -253964592.63541895 0.0 -16931332.0070373 -237605812.59625572 0.0 264724.927461818 -34028510.570225395 0.0 -139463.1492843368 -33651464.73508901 0.0 -729365.0356039942 -34453349.411831655 0.0 -1786616.5276856315 -35873439.74021547 0.0 -3936542.1940069147 -38365932.069909126 0.0 -8934382.597228998 -43434640.66220531 0.0 -19913566.91000758 -54096635.68049637 0.0 -40164010.65605011 -75036953.84791845 0.0 -63594944.03511037 -110085341.54260549 0.0 -59669285.25225509 -148233864.09314162 0.0 -9804217.909700576 -139689165.54063138 0.0 184958.43843058802 -30330424.3446637 0.0 117286.6976382829 -29945266.584817212 0.0 -83332.34174779676 -30206172.59793321 0.0 -604933.5875972298 -30799395.625158817 0.0 -1691615.3758133564 -31940340.875584014 0.0 -4179466.047310699 -34261580.39267116 0.0 -9898432.910732748 -39266409.07699989 0.0 -21196904.097477462 -49749040.69605134 0.0 -35402647.814749144 -68270492.60224272 0.0 -35307557.59719603 -90099944.09051433 0.0 -5624781.608744502 -85193699.51935577 0.0 132951.42284971062 -27886298.790756095 0.0 154838.12700806887 -27559068.49947148 0.0 133083.33851308847 -27608970.884596232 0.0 -94626.96669328459 -27820874.771901257 0.0 -640329.5583248961 -28315159.99339719 0.0 -1926351.2290163133 -29379046.340057652 0.0 -5002738.959946311 -31750086.90634823 0.0 -11459979.076225096 -36971521.96656448 0.0 -20292815.09978864 -46682164.08809621 0.0 -21394457.289900094 -58806555.70167692 0.0 -3290950.6962516094 -55704670.81985198 0.0 99148.87670361478 -26099705.019144174 0.0 127319.6478522992 -25835482.721260536 0.0 171473.51134714985 -25814271.118628014 0.0 90536.20779072 -25862853.31259224 0.0 -179869.54916315537 -26053046.124088906 0.0 -873909.415122138 -26525131.44037679 0.0 -2618166.659554384 -27645374.535924237 0.0 -6497233.175359492 -30252280.123100564 0.0 -12240834.258876266 -35367946.76291441 0.0 -13639849.421020875 -42073327.77445876 0.0 -2014220.5854537871 -39913860.3402408 0.0 76757.07601814943 -24700464.943845607 0.0 89794.80240622343 -24489455.226000547 0.0 148407.69244248167 -24453231.056747932 0.0 133538.36127311326 -24440807.422730174 0.0 1302.8708212008826 -24496401.44353131 0.0 -393746.7900604393 -24693260.62893996 0.0 -1452747.9326879212 -25218727.42186317 0.0 -3946567.3545824084 -26535217.19258183 0.0 -7917194.8910822 -29280864.12461574 0.0 -9312852.25996314 -33055353.17854373 0.0 -1317090.9977480494 -31418645.029867753 0.0 60954.998459518014 -23559365.72383152 0.0 58696.6653711217 -23390033.660662074 0.0 111379.6148022136 -23356359.282911554 0.0 122267.60437738644 -23326679.147792142 0.0 58087.66917426188 -23328031.33068606 0.0 -182014.51529686557 -23400861.784656715 0.0 -876877.8143576217 -23645195.848890595 0.0 -2605606.4714623545 -24326185.309116177 0.0 -5537937.2435198 -25854996.49031785 0.0 -6839217.9036504375 -28067928.935974743 0.0 -929803.0036188107 -26745065.25736466 0.0 50114.06467330979 -22604675.083877433 0.0 35139.53717322525 -22465210.70177849 0.0 76827.15344406418 -22438269.123854864 0.0 95197.47725802167 -22408219.61638333 0.0 63905.82594272995 -22391407.638983708 0.0 -93262.13052599756 -22411255.568138894 0.0 -585438.5518589073 -22524210.664641652 0.0 -1871325.7189715528 -22891608.498049766 0.0 -4168353.5426206216 -23793436.518302523 0.0 -5355550.060564105 -25175130.076272994 0.0 -706000.0811537656 -24059240.62913186 0.0 42159.34539335521 -21787444.29329608 0.0 18609.79451434102 -21671192.06866824 0.0 49591.93972520281 -21651629.765268262 0.0 67814.96155173783 -21626948.600173857 0.0 52024.41532991862 -21607167.708405513 0.0 -58813.62973902869 -21606549.339048356 0.0 -431080.03477101127 -21659162.21311781 0.0 -1443567.251823615 -21870576.295697927 0.0 -3326304.8417899664 -22444491.30511368 0.0 -4402093.312851028 -23376998.585363425 0.0 -568337.5333233819 -22411012.846152775 0.0 36019.29886423041 -21080114.02150523 0.0 8108.776900107973 -20982402.845979474 0.0 30079.302788355224 -20969059.137988217 0.0 45337.55419955774 -20950643.38037795 0.0 36555.84643665732 -20933421.4797245 0.0 -46938.73732398123 -20926524.130637106 0.0 -342976.5735599397 -20952061.33160727 0.0 -1173504.3225220952 -21084465.378151026 0.0 -2765480.9859917904 -21481527.04731896 0.0 -3738336.6437756517 -22162695.78960816 0.0 -476644.4761713037 -21314066.5428567 0.0 71845.05126708068 -20404564.5344255 0.0 88324.06397939603 -20398941.616889942 0.0 103130.42750570178 -20389249.673617885 0.0 114113.177766402 -20375104.07585134 0.0 103947.39142299388 -20360258.332101934 0.0 21719.241857528064 -20352432.482561674 0.0 -268115.58214976825 -20370617.024743345 0.0 -1063410.9774466318 -20464608.752183728 0.0 -2488858.5151909706 -20724009.08036798 0.0 -3019301.8799819103 -21150592.26711564 0.0 0.0 -21341489.311725162 0.0 23831.288801997907 -19816849.362611044 0.0 -10402.339450716978 -19885391.28642802 0.0 65.95512485628329 -19878377.063990425 0.0 9205.079964910947 -19867593.29419911 0.0 5479.3006838051015 -19855325.411812615 0.0 -47323.18259208899 -19849140.36246789 0.0 -248883.00610649437 -19867710.469254732 0.0 -842168.7419137948 -19943705.85544658 0.0 -2039080.351374754 -20108085.75432966 0.0 -2862657.6154239574 -20338508.41243473 0.0 -408990.8534558645 -21440728.725789525 0.0 20953.78185110931 -19358839.936662257 0.0 -11742.438394849696 -19419238.673829224 0.0 -4894.661448815934 -19414514.739248928 0.0 1668.5034506618972 -19407015.353433743 0.0 -1661.7624563887173 -19398194.408871897 0.0 -46155.704728772944 -19393899.42708751 0.0 -218543.16074606887 -19409357.13815933 0.0 -732540.6806212366 -19471421.809240244 0.0 -1783657.7998832753 -19605023.033475675 0.0 -2523667.226947039 -19790327.691143777 0.0 -357608.0990860587 -20750225.87975995 0.0 18476.23419105337 -18955395.925673008 0.0 -12082.31094037758 -19008683.60437951 0.0 -7758.186699540663 -19005542.0155794 0.0 -3169.8037932075135 -19000405.849167354 0.0 -6367.46186908475 -18994212.535217732 0.0 -44473.189062842466 -18991596.844026927 0.0 -193344.39682853583 -19005248.980600502 0.0 -641689.6638227591 -19057829.408813745 0.0 -1568915.7306655 -19170212.667009585 0.0 -2234163.7138405526 -19324397.408037223 0.0 -315384.9147512554 -20168595.15783618 0.0 16322.400610145425 -18599644.34213484 0.0 -11809.176438253511 -18646689.764398303 0.0 -9210.282554376316 -18644622.008984026 0.0 -6083.657597125816 -18641147.24251191 0.0 -9210.506602863608 -18636879.967154942 0.0 -42183.54709594144 -18635568.58459719 0.0 -171557.962552186 -18647947.25171701 0.0 -564310.7703152522 -18693460.96242412 0.0 -1384334.98983263 -18790043.082842752 0.0 -1982177.431573576 -18921095.71992723 0.0 -279427.34473706246 -19667457.08726961 0.0 14436.811484208785 -18285727.56796152 0.0 -11184.355496869739 -18327277.473228123 0.0 -9744.147002199163 -18325930.078481115 0.0 -7672.765944680822 -18323604.72385602 0.0 -10712.35558770225 -18320712.773665067 0.0 -39429.564427334946 -18320336.218935464 0.0 -152329.1231831915 -18331650.00461936 0.0 -497317.30919313576 -18371521.324623946 0.0 -1223539.4309822347 -18455614.341810398 0.0 -1760376.4879707962 -18568440.56703861 0.0 -248132.9769019007 -19230034.53342175 0.0 12777.409763200123 -18008602.120830573 0.0 -10377.932041047769 -18045304.775266107 0.0 -9701.996876365198 -18044436.84498702 0.0 -8377.768716684328 -18042897.805543505 0.0 -11291.95341983314 -18040970.15194298 0.0 -36403.27687105289 -18041222.760572486 0.0 -135199.53362467082 -18051558.61060169 0.0 -438751.20355002925 -18086715.924411602 0.0 -1082320.891409651 -18160530.043263514 0.0 -1563854.9032149967 -18258409.6217038 0.0 -220550.97444384635 -18845507.974657416 0.0 11311.121667161888 -17763900.553005237 0.0 -9497.291909605992 -17796321.248478096 0.0 -9314.7456990568 -17795770.578607097 0.0 -8510.875166049917 -17794765.160498064 0.0 -11263.525421813858 -17793504.70883042 0.0 -33274.802665048635 -17794154.80522597 0.0 -119887.00203652798 -17803563.597124595 0.0 -387250.7617052444 -17834677.5726011 0.0 -957657.0389085594 -17899817.58854015 0.0 -1389029.3056540461 -17985132.0407691 0.0 -196064.36676146605 -18506229.633058038 0.0 10011.131449552671 -17547829.337597024 0.0 -8607.95016642288 -17576461.805494398 0.0 -8734.688830814075 -17576120.064064123 0.0 -8287.482179043196 -17575474.63433402 0.0 -10852.49878866847 -17574671.17498763 0.0 -30172.061533314554 -17575552.564419605 0.0 -106186.70672746193 -17584081.721094925 0.0 -341788.74214389065 -17611679.508838125 0.0 -847217.3631558007 -17669393.91223725 0.0 -1233085.1348183483 -17743994.94623311 0.0 -174232.94144227126 -18206345.83886611 0.0 8855.162375020565 -17357088.677514885 0.0 -7748.033810533588 -17382364.215384014 0.0 -8060.070000258587 -17382159.483193465 0.0 -7853.013977722622 -17381755.788399436 0.0 -10215.380813054746 -17381262.773919545 0.0 -27181.345207580685 -17382261.080736365 0.0 -93928.75207966754 -17389964.12258477 0.0 -301541.362480373 -17414484.47215897 0.0 -749109.0445058895 -17465793.663265303 0.0 -1093693.8938909948 -17531194.52187147 0.0 -154715.4753137545 -17941108.42468559 0.0 7824.35949572359 -17188806.824388817 0.0 -6938.088480291933 -17211101.968133416 0.0 -7352.676000449831 -17210986.73132661 0.0 -7303.704122370755 -17210744.75372304 0.0 -9457.85074952932 -17210461.11546269 0.0 -24354.92294072237 -17211500.524946038 0.0 -82961.2288749925 -17218437.492016654 0.0 -265820.8220410358 -17240257.999925107 0.0 -661741.0880205453 -17286023.190391194 0.0 -968863.8734768903 -17343502.389987465 0.0 -137230.8923876583 -17706521.56243868 0.0 6902.537051074971 -17040484.860017277 0.0 -6187.601432617757 -17060128.00198927 0.0 -6650.079542259397 -17060071.008370046 0.0 -6701.880502708258 -17059936.87542045 0.0 -8649.327555986747 -17059793.494199097 0.0 -21719.772117580003 -17060825.77432311 0.0 -73144.21217323033 -17067060.71791162 0.0 -234038.665909088 -17086512.099789824 0.0 -583747.2369478864 -17127474.86485668 0.0 -856856.7690380719 -17178136.178318337 0.0 -121538.41655567952 -17499151.54378169 0.0 6075.650398015592 -16909949.604267858 0.0 -5499.278181736671 -16927226.76267109 0.0 -5973.995936491839 -16927207.549632486 0.0 -6086.8547180978085 -16927145.150118027 0.0 -7833.970398390049 -16927095.098532107 0.0 -19285.21391828483 -16928091.189338554 0.0 -64348.04320520722 -16933689.29210504 0.0 -205684.22452855433 -16951063.683820352 0.0 -513938.5846784403 -16987870.732048247 0.0 -756137.1452552062 -17032680.90070293 0.0 -107426.95865769393 -17316016.004489228 0.0 5331.4090788882195 -16795313.18637265 0.0 -4871.808449475096 -16810473.045416735 0.0 -5335.906587250528 -16810478.287574943 0.0 -5482.515889012563 -16810463.523828886 0.0 -7038.668513887251 -16810475.169499174 0.0 -17048.870512112964 -16811419.028092597 0.0 -56452.997428266885 -16816444.257200003 0.0 -180310.5613553399 -16832000.773892652 0.0 -451271.65178392554 -16865221.017855193 0.0 -665338.6321198001 -16905035.740482666 0.0 -94708.99388092602 -17154512.50210325 0.0 4658.981408642606 -16694938.27146749 0.0 -4301.628073354565 -16708196.575702162 0.0 -4740.799115295829 -16708217.65873724 0.0 -4902.545551175874 -16708234.536141435 0.0 -6278.696151998519 -16708286.73234907 0.0 -15001.019796940187 -16709170.962989423 0.0 -49349.17800843219 -16713684.452873813 0.0 -157524.31492671004 -16727653.454171311 0.0 -394824.9285317606 -16757790.841061909 0.0 -583238.9994616056 -16793374.25822561 0.0 -83216.63853247758 -17012367.364242062 0.0 4048.7699819713935 -16607408.160005296 0.0 -3784.0187041914733 -16618951.552415596 0.0 -4189.631637130555 -16618982.962579163 0.0 -4353.957918441533 -16619020.939867452 0.0 -5561.641716610644 -16619099.702037554 0.0 -13127.638571183512 -16619922.521664461 0.0 -42936.244544052824 -16623981.613761092 0.0 -136977.71248717923 -16636568.30241149 0.0 -343780.40006037074 -16664072.116691984 0.0 -508740.26945299905 -16696112.413889663 0.0 -72798.8312848807 -16887595.783523254 0.0 3492.205494013071 -16531501.142498804 0.0 -3313.773242957241 -16541490.441145558 0.0 -3680.9333483322002 -16541528.73844671 0.0 -3839.4789852636345 -16541580.9587853 0.0 -4890.097985525276 -16541677.187362336 0.0 -11412.450281688296 -16542440.358848572 0.0 -37122.90416218955 -16546098.150347533 0.0 -118361.9252769586 -16557485.766098723 0.0 -297408.2751815646 -16582759.276899418 0.0 -440851.96076569904 -16611881.772465508 0.0 -63319.09673400964 -16778468.89985678 0.0 2981.59647273979 -16466168.656410987 0.0 -2885.5919720952725 -16474741.684745414 0.0 -3211.807201004876 -16474784.795074658 0.0 -3359.1264154948303 -16474846.881747887 0.0 -4263.477127031736 -16474954.808105273 0.0 -9838.248465685156 -16475662.260354942 0.0 -31826.20466322637 -16478967.515374135 0.0 -101401.35228485308 -16489320.229986953 0.0 -255053.96503993202 -16512728.156005017 0.0 -378676.4842443938 -16539506.62227664 0.0 -54653.64657004881 -16683485.82083725 0.0 2509.9824229900028 -16410516.711830923 0.0 -2494.3408148580556 -16417790.68651793 0.0 -2778.6144365407536 -16417837.40132973 0.0 -2911.2490505588294 -16417906.669045527 0.0 -3679.211960591999 -16418022.82410551 0.0 -8387.707581068702 -16418679.756800275 0.0 -26970.69766028845 -16421677.05712047 0.0 -85848.61182136962 -16431142.612733018 0.0 -216126.76294158594 -16453017.680831114 0.0 -321396.1540287125 -16477984.34865045 0.0 -46689.698314102025 -16601349.55096789 0.0 2071.017567645413 -16363790.265516315 0.0 -2135.1495301840982 -16369863.831543539 0.0 -2377.3747774697517 -16369913.545336694 0.0 -2493.1753764481273 -16369988.447916778 0.0 -3133.534824951815 -16370110.926352393 0.0 -7043.847645850195 -16370723.211435009 0.0 -22487.540485945785 -16373453.23677453 0.0 -71480.11129774954 -16382165.343116896 0.0 -180089.87476320303 -16402814.123091873 0.0 -268261.4888309454 -16426468.667513547 0.0 -39323.95448790449 -16530946.251058608 0.0 1658.8596171382633 -16325360.168191962 0.0 -1803.442322038736 -16330315.082997678 0.0 -2003.9894829832936 -16330367.608052481 0.0 -2101.6843562852596 -16330447.381288571 0.0 -2622.020059299967 -16330575.342194822 0.0 -5790.291843553974 -16331149.142185334 0.0 -18313.59452268169 -16333649.028125579 0.0 -58092.10400312148 -16341729.54605966 0.0 -146451.5496025856 -16361437.706757793 0.0 -218580.5770164331 -16384255.440217389 0.0 -32461.209380358796 -16471327.4507374 0.0 1268.1280727763046 -16294712.325107181 0.0 -1494.9182013291875 -16298614.96866426 0.0 -1654.39689052105 -16298670.369175956 0.0 -1733.2962552948195 -16298754.740827927 0.0 -2139.9262565604113 -16298888.057923669 0.0 -4611.366451874377 -16299429.597628996 0.0 -14390.533129249372 -16301733.340672836 0.0 -45497.146397507444 -16309294.283812655 0.0 -114757.10773381224 -16328331.390469966 0.0 -171709.32557948242 -16350770.847855616 0.0 -26013.062347527983 -16421694.93177496 0.0 893.7562671628183 -16271438.776883228 0.0 -1205.5474455970707 -16274341.21286852 0.0 -1324.6994785181794 -16274399.772599585 0.0 -1384.4600310064468 -16274488.871548025 0.0 -1682.3970744385747 -16274627.960995456 0.0 -3492.086272931307 -16275143.435297016 0.0 -10663.965684007182 -16277282.331548883 0.0 -33520.88064561592 -16284427.716940807 0.0 -84581.6953443406 -16303051.674576534 0.0 -127042.43854517967 -16325561.747718226 0.0 -19896.71966879886 -16381388.057589354 0.0 530.8916752580327 -16255230.988213731 0.0 -931.5797874660548 -16257171.747612411 0.0 -1011.0815924958255 -16257233.914957829 0.0 -1051.5675402060153 -16257328.200129656 0.0 -1244.5264081458258 -16257473.9029785 0.0 -2418.0518438697727 -16257969.440004757 0.0 -7082.582769347336 -16259972.516651992 0.0 -21999.08037875718 -16266800.077016454 0.0 -55523.621013764925 -16285261.303769179 0.0 -84004.98909009929 -16308288.060479365 0.0 -14033.870898373023 -16349873.358206134 0.0 174.86979512166042 -16245874.850182496 0.0 -669.49237260595 -16246879.618681945 0.0 -709.8125904339057 -16246945.934229443 0.0 -731.000927310398 -16247046.065046042 0.0 -821.411733232439 -16247199.513983238 0.0 -1375.3305211545282 -16247681.14264138 0.0 -3597.3474107136135 -16249575.557662407 0.0 -10774.915352396034 -16256178.333258046 0.0 -27198.150545656074 -16274723.742773404 0.0 -42044.46210636445 -16298717.056345273 0.0 -8349.626204407967 -16326736.206036558 0.0 -2.3208387227188454 -16242889.326129923 0.0 -608.0494467665156 -16243205.280267498 0.0 -622.4192184507251 -16243271.177230071 0.0 -629.9614550303265 -16243373.23452408 0.0 -651.4200705550015 -16243529.758422313 0.0 -804.234908540984 -16243986.435480123 0.0 -1461.4253377212422 -16245732.543953605 0.0 -3671.364466436164 -16251887.556397263 0.0 -9055.666571930013 -16269598.37103237 0.0 -18360.916824382362 -16294513.184034072 0.0 -4850.128378455797 -16310981.565467762 0.0
    </DataArray>
    <DataArray type="Float32" Name="Hole Current Density [Am^-2]" NumberOfComponents="3" format="ascii">
1e-30 -1e-30 0.0 1e-30 -1e-30 0.0 1e-30 -1e-30 0.0 1e-30 -1e-30 0.0 1e-30 -1e-30 0.0 -1e-30 -1e-30 0.0 -1e-30 -1e-30 0.0 1e-30 -1e-30 0.0 1e-30 -1e-30 0.0 -1e-30 -1e-30 0.0 -1e-30 -1e-30 0.0 1e-30 -1e-30 0.0 1e-30 -1e-30 0.0 1e-30 -1e-30 0.0 1e-30 -1e-30 0.0 1e-30 -1e-30 0.0 1e-30 -1e-30 0.0 1e-30 -1e-30 0.0 -1e-30 -1e-30 0.0 -1e-30 -1e-30 0.0 -1e-30 -1e-30 0.0 -1e-30 -1e-30 0.0 1e-30 -1e-30 0.0 1e-30 -1e-30 0.0 1e-30 -1e-30 0.0 1e-30 -1e-30 0.0 1e-30 -1e-30 0.0 1e-30 -1e-30 0.0 1e-30 -1e-30 0.0 1e-30 -1e-30 0.0 1e-30 -1e-30 0.0 -1e-30 -1e-30 0.0 -1e-30 -1e-30 0.0 1e-30 -1e-30 0.0 1e-30 -1e-30 0.0 1e-30 -1e-30 0.0 1e-30 -1e-30 0.0 1e-30 -1e-30 0.0 1e-30 -1e-30 0.0 1e-30 -1e-30 0.0 1e-30 -1e-30 0.0 1e-30 -1e-30 0.0 -1e-30 -1e-30 0.0 -1e-30 -1e-30 0.0 1e-30 -1e-30 0.0 1e-30 -1e-30 0.0 1e-30 -1e-30 0.0 1e-30 -1e-30 0.0 1e-30 -1e-30 0.0 1e-30 -1e-30 0.0 1e-30 -1e-30 0.0 1e-30 -1e-30 0.0 -1e-30 -1e-30 0.0 -1e-30 -1e-30 0.0 -1e-30 -1e-30 0.0 1e-30 -1e-30 0.0 1e-30 -1e-30 0.0 1e-30 -1e-30 0.0 1e-30 -1e-30 0.0 1e-30 -1e-30 0.0 1e-30 -1e-30 0.0 1e-30 -1e-30 0.0 -1e-30 -1e-30 0.0 -1e-30 -1e-30 0.0 -1e-30 -1e-30 0.0 -1e-30 -1e-30 0.0 1e-30 -1e-30 0.0 1e-30 -1e-30 0.0 1e-30 -1e-30 0.0 1e-30 -1e-30 0.0 1e-30 -1e-30 0.0 1e-30 -1e-30 0.0 -1e-30 -1e-30 0.0 -1e-30 -1e-30 0.0 -1e-30 -1e-30 0.0 -1e-30 -1e-30 0.0 -1e-30 -1e-30 0.0 1e-30 -1e-30 0.0 1e-30 -1e-30 0.0 1e-30 -1e-30 0.0 -1e-30 -1e-30 0.0 -1e-30 -1e-30 0.0 -1e-30 -1e-30 0.0 -1e-30 -1e-30 0.0 -1e-30 -1e-30 0.0 -1e-30 -1e-30 0.0 -1e-30 -1e-30 0.0 -1e-30 -1e-30 0.0 1e-30 -1e-30 0.0 1e-30 -1e-30 0.0 -1e-30 -1e-30 0.0 -1e-30 -1e-30 0.0 -1e-30 -1e-30 0.0 -1e-30 -1e-30 0.0 -1e-30 -1e-30 0.0 -1e-30 -1e-30 0.0 -1e-30 -1e-30 0.0 -1e-30 -1e-30 0.0 -1e-30 -1e-30 0.0 1e-30 -1e-30 0.0 -1e-30 -1e-30 0.0 -1e-30 -1e-30 0.0 -1e-30 -1e-30 0.0 -1e-30 -1e-30 0.0 -1e-30 -1e-30 0.0 -1e-30 -1e-30 0.0 -1e-30 -1e-30 0.0 -1e-30 -1e-30 0.0 -1e-30 1e-30 0.0 -1e-30 -1e-30 0.0 1e-30 -1e-30 0.0 -1e-30 -1e-30 0.0 -1e-30 -1e-30 0.0 -1e-30 -1e-30 0.0 -1e-30 -1e-30 0.0 -1e-30 -1e-30 0.0 -1e-30 -1e-30 0.0 -1e-30 -1e-30 0.0 -1e-30 -1e-30 0.0 -1e-30 1e-30 0.0 -1e-30 -1e-30 0.0 1e-30 -1e-30 0.0 -1e-30 -1e-30 0.0 -1e-30 -1e-30 0.0 -1e-30 -1e-30 0.0 -1e-30 -1e-30 0.0 -1e-30 -1e-30 0.0 -1e-30 -1e-30 0.0 -1e-30 -1e-30 0.0 -1e-30 -1e-30 0.0 -1e-30 1e-30 0.0 -1e-30 1e-30 0.0 1e-30 -1e-30 0.0 -1e-30 -1e-30 0.0 -1e-30 -1e-30 0.0 -1e-30 -1e-30 0.0 -1e-30 -1e-30 0.0 -1e-30 -1e-30 0.0 -1e-30 -1e-30 0.0 -1e-30 -1e-30 0.0 -1e-30 -1e-30 0.0 -1e-30 1e-30 0.0 -1e-30 1e-30 0.0 1e-30 -1e-30 0.0 -1e-30 -1e-30 0.0 -1e-30 -1e-30 0.0 -1e-30 -1e-30 0.0 -1e-30 -1e-30 0.0 -1e-30 -1e-30 0.0 -1e-30 -1e-30 0.0 -1e-30 -1e-30 0.0 -1e-30 1e-30 0.0 -1e-30 1e-30 0.0 -1e-30 1e-30 0.0 1e-30 -1e-30 0.0 -1e-30 -1e-30 0.0 -1e-30 -1e-30 0.0 -1e-30 -1e-30 0.0 -1e-30 -1e-30 0.0 -1e-30 -1e-30 0.0 -1e-30 -1e-30 0.0 -1e-30 -1e-30 0.0 -1e-30 1e-30 0.0 -1e-30 1e-30 0.0 -1e-30 1e-30 0.0 1e-30 -1e-30 0.0 -1e-30 -1e-30 0.0 -1e-30 -1e-30 0.0 -1e-30 -1e-30 0.0 -1e-30 -1e-30 0.0 -1e-30 -1e-30 0.0 -1e-30 -1e-30 0.0 -1e-30 -1e-30 0.0 -1e-30 1e-30 0.0 -1e-30 1e-30 0.0 -1e-30 1e-30 0.0 1e-30 -1e-30 0.0 1e-30 -1e-30 0.0 1e-30 -1e-30 0.0 -1e-30 -1e-30 0.0 -1e-30 -1e-30 0.0 -1e-30 -1e-30 0.0 -1e-30 -1e-30 0.0 -1e-30 -1e-30 0.0 1e-30 1e-30 0.0 1e-30 1e-30 0.0 1e-30 1e-30 0.0 1e-30 -1e-30 0.0 1e-30 -1e-30 0.0 1e-30 -1e-30 0.0 1e-30 -1e-30 0.0 1e-30 -1e-30 0.0 1e-30 -1e-30 0.0 1e-30 -1e-30 0.0 1e-30 -1e-30 0.0 1e-30 1e-30 0.0 1e-30 1e-30 0.0 1e-30 1e-30 0.0 1e-30 -1e-30 0.0 1e-30 -1e-30 0.0 1e-30 -1e-30 0.0 1e-30 -1e-30 0.0 1e-30 -1e-30 0.0 1e-30 -1e-30 0.0 1e-30 -1e-30 0.0 1e-30 -1e-30 0.0 1e-30 1e-30 0.0 1e-30 1e-30 0.0 1e-30 1e-30 0.0 1e-30 -1e-30 0.0 1e-30 -1e-30 0.0 1e-30 -1e-30 0.0 1e-30 -1e-30 0.0 1e-30 -1e-30 0.0 1e-30 -1e-30 0.0 1e-30 -1e-30 0.0 1e-30 -1e-30 0.0 1e-30 1e-30 0.0 1e-30 1e-30 0.0 1e-30 1e-30 0.0 1e-30 -1e-30 0.0 1e-30 -1e-30 0.0 1e-30 -1e-30 0.0 1e-30 -1e-30 0.0 1e-30 -1e-30 0.0 1e-30 -1e-30 0.0 1e-30 -1e-30 0.0 1e-30 -1e-30 0.0 1e-30 1e-30 0.0 1e-30 1e-30 0.0 1e-30 1e-30 0.0 1e-30 -1e-30 0.0 1e-30 -1e-30 0.0 1e-30 -1e-30 0.0 1e-30 -1e-30 0.0 1e-30 -1e-30 0.0 1e-30 -1e-30 0.0 1e-30 -1e-30 0.0 1e-30 -1e-30 0.0 1e-30 1e-30 0.0 1e-30 1e-30 0.0 1e-30 1e-30 0.0 1e-30 -1e-30 0.0 1e-30 -1e-30 0.0 1e-30 -1e-30 0.0 1e-30 -1e-30 0.0 1e-30 -1e-30 0.0 1e-30 -1e-30 0.0 1e-30 -1e-30 0.0 1e-30 -1e-30 0.0 1e-30 1e-30 0.0 1e-30 1e-30 0.0 1e-30 1e-30 0.0 1e-30 -1e-30 0.0 1e-30 -1e-30 0.0 1e-30 -1e-30 0.0 1e-30 -1e-30 0.0 1e-30 -1e-30 0.0 1e-30 -1e-30 0.0 1e-30 -1e-30 0.0 1e-30 -1e-30 0.0 1e-30 1e-30 0.0 1e-30 1e-30 0.0 1e-30 1e-30 0.0 1e-30 -1e-30 0.0 1e-30 -1e-30 0.0 1e-30 -1e-30 0.0 1e-30 -1e-30 0.0 1e-30 -1e-30 0.0 1e-30 -1e-30 0.0 1e-30 -1e-30 0.0 1e-30 -1e-30 0.0 1e-30 1e-30 0.0 1e-30 1e-30 0.0 1e-30 1e-30 0.0 1e-30 -1e-30 0.0 1e-30 -1e-30 0.0 1e-30 -1e-30 0.0 1e-30 -1e-30 0.0 1e-30 -1e-30 0.0 1e-30 -1e-30 0.0 1e-30 -1e-30 0.0 1e-30 -1e-30 0.0 1e-30 1e-30 0.0 1e-30 1e-30 0.0 0.0 1e-30 0.0 1e-30 -1e-30 0.0 1e-30 -1e-30 0.0 1e-30 -1e-30 0.0 1e-30 -1e-30 0.0 1e-30 -1e-30 0.0 1e-30 -1e-30 0.0 1e-30 -1e-30 0.0 1e-30 -1e-30 0.0 1e-30 1e-30 0.0 1e-30 1e-30 0.0 1e-30 1e-30 0.0 1e-30 -1e-30 0.0 1e-30 -1e-30 0.0 1e-30 -1e-30 0.0 1e-30 -1e-30 0.0 1e-30 -1e-30 0.0 1e-30 -1e-30 0.0 1e-30 -1e-30 0.0 1e-30 -1e-30 0.0 1e-30 1e-30 0.0 1e-30 1e-30 0.0 1e-30 1e-30 0.0 1e-30 -1e-30 0.0 1e-30 -1e-30 0.0 1e-30 -1e-30 0.0 1e-30 -1e-30 0.0 1e-30 -1e-30 0.0 1e-30 -1e-30 0.0 1e-30 -1e-30 0.0 1e-30 -1e-30 0.0 1e-30 1e-30 0.0 1e-30 1e-30 0.0 1e-30 1e-30 0.0 1e-30 -1e-30 0.0 1e-30 -1e-30 0.0 1e-30 -1e-30 0.0 1e-30 -1e-30 0.0 1e-30 -1e-30 0.0 1e-30 -1e-30 0.0 1e-30 -1e-30 0.0 1e-30 -1e-30 0.0 1e-30 1e-30 0.0 1e-30 1e-30 0.0 1e-30 1e-30 0.0 1e-30 -1e-30 0.0 1e-30 -1e-30 0.0 1e-30 -1e-30 0.0 1e-30 -1e-30 0.0 1e-30 -1e-30 0.0 1e-30 -1e-30 0.0 1e-30 -1e-30 0.0 1e-30 -1e-30 0.0 1e-30 1e-30 0.0 1e-30 1e-30 0.0 1e-30 1e-30 0.0 1e-30 -1e-30 0.0 1e-30 -1e-30 0.0 1e-30 -1e-30 0.0 1e-30 -1e-30 0.0 1e-30 -1e-30 0.0 1e-30 -1e-30 0.0 1e-30 -1e-30 0.0 1e-30 -1e-30 0.0 1e-30 1e-30 0.0 1e-30 1e-30 0.0 1e-30 1e-30 0.0 1e-30 -1e-30 0.0 1e-30 -1e-30 0.0 1e-30 -1e-30 0.0 1e-30 -1e-30 0.0 1e-30 -1e-30 0.0 1e-30 -1e-30 0.0 1e-30 -1e-30 0.0 1e-30 -1e-30 0.0 1e-30 1e-30 0.0 1e-30 1e-30 0.0 1e-30 1e-30 0.0 1e-30 -1e-30 0.0 1e-30 -1e-30 0.0 1e-30 -1e-30 0.0 1e-30 -1e-30 0.0 1e-30 -1e-30 0.0 1e-30 -1e-30 0.0 1e-30 -1e-30 0.0 1e-30 -1e-30 0.0 1e-30 1e-30 0.0 1e-30 1e-30 0.0 1e-30 1e-30 0.0 1e-30 -1e-30 0.0 1e-30 -1e-30 0.0 1e-30 -1e-30 0.0 1e-30 -1e-30 0.0 1e-30 -1e-30 0.0 1e-30 -1e-30 0.0 1e-30 -1e-30 0.0 1e-30 -1e-30 0.0 1e-30 1e-30 0.0 1e-30 1e-30 0.0 1e-30 1e-30 0.0 1e-30 -1e-30 0.0 1e-30 -1e-30 0.0 1e-30 -1e-30 0.0 1e-30 -1e-30 0.0 1e-30 -1e-30 0.0 1e-30 -1e-30 0.0 1e-30 -1e-30 0.0 1e-30 -1e-30 0.0 1e-30 1e-30 0.0 1e-30 1e-30 0.0 1e-30 1e-30 0.0 1e-30 -1e-30 0.0 1e-30 -1e-30 0.0 1e-30 -1e-30 0.0 1e-30 -1e-30 0.0 1e-30 -1e-30 0.0 1e-30 -1e-30 0.0 1e-30 -1e-30 0.0 1e-30 -1e-30 0.0 1e-30 1e-30 0.0 1e-30 1e-30 0.0 1e-30 1e-30 0.0 1e-30 -1e-30 0.0 1e-30 -1e-30 0.0 1e-30 -1e-30 0.0 1e-30 -1e-30 0.0 1e-30 -1e-30 0.0 1e-30 -1e-30 0.0 1e-30 -1e-30 0.0 1e-30 -1e-30 0.0 1e-30 1e-30 0.0 1e-30 1e-30 0.0 1e-30 1e-30 0.0 1e-30 -1e-30 0.0 1e-30 -1e-30 0.0 1e-30 -1e-30 0.0 1e-30 -1e-30 0.0 1e-30 -1e-30 0.0 1e-30 -1e-30 0.0 1e-30 -1e-30 0.0 1e-30 -1e-30 0.0 1e-30 1e-30 0.0 1e-30 1e-30 0.0 1e-30 1e-30 0.0 1e-30 -1e-30 0.0 1e-30 -1e-30 0.0 1e-30 -1e-30 0.0 1e-30 -1e-30 0.0 1e-30 -1e-30 0.0 1e-30 -1e-30 0.0 1e-30 -1e-30 0.0 1e-30 -1e-30 0.0 1e-30 1e-30 0.0 1e-30 1e-30 0.0 1e-30 1e-30 0.0 1e-30 -1e-30 0.0 1e-30 -1e-30 0.0 1e-30 -1e-30 0.0 1e-30 -1e-30 0.0 1e-30 -1e-30 0.0 1e-30 -1e-30 0.0 1e-30 -1e-30 0.0 1e-30 -1e-30 0.0 1e-30 1e-30 0.0 1e-30 1e-30 0.0 1e-30 1e-30 0.0 1e-30 -1e-30 0.0 1e-30 -1e-30 0.0 1e-30 -1e-30 0.0 1e-30 -1e-30 0.0 1e-30 -1e-30 0.0 1e-30 -1e-30 0.0 1e-30 -1e-30 0.0 1e-30 -1e-30 0.0 1e-30 1e-30 0.0 1e-30 1e-30 0.0 1e-30 1e-30 0.0 1e-30 -1e-30 0.0 1e-30 -1e-30 0.0 1e-30 -1e-30 0.0 1e-30 -1e-30 0.0 1e-30 -1e-30 0.0 1e-30 -1e-30 0.0 1e-30 -1e-30 0.0 1e-30 -1e-30 0.0 1e-30 1e-30 0.0 1e-30 1e-30 0.0 1e-30 1e-30 0.0 1e-30 -1e-30 0.0 1e-30 -1e-30 0.0 1e-30 -1e-30 0.0 1e-30 -1e-30 0.0 1e-30 -1e-30 0.0 1e-30 -1e-30 0.0 1e-30 -1e-30 0.0 1e-30 -1e-30 0.0 1e-30 1e-30 0.0 1e-30 1e-30 0.0 1e-30 1e-30 0.0 1e-30 -1e-30 0.0 1e-30 -1e-30 0.0 1e-30 -1e-30 0.0 1e-30 -1e-30 0.0 1e-30 -1e-30 0.0 1e-30 -1e-30 0.0 1e-30 -1e-30 0.0 1e-30 -1e-30 0.0 1e-30 1e-30 0.0 1e-30 1e-30 0.0 1e-30 1e-30 0.0 1e-30 -1e-30 0.0 1e-30 -1e-30 0.0 1e-30 -1e-30 0.0 1e-30 -1e-30 0.0 1e-30 -1e-30 0.0 1e-30 -1e-30 0.0 1e-30 -1e-30 0.0 1e-30 -1e-30 0.0 1e-30 1e-30 0.0 1e-30 1e-30 0.0 1e-30 1e-30 0.0 1e-30 -1e-30 0.0 1e-30 -1e-30 0.0 1e-30 -1e-30 0.0 1e-30 -1e-30 0.0 1e-30 -1e-30 0.0 1e-30 -1e-30 0.0 1e-30 -1e-30 0.0 1e-30 -1e-30 0.0 1e-30 1e-30 0.0 1e-30 1e-30 0.0 1e-30 1e-30 0.0 1e-30 -1e-30 0.0 1e-30 -1e-30 0.0 1e-30 -1e-30 0.0 1e-30 -1e-30 0.0 1e-30 -1e-30 0.0 1e-30 -1e-30 0.0 1e-30 -1e-30 0.0 1e-30 -1e-30 0.0 1e-30 1e-30 0.0 1e-30 1e-30 0.0 1e-30 1e-30 0.0 1e-30 -1e-30 0.0 1e-30 -1e-30 0.0 1e-30 -1e-30 0.0 1e-30 -1e-30 0.0 1e-30 -1e-30 0.0 1e-30 -1e-30 0.0 1e-30 -1e-30 0.0 1e-30 -1e-30 0.0 1e-30 1e-30 0.0 1e-30 1e-30 0.0 1e-30 1e-30 0.0 1e-30 -1e-30 0.0 1e-30 -1e-30 0.0 1e-30 -1e-30 0.0 1e-30 -1e-30 0.0 1e-30 -1e-30 0.0 1e-30 -1e-30 0.0 1e-30 -1e-30 0.0 1e-30 -1e-30 0.0 1e-30 1e-30 0.0 1e-30 1e-30 0.0 1e-30 1e-30 0.0 1e-30 -1e-30 0.0 1e-30 -1e-30 0.0 1e-30 -1e-30 0.0 1e-30 -1e-30 0.0 1e-30 -1e-30 0.0 1e-30 -1e-30 0.0 1e-30 -1e-30 0.0 -1e-30 -1e-30 0.0 -1e-30 -1e-30 0.0 1e-30 1e-30 0.0 1e-30 1e-30 0.0
    </DataArray>
    <DataArray type="Float32" Name="Ion diffusion flux Density [Am^-2]" NumberOfComponents="3" format="ascii">
-1.6818112704102644e+19 1.7604337962049241e+19 0.0 -2.598257887963015e+19 8.014781680663518e+16 0.0 -4.336430084589696e+19 -9.301125437691922e+18 0.0 -6.00051955966411e+19 -2.2672597834497552e+19 0.0 -7.55038188793535e+19 -4.058865626351548e+19 0.0 -9.185713634050264e+19 -6.708593916482897e+19 0.0 -1.1281561298739575e+20 -1.1148936690273511e+20 0.0 -1.48470167501747e+20 -2.0328867262221612e+20 0.0 -2.1584187762772794e+20 -4.015205997625534e+20 0.0 -2.1940233098737517e+20 -4.9603577485531736e+20 0.0 -2.6248199511605038e+20 -7.874459853482477e+20 0.0 -9.051344570224989e+18 9.026251772285873e+18 0.0 -2.0655013200622993e+19 -1.107254267766126e+18 0.0 -3.4059961578887156e+19 -8.404216648333472e+18 0.0 -4.790080622602311e+19 -1.9732460737029198e+19 0.0 -6.142547745768222e+19 -3.506927578769831e+19 0.0 -7.586963245429491e+19 -5.759722499632674e+19 0.0 -9.400128203945609e+19 -9.464864556009837e+19 0.0 -1.2357968692813237e+20 -1.692676789490627e+20 0.0 -1.7557649581465043e+20 -3.224444250091349e+20 0.0 -1.7147774794028948e+20 -3.837223970151561e+20 0.0 -1.2776977542665593e+20 -6.388488771333382e+20 0.0 -1.2739187588608459e+19 7.454525749477121e+18 0.0 -2.6498240348102205e+19 -1.0852165428751857e+18 0.0 -4.2210427313210106e+19 -5.630430585233498e+18 0.0 -5.973331708352056e+19 -1.5174028490076408e+19 0.0 -7.724813953017994e+19 -2.8376672029861364e+19 0.0 -9.520718188451543e+19 -4.784273251016714e+19 0.0 -1.1545320736349497e+20 -7.91328961766784e+19 0.0 -1.4312860537891468e+20 -1.3857645176535733e+20 0.0 -1.7860103806012106e+20 -2.438662161136015e+20 0.0 -1.4641063898706692e+20 -2.6362504427520305e+20 0.0 -7.977208452258554e+19 -3.988604226129507e+20 0.0 -9.494776005927877e+18 4.504080282362888e+18 0.0 -1.9233606339182375e+19 7.61538843018332e+17 0.0 -3.18759539450839e+19 -5.3730210493133754e+17 0.0 -4.734843059422406e+19 -7.264397803442364e+18 0.0 -6.363892248674256e+19 -1.673153576098488e+19 0.0 -8.065713842056993e+19 -3.106147159185843e+19 0.0 -9.913262355561605e+19 -5.406653244699919e+19 0.0 -1.2061939532194116e+20 -9.42262191373822e+19 0.0 -1.3601258828932207e+20 -1.488842549031685e+20 0.0 -9.313030671008966e+19 -1.3990897996043176e+20 0.0 -3.7103622401727414e+19 -1.855181120086458e+20 0.0 -4.957579283791683e+18 6.654175639921286e+17 0.0 -9.594994530764784e+18 8.327924939880357e+17 0.0 -1.820568783060272e+19 1.2603956081607695e+18 0.0 -2.963641014913117e+19 -2.3318454467683026e+18 0.0 -4.250231590639534e+19 -8.299930625535553e+18 0.0 -5.612229770166066e+19 -1.7794036206056378e+19 0.0 -7.004722410817522e+19 -3.2625786019574563e+19 0.0 -8.230071050072996e+19 -5.432430393473538e+19 0.0 -8.121432408984719e+19 -7.2780093221710275e+19 0.0 -4.54288455301665e+19 -5.6733764784341115e+19 0.0 -1.26691378212197e+19 -6.3345689106100404e+19 0.0 -2.1405901782737738e+18 -7.874273542377146e+17 0.0 -3.5375486885683896e+18 1.9820817439941952e+17 0.0 -7.936703582692528e+18 5.4735755607151584e+17 0.0 -1.4637021387884392e+19 -1.0642342305665644e+18 0.0 -2.297693482628237e+19 -4.0002867612663726e+18 0.0 -3.19865062459527e+19 -8.940925758153737e+18 0.0 -4.008270610131449e+19 -1.615259759646176e+19 0.0 -4.386950550288185e+19 -2.3845879272014254e+19 0.0 -3.6838776849682006e+19 -2.600209999357445e+19 0.0 -1.7030590667879102e+19 -1.6118330044056138e+19 0.0 -2.631179686050183e+18 -1.3155898430250752e+19 0.0 -9.764102118716303e+17 -7.824981619889935e+17 0.0 -1.1908728792961178e+18 2.731612064530196e+16 0.0 -2.6349504832054216e+18 2.933077620233838e+17 0.0 -5.194381861658558e+18 -4.9474218940403366e+17 0.0 -8.767431765135045e+18 -1.8091023970991496e+18 0.0 -1.2798288134154994e+19 -3.5697399952620703e+18 0.0 -1.5930896262320142e+19 -5.512219981311112e+18 0.0 -1.6181613227157475e+19 -6.678959435285735e+18 0.0 -1.2059501198222402e+19 -5.812413586798979e+18 0.0 -4.906829222939142e+18 -2.119307078018039e+18 0.0 3.534181606944446e+17 1.767090803472594e+18 0.0 -5.4124429912982925e+17 -5.5792902595332966e+17 0.0 -5.0295537230246176e+17 1.0655527577346456e+16 0.0 -8.919329424297532e+17 3.03654604303032e+17 0.0 -1.5711916439983398e+18 7.089314991188906e+16 0.0 -2.4207227498538045e+18 -3.6947683936176083e+17 0.0 -3.3633780934120325e+18 -8.481598244759706e+17 0.0 -4.0535425025281556e+18 -1.1586955937337518e+18 0.0 -4.0037952934688563e+18 -1.0778023130859846e+18 0.0 -2.9703496687830287e+18 -4.4749029811076205e+17 0.0 -1.0008736263896477e+18 1.1239038481676347e+18 0.0 9.26650687329517e+17 4.633253436648141e+18 0.0 -3.4223414748083757e+17 -3.7553841614658394e+17 0.0 -2.7411824955689878e+17 6584214806873804.0 0.0 -3.9956923084964986e+17 2.535232631975224e+17 0.0 -6.20898250711442e+17 2.3331166079249664e+17 0.0 -8.050138891362084e+17 1.1630029321453662e+17 0.0 -9.209536594116703e+17 -1.480001182567066e+16 0.0 -9.539916137002287e+17 -6.2872364232196504e+16 0.0 -8.727619707435375e+17 5.955680843873814e+16 0.0 -5.962116451169435e+17 4.8435546872874944e+17 0.0 7.718369686914037e+16 1.4908560310754332e+18 0.0 8.587038448938893e+17 4.2935192244698173e+18 0.0 -2.3095645870383968e+17 -2.4711801358121293e+17 0.0 -1.7098755989334877e+17 5449465446973271.0 0.0 -2.1998588281616733e+17 1.906682376898632e+17 0.0 -3.2363609075054675e+17 2.331234860363683e+17 0.0 -3.981245759488391e+17 2.2080176288007267e+17 0.0 -4.1034414263188397e+17 1.8440579599003178e+17 0.0 -3.569151466624432e+17 1.7783636677327754e+17 0.0 -2.4315312996487133e+17 2.692667483419039e+17 0.0 -3.150185594824323e+16 5.90134822980144e+17 0.0 3.284544571021884e+17 1.291558530984745e+18 0.0 6.725219742006966e+17 3.3626098710038676e+18 0.0 -1.6234492764098608e+17 -1.5711764471452307e+17 0.0 -1.1362548575697752e+17 6704887446530901.0 0.0 -1.3558385353293683e+17 1.3906971768903296e+17 0.0 -1.9202163369831488e+17 1.959208480683183e+17 0.0 -2.3260242430461098e+17 2.2606508110215734e+17 0.0 -2.3033849648896397e+17 2.354467324104063e+17 0.0 -1.7303890712956355e+17 2.5454406086587965e+17 0.0 -5.239463544384732e+16 3.424971777346214e+17 0.0 1.3569440283506181e+17 5.7372103829165555e+17 0.0 3.417285343634083e+17 1.02668554606822e+18 0.0 5.0283966224459315e+17 2.514198311223359e+18 0.0 -1.1735853086002726e+17 -8.969458899497914e+16 0.0 -7.935037935308328e+16 8745489762414308.0 0.0 -9.056350576723866e+16 9.959391745550915e+16 0.0 -1.2130786843854994e+17 1.5710668312745744e+17 0.0 -1.3929881238313653e+17 2.0834025944279475e+17 0.0 -1.1952976853402573e+17 2.5112448340946397e+17 0.0 -6.012861071035446e+16 2.978958193692268e+17 0.0 5.324784089058518e+16 3.8358348288947264e+17 0.0 1.8099531364070237e+17 5.1814699366565344e+17 0.0 2.8920073321685856e+17 7.898350527883448e+17 0.0 3.731227834745772e+17 1.8656139173732088e+18 0.0 -8.791275598775562e+16 -4.081212475175624e+16 0.0 -6.669694398955016e+16 8847098344935341.0 0.0 -8.46130976193155e+16 6.590435064033983e+16 0.0 -1.0527215692517792e+17 1.1790609754080442e+17 0.0 -9.440838616557723e+16 1.8810848570107776e+17 0.0 -1.1142622508688682e+16 2.6687158244809862e+17 0.0 1.024950772046246e+16 3.137834895221958e+17 0.0 9.946080846084619e+16 3.825033164710199e+17 0.0 1.7709049008266304e+17 4.4655602424610797e+17 0.0 2.32137462302483e+17 6.095622323062138e+17 0.0 2.80707657785443e+17 1.4035382889274284e+18 0.0 -5.214438297509082e+16 -2.199051670506322e+16 0.0 -4.65600756106949e+16 291728653196968.0 0.0 -6.48338562624561e+16 3.878557943814575e+16 0.0 -8.426062844349397e+16 1.0297492608298736e+17 0.0 -8.470468019481757e+16 2.146132946660671e+17 0.0 -8.678733957020299e+16 2.3283773093021856e+17 0.0 -4.760344189600304e+16 2.510725575895911e+17 0.0 9.501084145284067e+16 3.6134706623572915e+17 0.0 2.6649271813486304e+17 4.1869377048952435e+17 0.0 1.898422321752087e+17 4.736346202898555e+17 0.0 2.140928890253909e+17 1.0704644451270944e+18 0.0 -1.8199829349281468e+16 -1.2572173040138906e+16 0.0 -1.6065646138671224e+16 919533272829722.8 0.0 -2.3198251102666776e+16 2.0868289371194796e+16 0.0 -4.355276613684461e+16 5.1642875994224344e+16 0.0 -7.960143560322453e+16 1.049448384405901e+17 0.0 -1.3634238913805458e+17 1.7971323474924864e+17 0.0 -6.7978952231332696e+16 3.2162660263260634e+17 0.0 2.2873252371546716e+16 4.6535410566747354e+17 0.0 5.8721224947558696e+16 3.212278159524979e+17 0.0 9.304956681466635e+16 2.695699655724785e+17 0.0 1.6241607064531485e+17 8.120803532267393e+17 0.0 -7735914596265582.0 -9845888269963334.0 0.0 -5723335810811244.0 544108520507669.2 0.0 -6139173215135376.0 1.4165259496473228e+16 0.0 -9284149542596830.0 3.653652522203647e+16 0.0 -1.507263106592388e+16 7.850593740687904e+16 0.0 -2.2015511638738484e+16 1.4630551795153853e+17 0.0 -2.650316295476284e+16 2.3325397704585302e+17 0.0 -4.1856199893272696e+16 3.050558134903386e+17 0.0 -7.496405375987438e+16 3.2118114410044774e+17 0.0 1.069513092447338e+17 3.7881636082010464e+17 0.0 1.471872365894252e+17 7.359361829473233e+17 0.0 -4038328469322655.0 -7980519452912761.0 0.0 -2038988124156590.8 605652116290825.0 0.0 12920097051428.004 1.156144332980786e+16 0.0 2755181671309881.0 2.9926989098558024e+16 0.0 8173047382340333.0 6.6167146686582664e+16 0.0 1.91016194026401e+16 1.2782272639105832e+17 0.0 3.6806879684066824e+16 2.110559469590848e+17 0.0 5.9352154348041944e+16 2.936994401356358e+17 0.0 8.387161336086691e+16 3.45881160174555e+17 0.0 1.1027216412132654e+17 3.525175933933325e+17 0.0 1.2974807100913966e+17 6.48740355045846e+17 0.0 -2645165298396585.5 -6803343962037712.0 0.0 -894705703296556.1 608842251835903.0 0.0 1647367374149542.5 1.0022551490588882e+16 0.0 5528371071233151.0 2.5607377124064508e+16 0.0 1.3180132618704728e+16 5.678457162804627e+16 0.0 2.7208293067314332e+16 1.1144276318153544e+17 0.0 4.8602539699235864e+16 1.8754968727287613e+17 0.0 7.371432219810294e+16 2.6539573962435613e+17 0.0 9.45062628970849e+16 3.1447804523701574e+17 0.0 1.0132733587434104e+17 3.141664535893545e+17 0.0 1.1447224661605352e+17 5.723612330803775e+17 0.0 -2034634578972477.8 -6038626280258421.0 0.0 -509686205043384.5 539256739749650.7 0.0 1888645861967378.0 8733385589577942.0 0.0 5546112558404645.0 2.2128880399268916e+16 0.0 1.2965843221577098e+16 4.924714367259074e+16 0.0 2.661697825554151e+16 9.759992123519795e+16 0.0 4.6985335026854344e+16 1.661003927012234e+17 0.0 7.015187013456096e+16 2.37403230574541e+17 0.0 8.784608820138517e+16 2.8259184878203357e+17 0.0 9.159145700213726e+16 2.8124115124675427e+17 0.0 1.0200814285194091e+17 5.100407142597991e+17 0.0 -1699600693237883.8 -5477865877284378.0 0.0 -341553260357042.3 453786235307695.8 0.0 1835137017981310.2 7689263467876267.0 0.0 5157759391651210.0 1.9384979672327732e+16 0.0 1.1953019590709136e+16 4.3265685560956936e+16 0.0 2.455014442861119e+16 8.642418819881056e+16 0.0 4.340276315509762e+16 1.484469580509106e+17 0.0 6.4736126170728904e+16 2.139721829331151e+17 0.0 8.054934866269296e+16 2.559414359913945e+17 0.0 8.314712523672219e+16 2.543574920284958e+17 0.0 9.197772105269224e+16 4.598886052635182e+17 0.0 -1479953393473425.2 -5024084573969729.0 0.0 -248704916912615.88 383034966858164.2 0.0 1736846092792715.8 6860884710030887.0 0.0 4758501021411712.0 1.7222448340609296e+16 0.0 1.0973472839701636e+16 3.851951770752177e+16 0.0 2.256360366432915e+16 7.745090002768978e+16 0.0 4.00030539131811e+16 1.3412085435528811e+17 0.0 5.9768552205529144e+16 1.9476847648680237e+17 0.0 7.422221517893739e+16 2.340531020683007e+17 0.0 7.615697909127446e+16 2.324530831524371e+17 0.0 8.385870984020875e+16 4.1929354920117075e+17 0.0 -1316652764607862.0 -4640567309328808.0 0.0 -188229728735854.28 330162135823025.2 0.0 1636414427071124.5 6197837917510032.0 0.0 4400968975345208.0 1.5494453725161646e+16 0.0 1.0115661944903574e+16 3.47096345117312e+16 0.0 2.084006674441913e+16 7.018862796886382e+16 0.0 3.7067317397546664e+16 1.2242030335840763e+17 0.0 5.5497740417360776e+16 1.789686494746335e+17 0.0 6.889453671525505e+16 2.160174586176112e+17 0.0 7.038543065750717e+16 2.1448893702569136e+17 0.0 7.72302867098179e+16 3.8615143354923296e+17 0.0 -1186805940130021.2 -4310198697680277.5 0.0 -144390615347539.28 292292516986508.7 0.0 1544426400400103.0 5661299142644727.0 0.0 4092648454378866.5 1.409754095452941e+16 0.0 9384302996852090.0 3.161865798935028e+16 0.0 1.9373301363819708e+16 6.4254110424880696e+16 0.0 3.457055263173499e+16 1.1278209647531221e+17 0.0 5.1882046489062136e+16 1.6587852192837997e+17 0.0 6.442476023369945e+16 2.0105163952595923e+17 0.0 6.559834958129103e+16 1.996402279868784e+17 0.0 7.177286758937284e+16 3.588643379469715e+17 0.0 -1079514219422548.4 -4023356672223174.0 0.0 -110456422966637.89 265696103239554.12 0.0 1463224966572861.0 5222761700177071.0 0.0 3829747870192177.0 1.2956356665979916e+16 0.0 8763817054387469.0 2.9085617306455972e+16 0.0 1.8128608187180852e+16 5.936038125149387e+16 0.0 3.2450992300520268e+16 1.0477935997268755e+17 0.0 4.882323154287997e+16 1.5495446228578122e+17 0.0 6.066528897690013e+16 1.8854218274122563e+17 0.0 6.1605583052932184e+16 1.872714461377026e+17 0.0 6.724271719667272e+16 3.3621358598346906e+17 0.0 -988453330119159.6 -3773630367870685.5 0.0 -83187417087754.22 247120293238202.28 0.0 1392522602268392.5 4860923236918510.0 0.0 3605849894401520.5 1.201513808853449e+16 0.0 8236988814692996.0 2.6991012564552556e+16 0.0 1.7070791194849606e+16 5.529183795527616e+16 0.0 3.0648234357241656e+16 9.80863111492787e+16 0.0 4.6228471909379096e+16 1.4577661696339114e+17 0.0 5.748875658837404e+16 1.7801460326693008e+17 0.0 5.825491060799812e+16 1.7689341466314986e+17 0.0 6.345331681545586e+16 3.172665840773052e+17 0.0 -166380939335937.4 -2440918272684553.0 0.0 -138846672391705.7 253939180841943.78 0.0 -188687353329937.5 4116044409931617.5 0.0 -329220601227346.5 1.0093947052550892e+16 0.0 -626496514529039.9 2.264884589699418e+16 0.0 -1125682395991925.0 4.649484071032169e+16 0.0 -1707220869421190.8 8.274962096197771e+16 0.0 -1988459343505031.8 1.2334567828373942e+17 0.0 -1575701861071690.8 1.5083540832186333e+17 0.0 -616893078319168.4 1.4965262560168022e+17 0.0 0.0 4.218285039755837e+17 0.0 478025973899155.56 -3248406090567352.5 0.0 -220492349580330.47 311748847710259.94 0.0 -1632732322773844.8 4425432643807584.5 0.0 -3867731726399666.5 1.0781512846101956e+16 0.0 -8577584190606862.0 2.4169904423494292e+16 0.0 -1.7511758027451376e+16 4.97170041524763e+16 0.0 -3.102011216579936e+16 8.875868622735429e+16 0.0 -4.5912016360203656e+16 1.3268551865696787e+17 0.0 -5.552106867885639e+16 1.625185522701848e+17 0.0 -5.423144519417028e+16 1.6108297647849043e+17 0.0 -5.755525943582081e+16 2.877762971791928e+17 0.0 471909310820083.8 -3099540771247870.5 0.0 -194760568307157.9 291210635148689.9 0.0 -1530106282966258.5 4192683985582148.5 0.0 -3627833301795518.5 1.0194708974214096e+16 0.0 -8059186513996909.0 2.2868118123289824e+16 0.0 -1.6512685642510526e+16 4.716944864320218e+16 0.0 -2.9388975635413776e+16 8.453148890513483e+16 0.0 -4.372088018576868e+16 1.2686356996706342e+17 0.0 -5.311797925125296e+16 1.558804519689479e+17 0.0 -5.202477159459962e+16 1.5466978294690893e+17 0.0 -5.524855119774116e+16 2.7624275598878883e+17 0.0 465486506500468.9 -2966973918736294.5 0.0 -174470423631571.6 275186457832433.56 0.0 -1443814615289459.2 3994940470686477.0 0.0 -3426411228659895.0 9698003791171556.0 0.0 -7623033491955299.0 2.17646486928409e+16 0.0 -1.5668492579144424e+16 4.500269955596755e+16 0.0 -2.8003682112201476e+16 8.092177393441984e+16 0.0 -4.1849972202542504e+16 1.2187393932952112e+17 0.0 -5.105722173329165e+16 1.501789124896419e+17 0.0 -5.013054274168464e+16 1.491661292607505e+17 0.0 -5.3272505717821064e+16 2.663625285892381e+17 0.0 459537445732038.06 -2851589661607179.5 0.0 -158495580581427.47 262596131376157.0 0.0 -1370988701156680.0 3826660117577390.5 0.0 -3256185186467992.5 9275229105907212.0 0.0 -7253826733001865.0 2.08244525237216e+16 0.0 -1.4951161463261684e+16 4.3150916529560424e+16 0.0 -2.6821221352403428e+16 7.782576197423418e+16 0.0 -4.024548736759337e+16 1.1758063666037326e+17 0.0 -4.928310943094689e+16 1.4526316879757696e+17 0.0 -4.8498149184076024e+16 1.4442406448809658e+17 0.0 -5.1572478236262616e+16 2.5786239118133776e+17 0.0 454086691052257.3 -2751087613417172.5 0.0 -145203320545432.66 252377400221220.66 0.0 -1309160018370906.5 3682733738518248.5 0.0 -3111497285544661.5 8913636656513380.0 0.0 -6939563613578432.0 2.0019609427445356e+16 0.0 -1.433876310601663e+16 4.156165610905355e+16 0.0 -2.58074586406665e+16 7.516025807184707e+16 0.0 -3.886420354784709e+16 1.1387369369454018e+17 0.0 -4.775056775800109e+16 1.4101098017143989e+17 0.0 -4.7086653153044984e+16 1.4032409670252627e+17 0.0 -5.010453174732438e+16 2.5052265873677e+17 0.0 449133324507568.44 -2663475978235686.0 0.0 -134057919936902.19 243983771227677.0 0.0 -1256393101501971.2 3559103219296573.5 0.0 -2987898643277204.0 8603074735424099.0 0.0 -6670769561313792.0 1.9327811160307736e+16 0.0 -1.3813617817981018e+16 4.019266700434144e+16 0.0 -2.4934996680475668e+16 7.285788255041722e+16 0.0 -3.7671099847842216e+16 1.1066350837692288e+17 0.0 -4.6422812574081704e+16 1.3732247135055803e+17 0.0 -4.5862655276703784e+16 1.3676891906455083e+17 0.0 -4.8833034308487176e+16 2.4416517154262086e+17 0.0 444663767726513.75 -2587039646497622.5 0.0 -124646801603909.39 237014236910268.88 0.0 -1211154043740231.2 3452515001592919.5 0.0 -2881854746885140.0 8335386742490119.0 0.0 -6439911518781072.0 1.8731141376756516e+16 0.0 -1.3361536124450138e+16 3.900970545690142e+16 0.0 -2.418164156736037e+16 7.086360527119713e+16 0.0 -3.6637585549248184e+16 1.078765682268166e+17 0.0 -4.526961286647162e+16 1.3411547241710635e+17 0.0 -4.479870463364772e+16 1.3367868915828768e+17 0.0 -4.772885577075181e+16 2.3864427885393165e+17 0.0 440658367866367.0 -2520307220965674.5 0.0 -116648330726839.44 231171073176628.72 0.0 -1172215603830724.5 3360338338218117.5 0.0 -2790531661298808.5 8103965932949309.0 0.0 -6240931111896502.0 1.8215050490084304e+16 0.0 -1.2971097907432398e+16 3.798483933393218e+16 0.0 -2.35292973341079e+16 6.913223423812442e+16 0.0 -3.5740161614415876e+16 1.0545217890595354e+17 0.0 -4.426596700139012e+16 1.3132194769383693e+17 0.0 -4.387209274745936e+16 1.3098744612835507e+17 0.0 -4.6768010415962504e+16 2.3384005207997194e+17 0.0 437094924838306.6 -2462019382352486.5 0.0 -109809071595701.52 226230544138029.2 0.0 -1138587518798677.2 3280429611716162.0 0.0 -2711638394291539.0 7903421624661557.0 0.0 -6068917386866837.0 1.7767640250056072e+16 0.0 -1.2632995214875194e+16 3.709511969041316e+16 0.0 -2.2963110911561068e+16 6.762643310493602e+16 0.0 -3.495939755349638e+16 1.0333994332473722e+17 0.0 -4.339108051831075e+16 1.2888524297958533e+17 0.0 -4.3063919576970504e+16 1.2864036002941632e+17 0.0 -4.593061860887097e+16 2.2965309304445856e+17 0.0 433950686194312.1 -2411099883862766.5 0.0 -103927375240220.23 222022427236409.03 0.0 -1109464570041244.5 3211029960651787.5 0.0 -2643309038657567.5 7729326300087155.0 0.0 -5919861000186622.0 1.7379119235395434e+16 0.0 -1.2339591312196406e+16 3.632158132777263e+16 0.0 -2.2470817943712292e+16 6.631518901768177e+16 0.0 -3.427914080158339e+16 1.0149780227887653e+17 0.0 -4.262757205971025e+16 1.2675794392397349e+17 0.0 -4.235837342268862e+16 1.2659160552196717e+17 0.0 -4.520010800552583e+16 2.2600054002772554e+17 0.0 431203540311767.44 -2366629711036384.0 0.0 -98841342875375.88 218415601567544.9 0.0 -1084187428111607.5 3150687285216290.0 0.0 -2584013673693773.0 7578022186734047.0 0.0 -5790467625582817.0 1.7041384699058116e+16 0.0 -1.208458337825236e+16 3.5648469994459756e+16 0.0 -2.2042237479550612e+16 6.517261911443897e+16 0.0 -3.368589996439162e+16 9.989049946328906e+16 0.0 -4.196085032984166e+16 1.2490019643556982e+17 0.0 -4.174216749807133e+16 1.2480270382835701e+17 0.0 -4.456259400692835e+16 2.228129700348522e+17 0.0 428832780039649.75 -2327824569997502.0 0.0 -94419873902407.14 215307823559803.2 0.0 -1062212830261770.4 3098196307534260.0 0.0 -2532490342742370.0 7446472059470843.0 0.0 -5678014970515314.0 1.6747698823632602e+16 0.0 -1.1862742178265566e+16 3.5062640284716188e+16 0.0 -2.166887839563394e+16 6.4177034226704424e+16 0.0 -3.316835991124677e+16 9.848837070106277e+16 0.0 -4.137862102800648e+16 1.2327837986765251e+17 0.0 -4.1204095225336536e+16 1.2324121951905013e+17 0.0 -4.400639526065186e+16 2.200319763034674e+17 0.0 426819614233464.5 -2294015528941096.0 0.0 -90555531718033.56 212618283544104.62 0.0 -1043090655007542.6 3052552124901988.5 0.0 -2487692658355611.5 7332143254943999.0 0.0 -5580242273813120.0 1.6492436212981212e+16 0.0 -1.1669709538867802e+16 3.455308329158417e+16 0.0 -2.134363059177839e+16 6.3310199616138184e+16 0.0 -3.2716997999177656e+16 9.726638297497322e+16 0.0 -4.087049420002664e+16 1.2186405210235158e+17 0.0 -4.073467684265413e+16 1.2187972880763587e+17 0.0 -4.352165187478225e+16 2.1760825937414874e+17 0.0 425147234432844.56 -2264631084781344.0 0.0 -87153945185276.05 210280505395902.94 0.0 -1026446028237378.6 3012913569053071.5 0.0 -2448749126444500.0 7232916880270433.0 0.0 -5495264257452895.0 1.6270885641532982e+16 0.0 -1.1501839675326028e+16 3.411055376675788e+16 0.0 -2.106052113647003e+16 6.255674791167029e+16 0.0 -3.2323778554575028e+16 9.620336744643138e+16 0.0 -4.042766983424811e+16 1.2063310592726522e+17 0.0 -4.032587687748799e+16 1.2069499749722914e+17 0.0 -4.310002249199004e+16 2.1550011246004784e+17 0.0 423796948248231.5 -2239162607743597.2 0.0 -84149914366151.53 208245152199012.0 0.0 -1011957093139329.0 2978567077300062.5 0.0 -2414931347519261.5 7147016304564973.0 0.0 -5421503673226587.0 1.607909349129284e+16 0.0 -1.1356074104471328e+16 3.372727422345602e+16 0.0 -2.08145206287845e+16 6.190371055549596e+16 0.0 -3.1981908427226748e+16 9.528140432411923e+16 0.0 -4.004268490196283e+16 1.1956509097547808e+17 0.0 -3.997087708828983e+16 1.1966732227301768e+17 0.0 -4.2734442476344744e+16 2.1367221238192317e+17 0.0 422763280055739.8 -2217227164415309.8 0.0 -81490425533882.97 206478489658383.72 0.0 -999358566839801.2 2948926494007330.0 0.0 -2385626821584827.0 7072943999211816.0 0.0 -5357638110150281.0 1.5913739491762764e+16 0.0 -1.1229842487625448e+16 3.339669901743413e+16 0.0 -2.0601388660846388e+16 6.134014224890051e+16 0.0 -3.1685640535625012e+16 9.448532753756811e+16 0.0 -3.970920901750167e+16 1.1864266648444277e+17 0.0 -3.966389319484919e+16 1.1878000041970478e+17 0.0 -4.2418929907638136e+16 2.120946495383052e+17 0.0 422037741689841.75 -2198475800627527.0 0.0 -79117689190933.84 204948276687743.62 0.0 -988450782030643.0 2923501839856595.0 0.0 -2360321805589225.0 7009444445069416.0 0.0 -5302557835898578.0 1.5772037713386812e+16 0.0 -1.1120983671630708e+16 3.3113325597865184e+16 0.0 -2.0417549991866972e+16 6.08568189995393e+16 0.0 -3.1430115431512056e+16 9.380232468817942e+16 0.0 -3.942187889622638e+16 1.1785115829133179e+17 0.0 -3.940002648130472e+16 1.1801890144649942e+17 0.0 -4.214842933491601e+16 2.107421466748241e+17 0.0 421614910056082.4 -2182615104007594.8 0.0 -76982817775320.45 203611272464783.75 0.0 -979053191645891.8 2901878931715908.5 0.0 -2338591699619118.5 6955486540225812.0 0.0 -5255332248802526.0 1.565165747652236e+16 0.0 -1.1027682593391684e+16 3.2872543159513136e+16 0.0 -2.0259995053301016e+16 6.04459949021478e+16 0.0 -3.1211233292884004e+16 9.322161344048226e+16 0.0 -3.917616404540922e+16 1.171781996698366e+17 0.0 -3.917514340724564e+16 1.1737212039446352e+17 0.0 -4.191868565978471e+16 2.0959342829923974e+17 0.0 421492570484640.6 -2169400523018263.8 0.0 -75047955120620.3 202443742172618.0 0.0 -970995285941492.6 2883706613811172.5 0.0 -2320077016107572.5 6910200431124143.0 0.0 -5215183105714438.0 1.5550660117927406e+16 0.0 -1.0948419744646382e+16 3.2670511230096156e+16 0.0 -2.0126199851669724e+16 6.010120616626374e+16 0.0 -3.1025550330732444e+16 9.273417975468598e+16 0.0 -3.896825693005011e+16 1.1661344003891635e+17 0.0 -3.898577785706026e+16 1.1682969729117912e+17 0.0 -4.1726142301772584e+16 2.086307115090313e+17 0.0 421671872603953.6 -2158630908715605.2 0.0 -73243193897326.02 201413471921563.66 0.0 -964146672006957.8 2868699280273865.5 0.0 -2304478333623242.5 6872869539097333.0 0.0 -5181463129348531.0 1.54674485159405e+16 0.0 -1.0881930665078132e+16 3.2504062464621332e+16 0.0 -2.001406148996944e+16 5.981711364280663e+16 0.0 -3.0870195169606904e+16 9.233256752027322e+16 0.0 -3.879498512650283e+16 1.1614831007254347e+17 0.0 -3.882905201316825e+16 1.1638339005792768e+17 0.0 -4.1567859109317544e+16 2.078392955466676e+17 0.0 422129473021950.9 -2150003922639198.2 0.0 -71555916325947.95 200509007288676.88 0.0 -958386461502092.6 2856587760380418.5 0.0 -2291548313316425.0 6842912433007774.0 0.0 -5153638941549666.0 1.5400727019706712e+16 0.0 -1.0827173547429842e+16 3.237062527863135e+16 0.0 -1.992184643551963e+16 5.958937713475658e+16 0.0 -3.0742801077290056e+16 9.201070879194304e+16 0.0 -3.865374041528519e+16 1.1577583291757688e+17 0.0 -3.870261313038562e+16 1.1602649369694331e+17 0.0 -4.1441446848264584e+16 2.0720723424143e+17 0.0 422886365238887.0 -2143455626719488.2 0.0 -70034835633903.695 199741201025823.22 0.0 -953630672473044.6 2847204254901430.5 0.0 -2281085353683737.0 6819868598390990.0 0.0 -5131277512081862.0 1.5349469972535632e+16 0.0 -1.0783303471881802e+16 3.226816294298191e+16 0.0 -1.9848149272834044e+16 5.941455619670808e+16 0.0 -3.064145215311185e+16 9.17637901736693e+16 0.0 -3.854242095971618e+16 1.1549047427305998e+17 0.0 -3.860458279356176e+16 1.1575369640516146e+17 0.0 -4.134501537425481e+16 2.067250768714232e+17 0.0 423983589271607.5 -2139035056300202.2 0.0 -68639237189973.77 199092565409538.84 0.0 -949819192470360.2 2840445532142571.5 0.0 -2272928588488095.5 6803387477720763.0 0.0 -5114035501108132.0 1.531289746575821e+16 0.0 -1.0749652126687226e+16 3.219512659051114e+16 0.0 -1.9791860165776372e+16 5.929003337100134e+16 0.0 -3.0564640878823668e+16 9.158814924634133e+16 0.0 -3.845938657300455e+16 1.1528802644093538e+17 0.0 -3.853351746387791e+16 1.1556096825763707e+17 0.0 -4.1277133575852344e+16 2.0638566787935187e+17 0.0 425437305510367.8 -2136676041597481.8 0.0 -67309331376503.58 198540318658465.06 0.0 -946894130071067.1 2836209989042832.5 0.0 -2266954000550700.0 6793220313025819.0 0.0 -5101651022846454.0 1.5290457302695412e+16 0.0 -1.0725712149925248e+16 3.2150420222616956e+16 0.0 -1.975213973087282e+16 5.921395693407905e+16 0.0 -3.0511235333381896e+16 9.148119717685515e+16 0.0 -3.840342444102005e+16 1.1516552174441155e+17 0.0 -3.84883787726111e+16 1.1544547834968776e+17 0.0 -4.123679962100048e+16 2.0618399810518e+17 0.0 -2363793813989.993 -2990880621503045.5 0.0 -76663067143226.69 226613906709627.4 0.0 -1081375805231411.1 3239671727048756.5 0.0 -2589086385947557.5 7759646026441924.0 0.0 -5826800586866509.0 1.7465960047014242e+16 0.0 -1.2250792462331546e+16 3.672575990921504e+16 0.0 -2.2561853052238724e+16 6.764325165907827e+16 0.0 -3.485349166892452e+16 1.0450815407697461e+17 0.0 -4.3871611415158696e+16 1.3157023936791826e+17 0.0 -4.39710111235485e+16 1.3189344212460501e+17 0.0 -7.214098574673587e+16 2.164229572406138e+17 0.0
    </DataArray>
    <DataArray type="Float32" Name="Ion drift flux Density [Am^-2]" NumberOfComponents="3" format="ascii">
-3.287476464409109e+28 3.1279882690670203e+29 0.0 1.9396580325930965e+28 1.9988085957761784e+29 0.0 4.356221370753697e+28 3.3305137651776854e+29 0.0 7.040197566868717e+28 4.574063853065209e+29 0.0 9.84079972736351e+28 5.746827055709521e+29 0.0 1.285083083830662e+29 6.896074682604057e+29 0.0 1.6470653318228953e+29 8.099452291906314e+29 0.0 2.2148524395377978e+29 9.631848588688972e+29 0.0 3.44493556672276e+29 1.2435390628543387e+30 0.0 4.546775555321249e+29 1.401087969380868e+30 0.0 3.649000262883992e+29 1.0947000788653007e+30 0.0 1.4616446096094689e+28 1.8424743608804636e+29 0.0 9.992359146081247e+27 1.4446887265948393e+29 0.0 2.6788641911622016e+28 2.4402850498784424e+29 0.0 4.570870278132793e+28 3.384414353123426e+29 0.0 6.602951225377066e+28 4.293943029471259e+29 0.0 8.873467714646934e+28 5.200131296491554e+29 0.0 1.1742364322177371e+29 6.162564688452731e+29 0.0 1.6471893306246293e+29 7.409763911032981e+29 0.0 2.6691219007446814e+29 9.668924563009015e+29 0.0 3.537098123301689e+29 1.0841166313218811e+30 0.0 1.9286177751876455e+29 9.643088875939025e+29 0.0 -4.799673795726701e+27 1.1569498071567965e+29 0.0 -1.7058907357635442e+28 8.825180270092711e+28 0.0 -1.8008233128024648e+28 1.5433951273800691e+29 0.0 -1.5992598174547842e+28 2.181172404887567e+29 0.0 -1.0728933225424523e+28 2.8243209975062437e+29 0.0 -5.661925251689886e+26 3.493406405392068e+29 0.0 1.9441088704173866e+28 4.23483296594685e+29 0.0 6.411941164709816e+28 5.23978070919921e+29 0.0 1.6521030111488775e+29 6.973748145287475e+29 0.0 2.5065595794050306e+29 7.639303264232075e+29 0.0 1.540107083370558e+29 7.700535416853264e+29 0.0 -6.807305137714142e+27 5.94489205164252e+28 0.0 -1.548971295350009e+28 4.4664501858441215e+28 0.0 -2.4101872066427266e+28 8.299179800612958e+28 0.0 -3.1469604500895398e+28 1.1963376357822016e+29 0.0 -3.555288454805204e+28 1.5782922630202936e+29 0.0 -3.355372072194754e+28 1.9978106373439224e+29 0.0 -1.956590524606548e+28 2.496000188598473e+29 0.0 1.988777395381544e+28 3.206288039878303e+29 0.0 1.0055879090553988e+29 4.287480635083816e+29 0.0 1.5472964051010547e+29 4.496813789869735e+29 0.0 1.0882042446780194e+29 5.441021223390437e+29 0.0 -2.7816382940173455e+27 2.8184227143024275e+28 0.0 -6.226133835250626e+27 1.9329450128297761e+28 0.0 -1.3009870121551428e+28 3.8411444506928774e+28 0.0 -2.0849038250792656e+28 5.812325881387627e+28 0.0 -2.6887625309554123e+28 7.90931009023234e+28 0.0 -2.7253144869516225e+28 1.0313757875931494e+29 0.0 -1.608834612512462e+28 1.3381279517761746e+29 0.0 1.492165883145683e+28 1.7778157807505655e+29 0.0 6.459197868923962e+28 2.3144830652102836e+29 0.0 8.787579220605133e+28 2.3587650745600917e+29 0.0 7.02631357764534e+28 3.513156788822887e+29 0.0 -4.578697812839415e+26 1.4293486881370695e+28 0.0 -1.5771134410218532e+27 8.393254544183321e+27 0.0 -3.820551111371466e+27 1.6108575062790886e+28 0.0 -6.773079525350169e+27 2.503890694336536e+28 0.0 -8.950244629052765e+27 3.555084371563672e+28 0.0 -7.676281502226852e+27 4.873341923741062e+28 0.0 7.635479571074957e+26 6.622224174745622e+28 0.0 1.878688760752493e+28 8.937069084915905e+28 0.0 4.05436742977218e+28 1.1275452701681481e+29 0.0 4.82806705593129e+28 1.1922727286513927e+29 0.0 4.286072232331235e+28 2.1430361161657034e+29 0.0 1.8180981250391577e+26 8.187787648235851e+27 0.0 -2.1016162555557267e+26 4.4088423074814344e+27 0.0 -4.628309557683776e+26 7.874363445868099e+27 0.0 -5.2191709640642746e+26 1.1838759762788606e+28 0.0 2.3518981475971296e+26 1.6409328602457316e+28 0.0 2.705091433812634e+27 2.254001505829632e+28 0.0 7.907470531693991e+27 3.1149001722118178e+28 0.0 1.5927033095512167e+28 4.2469409479221885e+28 0.0 2.4164318816335173e+28 5.4639999318076125e+28 0.0 2.6896536091207243e+28 6.239971012689598e+28 0.0 2.5504479324380925e+28 1.2752239662190892e+29 0.0 2.3913213029019787e+26 5.152305357384576e+27 0.0 1.2401476734407112e+26 2.701984999226633e+27 0.0 3.7455858523179465e+26 4.721059340730806e+27 0.0 1.020493766555598e+27 7.167467759179734e+27 0.0 2.335970599644413e+27 9.854771956900323e+27 0.0 4.5129151983931833e+27 1.3117995194120278e+28 0.0 7.620264157011709e+27 1.7468791791652642e+28 0.0 1.1372762677399994e+28 2.314458774357036e+28 0.0 1.4667509612338236e+28 2.9527645347803865e+28 0.0 1.544898303830475e+28 3.4696456009499976e+28 0.0 1.5228422413272046e+28 7.614211206636448e+28 0.0 1.8374661890303847e+26 3.4229858098268294e+27 0.0 1.6291540225934755e+26 1.774475098302935e+27 0.0 4.56886019093255e+26 3.088580777268333e+27 0.0 1.0992082107188295e+27 4.838794967968081e+27 0.0 2.2454340814981618e+27 6.844151214582538e+27 0.0 3.90449179496311e+27 9.095295420462668e+27 0.0 5.896966182112755e+27 1.1701585261252002e+28 0.0 7.847605511700709e+27 1.4679479272686604e+28 0.0 9.164830783685313e+27 1.7763749570152696e+28 0.0 9.208270480360001e+27 2.054898483359459e+28 0.0 9.307452229941476e+27 4.6537261149709675e+28 0.0 1.1885046508909994e+26 2.3169984688053803e+27 0.0 1.2187290490207144e+26 1.1907452592554328e+27 0.0 3.4646289082049966e+26 2.071048471121721e+27 0.0 8.209551246414123e+26 3.3313430217077443e+27 0.0 1.6452785439700602e+27 4.8508220019436537e+27 0.0 2.8010815026274705e+27 6.50545267669562e+27 0.0 4.102354181021351e+27 8.218415755600489e+27 0.0 5.228325906534494e+27 9.901748330114597e+27 0.0 5.830559211661108e+27 1.1444830993396016e+28 0.0 5.722337794682693e+27 1.2931456703036303e+28 0.0 5.89075516068905e+27 2.9453775803447335e+28 0.0 5.81839070543324e+25 1.5502920060419426e+27 0.0 6.812501010704633e+25 7.9533897393493e+26 0.0 2.1916267557892052e+26 1.39270864094822e+27 0.0 5.3508938811814095e+26 2.2920949710430667e+27 0.0 1.082658958211162e+27 3.428274047367539e+27 0.0 1.8530776235053746e+27 4.668420829208757e+27 0.0 2.713374859567055e+27 5.871976591024724e+27 0.0 3.43747931981713e+27 6.928823654660811e+27 0.0 3.8080327121166646e+27 7.809138205061843e+27 0.0 3.7089846428428235e+27 8.608118767347069e+27 0.0 3.885395525717678e+27 1.9426977628590384e+28 0.0 3.671875807794908e+24 9.948120741100169e+26 0.0 2.3919440717499e+25 5.216953131988563e+26 0.0 1.2327376542049239e+26 9.287166627703409e+26 0.0 3.258206104555051e+26 1.566392994790899e+27 0.0 6.802453056382099e+26 2.4185425917556686e+27 0.0 1.1926870763991532e+27 3.3818675777325783e+27 0.0 1.7824681643408652e+27 4.3107955846791315e+27 0.0 2.303506795455002e+27 5.088956800187129e+27 0.0 2.5824762378772674e+27 5.656293805123984e+27 0.0 2.503670758077077e+27 6.039800771501267e+27 0.0 2.6811696158467786e+27 1.340584807923547e+28 0.0 -4.966525102991984e+25 5.860625953821703e+26 0.0 -1.0147137602898676e+24 3.2950278936799764e+26 0.0 6.735929572812016e+25 6.1027830077335545e+26 0.0 1.95710657690758e+26 1.063523948607956e+27 0.0 4.252440115978153e+26 1.7163309980567064e+27 0.0 7.800190710932638e+26 2.522552123990688e+27 0.0 1.1961275960837713e+27 3.2966864308115364e+27 0.0 1.593972601853143e+27 3.9411277247074605e+27 0.0 1.811053387480669e+27 4.3099385204930263e+27 0.0 1.7570096941736193e+27 4.4529334799928015e+27 0.0 1.941500674857676e+27 9.707503374289417e+27 0.0 -1.3124631322602567e+25 3.1399690201645034e+26 0.0 7.03922261167804e+24 1.640230685913657e+26 0.0 3.5396906229766814e+25 2.9125800454513292e+26 0.0 1.0414473857570592e+26 5.884609879699626e+26 0.0 2.5805668285846968e+26 1.1542950633595366e+27 0.0 5.538446007472416e+26 2.065463859457232e+27 0.0 8.173359353709101e+26 2.611426514284308e+27 0.0 1.132791782013639e+27 3.1915491985456164e+27 0.0 1.3268663772017873e+27 3.465021557079623e+27 0.0 1.2839090424008688e+27 3.449913653607413e+27 0.0 1.4772711120228863e+27 7.386355560115149e+27 0.0 1.174819522504604e+25 1.9203973571196926e+26 0.0 1.1533659256776429e+25 9.113221686421906e+25 0.0 2.4145215948140613e+25 1.5059843198425039e+26 0.0 5.604289791283859e+25 2.9327763984890663e+26 0.0 1.2804440947142382e+26 5.866509982033509e+26 0.0 2.678560099983968e+26 1.0960749461537834e+27 0.0 5.000237029651056e+26 1.8135034569700285e+27 0.0 8.077078011446638e+26 2.631447655182384e+27 0.0 1.0727454166629062e+27 3.216051769213309e+27 0.0 9.686432836553001e+26 2.808883402114087e+27 0.0 1.1820683538526772e+27 5.910341769264181e+27 0.0 1.65098515110552e+25 1.3462679983189132e+26 0.0 1.1449399089144074e+25 5.890823694432398e+25 0.0 1.8555061977387843e+25 9.178497688357943e+25 0.0 3.7784634515176815e+25 1.7485027591023312e+26 0.0 8.209831095619896e+25 3.5464415301789416e+26 0.0 1.703670418934368e+26 6.883644317518493e+26 0.0 3.17343328754699e+26 1.197961319524789e+27 0.0 5.016347877529093e+26 1.779195013511091e+27 0.0 6.57067704941332e+26 2.2003389395033387e+27 0.0 7.64593664035978e+26 2.359265086477369e+27 0.0 1.0027720238847287e+27 5.013860119424581e+27 0.0 1.6347565409015844e+25 1.047971274736158e+26 0.0 1.067976073682659e+25 4.447407335790396e+25 0.0 1.5965670235582348e+25 6.753249553919513e+25 0.0 3.0799642539579492e+25 1.278599777822339e+26 0.0 6.516350225473559e+25 2.6145367313428296e+26 0.0 1.3553723982586702e+26 5.2192283328825805e+26 0.0 2.551390871727457e+26 9.386589083513837e+26 0.0 4.11442467307739e+26 1.4418321884025688e+27 0.0 5.565181138657027e+26 1.849030547881552e+27 0.0 6.560101662532728e+26 2.0514734247550393e+27 0.0 8.745552141428593e+26 4.3727760707150034e+27 0.0 1.4879984138399905e+25 8.680921351567778e+25 0.0 9.76359086689834e+24 3.6421442533052674e+25 0.0 1.4402640923589336e+25 5.515182298430159e+25 0.0 2.7399392845533215e+25 1.0491532389456835e+26 0.0 5.7053773994652345e+25 2.1499251752494277e+26 0.0 1.1808110025676293e+26 4.3370654498202255e+26 0.0 2.234805861439976e+26 7.947610815270353e+26 0.0 3.638814646824838e+26 1.2459104974705027e+27 0.0 4.959574300555758e+26 1.625737648920704e+27 0.0 5.8144541735624724e+26 1.8183324102816332e+27 0.0 7.761941471051699e+26 3.880970735526382e+27 0.0 1.3302946229356303e+25 7.4582320516548484e+25 0.0 8.821735321323474e+24 3.098990091725245e+25 0.0 1.3056662668335077e+25 4.694939918634683e+25 0.0 2.473456746526053e+25 8.946372692699568e+25 0.0 5.117597341542145e+25 1.838064227477306e+26 0.0 1.0571455113851696e+26 3.7363142084071634e+26 0.0 2.005870180565249e+26 6.928829627107463e+26 0.0 3.280621308898629e+26 1.1009400165721485e+27 0.0 4.4825317328605e+26 1.453059896682774e+27 0.0 5.2420721823224674e+26 1.6345265996889464e+27 0.0 6.985271312359954e+26 3.4926356561804386e+27 0.0 1.1941108120754945e+25 6.56291969359008e+25 0.0 7.960005282089086e+24 2.6998556090070357e+25 0.0 1.182690128304631e+25 4.083036448600401e+25 0.0 2.239632994582443e+25 7.782980203925117e+25 0.0 4.622181048182412e+25 1.6017065467387934e+26 0.0 9.554337772530568e+25 3.276857016210321e+26 0.0 1.8192442612624442e+26 6.13778574919733e+26 0.0 2.988222315723079e+26 9.861819187943114e+26 0.0 4.093973637221094e+26 1.3141965738132523e+27 0.0 4.7849953802743116e+26 1.486516795746647e+27 0.0 6.36099333788963e+26 3.1804966689450957e+27 0.0 1.0812609254461539e+25 5.873659881408425e+25 0.0 7.215113371438893e+24 2.393643599396561e+25 0.0 1.0746553251811037e+25 3.609921491881105e+25 0.0 2.0364058616350257e+25 6.878136521549681e+25 0.0 4.1995684107271025e+25 1.4168315202830388e+26 0.0 8.696384787469358e+25 2.9137069105549493e+26 0.0 1.6629011624386754e+26 5.504725915649223e+26 0.0 2.7450034923271222e+26 8.932951774384301e+26 0.0 3.773716948764178e+26 1.2008291096133671e+27 0.0 4.412852267289181e+26 1.3656571633578034e+27 0.0 5.8520358047355174e+26 2.92601790236839e+27 0.0 9.885652984997403e+24 5.325803817112176e+25 0.0 6.586460927815473e+24 2.1522215162716443e+25 0.0 9.82184461530676e+24 3.236473764325816e+25 0.0 1.8623466404280123e+25 6.161160974588382e+25 0.0 3.840093659539336e+25 1.2696338561688105e+26 0.0 7.970383002623632e+25 2.6221439353286835e+26 0.0 1.5310554451267672e+26 4.9910700116097836e+26 0.0 2.540739741810954e+26 8.171435493154735e+26 0.0 3.5068629066374225e+26 1.1072804872592735e+27 0.0 4.1054428399241326e+26 1.2658446347849895e+27 0.0 5.432189578635803e+26 2.716094789318619e+27 0.0 9.120120226035441e+24 4.8806963803179054e+25 0.0 6.060057756736406e+24 1.9581701320385295e+25 0.0 9.04028681317154e+24 2.9370770296061298e+25 0.0 1.7146543653047897e+25 5.585115279658211e+25 0.0 3.535645756798415e+25 1.1509771361370594e+26 0.0 7.356059183022714e+25 2.3854497759268866e+26 0.0 1.4195038872143293e+26 4.570169476444828e+26 0.0 2.3681160137790494e+26 7.541483762142636e+26 0.0 3.282421529757943e+26 1.0294119416577052e+27 0.0 3.848546657025634e+26 1.1826302951424226e+27 0.0 5.0824675082234926e+26 2.541233754112286e+27 0.0 8.483522039676587e+24 4.51347101288708e+25 0.0 5.619641189380302e+24 1.7998993214320348e+25 0.0 8.38274732618542e+24 2.693941519369142e+25 0.0 1.589895760512975e+25 5.1170043481432196e+25 0.0 3.2783190998884352e+25 1.0543226686960916e+26 0.0 6.8360170449420125e+25 2.191489605077708e+26 0.0 1.324872514711808e+26 4.2223983760088336e+26 0.0 2.2215278041877728e+26 7.01650176178263e+26 0.0 3.092249096992462e+26 9.64120999784377e+26 0.0 3.631907203317389e+26 1.1127068316053124e+27 0.0 4.788790808309714e+26 2.394395404155391e+27 0.0 7.95171198467434e+24 4.207169306584653e+25 0.0 5.25036015315441e+24 1.6693101905744645e+25 0.0 7.82959689347881e+24 2.494309819219217e+25 0.0 1.4845829134152905e+25 4.732740721216253e+25 0.0 3.0607698743744084e+25 9.748506901222435e+25 0.0 6.395181557330392e+25 2.031208579207189e+26 0.0 1.2443855726773074e+26 3.932920642568141e+26 0.0 2.0965506258307933e+26 6.576141019222919e+26 0.0 2.9301775271336005e+26 9.09032013249204e+26 0.0 3.447915974997589e+26 1.053563393115602e+27 0.0 4.540493867891637e+26 2.2702469339459497e+27 0.0 -3.296907137208524e+23 2.77470145441295e+25 0.0 -2.6253882815819365e+23 1.3958208583157885e+25 0.0 -3.997083877650558e+23 2.0833733415838505e+25 0.0 -7.594458673558046e+23 3.949263546016132e+25 0.0 -1.5332218614921605e+24 8.130687085940813e+25 0.0 -3.051446995237413e+24 1.6970581145794877e+26 0.0 -5.437249599549545e+24 3.298434783834227e+26 0.0 -7.857042486425757e+24 5.541436857849763e+26 0.0 -8.290206909266764e+24 7.692478103244356e+26 0.0 -5.342014793242533e+24 8.93564510203213e+26 0.0 0.0 3.030540507890853e+27 0.0 -7.852257489116698e+24 3.7559013748608784e+25 0.0 -5.173902402273878e+24 1.4856745781161173e+25 0.0 -7.71865537029723e+24 2.2154997306753987e+25 0.0 -1.461468632610118e+25 4.195818328409442e+25 0.0 -3.0041409747559652e+25 8.63363621616838e+25 0.0 -6.266774943515833e+25 1.804686230693563e+26 0.0 -1.2180833742537429e+26 3.519527265445746e+26 0.0 -2.044792186175261e+26 5.938529125925744e+26 0.0 -2.8281838244650803e+26 8.276513545068189e+26 0.0 -3.2570269166957364e+26 9.636288574026364e+26 0.0 -4.148882815711221e+26 2.0744414078560617e+27 0.0 -7.427144664418005e+24 3.566683073699097e+25 0.0 -4.876332281860144e+24 1.4063348370689064e+25 0.0 -7.264967877755042e+24 2.0951181810659465e+25 0.0 -1.3741558619000059e+25 3.964636711049508e+25 0.0 -2.823387146394103e+25 8.154648173402193e+25 0.0 -5.899401153137814e+25 1.7071197278250373e+26 0.0 -1.1509932316699065e+26 3.3405847770678376e+26 0.0 -1.9420769521672557e+26 5.662057171553997e+26 0.0 -2.7008478393431546e+26 7.927184329378061e+26 0.0 -3.125400039722341e+26 9.26206068481459e+26 0.0 -3.99397939657323e+26 1.9969896982870385e+27 0.0 -7.063480070733754e+24 3.4046958565931345e+25 0.0 -4.625836904113834e+24 1.3393476112540465e+25 0.0 -6.883203119931418e+24 1.9932914063476794e+25 0.0 -1.300883744334499e+25 3.7693715272359014e+25 0.0 -2.671801646100569e+25 7.750086483942756e+25 0.0 -5.590614200955735e+25 1.624516491051848e+26 0.0 -1.0943430817027701e+26 3.188440708772636e+26 0.0 -1.8548361135120478e+26 5.425804088576338e+26 0.0 -2.5920512636628175e+26 7.627313923554036e+26 0.0 -3.012378518355008e+26 8.939881591528243e+26 0.0 -3.860508606349939e+26 1.9302543031756492e+27 0.0 -6.751126834706286e+24 3.265457117135356e+25 0.0 -4.412335089818472e+24 1.282094950010285e+25 0.0 -6.559705816743648e+24 1.906653682751933e+25 0.0 -1.2389425328659682e+25 3.603455629597174e+25 0.0 -2.5437531046587077e+25 7.406385602096532e+25 0.0 -5.329331684349089e+25 1.5542085260179462e+26 0.0 -1.0462191057288669e+26 3.058457386413006e+26 0.0 -1.780353919833469e+26 5.223075718773997e+26 0.0 -2.4986882932571566e+26 7.368961357552294e+26 0.0 -2.9149694329277832e+26 8.661580751576369e+26 0.0 -3.745124258738024e+26 1.8725621293691384e+27 0.0 -6.481920985013602e+24 3.1453566161544554e+25 0.0 -4.2294667500765326e+24 1.2329464004113406e+25 0.0 -6.283959988351098e+24 1.8325660087309467e+25 0.0 -1.1862525808990136e+25 3.461745330845338e+25 0.0 -2.4349110078439733e+25 7.112895797987654e+25 0.0 -5.106933492689003e+25 1.494077125161524e+26 0.0 -1.0051218427434383e+26 2.9469341940554398e+26 0.0 -1.7164736641043944e+26 5.048472927489289e+26 0.0 -2.4182594018578317e+26 7.145664251509484e+26 0.0 -2.8307397180886287e+26 8.420478721757585e+26 0.0 -3.645089944548845e+26 1.8225449722751835e+27 0.0 -6.249212095035691e+24 3.041456786701245e+25 0.0 -4.072186009317466e+24 1.1905964791051708e+25 0.0 -6.047741929807105e+24 1.7689357709511262e+25 0.0 -1.1411942648086898e+25 3.340168339704442e+25 0.0 -2.341900115217298e+25 6.861172473135886e+25 0.0 -4.916661592574844e+25 1.442432834637205e+26 0.0 -9.69864494519498e+25 2.850894796432561e+26 0.0 -1.661468278912985e+26 4.897610957234147e+26 0.0 -2.348739210387382e+26 6.952130017509599e+26 0.0 -2.7576988538597215e+26 8.211079221946477e+26 0.0 -3.558152259331043e+26 1.7790761296664727e+27 0.0 -6.047536997995664e+24 2.9513479918727196e+25 0.0 -3.936439219750787e+24 1.1539895832002056e+25 0.0 -5.844534610615972e+24 1.7140868084400192e+25 0.0 -1.1024897312794e+25 3.2354689079083974e+25 0.0 -2.262057602349508e+25 6.644457653960946e+25 0.0 -4.753171514855576e+25 1.3979206094805131e+26 0.0 -9.394987438267369e+25 2.7679275678491958e+26 0.0 -1.613943590801064e+26 4.766905669702439e+26 0.0 -2.288475456659915e+26 6.783998513563405e+26 0.0 -2.6942084344674303e+26 8.028832938597276e+26 0.0 -3.482444084853463e+26 1.7412220424276216e+27 0.0 -5.872378457339022e+24 2.8730404805992826e+25 0.0 -3.818936737097565e+24 1.122264977842674e+25 0.0 -5.669114160518671e+24 1.6666643920045302e+25 0.0 -1.0691191379847996e+25 3.1450208862775995e+25 0.0 -2.1932595873270314e+25 6.457297191577382e+25 0.0 -4.612184889640629e+25 1.3594423537403658e+26 0.0 -9.132601062523996e+25 2.6960649523361166e+26 0.0 -1.572765548830419e+26 4.6534095540707776e+26 0.0 -2.236111451034376e+26 6.637657992805817e+26 0.0 -2.6389120203692277e+26 7.869954112952853e+26 0.0 -3.416409886278364e+26 1.708204943140005e+27 0.0 -5.719981513192755e+24 2.804882004058866e+25 0.0 -3.716986419631523e+24 1.0947157243865765e+25 0.0 -5.517251750687007e+24 1.6255647481624941e+25 0.0 -1.0402602708442638e+25 3.066688881153791e+25 0.0 -2.133795327812639e+25 6.2952550787928524e+25 0.0 -4.490245348900231e+25 1.3261018275017845e+26 0.0 -8.905272407781206e+25 2.63369143838001e+26 0.0 -1.5370051054919028e+26 4.554685024491823e+26 0.0 -2.1905263545036232e+26 6.510101562097128e+26 0.0 -2.5906805525606543e+26 7.731277214029366e+26 0.0 -3.35874739797272e+26 1.6793736989868954e+27 0.0 -5.587210887199855e+24 2.745494004511565e+25 0.0 -3.6283694434795135e+24 1.0707575459311464e+25 0.0 -5.385494718144263e+24 1.5898821372626403e+25 0.0 -1.0152443198187986e+25 2.998723993201395e+25 0.0 -2.0822747465606414e+25 6.154698121745621e+25 0.0 -4.384537557306703e+25 1.2971627869055704e+26 0.0 -8.707913824281422e+25 2.5794728464444787e+26 0.0 -1.5058961759896291e+26 4.468705885192911e+26 0.0 -2.1507889457028233e+26 6.398814495258444e+26 0.0 -2.5485696296801873e+26 7.610143987169628e+26 0.0 -3.308361712225179e+26 1.6541808561130885e+27 0.0 -5.471438704147055e+24 2.6937216011514123e+25 0.0 -3.5512460653905446e+24 1.0499049315961418e+25 0.0 -5.271003282264954e+24 1.558868667037644e+25 0.0 -9.935230170135955e+24 2.9396847187366855e+25 0.0 -2.037559578729126e+25 6.032632119796339e+25 0.0 -4.292751520186559e+25 1.2720169138916754e+26 0.0 -8.536331679409716e+25 2.5323016051206982e+26 0.0 -1.4788033392750808e+26 4.393780223348241e+26 0.0 -2.1161216196237126e+26 6.301685228342831e+26 0.0 -2.511785879151858e+26 7.50431385284027e+26 0.0 -3.2643288694656e+26 1.6321644347338897e+27 0.0 -5.370455203034068e+24 2.6485940305419695e+25 0.0 -3.4840830847260465e+24 1.0317525969028731e+25 0.0 -5.171427022209904e+24 1.5319034676700788e+25 0.0 -9.746438955831673e+24 2.888376370927156e+25 0.0 -1.998711492667054e+25 5.926576142408342e+25 0.0 -4.212979759227862e+25 1.2501590538750477e+26 0.0 -8.387049088861698e+25 2.4912541141852183e+26 0.0 -1.4551968420367119e+26 4.328489718199769e+26 0.0 -2.0858721864804942e+26 6.216934682769534e+26 0.0 -2.479660338782249e+26 7.411892422730674e+26 0.0 -3.225866801310253e+26 1.6129334006562046e+27 0.0 -5.282397217317781e+24 2.6092931309234385e+25 0.0 -3.425597382255141e+24 1.015960975156474e+25 0.0 -5.084810297634739e+24 1.508468834795635e+25 0.0 -9.582314417744723e+24 2.8438042812481476e+25 0.0 -1.964952569689002e+25 5.834465261662459e+25 0.0 -4.1436386229725035e+25 1.2311679564697909e+26 0.0 -8.257169153974168e+25 2.4555573134180668e+26 0.0 -1.4346331150606322e+26 4.271641608634599e+26 0.0 -2.05949164819399e+26 6.1430598632154825e+26 0.0 -2.4516272730882346e+26 7.331274179210023e+26 0.0 -3.192312014142705e+26 1.5961560070725846e+27 0.0 -5.205690580172788e+24 2.575128091447678e+25 0.0 -3.374712332301351e+24 1.0022450067529663e+25 0.0 -5.009519064704617e+24 1.488131616649198e+25 0.0 -9.439725853881328e+24 2.8051373639465398e+25 0.0 -1.93563489927982e+25 5.754574747108583e+25 0.0 -4.083407520101232e+25 1.214691196404513e+26 0.0 -8.14426860404836e+25 2.424562316456607e+26 0.0 -1.416739481889655e+26 4.222230486703391e+26 0.0 -2.0365165834452657e+26 6.078788642992719e+26 0.0 -2.4272072282912133e+26 7.261096304922725e+26 0.0 -3.1631007904491265e+26 1.5815503952250702e+27 0.0 -5.139003554802549e+24 2.5455151298391066e+25 0.0 -3.330533596551563e+24 9.90368299423729e+24 0.0 -4.944183732269924e+24 1.470528590288034e+25 0.0 -9.316054263601558e+24 2.771679550819109e+25 0.0 -1.9102169783171839e+25 5.6854605965209235e+25 0.0 -4.031181605843243e+25 1.2004332962785394e+26 0.0 -8.04631447368404e+25 2.3977235067494856e+26 0.0 -1.401202080899814e+26 4.179407768847073e+26 0.0 -2.0165551096297812e+26 6.023043372834271e+26 0.0 -2.405993414622704e+26 7.200201350026869e+26 0.0 -3.1377539721162015e+26 1.5688769860591356e+27 0.0 -5.081209030859874e+24 2.5199610637895936e+25 0.0 -3.292281840948318e+24 9.801242120139487e+24 0.0 -4.887667250182327e+24 1.4553587837018899e+25 0.0 -9.209104059404025e+24 2.7428472622364367e+25 0.0 -1.888245248337793e+25 5.625912616094822e+25 0.0 -3.9860346738063245e+25 1.1881463226603358e+26 0.0 -7.961598396315623e+25 2.3745818887201165e+26 0.0 -1.3877562709907187e+26 4.1424572083222736e+26 0.0 -1.9992756414478308e+26 5.974911494951479e+26 0.0 -2.3876407189052816e+26 7.147606952641079e+26 0.0 -3.115864604797184e+26 1.557932302399187e+27 0.0 -5.031353848472188e+24 2.4980500387613736e+25 0.0 -3.259313610379691e+24 9.713429105747989e+24 0.0 -4.839013722233859e+24 1.4423696035265198e+25 0.0 -9.117033457173739e+24 2.7181515568874757e+25 0.0 -1.869339555811089e+25 5.574917232599641e+25 0.0 -3.947189871606906e+25 1.1776224097899703e+26 0.0 -7.88868450444252e+25 2.35475178194303e+26 0.0 -1.3761789740035401e+26 4.1107751976492716e+26 0.0 -1.9843978534102924e+26 5.9336217580200825e+26 0.0 -2.3718568120369234e+26 7.102481228642171e+26 0.0 -3.0970878845652555e+26 1.5485439422838962e+27 0.0 -4.988633805834287e+24 2.479432759670985e+25 0.0 -3.2310876757185346e+24 9.638820674291952e+24 0.0 -4.7973836016132687e+24 1.431338664294537e+25 0.0 -9.038299245784796e+24 2.6971839392272715e+25 0.0 -1.8531816390960713e+25 5.531627921259024e+25 0.0 -3.9139964767422095e+25 1.1686877987794408e+26 0.0 -7.82636793994585e+25 2.3379101628353644e+26 0.0 -1.3662825409249513e+26 4.083854898122127e+26 0.0 -1.9716853934279213e+26 5.898524943344367e+26 0.0 -2.3583949386134012e+26 7.064122753932318e+26 0.0 -3.081132972257853e+26 1.5405664861305692e+27 0.0 -4.952373350542588e+24 2.4638177873727084e+25 0.0 -3.20715057639269e+24 9.576231367040906e+24 0.0 -4.762099708997441e+24 1.422088401954783e+25 0.0 -8.971612814402232e+24 2.6796050359512105e+25 0.0 -1.8395059814448636e+25 5.495341649050225e+25 0.0 -3.885911421195067e+25 1.1611980800377878e+26 0.0 -7.773641726175715e+25 2.323788122960932e+26 0.0 -1.3579098279054812e+26 4.061273451980711e+26 0.0 -1.9609400000072847e+26 5.869078255274222e+26 0.0 -2.347048069741895e+26 7.031944299931213e+26 0.0 -3.0677563362314674e+26 1.5338781681166092e+27 0.0 -4.922009086169023e+24 2.4509645171694215e+25 0.0 -3.1871249691210546e+24 9.524683646573648e+24 0.0 -4.732599647058279e+24 1.4144726200876682e+25 0.0 -8.915905249298069e+24 2.6651356077251965e+25 0.0 -1.8280925418625563e+25 5.465480149097937e+25 0.0 -3.8624845828465463e+25 1.1550344027549415e+26 0.0 -7.729670304877133e+25 2.3121640380514762e+26 0.0 -1.3509302453360637e+26 4.042681708900699e+26 0.0 -1.9519967719302272e+26 5.84483275647064e+26 0.0 -2.337644173934775e+26 7.005459669180064e+26 0.0 -3.0567563584912188e+26 1.528378179246025e+27 0.0 -4.897076462022393e+24 2.440677567354231e+25 0.0 -3.170773828760224e+24 9.48360360088091e+24 0.0 -4.7084214331517226e+24 1.408372806211333e+25 0.0 -8.870299563531853e+24 2.6535494332812564e+25 0.0 -1.8187609837788546e+25 5.441575106020499e+25 0.0 -3.843347098006218e+25 1.1501004710649869e+26 0.0 -7.693768450980341e+25 2.3028581373935284e+26 0.0 -1.345236598471976e+26 4.027796027312787e+26 0.0 -1.944720352478493e+26 5.825423243771861e+26 0.0 -2.330042410575413e+26 6.98427311121637e+26 0.0 -3.0479689989030465e+26 1.5239844994520797e+27 0.0 -4.877198923048076e+24 2.4328022522888523e+25 0.0 -3.157813238565269e+24 9.452265010653838e+24 0.0 -4.689192136944517e+24 1.403695266283596e+25 0.0 -8.834088730288896e+24 2.6446677437085473e+25 0.0 -1.8113661175912872e+25 5.423256558637865e+25 0.0 -3.8282021291711495e+25 1.1463201888965653e+26 0.0 -7.66538458152489e+25 2.2957282342940363e+26 0.0 -1.340742579283401e+26 4.016391807587191e+26 0.0 -1.9390019007703986e+26 5.810560264596894e+26 0.0 -2.3241300996003578e+26 6.968070930026141e+26 0.0 -3.0412643557357014e+26 1.520632177868627e+27 0.0 -4.862079514683848e+24 2.4272211687785336e+25 0.0 -3.147970902513521e+24 9.429967133703666e+24 0.0 -4.67461881879069e+24 1.4003688940912458e+25 0.0 -8.806718450695132e+24 2.6383549346249206e+25 0.0 -1.805794343463588e+25 5.410243988516188e+25 0.0 -3.8168176640968537e+25 1.1436358494177613e+26 0.0 -7.644087718953808e+25 2.2906664371359427e+26 0.0 -1.337380802634371e+26 4.008298494200571e+26 0.0 -1.934756719222568e+26 5.800023932329819e+26 0.0 -2.3198203542554732e+26 6.956614976070359e+26 0.0 -3.0365439995237504e+26 1.5182719997623446e+27 0.0 -4.851494477147364e+24 2.423851693635112e+25 0.0 -3.141100012507572e+24 9.416378070295219e+24 0.0 -4.664481669686072e+24 1.3983435090342004e+25 0.0 -8.787774032364266e+24 2.6345153832241764e+25 0.0 -1.8019609432518089e+25 5.402339714048105e+25 0.0 -3.8090210332129385e+25 1.1420067923353098e+26 0.0 -7.62955755466401e+25 2.287596706465166e+26 0.0 -1.3351013078983106e+26 4.003395855598036e+26 0.0 -1.9319224453180556e+26 5.7936593133427245e+26 0.0 -2.3170502902642755e+26 6.949737791815424e+26 0.0 -3.03373898741845e+26 1.5168694937101486e+27 0.0 -4.722252659251276e+21 3.391701854604617e+25 0.0 -3.587719181420757e+24 1.07562601637397e+25 0.0 -5.327709689879207e+24 1.5973154987394306e+25 0.0 -1.0037289072679295e+25 3.009376450231625e+25 0.0 -2.058184353041873e+25 6.171022812815175e+25 0.0 -4.350711945560478e+25 1.3045166112518636e+26 0.0 -8.714895221152507e+25 2.6132026095273053e+26 0.0 -1.5251023981833322e+26 4.573405974154572e+26 0.0 -2.2069876143839152e+26 6.618862292559782e+26 0.0 -2.6471083292401134e+26 7.939916858503118e+26 0.0 -5.307414858224022e+26 1.59222445746932e+27 0.0
    </DataArray>
    <DataArray type="Float32" Name="Ion soret flux Density [Am^-2]" NumberOfComponents="3" format="ascii">
1337612595.6724422 -39298570954.92309 0.0 -2972368541.590797 -21223215101.671356 0.0 -767564858.0490514 -27605230840.97292 0.0 2336999555.1031065 -31009096755.78874 0.0 5494648203.449888 -32651509467.361774 0.0 8457926322.220483 -33214427917.091557 0.0 11291339169.987455 -32557850464.199406 0.0 14272054739.73506 -28963749294.86972 0.0 17902114081.5337 -16072512288.503664 0.0 18429644112.4501 9722416385.661568 0.0 8646412386.695156 13969360539.138966 0.0 -3621138633.007912 -22183213174.831013 0.0 -1900781634.7096808 -14646508637.107143 0.0 -163422169.52167368 -19256460469.3167 0.0 2391032240.842221 -21815489644.181854 0.0 5152436277.239559 -22991029007.64454 0.0 7875806990.1210785 -23181385413.189426 0.0 10533704657.549839 -22251720310.938213 0.0 13236041847.135775 -18911406369.55151 0.0 16060444068.39941 -8680826828.748163 0.0 15462123533.3708 9543867289.69748 0.0 6524530897.175252 12148018729.337208 0.0 -1449923640.8644378 -11658543752.471382 0.0 476372589.80482876 -7710704344.511041 0.0 3239682892.105867 -10644923597.513899 0.0 6974222512.18811 -12461347443.270952 0.0 11126541676.020672 -13242933923.264395 0.0 15343090545.584595 -13048403051.767597 0.0 19370376917.735546 -11714433926.863533 0.0 22830962446.87812 -8403981426.310877 0.0 24356731679.534966 -812194729.9351947 0.0 18838915303.568768 9259143580.730003 0.0 8152252155.867067 10093749193.694286 0.0 -395237822.23788387 -4561352915.46908 0.0 592362078.6464443 -3073167321.538629 0.0 2435320334.1217694 -4759065688.941959 0.0 5222402840.625258 -5941680280.869556 0.0 8658252456.467201 -6469276605.380896 0.0 12401887491.86498 -6216807622.058516 0.0 16047231174.529572 -5013216502.909573 0.0 18915020179.846676 -2444248240.204166 0.0 19288508745.10628 2097277144.7393644 0.0 13995012919.535803 6321135102.509681 0.0 7298312952.00862 7107484445.542443 0.0 -88856650.60520758 -1627231004.3154275 0.0 260427612.2514496 -1026083723.8108033 0.0 1070514277.59139 -1797502084.7254362 0.0 2501024013.3562603 -2436345026.678016 0.0 4483941991.379505 -2752904035.3688636 0.0 6806167711.008232 -2585341845.798096 0.0 9102510777.020641 -1799295026.9829805 0.0 10745985759.09701 -268590038.03420496 0.0 10627509187.42916 1887949023.0077372 0.0 7907849298.190029 3442330404.6109915 0.0 5350743752.520836 4454953072.434043 0.0 -18756093.299287613 -661608283.9586138 0.0 100294431.56859744 -358223456.3739757 0.0 381839970.1044971 -620782103.6774805 0.0 920807998.3521025 -860473036.6535997 0.0 1743452526.2242079 -989225862.846505 0.0 2785457090.744397 -907086630.110779 0.0 3844198726.3120365 -529432209.3815648 0.0 4586986217.283267 159199705.10197276 0.0 4646255288.385118 1016882907.3927511 0.0 3959523617.4516444 1694391533.933774 0.0 3490312032.0515985 2610683555.1001563 0.0 -1686524.523537991 -320612259.37082595 0.0 46795433.29862039 -154820242.60948908 0.0 153411459.4529231 -245177576.77502963 0.0 346677138.641811 -319074240.1742441 0.0 628471786.8841361 -342684633.49633473 0.0 988772725.3613788 -290659274.21316487 0.0 1382661698.1174977 -136607886.06318608 0.0 1731687120.3945868 129038062.5233125 0.0 1956772987.3217695 481206441.7110264 0.0 1996453248.1534052 847517785.3497835 0.0 2156596076.5559483 1497366710.2636192 0.0 2807488.644896244 -171073934.71519634 0.0 25637793.09614994 -77735170.66227342 0.0 75271993.86145945 -116164394.58391419 0.0 163452082.8586152 -146438535.6676922 0.0 286385373.2091528 -149644594.80338296 0.0 435647564.8720996 -116401669.32018085 0.0 603013889.0502983 -41308065.93539779 0.0 779018217.1512817 80590713.90559065 0.0 946507641.9753921 250319119.09406146 0.0 1074040364.9663293 454032778.31839836 0.0 1320190696.9227743 869831532.9140255 0.0 3561242.6718428573 -95064727.14166212 0.0 15096372.766322246 -41632689.39738204 0.0 41011368.308268405 -60044330.90897525 0.0 87998593.96040583 -75397477.11676213 0.0 155878966.2325787 -76895431.29583623 0.0 239386567.04260233 -57484367.64290233 0.0 332414182.7852191 -14221480.870288702 0.0 429950306.194431 53755645.95287133 0.0 526816555.1934848 145936272.10524365 0.0 621532401.3187513 261752217.5155201 0.0 821697656.9331101 520922205.74360865 0.0 3116906.858727091 -53534370.747366205 0.0 9124577.300048994 -22866256.98339175 0.0 23381072.21094458 -32147370.53754199 0.0 49815069.3710114 -40345987.178456075 0.0 89862584.23397723 -41415880.478623375 0.0 141165614.02897328 -30218794.135670807 0.0 199229130.50617835 -4245875.753284956 0.0 259361807.58257136 36554256.17097091 0.0 318939669.24367344 90974640.48696132 0.0 383585806.5764461 160816633.3753468 0.0 525719979.1107604 323497176.239794 0.0 2358197.8831869266 -29933523.655994996 0.0 5519140.400192142 -12613215.846275922 0.0 13572058.748354271 -17462773.739402246 0.0 28810077.441967692 -21950864.22649331 0.0 52922440.512276776 -22706371.675391886 0.0 85281172.63506782 -16254518.921095422 0.0 123168573.80244009 -473563.2780366569 0.0 163323908.35970655 24929290.674384523 0.0 204630511.42335662 59454591.39874215 0.0 249386273.47113547 104032557.3120144 0.0 346693890.4099803 208334609.00514168 0.0 1601290.6636339542 -16153661.624925798 0.0 3280257.7041234653 -6876621.753195519 0.0 7857485.463249963 -9469609.304819006 0.0 16748045.030305414 -12005948.140550546 0.0 31532221.238193575 -12611816.046166284 0.0 52501138.099382035 -8942514.065226167 0.0 78418683.57731037 802154.5639467491 0.0 107460094.8488828 17339762.796258796 0.0 138208573.71412382 40636350.44129108 0.0 169051198.45079666 70177803.7474568 0.0 235476960.14918086 138848429.96222618 0.0 954846.6237791261 -7966750.291578284 0.0 1848335.4158221504 -3561316.104325398 0.0 4471438.471814848 -5032985.390232846 0.0 9715548.344518337 -6568078.148263787 0.0 19042163.330389008 -7127491.777549945 0.0 33450445.06958886 -5119808.216165133 0.0 51958454.825954564 1126693.958490348 0.0 73911509.44345804 12423200.528095156 0.0 96828365.8303356 28705942.20938568 0.0 118409563.05007279 48949808.88065106 0.0 164400474.81643432 95513071.40196195 0.0 408738.15693771397 -2964825.184169454 0.0 722620.7865238405 -1307255.536031665 0.0 1792909.7940158583 -1921856.1233383976 0.0 4588912.984688568 -2972640.500259552 0.0 10969622.506733146 -3915633.809209762 0.0 23602265.38002935 -3292771.4789852034 0.0 35776281.46616291 1148775.3479582034 0.0 52596287.11966698 9127061.637020238 0.0 70285025.32669985 20973047.869236343 0.0 85392258.09078997 35190328.06365445 0.0 117712469.45149592 67631508.11466627 0.0 220793.8421159227 -1415452.9980477467 0.0 336675.96980256354 -572559.2468016712 0.0 789839.1987084135 -804986.3750478039 0.0 1981624.8561634729 -1211447.7487283056 0.0 4854327.528974 -1617349.8680366199 0.0 10865557.870427532 -1367787.9147760593 0.0 21465007.630640138 842969.5705064714 0.0 37687247.234243385 6685555.261328591 0.0 58184182.27591219 17447217.234329857 0.0 63443757.89060031 26094086.05599119 0.0 86245143.56836879 49161380.8124187 0.0 145521.474520525 -840753.7066900647 0.0 192109.8819593109 -309248.98863984796 0.0 420278.8426594397 -409306.55591992324 0.0 1029132.6707532393 -602254.7453231001 0.0 2552751.019490435 -808516.8684019729 0.0 5920481.044613167 -681163.5174021145 0.0 12303639.44990417 570320.3412477858 0.0 22297959.060999557 4065332.513520538 0.0 34787610.9004943 10501437.209184688 0.0 46634812.66205544 19179025.709534638 0.0 64537719.59220727 36691840.12798075 0.0 109068.7836935592 -576770.0926511324 0.0 131685.62960123192 -201871.8083798063 0.0 274904.94118192355 -256970.53900841702 0.0 662571.5179553737 -372644.9750959965 0.0 1647460.01943423 -498123.4837798089 0.0 3910579.0222895374 -412960.1392289084 0.0 8363136.937203291 439742.58461294434 0.0 15615760.443630267 2907195.988004324 0.0 25173712.805843472 7647925.274163917 0.0 35299153.62452742 14515666.829723002 0.0 49187171.79708801 27882136.780818164 0.0 86960.49428037945 -426240.54912735603 0.0 98847.98729562166 -145084.82922793986 0.0 201563.89723761778 -181571.08651603592 0.0 482423.9494177338 -261686.29864154142 0.0 1193102.3573995037 -345622.2932664857 0.0 2845215.065860477 -276577.12080433307 0.0 6167733.816651077 358972.54869889247 0.0 11702162.094318293 2221157.006361851 0.0 19157399.380202092 5859810.452999593 0.0 27179900.628903553 11196943.202616818 0.0 38128132.63046982 21595613.464702442 0.0 71199.8733408792 -326873.95985220413 0.0 77105.53739595503 -108881.83778257771 0.0 154674.89419683712 -134767.30692994202 0.0 366803.70536091557 -192521.76804952242 0.0 902659.1734439261 -251332.06971180608 0.0 2156238.5408252184 -193377.70065027702 0.0 4706114.409059756 298056.86032135476 0.0 9012536.99326502 1741755.90931998 0.0 14894277.822638744 4587911.170185267 0.0 21287738.786746982 8792382.637154963 0.0 30010038.532524247 17011346.469537415 0.0 59080.00706604803 -256293.88635783867 0.0 61418.00126392598 -83806.72420725512 0.0 121376.39843549655 -102637.5592566203 0.0 285278.73034347617 -145317.18120963572 0.0 698405.0023424154 -187470.24398474186 0.0 1669864.6823506332 -138437.72394689484 0.0 3663651.6830374096 249300.08331079528 0.0 7066766.838358533 1388902.810555696 0.0 11765269.019050078 3649928.3514677 0.0 16916896.828867964 7009235.702862681 0.0 23945878.3920131 13601309.92509709 0.0 49406.31555714949 -204058.30445963793 0.0 49621.11011730247 -65688.80986240304 0.0 96788.46654706412 -79685.35937501806 0.0 225666.37404664172 -111879.45846998978 0.0 549736.7709239492 -142667.58423986012 0.0 1314795.332716715 -100958.02723653051 0.0 2897005.7503117416 209699.59744727207 0.0 5622868.351074714 1122647.7175627556 0.0 9420655.279137239 2943375.067890255 0.0 13616637.489119578 5661948.785205071 0.0 19342227.386709258 11018474.355165998 0.0 41550.03567206938 -164460.75261666134 0.0 40533.27428606974 -52247.633219424264 0.0 78190.80298854341 -62861.779887136596 0.0 181019.39660398703 -87584.2521442878 0.0 438960.5078023262 -110448.68053504088 0.0 1049874.6072368633 -74827.22579732185 0.0 2321701.5070652165 177324.23256664685 0.0 4530828.742647445 918011.937197914 0.0 7633633.660293638 2401822.1236612257 0.0 11085177.253835475 4627039.435726777 0.0 15794955.00840042 9029891.697775962 0.0 35105.49458643652 -133933.37485385762 0.0 33414.48753538087 -42081.87005332109 0.0 63867.099640603934 -50282.13468772366 0.0 146950.41801326655 -69572.22401637942 0.0 354884.54204281146 -86817.16556965462 0.0 848685.1967966718 -56287.57982806731 0.0 1882672.1638121514 150689.65190512734 0.0 3691684.044801261 758313.7691006769 0.0 6251039.260645368 1980368.4591248867 0.0 9115515.801297132 3820191.669116322 0.0 13024083.609844523 7476011.603183202 0.0 29782.989500014624 -110088.18973870197 0.0 27765.17520084506 -34273.1704980115 0.0 52668.792756973984 -40717.37617604491 0.0 120543.25014491075 -55988.891860371616 0.0 290051.9262939983 -69186.1704589226 0.0 693510.2529741821 -42937.314839222025 0.0 1542631.5481776602 128632.37049028548 0.0 3037741.7841593376 631989.2084464985 0.0 5166866.659321174 1647886.42223049 0.0 7563006.277306405 3182680.4822626687 0.0 10832439.09536898 6245467.145934485 0.0 25363.53432629657 -91257.7924425961 0.0 23232.68998392943 -28195.117828262133 0.0 43799.54062727202 -33338.373395256254 0.0 99790.17081099136 -45590.19093999546 0.0 239346.1360037122 -55831.76039689136 0.0 572150.83882358 -33200.94015808244 0.0 1275717.8211145396 110240.47379316302 0.0 2521605.4692286025 530834.2794000506 0.0 4306278.2911120495 1382352.1176045118 0.0 6324804.165779035 2672845.7385324775 0.0 9078982.109768007 5259138.950836551 0.0 30774.729755834753 -62609.993208011176 0.0 27363.65262217047 -29928.750729464937 0.0 45883.68151287006 -39802.604454674074 0.0 95784.39434135803 -65280.913365277804 0.0 214372.79497233947 -111972.30926583831 0.0 484709.2286244452 -184701.3731255024 0.0 1032044.4760608269 -259748.9432159249 0.0 1959861.339955063 -254237.95125582546 0.0 3226227.5203764574 -37268.85230476105 0.0 4573066.516607445 485095.4176747554 0.0 8461693.808510607 2859165.2538311793 0.0 48750.083015192875 -86626.61110813961 0.0 35398.92472844786 -36918.51676180474 0.0 55933.070190761275 -51969.47921477789 0.0 110875.7692064631 -91474.07595448238 0.0 236947.54251252915 -172257.946998836 0.0 514303.062763402 -325128.9061035447 0.0 1055267.8965317854 -567763.4393892431 0.0 1934731.9056170222 -855294.6455844973 0.0 3074576.660153854 -1050380.3036208858 0.0 4199431.958157579 -980441.1678389201 0.0 5802237.395263152 -296310.3639753399 0.0 41575.79467394286 -73572.1456291092 0.0 30020.57066587618 -31246.52707334593 0.0 47321.03190950478 -43887.944022071235 0.0 93599.24083088615 -77084.11799004656 0.0 199665.13932531586 -144881.5560759604 0.0 433374.9135493956 -273372.2867837235 0.0 890738.9322849627 -477931.562740454 0.0 1637464.0754271075 -721193.6676708906 0.0 2609606.4464913914 -886644.7829922475 0.0 3572981.3376784557 -826461.8767926055 0.0 4944633.734078113 -232855.67510886965 0.0 35623.401682311334 -62845.85584412214 0.0 25605.89555641369 -26618.665809637037 0.0 40267.71393747458 -37305.43217283448 0.0 79492.04803024734 -65394.0148069719 0.0 169289.54079330465 -122684.96824060786 0.0 367411.4692337048 -231385.46352564587 0.0 756255.3799827957 -404851.839723409 0.0 1393474.9369138794 -611663.6300933262 0.0 2226302.789211658 -752365.5789430065 0.0 3054611.7110039922 -699783.721698082 0.0 4233215.311918796 -181545.50510789696 0.0 30652.967542037117 -53971.940216810166 0.0 21945.582599366597 -22804.110067177855 0.0 34442.16493363483 -31898.181744689562 0.0 67870.97478559184 -55812.98935879652 0.0 144317.22261514995 -104525.13471902537 0.0 313164.3544749108 -197019.57954929429 0.0 645374.8168130829 -344883.5905560632 0.0 1191548.3932032762 -521456.2716134969 0.0 1907805.8953302663 -641359.3684714125 0.0 2622387.0175531614 -594748.0926162992 0.0 3638656.2253848724 -139722.5012223835 0.0 26477.22370895019 -46583.74849048154 0.0 18889.254197989896 -19637.574006954594 0.0 29593.244461694107 -27421.915134559025 0.0 58220.197406058345 -47897.24043274411 0.0 123616.28762101098 -89545.40156094178 0.0 268182.95427679835 -168660.31648036357 0.0 553221.2369900624 -295282.0615832409 0.0 1023147.0791563169 -446591.1649038481 0.0 1641208.5420507141 -548907.1262302331 0.0 2259431.9838163555 -507010.3141938235 0.0 3138321.969493496 -105330.91717332722 0.0 22948.94565340398 -40396.486721484296 0.0 16320.444990517333 -16991.901586781645 0.0 25528.27827414481 -23690.27375580002 0.0 50145.774651751286 -41309.50453259595 0.0 106324.6164808758 -77096.20058171192 0.0 230599.2775452679 -145082.24918230294 0.0 476062.8684212903 -253954.8441100477 0.0 881702.2767658205 -384017.049183453 0.0 1416525.5698447647 -471370.23283242015 0.0 1952630.934853276 -433201.7443749695 0.0 2714565.6797496 -76769.66584808535 0.0 19951.578251719828 -35187.26756605891 0.0 14148.14118826527 -14768.374094083498 0.0 22097.918243879394 -20559.609419704306 0.0 43343.58733835188 -35790.706131431085 0.0 91778.33371816017 -66679.58276622281 0.0 198974.4329718461 -125345.40336514842 0.0 411013.4660411154 -219290.1145088995 0.0 762108.209674986 -331371.2863751036 0.0 1225955.4219259943 -405915.7298736639 0.0 1691690.6888508243 -370685.8931611035 0.0 2353496.6301125134 -52782.64576285233 0.0 17392.211753720032 -30780.38761102595 0.0 12300.607419008154 -12889.689474447938 0.0 19185.266264908547 -17918.1195417086 0.0 37576.45470970668 -31139.81684059919 0.0 79460.90008320326 -57909.906090230106 0.0 172188.0571498532 -108721.07721423575 0.0 355818.3330101259 -190033.993283748 0.0 660357.5627615037 -286806.94773765386 0.0 1063344.7536741295 -350317.40890706313 0.0 1468457.8926136885 -317380.496137333 0.0 2044080.230740153 -32376.548004000717 0.0 15196.280855350828 -27036.373704975562 0.0 10720.836040183853 -11294.822949416757 0.0 16697.970476665974 -15677.99384470232 0.0 32657.602263714998 -27199.37042179121 0.0 68966.43824623372 -50485.62668058807 0.0 149359.24749943326 -94638.95797071363 0.0 308699.2537994736 -165201.95053225473 0.0 573275.8407209003 -248867.11881549374 0.0 923796.0714220961 -302810.2622247118 0.0 1276416.474493506 -271626.4061633096 0.0 1777473.3795423845 -14758.932884625117 0.0 13303.538796317622 -23843.77444014605 0.0 9363.161422910352 -9935.228956885147 0.0 14562.42014256537 -13769.676336347862 0.0 28438.584009261034 -23844.92733610178 0.0 59973.011535563266 -44168.82526805627 0.0 129788.87819393526 -82648.67524244696 0.0 268240.8973391614 -144014.10777223142 0.0 498325.7188186694 -216392.56538023593 0.0 803377.2180537203 -261982.8931538259 0.0 1110313.9018258029 -232090.03678717196 0.0 1546528.7126200953 708.7086225670474 0.0 11664.981650600757 -21112.967530766604 0.0 8190.719401436017 -8772.009753290067 0.0 12719.439108611992 -12137.630411481357 0.0 24800.365636270526 -20977.330721331615 0.0 52222.945530918776 -38770.188218440715 0.0 112917.07063811261 -72391.5543004864 0.0 233306.74277598865 -125847.50550907126 0.0 433461.50185815006 -188453.23146058896 0.0 698904.1585457525 -226697.21668334116 0.0 965880.542790391 -197690.0924892034 0.0 1345421.2981543606 14546.780139969871 0.0 10240.484930797542 -18771.458239875756 0.0 7173.525363104935 -7773.787273604438 0.0 11121.060511034948 -10737.18365304551 0.0 21646.675290593565 -18516.95757704248 0.0 45508.18849517018 -34137.87870880851 0.0 98291.52132325087 -63579.65648545643 0.0 202976.24447527758 -110200.54602123526 0.0 377019.82323004823 -164296.93887862857 0.0 607777.0495306567 -196027.9754259541 0.0 839616.9866825235 -167542.04040570618 0.0 1169364.9462528497 27185.13358214993 0.0 8996.977015275026 -16760.288021953915 0.0 6287.009001631257 -6915.091255329262 0.0 9728.089210124368 -9532.156087553936 0.0 18898.997720316813 -16399.41118681946 0.0 39659.314171498634 -30149.212013537177 0.0 85543.68751851354 -55980.08032246787 0.0 176497.42748120913 -96666.26188944142 0.0 327636.8034939544 -143310.62273314255 0.0 527855.4013037377 -169216.775884011 0.0 728631.4191252826 -140915.65215597377 0.0 1014394.6966209769 38984.44530976181 0.0 7907.019170702777 -15031.275152044926 0.0 5510.889957006353 -6175.130886609776 0.0 8508.243297105822 -8493.06239469014 0.0 16492.770780027917 -14572.265077878423 0.0 34537.18298847756 -26704.372525347913 0.0 74370.71403782326 -49403.09807893469 0.0 153250.79647951073 -84912.04326366469 0.0 284184.6991761657 -124990.78585985085 0.0 457362.16783961665 -145636.85637675013 0.0 630514.1770844286 -117202.24970356056 0.0 877198.5834443971 50252.96577821155 0.0 6947.695030394393 -13544.882832301655 0.0 4828.3216521427175 -5536.867572238603 0.0 7434.724900779748 -7595.738461491996 0.0 14374.469450149292 -12992.581503757438 0.0 30026.56098734738 -23721.631653775057 0.0 64521.59163634019 -43693.114833490836 0.0 132721.61062435253 -74664.13415843928 0.0 245723.02644024012 -108920.79083912245 0.0 394809.4141341568 -124765.84983474427 0.0 543240.1355315349 -95889.20709207875 0.0 754986.3744727738 61259.79905410354 0.0 6099.736713838614 -12268.56361176077 0.0 4225.151915486339 -4986.21665823661 0.0 6485.129041473519 -6820.302610306929 0.0 12499.350392246884 -11625.005633269478 0.0 26031.192522430705 -21133.67912788407 0.0 55786.45999883477 -38721.72315556259 0.0 114478.39337397022 -65695.6800794678 0.0 211460.5162139726 -94753.26383068926 0.0 338940.19525344315 -106164.54620832013 0.0 465092.07512099406 -76539.91111218974 0.0 645386.2450708968 72245.58094597734 0.0 5346.832739645391 -11175.467800416194 0.0 3689.460908227112 -4511.5596653654065 0.0 5640.547752294284 -6150.308610825237 0.0 10829.69184771545 -10440.29145068935 0.0 22469.960769523357 -18884.78753198794 0.0 47988.264981066815 -34382.32695122857 0.0 98156.1225132156 -57817.44152061971 0.0 180725.22959030324 -82196.34848872454 0.0 288682.6946325165 -89460.18680301873 0.0 394599.9647038481 -58777.84982350899 0.0 546362.6854503256 83431.21473531959 0.0 4675.0762134977285 -10243.432026186427 0.0 3211.1097371387073 -4103.268972161061 0.0 4884.85287111872 -5572.068795435646 0.0 9333.407534355574 -9414.154187615786 0.0 19273.867753491 -16928.605716679296 0.0 40976.19001102106 -30585.94984348602 0.0 83442.95512525983 -50870.52377345751 0.0 152940.856968554 -71002.87935644586 0.0 243113.68352217952 -74333.20129114586 0.0 330492.3778574111 -42273.83356167667 0.0 456150.6267621425 95025.1702049125 0.0 4072.52169157134 -9454.185059180252 0.0 2781.4030215547 -3753.3596167747096 0.0 4204.239521164224 -5074.247359987592 0.0 7982.944577733174 -8526.371851217657 0.0 16383.635351467745 -15226.430809305837 0.0 34620.431866020685 -27257.94476313096 0.0 70069.63614962544 -44720.64263906892 0.0 127607.72479697772 -60961.78253742166 0.0 201429.09722847864 -60506.57177451816 0.0 271657.19533944235 -26735.59657201016 0.0 373201.9987595022 107229.74004146969 0.0 3528.8265396463553 -8792.723606392688 0.0 2392.8170648047217 -3455.215214827526 0.0 3586.7439489274134 -4647.4220384960745 0.0 6754.398160653688 -7760.078445084692 0.0 13747.778915782343 -13745.847490429092 0.0 28807.999275853017 -24335.39442594479 0.0 57800.95140127425 -39253.567868639955 0.0 104287.39695978814 -51891.18453387436 0.0 162920.05897748534 -47737.20770747132 0.0 217109.4263519698 -11899.204855074517 0.0 296141.8293378999 120246.56675363285 0.0 3034.9581624427205 -8246.82240914734 0.0 2038.8258955495623 -3203.446101819675 0.0 3021.8878185639433 -4283.774463195726 0.0 5626.791995901937 -7101.2060482034 0.0 11321.041501516887 -12459.651490338396 0.0 23439.29123253974 -21765.045431982686 0.0 46428.740125331366 -34371.47520962415 0.0 82590.02222223039 -43632.83640327502 0.0 126953.06822511331 -35808.859774448516 0.0 165964.4803339064 2478.1745688282317 0.0 223731.65564210308 134281.6955581967 0.0 2582.9526602163573 -7806.651759625295 0.0 1713.5849947636752 -2993.5261293718795 0.0 2500.385466641741 -3976.84604571621 0.0 4581.485720913294 -6538.043638092815 0.0 9063.103125986305 -11344.99499185939 0.0 18425.268941372047 -19501.65758604163 0.0 35766.094534384385 -29990.00322310672 0.0 62163.772381860326 -36047.55307986402 0.0 92953.3643583629 -24526.210113076573 0.0 117415.58917862579 16624.492981724426 0.0 154838.5017281318 149550.36882270564 0.0 2165.713612053001 -7464.482226338831 0.0 1411.8632811200523 -2821.7529163400486 0.0 2013.8994397282313 -3721.3461196928633 0.0 3601.6790928773175 -6060.888507947258 0.0 6937.4987987594095 -10382.70698620455 0.0 13685.077000576393 -17506.678797343833 0.0 25642.45593228251 -26035.859346063207 0.0 42685.85752920967 -29011.436302292506 0.0 60390.68057769192 -13709.852998642835 0.0 70714.34812156919 30758.30941286225 0.0 88408.03403572837 166281.75187230742 0.0 1776.8420620506638 -7214.461558972578 0.0 1128.973347838664 -2685.250974699666 0.0 1554.8327792867033 -3513.002408574057 0.0 2671.9892874503907 -5661.772118879618 0.0 4910.693122114806 -9556.753115494585 0.0 9143.999662205568 -15747.177341332226 0.0 15899.376697199617 -22444.855541513112 0.0 23854.707932811874 -22412.700338660346 0.0 28766.757758430515 -3191.9383214792406 0.0 25153.539652477815 45093.78288059186 0.0 23440.76507797813 184723.76588008393 0.0 415.9512533497791 -9873.43393782124 0.0 1233.2355143719715 -3000.578749319094 0.0 1685.3417276492303 -3908.74453581014 0.0 2869.7700658370186 -6263.817257599058 0.0 5214.318737979688 -10486.925857632164 0.0 9565.137640558976 -17054.33887263366 0.0 16284.42772845892 -23694.518274168007 0.0 23640.598149258192 -21953.673841471034 0.0 26833.22121344568 2300.24456702639 0.0 20097.898392180974 59815.47814592502 0.0 -15398.743074604656 196604.56749070168 0.0
    </DataArray>
    <DataArray type="Float32" Name="Power density [Wm^-3]" NumberOfComponents="1" format="ascii">
1.8321459509476477e+18 2.1788424553973238e+18 1.8308071921710257e+18 1.4978136656521477e+18 1.269610180174784e+18 1.1239977709914386e+18 1.0446923686544965e+18 1.0511424051604577e+18 1.29545966482397e+18 2.2704738958269158e+18 2.5951618544677827e+18 1.2353588246713615e+18 1.4905298665991926e+18 1.256062938531461e+18 1.0442265167768677e+18 9.024340324600305e+17 8.13710337363692e+17 7.692930327364922e+17 7.90500559226879e+17 1.0107665643880083e+18 1.822023673500169e+18 1.7544434499397596e+18 8.436395283416956e+17 9.512562560742916e+17 8.361244994270024e+17 7.290961109358742e+17 6.59549626361787e+17 6.184957442199494e+17 6.046494669177804e+17 6.419419991179814e+17 8.445866358964876e+17 1.5034968911672184e+18 1.395809762597697e+18 4.093361729938892e+17 4.4239160752034765e+17 4.206928146851973e+17 3.995049644330714e+17 3.8987409967810195e+17 3.8976234152633094e+17 4.034831654171318e+17 4.552273313001364e+17 6.313120277561832e+17 1.1023029650969196e+18 9.817427666494842e+17 1.5166964340208102e+17 1.6294632976406368e+17 1.6614169151259158e+17 1.7407132019520323e+17 1.8676305218913424e+17 2.033887829661834e+17 2.2925384059348605e+17 2.8442841507019286e+17 4.2312156216069664e+17 7.19757706032377e+17 6.130643581919176e+17 5.27787186979473e+16 5.915815164489521e+16 5.9404372582903656e+16 6.325742723689607e+16 7.223406027111493e+16 8.672081245490802e+16 1.10912081789406e+17 1.5816716975459242e+17 2.5514480543229578e+17 4.2252597665345946e+17 3.462116423571327e+17 2.226822067692753e+16 2.5982155513384468e+16 2.4645164485853404e+16 2.4475695023666704e+16 2.7591788788118756e+16 3.5792096159413764e+16 5.291395449496598e+16 8.650879002868075e+16 1.462754065416719e+17 2.3263285452558195e+17 1.8512330844175187e+17 1.235935123290253e+16 1.486730543475811e+16 1.3915275525708102e+16 1.3546708479292622e+16 1.549527202543108e+16 2.1289042715347924e+16 3.310399741432587e+16 5.399021061757852e+16 8.636571761030123e+16 1.2757334763844446e+17 9.904386883058291e+16 8232173345517986.0 1.0191265760919098e+16 9825822171320206.0 9940892190301174.0 1.181264330852664e+16 1.6444363530731606e+16 2.4606666713872524e+16 3.689553157125229e+16 5.3354870738022104e+16 7.222444354634898e+16 5.479275838920893e+16 5974940003416972.0 7538434908816109.0 7494501632496113.0 7794061152170793.0 9312337646005426.0 1.2723350737862378e+16 1.82081557279195e+16 2.5441682952413236e+16 3.3787038411667692e+16 4.2367905073852664e+16 3.1482036580697464e+16 4428909843262359.5 5633293599469143.0 5715631181306538.0 5998131613621468.0 7040486084700416.0 9308151238664122.0 1.2843627955020818e+16 1.7148341358995848e+16 2.1488570249035532e+16 2.545380012744893e+16 1.8598775672559836e+16 3205388355027435.0 4064707977589918.0 4167042904879772.5 4381395346632758.5 5031978283833680.0 6424449804464781.0 8618826513355052.0 1.1221516720724636e+16 1.3577176159646522e+16 1.5474377540970928e+16 1.1171905720201256e+16 2193882713526152.5 2723173617142348.0 2807427935778179.5 2974464875724365.5 3377306103233499.5 4197321715066974.5 5552928107359771.0 7137377523480875.0 8462841298464251.0 9432025999352358.0 6773553896160659.0 1374472468457924.0 1653522896225181.2 1693344253891165.2 1834468013021034.8 2145091688307795.8 2725072892882130.5 3518361269343936.0 4433071566781459.5 5199203809987923.0 5776369617067681.0 4152411604184492.0 908599569766077.0 1112370241289488.0 1118523313931058.6 1177129698919617.8 1295493447580935.5 1527525975858973.8 1995247747793507.8 2659695258877736.5 3270010059166616.0 3593477379123194.0 2559692386325765.5 672623708889483.6 841644148844864.9 832537927601103.5 846281621965720.6 881800012091290.1 965378524229650.1 1136151541896295.8 1401013375728317.2 1729548308191657.8 2076896626159424.8 1521981833227867.0 545459062288984.44 696106212150562.1 685791491867489.4 684190730606983.9 690975420081883.0 712337880990031.9 762814682368984.4 862351621040588.6 1031864438511562.4 1230499066283762.8 909959326622586.5 470910632983904.7 609529919448756.5 601410043845096.4 595266176102144.9 591321283986984.1 589785153956342.1 594455255474046.9 617576315762739.9 677221217746019.0 767416061255406.5 565330814584960.6 423095006617701.8 552559472838509.94 546771255745296.8 539986245715589.94 532151541556201.06 521523434354681.56 506838784027938.25 492710204869723.5 492765788633545.0 517603974536901.8 376551989476496.0 389852020476919.7 511946739098428.8 507918485829300.94 501828107708606.44 493119245622597.3 479299263818650.25 456853588701074.06 425732165684759.0 395691700272470.7 383924175456975.0 274621538703014.47 365165037664345.56 481165122347076.5 478356825342372.06 473275446637972.3 464963504124485.2 450607000434302.8 425726913846599.3 387721828038615.25 343430960749171.44 312229194419568.8 219677940861136.0 345912342760567.56 456828277768216.2 454801566582081.44 450648497874853.44 443149365472400.8 429359774825984.94 404420846142173.94 364393510154434.7 314071070188470.94 273099711668378.72 189648950416234.66 330370421349640.9 436944327119974.3 435417286615551.3 432010726949594.8 425365737021969.7 412511841508265.5 388483766924422.0 348663211757434.2 296434562939234.6 250913730069177.12 172669428013941.53 317431869701242.75 420285352711549.3 419098546968665.2 416267975916660.75 410383183314474.94 398509333518429.3 375706531861017.56 337028809917604.5 284876031285282.1 237529341345512.84 162500233020064.56 306463340644685.1 406107394412975.8 405159710596311.94 402764273815852.25 397510504186272.2 386532332074589.25 364977352185893.2 327758968696473.94 276566909051078.6 228765297189154.47 155914813695400.0 313860831741921.7 391897938074152.94 390883363477183.75 388481567444299.25 383276012973825.56 372509634528171.9 351824953467632.44 317171939778204.0 270257731993955.16 224754561062381.22 140506662560721.38 283853883340155.3 379742996304104.0 378925321033006.06 377021889483496.25 372865537326486.75 364302751346209.94 347920994558620.2 320270701068426.7 280805396312450.9 235606619808131.84 160449774143541.25 277393949884942.94 371009414417299.7 370367468600011.4 368704791016242.4 364865187953690.5 356706581559532.44 340791322581591.25 313546856704585.8 274349277215246.66 229608600696310.16 156083667083525.28 271731801060642.38 363348438425321.8 362835817670497.06 361357374801832.6 357773206143028.7 349959092984174.94 334466563167994.56 307627900786026.3 268745983361678.0 224481012096729.47 152399097151478.06 266756804453128.56 356613339693013.7 356197801725581.2 354861758667859.06 351484001621289.5 343961017611413.3 328841633736461.56 302381599096064.75 263816011131251.97 220007188169142.28 149208158835979.06 262378129949464.8 350683035530320.2 350341965342896.1 349117433121992.0 345907516733458.5 338630222076950.06 323836308942507.2 297718225320747.75 259448974807791.16 216060993841158.6 146404716724685.75 258519835250548.12 345455841712784.1 345173137979072.25 344037214208304.7 340964939122354.94 333895470756412.9 319384080134948.8 293569804519592.06 255569113322045.66 212561525076702.34 143923465050398.44 255117622912936.38 340845356154622.7 340609333959077.1 339544871206597.56 336586529303585.56 329693573117662.6 315427105860855.56 289880444004673.2 252118802043620.88 209451094474899.88 141719858077652.7 252116585473506.12 336777586350203.7 336579576295220.7 335573556092502.06 332710386733186.56 325968027627263.06 311913945139950.4 286601885027121.25 249050750207047.16 206684633709379.03 139760368759263.19 249469562369703.94 333188841071540.0 333022255684064.3 332064627941573.7 329281616830818.56 322668291164541.1 308798507115857.25 283691454792519.7 246324322790192.78 204224618384341.38 138017791413040.33 247135893327489.06 330024116318782.75 329883826553727.8 328966689828343.2 326251661253923.06 319749280087480.1 306039494645366.94 281111082944373.1 243903780940609.25 202038622973910.4 136468973281454.17 245080441005133.9 327235818018782.56 327117734400816.06 326234758807442.7 323577699530845.44 317170944146855.44 303600026713420.6 278826765902681.75 241757391053647.6 200098105514589.03 135093697392628.84 243272805265945.56 324782726210911.94 324683514775307.8 323829534824180.7 321222093037793.06 314897859581846.8 301447313870690.94 276808206441525.25 239856914291948.72 198377755183839.62 133874101465246.16 241686679983364.06 322629140692461.5 322546027792572.4 321716753189086.06 319151866542800.5 312898830988138.94 299552345016545.06 275028516245764.03 238177257196185.38 196855092168476.1 132794341911465.4 240299320044452.8 320744168538946.75 320674804375654.1 319866612406908.5 317338229910141.5 311146506623166.5 297889578226505.94 273463940980381.22 236696189945738.22 195510179701145.6 131840368751777.62 239091095401017.25 319101126068717.3 319043487123010.8 318253271446430.44 315756143222712.0 309617014941712.0 296436640173141.3 272093597461674.34 235394095879079.28 194325387934141.88 130999751670613.56 238045116645137.75 317677033445580.0 317629352531774.06 316854410921772.8 314383927081142.2 308289628894927.25 295174041069837.7 270899223613003.4 234253740387519.6 193285185551227.75 130261531968649.72 237146922283077.94 316452190388867.5 316412903654522.44 315650853530586.5 313202918287111.7 307146462240479.44 294084911019296.44 269864944860718.1 233260056939896.0 192375950634422.28 129616090540984.81 236384215546459.5 315409818935424.5 315377524310057.06 314626238352655.8 312197169666983.8 306172199999809.94 293154761743686.25 268977060476865.16 232399951050496.88 191585798547630.12 129055028552484.47 235746645902890.94 314535766758186.56 314509191359312.94 313766744882939.94 311353192728941.06 305353863783030.8 292371275832544.8 268223852190667.03 231662123425847.53 190904426616805.38 128571059929801.22 235225628369166.47 313818258775932.94 313796231614576.44 313060860256904.75 310659738881119.8 304680610232240.7 291724123568484.94 267595415874354.72 231036912935999.4 190322975749843.47 128157915523750.3 234814192197399.44 313247694135298.56 313229121954186.06 312499186435239.44 310107616399614.2 304143560909282.3 291204806783878.06 267083516350765.28 230516159520434.16 189833909045394.88 127810258928067.84 234506854890381.03 312816474361247.44 312800326007298.06 312074281966624.2 309689540171815.56 303735662049982.8 290806529037598.44 266681465071686.16 230093086852674.25 189430907186552.6 127523613833639.12 234299535461661.72 312518878160286.3 312504169143819.9 311780539556135.2 309400014269773.94 303451573847983.0 290524091756236.8 266384020282728.62 229762204329717.5 189108780219136.53 127294302678824.16 234189491180597.3 312350971739761.94 312336745959484.56 311614096301581.56 309235245168967.94 303287587699337.56 290353815232681.2 266187308820267.34 229519227641432.6 188863395152999.84 127119396267324.78 312211367929063.5 390352180830141.4 390382280440611.0 389607975275220.1 386919449120836.5 380090981481470.94 365056059481424.75 336493816657205.3 292070894622466.75 240761603874304.88 169328898599809.75
    </DataArray>
    <DataArray type="Float32" Name="Temperature [K]" NumberOfComponents="1" format="ascii">
324.15130182322116 332.77357232490994 338.8553780979832 343.3038483022532 346.75268821570063 349.5702586567922 351.96530327461863 354.0403484218557 355.75369005957305 356.5758150908836 354.3817511807402 323.68261125159444 331.9152651742017 337.8871766571855 342.3363731870063 345.81898451075347 348.67081686448375 351.08716853271767 353.1635541484838 354.85193161145565 355.62865883003406 353.4920099532506 322.45418454578703 329.72140034649135 335.3643744146212 339.7648617609575 343.29380296004103 346.20386470376565 348.6527035122671 350.71432291242604 352.3222553358212 352.97299763753693 350.99394600335177 320.841150638947 326.97631703250846 332.10800804042196 336.3281324851618 339.81467732817345 342.7204490288306 345.1502950745333 347.14413277133445 348.60926464188196 349.08321786391673 347.3280367178288 319.15376338590437 324.2855295881677 328.8170535310968 332.7116145990704 336.0194746860548 338.80838426179497 341.1285937488688 342.98095905154184 344.24876319077237 344.5376882026176 343.0374209924749 317.533388441655 321.8700056245712 325.81756809937843 329.30724604090676 332.330971232086 334.9024293498311 337.0282480583698 338.6760249323856 339.71931603610034 339.8543471361802 338.60929914560853 316.01557876014056 319.7270287759413 323.15783918518605 326.2391321568995 328.9390518227846 331.2416303467218 333.1258053291208 334.53995164709437 335.3671014666623 335.39672017610303 334.37971917427956 314.603436215954 317.80911997601015 320.7937163075535 323.4963349754404 325.8766626399993 327.9032907503746 329.53978964843276 330.72839808417314 331.3737913047722 331.3424858301827 330.5127495831411 313.2933973192296 316.0780519575404 318.6773863140247 321.038964684163 323.12116213507875 324.8864138490986 326.29266321253743 327.28505392585623 327.7916593895166 327.7320881466315 327.0506533566065 312.080974667468 314.50806422337735 316.7736120761233 318.83239576150663 320.6448026811329 322.1729247812952 323.3757039282091 324.2057012572294 324.61051403525863 324.54239184935255 323.9777083767907 310.96178969079847 313.08152936056615 315.05733191765734 316.849978331838 318.4233438777992 319.74227531232543 320.7700917667291 321.4679029902974 321.7978478788686 321.7311194555102 321.25882962664207 309.931602559052 311.78545067945737 313.50967571956664 315.070168875737 316.434814552021 317.5724796436292 318.4519327246187 319.0421777502638 319.3156724578425 319.2543736839441 318.85574341885916 308.98617036037655 310.60935015780035 312.11528606433006 313.4743399059013 314.6584179309974 315.6406241071181 316.3949918240176 316.89710378931125 317.12664850083183 317.0717351672217 316.7322774683774 308.12111587702316 309.544057584821 310.8607519324777 312.0455695322152 313.0742040741076 313.92372673269665 314.5727130478351 315.0019479794797 315.1962317608181 315.14726843389786 314.85571227488106 307.33186566828084 308.5811455150403 309.733965125809 310.76825983654663 311.6631654847863 312.39934499167214 312.95927845619156 313.32778679013626 313.49319556691955 313.4493156928612 313.19685040326937 306.6135039694116 307.7120477155604 308.72300269187696 309.62743613410856 310.407526633482 311.0469574814884 311.53129291871943 311.8484624272546 311.98954571319587 311.949830490086 311.7296917374193 305.96100089176275 306.92851167426016 307.81654315513657 308.6088736620853 309.2903166549767 309.84710387075046 310.26726843216954 310.541068402452 310.66150761493304 310.62494206252984 310.43163076211306 305.36936358769094 306.22276411200204 307.0041156895468 307.69951824322555 308.29603182585896 308.78202120658455 309.14750294457633 309.38449946748636 309.48740495506 309.4533595073569 309.28257879611107 304.83373762679963 305.5875758910189 306.2761687134928 306.8875914680073 307.4108030339931 307.8359443513821 308.15463630343737 308.360270002399 308.4482780863643 308.4163790451065 308.26476770265407 304.34947276277205 305.01627651216796 305.62405204261904 306.1625504440253 306.62232951600583 306.99500752602523 307.2735128086079 307.4523202391576 307.52765981872784 307.497684226072 307.3625757358003 303.912164284729 304.50274408591747 305.03996381581356 305.5149947393409 305.9197401730309 306.2470490104436 306.4909228891912 306.64670892773677 306.7112640503467 306.6830750266923 306.56231628633793 303.5176770522181 304.04138320128163 304.5168850192383 304.93655810825203 305.2934393992527 305.5814059780155 305.79534665388246 305.9313197461333 305.98668496642074 305.9601927849712 305.85201355801445 303.1621567403314 303.62709603569203 304.04851101542886 304.41980019533634 304.73495772806507 304.98872295824196 305.17672273242647 305.2956014350547 305.3431285294842 305.3182673185426 305.22118719877966 302.84203182805373 303.25525014991854 303.629184740502 303.9581048306871 304.236815135304 304.4607810045038 304.62624688815237 304.73034434438415 304.7711810081291 304.747894984993 304.66065698660054 302.5540089686631 302.9216450166613 303.25383373482146 303.54558745335777 303.7923994105421 303.9903487069275 304.1361993873284 304.2274909067237 304.2626127238243 304.2408483268399 304.16237109877994 302.2950636891743 302.62247845672107 302.9179118574208 303.17701219864375 303.3958594804599 303.5710536882969 303.6997981151004 303.779975782523 303.81021276045266 303.7899144716969 303.7192574936531 302.06242804427774 302.35431401225327 302.61734605634723 302.8477183455017 303.04201252985365 303.1972723059795 303.3110738931394 303.38159113832654 303.4076498832451 303.38875835789486 303.3250962061049 301.85357641645686 302.1140498771366 302.3484882138987 302.5535554341757 302.72626340533265 302.8640351017444 302.96476457485875 303.0268728793446 303.0493552491383 303.03180685830404 302.97440984593976 301.66621031606155 301.8988896415093 302.10807174655025 302.29082613220436 302.4445347033196 302.5669456653861 302.65622486785384 302.7110042358335 302.7304231109687 302.7141503116801 302.66236964679587 301.49824282070097 301.7063150247594 301.89317262453574 302.05623595934617 302.193206071001 302.3021108547955 302.38134928912956 302.4297337098932 302.446526374261 302.431458520608 302.38471469814016 301.34778311114786 301.53406065056504 301.7011744334299 301.8468490389613 301.96906142010005 302.0660806173762 302.13650609716547 302.1793049382804 302.1938444555297 302.17990879960774 302.137682335636 301.21312142286195 301.38009084336403 301.5297370978441 301.66004912441207 301.76924293056186 301.8557959393875 301.91848042825546 301.95639648961827 301.96900138427986 301.9561241075877 301.9179479923067 301.09271462950977 301.24257838104603 301.3767689060952 301.49350523820385 301.591210887597 301.6685436962332 301.72442518551725 301.75806999125393 301.7690124887425 301.7571196678105 301.7225730981653 300.9851725984484 301.11988511228753 301.2404015027695 301.34514134813134 301.43270854343683 301.5019173854004 301.5518184918178 301.58172528293795 301.5912383212016 301.5802567742052 301.5489598547129 300.88924540198 301.01054433294064 301.118967547432 301.2131095836831 301.29173132246655 301.35378289715106 301.3984267307726 301.42506153481804 301.4333447282191 301.423202718045 301.39481190696955 300.8038114273194 300.91324480996747 301.010980769015 301.09576656560273 301.1664997959336 301.22224862064576 301.26227237166324 301.2860434584115 301.29326816837283 301.28389595620007 301.2581000961151 300.7278663988945 300.8268163407442 300.9151181749823 300.99165248175893 301.0554359423595 301.10563929991986 301.14160591254097 301.16287189179207 301.16918553699946 301.1605157919381 301.1370326070543 300.66051330596315 300.75021673826564 300.83020420149165 300.89947259407046 300.9571422846705 301.002473149661 301.03488138770433 301.0539581626533 301.0594878830779 301.0514559599623 301.0300289330587 300.6009532144196 300.6825201376103 300.75519661527284 300.8180809052349 300.87038355738923 300.9114418190956 300.940734976662 300.95790173183536 300.9627575048771 300.95530160552715 300.9356971687914 300.5484769324539 300.6229065251502 300.6891739998889 300.74646575152445 300.79407060923836 300.83139285685667 300.8579663260287 300.87347070047304 300.87774799369623 300.8708092279852 300.8528142172458 300.50245749417996 300.57065239886504 300.6313246786691 300.6837371199906 300.72724629010105 300.7613143832197 300.78552225701753 300.7995848300933 300.8033668630481 300.79688922576287 300.7803085583506 300.46234342253234 300.5251224753847 300.58093694415834 300.629115515982 300.66907310805743 300.7003217207728 300.72248258201336 300.73530077981826 300.7386604570939 300.73259073540476 300.71724527954177 300.4276527319578 300.4857623668094 300.53739047969185 300.5819222307208 300.61882247346244 300.6476457721905 300.66804779627324 300.6797993106766 300.6828008794294 300.67708850419865 300.66281311328527 300.3979676321433 300.45209215778135 300.5001488729206 300.54157087945765 300.57586537381457 300.60262296571307 300.6215284467667 300.63237424571577 300.6350747233062 300.62967157570455 300.6163132648137 300.3729298958504 300.4237008206281 300.4687531340229 300.50756009898896 300.5396643463262 300.5646866163091 300.58233601086664 300.5924230075855 300.5948734184939 300.5897336016406 300.5771498463786 300.3522368565496 300.40024141358384 300.44281614311734 300.4794673095226 300.5097666353465 300.53335957421046 300.54997514407154 300.559438583655 300.5616850394055 300.5567646230937 300.54482176306544 300.33563800475525 300.38142701412727 300.4220179622523 300.4569434603996 300.48579843966274 300.5082480532799 300.52403717901836 300.5330027934419 300.535087444729 300.5303441898094 300.5189159204539 300.32293215556984 300.36702734631587 300.406101957413 300.43970869233476 300.46746017067954 300.48903655007905 300.50419477841365 300.51278075490285 300.5147426413842 300.51013570908526 300.49910164677243 300.3139651638625 300.35686606768127 300.39487168541393 300.4275488608888 300.45452265692376 300.47548378103335 300.49019766271346 300.4985164655553 300.5003922857656 300.49588193614073 300.4851262422529 300.3086281675859 300.35081868773636 300.3881885094243 300.42031287704106 300.4468242435591 300.4674195801289 300.48186934988576 300.49002943197513 300.49185425345155 300.4874015362623 300.47681158659265 300.3068563439617 300.3488110965031 300.3859699153458 300.41791083121024 300.44426874790287 300.4647427134755 300.47910485978383 300.48721229736407 300.4890202252953 300.48458666596736 300.4740517522004
    </DataArray>
   </PointData>
  </Piece>
 </UnstructuredGrid>
</VTKFile>
