<?xml version="1.0"?>
<VTKFile type="UnstructuredGrid" version="0.1" byte_order="LittleEndian">
 <UnstructuredGrid>
  <Piece NumberOfPoints="561" NumberOfCells="1000">
   <Points>
    <DataArray type="Float32" NumberOfComponents="3" format="ascii">
0.0 1e-08 0.0
0.0 1.1000000000000001e-08 0.0
0.0 1.2000000000000002e-08 0.0
0.0 1.3e-08 0.0
0.0 1.4000000000000001e-08 0.0
0.0 1.5000000000000002e-08 0.0
0.0 1.6e-08 0.0
0.0 1.7e-08 0.0
0.0 1.8000000000000002e-08 0.0
0.0 1.9e-08 0.0
0.0 2e-08 0.0
1e-09 1e-08 0.0
1e-09 1.1000000000000001e-08 0.0
1e-09 1.2000000000000002e-08 0.0
1e-09 1.3e-08 0.0
1e-09 1.4000000000000001e-08 0.0
1e-09 1.5000000000000002e-08 0.0
1e-09 1.6e-08 0.0
1e-09 1.7e-08 0.0
1e-09 1.8000000000000002e-08 0.0
1e-09 1.9e-08 0.0
1e-09 2e-08 0.0
2e-09 1e-08 0.0
2e-09 1.1000000000000001e-08 0.0
2e-09 1.2000000000000002e-08 0.0
2e-09 1.3e-08 0.0
2e-09 1.4000000000000001e-08 0.0
2e-09 1.5000000000000002e-08 0.0
2e-09 1.6e-08 0.0
2e-09 1.7e-08 0.0
2e-09 1.8000000000000002e-08 0.0
2e-09 1.9e-08 0.0
2e-09 2e-08 0.0
3.0000000000000004e-09 1e-08 0.0
3.0000000000000004e-09 1.1000000000000001e-08 0.0
3.0000000000000004e-09 1.2000000000000002e-08 0.0
3.0000000000000004e-09 1.3e-08 0.0
3.0000000000000004e-09 1.4000000000000001e-08 0.0
3.0000000000000004e-09 1.5000000000000002e-08 0.0
3.0000000000000004e-09 1.6e-08 0.0
3.0000000000000004e-09 1.7e-08 0.0
3.0000000000000004e-09 1.8000000000000002e-08 0.0
3.0000000000000004e-09 1.9e-08 0.0
3.0000000000000004e-09 2e-08 0.0
4e-09 1e-08 0.0
4e-09 1.1000000000000001e-08 0.0
4e-09 1.2000000000000002e-08 0.0
4e-09 1.3e-08 0.0
4e-09 1.4000000000000001e-08 0.0
4e-09 1.5000000000000002e-08 0.0
4e-09 1.6e-08 0.0
4e-09 1.7e-08 0.0
4e-09 1.8000000000000002e-08 0.0
4e-09 1.9e-08 0.0
4e-09 2e-08 0.0
5e-09 1e-08 0.0
5e-09 1.1000000000000001e-08 0.0
5e-09 1.2000000000000002e-08 0.0
5e-09 1.3e-08 0.0
5e-09 1.4000000000000001e-08 0.0
5e-09 1.5000000000000002e-08 0.0
5e-09 1.6e-08 0.0
5e-09 1.7e-08 0.0
5e-09 1.8000000000000002e-08 0.0
5e-09 1.9e-08 0.0
5e-09 2e-08 0.0
6.000000000000001e-09 1e-08 0.0
6.000000000000001e-09 1.1000000000000001e-08 0.0
6.000000000000001e-09 1.2000000000000002e-08 0.0
6.000000000000001e-09 1.3e-08 0.0
6.000000000000001e-09 1.4000000000000001e-08 0.0
6.000000000000001e-09 1.5000000000000002e-08 0.0
6.000000000000001e-09 1.6e-08 0.0
6.000000000000001e-09 1.7e-08 0.0
6.000000000000001e-09 1.8000000000000002e-08 0.0
6.000000000000001e-09 1.9e-08 0.0
6.000000000000001e-09 2e-08 0.0
7.000000000000001e-09 1e-08 0.0
7.000000000000001e-09 1.1000000000000001e-08 0.0
7.000000000000001e-09 1.2000000000000002e-08 0.0
7.000000000000001e-09 1.3e-08 0.0
7.000000000000001e-09 1.4000000000000001e-08 0.0
7.000000000000001e-09 1.5000000000000002e-08 0.0
7.000000000000001e-09 1.6e-08 0.0
7.000000000000001e-09 1.7e-08 0.0
7.000000000000001e-09 1.8000000000000002e-08 0.0
7.000000000000001e-09 1.9e-08 0.0
7.000000000000001e-09 2e-08 0.0
8e-09 1e-08 0.0
8e-09 1.1000000000000001e-08 0.0
8e-09 1.2000000000000002e-08 0.0
8e-09 1.3e-08 0.0
8e-09 1.4000000000000001e-08 0.0
8e-09 1.5000000000000002e-08 0.0
8e-09 1.6e-08 0.0
8e-09 1.7e-08 0.0
8e-09 1.8000000000000002e-08 0.0
8e-09 1.9e-08 0.0
8e-09 2e-08 0.0
9.000000000000001e-09 1e-08 0.0
9.000000000000001e-09 1.1000000000000001e-08 0.0
9.000000000000001e-09 1.2000000000000002e-08 0.0
9.000000000000001e-09 1.3e-08 0.0
9.000000000000001e-09 1.4000000000000001e-08 0.0
9.000000000000001e-09 1.5000000000000002e-08 0.0
9.000000000000001e-09 1.6e-08 0.0
9.000000000000001e-09 1.7e-08 0.0
9.000000000000001e-09 1.8000000000000002e-08 0.0
9.000000000000001e-09 1.9e-08 0.0
9.000000000000001e-09 2e-08 0.0
1e-08 1e-08 0.0
1e-08 1.1000000000000001e-08 0.0
1e-08 1.2000000000000002e-08 0.0
1e-08 1.3e-08 0.0
1e-08 1.4000000000000001e-08 0.0
1e-08 1.5000000000000002e-08 0.0
1e-08 1.6e-08 0.0
1e-08 1.7e-08 0.0
1e-08 1.8000000000000002e-08 0.0
1e-08 1.9e-08 0.0
1e-08 2e-08 0.0
1.1000000000000001e-08 1e-08 0.0
1.1000000000000001e-08 1.1000000000000001e-08 0.0
1.1000000000000001e-08 1.2000000000000002e-08 0.0
1.1000000000000001e-08 1.3e-08 0.0
1.1000000000000001e-08 1.4000000000000001e-08 0.0
1.1000000000000001e-08 1.5000000000000002e-08 0.0
1.1000000000000001e-08 1.6e-08 0.0
1.1000000000000001e-08 1.7e-08 0.0
1.1000000000000001e-08 1.8000000000000002e-08 0.0
1.1000000000000001e-08 1.9e-08 0.0
1.1000000000000001e-08 2e-08 0.0
1.2000000000000002e-08 1e-08 0.0
1.2000000000000002e-08 1.1000000000000001e-08 0.0
1.2000000000000002e-08 1.2000000000000002e-08 0.0
1.2000000000000002e-08 1.3e-08 0.0
1.2000000000000002e-08 1.4000000000000001e-08 0.0
1.2000000000000002e-08 1.5000000000000002e-08 0.0
1.2000000000000002e-08 1.6e-08 0.0
1.2000000000000002e-08 1.7e-08 0.0
1.2000000000000002e-08 1.8000000000000002e-08 0.0
1.2000000000000002e-08 1.9e-08 0.0
1.2000000000000002e-08 2e-08 0.0
1.3e-08 1e-08 0.0
1.3e-08 1.1000000000000001e-08 0.0
1.3e-08 1.2000000000000002e-08 0.0
1.3e-08 1.3e-08 0.0
1.3e-08 1.4000000000000001e-08 0.0
1.3e-08 1.5000000000000002e-08 0.0
1.3e-08 1.6e-08 0.0
1.3e-08 1.7e-08 0.0
1.3e-08 1.8000000000000002e-08 0.0
1.3e-08 1.9e-08 0.0
1.3e-08 2e-08 0.0
1.4000000000000001e-08 1e-08 0.0
1.4000000000000001e-08 1.1000000000000001e-08 0.0
1.4000000000000001e-08 1.2000000000000002e-08 0.0
1.4000000000000001e-08 1.3e-08 0.0
1.4000000000000001e-08 1.4000000000000001e-08 0.0
1.4000000000000001e-08 1.5000000000000002e-08 0.0
1.4000000000000001e-08 1.6e-08 0.0
1.4000000000000001e-08 1.7e-08 0.0
1.4000000000000001e-08 1.8000000000000002e-08 0.0
1.4000000000000001e-08 1.9e-08 0.0
1.4000000000000001e-08 2e-08 0.0
1.5000000000000002e-08 1e-08 0.0
1.5000000000000002e-08 1.1000000000000001e-08 0.0
1.5000000000000002e-08 1.2000000000000002e-08 0.0
1.5000000000000002e-08 1.3e-08 0.0
1.5000000000000002e-08 1.4000000000000001e-08 0.0
1.5000000000000002e-08 1.5000000000000002e-08 0.0
1.5000000000000002e-08 1.6e-08 0.0
1.5000000000000002e-08 1.7e-08 0.0
1.5000000000000002e-08 1.8000000000000002e-08 0.0
1.5000000000000002e-08 1.9e-08 0.0
1.5000000000000002e-08 2e-08 0.0
1.6e-08 1e-08 0.0
1.6e-08 1.1000000000000001e-08 0.0
1.6e-08 1.2000000000000002e-08 0.0
1.6e-08 1.3e-08 0.0
1.6e-08 1.4000000000000001e-08 0.0
1.6e-08 1.5000000000000002e-08 0.0
1.6e-08 1.6e-08 0.0
1.6e-08 1.7e-08 0.0
1.6e-08 1.8000000000000002e-08 0.0
1.6e-08 1.9e-08 0.0
1.6e-08 2e-08 0.0
1.7e-08 1e-08 0.0
1.7e-08 1.1000000000000001e-08 0.0
1.7e-08 1.2000000000000002e-08 0.0
1.7e-08 1.3e-08 0.0
1.7e-08 1.4000000000000001e-08 0.0
1.7e-08 1.5000000000000002e-08 0.0
1.7e-08 1.6e-08 0.0
1.7e-08 1.7e-08 0.0
1.7e-08 1.8000000000000002e-08 0.0
1.7e-08 1.9e-08 0.0
1.7e-08 2e-08 0.0
1.8000000000000002e-08 1e-08 0.0
1.8000000000000002e-08 1.1000000000000001e-08 0.0
1.8000000000000002e-08 1.2000000000000002e-08 0.0
1.8000000000000002e-08 1.3e-08 0.0
1.8000000000000002e-08 1.4000000000000001e-08 0.0
1.8000000000000002e-08 1.5000000000000002e-08 0.0
1.8000000000000002e-08 1.6e-08 0.0
1.8000000000000002e-08 1.7e-08 0.0
1.8000000000000002e-08 1.8000000000000002e-08 0.0
1.8000000000000002e-08 1.9e-08 0.0
1.8000000000000002e-08 2e-08 0.0
1.9e-08 1e-08 0.0
1.9e-08 1.1000000000000001e-08 0.0
1.9e-08 1.2000000000000002e-08 0.0
1.9e-08 1.3e-08 0.0
1.9e-08 1.4000000000000001e-08 0.0
1.9e-08 1.5000000000000002e-08 0.0
1.9e-08 1.6e-08 0.0
1.9e-08 1.7e-08 0.0
1.9e-08 1.8000000000000002e-08 0.0
1.9e-08 1.9e-08 0.0
1.9e-08 2e-08 0.0
2e-08 1e-08 0.0
2e-08 1.1000000000000001e-08 0.0
2e-08 1.2000000000000002e-08 0.0
2e-08 1.3e-08 0.0
2e-08 1.4000000000000001e-08 0.0
2e-08 1.5000000000000002e-08 0.0
2e-08 1.6e-08 0.0
2e-08 1.7e-08 0.0
2e-08 1.8000000000000002e-08 0.0
2e-08 1.9e-08 0.0
2e-08 2e-08 0.0
2.1000000000000003e-08 1e-08 0.0
2.1000000000000003e-08 1.1000000000000001e-08 0.0
2.1000000000000003e-08 1.2000000000000002e-08 0.0
2.1000000000000003e-08 1.3e-08 0.0
2.1000000000000003e-08 1.4000000000000001e-08 0.0
2.1000000000000003e-08 1.5000000000000002e-08 0.0
2.1000000000000003e-08 1.6e-08 0.0
2.1000000000000003e-08 1.7e-08 0.0
2.1000000000000003e-08 1.8000000000000002e-08 0.0
2.1000000000000003e-08 1.9e-08 0.0
2.1000000000000003e-08 2e-08 0.0
2.2000000000000002e-08 1e-08 0.0
2.2000000000000002e-08 1.1000000000000001e-08 0.0
2.2000000000000002e-08 1.2000000000000002e-08 0.0
2.2000000000000002e-08 1.3e-08 0.0
2.2000000000000002e-08 1.4000000000000001e-08 0.0
2.2000000000000002e-08 1.5000000000000002e-08 0.0
2.2000000000000002e-08 1.6e-08 0.0
2.2000000000000002e-08 1.7e-08 0.0
2.2000000000000002e-08 1.8000000000000002e-08 0.0
2.2000000000000002e-08 1.9e-08 0.0
2.2000000000000002e-08 2e-08 0.0
2.3e-08 1e-08 0.0
2.3e-08 1.1000000000000001e-08 0.0
2.3e-08 1.2000000000000002e-08 0.0
2.3e-08 1.3e-08 0.0
2.3e-08 1.4000000000000001e-08 0.0
2.3e-08 1.5000000000000002e-08 0.0
2.3e-08 1.6e-08 0.0
2.3e-08 1.7e-08 0.0
2.3e-08 1.8000000000000002e-08 0.0
2.3e-08 1.9e-08 0.0
2.3e-08 2e-08 0.0
2.4000000000000003e-08 1e-08 0.0
2.4000000000000003e-08 1.1000000000000001e-08 0.0
2.4000000000000003e-08 1.2000000000000002e-08 0.0
2.4000000000000003e-08 1.3e-08 0.0
2.4000000000000003e-08 1.4000000000000001e-08 0.0
2.4000000000000003e-08 1.5000000000000002e-08 0.0
2.4000000000000003e-08 1.6e-08 0.0
2.4000000000000003e-08 1.7e-08 0.0
2.4000000000000003e-08 1.8000000000000002e-08 0.0
2.4000000000000003e-08 1.9e-08 0.0
2.4000000000000003e-08 2e-08 0.0
2.5000000000000002e-08 1e-08 0.0
2.5000000000000002e-08 1.1000000000000001e-08 0.0
2.5000000000000002e-08 1.2000000000000002e-08 0.0
2.5000000000000002e-08 1.3e-08 0.0
2.5000000000000002e-08 1.4000000000000001e-08 0.0
2.5000000000000002e-08 1.5000000000000002e-08 0.0
2.5000000000000002e-08 1.6e-08 0.0
2.5000000000000002e-08 1.7e-08 0.0
2.5000000000000002e-08 1.8000000000000002e-08 0.0
2.5000000000000002e-08 1.9e-08 0.0
2.5000000000000002e-08 2e-08 0.0
2.6e-08 1e-08 0.0
2.6e-08 1.1000000000000001e-08 0.0
2.6e-08 1.2000000000000002e-08 0.0
2.6e-08 1.3e-08 0.0
2.6e-08 1.4000000000000001e-08 0.0
2.6e-08 1.5000000000000002e-08 0.0
2.6e-08 1.6e-08 0.0
2.6e-08 1.7e-08 0.0
2.6e-08 1.8000000000000002e-08 0.0
2.6e-08 1.9e-08 0.0
2.6e-08 2e-08 0.0
2.7e-08 1e-08 0.0
2.7e-08 1.1000000000000001e-08 0.0
2.7e-08 1.2000000000000002e-08 0.0
2.7e-08 1.3e-08 0.0
2.7e-08 1.4000000000000001e-08 0.0
2.7e-08 1.5000000000000002e-08 0.0
2.7e-08 1.6e-08 0.0
2.7e-08 1.7e-08 0.0
2.7e-08 1.8000000000000002e-08 0.0
2.7e-08 1.9e-08 0.0
2.7e-08 2e-08 0.0
2.8000000000000003e-08 1e-08 0.0
2.8000000000000003e-08 1.1000000000000001e-08 0.0
2.8000000000000003e-08 1.2000000000000002e-08 0.0
2.8000000000000003e-08 1.3e-08 0.0
2.8000000000000003e-08 1.4000000000000001e-08 0.0
2.8000000000000003e-08 1.5000000000000002e-08 0.0
2.8000000000000003e-08 1.6e-08 0.0
2.8000000000000003e-08 1.7e-08 0.0
2.8000000000000003e-08 1.8000000000000002e-08 0.0
2.8000000000000003e-08 1.9e-08 0.0
2.8000000000000003e-08 2e-08 0.0
2.9e-08 1e-08 0.0
2.9e-08 1.1000000000000001e-08 0.0
2.9e-08 1.2000000000000002e-08 0.0
2.9e-08 1.3e-08 0.0
2.9e-08 1.4000000000000001e-08 0.0
2.9e-08 1.5000000000000002e-08 0.0
2.9e-08 1.6e-08 0.0
2.9e-08 1.7e-08 0.0
2.9e-08 1.8000000000000002e-08 0.0
2.9e-08 1.9e-08 0.0
2.9e-08 2e-08 0.0
3.0000000000000004e-08 1e-08 0.0
3.0000000000000004e-08 1.1000000000000001e-08 0.0
3.0000000000000004e-08 1.2000000000000002e-08 0.0
3.0000000000000004e-08 1.3e-08 0.0
3.0000000000000004e-08 1.4000000000000001e-08 0.0
3.0000000000000004e-08 1.5000000000000002e-08 0.0
3.0000000000000004e-08 1.6e-08 0.0
3.0000000000000004e-08 1.7e-08 0.0
3.0000000000000004e-08 1.8000000000000002e-08 0.0
3.0000000000000004e-08 1.9e-08 0.0
3.0000000000000004e-08 2e-08 0.0
3.1e-08 1e-08 0.0
3.1e-08 1.1000000000000001e-08 0.0
3.1e-08 1.2000000000000002e-08 0.0
3.1e-08 1.3e-08 0.0
3.1e-08 1.4000000000000001e-08 0.0
3.1e-08 1.5000000000000002e-08 0.0
3.1e-08 1.6e-08 0.0
3.1e-08 1.7e-08 0.0
3.1e-08 1.8000000000000002e-08 0.0
3.1e-08 1.9e-08 0.0
3.1e-08 2e-08 0.0
3.2e-08 1e-08 0.0
3.2e-08 1.1000000000000001e-08 0.0
3.2e-08 1.2000000000000002e-08 0.0
3.2e-08 1.3e-08 0.0
3.2e-08 1.4000000000000001e-08 0.0
3.2e-08 1.5000000000000002e-08 0.0
3.2e-08 1.6e-08 0.0
3.2e-08 1.7e-08 0.0
3.2e-08 1.8000000000000002e-08 0.0
3.2e-08 1.9e-08 0.0
3.2e-08 2e-08 0.0
3.3000000000000004e-08 1e-08 0.0
3.3000000000000004e-08 1.1000000000000001e-08 0.0
3.3000000000000004e-08 1.2000000000000002e-08 0.0
3.3000000000000004e-08 1.3e-08 0.0
3.3000000000000004e-08 1.4000000000000001e-08 0.0
3.3000000000000004e-08 1.5000000000000002e-08 0.0
3.3000000000000004e-08 1.6e-08 0.0
3.3000000000000004e-08 1.7e-08 0.0
3.3000000000000004e-08 1.8000000000000002e-08 0.0
3.3000000000000004e-08 1.9e-08 0.0
3.3000000000000004e-08 2e-08 0.0
3.4e-08 1e-08 0.0
3.4e-08 1.1000000000000001e-08 0.0
3.4e-08 1.2000000000000002e-08 0.0
3.4e-08 1.3e-08 0.0
3.4e-08 1.4000000000000001e-08 0.0
3.4e-08 1.5000000000000002e-08 0.0
3.4e-08 1.6e-08 0.0
3.4e-08 1.7e-08 0.0
3.4e-08 1.8000000000000002e-08 0.0
3.4e-08 1.9e-08 0.0
3.4e-08 2e-08 0.0
3.5e-08 1e-08 0.0
3.5e-08 1.1000000000000001e-08 0.0
3.5e-08 1.2000000000000002e-08 0.0
3.5e-08 1.3e-08 0.0
3.5e-08 1.4000000000000001e-08 0.0
3.5e-08 1.5000000000000002e-08 0.0
3.5e-08 1.6e-08 0.0
3.5e-08 1.7e-08 0.0
3.5e-08 1.8000000000000002e-08 0.0
3.5e-08 1.9e-08 0.0
3.5e-08 2e-08 0.0
3.6000000000000005e-08 1e-08 0.0
3.6000000000000005e-08 1.1000000000000001e-08 0.0
3.6000000000000005e-08 1.2000000000000002e-08 0.0
3.6000000000000005e-08 1.3e-08 0.0
3.6000000000000005e-08 1.4000000000000001e-08 0.0
3.6000000000000005e-08 1.5000000000000002e-08 0.0
3.6000000000000005e-08 1.6e-08 0.0
3.6000000000000005e-08 1.7e-08 0.0
3.6000000000000005e-08 1.8000000000000002e-08 0.0
3.6000000000000005e-08 1.9e-08 0.0
3.6000000000000005e-08 2e-08 0.0
3.7e-08 1e-08 0.0
3.7e-08 1.1000000000000001e-08 0.0
3.7e-08 1.2000000000000002e-08 0.0
3.7e-08 1.3e-08 0.0
3.7e-08 1.4000000000000001e-08 0.0
3.7e-08 1.5000000000000002e-08 0.0
3.7e-08 1.6e-08 0.0
3.7e-08 1.7e-08 0.0
3.7e-08 1.8000000000000002e-08 0.0
3.7e-08 1.9e-08 0.0
3.7e-08 2e-08 0.0
3.8e-08 1e-08 0.0
3.8e-08 1.1000000000000001e-08 0.0
3.8e-08 1.2000000000000002e-08 0.0
3.8e-08 1.3e-08 0.0
3.8e-08 1.4000000000000001e-08 0.0
3.8e-08 1.5000000000000002e-08 0.0
3.8e-08 1.6e-08 0.0
3.8e-08 1.7e-08 0.0
3.8e-08 1.8000000000000002e-08 0.0
3.8e-08 1.9e-08 0.0
3.8e-08 2e-08 0.0
3.9000000000000005e-08 1e-08 0.0
3.9000000000000005e-08 1.1000000000000001e-08 0.0
3.9000000000000005e-08 1.2000000000000002e-08 0.0
3.9000000000000005e-08 1.3e-08 0.0
3.9000000000000005e-08 1.4000000000000001e-08 0.0
3.9000000000000005e-08 1.5000000000000002e-08 0.0
3.9000000000000005e-08 1.6e-08 0.0
3.9000000000000005e-08 1.7e-08 0.0
3.9000000000000005e-08 1.8000000000000002e-08 0.0
3.9000000000000005e-08 1.9e-08 0.0
3.9000000000000005e-08 2e-08 0.0
4e-08 1e-08 0.0
4e-08 1.1000000000000001e-08 0.0
4e-08 1.2000000000000002e-08 0.0
4e-08 1.3e-08 0.0
4e-08 1.4000000000000001e-08 0.0
4e-08 1.5000000000000002e-08 0.0
4e-08 1.6e-08 0.0
4e-08 1.7e-08 0.0
4e-08 1.8000000000000002e-08 0.0
4e-08 1.9e-08 0.0
4e-08 2e-08 0.0
4.1e-08 1e-08 0.0
4.1e-08 1.1000000000000001e-08 0.0
4.1e-08 1.2000000000000002e-08 0.0
4.1e-08 1.3e-08 0.0
4.1e-08 1.4000000000000001e-08 0.0
4.1e-08 1.5000000000000002e-08 0.0
4.1e-08 1.6e-08 0.0
4.1e-08 1.7e-08 0.0
4.1e-08 1.8000000000000002e-08 0.0
4.1e-08 1.9e-08 0.0
4.1e-08 2e-08 0.0
4.2000000000000006e-08 1e-08 0.0
4.2000000000000006e-08 1.1000000000000001e-08 0.0
4.2000000000000006e-08 1.2000000000000002e-08 0.0
4.2000000000000006e-08 1.3e-08 0.0
4.2000000000000006e-08 1.4000000000000001e-08 0.0
4.2000000000000006e-08 1.5000000000000002e-08 0.0
4.2000000000000006e-08 1.6e-08 0.0
4.2000000000000006e-08 1.7e-08 0.0
4.2000000000000006e-08 1.8000000000000002e-08 0.0
4.2000000000000006e-08 1.9e-08 0.0
4.2000000000000006e-08 2e-08 0.0
4.3e-08 1e-08 0.0
4.3e-08 1.1000000000000001e-08 0.0
4.3e-08 1.2000000000000002e-08 0.0
4.3e-08 1.3e-08 0.0
4.3e-08 1.4000000000000001e-08 0.0
4.3e-08 1.5000000000000002e-08 0.0
4.3e-08 1.6e-08 0.0
4.3e-08 1.7e-08 0.0
4.3e-08 1.8000000000000002e-08 0.0
4.3e-08 1.9e-08 0.0
4.3e-08 2e-08 0.0
4.4000000000000004e-08 1e-08 0.0
4.4000000000000004e-08 1.1000000000000001e-08 0.0
4.4000000000000004e-08 1.2000000000000002e-08 0.0
4.4000000000000004e-08 1.3e-08 0.0
4.4000000000000004e-08 1.4000000000000001e-08 0.0
4.4000000000000004e-08 1.5000000000000002e-08 0.0
4.4000000000000004e-08 1.6e-08 0.0
4.4000000000000004e-08 1.7e-08 0.0
4.4000000000000004e-08 1.8000000000000002e-08 0.0
4.4000000000000004e-08 1.9e-08 0.0
4.4000000000000004e-08 2e-08 0.0
4.5000000000000006e-08 1e-08 0.0
4.5000000000000006e-08 1.1000000000000001e-08 0.0
4.5000000000000006e-08 1.2000000000000002e-08 0.0
4.5000000000000006e-08 1.3e-08 0.0
4.5000000000000006e-08 1.4000000000000001e-08 0.0
4.5000000000000006e-08 1.5000000000000002e-08 0.0
4.5000000000000006e-08 1.6e-08 0.0
4.5000000000000006e-08 1.7e-08 0.0
4.5000000000000006e-08 1.8000000000000002e-08 0.0
4.5000000000000006e-08 1.9e-08 0.0
4.5000000000000006e-08 2e-08 0.0
4.6e-08 1e-08 0.0
4.6e-08 1.1000000000000001e-08 0.0
4.6e-08 1.2000000000000002e-08 0.0
4.6e-08 1.3e-08 0.0
4.6e-08 1.4000000000000001e-08 0.0
4.6e-08 1.5000000000000002e-08 0.0
4.6e-08 1.6e-08 0.0
4.6e-08 1.7e-08 0.0
4.6e-08 1.8000000000000002e-08 0.0
4.6e-08 1.9e-08 0.0
4.6e-08 2e-08 0.0
4.7000000000000004e-08 1e-08 0.0
4.7000000000000004e-08 1.1000000000000001e-08 0.0
4.7000000000000004e-08 1.2000000000000002e-08 0.0
4.7000000000000004e-08 1.3e-08 0.0
4.7000000000000004e-08 1.4000000000000001e-08 0.0
4.7000000000000004e-08 1.5000000000000002e-08 0.0
4.7000000000000004e-08 1.6e-08 0.0
4.7000000000000004e-08 1.7e-08 0.0
4.7000000000000004e-08 1.8000000000000002e-08 0.0
4.7000000000000004e-08 1.9e-08 0.0
4.7000000000000004e-08 2e-08 0.0
4.8000000000000006e-08 1e-08 0.0
4.8000000000000006e-08 1.1000000000000001e-08 0.0
4.8000000000000006e-08 1.2000000000000002e-08 0.0
4.8000000000000006e-08 1.3e-08 0.0
4.8000000000000006e-08 1.4000000000000001e-08 0.0
4.8000000000000006e-08 1.5000000000000002e-08 0.0
4.8000000000000006e-08 1.6e-08 0.0
4.8000000000000006e-08 1.7e-08 0.0
4.8000000000000006e-08 1.8000000000000002e-08 0.0
4.8000000000000006e-08 1.9e-08 0.0
4.8000000000000006e-08 2e-08 0.0
4.9e-08 1e-08 0.0
4.9e-08 1.1000000000000001e-08 0.0
4.9e-08 1.2000000000000002e-08 0.0
4.9e-08 1.3e-08 0.0
4.9e-08 1.4000000000000001e-08 0.0
4.9e-08 1.5000000000000002e-08 0.0
4.9e-08 1.6e-08 0.0
4.9e-08 1.7e-08 0.0
4.9e-08 1.8000000000000002e-08 0.0
4.9e-08 1.9e-08 0.0
4.9e-08 2e-08 0.0
5.0000000000000004e-08 1e-08 0.0
5.0000000000000004e-08 1.1000000000000001e-08 0.0
5.0000000000000004e-08 1.2000000000000002e-08 0.0
5.0000000000000004e-08 1.3e-08 0.0
5.0000000000000004e-08 1.4000000000000001e-08 0.0
5.0000000000000004e-08 1.5000000000000002e-08 0.0
5.0000000000000004e-08 1.6e-08 0.0
5.0000000000000004e-08 1.7e-08 0.0
5.0000000000000004e-08 1.8000000000000002e-08 0.0
5.0000000000000004e-08 1.9e-08 0.0
5.0000000000000004e-08 2e-08 0.0
    </DataArray>
   </Points>
   <Cells>
    <DataArray type="Int32" Name="connectivity" format="ascii">
0 11 1
11 12 1
1 12 2
12 13 2
2 13 3
13 14 3
3 14 4
14 15 4
4 15 5
15 16 5
5 16 6
16 17 6
6 17 7
17 18 7
7 18 8
18 19 8
8 19 9
19 20 9
9 20 10
20 21 10
11 22 12
22 23 12
12 23 13
23 24 13
13 24 14
24 25 14
14 25 15
25 26 15
15 26 16
26 27 16
16 27 17
27 28 17
17 28 18
28 29 18
18 29 19
29 30 19
19 30 20
30 31 20
20 31 21
31 32 21
22 33 23
33 34 23
23 34 24
34 35 24
24 35 25
35 36 25
25 36 26
36 37 26
26 37 27
37 38 27
27 38 28
38 39 28
28 39 29
39 40 29
29 40 30
40 41 30
30 41 31
41 42 31
31 42 32
42 43 32
33 44 34
44 45 34
34 45 35
45 46 35
35 46 36
46 47 36
36 47 37
47 48 37
37 48 38
48 49 38
38 49 39
49 50 39
39 50 40
50 51 40
40 51 41
51 52 41
41 52 42
52 53 42
42 53 43
53 54 43
44 55 45
55 56 45
45 56 46
56 57 46
46 57 47
57 58 47
47 58 48
58 59 48
48 59 49
59 60 49
49 60 50
60 61 50
50 61 51
61 62 51
51 62 52
62 63 52
52 63 53
63 64 53
53 64 54
64 65 54
55 66 56
66 67 56
56 67 57
67 68 57
57 68 58
68 69 58
58 69 59
69 70 59
59 70 60
70 71 60
60 71 61
71 72 61
61 72 62
72 73 62
62 73 63
73 74 63
63 74 64
74 75 64
64 75 65
75 76 65
66 77 67
77 78 67
67 78 68
78 79 68
68 79 69
79 80 69
69 80 70
80 81 70
70 81 71
81 82 71
71 82 72
82 83 72
72 83 73
83 84 73
73 84 74
84 85 74
74 85 75
85 86 75
75 86 76
86 87 76
77 88 78
88 89 78
78 89 79
89 90 79
79 90 80
90 91 80
80 91 81
91 92 81
81 92 82
92 93 82
82 93 83
93 94 83
83 94 84
94 95 84
84 95 85
95 96 85
85 96 86
96 97 86
86 97 87
97 98 87
88 99 89
99 100 89
89 100 90
100 101 90
90 101 91
101 102 91
91 102 92
102 103 92
92 103 93
103 104 93
93 104 94
104 105 94
94 105 95
105 106 95
95 106 96
106 107 96
96 107 97
107 108 97
97 108 98
108 109 98
99 110 100
110 111 100
100 111 101
111 112 101
101 112 102
112 113 102
102 113 103
113 114 103
103 114 104
114 115 104
104 115 105
115 116 105
105 116 106
116 117 106
106 117 107
117 118 107
107 118 108
118 119 108
108 119 109
119 120 109
110 121 111
121 122 111
111 122 112
122 123 112
112 123 113
123 124 113
113 124 114
124 125 114
114 125 115
125 126 115
115 126 116
126 127 116
116 127 117
127 128 117
117 128 118
128 129 118
118 129 119
129 130 119
119 130 120
130 131 120
121 132 122
132 133 122
122 133 123
133 134 123
123 134 124
134 135 124
124 135 125
135 136 125
125 136 126
136 137 126
126 137 127
137 138 127
127 138 128
138 139 128
128 139 129
139 140 129
129 140 130
140 141 130
130 141 131
141 142 131
132 143 133
143 144 133
133 144 134
144 145 134
134 145 135
145 146 135
135 146 136
146 147 136
136 147 137
147 148 137
137 148 138
148 149 138
138 149 139
149 150 139
139 150 140
150 151 140
140 151 141
151 152 141
141 152 142
152 153 142
143 154 144
154 155 144
144 155 145
155 156 145
145 156 146
156 157 146
146 157 147
157 158 147
147 158 148
158 159 148
148 159 149
159 160 149
149 160 150
160 161 150
150 161 151
161 162 151
151 162 152
162 163 152
152 163 153
163 164 153
154 165 155
165 166 155
155 166 156
166 167 156
156 167 157
167 168 157
157 168 158
168 169 158
158 169 159
169 170 159
159 170 160
170 171 160
160 171 161
171 172 161
161 172 162
172 173 162
162 173 163
173 174 163
163 174 164
174 175 164
165 176 166
176 177 166
166 177 167
177 178 167
167 178 168
178 179 168
168 179 169
179 180 169
169 180 170
180 181 170
170 181 171
181 182 171
171 182 172
182 183 172
172 183 173
183 184 173
173 184 174
184 185 174
174 185 175
185 186 175
176 187 177
187 188 177
177 188 178
188 189 178
178 189 179
189 190 179
179 190 180
190 191 180
180 191 181
191 192 181
181 192 182
192 193 182
182 193 183
193 194 183
183 194 184
194 195 184
184 195 185
195 196 185
185 196 186
196 197 186
187 198 188
198 199 188
188 199 189
199 200 189
189 200 190
200 201 190
190 201 191
201 202 191
191 202 192
202 203 192
192 203 193
203 204 193
193 204 194
204 205 194
194 205 195
205 206 195
195 206 196
206 207 196
196 207 197
207 208 197
198 209 199
209 210 199
199 210 200
210 211 200
200 211 201
211 212 201
201 212 202
212 213 202
202 213 203
213 214 203
203 214 204
214 215 204
204 215 205
215 216 205
205 216 206
216 217 206
206 217 207
217 218 207
207 218 208
218 219 208
209 220 210
220 221 210
210 221 211
221 222 211
211 222 212
222 223 212
212 223 213
223 224 213
213 224 214
224 225 214
214 225 215
225 226 215
215 226 216
226 227 216
216 227 217
227 228 217
217 228 218
228 229 218
218 229 219
229 230 219
220 231 221
231 232 221
221 232 222
232 233 222
222 233 223
233 234 223
223 234 224
234 235 224
224 235 225
235 236 225
225 236 226
236 237 226
226 237 227
237 238 227
227 238 228
238 239 228
228 239 229
239 240 229
229 240 230
240 241 230
231 242 232
242 243 232
232 243 233
243 244 233
233 244 234
244 245 234
234 245 235
245 246 235
235 246 236
246 247 236
236 247 237
247 248 237
237 248 238
248 249 238
238 249 239
249 250 239
239 250 240
250 251 240
240 251 241
251 252 241
242 253 243
253 254 243
243 254 244
254 255 244
244 255 245
255 256 245
245 256 246
256 257 246
246 257 247
257 258 247
247 258 248
258 259 248
248 259 249
259 260 249
249 260 250
260 261 250
250 261 251
261 262 251
251 262 252
262 263 252
253 264 254
264 265 254
254 265 255
265 266 255
255 266 256
266 267 256
256 267 257
267 268 257
257 268 258
268 269 258
258 269 259
269 270 259
259 270 260
270 271 260
260 271 261
271 272 261
261 272 262
272 273 262
262 273 263
273 274 263
264 275 265
275 276 265
265 276 266
276 277 266
266 277 267
277 278 267
267 278 268
278 279 268
268 279 269
279 280 269
269 280 270
280 281 270
270 281 271
281 282 271
271 282 272
282 283 272
272 283 273
283 284 273
273 284 274
284 285 274
275 286 287
275 287 276
276 287 288
276 288 277
277 288 289
277 289 278
278 289 290
278 290 279
279 290 291
279 291 280
280 291 292
280 292 281
281 292 293
281 293 282
282 293 294
282 294 283
283 294 295
283 295 284
284 295 296
284 296 285
286 297 298
286 298 287
287 298 299
287 299 288
288 299 300
288 300 289
289 300 301
289 301 290
290 301 302
290 302 291
291 302 303
291 303 292
292 303 304
292 304 293
293 304 305
293 305 294
294 305 306
294 306 295
295 306 307
295 307 296
297 308 309
297 309 298
298 309 310
298 310 299
299 310 311
299 311 300
300 311 312
300 312 301
301 312 313
301 313 302
302 313 314
302 314 303
303 314 315
303 315 304
304 315 316
304 316 305
305 316 317
305 317 306
306 317 318
306 318 307
308 319 320
308 320 309
309 320 321
309 321 310
310 321 322
310 322 311
311 322 323
311 323 312
312 323 324
312 324 313
313 324 325
313 325 314
314 325 326
314 326 315
315 326 327
315 327 316
316 327 328
316 328 317
317 328 329
317 329 318
319 330 331
319 331 320
320 331 332
320 332 321
321 332 333
321 333 322
322 333 334
322 334 323
323 334 335
323 335 324
324 335 336
324 336 325
325 336 337
325 337 326
326 337 338
326 338 327
327 338 339
327 339 328
328 339 340
328 340 329
330 341 342
330 342 331
331 342 343
331 343 332
332 343 344
332 344 333
333 344 345
333 345 334
334 345 346
334 346 335
335 346 347
335 347 336
336 347 348
336 348 337
337 348 349
337 349 338
338 349 350
338 350 339
339 350 351
339 351 340
341 352 353
341 353 342
342 353 354
342 354 343
343 354 355
343 355 344
344 355 356
344 356 345
345 356 357
345 357 346
346 357 358
346 358 347
347 358 359
347 359 348
348 359 360
348 360 349
349 360 361
349 361 350
350 361 362
350 362 351
352 363 364
352 364 353
353 364 365
353 365 354
354 365 366
354 366 355
355 366 367
355 367 356
356 367 368
356 368 357
357 368 369
357 369 358
358 369 370
358 370 359
359 370 371
359 371 360
360 371 372
360 372 361
361 372 373
361 373 362
363 374 375
363 375 364
364 375 376
364 376 365
365 376 377
365 377 366
366 377 378
366 378 367
367 378 379
367 379 368
368 379 380
368 380 369
369 380 381
369 381 370
370 381 382
370 382 371
371 382 383
371 383 372
372 383 384
372 384 373
374 385 386
374 386 375
375 386 387
375 387 376
376 387 388
376 388 377
377 388 389
377 389 378
378 389 390
378 390 379
379 390 391
379 391 380
380 391 392
380 392 381
381 392 393
381 393 382
382 393 394
382 394 383
383 394 395
383 395 384
385 396 397
385 397 386
386 397 398
386 398 387
387 398 399
387 399 388
388 399 400
388 400 389
389 400 401
389 401 390
390 401 402
390 402 391
391 402 403
391 403 392
392 403 404
392 404 393
393 404 405
393 405 394
394 405 406
394 406 395
396 407 408
396 408 397
397 408 409
397 409 398
398 409 410
398 410 399
399 410 411
399 411 400
400 411 412
400 412 401
401 412 413
401 413 402
402 413 414
402 414 403
403 414 415
403 415 404
404 415 416
404 416 405
405 416 417
405 417 406
407 418 419
407 419 408
408 419 420
408 420 409
409 420 421
409 421 410
410 421 422
410 422 411
411 422 423
411 423 412
412 423 424
412 424 413
413 424 425
413 425 414
414 425 426
414 426 415
415 426 427
415 427 416
416 427 428
416 428 417
418 429 430
418 430 419
419 430 431
419 431 420
420 431 432
420 432 421
421 432 433
421 433 422
422 433 434
422 434 423
423 434 435
423 435 424
424 435 436
424 436 425
425 436 437
425 437 426
426 437 438
426 438 427
427 438 439
427 439 428
429 440 441
429 441 430
430 441 442
430 442 431
431 442 443
431 443 432
432 443 444
432 444 433
433 444 445
433 445 434
434 445 446
434 446 435
435 446 447
435 447 436
436 447 448
436 448 437
437 448 449
437 449 438
438 449 450
438 450 439
440 451 452
440 452 441
441 452 453
441 453 442
442 453 454
442 454 443
443 454 455
443 455 444
444 455 456
444 456 445
445 456 457
445 457 446
446 457 458
446 458 447
447 458 459
447 459 448
448 459 460
448 460 449
449 460 461
449 461 450
451 462 463
451 463 452
452 463 464
452 464 453
453 464 465
453 465 454
454 465 466
454 466 455
455 466 467
455 467 456
456 467 468
456 468 457
457 468 469
457 469 458
458 469 470
458 470 459
459 470 471
459 471 460
460 471 472
460 472 461
462 473 474
462 474 463
463 474 475
463 475 464
464 475 476
464 476 465
465 476 477
465 477 466
466 477 478
466 478 467
467 478 479
467 479 468
468 479 480
468 480 469
469 480 481
469 481 470
470 481 482
470 482 471
471 482 483
471 483 472
473 484 485
473 485 474
474 485 486
474 486 475
475 486 487
475 487 476
476 487 488
476 488 477
477 488 489
477 489 478
478 489 490
478 490 479
479 490 491
479 491 480
480 491 492
480 492 481
481 492 493
481 493 482
482 493 494
482 494 483
484 495 496
484 496 485
485 496 497
485 497 486
486 497 498
486 498 487
487 498 499
487 499 488
488 499 500
488 500 489
489 500 501
489 501 490
490 501 502
490 502 491
491 502 503
491 503 492
492 503 504
492 504 493
493 504 505
493 505 494
495 506 507
495 507 496
496 507 508
496 508 497
497 508 509
497 509 498
498 509 510
498 510 499
499 510 511
499 511 500
500 511 512
500 512 501
501 512 513
501 513 502
502 513 514
502 514 503
503 514 515
503 515 504
504 515 516
504 516 505
506 517 518
506 518 507
507 518 519
507 519 508
508 519 520
508 520 509
509 520 521
509 521 510
510 521 522
510 522 511
511 522 523
511 523 512
512 523 524
512 524 513
513 524 525
513 525 514
514 525 526
514 526 515
515 526 527
515 527 516
517 528 529
517 529 518
518 529 530
518 530 519
519 530 531
519 531 520
520 531 532
520 532 521
521 532 533
521 533 522
522 533 534
522 534 523
523 534 535
523 535 524
524 535 536
524 536 525
525 536 537
525 537 526
526 537 538
526 538 527
528 539 540
528 540 529
529 540 541
529 541 530
530 541 542
530 542 531
531 542 543
531 543 532
532 543 544
532 544 533
533 544 545
533 545 534
534 545 546
534 546 535
535 546 547
535 547 536
536 547 548
536 548 537
537 548 549
537 549 538
539 550 551
539 551 540
540 551 552
540 552 541
541 552 553
541 553 542
542 553 554
542 554 543
543 554 555
543 555 544
544 555 556
544 556 545
545 556 557
545 557 546
546 557 558
546 558 547
547 558 559
547 559 548
548 559 560
548 560 549
    </DataArray>
    <DataArray type="Int32" Name="offsets" format="ascii">
3 6 9 12 15 18 21 24 27 30 33 36 39 42 45 48 51 54 57 60 63 66 69 72 75 78 81 84 87 90 93 96 99 102 105 108 111 114 117 120 123 126 129 132 135 138 141 144 147 150 153 156 159 162 165 168 171 174 177 180 183 186 189 192 195 198 201 204 207 210 213 216 219 222 225 228 231 234 237 240 243 246 249 252 255 258 261 264 267 270 273 276 279 282 285 288 291 294 297 300 303 306 309 312 315 318 321 324 327 330 333 336 339 342 345 348 351 354 357 360 363 366 369 372 375 378 381 384 387 390 393 396 399 402 405 408 411 414 417 420 423 426 429 432 435 438 441 444 447 450 453 456 459 462 465 468 471 474 477 480 483 486 489 492 495 498 501 504 507 510 513 516 519 522 525 528 531 534 537 540 543 546 549 552 555 558 561 564 567 570 573 576 579 582 585 588 591 594 597 600 603 606 609 612 615 618 621 624 627 630 633 636 639 642 645 648 651 654 657 660 663 666 669 672 675 678 681 684 687 690 693 696 699 702 705 708 711 714 717 720 723 726 729 732 735 738 741 744 747 750 753 756 759 762 765 768 771 774 777 780 783 786 789 792 795 798 801 804 807 810 813 816 819 822 825 828 831 834 837 840 843 846 849 852 855 858 861 864 867 870 873 876 879 882 885 888 891 894 897 900 903 906 909 912 915 918 921 924 927 930 933 936 939 942 945 948 951 954 957 960 963 966 969 972 975 978 981 984 987 990 993 996 999 1002 1005 1008 1011 1014 1017 1020 1023 1026 1029 1032 1035 1038 1041 1044 1047 1050 1053 1056 1059 1062 1065 1068 1071 1074 1077 1080 1083 1086 1089 1092 1095 1098 1101 1104 1107 1110 1113 1116 1119 1122 1125 1128 1131 1134 1137 1140 1143 1146 1149 1152 1155 1158 1161 1164 1167 1170 1173 1176 1179 1182 1185 1188 1191 1194 1197 1200 1203 1206 1209 1212 1215 1218 1221 1224 1227 1230 1233 1236 1239 1242 1245 1248 1251 1254 1257 1260 1263 1266 1269 1272 1275 1278 1281 1284 1287 1290 1293 1296 1299 1302 1305 1308 1311 1314 1317 1320 1323 1326 1329 1332 1335 1338 1341 1344 1347 1350 1353 1356 1359 1362 1365 1368 1371 1374 1377 1380 1383 1386 1389 1392 1395 1398 1401 1404 1407 1410 1413 1416 1419 1422 1425 1428 1431 1434 1437 1440 1443 1446 1449 1452 1455 1458 1461 1464 1467 1470 1473 1476 1479 1482 1485 1488 1491 1494 1497 1500 1503 1506 1509 1512 1515 1518 1521 1524 1527 1530 1533 1536 1539 1542 1545 1548 1551 1554 1557 1560 1563 1566 1569 1572 1575 1578 1581 1584 1587 1590 1593 1596 1599 1602 1605 1608 1611 1614 1617 1620 1623 1626 1629 1632 1635 1638 1641 1644 1647 1650 1653 1656 1659 1662 1665 1668 1671 1674 1677 1680 1683 1686 1689 1692 1695 1698 1701 1704 1707 1710 1713 1716 1719 1722 1725 1728 1731 1734 1737 1740 1743 1746 1749 1752 1755 1758 1761 1764 1767 1770 1773 1776 1779 1782 1785 1788 1791 1794 1797 1800 1803 1806 1809 1812 1815 1818 1821 1824 1827 1830 1833 1836 1839 1842 1845 1848 1851 1854 1857 1860 1863 1866 1869 1872 1875 1878 1881 1884 1887 1890 1893 1896 1899 1902 1905 1908 1911 1914 1917 1920 1923 1926 1929 1932 1935 1938 1941 1944 1947 1950 1953 1956 1959 1962 1965 1968 1971 1974 1977 1980 1983 1986 1989 1992 1995 1998 2001 2004 2007 2010 2013 2016 2019 2022 2025 2028 2031 2034 2037 2040 2043 2046 2049 2052 2055 2058 2061 2064 2067 2070 2073 2076 2079 2082 2085 2088 2091 2094 2097 2100 2103 2106 2109 2112 2115 2118 2121 2124 2127 2130 2133 2136 2139 2142 2145 2148 2151 2154 2157 2160 2163 2166 2169 2172 2175 2178 2181 2184 2187 2190 2193 2196 2199 2202 2205 2208 2211 2214 2217 2220 2223 2226 2229 2232 2235 2238 2241 2244 2247 2250 2253 2256 2259 2262 2265 2268 2271 2274 2277 2280 2283 2286 2289 2292 2295 2298 2301 2304 2307 2310 2313 2316 2319 2322 2325 2328 2331 2334 2337 2340 2343 2346 2349 2352 2355 2358 2361 2364 2367 2370 2373 2376 2379 2382 2385 2388 2391 2394 2397 2400 2403 2406 2409 2412 2415 2418 2421 2424 2427 2430 2433 2436 2439 2442 2445 2448 2451 2454 2457 2460 2463 2466 2469 2472 2475 2478 2481 2484 2487 2490 2493 2496 2499 2502 2505 2508 2511 2514 2517 2520 2523 2526 2529 2532 2535 2538 2541 2544 2547 2550 2553 2556 2559 2562 2565 2568 2571 2574 2577 2580 2583 2586 2589 2592 2595 2598 2601 2604 2607 2610 2613 2616 2619 2622 2625 2628 2631 2634 2637 2640 2643 2646 2649 2652 2655 2658 2661 2664 2667 2670 2673 2676 2679 2682 2685 2688 2691 2694 2697 2700 2703 2706 2709 2712 2715 2718 2721 2724 2727 2730 2733 2736 2739 2742 2745 2748 2751 2754 2757 2760 2763 2766 2769 2772 2775 2778 2781 2784 2787 2790 2793 2796 2799 2802 2805 2808 2811 2814 2817 2820 2823 2826 2829 2832 2835 2838 2841 2844 2847 2850 2853 2856 2859 2862 2865 2868 2871 2874 2877 2880 2883 2886 2889 2892 2895 2898 2901 2904 2907 2910 2913 2916 2919 2922 2925 2928 2931 2934 2937 2940 2943 2946 2949 2952 2955 2958 2961 2964 2967 2970 2973 2976 2979 2982 2985 2988 2991 2994 2997 3000
    </DataArray>
    <DataArray type="UInt8" Name="types" format="ascii">
5 5 5 5 5 5 5 5 5 5 5 5 5 5 5 5 5 5 5 5 5 5 5 5 5 5 5 5 5 5 5 5 5 5 5 5 5 5 5 5 5 5 5 5 5 5 5 5 5 5 5 5 5 5 5 5 5 5 5 5 5 5 5 5 5 5 5 5 5 5 5 5 5 5 5 5 5 5 5 5 5 5 5 5 5 5 5 5 5 5 5 5 5 5 5 5 5 5 5 5 5 5 5 5 5 5 5 5 5 5 5 5 5 5 5 5 5 5 5 5 5 5 5 5 5 5 5 5 5 5 5 5 5 5 5 5 5 5 5 5 5 5 5 5 5 5 5 5 5 5 5 5 5 5 5 5 5 5 5 5 5 5 5 5 5 5 5 5 5 5 5 5 5 5 5 5 5 5 5 5 5 5 5 5 5 5 5 5 5 5 5 5 5 5 5 5 5 5 5 5 5 5 5 5 5 5 5 5 5 5 5 5 5 5 5 5 5 5 5 5 5 5 5 5 5 5 5 5 5 5 5 5 5 5 5 5 5 5 5 5 5 5 5 5 5 5 5 5 5 5 5 5 5 5 5 5 5 5 5 5 5 5 5 5 5 5 5 5 5 5 5 5 5 5 5 5 5 5 5 5 5 5 5 5 5 5 5 5 5 5 5 5 5 5 5 5 5 5 5 5 5 5 5 5 5 5 5 5 5 5 5 5 5 5 5 5 5 5 5 5 5 5 5 5 5 5 5 5 5 5 5 5 5 5 5 5 5 5 5 5 5 5 5 5 5 5 5 5 5 5 5 5 5 5 5 5 5 5 5 5 5 5 5 5 5 5 5 5 5 5 5 5 5 5 5 5 5 5 5 5 5 5 5 5 5 5 5 5 5 5 5 5 5 5 5 5 5 5 5 5 5 5 5 5 5 5 5 5 5 5 5 5 5 5 5 5 5 5 5 5 5 5 5 5 5 5 5 5 5 5 5 5 5 5 5 5 5 5 5 5 5 5 5 5 5 5 5 5 5 5 5 5 5 5 5 5 5 5 5 5 5 5 5 5 5 5 5 5 5 5 5 5 5 5 5 5 5 5 5 5 5 5 5 5 5 5 5 5 5 5 5 5 5 5 5 5 5 5 5 5 5 5 5 5 5 5 5 5 5 5 5 5 5 5 5 5 5 5 5 5 5 5 5 5 5 5 5 5 5 5 5 5 5 5 5 5 5 5 5 5 5 5 5 5 5 5 5 5 5 5 5 5 5 5 5 5 5 5 5 5 5 5 5 5 5 5 5 5 5 5 5 5 5 5 5 5 5 5 5 5 5 5 5 5 5 5 5 5 5 5 5 5 5 5 5 5 5 5 5 5 5 5 5 5 5 5 5 5 5 5 5 5 5 5 5 5 5 5 5 5 5 5 5 5 5 5 5 5 5 5 5 5 5 5 5 5 5 5 5 5 5 5 5 5 5 5 5 5 5 5 5 5 5 5 5 5 5 5 5 5 5 5 5 5 5 5 5 5 5 5 5 5 5 5 5 5 5 5 5 5 5 5 5 5 5 5 5 5 5 5 5 5 5 5 5 5 5 5 5 5 5 5 5 5 5 5 5 5 5 5 5 5 5 5 5 5 5 5 5 5 5 5 5 5 5 5 5 5 5 5 5 5 5 5 5 5 5 5 5 5 5 5 5 5 5 5 5 5 5 5 5 5 5 5 5 5 5 5 5 5 5 5 5 5 5 5 5 5 5 5 5 5 5 5 5 5 5 5 5 5 5 5 5 5 5 5 5 5 5 5 5 5 5 5 5 5 5 5 5 5 5 5 5 5 5 5 5 5 5 5 5 5 5 5 5 5 5 5 5 5 5 5 5 5 5 5 5 5 5 5 5 5 5 5 5 5 5 5 5 5 5 5 5 5 5 5 5 5 5 5 5 5 5 5 5 5 5 5 5 5 5 5 5 5 5 5 5 5 5 5 5 5 5 5 5 5 5 5 5 5 5 5 5 5 5 5 5 5 5 5 5 5 5 5 5 5 5 5 5 5 5 5 5 5 5 5 5 5 5 5 5 5 5 5 5 5 5 5 5 5 5 5 5 5 5 5 5 5 5 5 5 5 5 5 5 5 5 5 5 5 5 5 5 5 5 5 5 5 5 5 5 5 5 5 5 5 5 5 5 5 5 5 5 5 5 5 5 5 5 5 5 5 5 5 5 5 5 5 5 5 5 5 5 5 5 5 5 5 5 5 5 5 5 5 5 5 5 5 5 5
    </DataArray>
   </Cells>
   <PointData>
    <DataArray type="Float32" Name="Acceptor Doping [log10(m^-3)]" NumberOfComponents="1" format="ascii">
0.0 0.0 0.0 0.0 0.0 0.0 0.0 0.0 0.0 0.0 0.0 0.0 0.0 0.0 0.0 0.0 0.0 0.0 0.0 0.0 0.0 0.0 0.0 0.0 0.0 0.0 0.0 0.0 0.0 0.0 0.0 0.0 0.0 0.0 0.0 0.0 0.0 0.0 0.0 0.0 0.0 0.0 0.0 0.0 0.0 0.0 0.0 0.0 0.0 0.0 0.0 0.0 0.0 0.0 0.0 0.0 0.0 0.0 0.0 0.0 0.0 0.0 0.0 0.0 0.0 0.0 0.0 0.0 0.0 0.0 0.0 0.0 0.0 0.0 0.0 0.0 0.0 0.0 0.0 0.0 0.0 0.0 0.0 0.0 0.0 0.0 0.0 0.0 0.0 0.0 0.0 0.0 0.0 0.0 0.0 0.0 0.0 0.0 0.0 0.0 0.0 0.0 0.0 0.0 0.0 0.0 0.0 0.0 0.0 0.0 0.0 0.0 0.0 0.0 0.0 0.0 0.0 0.0 0.0 0.0 0.0 0.0 0.0 0.0 0.0 0.0 0.0 0.0 0.0 0.0 0.0 0.0 0.0 0.0 0.0 0.0 0.0 0.0 0.0 0.0 0.0 0.0 0.0 0.0 0.0 0.0 0.0 0.0 0.0 0.0 0.0 0.0 0.0 0.0 0.0 0.0 0.0 0.0 0.0 0.0 0.0 0.0 0.0 0.0 0.0 0.0 0.0 0.0 0.0 0.0 0.0 0.0 0.0 0.0 0.0 0.0 0.0 0.0 0.0 0.0 0.0 0.0 0.0 0.0 0.0 0.0 0.0 0.0 0.0 0.0 0.0 0.0 0.0 0.0 0.0 0.0 0.0 0.0 0.0 0.0 0.0 0.0 0.0 0.0 0.0 0.0 0.0 0.0 0.0 0.0 0.0 0.0 0.0 0.0 0.0 0.0 0.0 0.0 0.0 0.0 0.0 0.0 0.0 0.0 0.0 0.0 0.0 0.0 0.0 0.0 0.0 0.0 0.0 0.0 0.0 0.0 0.0 0.0 0.0 0.0 0.0 0.0 0.0 0.0 0.0 0.0 0.0 0.0 0.0 0.0 0.0 0.0 0.0 0.0 0.0 0.0 0.0 0.0 0.0 0.0 0.0 0.0 0.0 0.0 0.0 0.0 0.0 0.0 0.0 0.0 0.0 0.0 0.0 0.0 0.0 0.0 0.0 0.0 0.0 0.0 0.0 0.0 0.0 0.0 0.0 0.0 0.0 0.0 0.0 0.0 0.0 0.0 0.0 0.0 0.0 0.0 0.0 0.0 0.0 0.0 0.0 0.0 0.0 0.0 0.0 0.0 0.0 0.0 0.0 0.0 0.0 0.0 0.0 0.0 0.0 0.0 0.0 0.0 0.0 0.0 0.0 0.0 0.0 0.0 0.0 0.0 0.0 0.0 0.0 0.0 0.0 0.0 0.0 0.0 0.0 0.0 0.0 0.0 0.0 0.0 0.0 0.0 0.0 0.0 0.0 0.0 0.0 0.0 0.0 0.0 0.0 0.0 0.0 0.0 0.0 0.0 0.0 0.0 0.0 0.0 0.0 0.0 0.0 0.0 0.0 0.0 0.0 0.0 0.0 0.0 0.0 0.0 0.0 0.0 0.0 0.0 0.0 0.0 0.0 0.0 0.0 0.0 0.0 0.0 0.0 0.0 0.0 0.0 0.0 0.0 0.0 0.0 0.0 0.0 0.0 0.0 0.0 0.0 0.0 0.0 0.0 0.0 0.0 0.0 0.0 0.0 0.0 0.0 0.0 0.0 0.0 0.0 0.0 0.0 0.0 0.0 0.0 0.0 0.0 0.0 0.0 0.0 0.0 0.0 0.0 0.0 0.0 0.0 0.0 0.0 0.0 0.0 0.0 0.0 0.0 0.0 0.0 0.0 0.0 0.0 0.0 0.0 0.0 0.0 0.0 0.0 0.0 0.0 0.0 0.0 0.0 0.0 0.0 0.0 0.0 0.0 0.0 0.0 0.0 0.0 0.0 0.0 0.0 0.0 0.0 0.0 0.0 0.0 0.0 0.0 0.0 0.0 0.0 0.0 0.0 0.0 0.0 0.0 0.0 0.0 0.0 0.0 0.0 0.0 0.0 0.0 0.0 0.0 0.0 0.0 0.0 0.0 0.0 0.0 0.0 0.0 0.0 0.0 0.0 0.0 0.0 0.0 0.0 0.0 0.0 0.0 0.0 0.0 0.0 0.0 0.0 0.0 0.0 0.0 0.0 0.0 0.0 0.0 0.0 0.0 0.0 0.0 0.0 0.0 0.0 0.0 0.0 0.0 0.0 0.0 0.0 0.0 0.0 0.0 0.0 0.0 0.0 0.0 0.0 0.0 0.0 0.0 0.0 0.0 0.0 0.0 0.0 0.0 0.0 0.0 0.0 0.0 0.0 0.0 0.0 0.0 0.0 0.0 0.0 0.0 0.0
    </DataArray>
    <DataArray type="Float32" Name="Donor Doping [log10(m^-3)]" NumberOfComponents="1" format="ascii">
25.165314416080424 25.082200648563376 25.141559605562524 25.181428808631843 25.205352104789437 25.220278902025445 25.231759169960718 25.243206111760063 25.253942523668538 25.260037554085798 25.299942900022767 25.157776590515624 25.07314638169643 25.131635997782638 25.171873943177328 25.196926747710584 25.212898997087354 25.225204815320275 25.23737024876914 25.249336666700042 25.257998274628882 25.299942900022767 25.136285657277245 25.0497979922986 25.108345354873602 25.151066571791066 25.179156321012428 25.19773601624468 25.21193149202467 25.22572004086635 25.240118194569803 25.253015471940692 25.299942900022767 25.101148468016973 25.015142355332625 25.074139846695676 25.12045913114554 25.15311972535316 25.176253390925666 25.194555409583003 25.211683977619792 25.22897845775879 25.245857321999 25.299942900022767 25.053545368913362 24.969888658721846 25.030041531254213 25.081440791366916 25.120498323940417 25.149764979301484 25.173308479824 25.19468817978585 25.215687629586867 25.237430262342446 25.299942900022767 24.994680957414463 24.9143288918427 24.97651365610363 25.034326224785538 25.081507246218955 25.118660976487465 25.14896819097435 25.175744256621464 25.20113024768289 25.228379496279572 25.299942900022767 24.925443346454784 24.848806223005983 24.9140338720472 24.97952247689794 25.036432984558964 25.08315002333721 25.121714869420707 25.15505874458542 25.185733676677582 25.22041822479754 25.299942900022767 24.846162226876906 24.77341384512077 24.843260790150932 24.917393050046073 24.98547933123609 25.043287013704933 25.091446204243763 25.132410478293867 25.169237934602492 25.212038337435338 25.299942900022767 24.756619754460097 24.687761498471904 24.764185381056496 24.848644559517844 24.928971114052416 24.999228035888233 25.058247680613317 25.107946221510538 25.152177661090832 25.20432076316858 25.299942900022767 24.65569367518376 24.590883452022812 24.67585927740771 24.772802220626165 24.867201858414095 24.951122033613295 25.022403934136893 25.082439481027276 25.136473423901712 25.19955576787285 25.299942900022767 24.539961686569605 24.48105093932411 24.57727308950552 24.688539257114844 24.798894348892333 24.89869489743793 24.984438233328238 25.0578106437548 25.126092203972618 25.198630699946253 25.299942900022767 24.400370274612737 24.35556112375031 24.465115885642167 24.593162821164025 24.722988862845618 24.842615886727327 24.947800137720265 25.040108541892906 25.124037516870615 25.200650595120596 25.299942900022767 24.214994503041062 24.198405324008288 24.333717794287846 24.487059944625 24.6421733582005 24.789759078545544 24.917873472154035 25.030580855606892 25.125461119379015 25.20387038995941 25.299942900022767 23.91240732097836 23.892209741612508 24.05118127943239 24.279559709042104 24.52755186515715 24.773312274346733 24.89446043227919 25.025309148511376 25.129564188844512 25.208164586248465 25.299942900022767 23.71167723062705 23.655966896798407 23.808360547537763 24.034324661893205 24.29291453437641 24.55193714087282 24.7928180668217 25.00938232925711 25.186681608965813 25.214876759441132 25.299942900022767 23.59082766037866 23.499451857521034 23.637972485608735 23.864962973745925 24.136276850720463 24.41447836976494 24.675774162633743 24.90094954540315 25.078183431168327 25.20580173185141 25.299942900022767 23.52368563814193 23.416554754555605 23.54852981711159 23.77941985571679 24.0594548843844 24.35303488704614 24.629329255616906 24.868330726305246 25.05950485752683 25.201666247326518 25.299942900022767 23.483281367075698 23.369250282818687 23.5029123571894 23.740522575626166 24.025066581965643 24.325059763137954 24.60973225423405 24.85655462043764 25.05410781962779 25.20023282284867 25.299942900022767 23.454633671805563 23.33585168816102 23.47269337952252 23.71462924752661 24.00310615598159 24.307772890293336 24.597563591464056 24.849251273259682 25.050773086867157 25.19932553521476 25.299942900022767 23.43181716792462 23.309133968237298 23.44837893336646 23.693641616383882 23.98517887977816 24.293733896324788 24.587739598377276 24.843326954595636 25.04801310856923 25.198577350000214 25.299942900022767 23.412191182957933 23.28637339052803 23.427657852239854 23.67569305020054 23.969722567606077 24.28147228865075 24.579081481013286 24.838107150252814 25.045550363745946 25.19791163087756 25.299942900022767 23.394685275743587 23.266379553255675 23.40955835279992 23.659973307637898 23.956076509854498 24.270536459217926 24.571287103879396 24.833364718225276 25.043295594269335 25.197301310229932 25.299942900022767 23.37879526041121 23.248551376018426 23.39356111507477 23.646052718045286 23.943930004075572 24.260720793087874 24.564229802064574 24.829025073200487 25.041214287007502 25.19673255273386 25.299942900022767 23.3642718772766 23.232544695174873 23.37933921659679 23.63367158144742 23.933084180128066 24.251894810921055 24.557834327269354 24.825055640026157 25.03929279487983 25.196200058701965 25.299942900022767 23.350985439506005 23.218135675641406 23.36666064867429 23.622636806003694 23.923387910066715 24.24395808272873 24.55204426021199 24.82143388097328 25.037524321039335 25.195702619657062 25.299942900022767 23.338914273647607 23.205158790331428 23.35534488115258 23.612793400085533 23.91471704120166 24.2368258210749 24.546810981923876 24.818143708199297 25.035903293492673 25.195240291052727 25.299942900022767 23.327914412498234 23.193479459648987 23.34524240033275 23.604010605883396 23.906964667557 24.230422748931808 24.5420897388811 24.815161337414086 25.03442349568074 25.19481308455333 25.299942900022767 23.317918635713106 23.183108032121112 23.336223972873498 23.596174571476997 23.90003616814697 24.22468024782861 24.53783807302536 24.812463498569237 25.03307767894865 25.19442052338156 25.299942900022767 23.308860819569638 23.173933029681525 23.328175442607606 23.5891845163061 23.893846697754544 24.2195351844659 24.53401548458735 24.81002881400053 25.03185772657617 25.194061580487244 25.299942900022767 23.30067464313755 23.16569494889702 23.32099499495648 23.582950616399533 23.888319868630134 24.21493150521349 24.53058359972011 24.80783613025691 25.03075498625279 25.193734775828542 25.299942900022767 23.293294121992474 23.158307334793765 23.314591544452227 23.577392677841875 23.88338694422601 24.210814772208067 24.527506416188103 24.805864931720226 25.029760612367603 25.193438314243693 25.299942900022767 23.286654658404352 23.151690542422056 23.308883617833715 23.572439150958093 23.878986211414453 24.207135386196637 24.524750500251237 24.804095674687073 25.02886585074774 25.193170217196712 25.299942900022767 23.280694079101966 23.145771485160008 23.303798455521378 23.568026305517716 23.875062425099216 24.20384954470158 24.522285093562516 24.802510021762117 25.028062258393426 25.192928438350993 25.299942900022767 23.27535346099304 23.14048343543788 23.29927121833072 23.56409749248275 23.871566282861213 24.2009177845572 24.520082131229547 24.801090981170347 25.02734184507024 25.192710937306877 25.299942900022767 23.270577697187342 23.135765791227627 23.295244251325013 23.56060245698729 23.86845390851087 24.198304710931037 24.51811618306594 24.799822967948124 25.026697162386974 25.192515738554583 25.299942900022767 23.266315824236326 23.13156378932998 23.29166639662793 23.557496700105236 23.8656863528076 24.195978701142256 24.516364340634382 24.798691806393567 25.026121350341178 25.192340970556206 25.299942900022767 23.262521156049633 23.1278281755186 23.28849235579092 23.554740891103485 23.863229120184535 24.19391159971529 24.514806070058675 24.79768469157618 25.025608151497487 25.19218488903993 25.299942900022767 23.259151273787463 23.124514845538336 23.2856821040359 23.552300332161312 23.86105172849064 24.1920784178377 24.513423047128533 24.79679012511431 25.02515190335946 25.192045889015066 25.299942900022767 23.256167915868456 23.121584476406056 23.2832003586238 23.550144476192294 23.859127306117482 24.190457046614544 24.51219898695387 24.79599783663178 25.024747516963313 25.191922509017438 25.299942900022767 23.25353680416333 23.119002262840525 23.281016101488863 23.54824649715433 23.857432228794845 24.18902799040029 24.511119476900898 24.795298699186766 25.024390447532944 25.191813430210416 25.299942900022767 23.251227434176712 23.116739010614868 23.27910215477368 23.546582910561867 23.855945796010054 24.187774123544312 24.510171818325535 24.794684644295533 25.02407666131414 25.191717472262837 25.299942900022767 23.24921284974245 23.114765654408423 23.277435993138162 23.545133241005058 23.85464994564082 24.186680471881644 24.5093448803502 24.794148580243455 25.0238026014249 25.191633587384267 25.299942900022767 23.24746941676345 23.11305858746698 23.27599802019344 23.543879733057747 23.853529004611737 24.185734019127374 24.508628967657394 24.793684316127905 25.023565154602778 25.19156085347979 25.299942900022767 23.245976606115665 23.111597381214075 23.27476788255453 23.542807101816862 23.852569472950897 24.18492353734513 24.508015702888876 24.793286492881354 25.02336161993223 25.191498467076133 25.299942900022767 23.2447167921895 23.110364548480895 23.273730505027533 23.541902319348388 23.85175983850724 24.18423944022543 24.50749792361522 24.792950521603167 25.023189680142565 25.191445736508552 25.299942900022767 23.243675071463283 23.109345337479276 23.272873212696883 23.541154434020672 23.851090419820768 24.183673657762665 24.5070695934575 24.79267252978772 25.02304737865564 25.191402075855322 25.299942900022767 23.242839103472292 23.10853772126582 23.27218555796758 23.540554419808736 23.850553234898335 24.183219531060107 24.50672572698115 24.792449315836176 25.022933095622083 25.191366999044025 25.299942900022767 23.24219897580055 23.10792745548638 23.271659178791598 23.540095052970095 23.85014189366109 24.182871725712793 24.5064623274685 24.792278311194906 25.022845530108242 25.191340115010814 25.299942900022767 23.241747093355425 23.107496649143076 23.271287685444154 23.53977081382324 23.849851512267364 24.182626162602133 24.50627633698441 24.792157549523957 25.022783685469765 25.191321123745393 25.299942900022767 23.241478092293463 23.107240192428804 23.271066574182232 23.539577811990938 23.84967864789518 24.182479965100292 24.506165598164763 24.792085643000156 25.02274685793202 25.191309813185523 25.299942900022767 23.241388778783968 23.107155043505674 23.27099316669454 23.539513733958692 23.84962125294802 24.182431421929014 24.50612882727155 24.792061765574324 25.022734628465656 25.191306056987475 25.299942900022767
    </DataArray>
    <DataArray type="Float32" Name="Potential [V]" NumberOfComponents="1" format="ascii">
2.729000649106598 2.8361559792703943 2.945946397363462 3.055324960827735 3.1623584470100976 3.2658271220996222 3.364891025716251 3.4588547243066348 3.5470216494733604 3.628697918726741 3.703721269158607 2.7285521601855844 2.835813252057451 2.945655656420358 3.0550917570666756 3.16219825623574 3.2657431947845885 3.364873054713164 3.458883869426426 3.547076882555727 3.6287526290784444 3.703721269158607 2.7272734830157854 2.8348204566842687 2.9448254665905877 3.054438965969213 3.16176001361229 3.265528851021753 3.3648544322723293 3.4590052409757517 3.5472674860068616 3.628920290850217 3.703721269158607 2.7251828747941844 2.8331950437348925 2.9434594356209494 3.053347917850625 3.16100476603985 3.265135996055086 3.364792179738124 3.4591870758200223 3.5475673524364653 3.6291772915386695 3.703721269158607 2.7223505642862915 2.8309325420024885 2.941515868198374 3.0517457301491366 3.1598319183256587 3.2644422396112587 3.3645524565227682 3.459301393474935 3.5478758801969525 3.6294689379033334 3.703721269158607 2.718848223170509 2.828015691867357 2.9389302445563636 3.049528908187535 3.1581036702001644 3.263286356702171 3.3639673490128845 3.459192859893641 3.5480703847323443 3.6297255118266025 3.703721269158607 2.714728692787925 2.824423396689422 2.9356410675855593 3.046602457628223 3.155693288173399 3.2615167998127146 3.3628745190931997 3.458707789759398 3.5480289431312686 3.6298819486044844 3.703721269158607 2.710011589231932 2.820129430019794 2.93159983715772 3.04289950293195 3.1525134351241078 3.2590266142195663 3.361155033550076 3.4577292034884333 3.547653372103848 3.6298728021164517 3.703721269158607 2.704683951109531 2.815093362898478 2.9267643176914393 3.038383855259174 3.1485265419221315 3.2557712273736095 3.3587582709325137 3.45620795545427 3.5469063242892496 3.62967874414738 3.703721269158607 2.698679006048441 2.809236922010703 2.92108346917811 3.033037311443431 3.1437377058795897 3.25176512322074 3.355702177505795 3.4541663303604753 3.5458153008352435 3.629320726214227 3.703721269158607 2.691793132363248 2.802397643719684 2.9144829281307163 3.0268547292321255 3.1381835511195475 3.2470680268159064 3.3520567327204986 3.451678837035545 3.54444786937173 3.628828245770445 3.703721269158607 2.68348766002338 2.794265891072169 2.9068656347477764 3.019856562487819 3.1319382376948783 3.241775860143968 3.3479213410629516 3.4488371054812212 3.542858401652505 3.6282133797161187 3.703721269158607 2.6724580893521845 2.784379828491002 2.8981970697835187 3.012141932325904 3.1251248117580457 3.2360056378788213 3.3433686587426474 3.4456677573733394 3.5410337767167324 3.627462275491153 3.703721269158607 2.6544546216904576 2.772560507208456 2.888800497336365 3.0039756866422826 3.117906406731985 3.2298552973369485 3.3383820144907577 3.4421203202771036 3.538960783911198 3.6265592821873205 3.703721269158607 2.6425114928846027 2.7626450800281503 2.8802231912621954 2.9961704783486733 3.1106298638862167 3.223171370758773 3.3328083204279215 3.438073494792052 3.5366755540953645 3.6254656768467415 3.703721269158607 2.635321131035601 2.75533923123888 2.873185866031937 2.989412650294535 3.104137768279058 3.21704206348736 3.3272984829556225 3.4334508010489264 3.533264773904123 3.6239611008695345 3.703721269158607 2.631326284929293 2.7502626591076167 2.867736776234741 2.9838910450772063 3.0987046487668013 3.2118633996025534 3.322602929047806 3.4295184264998886 3.530432943131066 3.6225815012042357 3.703721269158607 2.6289222935157177 2.7467021511062075 2.863590077189834 2.979498727931082 3.0942917849759897 3.20762848902609 3.3187675085917006 3.426334813063173 3.528165586649801 3.6214398921240574 3.703721269158607 2.627217800113641 2.744083862997542 2.860407141649163 2.976025538798287 3.090744554736175 3.2042019994058855 3.3156631944644497 3.4237671789203774 3.5263421270577804 3.620512461551412 3.703721269158607 2.625860253548139 2.7420566258636025 2.857914473900884 2.9732645563982585 3.087894065624712 3.201432509898648 3.3131490527283813 3.4216880147625863 3.5248655051651148 3.619758927843341 3.703721269158607 2.624692537905762 2.7404149195339897 2.8559162481483487 2.9710450455673088 3.085591089519133 3.1991858617780857 3.311104262546245 3.419994570053155 3.5236614549599183 3.619143615104539 3.703721269158607 2.623650963598899 2.7390402355417303 2.854278426848506 2.969236135467959 3.0837139990777214 3.1973512028179143 3.3094307133423473 3.418605784811353 3.5226724878709628 3.618637769230626 3.703721269158607 2.6227055323508512 2.73786161890963 2.852909889588504 2.9677408111758843 3.08216785368986 3.1958402279361304 3.3080504438173763 3.4174581299288813 3.52185388657741 3.618218748607431 3.703721269158607 2.621841413597306 2.736834834149882 2.8517481502896485 2.9664880723521527 3.080880200162395 3.1945840992505548 3.3069023492380465 3.4165019992694576 3.5211708455723514 3.617868875417228 3.703721269158607 2.621050891172952 2.7359312123705184 2.850749665536553 2.9654260082534667 3.0797963122443375 3.1935298071053304 3.30593896368325 3.415698787618243 3.520596287813591 3.617574388042778 3.703721269158607 2.620332675541049 2.735131590347114 2.8498833861776105 2.9645163822099843 3.0788749294551097 3.1926367488338356 3.305123593165585 3.415018524467635 3.5201091542483574 3.617324577541763 3.703721269158607 2.6196782008764705 2.734420351331584 2.849126117421075 2.96373058893835 3.078084807127295 3.1918738269766287 3.304427896058046 3.4144379234310236 3.5196930465055227 3.617111098838767 3.703721269158607 2.619083467673041 2.7337859455061992 2.8484603807351982 2.963046972857897 3.0774021184002462 3.191217139096395 3.303829937263556 3.41393886663979 3.5193351660546752 3.616927431237814 3.703721269158607 2.6185445416719024 2.7332192397801203 2.847872689581679 2.962448897373815 3.076808517868372 3.190648194828095 3.3033126601464713 3.4135072046218164 3.5190254836127965 3.616768457834939 3.703721269158607 2.618057476880646 2.732712678408063 2.847352368141579 2.9619233661049087 3.076289713257574 3.1901525650876827 3.302862707089211 3.413131815220141 3.5187560922786805 3.6166301392704194 3.703721269158607 2.6176183473284413 2.732259834532259 2.846890768142991 2.961460049208915 3.075834421218532 3.189718867821872 3.3024695227836847 3.412803884593843 3.5185207104252596 3.6165092628537274 3.703721269158607 2.6172233095506177 2.7318551273399083 2.8464807405684955 2.9610505966216136 3.07543360971173 3.1893380204009545 3.302124680969149 3.4125163625685415 3.5183143031114033 3.6164032511426365 3.703721269158607 2.616868664334042 2.731493648622088 2.8461162763917303 2.9606881524186854 3.0750799488884395 3.189002687771601 3.3018213815215876 3.4122635524682687 3.518132795547765 3.6163100167601647 3.703721269158607 2.616550905846183 2.7311710498337463 2.845792257874488 2.9603670089921885 3.0747674121291677 3.1887068744285973 3.301554075579656 3.412040803238333 3.5179728569754003 3.6162278525879588 3.703721269158607 2.616266755312609 2.7308834636834205 2.8455042825495696 2.960082358347672 3.0744909852009616 3.1884456238262366 3.3013181865637815 3.411844278731934 3.5178317379950617 3.6161553489667773 3.703721269158607 2.616013180487234 2.7306274459975777 2.845248535542222 2.9598301110020353 3.0742464528385196 3.188214796061384 3.3011099022486445 3.4116707847087824 3.517707148092395 3.6160913312414684 3.703721269158607 2.61578740362015 2.730399929938636 2.84502169453272 2.9596067621778253 3.0740302407356666 3.188010902472345 3.300926019188133 3.4115176387335957 3.517597163198969 3.6160348125431536 3.703721269158607 2.6155869008562282 2.7301981881643425 2.84482085717476 2.9594092913550476 3.073839297296127 3.1878309816229864 3.3007638256214658 3.4113825718597037 3.5175001556206382 3.615984957946763 3.703721269158607 2.6154093956907682 2.7300198004713057 2.844643484309381 2.9592350856028067 3.0736710040634634 3.1876725054475683 3.300621012672606 3.4112636538447463 3.5174147406030327 3.615941057109074 3.703721269158607 2.6152528486282822 2.729862625553603 2.8444873545776956 2.959081880089991 3.0735231069988243 3.187533307479527 3.3004956064104216 3.4111592358178187 3.517339735286205 3.6159025032345293 3.703721269158607 2.615115444698646 2.729724776096137 2.8443505274915903 2.9589477112024785 3.0733936630683547 3.1874115273650108 3.3003859153705815 3.41106790594359 3.5172741269178296 3.615868776777559 3.703721269158607 2.614995580051813 2.7296045964747133 2.8442313129647725 2.958830879075962 3.0732809982163563 3.1873055675017787 3.3002904896274954 3.4109884548308114 3.5172170480288774 3.615839432711142 3.703721269158607 2.6148918484956916 2.7295006434429037 2.844128245804972 2.958729917287973 3.07318367393587 3.1872140588184625 3.3002080885858245 3.41091984831676 3.51716775689016 3.615814090502825 3.703721269158607 2.6148030285792654 2.729411668893516 2.844040064250976 2.958643568174508 3.073100460467061 3.1871358335532256 3.30013765544233 3.4108612059016026 3.517125622021709 3.6157924261700236 3.703721269158607 2.614728071606122 2.729336605018127 2.8439656926337413 2.9585707627826245 3.07303031522052 3.1870699034855714 3.300078296830526 3.4108117835748044 3.51709010985706 3.615774165954609 3.703721269158607 2.614666090839854 2.729274551487313 2.843904226405686 2.958510604371085 3.072972365331943 3.1870154424829154 3.3000292665618995 3.410770960115957 3.5170607749114717 3.6157590812807365 3.703721269158607 2.6146163520419665 2.7292247647573795 2.8438549197702643 2.9584623549474136 3.0729258936078363 3.186971772547098 3.2999899526752383 3.4107382261954644 3.517037251947927 3.6157469847402477 3.703721269158607 2.6145782654390937 2.729186647758382 2.8438171753298436 2.9584254243974923 3.072890327330985 3.186938352773737 3.299959867223279 3.410713175790882 3.5170192498148065 3.6157377269337583 3.703721269158607 2.6145513791350137 2.729159743019301 2.8437905362318046 2.9583993620548155 3.0728652295745316 3.1869147708087215 3.2999386383839755 3.4106954995615832 3.517006546692196 3.6157311940345265 3.703721269158607 2.614535373989366 2.7291437280320405 2.843774680410369 2.958383850422925 3.072850292727039 3.186900736488689 3.2999260045961685 3.4106849799268457 3.516998986559886 3.6157273059788566 3.703721269158607 2.614530059974182 2.729138410931591 2.843769416324925 2.9583787007541122 3.0728453339910797 3.1868960774397515 3.2999218105077333 3.4106814876666403 3.5169964767588113 3.6157260152167763 3.703721269158607
    </DataArray>
    <DataArray type="Float32" Name="Electron density [log10(m^-3)]" NumberOfComponents="1" format="ascii">
25.165314416080424 25.169595376042487 25.096253625755036 25.05312372061827 25.02847871307075 25.012375191588973 24.99805566201606 24.981300121399325 24.960478950577627 24.96186785823072 25.299942900022767 25.157776590515624 25.161445491183088 25.08756494727609 25.04362943684581 25.018384815824792 25.002024451309925 24.987784709702996 24.97140186504518 24.9512649690353 24.954444043525502 25.299942900022767 25.136285657277245 25.137890099336285 25.06266807380151 25.016506669811307 24.989475591081753 24.972256122032416 24.958119871780212 24.94269579763728 24.924391767838898 24.932726288716896 25.299942900022767 25.101148468016973 25.09989687754426 25.02301517140424 24.973457141133306 24.94346033265126 24.924651991387233 24.91048354994395 24.89642180708878 24.880853098525634 24.897673567689424 25.299942900022767 25.053545368913362 25.048874712473882 24.97038497144555 24.91654620828141 24.882419470181187 24.86105494031564 24.846333301110715 24.833646478225024 24.821441939345704 24.850427177442768 25.299942900022767 24.994680957414463 24.986336950095694 24.90661088936636 24.84793370930881 24.80858675086774 24.78352178803867 24.76739105553918 24.755684674255637 24.74709151406764 24.79239170790604 25.299942900022767 24.925443346454784 24.91353395019433 24.833214283328225 24.769545805882792 24.724105008096878 24.694137338096983 24.675451643018864 24.663887231401446 24.65870136478851 24.72531813213748 25.299942900022767 24.846162226876906 24.831121963796896 24.751061578449097 24.682692274698507 24.630653538663882 24.594719996802606 24.572212225654415 24.55959744160706 24.557164863244243 24.650789194163643 25.299942900022767 24.756619754460097 24.738948724236764 24.660029314167556 24.58760356485596 24.528845267097957 24.486112256976842 24.458492032789906 24.44330045026443 24.44259864807878 24.5706609624656 25.299942900022767 24.65569367518376 24.63556964182673 24.55852682741537 24.48283728731548 24.417502859758418 24.367300997865414 24.33322065844965 24.313570137798465 24.313720752328113 24.486999175529625 25.299942900022767 24.539961686569605 24.516855134130523 24.4423562915056 24.364283411632133 24.292600888189806 24.234253988357008 24.19220147764804 24.166214792365697 24.168016912957768 24.40201989487664 25.299942900022767 24.400370274612737 24.372989000799027 24.30238224379322 24.22344899133948 24.145837913792818 24.078679700598663 24.02761245593975 23.995451687482387 24.00325709937438 24.31829375478761 25.299942900022767 24.214994503041062 24.18381630953999 24.122824034253462 24.047833697597365 23.965377451001505 23.890537625634547 23.833276358301696 23.798316584745837 23.81840640982767 24.238585326689275 25.299942900022767 23.91240732097836 23.92049118466852 23.895338114875774 23.83441542616074 23.741152796038104 23.670515730367747 23.619028101771775 23.57996650214301 23.617307155342413 24.166919848044465 25.299942900022767 23.71167723062705 23.722313176985022 23.714089518767878 23.675433727136493 23.598833641567484 23.5015398751978 23.405387358918667 23.336657595757718 23.413602346252578 24.107320799342386 25.299942900022767 23.59082766037866 23.59736613454806 23.591958643129686 23.56351521085499 23.49974653745192 23.40168249897452 23.28955272902499 23.197080146719486 23.244292124530897 24.05182175022789 25.299942900022767 23.52368563814193 23.525417455292036 23.51784908234865 23.49096827666059 23.431302681812987 23.334317572844235 23.215709672410455 23.10810314189578 23.137944563077397 24.012965897510256 25.299942900022767 23.483281367075698 23.48215337680034 23.47264609343839 23.445242950869012 23.386116453445535 23.28867614180762 23.166557144405715 23.051639385892347 23.07404671228211 23.985379685745272 25.299942900022767 23.454633671805563 23.45237082401029 23.44211392158149 23.414571346420757 23.355673029082915 23.257688983496635 23.13320447315852 23.014019143804905 23.032030705583402 23.964511324382762 25.299942900022767 23.43181716792462 23.429284847433284 23.418931740985055 23.39174345200914 23.333415786193157 23.235316182875472 23.109240724349704 22.987109113512037 23.001682223010935 23.947957712722054 25.299942900022767 23.412191182957933 23.40971947671915 23.399590124712866 23.373027701264803 23.315532960240375 23.217685790824806 23.090568751944748 22.966242025709192 22.977984953432003 23.934429241092513 25.299942900022767 23.394685275743587 23.392373156320122 23.382568858971542 23.35671117251542 23.300145626881356 23.202753299994566 23.074944193941676 22.948894848972348 22.958358541732782 23.92315453852185 25.299942900022767 23.37879526041121 23.37666395083354 23.367196830747048 23.3420294618653 23.286388675702355 23.18953605282451 23.06124712059336 22.933785137413178 22.941453938051275 23.913627394940505 25.299942900022767 23.3642718772766 23.36231562017275 23.353165682175707 23.328638094261237 23.273871027100416 23.177578288593747 23.048940948665148 22.92028222222227 22.926555508230095 23.905493643793445 25.299942900022767 23.350985439506005 23.349192859148808 23.34033024065315 23.31638000532342 23.262416181343347 23.16666955322285 23.037768564148354 22.9080739886058 22.913267395024832 23.898493777304722 25.299942900022767 23.338914273647607 23.33724558626802 23.32862362237865 23.305178971079805 23.25193793712197 23.156704495785952 23.027596090723858 22.896992688275134 22.901349901728373 23.892430865060874 25.299942900022767 23.327914412498234 23.326358574025782 23.317949067449433 23.29495207032552 23.24236099437502 23.147604375406498 23.018330938761977 22.886926098268095 22.890635988557133 23.887151398434938 25.299942900022767 23.317918635713106 23.316459901782604 23.308235692168644 23.285633882136747 23.233625159645037 23.139307457479518 23.009901636634183 22.877788297548022 22.880996940470904 23.88253359603435 25.299942900022767 23.308860819569638 23.30748469588984 23.29942111447163 23.277167162619605 23.225678379120097 23.131761496206106 23.00224842303385 22.869507582671485 22.872327069071844 23.878479623032593 25.299942900022767 23.30067464313755 23.299368652289967 23.29144422901353 23.269496215885994 23.218470631840994 23.124917668578945 22.995316889436708 22.862019539402663 22.864535341411923 23.8749099975448 25.299942900022767 23.293294121992474 23.292047796452305 23.28424409382424 23.262565222237786 23.211951790753467 23.118727886303216 22.98905484532706 22.855263547288896 22.857540674861497 23.87175945056244 25.299942900022767 23.286654658404352 23.285459271865648 23.277760519849664 23.25631859196083 23.206071642623098 23.113144374717 22.983411445927032 22.849181561246336 22.851269499539036 23.868973838767243 25.299942900022767 23.280694079101966 23.27954235453698 23.271935053816808 23.250701896293297 23.20078066958134 23.108120176622815 22.9783373797699 22.84371804119092 22.845654584498554 23.86650782978093 25.299942900022767 23.27535346099304 23.274239308125505 23.266711866213164 23.245662784968307 23.196030925712133 23.103609863462903 22.97378537986478 22.838820290353716 22.840634464011025 23.86432315093758 25.299942900022767 23.270577697187342 23.26949599065501 23.26203840797848 23.24115170050702 23.191776763034856 23.099570176988717 22.969710732105757 22.834438842464632 22.836153104812517 23.86238725418818 25.299942900022767 23.266315824236326 23.2652622215145 23.25786582776104 23.23712235837827 23.18797534597952 23.095960502660997 22.96607165755519 22.830527753221066 22.83215964392663 23.860672288882938 25.299942900022767 23.262521156049633 23.261491950274493 23.254149185657177 23.233532020063947 23.184586966834395 23.09274316810409 22.962829545805075 22.827044760781522 22.828608129653446 23.85915430424615 25.299942900022767 23.259151273787463 23.25814327566007 23.250847510307494 23.230341602783714 23.18157519890898 23.08988359294133 22.95994905668639 22.823951326310635 22.82545724727957 23.857812624634924 25.299942900022767 23.256167915868456 23.25517835910934 23.24792374393671 23.22751566977888 23.178906927969955 23.087350324569435 22.957398119612133 22.82121258081731 22.822670031268323 23.856629355750133 25.299942900022767 23.25353680416333 23.252563269797403 23.24534461294204 23.225022339074958 23.17655229836642 23.085114992684225 22.955147860067903 22.81879720618979 22.82021357232962 23.855588990877457 25.299942900022767 23.251227434176712 23.250267789969136 23.24308045357917 23.22283314093595 23.174484603524586 23.08315221005284 22.953172478564568 22.816677274761393 22.818058728545974 23.854678094220226 25.299942900022767 23.24921284974245 23.24826519867913 23.241105013943013 23.22092284648179 23.172680143507073 23.08143944102727 22.95144910210274 22.814828066785463 22.816179848352053 23.853885044285228 25.299942900022767 23.24746941676345 23.24653205713639 23.239395249996495 23.219269285229032 23.17111806725904 23.079956854445594 22.949957623612118 22.813227880637314 22.814554511322374 23.853199824636654 25.299942900022767 23.245976606115665 23.24504799775185 23.237931123315523 23.217853161993816 23.169780211301166 23.078687172669802 22.948680540513816 22.811857846453616 22.81316329087079 23.852613852568023 25.299942900022767 23.2447167921895 23.243795528082284 23.23669541793313 23.21665788680676 23.16865094654324 23.0776155268858 22.947602801187276 22.810701751075232 22.811989541508595 23.852119838618208 25.299942900022767 23.243675071463283 23.242759854095965 23.235673568745842 23.215669416023676 23.1677170345859 23.076729321495684 22.946711662672513 22.809745877854624 22.811019211318676 23.85171167159696 25.299942900022767 23.242839103472292 23.241928728123842 23.234853512148373 23.214876111431646 23.16696749861116 23.076018111715303 22.945996562954537 22.808978864158014 22.810240679644963 23.851384324968098 25.299942900022767 23.24219897580055 23.241292303763725 23.234225549434687 23.214268614029624 23.166393508790517 23.075473495820802 22.945449009806506 22.80839157865206 22.809644620518075 23.851133781757817 25.299942900022767 23.241747093355425 23.240843031318693 23.233782243743494 23.21383974600164 23.165988291552846 23.075089028763 22.94506249105534 22.80797702185849 22.809223892691378 23.85095697578963 25.299942900022767 23.241478092293463 23.240575582119966 23.233518343931397 23.213584437241106 23.165747060847547 23.074860156245812 22.944832405800934 22.807730249707088 22.80897345541829 23.85085174754742 25.299942900022767 23.241388778783968 23.240486783549468 23.233430723401 23.213499668526445 23.165666966162412 23.074784165689497 22.944756014018182 22.807648318184317 22.808890308357643 23.85081681342231 25.299942900022767
    </DataArray>
    <DataArray type="Float32" Name="Hole density [log10(m^-3)]" NumberOfComponents="1" format="ascii">
0.0 0.0 0.0 0.0 0.0 0.0 0.0 0.0 0.0 0.0 0.0 0.0 0.0 0.0 0.0 0.0 0.0 0.0 0.0 0.0 0.0 0.0 0.0 0.0 0.0 0.0 0.0 0.0 0.0 0.0 0.0 0.0 0.0 0.0 0.0 0.0 0.0 0.0 0.0 0.0 0.0 0.0 0.0 0.0 0.0 0.0 0.0 0.0 0.0 0.0 0.0 0.0 0.0 0.0 0.0 0.0 0.0 0.0 0.0 0.0 0.0 0.0 0.0 0.0 0.0 0.0 0.0 0.0 0.0 0.0 0.0 0.0 0.0 0.0 0.0 0.0 0.0 0.0 0.0 0.0 0.0 0.0 0.0 0.0 0.0 0.0 0.0 0.0 0.0 0.0 0.0 0.0 0.0 0.0 0.0 0.0 0.0 0.0 0.0 0.0 0.0 0.0 0.0 0.0 0.0 0.0 0.0 0.0 0.0 0.0 0.0 0.0 0.0 0.0 0.0 0.0 0.0 0.0 0.0 0.0 0.0 0.0 0.0 0.0 0.0 0.0 0.0 0.0 0.0 0.0 0.0 0.0 0.0 0.0 0.0 0.0 0.0 0.0 0.0 0.0 0.0 0.0 0.0 0.0 0.0 0.0 0.0 0.0 0.0 0.0 0.0 0.0 0.0 0.0 0.0 0.0 0.0 0.0 0.0 0.0 0.0 0.0 0.0 0.0 0.0 0.0 0.0 0.0 0.0 0.0 0.0 0.0 0.0 0.0 0.0 0.0 0.0 0.0 0.0 0.0 0.0 0.0 0.0 0.0 0.0 0.0 0.0 0.0 0.0 0.0 0.0 0.0 0.0 0.0 0.0 0.0 0.0 0.0 0.0 0.0 0.0 0.0 0.0 0.0 0.0 0.0 0.0 0.0 0.0 0.0 0.0 0.0 0.0 0.0 0.0 0.0 0.0 0.0 0.0 0.0 0.0 0.0 0.0 0.0 0.0 0.0 0.0 0.0 0.0 0.0 0.0 0.0 0.0 0.0 0.0 0.0 0.0 0.0 0.0 0.0 0.0 0.0 0.0 0.0 0.0 0.0 0.0 0.0 0.0 0.0 0.0 0.0 0.0 0.0 0.0 0.0 0.0 0.0 0.0 0.0 0.0 0.0 0.0 0.0 0.0 0.0 0.0 0.0 0.0 0.0 0.0 0.0 0.0 0.0 0.0 0.0 0.0 0.0 0.0 0.0 0.0 0.0 0.0 0.0 0.0 0.0 0.0 0.0 0.0 0.0 0.0 0.0 0.0 0.0 0.0 0.0 0.0 0.0 0.0 0.0 0.0 0.0 0.0 0.0 0.0 0.0 0.0 0.0 0.0 0.0 0.0 0.0 0.0 0.0 0.0 0.0 0.0 0.0 0.0 0.0 0.0 0.0 0.0 0.0 0.0 0.0 0.0 0.0 0.0 0.0 0.0 0.0 0.0 0.0 0.0 0.0 0.0 0.0 0.0 0.0 0.0 0.0 0.0 0.0 0.0 0.0 0.0 0.0 0.0 0.0 0.0 0.0 0.0 0.0 0.0 0.0 0.0 0.0 0.0 0.0 0.0 0.0 0.0 0.0 0.0 0.0 0.0 0.0 0.0 0.0 0.0 0.0 0.0 0.0 0.0 0.0 0.0 0.0 0.0 0.0 0.0 0.0 0.0 0.0 0.0 0.0 0.0 0.0 0.0 0.0 0.0 0.0 0.0 0.0 0.0 0.0 0.0 0.0 0.0 0.0 0.0 0.0 0.0 0.0 0.0 0.0 0.0 0.0 0.0 0.0 0.0 0.0 0.0 0.0 0.0 0.0 0.0 0.0 0.0 0.0 0.0 0.0 0.0 0.0 0.0 0.0 0.0 0.0 0.0 0.0 0.0 0.0 0.0 0.0 0.0 0.0 0.0 0.0 0.0 0.0 0.0 0.0 0.0 0.0 0.0 0.0 0.0 0.0 0.0 0.0 0.0 0.0 0.0 0.0 0.0 0.0 0.0 0.0 0.0 0.0 0.0 0.0 0.0 0.0 0.0 0.0 0.0 0.0 0.0 0.0 0.0 0.0 0.0 0.0 0.0 0.0 0.0 0.0 0.0 0.0 0.0 0.0 0.0 0.0 0.0 0.0 0.0 0.0 0.0 0.0 0.0 0.0 0.0 0.0 0.0 0.0 0.0 0.0 0.0 0.0 0.0 0.0 0.0 0.0 0.0 0.0 0.0 0.0 0.0 0.0 0.0 0.0 0.0 0.0 0.0 0.0 0.0 0.0 0.0 0.0 0.0 0.0 0.0 0.0 0.0 0.0 0.0 0.0 0.0 0.0 0.0 0.0 0.0 0.0 0.0 0.0 0.0 0.0 0.0 0.0 0.0 0.0 0.0 0.0 0.0 0.0 0.0 0.0 0.0 0.0 0.0 0.0 0.0 0.0 0.0 0.0 0.0 0.0 0.0 0.0 0.0
    </DataArray>
    <DataArray type="Float32" Name="Ion density [log10(m^-3)]" NumberOfComponents="1" format="ascii">
24.511587096073775 24.297268765889424 24.460360415192604 24.558131756251278 24.619566969650972 24.664563194607915 24.70591547070584 24.75178725217215 24.807721971137607 24.87790793800397 24.977723605288848 24.50195164750774 24.288001034509605 24.45324482215882 24.55323870114779 24.61653202884536 24.662909081630055 24.705157871168574 24.751470483020576 24.807437724591406 24.877401681399952 24.977723605288848 24.47176682671235 24.2594351182825 24.430771892942765 24.537209384160725 24.606065871379844 24.656689469096595 24.701823039301512 24.749747704891053 24.806223429658104 24.875982544006146 24.977723605288848 24.42274572879325 24.212862850153503 24.393664449685758 24.510271384960628 24.588038343023292 24.645538675080793 24.69542285245839 24.746170366399568 24.80383089031979 24.87362202775269 24.977723605288848 24.357787296487686 24.151399235396475 24.344192461117437 24.47386776247168 24.563309950713933 24.630003696821667 24.68635929835143 24.741021650762555 24.800391720448598 24.87037233031998 24.977723605288848 24.280676363529384 24.07892910831996 24.285330260503656 24.430026639679017 24.53314975854198 24.610820232456664 24.675027547871153 24.734509205265464 24.79603784743923 24.86639598644245 24.977723605288848 24.19526404050087 23.999238925083237 24.220041859388566 24.380824543523563 24.498894030837675 24.588811148763472 24.661961119243067 24.72707118902305 24.79129821822881 24.86250060456914 24.977723605288848 24.104647421315576 23.915195785627407 24.150516970826487 24.327694599205326 24.461283754483578 24.56417765983544 24.646990761222458 24.718312643993762 24.78569109707653 24.858296197488734 24.977723605288848 24.010523259926295 23.82842572128445 24.07798727217417 24.271382903125527 24.420634091555055 24.536918600509143 24.62996570866084 24.70814829724458 24.779546411497822 24.85468838116507 24.977723605288848 23.911655655763905 23.73824169651816 24.00185116040965 24.21129620910571 24.376353845380386 24.50655557972473 24.610692256946177 24.69697837116317 24.774494505890438 24.85372517681415 24.977723605288848 23.80016163976411 23.638997138411472 23.917549205849486 24.1438941889455 24.325879267873766 24.471498203180243 24.588730375437482 24.685961341864797 24.773162854853183 24.856489635235654 24.977723605288848 23.653770362064126 23.51621613090365 23.814311508677903 24.06183084825711 24.265163617795398 24.43082906779296 24.56617427075411 24.679328586629197 24.777458660995357 24.861745409527874 24.977723605288848 23.421206313088227 23.345331463980763 23.67981864880371 23.957244494186313 24.193018422876104 24.388669153526727 24.546207508149283 24.67711203914331 24.78338302213444 24.868017472182988 24.977723605288848 22.83807428863275 22.85974799387298 23.30890317881099 23.72024039428628 24.078328753215136 24.391983200093232 24.530955806858916 24.676796023443234 24.791356306483028 24.875476054706695 24.977723605288848 22.41308167907718 22.498533322406285 22.983868357147795 23.423570459224617 23.812864453590414 24.14905725525741 24.428811936143983 24.66657005446528 24.85677016476096 24.885005105318804 24.977723605288848 22.15330058231125 22.26822348289589 22.772535012075327 23.231910860855546 23.64269400605084 24.001608567735655 24.305810839192276 24.55367487106895 24.743888652249506 24.877920424644504 24.977723605288848 22.029233094559594 22.160235173008967 22.675843481591855 23.1474456822027 23.571468708042758 23.944209232372565 24.26217772898002 24.522852951591176 24.725849713534227 24.874639697655315 24.977723605288848 21.96446866835007 22.105130815963115 22.627880776268043 23.107109000798346 23.539216619557273 23.9201700267045 24.24595935148992 24.51348190167075 24.721835524756436 24.873998895808686 24.977723605288848 21.91797529981873 22.06531287938907 22.59353501621275 23.078580486205247 23.51675298615989 23.90376054131391 24.2352065186085 24.507542643425175 24.719457281307697 24.873642506179873 24.977723605288848 21.878632638320223 22.031159135930682 22.563998953622736 23.054010083840808 23.49734797965941 23.88949341303195 24.225743306987113 24.502198366152253 24.717214311500726 24.873229219327055 24.977723605288848 21.84402515143678 22.000737711330505 22.537550059317976 23.031904804923556 23.479786876451904 23.876467341747745 24.216982298543602 24.49713612959049 24.71499543839333 24.872753945375504 24.977723605288848 21.813331703099205 21.973508955757065 22.513748364144707 23.01190971185905 23.463808528190864 23.86452293174335 24.208859410903813 24.492362275277117 24.712837364242954 24.872246275007118 24.977723605288848 21.78606044292834 21.949147992402175 22.492350233510635 22.99384673010213 23.449296561308625 23.853603123798486 24.201368268638287 24.487903717547894 24.71077689706523 24.871730991291756 24.977723605288848 21.76181018432132 21.92737094846474 22.473143467439506 22.97756450399917 23.436153830757114 23.843658828711753 24.194498565590106 24.483775269461194 24.708837785640377 24.871225188736044 24.977723605288848 21.740233364907183 21.907914577336793 22.455926628998498 22.962916888956194 23.424283441895177 23.834635784742694 24.188230006771832 24.479979440057132 24.707032892464536 24.870739922373314 24.977723605288848 21.72099634183972 21.890535246006667 22.440508905614372 22.949761648973002 23.413587240211196 23.826474263005583 24.182533884366272 24.476509357311418 24.70536722243863 24.870281914379127 24.977723605288848 21.70385927790658 21.875016138888995 22.426713301325382 22.93796264289157 23.403967785054327 23.819111376594375 24.177375935598324 24.473351912808944 24.70384032123137 24.869854839115188 24.977723605288848 21.688581642991224 21.86115989336336 22.41437639543681 22.92739130914427 23.3953303218327 23.812483281516343 24.17271863195065 24.470489837801413 24.702448051796637 24.86946024994708 24.977723605288848 21.674955478350338 21.84878886251522 22.403348702144346 22.917927826697685 23.387584452774654 23.806527099191634 24.168523132883983 24.467903438406072 24.701183915777168 24.869098252534698 24.977723605288848 21.662798199095672 21.837744220153837 22.39349466392218 22.90946183857062 23.380645363329116 23.80118241154893 24.16475083969426 24.46557199054466 24.7000400334446 24.86876799615968 24.977723605288848 21.65194931792265 21.82788447290546 22.384692195081183 22.901892698140966 23.374434559525955 23.796392288054612 24.161364476713 24.46347471336756 24.699007853387393 24.868468030317416 24.977723605288848 21.64226772485988 21.819083969889576 22.376831907007073 22.89512930676866 23.36888015716098 23.79210385463773 24.15832879404477 24.46159143336717 24.69807865115651 24.86819655976216 24.977723605288848 21.63362928050204 21.811231351799904 22.369816163998387 22.889089693435942 23.363916868575675 23.788268555942803 24.155610979008717 24.459903011080286 24.697243866219353 24.867951622887617 24.977723605288848 21.625924719152934 21.804228064537032 22.36355808513656 22.88370044848347 23.359485791775132 23.784842205710103 24.153180855472137 24.45839159325713 24.69649532066171 24.867731215016633 24.977723605288848 21.619057822528223 21.797986975456165 22.357980534737564 22.87889606937682 23.35553406224186 23.781784876321513 24.15101093112991 24.457040737656733 24.69582534992187 24.867533369588756 24.977723605288848 21.612943836776157 21.792431114510823 22.353015155330073 22.874618281330687 23.352014432713545 23.779060691027556 24.14907634351893 24.455835450023926 24.695226871684067 24.867356209553378 24.977723605288848 21.607508105137498 21.78749254658482 22.34860146809525 22.87081537077973 23.348884824743813 23.77663756264424 24.147354743320623 24.45476216339871 24.694693412687897 24.86719797791385 24.977723605288848 21.60268488995805 21.783111372844523 22.34468605334668 22.867441554886327 23.346107881136266 23.774486909161425 24.145826142665342 24.453808681706416 24.69421910784405 24.86705705392171 24.977723605288848 21.598416359845398 21.77923485387383 22.341221815302752 22.86445640009076 23.343650537706434 23.7725833667386 24.144472747749575 24.45296410324735 24.693798682027904 24.866931959646084 24.977723605288848 21.59465172018855 21.775816644741784 22.338167330091043 22.861824295726695 23.34148362520582 23.770904513216006 24.14327878874612 24.452218734897695 24.693427421880738 24.8668213603113 24.977723605288848 21.591346467653292 21.77281613098689 22.33548627276757 22.85951398412559 23.339581506941997 23.769430609985566 24.142230355337702 24.451564004255676 24.693101142662222 24.866724060792432 24.977723605288848 21.588461752852805 21.770197856787192 22.333146917274934 22.857498145881234 23.33792175417374 23.768144366460273 24.141315242933082 24.450992374400837 24.69281615354482 24.866638999927684 24.977723605288848 21.585963835535093 21.767931031042778 22.33112170447623 22.8557530373581 23.336484859130213 23.767030728938916 24.140522812347093 24.450497264112606 24.692569223545267 24.866565243772136 24.977723605288848 21.583823622356537 21.7659891075035 22.329386871463306 22.85425817663387 23.335253984213097 23.76607669415967 24.139843864254434 24.450072975179456 24.69235754947647 24.866501978544466 24.977723605288848 21.5820162733572 21.764349424701066 22.32792213061513 22.852996073630635 23.334214745265655 23.76527114692969 24.139270528775178 24.449714627608333 24.69217872672338 24.86644850374765 24.977723605288848 21.58052087315138 21.76299290484934 22.32671040216504 22.851952001352142 23.333355026738705 23.764604720742682 24.138796169935336 24.449418102945668 24.692030723170127 24.8664042257606 24.977723605288848 21.579320156471546 21.761903800825284 22.32573759073749 22.85111380479784 23.332664826679704 23.764069680353824 24.138415304762496 24.449179995997767 24.69191185687514 24.866368652167093 24.977723605288848 21.578400288603323 21.76106949986637 22.324992403200326 22.850471744360366 23.332136129211538 23.76365982479194 24.13812353613675 24.448997574482988 24.691820777166274 24.866341386854273 24.977723605288848 21.577750687437987 21.76048035810797 22.324466202829772 22.850018370794704 23.331762802632273 23.763370409682096 24.13791749883775 24.44886874647337 24.69175644927655 24.8663221259586 24.977723605288848 21.57736388709433 21.76012957107119 22.32415289787409 22.849748429862423 23.33154052166078 23.763198087882355 24.137794818222964 24.44879203538506 24.691718142486753 24.866310654699262 24.977723605288848 21.577235445189398 21.76001309003453 22.32404886390995 22.849658795438703 23.33146671275685 23.763140867669243 24.13775408106969 24.448766562291862 24.691705421713856 24.866306845113904 24.977723605288848
    </DataArray>
    <DataArray type="Float32" Name="Ion density residual[log10(m^-3)]" NumberOfComponents="1" format="ascii">
24.609423321373637 24.608430419112935 24.606416367797138 24.599615618818774 24.58638354443368 24.566331779869827 24.537198985049788 24.49231102587976 24.40649189468411 24.190323093665715 23.676693609624866 24.603552777244314 24.59948038523407 24.5944755253538 24.585779780671974 24.572063678195157 24.551664491562416 24.52195218415619 24.476260981758312 24.3908053464751 24.18073867393074 23.676693609624866 24.58882095006005 24.578656153616894 24.570593218252267 24.560491773742832 24.546055384048874 24.524667591834373 24.49307312033303 24.445261794256556 24.35997367334896 24.15758410383733 23.676693609624866 24.563996348778815 24.549600474820995 24.538478788151412 24.526377575197642 24.510637001419724 24.488778459937286 24.457338576174347 24.40934308247696 24.32341561900232 24.124439008473985 23.676693609624866 24.52851206229705 24.51161327578196 24.498189961535903 24.484824730144776 24.46839061567718 24.44607641644159 24.414170031557806 24.36544702965207 24.27890901324708 24.085747903737584 23.676693609624866 24.48154369037913 24.463230094001606 24.448365180195097 24.43449433720231 24.418154605512946 24.3961101392115 24.364384971805084 24.31547541782681 24.228617042807446 24.044443575664086 23.676693609624866 24.42219059395582 24.403423095964122 24.38780448092321 24.37407419730651 24.358565197432547 24.337512334382602 24.30659499320896 24.25796952374282 24.17142563780038 24.00848834522748 23.676693609624866 24.34949456844764 24.33139481759781 24.31618110611137 24.302609331260836 24.288477117766057 24.269084865018332 24.239517185836625 24.191627192958574 24.106360873690456 23.96904518781983 23.676693609624866 24.262537902878766 24.246170388775113 24.232578480531835 24.220284032601104 24.207232697766443 24.18984568148204 24.1620243910175 24.115299407719878 24.032975108580317 23.92808946386083 23.676693609624866 24.160455341983326 24.14670659556633 24.135504797166835 24.126007628328157 24.11526732952503 24.099476573124864 24.0734992189427 24.02859584877475 23.952507027469505 23.889817494531833 23.676693609624866 24.04231520807956 24.03266921219676 24.026110295577066 24.020300650598326 24.01241241373671 23.999268100558243 23.975393103852632 23.934219425257083 23.87674855844306 23.85338176849289 23.676693609624866 23.906569951069248 23.906080363785414 23.906877214844148 23.906571937658338 23.903465961282564 23.893969937613107 23.87562371476524 23.848099332153797 23.82112532422437 23.821391134105617 23.676693609624866 23.74548553348388 23.754397054357767 23.777963818336598 23.798291579350554 23.802027773227277 23.80213513501302 23.79324567086505 23.785463844831725 23.779577481519198 23.789626168732593 23.676693609624866 23.5312199078059 23.50201972697985 23.55494737832243 23.630088979811433 23.687573970570202 23.699677436139424 23.720486902441493 23.739508902211004 23.742578239229857 23.754107991275255 23.676693609624866 23.364618406319398 23.28984608251427 23.352678401901738 23.440788241574925 23.52056233905969 23.57115323212382 23.622072130763684 23.67083648580299 23.694125574220827 23.72174165768151 23.676693609624866 23.2568632164044 23.14416802101719 23.198690798579516 23.291829996677667 23.389287426792723 23.46953994785368 23.541378233817973 23.604279822501802 23.644827588583084 23.682596443243472 23.676693609624866 23.193904299934445 23.064502943675098 23.11193440727033 23.205345672403467 23.302250541211674 23.3940382764626 23.478216462512812 23.55533212007416 23.6180325861231 23.664834283932652 23.676693609624866 23.15511839307685 23.018161069932486 23.06717299349938 23.167704232369434 23.26386344214669 23.351797228547866 23.43748875360842 23.5205793606434 23.594508992593717 23.65034578236818 23.676693609624866 23.127596411505678 22.985540271052102 23.038445133177195 23.144089982118498 23.242850070756916 23.331247232089904 23.416098788221714 23.4996227587572 23.57814306336904 23.640113383866044 23.676693609624866 23.105779479483335 22.95970758128054 23.015990017806832 23.12616001454158 23.227685771215047 23.31805969774722 23.403888495607372 23.48774673536765 23.56816076754946 23.633590976110842 23.676693609624866 23.087025467914582 22.937841248210706 22.997274027690857 23.11170106249133 23.21611877400709 23.308635935010468 23.395912465604653 23.480894579247508 23.56224609463338 23.62960507055901 23.676693609624866 23.070261238932716 22.91867593157652 22.98113558101406 23.09950726369025 23.206720471798207 23.301408469189155 23.390287638276632 23.476478209508855 23.558614459948355 23.627193970923695 23.676693609624866 23.054992480707067 22.901582778477227 22.966964203192283 23.088943313661687 23.19881721311626 23.29560681641698 23.38607650786105 23.47337007172024 23.556235793429504 23.625683994924465 23.676693609624866 23.040986618803508 22.886215194636392 22.95440082231605 23.079670920972543 23.192030618071513 23.290798651286956 23.382767757190955 23.471041497710882 23.55456571860301 23.62468088322948 23.676693609624866 23.028131743525865 22.872357518756193 22.943210318431642 23.071470922763176 23.18612247420669 23.286719751244345 23.380066709445792 23.469208189521453 23.553316434682714 23.623968639339648 23.676693609624866 23.01642668523215 22.859855765299724 22.93322192725142 23.064189510464583 23.180934197639754 23.283202569002842 23.37779746926093 23.46775800992443 23.552330920440195 23.623430040223674 23.676693609624866 23.005735370750013 22.84858650829489 22.924300432910567 23.057710143663115 23.17635355453861 23.28013613943831 23.375851581264424 23.46655799035252 23.551520591188677 23.62300051684032 23.676693609624866 22.996001497540867 22.838583790090816 22.91633195541769 23.051938812630944 23.172296209391583 23.27744322852021 23.37415955907724 23.46552489742108 23.550833914776796 23.622643757279892 23.676693609624866 22.987167525302347 22.82974407876518 22.909217072938358 23.04679628713678 23.16869544065521 23.275067234558396 23.372674773935554 23.464621833016064 23.55023991377166 23.62233873200448 23.676693609624866 22.979173932226733 22.82179819160063 22.90286738413441 23.042213973539425 23.1654963460315 23.27297345856531 23.371364262945523 23.46382484699035 23.549719166632954 23.622072847701336 23.676693609624866 22.971960109723483 22.8146662326628 22.897203695524635 23.03813160669773 23.162652501978002 23.271121403492366 23.37020347017128 23.463117492675696 23.54925886204014 23.621838224549766 23.676693609624866 22.965465714992217 22.808273936845765 22.8921549402849 23.034495861521794 23.160123961012967 23.269477181961083 23.369173209679257 23.462487757509397 23.548850014674386 23.621629649862037 23.676693609624866 22.959631956067334 22.802552623246726 22.887657410928014 23.031259423002954 23.157875980995478 23.26801680244125 23.368257896230947 23.46192634929365 23.548486009041902 23.621443583633965 23.676693609624866 22.954402612879484 22.79743917920148 22.883654122671754 23.02838028926001 23.155878161399603 23.26671972058814 23.367444498367075 23.461425717701 23.548161645683773 23.621277356934073 23.676693609624866 22.949724755145006 22.792875981075913 22.880094234803266 23.025821200702612 23.154103813232453 23.26556815929599 23.36672189620759 23.46097950431071 23.547872642335758 23.621128838080523 23.676693609624866 22.94554918633229 22.78881073295015 22.87693250660137 23.023549146556036 23.1525294705863 23.264546636573197 23.366080476308042 23.46058222807561 23.547615367857535 23.62099625431309 23.676693609624866 22.941830666702202 22.785196236819242 22.874128784447336 23.02153492717664 23.151134494378432 23.263641619791347 23.36551186168577 23.460229095723484 23.547386681820036 23.62087808711742 23.676693609624866 22.938527971013283 22.781990112225674 22.871647522200675 23.01975276227844 23.149900740807166 23.262841260177623 23.36500872191908 23.459915883016198 23.547183835378526 23.62077301051411 23.676693609624866 22.935603830067166 22.779154489078852 22.869457338768253 23.018179940079698 23.148812278516775 23.26213518066553 23.364564631764047 23.45963885573873 23.547004408011045 23.62067985433443 23.676693609624866 22.933024796096618 22.776655802082708 22.86753061514696 23.016796504852376 23.14785514561789 23.261514302213506 23.364173961526692 23.45939471369418 23.54684626480731 23.62059758154489 23.676693609624866 22.93076106282561 22.77446606504615 22.865843131802986 23.015584980333877 23.147017140076425 23.260970698858593 23.363831788455478 23.459180547658992 23.54670752536365 23.62052527326472 23.676693609624866 22.928786262977514 22.772556903668207 22.864375281518143 23.01453012644056 23.146287638712085 23.260497475070125 23.363533822408005 23.458993803740604 23.546586539359893 23.62046211794466 23.676693609624866 22.92707725954616 22.77090546994956 22.863109974735142 23.013618726753094 23.14565744126768 23.26008866180369 23.363276343830137 23.458832254015647 23.546481866330183 23.620407402801565 23.676693609624866 22.925613942143542 22.769491978276786 22.862027991529395 23.01283940432103 23.145118636627842 23.25973912815628 23.363056151144537 23.458693971286472 23.546392256550835 23.620360506403458 23.676693609624866 22.924379036020902 22.768299482947665 22.86111589344727 23.01218246343473 23.14466448875384 23.259444506411107 23.36287051588435 23.458577303879515 23.546316630702457 23.620320893039654 23.676693609624866 22.923357928676456 22.76731368316563 22.860362381462306 23.011639755191016 23.14428934033949 23.259201128976432 23.362717144798058 23.458480855030764 23.546254101425408 23.620288112713094 23.676693609624866 22.922538517090562 22.76653392714695 22.85975814234091 23.01120456492529 23.14398853250683 23.25900597595481 23.36259414820917 23.45840346842428 23.546203927082253 23.620261791332627 23.676693609624866 22.92191107733522 22.765945821022807 22.859295722211673 23.010871519816654 23.14375833912353 23.258856632319144 23.36250001405889 23.458344217539498 23.546165509750434 23.62024162695311 23.676693609624866 22.921468157482888 22.765530668298233 22.858969425567803 23.010636515222938 23.143595914574174 23.258751253893383 23.362433587205956 23.458302393902642 23.546138391317026 23.620227387572065 23.676693609624866 22.921204494237 22.76528353444441 22.85877523823476 23.010496658574688 23.143499254055385 23.25868854149274 23.362394053626243 23.458277497835873 23.546122248475918 23.62021890910626 23.676693609624866 22.9211169534101 22.76520148164648 22.8587107731639 23.01045022993247 23.143467165701924 23.25866772277768 23.362380929302542 23.458269232041758 23.54611688882001 23.62021609377755 23.676693609624866
    </DataArray>
    <DataArray type="Float32" Name="Ion density last step [log10(m^-3)]" NumberOfComponents="1" format="ascii">
24.402315765445934 24.18016387786996 24.357458520234378 24.47574150540192 24.558821537369766 24.623531110639846 24.68119506170868 24.739412414446317 24.80361055586819 24.8780386329689 24.977723605288848 24.393986869608007 24.172529838826293 24.351719312966672 24.471882609972205 24.556518704682222 24.6223767877617 24.68076489268454 24.739293984565638 24.803425589183984 24.87755673869745 24.977723605288848 24.367396417236726 24.14856548718584 24.333125272572577 24.458760602773506 24.54809512765146 24.61753439558333 24.678317411300522 24.738096736331055 24.802465396824065 24.876195128390535 24.977723605288848 24.323760472667768 24.10881586758005 24.30178300206459 24.436132776060223 24.53305941078959 24.608356464742815 24.673149061665054 24.735219009672196 24.80039049117224 24.873892358626126 24.977723605288848 24.265302732802226 24.05547036206891 24.25920340913355 24.404881327517366 24.511862240907746 24.595083170256764 24.66543244356617 24.730784269215665 24.797239812534244 24.87066720164074 24.977723605288848 24.195182162767885 23.991568666840877 24.20766848008199 24.366539474834102 24.48543708252216 24.57822132468952 24.655403715681615 24.72489259146025 24.793082460573643 24.866660382972064 24.977723605288848 24.116767431974875 23.92027678097799 24.149630292411075 24.322830875669514 24.454909554377668 24.558480670546377 24.64353900613725 24.717953304050205 24.788434459763135 24.862679701710416 24.977723605288848 24.032831624268784 23.844073152888946 24.086942586458864 24.27495131687354 24.42088862758266 24.536011704410896 24.629665904343533 24.709587215422054 24.782830937161634 24.85834619842957 24.977723605288848 23.94487818512777 23.764373542753724 24.020635250886073 24.223487002665983 24.383592841430016 24.51077745609566 24.613639821206544 24.699734031636797 24.77662730905605 24.854581385635182 24.977723605288848 23.851550537771146 23.68037235972265 23.94996934371084 24.167707329064488 24.342319921965718 24.482228717420252 24.595234945703254 24.688789543129143 24.771465382881697 24.85344889812271 24.977723605288848 23.74484370204083 23.586309170192084 23.870243477932696 24.103909043398993 24.294347010478234 24.448643708045605 24.573920580167233 24.67786534207492 24.7699629486256 24.856040539007353 24.977723605288848 23.602261458839145 23.467528371895817 23.770497406828657 24.024545081397942 24.235437604792516 24.408955585070178 24.551706082710215 24.67117469066734 24.774048861328875 24.861133489252698 24.977723605288848 23.37213564022933 23.299182320356216 23.638215777520678 23.921598082941617 24.164283729122825 24.367220323701492 24.531802071772553 24.66879772023188 24.779757595781966 24.867258216438845 24.977723605288848 22.7882657573897 22.813492849266357 23.266798443737706 23.68368749578091 24.048590978048416 24.369910410450746 24.516319671428413 24.66816229725611 24.78743568828407 24.874570254485622 24.977723605288848 22.36553918162518 22.4540184831257 22.943013991585925 23.38753786368093 23.782690245667368 24.12547654935076 24.412113592189538 24.65636288631044 24.852064477914965 24.883914956860114 24.977723605288848 22.108775803354746 22.226563458736376 22.734290528667422 23.198065925575722 23.614123136870095 23.978954555362748 24.28934517075255 24.543160640575024 24.73852708718318 24.876347868510763 24.977723605288848 21.987497823595152 22.121394315638554 22.64029722336663 23.116034572002764 23.544940110617873 23.923119298430397 24.246770161996636 24.512934954488756 24.720706003561325 24.873004034740344 24.977723605288848 21.92494356744183 22.068565100450613 22.594528447786754 23.07769901757762 23.51439856401315 23.900430050710657 24.23151077985124 24.5041473272001 24.71695944593916 24.872418595980744 24.977723605288848 21.88024320821477 22.030599862394208 22.56197146054709 23.05080657929081 23.49334031250664 23.885137916529946 24.221559843911894 24.49870311318673 24.71481543394555 24.872118053241675 24.977723605288848 21.842407493488615 21.997998672856127 22.533933171315777 23.02760692921732 23.47511506486966 23.87181162565839 24.212774479954252 24.493779378386776 24.71277321084618 24.871754202382803 24.977723605288848 21.80908814416414 21.968897196782102 22.508755102810102 23.00666399202896 23.45855487493721 23.859584888778894 24.2045905667519 24.489076238356464 24.71072676228425 24.871322337746033 24.977723605288848 21.779505214215902 21.94279995994377 22.486040109080303 22.987661619195084 23.44343121988915 23.84832349864639 24.196961502002782 24.48461042613171 24.708717392202598 24.870852842592086 24.977723605288848 21.75319681029514 21.919414921512953 22.465576857815684 22.97045141511139 23.429653074972318 23.837990290220144 24.18989493358599 24.4804172989259 24.706785694932133 24.87037119719223 24.977723605288848 21.729785031815037 21.89848376584108 22.447178443365157 22.95490544299929 23.417143470781685 23.82855214762072 24.183391897915325 24.47651853138574 24.70495851173179 24.869895086110297 24.977723605288848 21.708940942797035 21.879763556427168 22.43066355066911 22.940896250982675 23.405821692055948 23.819967684228814 24.17744128540689 24.47292221162908 24.703251236130697 24.869436065888763 24.977723605288848 21.690345983527106 21.863027039541002 22.415857574201848 22.928296669260124 23.395602652922353 23.812187602071138 24.172021854790255 24.46962602049986 24.70167095451983 24.869001287318206 24.977723605288848 21.673772937263337 21.84807083126959 22.402596734558106 22.916982822911958 23.38639955681869 23.805157523518393 24.167105449207185 24.46662058672255 24.700218934803313 24.868594792696367 24.977723605288848 21.65899172755143 21.834708662858933 22.390728491982827 22.906836230018346 23.3781263922148 23.79882059946327 24.162659568487452 24.463891729520892 24.698892474034384 24.86821845238327 24.977723605288848 21.645803191336864 21.8227721391239 22.380112400317582 22.897745424922473 23.370700002425632 23.793119746115917 24.158649543464 24.461422324342365 24.69768627583609 24.86787264610732 24.977723605288848 21.634032198803432 21.81211021398498 22.37062047382358 22.889607032479617 23.364041616821613 23.787999382085463 24.155040260968704 24.459193799867144 24.69659347449965 24.86755676096806 24.977723605288848 21.623524620724726 21.802587982127765 22.36213701462479 22.882326282176496 23.358077822019496 23.783406642037153 24.151797377706252 24.45718719097122 24.6956063793782 24.867269553553797 24.977723605288848 21.614144797087615 21.794085404060464 22.35455805645618 22.87581705209812 23.352741031669137 23.779292090165377 24.148888126094892 24.45538386489379 24.694717000825634 24.867009409531747 24.977723605288848 21.605773279508398 21.78649592383086 22.347790590481967 22.870001609122717 23.347969613892932 23.775610095211952 24.14628180631973 24.453765996601977 24.693917408700838 24.866774525761464 24.977723605288848 21.59830485400931 21.77972511537309 22.341751701448064 22.864810169113934 23.343707791089003 23.77231896962365 24.143950049196867 24.45231685939585 24.69319996819861 24.866563036665514 24.977723605288848 21.591646811482878 21.77368940555482 22.336367664894432 22.86018034304482 23.33990537953687 23.769380929528122 24.141866913899044 24.451020980287627 24.692557484292568 24.866373097966974 24.977723605288848 21.585717443755943 21.768314901661785 22.331573066144873 22.856056538176155 23.336517439507624 23.76676194334629 24.140008874373763 24.449864201518373 24.691983281690888 24.86620294020881 24.977723605288848 21.580444741358917 21.763536334156257 22.327309970585357 22.852389356733344 23.333503883653165 23.764431516015016 24.138354735278128 24.448833679722632 24.691471240648294 24.866050901085494 24.977723605288848 21.57576526952961 21.75929611591876 22.32352716128638 22.849135018604496 23.33082907571432 23.76236244163964 24.136885506845342 24.447917845711004 24.6910158034676 24.865915443151053 24.977723605288848 21.571623200384305 21.755543513267916 22.320179450839692 22.846254823573858 23.328461440221748 23.76053054684217 24.135584259275394 24.447106341259907 24.69061196239714 24.86579516167874 24.977723605288848 21.567969481126717 21.75223392083699 22.317227068337214 22.843714661016335 23.326373095706742 23.75891443928982 24.13443597060188 24.446389944305047 24.69025523650824 24.865688786103725 24.977723605288848 21.56476112019642 21.749328230779266 22.314635118800798 22.841484569933428 23.324539518241913 23.757495270284963 24.133427377107196 24.44576049021831 24.689941642790505 24.865595177468382 24.977723605288848 21.561960576570538 21.746792288732408 22.312373110170338 22.83953834912708 23.32293923838261 23.756256516452666 24.132546831915587 24.445210794178934 24.689667665004826 24.865513323552022 24.977723605288848 21.55953523736551 21.744596423172 22.31041454391086 22.83785321547154 23.32155357212799 23.755183782941533 24.131784174987345 24.444734577750122 24.689430222604802 24.86544233282787 24.977723605288848 21.557456974449504 21.742715045012275 22.308736563163283 22.836409507159242 23.320366385062663 23.754264628914157 24.1311306161684 24.44432640149917 24.689226641200055 24.86538142801314 24.977723605288848 21.555701766697055 21.74112630378388 22.307319647482633 22.835190428213537 23.319363888035785 23.753488415093393 24.130578631923385 24.443981604632693 24.68905462543562 24.865329939704754 24.977723605288848 21.554249384310086 21.739811800004915 22.306147358388664 22.834181831618423 23.318534462582164 23.75284617257511 24.130121875708085 24.443696251985585 24.688912234670333 24.865287300406884 24.977723605288848 21.553083125175547 21.738756343223592 22.30520612654722 22.833372037972584 23.31786851430612 23.752330492112403 24.12975510190898 24.443467088752445 24.688797862095925 24.86525303922458 24.977723605288848 21.552189604056576 21.737947764664952 22.3044850782159 22.83275168673972 23.317358352125385 23.751935432535063 24.129474102600877 24.44329150257202 24.688710217002523 24.865226777261384 24.977723605288848 21.55155858155423 21.737376758799904 22.303975896160487 22.832313617387154 23.316998091685136 23.751656447320734 24.129275656665488 24.443167492883727 24.68864831033856 24.865208223803837 24.977723605288848 21.55118283294911 21.73703675912852 22.303672713302305 22.83205277867511 23.31678358160462 23.751490328430847 24.129157490783804 24.44309364736246 24.688611443552094 24.865197173336586 24.977723605288848 21.55105805911853 21.736923858257665 22.30357203862477 22.831966165003465 23.316712351586734 23.751435166726665 24.129118251892244 24.443069125240356 24.68859920066785 24.865193503405976 24.977723605288848
    </DataArray>
    <DataArray type="Float32" Name="Ion density max [log10(m^-3)]" NumberOfComponents="1" format="ascii">
24.511587120609345 24.297268765889424 24.460360415192604 24.558131756251278 24.619566969650972 24.664563194607915 24.70591547070584 24.75178725217215 24.807721971137607 24.879046595850873 24.977723605288848 24.50195167309771 24.288001034509605 24.45324482215882 24.55323870114779 24.61653202884536 24.662909081630055 24.705157871168574 24.751470483020576 24.807437724591406 24.87852758777049 24.977723605288848 24.471766854423166 24.2594351182825 24.430771892942765 24.537209384160725 24.606065871379844 24.656689469096595 24.701823039301512 24.749747704891053 24.806223429658104 24.87706726548601 24.977723605288848 24.422745757798626 24.212862850153503 24.393664449685758 24.510271384960628 24.588038343023292 24.645538675080793 24.69542285245839 24.746170366399568 24.80383089031979 24.874680209821506 24.977723605288848 24.357787324578847 24.151399235396475 24.344192461117437 24.47386776247168 24.563309950713933 24.630003696821667 24.68635929835143 24.741021650762555 24.800391720448598 24.87136432406148 24.977723605288848 24.280676388297227 24.07892910831996 24.285330260503656 24.430026639679017 24.53314975854198 24.610820232456664 24.675027547871153 24.734509205265464 24.79603784743923 24.86724516998389 24.977723605288848 24.195264060235953 23.999238925083237 24.220041859388566 24.380824543523563 24.498894030837675 24.588811148763472 24.661961119243067 24.72707118902305 24.79129821822881 24.863142383981458 24.977723605288848 24.10464743528725 23.915195785627407 24.150516970826487 24.327694599205326 24.461283754483578 24.56417765983544 24.646990761222458 24.718312643993762 24.78569109707653 24.858748733316656 24.977723605288848 24.010523268250974 23.82842572128445 24.07798727217417 24.271382903125527 24.420634091555055 24.536918600509143 24.62996570866084 24.70814829724458 24.779546411497822 24.855001239928544 24.977723605288848 23.911655659100358 23.73824169651816 24.00185116040965 24.21129620910571 24.376353845380386 24.50655557972473 24.610692256946177 24.69697837116317 24.774494505890438 24.853921145089352 24.977723605288848 23.80016163976411 23.638997138411472 23.917549205849486 24.1438941889455 24.325879267873766 24.471498203180243 24.588730375437482 24.685961341864797 24.773162854853183 24.856593025427266 24.977723605288848 23.653770362064126 23.51621613090365 23.814311508677903 24.06183084825711 24.265163617795398 24.43082906779296 24.56617427075411 24.679328586629197 24.777458660995357 24.861789215945073 24.977723605288848 23.421206313088227 23.345331463980763 23.67981864880371 23.957244494186313 24.193018422876104 24.388669153526727 24.546207508149283 24.67711203914331 24.78338302213444 24.868022442704444 24.977723605288848 22.83807428863275 22.85974799387298 23.30890317881099 23.72024039428628 24.078328753215136 24.391983200093232 24.530955806858916 24.676796023443234 24.791356306483028 24.875476054706695 24.977723605288848 22.41308167907718 22.498533322406285 22.983868357147795 23.423570459224617 23.812864453590414 24.14905725525741 24.428811936143983 24.66657005446528 24.85677016476096 24.885005105318804 24.977723605288848 22.15330058231125 22.26822348289589 22.772535012075327 23.231910860855546 23.64269400605084 24.001608567735655 24.305810839192276 24.55367487106895 24.743888652249506 24.877920424644504 24.977723605288848 22.029233094559594 22.160235173008967 22.675843481591855 23.1474456822027 23.571468708042758 23.944209232372565 24.26217772898002 24.522852951591176 24.725849713534227 24.874639697655315 24.977723605288848 21.96446866835007 22.105130815963115 22.627880776268043 23.107109000798346 23.539216619557273 23.9201700267045 24.24595935148992 24.51348190167075 24.721835524756436 24.873998895808686 24.977723605288848 21.91797529981873 22.06531287938907 22.59353501621275 23.078580486205247 23.51675298615989 23.90376054131391 24.2352065186085 24.507542643425175 24.719457281307697 24.873642506179873 24.977723605288848 21.878632638320223 22.031159135930682 22.563998953622736 23.054010083840808 23.49734797965941 23.88949341303195 24.225743306987113 24.502198366152253 24.717214311500726 24.873229219327055 24.977723605288848 21.84402515143678 22.000737711330505 22.537550059317976 23.031904804923556 23.479786876451904 23.876467341747745 24.216982298543602 24.49713612959049 24.71499543839333 24.872753945375504 24.977723605288848 21.813331703099205 21.973508955757065 22.513748364144707 23.01190971185905 23.463808528190864 23.86452293174335 24.208859410903813 24.492362275277117 24.712837364242954 24.872246275007118 24.977723605288848 21.78606044292834 21.949147992402175 22.492350233510635 22.99384673010213 23.449296561308625 23.853603123798486 24.201368268638287 24.487903717547894 24.71077689706523 24.871730991291756 24.977723605288848 21.76181018432132 21.92737094846474 22.473143467439506 22.97756450399917 23.436153830757114 23.843658828711753 24.194498565590106 24.483775269461194 24.708837785640377 24.871225188736044 24.977723605288848 21.740233364907183 21.907914577336793 22.455926628998498 22.962916888956194 23.424283441895177 23.834635784742694 24.188230006771832 24.479979440057132 24.707032892464536 24.870739922373314 24.977723605288848 21.72099634183972 21.890535246006667 22.440508905614372 22.949761648973002 23.413587240211196 23.826474263005583 24.182533884366272 24.476509357311418 24.70536722243863 24.870281914379127 24.977723605288848 21.70385927790658 21.875016138888995 22.426713301325382 22.93796264289157 23.403967785054327 23.819111376594375 24.177375935598324 24.473351912808944 24.70384032123137 24.869854839115188 24.977723605288848 21.688581642991224 21.86115989336336 22.41437639543681 22.92739130914427 23.3953303218327 23.812483281516343 24.17271863195065 24.470489837801413 24.702448051796637 24.86946024994708 24.977723605288848 21.674955478350338 21.84878886251522 22.403348702144346 22.917927826697685 23.387584452774654 23.806527099191634 24.168523132883983 24.467903438406072 24.701183915777168 24.869098252534698 24.977723605288848 21.662798199095672 21.837744220153837 22.39349466392218 22.90946183857062 23.380645363329116 23.80118241154893 24.16475083969426 24.46557199054466 24.7000400334446 24.86876799615968 24.977723605288848 21.65194931792265 21.82788447290546 22.384692195081183 22.901892698140966 23.374434559525955 23.796392288054612 24.161364476713 24.46347471336756 24.699007853387393 24.868468030317416 24.977723605288848 21.64226772485988 21.819083969889576 22.376831907007073 22.89512930676866 23.36888015716098 23.79210385463773 24.15832879404477 24.46159143336717 24.69807865115651 24.86819655976216 24.977723605288848 21.63362928050204 21.811231351799904 22.369816163998387 22.889089693435942 23.363916868575675 23.788268555942803 24.155610979008717 24.459903011080286 24.697243866219353 24.867951622887617 24.977723605288848 21.625924719152934 21.804228064537032 22.36355808513656 22.88370044848347 23.359485791775132 23.784842205710103 24.153180855472137 24.45839159325713 24.69649532066171 24.867732710051584 24.977723605288848 21.619057822528223 21.797986975456165 22.357980534737564 22.87889606937682 23.35553406224186 23.781784876321513 24.15101093112991 24.457040737656733 24.69582534992187 24.867536246356465 24.977723605288848 21.612943836776157 21.792431114510823 22.353015155330073 22.874618281330687 23.352014432713545 23.779060691027556 24.14907634351893 24.455835450023926 24.695226871684067 24.86736029991603 24.977723605288848 21.607508105427474 21.78749254658482 22.34860146809525 22.87081537077973 23.348884824743813 23.77663756264424 24.147354743320623 24.45476216339871 24.694696348028156 24.867203133556984 24.977723605288848 21.60268489116415 21.783111372844523 22.34468605334668 22.867441554886327 23.346107881136266 23.774486909161425 24.145826142665342 24.453809439344013 24.694225056604093 24.86706314361099 24.977723605288848 21.598416361869262 21.77923485387383 22.341221815302752 22.86445640009076 23.343650537706434 23.7725833667386 24.144473141754435 24.452969884174088 24.693807262078153 24.86693886686463 24.977723605288848 21.59465172293947 21.775816644741784 22.338167330091043 22.861824295726695 23.34148362520582 23.770906599770008 24.14328585562181 24.4522288889112 24.693438294291443 24.866828981216955 24.977723605288848 21.591346480028598 21.77281613098689 22.33548627276757 22.859514343106646 23.33958693525271 23.76944044203385 24.142243210770644 24.451577952739477 24.69311400537139 24.866732302444017 24.977723605288848 21.58846362514889 21.77019952472966 22.33315247380122 22.857507886027562 23.337935368723947 23.768160885780926 24.141333096051277 24.451009599607403 24.692830735910203 24.866647778737004 24.977723605288848 21.585970865591438 21.767941799081463 22.331136015163125 22.855770826482146 23.336505495321543 23.767052983268687 24.14054495145544 24.45051729991467 24.692585281623266 24.866574484145296 24.977723605288848 21.5838382455986 21.76600761614639 22.3294086249017 22.85428280640845 23.335280586390063 23.766103820596843 24.13986964444219 24.450095399022114 24.69237486189849 24.866511611681368 24.977723605288848 21.58203727280847 21.764374428869996 22.32795012705535 22.853026439525255 23.334246349006072 23.765302357385046 24.139299361048952 24.449739053441583 24.692197091062134 24.866458466573185 24.977723605288848 21.580547122883964 21.76302325445654 22.326743534446415 22.85198708482659 23.33339074315729 23.764639289051505 24.13882751159012 24.44944417495395 24.6920499527058 24.866414459964616 24.977723605288848 21.57935060494868 21.76193842325408 22.325774827132363 22.851152657314106 23.33270382835198 23.76410693072453 24.13844865074946 24.44920738297225 24.69193177768507 24.866379103333397 24.977723605288848 21.57843394340268 21.761107383968973 22.325032771781242 22.85051347283934 23.332177637384223 23.763699121315764 24.13815841122267 24.44902596470486 24.69184122547257 24.866352003661206 24.977723605288848 21.577786601052956 21.760520539385272 22.324508777020437 22.850062124194366 23.33180607543154 23.763411146665643 24.137953450378586 24.448897842994054 24.691777268994553 24.866332859435786 24.977723605288848 21.577401143542854 21.760171117736224 22.324196782883877 22.849793386592275 23.331584843044187 23.76323968079332 24.137831409395186 24.448821551602528 24.69173918292358 24.866321457526578 24.977723605288848 21.577273147184055 21.760055089687842 22.32409318378019 22.84970415135279 23.331511381979624 23.763182744506153 24.137790884418248 24.448796217731804 24.69172653537094 24.86631767094983 24.977723605288848
    </DataArray>
    <DataArray type="Float32" Name="Mobility [m^2/V/s]" NumberOfComponents="1" format="ascii">
0.0 0.0 0.0 0.0 0.0 0.0 0.0 0.0 0.0 0.0 0.0 2.9638665700318454e-05 3.3027436562457084e-05 3.318442350618678e-05 3.285153668616907e-05 3.63972944920374e-05 3.9130179450007486e-05 3.93060793262955e-05 3.897829455379038e-05 4.188707938804847e-05 4.39471197954187e-05 4.409900469163581e-05 6.016968752111334e-05 6.0185126505039334e-05 6.0153928762310174e-05 6.307997198204373e-05 6.730456335192336e-05 6.732032211072652e-05 6.727158169329596e-05 7.151193182197876e-05 7.882697508167566e-05 7.885995674030307e-05 7.882697508167566e-05 0.0 0.0 0.0 0.0 0.0 0.0 0.0 0.0 0.0 0.0 0.0 0.0 0.0 0.0 0.0 0.0 0.0 0.0 0.0 0.0 0.0 0.0 4.707464152114598e-05 4.91916518922573e-05 5.095470721766219e-05 5.080922415955163e-05 5.2817644857925304e-05 5.495790305059726e-05 5.4874133596564574e-05 5.715987484734709e-05 6.007015930827748e-05 6.0002954266109985e-05 6.299700818107307e-05 0.0 0.0 0.0 0.0 0.0 0.0 0.0 0.0 0.0 0.0 0.0 0.0 0.0 0.0 0.0 0.0 0.0 0.0 0.0 0.0 3.596321227704544e-05 3.166607054794047e-05 5.037802416060331e-05 5.010192411080513e-05 5.239606175001657e-05 5.459803354676639e-05 5.442514458935124e-05 5.690321643589926e-05 5.983006530869484e-05 5.969819902927942e-05 6.279793685949015e-05 6.698026093859194e-05 6.682748436274882e-05 0.0 0.0 0.0 0.0 0.0 0.0 0.0 0.0 0.0 0.0 0.0 0.0 0.0 0.0 0.0 0.0 0.0 0.0 3.339815794772513e-05 2.9594106824443254e-05 2.878620520141103e-05 2.6361120723203804e-05 5.1735861578417814e-05 5.4041044467550674e-05 5.379469909156307e-05 5.6483982102496496e-05 5.945185365329182e-05 5.9263569823247206e-05 6.247778675003013e-05 6.663920053270421e-05 6.64302285438956e-05 7.077992615661429e-05 7.837297708390283e-05 0.0 0.0 0.0 0.0 0.0 0.0 0.0 0.0 0.0 0.0 0.0 0.0 0.0 0.0 0.0 0.0 3.062871027045172e-05 2.739572416921227e-05 2.6579002818785482e-05 2.473649774974479e-05 2.770607611858611e-05 2.6656105434406408e-05 5.301817595273905e-05 5.593019659645279e-05 5.895612969319112e-05 5.871989737230072e-05 6.205327059909513e-05 6.619399622300521e-05 6.594041530644103e-05 7.031737325124148e-05 7.811939616733864e-05 7.811939616733864e-05 8.6175e-05 0.0 0.0 0.0 0.0 0.0 0.0 0.0 0.0 0.0 0.0 0.0 0.0 0.0 0.0 2.79605042679064e-05 2.5301277848438925e-05 2.4547323754534853e-05 2.316582230541394e-05 2.5902151340502342e-05 2.4892484883650922e-05 2.8382768012643394e-05 3.1242925433193846e-05 5.837435637386497e-05 5.8119871770644805e-05 6.156255367498457e-05 6.568593070322086e-05 6.543975411598755e-05 6.981761574744399e-05 7.787321958010532e-05 7.787321958010532e-05 8.6175e-05 0.0 0.0 0.0 0.0 0.0 0.0 0.0 0.0 0.0 0.0 0.0 0.0 0.0 0.0 2.5575650711598698e-05 2.344019516857371e-05 2.278156135498274e-05 2.1753234397918897e-05 2.423385107005995e-05 2.3313125243948454e-05 2.645237572968048e-05 2.924104354662844e-05 2.8203236353984264e-05 3.1912629997043725e-05 6.101057071558721e-05 6.514225575981034e-05 6.487901580219888e-05 6.930819920259921e-05 7.760997962249388e-05 7.760997962249388e-05 8.6175e-05 0.0 0.0 0.0 0.0 0.0 0.0 0.0 0.0 0.0 0.0 0.0 0.0 0.0 0.0 0.0 2.1851775231156092e-05 2.129311245701939e-05 2.053593781019122e-05 2.2754462469811747e-05 2.1938782989516044e-05 2.471597042327328e-05 2.7387556873688564e-05 2.6417742753566864e-05 2.9905008684277844e-05 3.2777231705860283e-05 3.180801397813041e-05 6.433351224639108e-05 6.88210949077172e-05 7.73861152852233e-05 7.73861152852233e-05 8.6175e-05 0.0 0.0 0.0 0.0 0.0 0.0 0.0 0.0 0.0 0.0 0.0 0.0 0.0 0.0 0.0 0.0 0.0 1.9503589305518713e-05 2.1465097258980243e-05 2.0743470105779372e-05 2.3178663789776706e-05 2.5696115600365993e-05 2.4790985195963565e-05 2.803006415975372e-05 3.090288357372799e-05 2.9945382982672694e-05 3.372333280104938e-05 3.675611843852346e-05 7.732666249247052e-05 7.732666249247052e-05 8.6175e-05 0.0 0.0 0.0 0.0 0.0 0.0 0.0 0.0 0.0 0.0 0.0 0.0 0.0 0.0 0.0 0.0 0.0 0.0 0.0 1.96597208115549e-05 2.1792580364523926e-05 2.4126528923911653e-05 2.324962736006366e-05 2.6248032191503305e-05 2.9068481418824707e-05 2.808971151827737e-05 3.178706230944676e-05 3.490554732465476e-05 3.397192512837559e-05 3.806918004413092e-05 8.6175e-05 0.0 0.0 0.0 0.0 0.0 0.0 0.0 0.0 0.0 0.0 0.0 0.0 0.0 0.0 0.0 0.0 0.0 0.0 0.0 0.0 0.0 2.2593425158722144e-05 2.1694125186438814e-05 2.4471830655371984e-05 2.719041154599404e-05 2.6154261460561407e-05 2.9772142323466796e-05 3.293577504294296e-05 3.19430380528737e-05 3.61428208577825e-05 3.958414683493599e-05 3.884791906851155e-05 0.0 0.0 0.0 0.0 0.0 0.0 0.0 0.0 0.0 0.0 0.0 0.0 0.0 0.0 0.0 0.0 0.0 0.0 0.0 0.0 0.0 0.0 2.264717525478293e-05 2.522890603225568e-05 2.4171979891319036e-05 2.7679066097097515e-05 3.0886111911937056e-05 2.9950563418020893e-05 3.4214535373797074e-05 3.791237057459539e-05 3.729181061724312e-05 4.192519431195759e-05 4.603571874178828e-05 0.0 0.0 0.0 0.0 0.0 0.0 0.0 0.0 0.0 0.0 0.0 0.0 0.0 0.0 0.0 0.0 0.0 0.0 0.0 0.0 0.0 0.0 2.1385293082728377e-05 2.5264745424141044e-05 2.8593168886001072e-05 2.8663465238872356e-05 3.334928323275221e-05 3.73621069701144e-05 3.6906941590361726e-05 4.084946897485264e-05 4.548932186938739e-05 4.547635277482768e-05 5.057137104911509e-05 0.0 0.0 0.0 0.0 0.0 0.0 0.0 0.0 0.0 0.0 0.0 0.0 0.0 0.0 0.0 0.0 0.0 0.0 0.0 0.0 0.0 0.0 2.6609515337380437e-05 2.2647755311077174e-05 2.9457819559320232e-05 3.294518156405847e-05 3.0276211721075485e-05 3.772533375211699e-05 4.280738293184469e-05 4.239276841986373e-05 5.0143787442574414e-05 5.552172314939203e-05 5.9292149042876674e-05 0.0 0.0 0.0 0.0 0.0 0.0 0.0 0.0 0.0 0.0 0.0 0.0 0.0 0.0 0.0 0.0 0.0 0.0 0.0 0.0 0.0 1.5075450497956441e-05 2.397444501102203e-05 2.8754597199080548e-05 2.6271933594361832e-05 3.257370030441529e-05 3.9910104815145017e-05 3.592658534385053e-05 4.574565345929898e-05 5.53086295715822e-05 4.913669944366137e-05 6.268319502723906e-05 6.44945265776539e-05 0.0 0.0 0.0 0.0 0.0 0.0 0.0 0.0 0.0 0.0 0.0 0.0 0.0 0.0 0.0 0.0 0.0 0.0 0.0 1.5018485338548826e-05 1.5034654293417645e-05 1.5019344431746761e-05 2.5081104765304107e-05 2.9366200201771796e-05 3.520174884592575e-05 3.4282439471917545e-05 4.084282461399628e-05 4.821739006965315e-05 4.737141348709543e-05 5.566528831676051e-05 6.318292657430945e-05 6.296986842925754e-05 7.13334832693642e-05 0.0 0.0 0.0 0.0 0.0 0.0 0.0 0.0 0.0 0.0 0.0 0.0 0.0 0.0 0.0 0.0 0.0 1.5e-05 1.5013787479002613e-05 1.5007324880504938e-05 1.5027004103763773e-05 1.5150547415391268e-05 3.403104939149862e-05 3.376423388880305e-05 3.96566997372925e-05 4.710459798439986e-05 4.692107565456277e-05 5.4635789404365695e-05 6.278634609942045e-05 6.274491847339281e-05 7.107899749828464e-05 7.860628493612848e-05 7.860628493612848e-05 0.0 0.0 0.0 0.0 0.0 0.0 0.0 0.0 0.0 0.0 0.0
    </DataArray>
    <DataArray type="Float32" Name="Electric Field [Vm^-1]" NumberOfComponents="3" format="ascii">
383001991.92100257 -1638279212.7946727 0.0 -3496.288932394914 -108299762.37749396 0.0 364430.53860011033 -109621335.57641841 0.0 584653.9962020892 -108381749.94088928 0.0 690310.355249393 -105516140.4263894 0.0 734969.9423971203 -101591810.66675842 0.0 765416.3816781958 -96887523.79280195 0.0 812427.1186965273 -91486097.99779856 0.0 879457.1802756693 -85388942.3413742 0.0 895557.2711808141 -78824943.65406552 0.0 411305705.5661003 1158948476.6181388 0.0 2651215.7167116646 -1445124408.2313535 0.0 696998.233909948 -108580985.05823389 0.0 573598.9316079748 -109652386.04978327 0.0 456045.64746177004 -108284348.12589167 0.0 316502.3257398734 -105343004.48579253 0.0 168878.35751811918 -101357142.0572955 0.0 36872.37185118813 -96588912.9708092 0.0 -61020.08111030024 -91116152.1747295 0.0 -114198.93769154139 -84943099.15506813 0.0 -107214.9776953301 -78326164.3854829 0.0 -2123840.5554188914 1358102488.763935 0.0 3344114.2174433693 -1444492463.7702706 0.0 1346927.877380773 -108813815.50350271 0.0 1108358.3056331119 -109819502.54840085 0.0 879473.905155023 -108474827.80798088 0.0 610732.8086366396 -105558930.23696171 0.0 324433.2752228566 -101568043.24049114 0.0 64263.54280769823 -96762021.03228718 0.0 -129746.26221473516 -91228383.80184944 0.0 -227613.28228232454 -84975146.59531957 0.0 -196731.72628487143 -78242491.07970056 0.0 -2134818.354469348 1358197936.611776 0.0 4001058.4367229664 -1443545404.5433 0.0 1982760.6903590218 -109177083.76285128 0.0 1660293.1284541604 -110081930.9902135 0.0 1347315.306905513 -108773362.60631771 0.0 972416.066006174 -105902407.52492091 0.0 561866.80998488 -101912267.95387481 0.0 177231.10602996245 -97051783.11371775 0.0 -118575.08897467954 -91417087.50978751 0.0 -274562.614204721 -85024742.3401643 0.0 -244308.61497947568 -78106973.27264965 0.0 -2138935.3241947484 1358331378.5847902 0.0 4604930.1648990465 -1442290956.4890883 0.0 2622995.5176205663 -109615971.53989393 0.0 2263326.378797114 -110405324.91982837 0.0 1901937.5431839079 -109150457.77528134 0.0 1451733.2405606883 -106349440.05177887 0.0 939611.1749493977 -102375060.59704666 0.0 439507.1787366965 -97456668.74795514 0.0 32403.44106752178 -91697007.314969 0.0 -211526.20887588468 -85123762.15326285 0.0 -229895.67489883298 -77966908.94989505 0.0 -2134364.5889849984 1358473454.0883482 0.0 5163930.745640235 -1440720435.9016995 0.0 3279073.74547419 -110065511.78186825 0.0 2929189.872247546 -110748397.72592929 0.0 2555905.3323799814 -109570981.8938235 0.0 2062277.9906474454 -106871687.17183536 0.0 1471476.11653521 -102940595.62362322 0.0 863987.8449319598 -97978270.72588289 0.0 334892.06636300683 -92089608.06832433 0.0 -28836.573996780964 -85314020.85964197 0.0 -149698.81279719365 -77882248.7509099 0.0 -2121735.253549913 1358589730.7608883 0.0 5698072.043157174 -1438817628.7411327 0.0 3958133.2586857085 -110471189.73372148 0.0 3651454.928108915 -111075781.69818749 0.0 3292478.5276699504 -110003886.19379728 0.0 2780402.101737341 -107442455.65595485 0.0 2131488.802098676 -103592233.0206969 0.0 1426525.2644770686 -98615862.5064146 0.0 768987.0449777961 -92614370.86140834 0.0 259148.42232138416 -85637721.53061655 0.0 -8287.48026588062 -77911520.6783281 0.0 -2101047.4515828057 1358647480.3246212 0.0 6232615.409081371 -1436561933.8689218 0.0 4669871.240384095 -110798978.30780597 0.0 4421158.937493622 -111367820.44651163 0.0 4083897.4528397173 -110431395.25150931 0.0 3563259.002465733 -108043441.52064015 0.0 2867887.0078018806 -104315900.00123355 0.0 2072839.6998724386 -99366010.253963 0.0 1283979.5700458293 -93283231.69436781 0.0 612281.3810316426 -86122771.27403128 0.0 169582.64823902145 -78101928.94706637 0.0 -2078079.0848164295 1358619630.908497 0.0 6801599.966914935 -1433923934.79603 0.0 5439748.56933038 -111033677.85573907 0.0 5240149.062422537 -111627211.25296573 0.0 4906789.522607927 -110856805.89369442 0.0 4366139.799406807 -108671961.23436531 0.0 3621258.9570728773 -105106377.96285085 0.0 2735740.039984563 -100227676.05817425 0.0 1811470.0781489115 -94104060.19253781 0.0 968737.1085850166 -86785095.82083768 0.0 343406.3950850664 -78474840.87865154 0.0 -2057848.9831514773 1358501540.228918 0.0 7480893.521323692 -1430844735.286284 0.0 6331734.966863121 -111186106.9423004 0.0 6128748.848616476 -111888248.7846188 0.0 5747094.396385212 -111309649.73360069 0.0 5152207.346490851 -109344617.8338534 0.0 4339981.232483745 -105970616.76673488 0.0 3355417.0168341785 -101205251.48069434 0.0 2290477.936934591 -95082480.39229645 0.0 1277609.5013302055 -87625579.9694462 0.0 489865.8242898433 -79017600.7975042 0.0 -2041403.6664530507 1358304806.466869 0.0 8457017.155133545 -1427192782.0050726 0.0 7477388.275357973 -111336770.68982507 0.0 7120979.7687276155 -112240605.30978164 0.0 6589211.876227245 -111849148.89283687 0.0 5886708.462909287 -110093623.16244401 0.0 4982318.430035164 -106924277.69212474 0.0 3890271.1656748094 -102305258.05407257 0.0 2686312.2198528294 -96217268.10584146 0.0 1525613.6932902292 -88621868.4693707 0.0 613938.4016937214 -79696965.04607826 0.0 -2026557.1047843434 1358042054.53215 0.0 10158839.311706992 -1422689340.2789526 0.0 9087538.71752259 -111767618.46537983 0.0 8217725.545883349 -112870132.08010939 0.0 7381533.638448836 -112561436.6588892 0.0 6522876.864794799 -110953156.01211844 0.0 5516998.050704372 -107977355.26619847 0.0 4334521.96912803 -103521107.64882909 0.0 3021923.6282683187 -97484914.091942 0.0 1753311.5159001367 -89734402.30584992 0.0 740316.9717060125 -80488765.58511133 0.0 -2010078.7701703082 1357716089.3218038 0.0 13989700.359833008 -1416647756.8828769 0.0 11473523.027140487 -113490321.31095093 0.0 9216170.459836906 -114064653.6715823 0.0 7981578.240074386 -113505011.30456984 0.0 7003995.104681026 -111919932.39969285 0.0 5941596.970927934 -109103239.05971906 0.0 4742208.545792056 -104803605.00695421 0.0 3370203.1000019074 -98844369.48498547 0.0 1998924.3181402476 -90947374.50639355 0.0 879410.6739911037 -81396108.13052952 0.0 -1991755.3379657075 1357319726.8860302 0.0 14553108.720805647 -1410702000.955819 0.0 10817993.330195453 -117123556.92172313 0.0 9000413.553487122 -115721064.00973883 0.0 7963759.128990327 -114530986.83818506 0.0 7180049.056371149 -112872380.4677895 0.0 6345748.55722547 -110166418.87658754 0.0 5239047.327323664 -106091389.64003831 0.0 3803684.326529105 -100295937.7461055 0.0 2253060.8316234606 -92293430.47604792 0.0 1034378.2186335074 -82416321.52013241 0.0 -1968731.5631244925 1356842204.5266848 0.0 10267685.774482483 -1406742046.5042753 0.0 8428936.978987489 -118674148.18299563 0.0 7744368.874520348 -116699752.38256802 0.0 7250372.139908742 -115172190.2780455 0.0 6843458.748886976 -113459585.72747302 0.0 6313186.4023450585 -110995797.74840327 0.0 5428340.920233748 -107337637.16930582 0.0 4225453.121583022 -101824310.34121583 0.0 2850541.1381162275 -93698627.16192336 0.0 1400665.518074934 -83624432.3908034 0.0 -1918467.7013827949 1356241229.321449 0.0 6969650.344725712 -1403682499.4447024 0.0 6022429.262270865 -118763586.30017212 0.0 6161705.658470511 -116955207.67257097 0.0 6097435.652344495 -115433670.14017133 0.0 5928319.730873431 -113780418.76757824 0.0 5608358.806651726 -111534730.56682433 0.0 5052191.471034803 -108153864.56176041 0.0 4221442.37194349 -102927053.70011202 0.0 3020597.927392562 -95154442.35554726 0.0 1435544.7125717993 -85221704.51856111 0.0 -1935094.8360556373 1355501237.563412 0.0 4902865.956750775 -1401419840.969224 0.0 4220540.201098524 -118107245.78748634 0.0 4733684.968130938 -116749983.5318741 0.0 4915198.205940283 -115442173.29024394 0.0 4888616.367516927 -113951801.97865629 0.0 4668642.6353047555 -111910995.54517215 0.0 4220026.027158371 -108782052.29386513 0.0 3501901.89830286 -103858914.947056 0.0 2482596.8581224643 -96464540.58313507 0.0 1228872.8397120025 -86612431.4807442 0.0 -1965672.5848336315 1354838231.385381 0.0 3858148.0657177405 -1399708618.5705802 0.0 3048447.5971509553 -117292941.3791717 0.0 3624938.626440529 -116358409.7460887 0.0 3899039.7710301215 -115317140.52464826 0.0 3948547.725142135 -114033381.25733295 0.0 3795856.410740479 -112203018.12026197 0.0 3428663.3508736473 -109311958.07773711 0.0 2828176.668381147 -104651591.90767579 0.0 1997711.4303538252 -97504842.92415315 0.0 1003822.3188115153 -87747143.74680273 0.0 -1993117.8772009546 1354291766.9664948 0.0 3349646.977520602 -1398392724.1520817 0.0 2309632.2292485125 -116581540.37570691 0.0 2815904.516698111 -115948940.77259544 0.0 3092801.5733205318 -115144422.35041486 0.0 3172578.759258309 -114061949.38741861 0.0 3067842.577630091 -112429172.87804629 0.0 2774061.404998857 -109747423.23058534 0.0 2284749.5287311375 -105300816.6751031 0.0 1613354.8980619682 -98335955.47123596 0.0 814939.3418518946 -88664028.25190715 0.0 -2015401.7805456452 1353847812.8261876 0.0 3075208.5702296426 -1397356829.000521 0.0 1833401.7226641139 -116026040.16726038 0.0 2234421.154010515 -115592939.67093134 0.0 2473774.319616582 -114973323.56604156 0.0 2556174.4986642417 -114063418.64033774 0.0 2483191.3406308005 -112602616.07856572 0.0 2250326.004120903 -110098612.4769879 0.0 1854904.8345586967 -105826826.61931406 0.0 1311124.3388860829 -99006244.83033223 0.0 663823.6932268722 -89407282.46653676 0.0 -2033125.9762721423 1353486715.7839959 0.0 2908770.7351201666 -1396514284.0212827 0.0 1511121.378126933 -115614781.33848393 0.0 1812791.9975428078 -115309831.48801343 0.0 2003257.5245399561 -114826467.74478239 0.0 2074469.7326104029 -114054844.56450354 0.0 2020725.233218555 -112736658.20640783 0.0 1835390.2284631322 -110380574.67298079 0.0 1515536.1578492152 -106253017.38906921 0.0 1072893.7328824352 -99550907.61149848 0.0 544055.3658875324 -90013383.1588746 0.0 -2047176.547498272 1353191427.2836723 0.0 2792039.215253172 -1395810020.7261207 0.0 1280394.302621219 -115317475.61524484 0.0 1500825.301372959 -115095595.98456511 0.0 1644791.3594608798 -114710460.27835625 0.0 1699961.34250822 -114045877.10284914 0.0 1657074.5147031483 -112842614.72603849 0.0 1507652.038773953 -110608033.67105915 0.0 1247319.623343398 -106599986.8255143 0.0 884525.7379888123 -99996733.75637089 0.0 449150.09810969204 -90511107.49337791 0.0 -2058333.9668362127 1352948273.62295 0.0 2700865.2814932684 -1395208295.8427358 0.0 1106107.5236364908 -115105585.44653872 0.0 1264117.341049478 -114938575.19474784 0.0 1369009.2542670174 -114623959.74704175 0.0 1408138.806436768 -114040947.72889662 0.0 1371154.2193142776 -112928897.4993928 0.0 1248609.4851187335 -110793378.42934388 0.0 1034756.5623211619 -106884585.17139007 0.0 735009.7723066165 -100364497.96227562 0.0 373715.3056564959 -90922959.68955636 0.0 -2067231.5183054467 1352746506.7791102 0.0 2623617.5876109693 -1394686201.6389685 0.0 967935.1675679968 -114956100.24418336 0.0 1079629.0948685852 -114826136.17002836 0.0 1153818.3809766113 -114562441.8561412 0.0 1179102.140103597 -114041344.86654334 0.0 1145405.623723452 -113001269.74614911 0.0 1043107.9008784039 -110946317.84326677 0.0 865556.6864712666 -107120133.69830443 0.0 615735.1416092316 -100670373.833585 0.0 313454.93158979696 -91266486.44239146 0.0 -2074368.6976503474 1352577740.1645164 0.0 2553314.2672446305 -1394229013.8705375 0.0 853303.9741628851 -114851069.2545791 0.0 931997.3072755574 -114747013.19273074 0.0 983154.7129381942 -114520632.99574623 0.0 997466.2888204142 -114046730.36110945 0.0 965852.449272721 -113063502.9603694 0.0 879067.2675116952 -111074179.48773739 0.0 730044.0852366338 -107316968.7494958 0.0 519978.0621299967 -100926932.61240052 0.0 265003.39895368105 -91555345.13372925 0.0 -2080134.848062757 1352435445.5960023 0.0 709373.6053163116 -971441501.0399005 0.0 774211.698891136 -114785670.58942041 0.0 823752.5910120457 -114693234.76038949 0.0 850390.624545987 -114471906.91777699 0.0 846498.3937978352 -113982418.06990702 0.0 803837.9804345617 -112931781.5824293 0.0 713833.2396045352 -110775512.6642826 0.0 570828.2804178379 -106703901.25823124 0.0 378295.30335798115 -99846547.42218101 0.0 154429.73467042795 -90002935.50903149 0.0 0.0 1832830919.6440804 0.0 -1331260.037881293 -1393610868.4280698 0.0 669643.2341499332 -114727137.45860964 0.0 707983.9279024404 -114658637.59668677 0.0 731023.1924806439 -114483026.33667275 0.0 732614.2895572935 -114075410.25701366 0.0 705863.7918284091 -113175485.5422676 0.0 642868.2943159771 -111286007.88389611 0.0 536568.8802401774 -107635835.25742058 0.0 385779.1523263457 -101337802.64838628 0.0 200943.3318351873 -92011741.14668164 0.0 2138036.4141830467 1352261012.9935944 0.0 -1382410.387989764 -1393281731.3455148 0.0 598219.8764174347 -114690792.43039288 0.0 624095.6034568851 -114633131.99209015 0.0 638051.488919551 -114473663.125872 0.0 635178.5156901643 -114088049.23301998 0.0 609607.7862168258 -113217117.71970497 0.0 554257.2041164484 -111364224.52336864 0.0 462474.70799877244 -107755499.09216437 0.0 332589.85903588176 -101495473.88633901 0.0 173225.43279146642 -92191146.62108865 0.0 2134466.571331379 1352165012.3433084 0.0 -1429711.9283826787 -1392987061.2091205 0.0 534881.0919559811 -114665826.41200043 0.0 552034.3469804176 -114616800.74667661 0.0 559664.5029103315 -114470053.01693036 0.0 553865.0815639113 -114101986.21691212 0.0 529659.4519088664 -113254698.69149686 0.0 480753.0241263059 -111432366.9599071 0.0 400977.83876845933 -107858959.60421856 0.0 288400.2388096601 -101631763.25574882 0.0 150194.79300776613 -92346343.9635949 0.0 2131514.4611229035 1352082058.473502 0.0 -1473307.701099509 -1392723173.6172118 0.0 478360.0666785603 -114648788.18771854 0.0 489455.3230143592 -114606849.24475251 0.0 492769.74673029763 -114470326.89371729 0.0 485189.8105295762 -114116458.00577731 0.0 462496.24187405966 -113288664.17705582 0.0 419121.5568837769 -111492072.19073878 0.0 349411.87432525057 -107948940.73439625 0.0 251323.17262226585 -101750225.44628528 0.0 130872.0347187866 -92481313.89585038 0.0 2129049.1502872882 1352009987.0015755 0.0 -1513340.0067335109 -1392486903.9829354 0.0 427726.29139548563 -114637259.64995661 0.0 434647.39779441716 -114601273.72707531 0.0 435089.99440938747 -114473121.2850086 0.0 426559.36930547183 -114130901.71009514 0.0 405470.98922027816 -113319352.1367202 0.0 366912.2064121722 -111544609.2396042 0.0 305743.696772655 -108027576.4498145 0.0 219913.72990259164 -101853669.98367819 0.0 114505.77959619615 -92599217.65096915 0.0 2126970.2726869658 1351947080.310656 0.0 -1549975.4970978326 -1392275475.9601111 0.0 382257.46063768887 -114629551.00338659 0.0 386328.3311326654 -114598652.18535043 0.0 384922.3460593041 -114477460.62067261 0.0 376025.2758665534 -114144922.77885005 0.0 356581.3881472002 -113347044.26569809 0.0 322260.1634352216 -111590981.55140693 0.0 268418.21936201665 -108096558.91455203 0.0 193062.6300321123 -101944339.09576261 0.0 100518.19931805287 -92702587.87106536 0.0 2125200.7820280916 1351891963.9265876 0.0 -1583407.9224398434 -1392086424.0802214 0.0 341362.03153800167 -114624482.75038697 0.0 343508.77829252795 -114597984.46701004 0.0 340970.4780390473 -114482659.58502814 0.0 332106.28670226736 -114158260.18103644 0.0 314300.5852866384 -113371988.71746597 0.0 283737.25347102317 -111631997.78960948 0.0 236239.50131902777 -108157247.176874 0.0 169914.08506094644 -102024041.12888844 0.0 88462.90345892606 -92793473.17930111 0.0 2123681.3128937413 1351843527.7811966 0.0 -1613852.0941446645 -1391917545.253222 0.0 304536.0785974862 -114621232.40488856 0.0 305403.86991755816 -114598572.63038392 0.0 302228.4573111436 -114488245.70553556 0.0 293660.6364113988 -114170753.92553186 0.0 277452.201404901 -113394411.49652147 0.0 250240.34035259075 -111668321.54341833 0.0 208280.76640932768 -108210746.79963009 0.0 149803.1886534207 -102094250.26251107 0.0 77992.74406589224 -92873547.2442314 0.0 2122365.865476904 1351800866.6101305 0.0 -1641535.4340233777 -1391766865.8991318 0.0 271338.63117845374 -114619226.90538608 0.0 271375.06159502774 -114599933.43666366 0.0 267900.2072275048 -114493900.1135452 0.0 259794.53516422227 -114182317.84944212 0.0 245118.29312296218 -113414521.57189377 0.0 220908.07731839104 -111700506.04103614 0.0 183816.81339912224 -108257968.16701613 0.0 132208.6100904992 -102156180.94883381 0.0 68835.37747620199 -92944190.87754184 0.0 2121218.5104498123 1351763234.968288 0.0 -1666689.9785303292 -1391632617.6642606 0.0 241377.13365373714 -114618067.26623222 0.0 240891.3200752648 -114601735.19057843 0.0 237343.45246755707 -114499413.28060459 0.0 229796.7913200578 -114192917.97100163 0.0 216572.43557853636 -113432512.9464297 0.0 195059.4833731616 -111729018.52815051 0.0 162273.65044719164 -108299669.27059704 0.0 116717.13871808084 -102210843.52567127 0.0 60774.8966921995 -93006553.84822583 0.0 2120210.9067965453 1351730013.3016763 0.0 -1689545.9143840293 -1391513217.9945788 0.0 214298.4655937355 -114617475.90730879 0.0 213502.74801313033 -114603752.55531244 0.0 210030.42375062412 -114504652.50121664 0.0 203092.0375933847 -114202555.88086283 0.0 191231.12308905186 -113448565.32234284 0.0 172148.79305838133 -111754257.65115643 0.0 143191.14825977889 -108336487.28169745 0.0 102997.24835593626 -102259085.89230129 0.0 53638.09719283038 -93061601.5299792 0.0 2119320.443106248 1351700682.314792 0.0 -1710326.8667527575 -1391407253.628164 0.0 189783.00391148042 -114617259.88901953 0.0 188822.27456884092 -114605834.4324531 0.0 185520.03945987576 -114509538.30873287 0.0 179207.12685065478 -114211256.34322023 0.0 168618.43284122154 -113462844.24221668 0.0 151732.30136204843 -111776566.07476008 0.0 126195.40635261041 -108368962.03765824 0.0 90779.43742363159 -102301624.90407392 0.0 47284.235071119205 -93110150.25095321 0.0 2118528.8503721873 1351674803.53728 0.0 -1729246.7869090238 -1391313466.0279517 0.0 167540.34117049185 -114617285.27350558 0.0 166512.624630681 -114607881.23965201 0.0 163437.96564849844 -114514027.54392101 0.0 157746.82652375315 -114219058.24450828 0.0 148340.24065329274 -113475501.13564782 0.0 133443.97943475994 -111796239.8246764 0.0 110978.29891781196 -108397553.68723795 0.0 79841.61160023742 -102339070.18778025 0.0 41597.394288269694 -93152894.23961584 0.0 2117821.168279674 1351652004.5141983 0.0 -1746508.1536302858 -1391230738.2791889 0.0 147305.909262091 -114617459.25302875 0.0 146276.78232342153 -114609828.89476596 0.0 143462.10789244875 -114518101.30283597 0.0 138376.0765822332 -114226008.11573997 0.0 130065.29401898045 -113486673.45305847 0.0 116977.46854299887 -111813535.35161531 0.0 97282.29175358519 -108422656.09671615 0.0 69998.19243841492 -102371942.3585184 0.0 36480.788921650776 -93190426.31303711 0.0 2117184.974360392 1351631967.4452498 0.0 -1762301.1524560822 -1391158083.1944208 0.0 128838.21164033322 -114617717.72427644 0.0 127850.8028439383 -114611637.55678827 0.0 125311.87252378614 -114521756.42287283 0.0 120806.88726857312 -114232155.58523151 0.0 113511.20085000995 -113496484.93913746 0.0 102072.69700918182 -111828674.98374367 0.0 84889.11122677327 -108444607.15590084 0.0 61091.964078615136 -102400687.08156967 0.0 31852.492317235996 -93223253.88976541 0.0 2116609.807385071 1351614420.4032137 0.0 -1776803.677899399 -1391094632.5078175 0.0 111916.22079176418 -114618016.56230456 0.0 110998.30865851678 -114613283.83527511 0.0 108740.06885253526 -114524999.51419207 0.0 104788.52591083662 -114237550.25323977 0.0 98433.94166426008 -113505046.03717944 0.0 88505.8414442654 -111841851.21545066 0.0 73611.22028658476 -108463696.7938192 0.0 52987.925513001624 -102425686.02848694 0.0 27642.214144242822 -93251811.48808771 0.0 2116086.733558162 1351599130.4907813 0.0 -1790181.767813504 -1391039627.2712667 0.0 96336.98171368743 -114618325.4635251 0.0 95506.03583296786 -114614755.24359989 0.0 93526.66662153605 -114527842.84955463 0.0 90100.03763891762 -114242239.60225327 0.0 84619.90870499767 -113512454.3905488 0.0 76081.70674622142 -111853230.13498537 0.0 63285.33721855783 -108480173.27955355 0.0 45568.6085447681 -102447265.48807184 0.0 23788.845258992438 -93276470.55952379 0.0 2115608.0174488677 1351585898.4652393 0.0 -1802590.4459654335 -1390992409.2139184 0.0 81913.35099882886 -114618623.69724476 0.0 81179.93187035125 -114616046.2942409 0.0 79473.78957278677 -114530301.57114393 0.0 76544.4158961674 -114246267.63113764 0.0 71879.75991080703 -113518795.3941693 0.0 64627.85724131845 -111862954.19459653 0.0 53767.441751342005 -108494248.2189159 0.0 38730.46623403829 -102465703.18452644 0.0 20238.564137356007 -93297547.27841987 0.0 2115166.8694423754 1351574554.486565 0.0 -1814174.7588461158 -1390952413.185087 0.0 68471.927475991 -114618897.28943516 0.0 67841.97784987728 -114617155.827044 0.0 66401.61450998129 -114532391.5805907 0.0 63943.97498671432 -114249673.94404571 0.0 60043.590762278924 -113524142.74939583 0.0 53990.02097417076 -111871144.46385771 0.0 44928.86429118801 -108506100.54179858 0.0 32381.04142278169 -102481233.70359813 0.0 16943.35406376722 -93315308.7413535 0.0 2114757.2491588765 1351564954.7367074 0.0 -1825070.97607817 -1390919160.584335 0.0 55851.02299154305 -114619136.89029814 0.0 55327.693114605034 -114618085.18051003 0.0 54145.1822243482 -114534128.19850962 0.0 52136.64817599459 -114252493.2140809 0.0 48957.073832284965 -113528559.01038268 0.0 44028.423626438605 -111877902.47053823 0.0 36653.17127387227 -108515879.69318211 0.0 26436.715841855803 -102494052.82111433 0.0 13859.82358409119 -93329977.90716448 0.0 2114373.7097069323 1351556978.7256114 0.0 -1835407.6630859994 -1390892253.6206708 0.0 43899.303137635216 -114619336.42547663 0.0 43483.81342272958 -114618836.81951553 0.0 42551.60413140702 -114535525.30145101 0.0 40972.899988273806 -114254754.90033278 0.0 38478.287950178 -113532096.10034007 0.0 34614.794532707165 -111883311.69896095 0.0 28833.624375721785 -108523708.17450593 0.0 20820.87712218365 -102504320.943602 0.0 10948.250559917613 -93341737.52826934 0.0 2114011.2729341825 1351550527.1455777 0.0 -1845307.1772305612 -1390871370.1445081 0.0 32473.864393469863 -114619491.9500207 0.0 32166.244631699155 -114619413.84415337 0.0 31477.609333581167 -114536594.83753626 0.0 30313.076856362037 -114256483.12791824 0.0 28475.041410517213 -113534795.77392463 0.0 25629.8595560557 -111887438.79464807 0.0 21371.05952669869 -108529683.55317762 0.0 15462.38387600318 -102512165.81542765 0.0 8171.781285537317 -93350733.24347553 0.0 2113665.3254126096 1351545520.1770213 0.0 -1854887.028630598 -1390856260.0617776 0.0 21437.663067440204 -114619600.74849859 0.0 21237.641174327797 -114619819.33632013 0.0 20787.23365422587 -114537346.42499298 0.0 20025.059318467986 -114257696.61960755 0.0 18822.549925467916 -113536689.99732038 0.0 16961.185135494503 -111890334.50485061 0.0 14172.07046533625 -108533880.01566297 0.0 10294.256216338463 -102517684.6077155 0.0 5495.748414458357 -93357075.96224216 0.0 2113331.5304234917 1351541896.1739342 0.0 -1864261.0149709573 -1390846742.63782 0.0 10658.186777696019 -114619661.06757872 0.0 10565.547088886304 -114620055.601793 0.0 10349.807438017397 -114537787.00124845 0.0 9982.17889797688 -114258408.64571 0.0 9401.380354772014 -113537801.23869509 0.0 8501.276120564175 -111892034.38107891 0.0 7147.409213817081 -108536349.5201163 0.0 5252.5246214171275 -102520945.4680762 0.0 2887.0731950616064 -93360843.63504079 0.0 2113005.7514268216 1351539610.6761932 0.0 -364928040.28427285 -1574765947.7865107 0.0 8552.566934657281 -114618060.4421291 0.0 2176.2377103141835 -114621688.83512756 0.0 -15196.382466895895 -114548131.85871708 0.0 -54399.538696351396 -114288367.4801473 0.0 -141685.3805832293 -113611410.47308727 0.0 -319395.3384318878 -112054499.82687807 0.0 -631262.6555483663 -108854710.58341587 0.0 -1080845.301203184 -103063941.32620677 0.0 -1531830.1576547574 -94128956.65976559 0.0 -413174097.37884456 1151528328.9567847 0.0
    </DataArray>
    <DataArray type="Float32" Name="Electron Current Density [Am^-2]" NumberOfComponents="3" format="ascii">
-1855742.645543638 -8674998108.367783 0.0 -57305380.54440977 -8640400729.874956 0.0 -58822456.50157104 -8612339388.737799 0.0 -66176108.941776894 -8566146852.226395 0.0 -73440604.86316112 -8501029724.427581 0.0 -79046483.90488406 -8417171824.664621 0.0 -82334550.88188107 -8317493946.584855 0.0 -83178746.28011768 -8206669494.483133 0.0 -81664249.86586894 -8090200671.758558 0.0 -76865845.14413804 -7975488852.23054 0.0 -41963233.95778723 -7888567701.248599 0.0 6058585.729644962 -8448451542.9364605 0.0 -72131191.30008097 -8369334601.776711 0.0 -82043118.84405456 -8346149799.713371 0.0 -101444873.335015 -8303735322.658495 0.0 -121370951.13942406 -8245131730.496469 0.0 -138271002.79036748 -8170486593.21532 0.0 -150144498.17031765 -8081809990.53038 0.0 -156135426.00846553 -7982757113.178464 0.0 -155849635.08988196 -7878189101.281407 0.0 -145466806.96251744 -7775341444.365485 0.0 -67786384.19562 -7627673276.939721 0.0 19708918.66756398 -7798133321.325699 0.0 -98223000.6104791 -7680869182.92901 0.0 -117181870.34327956 -7668358729.584439 0.0 -151611960.1865778 -7640990677.680708 0.0 -188281212.25211567 -7604057430.760268 0.0 -220968142.14347145 -7556559582.317662 0.0 -245685202.70841083 -7498228411.330845 0.0 -260151241.47178304 -7430364287.297492 0.0 -262784311.67138365 -7356025823.798457 0.0 -245346111.35200208 -7280803700.684932 0.0 -101917009.29321374 -7086638030.5582905 0.0 28625039.863113783 -6837905646.044501 0.0 -105937920.51408167 -6704984400.570761 0.0 -128226446.57923079 -6705599482.095568 0.0 -169681978.09062544 -6697751014.101379 0.0 -216374036.7829918 -6687477025.882406 0.0 -260546098.37092125 -6673229329.885811 0.0 -296614136.3985395 -6652918438.858372 0.0 -320717334.6609158 -6625269791.60833 0.0 -329729780.0044262 -6590410844.609019 0.0 -311436224.54433686 -6550618608.082944 0.0 -123447128.22137773 -6333071302.511184 0.0 31895632.347065102 -5744740508.487302 0.0 -98807323.12919502 -5614269181.619941 0.0 -118978601.29266357 -5624802021.69844 0.0 -159651453.37478796 -5632677509.502427 0.0 -208857864.66475376 -5643941894.67506 0.0 -258588067.10444483 -5657405581.584568 0.0 -302436221.48209274 -5670120319.751939 0.0 -335459917.2381405 -5678893345.633815 0.0 -353357679.37186664 -5681160254.6791935 0.0 -340538803.6535876 -5675719197.039696 0.0 -131954925.51819894 -5455988269.118656 0.0 30707976.396978747 -4668764718.347871 0.0 -83745518.9465882 -4551039438.877 0.0 -98525019.76772177 -4565824359.435509 0.0 -132940435.06797804 -4581476181.832844 0.0 -178276171.5265206 -4603763063.468384 0.0 -227476375.35677382 -4632634509.344032 0.0 -274330871.8289581 -4665541093.776851 0.0 -313635125.3641701 -4698631150.739949 0.0 -340575634.99964416 -4727636182.182982 0.0 -336963320.8161753 -4748679492.500435 0.0 -128942700.41790357 -4543431611.213503 0.0 27026338.592222095 -3700917505.0519505 0.0 -66947746.84091744 -3599649682.0769243 0.0 -75688515.64988771 -3614025900.184845 0.0 -101640460.99909115 -3630450756.7323155 0.0 -139361073.44363087 -3654159607.469662 0.0 -183414029.34897196 -3686419166.953912 0.0 -228606793.30004045 -3725935409.1827383 0.0 -270361642.58861333 -3769467476.50096 0.0 -304190929.13307935 -3812493013.099519 0.0 -310322839.8271569 -3849725974.296617 0.0 -118709106.23487794 -3667258527.7617135 0.0 22553670.55113675 -2876454716.375553 0.0 -51845431.333477564 -2791591164.798177 0.0 -55752940.21548732 -2803092958.51538 0.0 -73744675.14592552 -2816237379.618854 0.0 -102877679.67469606 -2835461913.560941 0.0 -139423563.4025739 -2862960419.2566776 0.0 -179576533.87404025 -2898793320.411182 0.0 -219947433.33697325 -2940923635.4584885 0.0 -256957314.0873929 -2985605708.7861705 0.0 -271146303.2629607 -3027921090.947424 0.0 -103918466.72125271 -2872444803.017838 0.0 18273559.63232069 -2195927886.699204 0.0 -39915584.7623926 -2125569964.5858488 0.0 -40995000.54158886 -2133357727.6006894 0.0 -53042545.181906536 -2141740812.8569326 0.0 -74659782.2889305 -2154268245.546957 0.0 -103553498.28123377 -2173495123.5513225 0.0 -137317984.9701257 -2200453734.7015657 0.0 -173934645.17899385 -2234321162.4351597 0.0 -210639750.6935137 -2272802451.3758583 0.0 -228389753.73698655 -2313066117.2030287 0.0 -87292461.91538908 -2185181556.8864346 0.0 14621668.295653652 -1642333305.9295764 0.0 -31696036.080179404 -1583691730.0409095 0.0 -31942765.447829563 -1587581756.9356952 0.0 -40286833.26297554 -1591057954.2155225 0.0 -56199022.779905036 -1596991496.2741237 0.0 -78508826.13695033 -1607858734.1990104 0.0 -105975662.3902315 -1625178971.3101673 0.0 -137672724.99519446 -1649193528.8350654 0.0 -170776790.17290616 -1679660844.5618644 0.0 -187414216.6332516 -1715836450.4762092 0.0 -71110820.8777117 -1613514618.2234144 0.0 11664514.79822326 -1191301583.118303 0.0 -27371811.084117934 -1141477762.8315718 0.0 -28298380.132591646 -1141496459.099743 0.0 -34441884.94160911 -1140707442.4058707 0.0 -46057448.97669666 -1141562256.2006388 0.0 -62914633.744823456 -1146143713.7434127 0.0 -84464405.7454705 -1156238529.9183934 0.0 -110018477.26583076 -1173288850.7315052 0.0 -136347728.5301875 -1198891828.4406714 0.0 -149814330.68364242 -1231715582.9531686 0.0 -56376913.88992114 -1152124722.394749 0.0 9151352.497481072 -818612344.5882812 0.0 -26585087.5700257 -775880244.3496405 0.0 -28553239.25257961 -773009962.4440174 0.0 -32441327.15667069 -770516702.7512408 0.0 -40301075.8424667 -769831226.7634556 0.0 -52349314.560976185 -772280233.7461332 0.0 -67659715.75663371 -780483592.9562476 0.0 -85790817.28565742 -796360569.0462719 0.0 -104796376.70674141 -820402973.131777 0.0 -115969121.23243122 -849908216.3127112 0.0 -43190098.788477264 -790511891.9859703 0.0 6551868.8946175445 -508713354.90735286 0.0 -28821381.394470304 -472887561.7225904 0.0 -28204060.205192883 -473054509.01138335 0.0 -28953445.582046766 -474739146.24882275 0.0 -34136694.87393326 -477364962.03288877 0.0 -41878443.82654718 -481691823.66918164 0.0 -48393918.302031584 -494180951.5856935 0.0 -60703080.62866147 -511282352.0953169 0.0 -75179611.72137772 -533244249.14267176 0.0 -84962526.71898186 -559457210.2984786 0.0 -30954047.186794113 -518906518.1108162 0.0 3919160.866917588 -248251797.43656528 0.0 -10859617.179331893 -240278809.46564248 0.0 -11481894.216769934 -249067637.62117085 0.0 -12255226.541586587 -258190378.56059948 0.0 -16288638.405149644 -269991143.1067814 0.0 -19901578.396517992 -287892849.34662366 0.0 -29054035.76569591 -300760266.0626382 0.0 -40149446.182648584 -314289315.91828346 0.0 -51247129.4770352 -330816316.2480136 0.0 -55885549.901352905 -354572146.22758013 0.0 -19754835.696258564 -330390616.1700531 0.0 1699289.417162288 -153870766.0155276 0.0 -3354341.0511321113 -150090542.03154203 0.0 -3187123.194769028 -153998548.757966 0.0 -1725721.07605404 -158132946.20521706 0.0 151671.59317549277 -162292747.93298674 0.0 -3502096.2793981656 -165802270.0180023 0.0 -9776269.572015498 -174411508.37479278 0.0 -18523350.15890697 -189148836.02744994 0.0 -26910096.396446172 -210612315.98019662 0.0 -36854003.23423884 -226247219.8027364 0.0 -13461486.013534136 -209920435.4085985 0.0 911989.0086685052 -114776162.62729643 0.0 -581033.0449827869 -112491510.81922452 0.0 -401559.90176568925 -113738398.85632011 0.0 68648.27184145649 -115116754.94614922 0.0 717889.5134740666 -116253605.05564268 0.0 753101.2904480547 -117326019.68587682 0.0 -125759.87053336696 -119158956.2223693 0.0 -2262636.5322087263 -122497584.27267027 0.0 -10162460.451510318 -128141036.15081698 0.0 -18935218.74728889 -140514231.5592786 0.0 -6261587.319952863 -134688178.94162115 0.0 540906.823900962 -96734250.1237513 0.0 221760.94423497232 -95165189.88448335 0.0 532385.6849435818 -95364460.40673408 0.0 720117.3986264023 -95666702.94145739 0.0 840366.2612730915 -95937599.11963654 0.0 715096.3619891258 -96138686.18525453 0.0 136596.29255054178 -96422492.03878483 0.0 -1114741.5840451277 -97160558.77913317 0.0 -3783763.955849103 -99370303.07489057 0.0 -9102868.845132036 -104438636.39823392 0.0 -3042718.6166622415 -101323179.73748395 0.0 347252.51604066504 -86909180.78908964 0.0 320386.8091394419 -85769423.49417348 0.0 682564.2300555456 -85633964.32732253 0.0 862317.5965648869 -85536167.93333331 0.0 899720.8973150515 -85472305.4782833 0.0 754941.3838336713 -85423627.28259748 0.0 369994.10619095445 -85420876.66831799 0.0 -323219.16696791217 -85604703.8809891 0.0 -1605602.7895088245 -86327906.30306962 0.0 -5031386.913044638 -88283083.69628397 0.0 -1742941.9161401163 -86157611.0395113 0.0 239538.29091198673 -80515211.22865102 0.0 241186.91419489775 -79673344.36121629 0.0 570489.1587134479 -79489673.57265125 0.0 757185.5564114052 -79290151.51009369 0.0 812240.9789224524 -79112326.51563329 0.0 716171.7808811046 -78961789.71772502 0.0 449745.5493408936 -78845539.39907484 0.0 -7280.547609627247 -78819654.10737164 0.0 -800169.5622322302 -79023612.89056864 0.0 -3308867.284868462 -79824984.44359864 0.0 -1174515.2580659604 -78199009.40225111 0.0 173952.84847532815 -75847208.76391372 0.0 139892.85693270474 -75199717.23852435 0.0 404263.1170467934 -75039340.33976832 0.0 574548.482143134 -74845110.04975502 0.0 644150.1668644402 -74655158.31895903 0.0 591767.0041210207 -74482617.09326938 0.0 403882.01129740424 -74330552.21878204 0.0 74434.29950036609 -74227535.02192195 0.0 -488825.6775051706 -74244505.25260064 0.0 -2486184.231179993 -74606502.61049423 0.0 -891358.1514930459 -73277185.0009442 0.0 134466.89797951584 -72134426.36456503 0.0 59100.98907131983 -71618313.5024503 0.0 258476.8894779284 -71498644.95172107 0.0 399812.7473234361 -71343369.97084509 0.0 470087.91226911574 -71182550.71807188 0.0 445149.5293738046 -71029103.25259832 0.0 309693.8509700197 -70884921.02561313 0.0 60639.197343975575 -70767704.66098687 0.0 -369266.4614724964 -70721906.25055213 0.0 -2029620.5927700489 -70905378.84746505 0.0 -729194.0865595499 -69772741.97051686 0.0 107974.20976137678 -69040920.7609637 0.0 3905.990607251835 -68617783.63046125 0.0 149423.09384446096 -68533388.50179772 0.0 260559.8403287529 -68418879.74207886 0.0 323650.77941688406 -68295847.40141122 0.0 313834.0666588668 -68174365.84818685 0.0 213327.49949858076 -68055183.09683062 0.0 18524.872349177796 -67950396.62624454 0.0 -323690.2810668746 -67891624.48458101 0.0 -1735319.1492498084 -67999182.21680935 0.0 -622703.5767226114 -67011088.99724343 0.0 89145.43112632933 -66394455.56169199 0.0 -30980.03915511322 -66040032.07018752 0.0 73550.7013560509 -65982008.282987826 0.0 158504.61695578948 -65900919.119070224 0.0 211874.2812995887 -65811734.73533273 0.0 209822.3072380598 -65721464.4055496 0.0 133032.54684437325 -65629776.67050221 0.0 -23410.702302729103 -65545356.00266655 0.0 -303405.48964040744 -65492369.33209456 0.0 -1519268.966651626 -65566571.57319994 0.0 -543883.6742718666 -64694103.78993125 0.0 75071.10811980817 -64096445.15596674 0.0 -51265.634164609255 -63795182.37233614 0.0 23404.607195439432 -63756099.595210545 0.0 87488.02632764462 -63700269.96386969 0.0 131270.66847562764 -63637910.90431855 0.0 132909.15706244108 -63573516.634858645 0.0 72659.01142119861 -63505920.06056007 0.0 -55557.39760992703 -63441547.34345923 0.0 -289003.12993709993 -63399681.01933081 0.0 -1344948.203577031 -63458251.28224273 0.0 -480219.1157761259 -62683571.15438216 0.0 64091.90376135373 -62085406.77941933 0.0 -60476.807852536826 -61827803.79939519 0.0 -7459.622622264123 -61802198.20970754 0.0 40348.24467466025 -61764662.53606311 0.0 75527.5791598033 -61722220.54205524 0.0 78580.99951489744 -61677569.18470918 0.0 30158.983000919205 -61628996.45850563 0.0 -76599.93907841046 -61581355.83889355 0.0 -273856.7004063357 -61550445.929009385 0.0 -1196111.4830673703 -61600429.48679039 0.0 -426027.2776892525 -60910926.81627211 0.0 124189.7832504462 -60221977.801142395 0.0 165191.7750791573 -60211255.51807981 0.0 203334.10833205655 -60191214.72712132 0.0 241205.1267379176 -60160651.79543642 0.0 270631.25796736544 -60123249.81740964 0.0 268186.90086030215 -60083709.08347297 0.0 213168.00093001872 -60047525.44248298 0.0 105995.31479156403 -60021163.19242833 0.0 -86381.91745545839 -60012924.98722706 0.0 -1056759.4634221469 -60044159.3747646 0.0 0.0 -60095044.7856472 0.0 42512.45192508401 -58587196.66397542 0.0 -86303.09770691897 -58783117.816488504 0.0 -58742.47186992071 -58766822.84030676 0.0 -31358.17812059324 -58740394.723696195 0.0 -7969.764220356946 -58705087.3366952 0.0 -3178.133148588241 -58667856.7355826 0.0 -34383.57513060235 -58640858.69058886 0.0 -109711.16190219925 -58631966.3179411 0.0 -253140.3768338637 -58643172.46889325 0.0 -952394.181910888 -58670683.42089959 0.0 -379424.7160811785 -59370641.08610836 0.0 37181.985411640155 -57243474.740214966 0.0 -81374.78206119615 -57416697.95285626 0.0 -61628.9890981288 -57405102.9346562 0.0 -40994.90192647029 -57385976.62304851 0.0 -22235.614459583434 -57359848.64373951 0.0 -17995.804919545484 -57332052.052156515 0.0 -44187.340565020815 -57312654.467857584 0.0 -108642.82301418732 -57308441.407568045 0.0 -232509.74733409958 -57321159.23945223 0.0 -848684.3993351131 -57345838.02416235 0.0 -337398.1031588767 -57966649.06602745 0.0 32612.712354426098 -56056299.133808985 0.0 -75421.24996801633 -56209489.36218633 0.0 -61207.75003996986 -56201183.303038 0.0 -45558.58177894312 -56187257.587848455 0.0 -30437.913734343336 -56167790.87710843 0.0 -26776.31288435061 -56146914.30378938 0.0 -48986.99469192571 -56133023.79647705 0.0 -104473.94865650106 -56131982.57082426 0.0 -211934.21950431666 -56145334.38739547 0.0 -755877.2548849628 -56167143.10289672 0.0 -300042.40652732336 -56717706.9216301 0.0 28664.40502340575 -55007161.90206389 0.0 -69058.93172016651 -55142637.76981753 0.0 -58757.13569611016 -55136626.92934173 0.0 -46781.928408977874 -55126390.99533089 0.0 -34509.16710404466 -55111743.89790341 0.0 -31385.34012374733 -55095925.24875462 0.0 -50376.15831920005 -55085985.88358997 0.0 -98378.08948981017 -55087005.951682195 0.0 -191946.61495740374 -55100356.424974665 0.0 -672777.1901619133 -55119290.29079278 0.0 -266750.37371226004 -55607313.56660487 0.0 25231.879962035462 -54079899.289546914 0.0 -62683.74989178035 -54199701.097446255 0.0 -55153.30559227521 -54195297.735618986 0.0 -45892.156118099905 -54187684.9875191 0.0 -35849.04865960034 -54176531.50896108 0.0 -33195.20820015077 -54164411.3601367 0.0 -49537.318549257536 -54157287.09080131 0.0 -91227.50143044197 -54159573.47515933 0.0 -172937.53961372338 -54172491.84049638 0.0 -598392.4094740843 -54188605.573190354 0.0 -237051.56118947492 -54620881.754280485 0.0 22233.28143728765 -53260330.40735477 0.0 -56535.034595827296 -53366258.49768727 0.0 -50976.55029891681 -53362988.49662792 0.0 -43731.23313984671 -53357251.06459388 0.0 -35441.20830268663 -53348644.194058225 0.0 -33185.17708164951 -53339239.841971174 0.0 -47317.036083588486 -53334113.622692466 0.0 -83637.74335399969 -53337113.879802026 0.0 -155154.6068540564 -53349331.536450304 0.0 -531846.2912605002 -53362738.67728008 0.0 -210552.99981618687 -53745306.95692709 0.0 19603.07987900324 -52536001.26764145 0.0 -50746.719781742344 -52629643.44429191 0.0 -46599.67173447349 -52627179.38168969 0.0 -40863.32570212969 -52622793.41551246 0.0 -33961.60909372405 -52616058.46097384 0.0 -32037.274738000226 -52608662.8814331 0.0 -44302.843794287604 -52604953.14513733 0.0 -76021.17750204242 -52608294.005042315 0.0 -138723.8258453472 -52619662.77197384 0.0 -472337.28871587996 -52630522.41149142 0.0 -186909.40915607437 -52968765.425878525 0.0 17287.669682932734 -51895981.4019491 0.0 -45383.73605000727 -51978735.55313053 0.0 -42254.21186225006 -51976850.446802534 0.0 -37658.43358313542 -51973448.20972775 0.0 -31866.29998346917 -51968103.84559777 0.0 -30217.16180567084 -51962208.57697826 0.0 -40891.4570412506 -51959503.99414743 0.0 -68638.94255136701 -51962940.47853785 0.0 -123679.2893332859 -51973396.69966173 0.0 -419124.29127437813 -51981897.013679065 0.0 -165809.53711329174 -52280609.28878985 0.0 15242.471563726218 -51330690.09895736 0.0 -40467.039026503786 -51403784.27565881 0.0 -38077.249913121275 -51402319.96922788 0.0 -34353.34124299272 -51399642.23408142 0.0 -29457.422026403266 -51395343.74696785 0.0 -28036.93192421149 -51390582.205043085 0.0 -37343.24955010604 -51388592.85952987 0.0 -61644.515845464615 -51391969.642060444 0.0 -109991.52651181325 -51401506.035206586 0.0 -371522.78466132475 -51407849.562896684 0.0 -146970.36549555222 -51671292.94296318 0.0 13429.940453750976 -50831742.71711543 0.0 -35990.49298371441 -50896253.43198072 0.0 -34143.67266135043 -50895099.042455874 0.0 -31094.65347097195 -50892962.03390722 0.0 -26930.914348977974 -50889461.12117771 0.0 -25701.492864478394 -50885567.76859456 0.0 -33823.371912088245 -50884089.63891614 0.0 -55117.40127262598 -50887312.81748941 0.0 -97590.61378555618 -50895957.735167734 0.0 -328904.14806045184 -50900350.13891043 0.0 -130134.56538422922 -51132303.29278456 0.0 11818.13847912328 -50391813.21855459 0.0 -31932.071143336612 -50448682.170786716 0.0 -30488.11402449386 -50447759.39455773 0.0 -27968.656528701395 -50446031.91910282 0.0 -24410.244321035858 -50443148.41559594 0.0 -23341.878291421897 -50439929.66995416 0.0 -30431.63990597117 -50438819.21356952 0.0 -49087.849012697756 -50441836.21830336 0.0 -86383.34989828808 -50449639.032440096 0.0 -290694.8156703431 -50452281.393965095 0.0 -115068.95455127725 -50656085.86345587 0.0 10379.673694792036 -50004511.29196009 0.0 -28261.153829311348 -50054560.54475449 0.0 -27119.70696522048 -50053813.62714786 0.0 -25021.79983800524 -50052401.26776889 0.0 -21969.930863522008 -50050003.32411229 0.0 -21038.763926337168 -50047316.94777481 0.0 -27223.756423428025 -50046473.09500746 0.0 -43554.37954013237 -50049258.6420427 0.0 -76265.24405888969 -50056279.7956529 0.0 -256374.32191587923 -50057363.84075385 0.0 -101563.04888300158 -50235967.11298227 0.0 9090.884408270982 -49664273.14489336 0.0 -24943.18320066784 -49708218.75642619 0.0 -24031.897665241042 -49707607.63183986 0.0 -22274.61540191738 -49706441.8202993 0.0 -19651.78833858226 -49704432.01789933 0.0 -18838.871687306648 -49702172.55508608 0.0 -24226.13605467595 -49701524.03103944 0.0 -38495.89491658775 -49704070.43698251 0.0 -67128.46254594739 -49710374.884466 0.0 -225472.23187751663 -49710080.396790825 0.0 -89427.4440526358 -49866075.83157626 0.0 7931.19513912272 -49366265.175073884 0.0 -21942.54589137933 -49404729.31275594 0.0 -21208.896774928955 -49404224.90241066 0.0 -19731.095884626116 -49403255.35135387 0.0 -17476.052850728243 -49401560.96692132 0.0 -16766.306831224447 -49399649.45821212 0.0 -21446.127837565382 -49399145.88909404 0.0 -33879.86817686013 -49401456.47053317 0.0 -58866.82013383445 -49407109.50059121 0.0 -197564.27538111244 -49405603.26842856 0.0 -78492.02390204734 -49541266.626661584 0.0 6882.612372505371 -49106299.63781213 0.0 -19224.270760585874 -49139821.28565196 0.0 -18629.864655956633 -49139402.256813675 0.0 -17384.9599931351 -49138591.69355907 0.0 -15448.949534979969 -49137157.85266211 0.0 -14830.332153017327 -49135534.5599325 0.0 -18878.983996196916 -49135140.24631756 0.0 -29667.760080272306 -49137224.87294157 0.0 -51378.6991904999 -49142289.56746834 0.0 -172268.0358120395 -49139725.35216352 0.0 -68604.07190355813 -49257047.777965 0.0 5929.272989909073 -48880761.380313836 0.0 -16754.975909106888 -48909805.574338235 0.0 -16271.57590034468 -48909456.14742977 0.0 -15223.798144135506 -48908776.6865022 0.0 -13567.802186246176 -48907561.552221596 0.0 -13030.657730426521 -48906180.810681544 0.0 -16512.553219687066 -48905870.3786435 0.0 -25818.507733790702 -48907742.51969719 0.0 -44568.55868430795 -48912278.31673749 0.0 -149238.4769655749 -48908797.47243203 0.0 -59626.367369259046 -49009514.91944931 0.0 5057.105543693087 -48686544.77700105 0.0 -14503.328761160383 -48711510.64747006 0.0 -14110.000271942352 -48711219.03732877 0.0 -13231.756278082732 -48710649.59341678 0.0 -11824.439714456605 -48709620.938057944 0.0 -11360.998926004899 -48708447.490583695 0.0 -14330.389223572427 -48708202.853181526 0.0 -22290.685788388062 -48709877.647213 0.0 -38347.50687591914 -48713939.63272991 0.0 -128163.50485971254 -48709672.11809452 0.0 -51435.32832186435 -48795291.31946633 0.0 4253.517966240392 -48520999.75384871 0.0 -12440.239842697985 -48542227.36925667 0.0 -12121.374163682265 -48541984.599432394 0.0 -11391.295339881002 -48541509.07359132 0.0 -10207.454020418232 -48540641.88968564 0.0 -9811.443672664467 -48539648.30763627 0.0 -12313.768092276463 -48539456.56415015 0.0 -19043.767039059916 -48540949.595352314 0.0 -32633.271901716802 -48544588.26813863 0.0 -108759.69082676055 -48539653.875061676 0.0 -43919.242049141256 -48611475.03010784 0.0 3507.143905137236 -48381886.07988307 0.0 -10538.80436757247 -48399662.27065049 0.0 -10282.735686293341 -48399461.492983975 0.0 -9684.19592606137 -48399067.503204934 0.0 -8703.607516616985 -48398342.24457084 0.0 -8369.971691706378 -48397507.03371279 0.0 -10442.947735613678 -48397358.96770557 0.0 -16038.779048506018 -48398685.48021782 0.0 -27349.80370469003 -48401946.78485192 0.0 -90768.2310196196 -48396456.45047804 0.0 -36976.60655122761 -48455592.838336945 0.0 2807.6108324891934 -48267335.04938742 0.0 -8774.132790481057 -48281898.26025006 0.0 -8572.113040932616 -48281734.24855247 0.0 -8092.247220339877 -48281412.25906094 0.0 -7298.816786694034 -48280813.59186009 0.0 -7023.498965629537 -48280119.82488218 0.0 -8697.983224388756 -48280008.84157236 0.0 -13238.60986376306 -48281183.25560287 0.0 -22426.68908033948 -48284108.78143638 0.0 -73951.188847181 -48278165.926703885 0.0 -30514.601646400133 -48325560.695090085 0.0 2145.4308073056427 -48175817.666096605 0.0 -7123.039007976656 -48187362.24705027 0.0 -6968.589749323827 -48187231.00821414 0.0 -6597.605516539109 -48186973.58175778 0.0 -5978.748173472785 -48186489.40786248 0.0 -5758.533713708323 -48185923.69683736 0.0 -7059.201599011119 -48185845.05981063 0.0 -10608.060271384122 -48186880.69096873 0.0 -17798.451138064273 -48189507.969219536 0.0 -58087.99969387978 -48183209.836749025 0.0 -24447.681446820516 -48219650.20470332 0.0 1511.7298593548671 -48106118.59642783 0.0 -5563.835907102002 -48114797.88586158 0.0 -5452.428257640282 -48114696.371288255 0.0 -5183.070424267233 -48114497.78569782 0.0 -4729.211556618784 -48114118.66468343 0.0 -4561.583108004014 -48113670.50507706 0.0 -5507.441040951589 -48113620.861099675 0.0 -8113.717224720697 -48114529.82216036 0.0 -13403.773715067482 -48116892.708656184 0.0 -42972.1959386652 -48110331.7084291 0.0 -18696.267958050114 -48136460.79162195 0.0 898.0603137425078 -48057316.09831975 0.0 -4076.231200824184 -48063244.786351986 0.0 -4004.7777004252694 -48063170.63501718 0.0 -3831.942530324063 -48063026.57214102 0.0 -3536.1923748577656 -48062745.27674878 0.0 -3419.257406615796 -48062406.55160776 0.0 -4024.052569445759 -48062383.58445201 0.0 -5723.664565791689 -48063176.754065916 0.0 -9184.66070603261 -48065305.81703405 0.0 -28408.310824882778 -48058570.83761164 0.0 -13185.521958627443 -48074897.24902172 0.0 296.3337031600667 -48028766.9574027 0.0 -2641.007567688824 -48032023.111103095 0.0 -2607.5097912003603 -48031974.50990803 0.0 -2527.976347410261 -48031881.71152798 0.0 -2385.9055207992606 -48031692.78424961 0.0 -2318.348856613041 -48031457.30846566 0.0 -2590.8652786630287 -48031459.425121285 0.0 -3407.175854433866 -48032146.41095321 0.0 -5085.625801359616 -48034069.27386269 0.0 -14208.977651893387 -48027246.93890973 0.0 -7844.198277354246 -48034152.3226741 0.0 -2.9256680819226104 -48019493.10074508 0.0 -2215.0214629077573 -48020595.280593045 0.0 -2200.8159195635376 -48020563.573044345 0.0 -2171.8910144255315 -48020503.82707825 0.0 -2110.1688264885206 -48020379.032949336 0.0 -2050.4902046177444 -48020219.25215585 0.0 -2098.6835828906055 -48020237.46793452 0.0 -2365.678799496169 -48020821.982814424 0.0 -2935.9848433445673 -48022533.98926542 0.0 -9378.878117239541 -48017292.41782494 0.0 -4556.264605396561 -48013043.04589444 0.0
    </DataArray>
    <DataArray type="Float32" Name="Hole Current Density [Am^-2]" NumberOfComponents="3" format="ascii">
1e-30 -1e-30 0.0 1e-30 -1e-30 0.0 -1e-30 -1e-30 0.0 -1e-30 -1e-30 0.0 -1e-30 -1e-30 0.0 -1e-30 -1e-30 0.0 -1e-30 -1e-30 0.0 -1e-30 -1e-30 0.0 1e-30 -1e-30 0.0 1e-30 -1e-30 0.0 -1e-30 -1e-30 0.0 1e-30 -1e-30 0.0 -1e-30 -1e-30 0.0 -1e-30 -1e-30 0.0 -1e-30 -1e-30 0.0 -1e-30 -1e-30 0.0 -1e-30 -1e-30 0.0 -1e-30 -1e-30 0.0 -1e-30 -1e-30 0.0 -1e-30 -1e-30 0.0 -1e-30 -1e-30 0.0 -1e-30 -1e-30 0.0 1e-30 -1e-30 0.0 -1e-30 -1e-30 0.0 -1e-30 -1e-30 0.0 -1e-30 -1e-30 0.0 -1e-30 -1e-30 0.0 -1e-30 -1e-30 0.0 -1e-30 -1e-30 0.0 -1e-30 -1e-30 0.0 -1e-30 -1e-30 0.0 -1e-30 -1e-30 0.0 -1e-30 -1e-30 0.0 1e-30 -1e-30 0.0 -1e-30 -1e-30 0.0 -1e-30 -1e-30 0.0 -1e-30 -1e-30 0.0 -1e-30 -1e-30 0.0 -1e-30 -1e-30 0.0 -1e-30 -1e-30 0.0 -1e-30 -1e-30 0.0 -1e-30 -1e-30 0.0 -1e-30 -1e-30 0.0 -1e-30 -1e-30 0.0 1e-30 -1e-30 0.0 -1e-30 -1e-30 0.0 -1e-30 -1e-30 0.0 -1e-30 -1e-30 0.0 -1e-30 -1e-30 0.0 -1e-30 -1e-30 0.0 -1e-30 -1e-30 0.0 -1e-30 -1e-30 0.0 -1e-30 -1e-30 0.0 -1e-30 -1e-30 0.0 -1e-30 -1e-30 0.0 1e-30 -1e-30 0.0 -1e-30 -1e-30 0.0 -1e-30 -1e-30 0.0 -1e-30 -1e-30 0.0 -1e-30 -1e-30 0.0 -1e-30 -1e-30 0.0 -1e-30 -1e-30 0.0 -1e-30 -1e-30 0.0 -1e-30 -1e-30 0.0 -1e-30 -1e-30 0.0 -1e-30 -1e-30 0.0 -1e-30 -1e-30 0.0 -1e-30 -1e-30 0.0 -1e-30 -1e-30 0.0 -1e-30 -1e-30 0.0 -1e-30 -1e-30 0.0 -1e-30 -1e-30 0.0 -1e-30 -1e-30 0.0 -1e-30 -1e-30 0.0 -1e-30 -1e-30 0.0 -1e-30 -1e-30 0.0 -1e-30 -1e-30 0.0 -1e-30 -1e-30 0.0 -1e-30 -1e-30 0.0 -1e-30 -1e-30 0.0 -1e-30 -1e-30 0.0 -1e-30 -1e-30 0.0 -1e-30 -1e-30 0.0 -1e-30 -1e-30 0.0 -1e-30 -1e-30 0.0 -1e-30 -1e-30 0.0 -1e-30 -1e-30 0.0 -1e-30 -1e-30 0.0 -1e-30 -1e-30 0.0 -1e-30 -1e-30 0.0 -1e-30 -1e-30 0.0 -1e-30 -1e-30 0.0 -1e-30 -1e-30 0.0 -1e-30 -1e-30 0.0 -1e-30 -1e-30 0.0 -1e-30 -1e-30 0.0 -1e-30 -1e-30 0.0 1e-30 -1e-30 0.0 1e-30 -1e-30 0.0 -1e-30 -1e-30 0.0 -1e-30 -1e-30 0.0 -1e-30 -1e-30 0.0 -1e-30 -1e-30 0.0 -1e-30 -1e-30 0.0 -1e-30 -1e-30 0.0 -1e-30 -1e-30 0.0 -1e-30 -1e-30 0.0 -1e-30 -1e-30 0.0 1e-30 -1e-30 0.0 1e-30 -1e-30 0.0 -1e-30 -1e-30 0.0 -1e-30 -1e-30 0.0 -1e-30 -1e-30 0.0 -1e-30 -1e-30 0.0 -1e-30 -1e-30 0.0 -1e-30 -1e-30 0.0 -1e-30 -1e-30 0.0 -1e-30 -1e-30 0.0 -1e-30 -1e-30 0.0 1e-30 -1e-30 0.0 1e-30 -1e-30 0.0 -1e-30 -1e-30 0.0 -1e-30 -1e-30 0.0 -1e-30 -1e-30 0.0 -1e-30 -1e-30 0.0 -1e-30 -1e-30 0.0 -1e-30 -1e-30 0.0 -1e-30 -1e-30 0.0 -1e-30 -1e-30 0.0 1e-30 -1e-30 0.0 1e-30 -1e-30 0.0 1e-30 -1e-30 0.0 1e-30 -1e-30 0.0 -1e-30 -1e-30 0.0 -1e-30 -1e-30 0.0 -1e-30 -1e-30 0.0 -1e-30 -1e-30 0.0 -1e-30 -1e-30 0.0 -1e-30 -1e-30 0.0 1e-30 -1e-30 0.0 1e-30 -1e-30 0.0 1e-30 -1e-30 0.0 1e-30 -1e-30 0.0 1e-30 -1e-30 0.0 1e-30 -1e-30 0.0 -1e-30 -1e-30 0.0 -1e-30 -1e-30 0.0 -1e-30 -1e-30 0.0 -1e-30 -1e-30 0.0 -1e-30 -1e-30 0.0 -1e-30 -1e-30 0.0 1e-30 -1e-30 0.0 1e-30 -1e-30 0.0 1e-30 -1e-30 0.0 1e-30 -1e-30 0.0 1e-30 -1e-30 0.0 1e-30 -1e-30 0.0 1e-30 -1e-30 0.0 1e-30 -1e-30 0.0 -1e-30 -1e-30 0.0 -1e-30 -1e-30 0.0 -1e-30 -1e-30 0.0 -1e-30 -1e-30 0.0 -1e-30 -1e-30 0.0 1e-30 -1e-30 0.0 1e-30 -1e-30 0.0 1e-30 -1e-30 0.0 1e-30 -1e-30 0.0 1e-30 -1e-30 0.0 1e-30 -1e-30 0.0 1e-30 -1e-30 0.0 1e-30 -1e-30 0.0 1e-30 -1e-30 0.0 -1e-30 -1e-30 0.0 1e-30 -1e-30 0.0 1e-30 -1e-30 0.0 1e-30 -1e-30 0.0 1e-30 -1e-30 0.0 1e-30 -1e-30 0.0 1e-30 -1e-30 0.0 1e-30 -1e-30 0.0 1e-30 -1e-30 0.0 1e-30 -1e-30 0.0 1e-30 -1e-30 0.0 1e-30 -1e-30 0.0 1e-30 -1e-30 0.0 1e-30 -1e-30 0.0 -1e-30 -1e-30 0.0 1e-30 -1e-30 0.0 1e-30 -1e-30 0.0 1e-30 -1e-30 0.0 1e-30 -1e-30 0.0 1e-30 -1e-30 0.0 1e-30 -1e-30 0.0 1e-30 -1e-30 0.0 1e-30 -1e-30 0.0 1e-30 -1e-30 0.0 1e-30 -1e-30 0.0 1e-30 -1e-30 0.0 1e-30 -1e-30 0.0 1e-30 -1e-30 0.0 1e-30 -1e-30 0.0 1e-30 -1e-30 0.0 1e-30 -1e-30 0.0 1e-30 -1e-30 0.0 1e-30 -1e-30 0.0 1e-30 -1e-30 0.0 1e-30 -1e-30 0.0 1e-30 -1e-30 0.0 1e-30 -1e-30 0.0 1e-30 -1e-30 0.0 1e-30 -1e-30 0.0 1e-30 -1e-30 0.0 1e-30 -1e-30 0.0 1e-30 -1e-30 0.0 1e-30 -1e-30 0.0 1e-30 -1e-30 0.0 1e-30 -1e-30 0.0 1e-30 -1e-30 0.0 1e-30 -1e-30 0.0 1e-30 -1e-30 0.0 1e-30 -1e-30 0.0 1e-30 -1e-30 0.0 1e-30 -1e-30 0.0 1e-30 -1e-30 0.0 1e-30 -1e-30 0.0 1e-30 -1e-30 0.0 1e-30 -1e-30 0.0 1e-30 -1e-30 0.0 1e-30 -1e-30 0.0 1e-30 -1e-30 0.0 1e-30 -1e-30 0.0 1e-30 -1e-30 0.0 1e-30 -1e-30 0.0 1e-30 -1e-30 0.0 1e-30 -1e-30 0.0 1e-30 -1e-30 0.0 1e-30 -1e-30 0.0 1e-30 -1e-30 0.0 1e-30 -1e-30 0.0 1e-30 -1e-30 0.0 1e-30 -1e-30 0.0 1e-30 -1e-30 0.0 1e-30 -1e-30 0.0 1e-30 -1e-30 0.0 1e-30 -1e-30 0.0 1e-30 -1e-30 0.0 1e-30 -1e-30 0.0 1e-30 -1e-30 0.0 1e-30 -1e-30 0.0 1e-30 -1e-30 0.0 1e-30 -1e-30 0.0 1e-30 -1e-30 0.0 1e-30 -1e-30 0.0 1e-30 -1e-30 0.0 1e-30 -1e-30 0.0 1e-30 -1e-30 0.0 1e-30 -1e-30 0.0 1e-30 -1e-30 0.0 1e-30 -1e-30 0.0 1e-30 -1e-30 0.0 1e-30 -1e-30 0.0 1e-30 -1e-30 0.0 1e-30 -1e-30 0.0 1e-30 -1e-30 0.0 1e-30 -1e-30 0.0 1e-30 -1e-30 0.0 1e-30 -1e-30 0.0 1e-30 -1e-30 0.0 1e-30 -1e-30 0.0 1e-30 -1e-30 0.0 1e-30 -1e-30 0.0 1e-30 -1e-30 0.0 1e-30 -1e-30 0.0 1e-30 -1e-30 0.0 1e-30 -1e-30 0.0 1e-30 -1e-30 0.0 1e-30 -1e-30 0.0 1e-30 -1e-30 0.0 1e-30 -1e-30 0.0 1e-30 -1e-30 0.0 1e-30 -1e-30 0.0 1e-30 -1e-30 0.0 1e-30 -1e-30 0.0 1e-30 -1e-30 0.0 0.0 -1e-30 0.0 1e-30 -1e-30 0.0 1e-30 -1e-30 0.0 1e-30 -1e-30 0.0 1e-30 -1e-30 0.0 1e-30 -1e-30 0.0 1e-30 -1e-30 0.0 1e-30 -1e-30 0.0 1e-30 -1e-30 0.0 1e-30 -1e-30 0.0 1e-30 -1e-30 0.0 1e-30 -1e-30 0.0 1e-30 -1e-30 0.0 1e-30 -1e-30 0.0 1e-30 -1e-30 0.0 1e-30 -1e-30 0.0 1e-30 -1e-30 0.0 1e-30 -1e-30 0.0 1e-30 -1e-30 0.0 1e-30 -1e-30 0.0 1e-30 -1e-30 0.0 1e-30 -1e-30 0.0 1e-30 -1e-30 0.0 1e-30 -1e-30 0.0 1e-30 -1e-30 0.0 1e-30 -1e-30 0.0 1e-30 -1e-30 0.0 1e-30 -1e-30 0.0 1e-30 -1e-30 0.0 1e-30 -1e-30 0.0 1e-30 -1e-30 0.0 1e-30 -1e-30 0.0 1e-30 -1e-30 0.0 1e-30 -1e-30 0.0 1e-30 -1e-30 0.0 1e-30 -1e-30 0.0 1e-30 -1e-30 0.0 1e-30 -1e-30 0.0 1e-30 -1e-30 0.0 1e-30 -1e-30 0.0 1e-30 -1e-30 0.0 1e-30 -1e-30 0.0 1e-30 -1e-30 0.0 1e-30 -1e-30 0.0 1e-30 -1e-30 0.0 1e-30 -1e-30 0.0 1e-30 -1e-30 0.0 1e-30 -1e-30 0.0 1e-30 -1e-30 0.0 1e-30 -1e-30 0.0 1e-30 -1e-30 0.0 1e-30 -1e-30 0.0 1e-30 -1e-30 0.0 1e-30 -1e-30 0.0 1e-30 -1e-30 0.0 1e-30 -1e-30 0.0 1e-30 -1e-30 0.0 1e-30 -1e-30 0.0 1e-30 -1e-30 0.0 1e-30 -1e-30 0.0 1e-30 -1e-30 0.0 1e-30 -1e-30 0.0 1e-30 -1e-30 0.0 1e-30 -1e-30 0.0 1e-30 -1e-30 0.0 1e-30 -1e-30 0.0 1e-30 -1e-30 0.0 1e-30 -1e-30 0.0 1e-30 -1e-30 0.0 1e-30 -1e-30 0.0 1e-30 -1e-30 0.0 1e-30 -1e-30 0.0 1e-30 -1e-30 0.0 1e-30 -1e-30 0.0 1e-30 -1e-30 0.0 1e-30 -1e-30 0.0 1e-30 -1e-30 0.0 1e-30 -1e-30 0.0 1e-30 -1e-30 0.0 1e-30 -1e-30 0.0 1e-30 -1e-30 0.0 1e-30 -1e-30 0.0 1e-30 -1e-30 0.0 1e-30 -1e-30 0.0 1e-30 -1e-30 0.0 1e-30 -1e-30 0.0 1e-30 -1e-30 0.0 1e-30 -1e-30 0.0 1e-30 -1e-30 0.0 1e-30 -1e-30 0.0 1e-30 -1e-30 0.0 1e-30 -1e-30 0.0 1e-30 -1e-30 0.0 1e-30 -1e-30 0.0 1e-30 -1e-30 0.0 1e-30 -1e-30 0.0 1e-30 -1e-30 0.0 1e-30 -1e-30 0.0 1e-30 -1e-30 0.0 1e-30 -1e-30 0.0 1e-30 -1e-30 0.0 1e-30 -1e-30 0.0 1e-30 -1e-30 0.0 1e-30 -1e-30 0.0 1e-30 -1e-30 0.0 1e-30 -1e-30 0.0 1e-30 -1e-30 0.0 1e-30 -1e-30 0.0 1e-30 -1e-30 0.0 1e-30 -1e-30 0.0 1e-30 -1e-30 0.0 1e-30 -1e-30 0.0 1e-30 -1e-30 0.0 1e-30 -1e-30 0.0 1e-30 -1e-30 0.0 1e-30 -1e-30 0.0 1e-30 -1e-30 0.0 1e-30 -1e-30 0.0 1e-30 -1e-30 0.0 1e-30 -1e-30 0.0 1e-30 -1e-30 0.0 1e-30 -1e-30 0.0 1e-30 -1e-30 0.0 1e-30 -1e-30 0.0 1e-30 -1e-30 0.0 1e-30 -1e-30 0.0 1e-30 -1e-30 0.0 1e-30 -1e-30 0.0 1e-30 -1e-30 0.0 1e-30 -1e-30 0.0 1e-30 -1e-30 0.0 1e-30 -1e-30 0.0 1e-30 -1e-30 0.0 1e-30 -1e-30 0.0 1e-30 -1e-30 0.0 1e-30 -1e-30 0.0 1e-30 -1e-30 0.0 1e-30 -1e-30 0.0 1e-30 -1e-30 0.0 1e-30 -1e-30 0.0 1e-30 -1e-30 0.0 1e-30 -1e-30 0.0 1e-30 -1e-30 0.0 1e-30 -1e-30 0.0 1e-30 -1e-30 0.0 1e-30 -1e-30 0.0 1e-30 -1e-30 0.0 1e-30 -1e-30 0.0 1e-30 -1e-30 0.0 1e-30 -1e-30 0.0 1e-30 -1e-30 0.0 1e-30 -1e-30 0.0 1e-30 -1e-30 0.0 1e-30 -1e-30 0.0 1e-30 -1e-30 0.0 1e-30 -1e-30 0.0 1e-30 -1e-30 0.0 1e-30 -1e-30 0.0 1e-30 -1e-30 0.0 1e-30 -1e-30 0.0 1e-30 -1e-30 0.0 1e-30 -1e-30 0.0 1e-30 -1e-30 0.0 1e-30 -1e-30 0.0 1e-30 -1e-30 0.0 1e-30 -1e-30 0.0 1e-30 -1e-30 0.0 1e-30 -1e-30 0.0 1e-30 -1e-30 0.0 1e-30 -1e-30 0.0 1e-30 -1e-30 0.0 1e-30 -1e-30 0.0 1e-30 -1e-30 0.0 1e-30 -1e-30 0.0 1e-30 -1e-30 0.0 1e-30 -1e-30 0.0 1e-30 -1e-30 0.0 1e-30 -1e-30 0.0 1e-30 -1e-30 0.0 1e-30 -1e-30 0.0 1e-30 -1e-30 0.0 1e-30 -1e-30 0.0 1e-30 -1e-30 0.0 1e-30 -1e-30 0.0 1e-30 -1e-30 0.0 1e-30 -1e-30 0.0 1e-30 -1e-30 0.0 1e-30 -1e-30 0.0 1e-30 -1e-30 0.0 1e-30 -1e-30 0.0 1e-30 -1e-30 0.0 1e-30 -1e-30 0.0 1e-30 -1e-30 0.0 1e-30 -1e-30 0.0 1e-30 -1e-30 0.0 1e-30 -1e-30 0.0 1e-30 -1e-30 0.0 1e-30 -1e-30 0.0 1e-30 -1e-30 0.0 1e-30 -1e-30 0.0 1e-30 -1e-30 0.0 1e-30 -1e-30 0.0 1e-30 -1e-30 0.0 1e-30 -1e-30 0.0 1e-30 -1e-30 0.0 1e-30 -1e-30 0.0 1e-30 -1e-30 0.0 1e-30 -1e-30 0.0 1e-30 -1e-30 0.0 1e-30 -1e-30 0.0 1e-30 -1e-30 0.0 1e-30 -1e-30 0.0 1e-30 -1e-30 0.0 1e-30 -1e-30 0.0 1e-30 -1e-30 0.0 1e-30 -1e-30 0.0 1e-30 -1e-30 0.0 1e-30 -1e-30 0.0 1e-30 -1e-30 0.0 1e-30 -1e-30 0.0 1e-30 -1e-30 0.0 1e-30 -1e-30 0.0 1e-30 -1e-30 0.0 1e-30 -1e-30 0.0 1e-30 -1e-30 0.0 1e-30 -1e-30 0.0 1e-30 -1e-30 0.0 1e-30 -1e-30 0.0 1e-30 -1e-30 0.0 1e-30 -1e-30 0.0 1e-30 -1e-30 0.0 1e-30 -1e-30 0.0 1e-30 -1e-30 0.0 1e-30 -1e-30 0.0 1e-30 -1e-30 0.0 1e-30 -1e-30 0.0 1e-30 -1e-30 0.0 1e-30 -1e-30 0.0 1e-30 -1e-30 0.0 1e-30 -1e-30 0.0 1e-30 -1e-30 0.0 1e-30 -1e-30 0.0 1e-30 -1e-30 0.0 1e-30 -1e-30 0.0 1e-30 -1e-30 0.0 1e-30 -1e-30 0.0 1e-30 -1e-30 0.0 1e-30 -1e-30 0.0 1e-30 -1e-30 0.0 1e-30 -1e-30 0.0 1e-30 -1e-30 0.0 1e-30 -1e-30 0.0 1e-30 -1e-30 0.0 1e-30 -1e-30 0.0 1e-30 -1e-30 0.0 1e-30 -1e-30 0.0 1e-30 -1e-30 0.0 1e-30 -1e-30 0.0 1e-30 -1e-30 0.0 1e-30 -1e-30 0.0 1e-30 -1e-30 0.0 1e-30 -1e-30 0.0 1e-30 -1e-30 0.0 1e-30 -1e-30 0.0 1e-30 -1e-30 0.0 1e-30 -1e-30 0.0 1e-30 -1e-30 0.0 1e-30 -1e-30 0.0 1e-30 -1e-30 0.0 1e-30 -1e-30 0.0 1e-30 -1e-30 0.0 1e-30 -1e-30 0.0 -1e-30 -1e-30 0.0 -1e-30 -1e-30 0.0 -1e-30 -1e-30 0.0 1e-30 -1e-30 0.0
    </DataArray>
    <DataArray type="Float32" Name="Ion diffusion flux Density [Am^-2]" NumberOfComponents="3" format="ascii">
-8.499397616901398e+16 -1.1077144908271109e+18 0.0 -9.217552648458638e+16 -2404406634681343.5 0.0 -5601548276715771.0 4.853762360358856e+17 0.0 -8.913252949941374e+16 4.353303096224838e+17 0.0 -1.5628753925140646e+17 3.291988870769443e+17 0.0 -1.8795891498840147e+17 2.5379149213108026e+17 0.0 -1.8242524374499014e+17 2.4026864262102288e+17 0.0 -1.579740607717355e+17 2.4154336919240896e+17 0.0 -1.2265623083157317e+17 1.7675928133307405e+17 0.0 9.67747722351352e+16 5.096355368111067e+17 0.0 5.256691146271492e+17 1.5770073438816735e+18 0.0 -2.2312959918984883e+17 -8.015226396979438e+17 0.0 -8.53818859357402e+16 -2.3020469060682976e+16 0.0 -3863029638389511.5 3.861765330871225e+17 0.0 -5.927344729665743e+16 3.509740366784896e+17 0.0 -1.068618773152331e+17 2.683800733205256e+17 0.0 -1.2940638408614891e+17 2.06337800903871e+17 0.0 -1.2448553581015608e+17 1.9520838775024784e+17 0.0 -1.0293316749156725e+17 2.0444674591313683e+17 0.0 -7.306341013812189e+16 1.7391087056938982e+17 0.0 9.68105186125334e+16 4.729099190415811e+17 0.0 3.0891045700539885e+17 1.5445522850272118e+18 0.0 -2.661013234210609e+17 -7.652976745999077e+17 0.0 -1.4250358080825165e+17 -4.868156765434944e+16 0.0 -9.778960875666491e+16 3.248692384748596e+17 0.0 -1.6572986342074282e+17 3.0492721125390406e+17 0.0 -2.156225492789658e+17 2.3808740282073568e+17 0.0 -2.301105182729472e+17 1.83201030413674e+17 0.0 -2.085472129851901e+17 1.7519448612400707e+17 0.0 -1.6453438543766013e+17 1.990026175323127e+17 0.0 -1.1088691951599005e+17 2.0324722559037946e+17 0.0 7.279302531889288e+16 5.1332869222932384e+17 0.0 3.245216712780273e+17 1.6226083563903206e+18 0.0 -2.799602512831244e+17 -6.7432191891798e+17 0.0 -1.685370998733947e+17 -5.816552340528666e+16 0.0 -1.4845557107824474e+17 2.661798840115141e+17 0.0 -2.1673858656993475e+17 2.6696460559164717e+17 0.0 -2.5983533957123603e+17 2.2701929106266762e+17 0.0 -2.622284634348338e+17 1.9236423371525107e+17 0.0 -2.2664584510089782e+17 1.9064784467621446e+17 0.0 -1.718787350487771e+17 2.1223504897949856e+17 0.0 -1.1326263211231726e+17 2.2671748590775942e+17 0.0 6.8512284058634136e+16 5.4604323562547475e+17 0.0 3.3858682111956045e+17 1.6929341055980052e+18 0.0 -2.6802714517617213e+17 -5.5552022877134906e+17 0.0 -1.727296068473014e+17 -5.630393065141021e+16 0.0 -1.6594593604424054e+17 2.1525823920610128e+17 0.0 -2.242028865062449e+17 2.377676148586623e+17 0.0 -2.561075341834124e+17 2.24540926213436e+17 0.0 -2.5148730055896637e+17 2.0632170100450307e+17 0.0 -2.1515489011796947e+17 2.0624753171346237e+17 0.0 -1.6185577038369216e+17 2.2331441099931024e+17 0.0 -1.013607123139988e+17 2.4693867558962288e+17 0.0 7.885945837718573e+16 5.6876753382207104e+17 0.0 3.4375036870722477e+17 1.718751843536332e+18 0.0 -2.3981948507247158e+17 -4.3535630498513626e+17 0.0 -1.6161313476319693e+17 -4.8310281017594696e+16 0.0 -1.6048281542917888e+17 1.7273553872904083e+17 0.0 -2.0633587456791242e+17 2.1171033859493718e+17 0.0 -2.286582580457608e+17 2.210976747571254e+17 0.0 -2.1961047073060285e+17 2.1811036350333654e+17 0.0 -1.840834317402535e+17 2.2037797426321683e+17 0.0 -1.3496339580864563e+17 2.3189319474533862e+17 0.0 -7.713675789738517e+16 2.6008389137109466e+17 0.0 9.969571222661611e+16 5.753441507920176e+17 0.0 3.378246629984224e+17 1.6891233149922435e+18 0.0 -2.0442123631163578e+17 -3.2877400937838426e+17 0.0 -1.4162182825464126e+17 -3.798962285576509e+16 0.0 -1.4121077922538469e+17 1.3839122803315075e+17 0.0 -1.7524892402303357e+17 1.868839417217649e+17 0.0 -1.9028026382843494e+17 2.1270147964763456e+17 0.0 -1.8019927638999354e+17 2.2218455420691712e+17 0.0 -1.4904475007993757e+17 2.270716142629107e+17 0.0 -1.0679195052580251e+17 2.3451851851059242e+17 0.0 -5.1137765139451224e+16 2.714541379504699e+17 0.0 1.1470092906623509e+17 5.6368906266476134e+17 0.0 3.1770476367775296e+17 1.588523818388869e+18 0.0 -1.6822259950920042e+17 -2.412371901442175e+17 0.0 -1.1829765366653506e+17 -2.7381463950874564e+16 0.0 -1.1667504451530498e+17 1.1090739518079763e+17 0.0 -1.4027748163629038e+17 1.6239902006999347e+17 0.0 -1.5042830361243258e+17 1.9846369435743645e+17 0.0 -1.4145643698665774e+17 2.1707548622301936e+17 0.0 -1.1626567811027594e+17 2.247456305896849e+17 0.0 -8.149991817950678e+16 2.303128365281951e+17 0.0 -2.8918025406379732e+16 2.7296229105035574e+17 0.0 1.1954298686010397e+17 5.385718278781104e+17 0.0 2.9436279468735866e+17 1.4718139734369495e+18 0.0 -1.3496492126997595e+17 -1.7302550690578986e+17 0.0 -9.545541472464349e+16 -1.802685372354209e+16 0.0 -9.286484248757797e+16 8.939856875861992e+16 0.0 -1.0800484772787462e+17 1.3896521813774261e+17 0.0 -1.1440454840562784e+17 1.795337269351782e+17 0.0 -1.0715724921490867e+17 2.047004847672758e+17 0.0 -8.702573842114022e+16 2.1595925505629376e+17 0.0 -5.696313463067366e+16 2.2345205805487168e+17 0.0 -3291784203730463.5 2.7292561945388534e+17 0.0 1.3064898636139795e+17 5.091999700409431e+17 0.0 2.6765536214295165e+17 1.3382768107148774e+18 0.0 -1.0661705221033136e+17 -1.214985390599031e+17 0.0 -7.508564538213136e+16 -1.0688701960379818e+16 0.0 -7.218143671769694e+16 7.21451986817656e+16 0.0 -8.198914708670085e+16 1.1759650257434318e+17 0.0 -8.572149986326125e+16 1.5858121843235834e+17 0.0 -7.934811723925182e+16 1.87897485183448e+17 0.0 -6.14271950681717e+16 2.046611297597214e+17 0.0 -3.0268931912603976e+16 2.1995744554785805e+17 0.0 3.148398865451393e+16 2.7864596768712426e+17 0.0 1.4276022013336333e+17 4.7433264342677005e+17 0.0 2.359259143909049e+17 1.179629571954668e+18 0.0 -8.38511390555804e+16 -8.215010628818706e+16 0.0 -5.766328786642156e+16 -4800026490581646.0 0.0 -5.552985917947347e+16 5.768290633908107e+16 0.0 -6.2650371877417384e+16 9.752684414667506e+16 0.0 -6.450181510279965e+16 1.3771069582947146e+17 0.0 -5.6608778572355976e+16 1.7118787018198512e+17 0.0 -3.5223422540194124e+16 1.967545151173273e+17 0.0 5674094768441913.0 2.2768458761219578e+17 0.0 7.055331988987311e+16 2.864342708327095e+17 0.0 1.445399390028666e+17 4.281378240918411e+17 0.0 2.0174873052427677e+17 1.0087436526215519e+18 0.0 -6.599356565904954e+16 -4.947065866257442e+16 0.0 -4.447674186977569e+16 -291088253114961.25 0.0 -4.313745808660702e+16 4.492807704084501e+16 0.0 -4.719425673421677e+16 8.018030044274763e+16 0.0 -4.600280734001828e+16 1.203817624365068e+17 0.0 -3.209064275366625e+16 1.6096147674637802e+17 0.0 -3857883096173501.5 1.996297528884628e+17 0.0 4.360170850014523e+16 2.4150015726913264e+17 0.0 9.193924064438021e+16 2.8015598399397987e+17 0.0 1.3326833089553048e+17 3.715529511749682e+17 0.0 1.6938913135043747e+17 8.469456567523424e+17 0.0 -5.275701583664427e+16 -2.382631744719769e+16 0.0 -4.0083283178870056e+16 2002081681297123.8 0.0 -4.52763611845174e+16 3.2137977628249908e+16 0.0 -4.971998850723185e+16 6.216453973086274e+16 0.0 -3.834467001755215e+16 1.0627006036355602e+17 0.0 1.0024611238008896e+16 1.628586467327303e+17 0.0 2.281052565904148e+16 2.029614721565915e+17 0.0 6.430419313374702e+16 2.4266501655181504e+17 0.0 9.401358186991853e+16 2.603545067615583e+17 0.0 1.1821134266006893e+17 3.192867117017045e+17 0.0 1.4197303530647378e+17 7.098651765324823e+17 0.0 -3.285771595971235e+16 -1.4410910661456808e+16 0.0 -2.9153516253369604e+16 -1479418284706340.8 0.0 -3.6799821551276824e+16 1.9752620063772804e+16 0.0 -4.396682968029207e+16 5.5504320456045864e+16 0.0 -4.011344362679328e+16 1.2258380750464741e+17 0.0 -3.973015698164892e+16 1.4494433987773344e+17 0.0 -1.8707491596733284e+16 1.666657523538185e+17 0.0 5.8481286315742616e+16 2.318820697952291e+17 0.0 1.5993698009397398e+17 2.626307635819408e+17 0.0 1.0667083155797013e+17 2.746703405543618e+17 0.0 1.1893556830010021e+17 5.946778415005824e+17 0.0 -1.2486873519484348e+16 -9499749305076116.0 0.0 -1.0943047210873548e+16 -408355424637939.06 0.0 -1.4039075982623732e+16 1.1504019686538024e+16 0.0 -2.3543447772428176e+16 2.8998958160455956e+16 0.0 -4.0983535859615144e+16 6.045271888268793e+16 0.0 -7.142670411575913e+16 1.0951065266690798e+17 0.0 -3.3538009132906016e+16 2.0514725547456157e+17 0.0 1.8957511278965052e+16 3.0932223522863763e+17 0.0 3.2749062951846e+16 2.160496372395148e+17 0.0 5.374027760209082e+16 1.6634397147416054e+17 0.0 9.80709823600949e+16 4.9035491180057875e+17 0.0 -5765696985104129.0 -7857092380683828.0 0.0 -4215625020088802.0 -267548376715793.4 0.0 -4028320383508638.5 8449896081478611.0 0.0 -5015505685991937.0 2.1912208055736092e+16 0.0 -6419216465028177.0 4.782651333174245e+16 0.0 -7040101292765387.0 9.220550583636238e+16 0.0 -7346811410560584.0 1.526207116206109e+17 0.0 -1.7883889885817274e+16 2.0649564721935408e+17 0.0 -4.627618659681274e+16 2.2305661221654022e+17 0.0 7.048559877412311e+16 2.5557166590536093e+17 0.0 9.598331984657888e+16 4.799165992330276e+17 0.0 -3176990386848240.5 -6557206634982679.0 0.0 -1640294061628958.2 -21654020160918.484 0.0 -69611141913184.02 7358076643797796.0 0.0 2065028851721624.0 1.899206657502362e+16 0.0 6468036867383104.0 4.238830794993984e+16 0.0 1.5502477542174388e+16 8.406154274469882e+16 0.0 2.9999078825805612e+16 1.4365295958401336e+17 0.0 4.773797643528627e+16 2.065054740511937e+17 0.0 6.478253740297529e+16 2.4751109163438176e+17 0.0 7.725338386843538e+16 2.4836995071124205e+17 0.0 9.010741698495344e+16 4.5053708492487206e+17 0.0 -2156754367132293.5 -5716854280478274.0 0.0 -791138086690298.4 103922790849539.3 0.0 1107662055126423.6 6736560484396680.0 0.0 3913778103062321.0 1.7089488729039828e+16 0.0 9564478866924262.0 3.812204652438397e+16 0.0 2.027762104490264e+16 7.653163675082578e+16 0.0 3.702661890139492e+16 1.328041554430413e+17 0.0 5.6737481568385816e+16 1.9351603105818045e+17 0.0 7.213720910242517e+16 2.3322118832057498e+17 0.0 7.504908518519547e+16 2.313845522977492e+17 0.0 8.332075308350731e+16 4.1660376541761805e+17 0.0 -1702762178259476.8 -5172754732570865.0 0.0 -487014061132370.5 136014623960151.12 0.0 1341416079551495.2 6138659493423952.0 0.0 4026959617419062.0 1.5429402859906618e+16 0.0 9573797703867776.0 3.450856384352977e+16 0.0 2.0108533138430956e+16 6.981314625447348e+16 0.0 3.630002136575249e+16 1.221919446784874e+17 0.0 5.500552621319012e+16 1.794682704719711e+17 0.0 6.8875538614488456e+16 2.1723393406077424e+17 0.0 7.0452336427018536e+16 2.1538071076318666e+17 0.0 7.74004676072484e+16 3.87002338036315e+17 0.0 -1453774724254459.5 -4774806729910204.0 0.0 -346419631059285.06 130612231002558.03 0.0 1354439088821616.5 5616028511464294.0 0.0 3856542862819322.5 1.40482232101733e+16 0.0 9057746486612652.0 3.1500877840950736e+16 0.0 1.8996416376839076e+16 6.41425422544697e+16 0.0 3.4327462800741948e+16 1.1308697372086218e+17 0.0 5.2039054752807304e+16 1.6722385598146198e+17 0.0 6.499061993975259e+16 2.0332893569457178e+17 0.0 6.618228645951964e+16 2.017250520029966e+17 0.0 7.240927388515722e+16 3.620463694258317e+17 0.0 -1290582275135744.8 -4450002318682385.5 0.0 -264999963691693.34 119909238341247.69 0.0 1323927513641582.0 5181915626879735.0 0.0 3657929116295371.5 1.2914306572751754e+16 0.0 8531896589542357.0 2.901716887698637e+16 0.0 1.7888655574156106e+16 5.941323863051342e+16 0.0 3.2398791305577416e+16 1.0544153153687094e+17 0.0 4.923467939067033e+16 1.568660472066256e+17 0.0 6.151242380392759e+16 1.915479560273898e+17 0.0 6.250720625384984e+16 1.9019868259596787e+17 0.0 6.820836043992976e+16 3.410418021997535e+17 0.0 -1168180017783346.5 -4171402870602899.5 0.0 -209820041720822.28 111893809571982.45 0.0 1282771021905381.2 4821142646411808.0 0.0 3469688193621072.5 1.1974360196216144e+16 0.0 8056190562001928.0 2.695037173468589e+16 0.0 1.6906914327444282e+16 5.545384074041692e+16 0.0 3.0704163212548476e+16 9.900127276322712e+16 0.0 4.677445881729851e+16 1.4810047289290022e+17 0.0 5.851381138858474e+16 1.8157473371030326e+17 0.0 5.937543352254232e+16 1.804524099662039e+17 0.0 6.4660896790377e+16 3.233044839520066e+17 0.0 -1069412190873633.8 -3927245991435208.0 0.0 -168477370048239.03 107897568213376.25 0.0 1240853813091487.8 4519642998474637.0 0.0 3301419685352806.5 1.1189510648775578e+16 0.0 7640829283039234.0 2.5219101664442228e+16 0.0 1.6056251028410292e+16 5.211806918049247e+16 0.0 2.9240486719222156e+16 9.354438975464482e+16 0.0 4.465823159983467e+16 1.4064988068654627e+17 0.0 5.594775107801389e+16 1.7309456944561328e+17 0.0 5.670649663426503e+16 1.721760601035045e+17 0.0 6.165292106697739e+16 3.0826460533498016e+17 0.0 -986356621189606.5 -3711531422294108.0 0.0 -135585238782779.08 107302317362550.02 0.0 1201551447365727.8 4266251123233886.5 0.0 3153991452536204.5 1.0529736556168758e+16 0.0 7281055437408143.0 2.3759228568298036e+16 0.0 1.5322068692953398e+16 4.929060145484049e+16 0.0 2.7979415410436236e+16 8.889588167872066e+16 0.0 4.2841844240960264e+16 1.3428495811968174e+17 0.0 5.375135594598617e+16 1.6584654241077277e+17 0.0 5.4427574341794856e+16 1.6511405739338662e+17 0.0 5.90905143840966e+16 2.954525719205766e+17 0.0 -914506466714772.5 -3520602133876114.5 0.0 -108529064815856.56 109050700279511.36 0.0 1165876108838682.8 4052007320784463.0 0.0 3025509826104190.0 9971566711746354.0 0.0 6969770746334245.0 2.252082793933112e+16 0.0 1.4687982032960624e+16 4.688099740639171e+16 0.0 2.6891390879584228e+16 8.491684880291685e+16 0.0 4.128000649415145e+16 1.288220568851508e+17 0.0 5.186573161256812e+16 1.596212253422796e+17 0.0 5.247529854735612e+16 1.590592039224093e+17 0.0 5.6897207187786984e+16 2.8448603593895837e+17 0.0 -151587626970539.0 -2302219600211874.0 0.0 -123270708191531.52 140418658286371.61 0.0 -155992883819242.9 3491837002491495.5 0.0 -251881496078890.16 8525441853438803.0 0.0 -454754147200252.75 1.9231336837633332e+16 0.0 -800000851442416.5 4.010458035260346e+16 0.0 -1215143454476150.2 7.284704762410907e+16 0.0 -1439351212657627.8 1.1080263043411598e+17 0.0 -1176290549216869.0 1.3750280274390936e+17 0.0 -485160204624424.25 1.3691226564076555e+17 0.0 0.0 3.850783155868341e+17 0.0 460691594528848.56 -3093914945695495.5 0.0 -169515871533851.6 194123367213268.38 0.0 -1403618132049976.5 3813424303509442.0 0.0 -3297597180810710.5 9251011751540206.0 0.0 -7337159965270784.0 2.08501593067938e+16 0.0 -1.5203602715485924e+16 4.355680112222611e+16 0.0 -2.7491641538550524e+16 7.933215555244106e+16 0.0 -4.15763707766303e+16 1.2097660076650686e+17 0.0 -5.115570180009508e+16 1.5037098242848816e+17 0.0 -5.031776139581887e+16 1.4965830400832736e+17 0.0 -5.338254145144147e+16 2.6691270725728906e+17 0.0 457676046532247.44 -2976464538714936.5 0.0 -150933755745649.94 186433511561158.78 0.0 -1334556648917563.8 3664425330544729.0 0.0 -3142193100301958.5 8878706191503461.0 0.0 -7007623452162744.0 2.002957669238719e+16 0.0 -1.4572602475813628e+16 4.195292335628939e+16 0.0 -2.646258920378206e+16 7.667037092767622e+16 0.0 -4.019528025006791e+16 1.1731793570216643e+17 0.0 -4.9650302182367256e+16 1.462332864114572e+17 0.0 -4.895274677732936e+16 1.4570787578555126e+17 0.0 -5.197082573581772e+16 2.5985412867916618e+17 0.0 454122638448246.44 -2870373748017991.5 0.0 -136243933360599.94 180878205508090.84 0.0 -1275518763168368.2 3535694110797781.0 0.0 -3009388928913469.0 8558361698887571.0 0.0 -6725104571824701.0 1.9322161599478216e+16 0.0 -1.402905447467021e+16 4.056564826241615e+16 0.0 -2.5572007825702636e+16 7.436019260945531e+16 0.0 -3.899476046739033e+16 1.141337249978671e+17 0.0 -4.833778145668244e+16 1.426267762866054e+17 0.0 -4.77626166952088e+16 1.4226728975089866e+17 0.0 -5.074309505624938e+16 2.537154752813726e+17 0.0 450767639683737.25 -2777228905384218.5 0.0 -124702542813441.92 176907746606037.62 0.0 -1225007523438487.0 3424675415023975.5 0.0 -2895377437289847.5 8281684077769794.0 0.0 -6481935118475337.0 1.8710297996386416e+16 0.0 -1.3559237846750562e+16 3.936204777807794e+16 0.0 -2.479896465944153e+16 7.234961417037296e+16 0.0 -3.7948626905106696e+16 1.1135554129499408e+17 0.0 -4.7190858202786104e+16 1.394755491624639e+17 0.0 -4.6722436983642456e+16 1.3926280833181733e+17 0.0 -4.967233457506194e+16 2.483616728753333e+17 0.0 447646440431594.8 -2695471288533242.5 0.0 -114988287232420.12 173865308909762.44 0.0 -1181596544297877.0 3328584696349773.0 0.0 -2797106295585678.0 8041935647340484.0 0.0 -6271861315078886.0 1.8179426496659452e+16 0.0 -1.3152062043170854e+16 3.831506736510083e+16 0.0 -2.4126234778563836e+16 7.0595728730892856e+16 0.0 -3.703506821655809e+16 1.0892646799063942e+17 0.0 -4.618672429705018e+16 1.3671646334076766e+17 0.0 -4.581146908103823e+16 1.3663334346354718e+17 0.0 -4.873624125720285e+16 2.4368120628615754e+17 0.0 444775222287788.8 -2623712196590202.5 0.0 -106756080021430.81 171493991134312.4 0.0 -1144140067050539.5 3245156332155930.0 0.0 -2712104786331031.5 7833601557942104.0 0.0 -6089786394642912.0 1.7717574157713008e+16 0.0 -1.2798170428979124e+16 3.7402228994455304e+16 0.0 -2.353950382289303e+16 6.906278407070674e+16 0.0 -3.6235807375453656e+16 1.0679888588790885e+17 0.0 -4.5306190519958184e+16 1.34296658364217e+17 0.0 -4.501233603486812e+16 1.343279421448871e+17 0.0 -4.791627868435166e+16 2.3958139342193904e+17 0.0 442160129423499.9 -2560726577007572.5 0.0 -99735810027252.84 169612487070086.75 0.0 -1111709369165915.1 3172533214492352.5 0.0 -2638356800378210.5 7652137551706685.0 0.0 -5931546042891215.0 1.7314893167971782e+16 0.0 -1.2489816101538876e+16 3.660481811858924e+16 0.0 -2.30267927893725e+16 6.772077731143435e+16 0.0 -3.5535455378050868e+16 1.0493275048297562e+17 0.0 -4.453303317470019e+16 1.3217163540216835e+17 0.0 -4.431039272637417e+16 1.3230384174489077e+17 0.0 -4.719694095073441e+16 2.359847047538421e+17 0.0 439801817795286.2 -2505441513961443.5 0.0 -93713515351822.08 168092186008677.84 0.0 -1083545819960486.1 3109182905899833.5 0.0 -2574205781474955.5 7493776817137411.0 0.0 -5793700519325012.0 1.6963190438310062e+16 0.0 -1.222061034856784e+16 3.590719711905952e+16 0.0 -2.2578048158547308e+16 6.6544465983365304e+16 0.0 -3.4921001925878196e+16 1.0329423203396454e+17 0.0 -4.385347962385516e+16 1.3030374619653442e+17 0.0 -4.369323740825004e+16 1.3052495775882101e+17 0.0 -4.656518485592661e+16 2.3282592427979123e+17 0.0 437697846484099.4 -2456922256908216.5 0.0 -88517985453931.47 166841268869593.78 0.0 -1059025511911293.0 3053833221552674.0 0.0 -2518282302488506.5 7355380278232528.0 0.0 -5673393017160467.0 1.6655616091118372e+16 0.0 -1.1985210781267184e+16 3.529622525710151e+16 0.0 -2.2184799035826092e+16 6.551252674387173e+16 0.0 -3.43814094908441e+16 1.0185463673226984e+17 0.0 -4.325579577393146e+16 1.2866100133085722e+17 0.0 -4.315031931136073e+16 1.2896069272657928e+17 0.0 -4.600998209297184e+16 2.3004991046496278e+17 0.0 435844057845865.2 -2414357551884745.5 0.0 -84010970728537.77 165793659319418.4 0.0 -1037632190701134.8 3005422302035097.0 0.0 -2469448088380725.5 7234319511021299.0 0.0 -5568239178023140.0 1.6386418221779986e+16 0.0 -1.1779131132757526e+16 3.4760816965208304e+16 0.0 -2.1839882993381456e+16 6.460688314293649e+16 0.0 -3.3907286159499696e+16 1.0058954360239398e+17 0.0 -4.272995488743011e+16 1.2721612082056773e+17 0.0 -4.267263042293328e+16 1.2758499487784978e+17 0.0 -4.552196628860123e+16 2.2760983144310294e+17 0.0 434235464516429.94 -2377045332937465.5 0.0 -80079895381744.38 164901342452173.8 0.0 -1018936312292364.6 2963059612620800.0 0.0 -2426752339394237.5 7128384497216115.0 0.0 -5476240176685514.0 1.6150748506848026e+16 0.0 -1.159858990839428e+16 3.429158893206404e+16 0.0 -2.1537225245928104e+16 6.3812165073163384e+16 0.0 -3.349061970354148e+16 9.947810888429416e+16 0.0 -4.226736860388555e+16 1.2594577168756336e+17 0.0 -4.2252457896715864e+16 1.263756079254421e+17 0.0 -4.509315309503724e+16 2.2546576547539866e+17 0.0 432866890949925.5 -2344379432182211.0 0.0 -76632349494346.31 164129013846956.8 0.0 -1002578696165684.5 2925995272180427.0 0.0 -2389397381000442.0 7035710474304969.0 0.0 -5395713863834205.0 1.5944507196070902e+16 0.0 -1.1440389204942442e+16 3.3880576604318084e+16 0.0 -2.1271659790839096e+16 6.311527184656644e+16 0.0 -3.312456019760211e+16 9.85025022570382e+16 0.0 -4.186066654528679e+16 1.2482995149020858e+17 0.0 -4.18831832848087e+16 1.2531346871625512e+17 0.0 -4.471671660335653e+16 2.2358358301699373e+17 0.0 431733471777765.06 -2315837571836956.0 0.0 -73591476387527.47 163450212206701.34 0.0 -988257665122958.8 2893595770513845.5 0.0 -2356711462584838.0 6954719591903025.0 0.0 -5325239881329040.0 1.5764218859991872e+16 0.0 -1.1301817179898868e+16 3.3521005377150996e+16 0.0 -2.1038783908301788e+16 6.250501743799686e+16 0.0 -3.2803241651665616e+16 9.764744771794496e+16 0.0 -4.150351497247469e+16 1.2385148700853675e+17 0.0 -4.1559118777402776e+16 1.243822203967398e+17 0.0 -4.4386809527643016e+16 2.2193404763845686e+17 0.0 430830766681173.0 -2290969275580567.5 0.0 -70887206649198.83 162842865467217.38 0.0 -975718734484978.5 2865324246813275.5 0.0 -2328127093230506.5 6884074149918432.0 0.0 -5263615690975125.0 1.560693234479616e+16 0.0 -1.1180569221129598e+16 3.320710518663478e+16 0.0 -2.083483939538514e+16 6.197184134049888e+16 0.0 -3.252163521794759e+16 9.689984812647186e+16 0.0 -4.119046707973419e+16 1.2299562453186115e+17 0.0 -4.127537297227348e+16 1.2356781663802094e+17 0.0 -4.409841770340108e+16 2.2049208851710512e+17 0.0 430150952610828.3 -2269365849044763.5 0.0 -68473848218423.0 162294113706132.47 0.0 -964738065220326.2 2840717309774259.5 0.0 -2303163703215747.5 6822638958955650.0 0.0 -5209821197931002.0 1.547013991049801e+16 0.0 -1.1074684012263228e+16 3.2933959765018744e+16 0.0 -2.0656615374372412e+16 6.150757215658025e+16 0.0 -3.227542811886084e+16 9.62484771303418e+16 0.0 -4.091683908557582e+16 1.2224969363184888e+17 0.0 -4.102774040468888e+16 1.2285819829314397e+17 0.0 -4.384724172620737e+16 2.1923620863124118e+17 0.0 429698082617974.9 -2250727211180336.5 0.0 -66314125400934.93 161800380452256.4 0.0 -955130507529990.6 2819395042455993.5 0.0 -2281411501521477.0 6769444321488954.0 0.0 -5162990181242253.0 1.53517116718335e+16 0.0 -1.0982491518322452e+16 3.269738375033003e+16 0.0 -2.0501368559359544e+16 6.1105233842072264e+16 0.0 -3.20609235938855e+16 9.568372574791613e+16 0.0 -4.067860748179636e+16 1.2160283038964786e+17 0.0 -4.081261035779151e+16 1.2224302820722803e+17 0.0 -4.362960025853624e+16 2.1814800129279888e+17 0.0 429471910200421.2 -2234772892693413.8 0.0 -64362908740799.125 161354321873060.94 0.0 -946762323121676.0 2801037625105689.5 0.0 -2262522888613910.5 6723669384101828.0 0.0 -5122387152333943.0 1.524984233774868e+16 0.0 -1.0902570576852874e+16 3.2493822355288468e+16 0.0 -2.0366757747976452e+16 6.075888670781021e+16 0.0 -3.187495812894081e+16 9.519739359738661e+16 0.0 -4.047232377122799e+16 1.210457491243802e+17 0.0 -4.062689145509888e+16 1.2171347316581102e+17 0.0 -4.344235080469422e+16 2.172117540237224e+17 0.0 429474066518500.94 -2221265963867628.2 0.0 -62581508922143.32 160933030405397.44 0.0 -939506921274716.8 2785371016023459.5 0.0 -2246209559856127.2 6684640778216796.0 0.0 -5087388568898519.0 1.5163007904460634e+16 0.0 -1.0833714273208966e+16 3.2320269418917976e+16 0.0 -2.0250789980661784e+16 6.0463496937139416e+16 0.0 -3.171483304639718e+16 9.47825169019219e+16 0.0 -4.029504377632795e+16 1.2057055408346291e+17 0.0 -4.0467949269193304e+16 1.2126202447021318e+17 0.0 -4.328282472038502e+16 2.164141236022513e+17 0.0 429708289221980.9 -2210008212226088.8 0.0 -60940358134477.086 160529569229997.53 0.0 -933237678638048.0 2772158870177089.5 0.0 -2232223485261958.0 6651781512755929.0 0.0 -5057467564480689.0 1.5089930471430644e+16 0.0 -1.0774901657212514e+16 3.217420055867897e+16 0.0 -2.0151776284290676e+16 6.021482962995665e+16 0.0 -3.15782579508829e+16 9.443322698844168e+16 0.0 -4.014426826601384e+16 1.2017058414947406e+17 0.0 -4.0333554689801096e+16 1.2088235049880376e+17 0.0 -4.314877393126872e+16 2.1574386965651757e+17 0.0 430180651646296.75 -2200836154425020.5 0.0 -59375754659625.016 160125256191582.88 0.0 -927860000556359.6 2761208982079012.0 0.0 -2220355925083277.2 6624612910327029.0 0.0 -5032181534622143.0 1.502954974684013e+16 0.0 -1.0725274654469104e+16 3.2053518837942556e+16 0.0 -2.0068295357722296e+16 6.0009361538074264e+16 0.0 -3.1463304246755576e+16 9.414463518525773e+16 0.0 -4.001789513947867e+16 1.1984028600401186e+17 0.0 -4.022184141240469e+16 1.2056917531782253e+17 0.0 -4.303832734327509e+16 2.1519163671645808e+17 0.0 430871431110147.9 -2193475929809543.8 0.0 -57880608313836.96 159719589516630.38 0.0 -923281620584055.8 2752326498880054.0 0.0 -2210432574950834.0 6602744100777228.0 0.0 -5011162074189036.0 1.4981000135447352e+16 0.0 -1.06841192909798e+16 3.195651094628535e+16 0.0 -1.999916393397042e+16 5.984421049720456e+16 0.0 -3.136836659782111e+16 9.391273809204794e+16 0.0 -3.991418013348392e+16 1.1957511070625637e+17 0.0 -4.013127164697973e+16 1.203181813788918e+17 0.0 -4.294995569767545e+16 2.1474977848848816e+17 0.0 431804762187404.6 -2187887681444654.5 0.0 -56508964057646.88 159332478784478.2 0.0 -919441405592331.6 2745402453214342.0 0.0 -2202309647844908.5 6585863681382514.0 0.0 -4994106864898240.0 1.4943592534050056e+16 0.0 -1.0650850523864096e+16 3.1881812294454132e+16 0.0 -1.9943412766949972e+16 5.9717079069476184e+16 0.0 -3.1292131978709384e+16 9.373434247306814e+16 0.0 -3.9831703731519336e+16 1.1937143045617973e+17 0.0 -4.006060798972967e+16 1.201259308371335e+17 0.0 -4.2882443425957016e+16 2.144122171299397e+17 0.0 433024179929334.1 -2184139836132610.0 0.0 -55223336995567.086 158953071673273.34 0.0 -916296941689113.6 2740378337247191.5 0.0 -2195870735750216.8 6573733230117374.0 0.0 -4980773196989132.0 1.4916800167805006e+16 0.0 -1.0625000116293088e+16 3.1828379805120584e+16 0.0 -1.990026737662993e+16 5.9626210453618344e+16 0.0 -3.1233554863810764e+16 9.360700641328789e+16 0.0 -3.976934550154211e+16 1.1922647370644915e+17 0.0 -4.000889132049788e+16 1.1998980412181898e+17 0.0 -4.2834866687499864e+16 2.1417433343759283e+17 0.0 434547111904380.1 -2182178458473822.5 0.0 -53965972395007.79 158563057384255.03 0.0 -913803114311729.9 2737183445608134.5 0.0 -2191024326406475.8 6566182432615832.0 0.0 -4970972879620219.0 1.4900247959755608e+16 0.0 -1.0606207123934572e+16 3.1795471468993996e+16 0.0 -1.9869132934583812e+16 5.95703553005823e+16 0.0 -3.1191837714369784e+16 9.352899492603586e+16 0.0 -3.972626409544243e+16 1.191382762744248e+17 0.0 -3.997542396245808e+16 1.199079538562329e+17 0.0 -4.280657693508997e+16 2.140328846756342e+17 0.0 -2352444203175.193 -3054765478283967.5 0.0 -61437129407634.15 180988274121057.78 0.0 -1043703076210210.4 3126898424136508.5 0.0 -2502682939166924.0 7501182612629760.0 0.0 -5678301831560374.0 1.7022279098719994e+16 0.0 -1.2115908658110704e+16 3.6324655846244e+16 0.0 -2.269842246633226e+16 6.805834944100513e+16 0.0 -3.5635319824045292e+16 1.0685959595717643e+17 0.0 -4.538800265123426e+16 1.361236240394046e+17 0.0 -4.567481573891287e+16 1.3700618738594605e+17 0.0 -7.489508164440397e+16 2.2468524493363354e+17 0.0
    </DataArray>
    <DataArray type="Float32" Name="Ion drift flux Density [Am^-2]" NumberOfComponents="3" format="ascii">
-1.6398445529050233e+26 5.00994650266248e+28 0.0 7.457119968619598e+27 2.27039764377613e+28 0.0 1.2410807145084458e+28 3.769963535441212e+28 0.0 1.7645143334235022e+28 5.347560706278559e+28 0.0 2.1999255036170286e+28 6.64724145097779e+28 0.0 2.473762018062142e+28 7.4502406711460985e+28 0.0 2.561895636531745e+28 7.692394045979242e+28 0.0 2.4758730303635313e+28 7.41652741408661e+28 0.0 2.237377344624192e+28 6.691847670165023e+28 0.0 1.883078382483502e+28 5.630961254391391e+28 0.0 3.2112518297713525e+28 9.63375548931499e+28 0.0 6.811415139766727e+27 3.466771038250592e+28 0.0 6.271571474088007e+27 1.9124412051098387e+28 0.0 1.0385640432985759e+28 3.1584320478861005e+28 0.0 1.4758264498130193e+28 4.47607735710045e+28 0.0 1.8441498422073282e+28 5.57449531621684e+28 0.0 2.079420522020497e+28 6.262728017461638e+28 0.0 2.159339091593228e+28 6.481303818521436e+28 0.0 2.0925311176455666e+28 6.263957472595362e+28 0.0 1.8983748031937364e+28 5.673503735126877e+28 0.0 1.6082872624882965e+28 4.80691425721231e+28 0.0 1.7991748186837748e+28 8.99587409341968e+28 0.0 6.12287220540796e+27 3.171250594236411e+28 0.0 5.568735191974535e+27 1.7255060178954759e+28 0.0 9.155877171827748e+27 2.821714986380795e+28 0.0 1.3048630506579368e+28 4.0001467664990616e+28 0.0 1.6431539946729104e+28 5.004704298722103e+28 0.0 1.8697634901133848e+28 5.654128335284316e+28 0.0 1.9587306835719131e+28 5.88263072096437e+28 0.0 1.914336300192957e+28 5.717800892119617e+28 0.0 1.7537618158842275e+28 5.221451603710061e+28 0.0 1.5038320680282417e+28 4.479421066341825e+28 0.0 1.6978762818889412e+28 8.4893814094453e+28 0.0 5.21957118051801e+27 2.7505219450074627e+28 0.0 4.690434204109377e+27 1.4769846496066192e+28 0.0 7.613052916878697e+27 2.3792778945756318e+28 0.0 1.086419558794202e+28 3.3706150964938167e+28 0.0 1.3801876078320663e+28 4.243459987891936e+28 0.0 1.5902684451185002e+28 4.839161489898592e+28 0.0 1.6891313657063845e+28 5.087910866873368e+28 0.0 1.6728544586378448e+28 4.9965569335561436e+28 0.0 1.5514691570227168e+28 4.610348194591146e+28 0.0 1.3486536615463816e+28 4.008566278216803e+28 0.0 1.548103963791383e+28 7.740519818957488e+28 0.0 4.251360183637141e+27 2.2776718923746164e+28 0.0 3.773209256970074e+27 1.2081430808182366e+28 0.0 6.021057219327689e+27 1.9112589127861221e+28 0.0 8.59985185261318e+27 2.7067490502867953e+28 0.0 1.1040006610561601e+28 3.4372122914556134e+28 0.0 1.2907544924156894e+28 3.96739353107999e+28 0.0 1.392942391392333e+28 4.225554009151182e+28 0.0 1.4014373880628721e+28 4.202935558267928e+28 0.0 1.3201896032368155e+28 3.9289472834563975e+28 0.0 1.1687280406672477e+28 3.473416550577485e+28 0.0 1.3720019568587263e+28 6.86000978429415e+28 0.0 3.332238371421197e+27 1.8139418466504318e+28 0.0 2.917867407656921e+27 9.507461252583901e+27 0.0 4.567478687840869e+27 1.4754391381327131e+28 0.0 6.528568040141844e+27 2.090484581489187e+28 0.0 8.482470749765984e+27 2.6841251544964714e+28 0.0 1.0088038413325859e+28 3.1456153622891965e+28 0.0 1.1091869963275804e+28 3.4044737637626316e+28 0.0 1.1368975938415465e+28 3.439016879925044e+28 0.0 1.0908348416349082e+28 3.2636527388211264e+28 0.0 9.87211711946589e+27 2.9403623349933727e+28 0.0 1.1904170109597046e+28 5.952085054798822e+28 0.0 2.5280704874144956e+27 1.398224943523179e+28 0.0 2.1827519957344315e+27 7.244648460927571e+27 0.0 3.3514381963573054e+27 1.1037391437345266e+28 0.0 4.797721946773101e+27 1.5668087086212133e+28 0.0 6.320914096930945e+27 2.0392580430035085e+28 0.0 7.665590616272684e+27 2.4339416782869966e+28 0.0 8.609856256271854e+27 2.6848850724895086e+28 0.0 9.014218445854503e+27 2.7615682514191765e+28 0.0 8.834679935035763e+27 2.6666975890909013e+28 0.0 8.223741591466624e+27 2.4602999637179765e+28 0.0 1.0187307452294969e+28 5.093653726147702e+28 0.0 1.8635645966845697e+27 1.0479571052041124e+28 0.0 1.5869552817874042e+27 5.372327662028388e+27 0.0 2.3974082004387288e+27 8.06286971543855e+27 0.0 3.4422208989732363e+27 1.1485663172109363e+28 0.0 4.6096171309122045e+27 1.519367567892984e+28 0.0 5.715481261836367e+27 1.8523350375604099e+28 0.0 6.573851558152507e+27 2.0882416682994144e+28 0.0 7.046019422785006e+27 2.191972450077861e+28 0.0 7.070600654961382e+27 2.1580878994740137e+28 0.0 6.786060860023337e+27 2.042418149641123e+28 0.0 8.659879745457052e+27 4.329939872728829e+28 0.0 1.3367290048050298e+27 7.656906082346241e+27 0.0 1.1236635449898018e+27 3.888259489899794e+27 0.0 1.6799101325393704e+27 5.779904158132013e+27 0.0 2.4303772968153948e+27 8.295486366294738e+27 0.0 3.316811731913714e+27 1.1178196068842889e+28 0.0 4.2171798785576933e+27 1.3959994059871613e+28 0.0 4.98067615593006e+27 1.6127217342882168e+28 0.0 5.479061093990695e+27 1.731755553938066e+28 0.0 5.646532508220377e+27 1.7431406634090093e+28 0.0 5.603455606319449e+27 1.6967229883940585e+28 0.0 7.354394847183116e+27 3.6771974235917817e+28 0.0 9.302993662183536e+26 5.452583738208805e+27 0.0 7.738230985128722e+26 2.748290064171783e+27 0.0 1.1543625315888577e+27 4.072611353191591e+27 0.0 1.6950972817239498e+27 5.92290794070883e+27 0.0 2.370472008388818e+27 8.16577686698466e+27 0.0 3.1010892663857643e+27 1.0475356876425567e+28 0.0 3.7739546950996555e+27 1.2440188369592409e+28 0.0 4.277295678822291e+27 1.3714545461841395e+28 0.0 4.550878802307774e+27 1.418734571328603e+28 0.0 4.680543362902579e+27 1.424585593074123e+28 0.0 6.266400356034528e+27 3.1332001780175336e+28 0.0 6.200700150169736e+26 3.761798683602687e+27 0.0 5.1548991826528256e+26 1.8939711004583874e+27 0.0 7.779764153228367e+26 2.82306502642395e+27 0.0 1.1691961744938932e+27 4.18256985009166e+27 0.0 1.685964670116848e+27 5.927700031645876e+27 0.0 2.2831632537157054e+27 7.852077235902497e+27 0.0 2.8787489051667313e+27 9.634551632301079e+27 0.0 3.384571170059807e+27 1.097860161484764e+28 0.0 3.7512436495086433e+27 1.178417195890323e+28 0.0 3.975518273866573e+27 1.2152569285156422e+28 0.0 5.374229276893227e+27 2.6871146384469396e+28 0.0 3.817627016381393e+26 2.4688660138614716e+27 0.0 3.293831684521327e+26 1.2685401091450854e+27 0.0 5.123801140223632e+26 1.9169018883746882e+27 0.0 7.964239924767634e+26 2.9120231929923004e+27 0.0 1.1956379470165106e+27 4.277883828402647e+27 0.0 1.6921647980974141e+27 5.905164965983656e+27 0.0 2.2348797793122027e+27 7.572109923648278e+27 0.0 2.758025523820688e+27 9.030701146911512e+27 0.0 3.187572293694677e+27 1.0080752181690855e+28 0.0 3.432023574122626e+27 1.0535787625678066e+28 0.0 4.6510903837974933e+27 2.3255451918990605e+28 0.0 1.9374519647150883e+26 1.4737970052590517e+27 0.0 1.9633866247043388e+26 8.0143907556872e+26 0.0 3.2928803282890146e+26 1.2640148521895714e+27 0.0 5.398266804742086e+26 2.0058925472584257e+27 0.0 8.536960342885603e+26 3.094313194766045e+27 0.0 1.284954616396557e+27 4.534220228487291e+27 0.0 1.787223739354635e+27 6.122791301295652e+27 0.0 2.3190478415205244e+27 7.665119939172175e+27 0.0 2.7624812369937593e+27 8.797146756706354e+27 0.0 3.003799679831385e+27 9.264097231581915e+27 0.0 4.070588796590795e+27 2.0352943982956403e+28 0.0 9.34633750791069e+25 7.123614584996813e+26 0.0 9.259482607551199e+25 3.742493748981673e+26 0.0 1.5715966344168973e+26 6.0044158945843935e+26 0.0 2.9909562765512203e+26 1.1109681577768568e+27 0.0 5.764730189567023e+26 2.1004326839450912e+27 0.0 1.0748007691389326e+27 3.8368387940641657e+27 0.0 1.466715087447653e+27 5.09225052208972e+27 0.0 1.9914847055055816e+27 6.65984183458886e+27 0.0 2.4428257265285708e+27 7.829087713694649e+27 0.0 2.667003121825668e+27 8.26997567909347e+27 0.0 3.607830566916397e+27 1.8039152834583885e+28 0.0 6.691051649991642e+25 4.2678169208297e+26 0.0 5.436660863107135e+25 2.039448300652554e+26 0.0 8.566254963632733e+25 3.1512306449916996e+26 0.0 1.5703822625652034e+26 5.70524307970257e+26 0.0 3.0370367581787807e+26 1.0939544409191777e+27 0.0 5.753220149979752e+26 2.051687455357332e+27 0.0 1.0272646758284227e+27 3.5893257015962013e+27 0.0 1.6892391979573948e+27 5.730707199731125e+27 0.0 2.44096084793407e+27 7.973848279348635e+27 0.0 2.4015057903662183e+27 7.517470765592415e+27 0.0 3.241668046181773e+27 1.6208340230911138e+28 0.0 5.298280437599519e+25 3.032999843451281e+26 0.0 3.7978473214274917e+25 1.3292559113061155e+26 0.0 5.588092420262807e+25 1.9641118259574283e+26 0.0 1.0034025964158745e+26 3.525025967788621e+26 0.0 1.97037617035187e+26 6.905182791204138e+26 0.0 3.866972807818225e+26 1.3477524695670273e+27 0.0 7.159393748245351e+26 2.4672069054635068e+27 0.0 1.1878721587170408e+27 4.021260678565788e+27 0.0 1.7077316298685178e+27 5.626939490896126e+27 0.0 2.13577830279044e+27 6.714935826940803e+27 0.0 2.9604326369078334e+27 1.4802163184542013e+28 0.0 4.504732272255037e+25 2.4299251378597718e+26 0.0 3.078929658229845e+25 1.0258420128770187e+26 0.0 4.386974203724042e+25 1.4823951488737544e+26 0.0 7.839960892459643e+25 2.6647854736361816e+26 0.0 1.5564989553356523e+26 5.295397455995322e+26 0.0 3.147931558342518e+26 1.0672023938256956e+27 0.0 6.012532543206682e+26 2.0204204348632348e+27 0.0 1.028924298635027e+27 3.405322602697039e+27 0.0 1.52873522350137e+27 4.941808807849921e+27 0.0 1.959878764018212e+27 6.120882211832246e+27 0.0 2.7280826123639097e+27 1.3640413061821797e+28 0.0 3.958204691427859e+25 2.07758106581744e+26 0.0 2.6701171043517237e+25 8.626265330331875e+25 0.0 3.7944853201416177e+25 1.2449117874336515e+26 0.0 6.8360019322661e+25 2.260687502822141e+26 0.0 1.3632413344731945e+26 4.519556613961422e+26 0.0 2.787023434658125e+26 9.218932262060539e+26 0.0 5.4137573909817215e+26 1.777872731474893e+27 0.0 9.41988226680741e+26 3.0542956151644705e+27 0.0 1.4176992507012512e+27 4.5098469911861344e+27 0.0 1.824624038261441e+27 5.654077210115356e+27 0.0 2.53142921490002e+27 1.2657146074501862e+28 0.0 3.5430696661274034e+25 1.8370486802316404e+26 0.0 2.3763840533576877e+25 7.534702926933092e+25 0.0 3.3931494925814013e+25 1.0902081270549895e+26 0.0 6.148689880489196e+25 1.9908053418963584e+26 0.0 1.2324042378675818e+26 4.001964605067465e+26 0.0 2.5387692062041057e+26 8.232446102570268e+26 0.0 4.978404175556358e+26 1.6050720718721653e+27 0.0 8.74390764671043e+26 2.790132055276731e+27 0.0 1.3252876430615916e+27 4.165018898860904e+27 0.0 1.7097265941349674e+27 5.263823562752825e+27 0.0 2.364083343020437e+27 1.1820416715103766e+28 0.0 3.216312294203547e+25 1.6572837725954895e+26 0.0 2.1461206317096496e+25 6.724896438051088e+25 0.0 3.0763881531698898e+25 9.740183285489347e+25 0.0 5.602359588511391e+25 1.7853029246088165e+26 0.0 1.1275591356227466e+26 3.603038064063143e+26 0.0 2.3376171448144098e+26 7.463029336469807e+26 0.0 4.618839555010621e+26 1.467935920351068e+27 0.0 8.17097545832009e+26 2.575467172271475e+27 0.0 1.2453003843659295e+27 3.877667816821517e+27 0.0 1.610450189450245e+27 4.9330846590703425e+27 0.0 2.2213040655155152e+27 1.1106520327578567e+28 0.0 2.951276009411753e+25 1.5151875672900388e+26 0.0 1.959522692538946e+25 6.092363626944113e+25 0.0 2.8174283402394833e+25 8.827377582870648e+25 0.0 5.152290372694092e+25 1.622492005207181e+26 0.0 1.0405028863294892e+26 3.2840414094473265e+26 0.0 2.168330310285878e+26 6.839457447430732e+26 0.0 4.311992677834979e+26 1.35525581065952e+27 0.0 7.676766601452293e+26 2.3968641969907087e+27 0.0 1.1757683373659677e+27 3.6352364943989125e+27 0.0 1.524444006297594e+27 4.6512589233889485e+27 0.0 2.0991706986503473e+27 1.049585349325402e+28 0.0 2.7325813818116683e+25 1.3993103136296808e+26 0.0 1.8058258036686097e+25 5.583546657599504e+25 0.0 2.6027845588435326e+25 8.09273519711764e+25 0.0 4.7760743746892046e+25 1.4906514051940761e+26 0.0 9.671488870704398e+25 3.0237706858903985e+26 0.0 2.0242413385420454e+26 6.325557922593136e+26 0.0 4.0481113249819114e+26 1.2613767833750683e+27 0.0 7.248194735652046e+26 2.246467353217419e+27 0.0 1.1152714371400528e+27 3.4292311419078597e+27 0.0 1.4498572279030996e+27 4.4101146178720434e+27 0.0 1.9944051123836855e+27 9.97202556192108e+27 0.0 2.549682395796553e+25 1.3029564480315393e+26 0.0 1.677874017637225e+25 5.16646067491257e+25 0.0 2.423432747799588e+25 7.491888723958556e+25 0.0 4.459216065816484e+25 1.3823318548396858e+26 0.0 9.049564534118007e+25 2.8087839411717127e+26 0.0 1.9010369019104838e+26 5.8976087819278026e+26 0.0 3.8205393406692596e+26 1.1824778130196899e+27 0.0 6.876030945583378e+26 2.118910705150155e+27 0.0 1.0626086996465421e+27 3.253242890969969e+27 0.0 1.3850963609230368e+27 4.202991892888238e+27 0.0 1.9042753543738814e+27 9.521376771871442e+27 0.0 2.3952697508404577e+25 1.2218217150813525e+26 0.0 1.570505615721124e+25 4.8200512093407306e+25 0.0 2.2726387517991914e+25 6.994528889590354e+25 0.0 4.191076985066395e+25 1.2923974898835843e+26 0.0 8.520183317354406e+25 2.6295372686310267e+26 0.0 1.79539451009035e+26 5.538386593737435e+26 0.0 3.623955280761199e+26 1.1157254041397655e+27 0.0 6.552646959386899e+26 2.010149420233612e+27 0.0 1.0167399717262312e+27 3.1022472461913844e+27 0.0 1.328792714819169e+27 4.0244796194762454e+27 0.0 1.82651044968996e+27 9.132552248451847e+27 0.0 2.2641339597197847e+25 1.15293321957484e+26 0.0 1.4798363758417086e+25 4.529524022548461e+25 0.0 2.1451688526283743e+25 6.578881145096034e+25 0.0 3.963210655717046e+25 1.2170799740954292e+26 0.0 8.068056730826421e+25 2.478925530922893e+26 0.0 1.704596955088009e+26 5.234843150370963e+26 0.0 3.453895922748331e+26 1.0589354652818189e+27 0.0 6.271448068141524e+26 1.9169994955060425e+27 0.0 9.767593548008941e+26 2.97221425684188e+27 0.0 1.279772794522139e+27 3.870148329558307e+27 0.0 1.759223829325103e+27 8.796119146626025e+27 0.0 -3.0093771702424793e+23 7.668532864215753e+25 0.0 -2.5175166410554204e+23 3.816319205166969e+25 0.0 -3.9386243653323803e+23 5.54979891215243e+25 0.0 -7.633841458309468e+23 1.0279134427915352e+26 0.0 -1.5774891792121282e+24 2.095507467571909e+26 0.0 -3.257646498592176e+24 4.4347449722748526e+26 0.0 -6.139653594231782e+24 9.001694887492424e+26 0.0 -9.631918447071049e+24 1.636033273757134e+27 0.0 -1.1409613687912467e+25 2.545905383474463e+27 0.0 -8.416898584005245e+24 3.324001469134211e+27 0.0 0.0 1.1905927244648358e+28 0.0 -2.123490964848723e+25 1.0460426718537153e+26 0.0 -1.3850117834991793e+25 4.091049396972331e+25 0.0 -2.018374900033143e+25 5.956523153905406e+25 0.0 -3.744119456519654e+25 1.1043256310383382e+26 0.0 -7.638887787743861e+25 2.2528518076346302e+26 0.0 -1.618830523190386e+26 4.776517162579627e+26 0.0 -3.291929233337866e+26 9.7248453857744e+26 0.0 -5.991816816543504e+26 1.7737812148492104e+27 0.0 -9.326114479813425e+26 2.7695722975718853e+27 0.0 -1.2153939059948216e+27 3.6252687308994936e+27 0.0 -1.6500720654437114e+27 8.250360327220344e+27 0.0 -2.031952209737581e+25 1.0022988282893586e+26 0.0 -1.321979086481067e+25 3.911315271812871e+25 0.0 -1.9275363789586384e+25 5.699488130163439e+25 0.0 -3.5776613874766256e+25 1.0575026066344894e+26 0.0 -7.302497676612032e+25 2.1585276449816345e+26 0.0 -1.5500872160858562e+26 4.5840277095141095e+26 0.0 -3.161456255552002e+26 9.359239509082843e+26 0.0 -5.7757938985129944e+26 1.7129799525231098e+27 0.0 -9.024626444531435e+26 2.68380846956822e+27 0.0 -1.1801924648739135e+27 3.523081862710546e+27 0.0 -1.605807607673455e+27 8.02903803836897e+27 0.0 -1.952799888570068e+25 9.644718617944449e+25 0.0 -1.2683734904985848e+25 3.758212126930158e+25 0.0 -1.8500226819331988e+25 5.479418024079862e+25 0.0 -3.435716615575589e+25 1.017392669537767e+26 0.0 -7.015515417085661e+25 2.0776278113960295e+26 0.0 -1.4913025471732251e+26 4.418477980045749e+26 0.0 -3.049465355118641e+26 9.043608716775826e+26 0.0 -5.5895510053514114e+26 1.6602779042210644e+27 0.0 -8.763511265637419e+26 2.6091984949165474e+27 0.0 -1.1495642676480738e+27 3.4339252523180794e+27 0.0 -1.567137963226492e+27 7.835689816135209e+27 0.0 -1.884169121040605e+25 9.316702231523246e+25 0.0 -1.2222012788360933e+25 3.626139020650568e+25 0.0 -1.78353447517995e+25 5.29015119461591e+25 0.0 -3.3140236872591026e+25 9.828806589038943e+25 0.0 -6.769389176670785e+25 2.0079480426067007e+26 0.0 -1.4407930524693366e+26 4.2755739468804565e+26 0.0 -2.95291550627172e+26 8.77022077216944e+26 0.0 -5.428370476720888e+26 1.6144681551427521e+27 0.0 -8.536638014745494e+26 2.544138070052535e+27 0.0 -1.1228474634781368e+27 3.355980391523017e+27 0.0 -1.53329333401044e+27 7.666466670052716e+27 0.0 -1.8245203163294321e+25 9.031580553654683e+25 0.0 -1.1822869698435784e+25 3.5118282184471427e+25 0.0 -1.7262514881366585e+25 5.12674780186967e+25 0.0 -3.2092155537142945e+25 9.53071473264098e+25 0.0 -6.557348323772447e+25 1.947712167336833e+26 0.0 -1.3972077185472032e+26 4.15179995679077e+26 0.0 -2.869363057525091e+26 8.532740197131238e+26 0.0 -5.2884229337774206e+26 1.574552250341272e+27 0.0 -8.338974985137572e+26 2.4872884008910175e+27 0.0 -1.0994918318870399e+27 3.287718533403753e+27 0.0 -1.5036242030854198e+27 7.51812101543023e+27 0.0 -1.7725723119155272e+25 8.78323563817437e+25 0.0 -1.147676681932896e+25 3.412611677029881e+25 0.0 -1.6767153668589767e+25 4.985210102108642e+25 0.0 -3.1186006037045647e+25 9.272401541799779e+25 0.0 -6.373973060758851e+25 1.8954770090890283e+26 0.0 -1.3594593560082197e+26 4.044281015641486e+26 0.0 -2.7968263944937973e+26 8.325942705528634e+26 0.0 -5.166574724076796e+26 1.5396996929964528e+27 0.0 -8.16636356667744e+26 2.4375271144979826e+27 0.0 -1.079037410546502e+27 3.227849577027958e+27 0.0 -1.4775807279386484e+27 7.387903639697185e+27 0.0 -1.7272529522252801e+25 8.56655309791171e+25 0.0 -1.1175890273059037e+25 3.326293951288143e+25 0.0 -1.6337455814511127e+25 4.862275929837511e+25 0.0 -3.0400048585310012e+25 9.047948215480653e+25 0.0 -6.214881958629051e+25 1.8500611657281747e+26 0.0 -1.326668559699924e+26 3.950660615167623e+26 0.0 -2.733685271663565e+26 8.145495357714767e+26 0.0 -5.060242620993625e+26 1.5092162792970078e+27 0.0 -8.01534492892749e+26 2.3939093396923113e+27 0.0 -1.0610977562514813e+27 3.175280968808201e+27 0.0 -1.4546959617316684e+27 7.273479808662053e+27 0.0 -1.6876611260501372e+25 8.37723886077504e+25 0.0 -1.091378996539259e+25 3.2510566173449206e+25 0.0 -1.596377923491622e+25 4.755263853865564e+25 0.0 -2.9716563783009264e+25 8.852487732737603e+25 0.0 -6.076501739614602e+25 1.810491008217141e+26 0.0 -1.2981153699627528e+26 3.86898707637175e+26 0.0 -2.6786050453253935e+26 7.987785687886844e+26 0.0 -4.9672829873720374e+26 1.48251912840202e+27 0.0 -7.883025655410403e+26 2.3556365575281697e+27 0.0 -1.0453466877766225e+27 3.129084356554121e+27 0.0 -1.4345721705766848e+27 7.172860852886874e+27 0.0 -1.6530368547901358e+25 8.21167458383364e+25 0.0 -1.0685107427702368e+25 3.1853850690398843e+25 0.0 -1.5638187281376495e+25 4.661955479345408e+25 0.0 -2.9120992744840645e+25 8.681992218357029e+25 0.0 -5.955895279144484e+25 1.7759592705104753e+26 0.0 -1.27320601635325e+26 3.797635184852792e+26 0.0 -2.6304789759129323e+26 7.849787655672237e+26 0.0 -4.885906385188832e+26 1.4591168495309297e+27 0.0 -7.766972869783211e+26 2.3220315898169958e+27 0.0 -1.0315077612444117e+27 3.088468567531655e+27 0.0 -1.416869649978347e+27 7.084348249893992e+27 0.0 -1.6227373354301454e+25 8.06680201551564e+25 0.0 -1.0485366968354191e+25 3.1280116655735374e+25 0.0 -1.5354102960037693e+25 4.580504993894511e+25 0.0 -2.8601289009876955e+25 8.53310927197519e+25 0.0 -5.850631592956131e+25 1.7457930079333876e+26 0.0 -1.2514476060641026e+26 3.735244999047486e+26 0.0 -2.5883838739906125e+26 7.72895576284574e+26 0.0 -4.814611202932685e+26 1.4385936933980018e+27 0.0 -7.665131714150116e+26 2.292518406968149e+27 0.0 -1.0193458494564863e+27 3.0527575818879784e+27 0.0 -1.4012975623724904e+27 7.006487811864563e+27 0.0 -1.5962175531943687e+25 7.940029675156153e+25 0.0 -1.0310813197840614e+25 3.0778711087857742e+25 0.0 -1.5106044393175905e+25 4.50936897964076e+25 0.0 -2.8147424225449707e+25 8.403034857179386e+25 0.0 -5.75868648200688e+25 1.7194286024210706e+26 0.0 -1.2324286634962856e+26 3.680673722466853e+26 0.0 -2.5515456950780895e+26 7.623140897589488e+26 0.0 -4.752131640674813e+26 1.420596820260976e+27 0.0 -7.575759922130184e+26 2.2666057479139828e+27 0.0 -1.00866036492317e+27 3.0213725138919384e+27 0.0 -1.387606411787147e+27 6.938032058940362e+27 0.0 -1.5730144887111799e+25 7.829157082757687e+25 0.0 -1.015828318274617e+25 3.0340650976652853e+25 0.0 -1.4889420175386888e+25 4.447251486763016e+25 0.0 -2.7751007062363927e+25 8.289413792277258e+25 0.0 -5.678365842039303e+25 1.696392121509306e+26 0.0 -1.2158040295663759e+26 3.632957605274357e+26 0.0 -2.5193126289428258e+26 7.53052308070404e+26 0.0 -4.6973966425829664e+26 1.4048260251760956e+27 0.0 -7.497375606681694e+26 2.243873782933187e+27 0.0 -9.992797776345737e+26 2.9938168277657936e+27 0.0 -1.3755818475646893e+27 6.877909237828038e+27 0.0 -1.5527341983386998e+25 7.732312976582931e+25 0.0 -1.0025105004152178e+25 2.99583414552504e+25 0.0 -1.4700369550215413e+25 4.3930607342923595e+25 0.0 -2.7404986601926073e+25 8.190261290122834e+25 0.0 -5.608245927044073e+25 1.676283782177301e+26 0.0 -1.2012830449065132e+26 3.591281609359038e+26 0.0 -2.491133889519204e+26 7.449557454555986e+26 0.0 -4.6494972500090085e+26 1.391025412297994e+27 0.0 -7.42871534450978e+26 2.223963217631529e+27 0.0 -9.910571593426235e+26 2.969664174117352e+27 0.0 -1.3650395501661511e+27 6.825197750836017e+27 0.0 -1.5350412153828921e+25 7.647904785379316e+25 0.0 -9.909018992058472e+24 2.962535664435337e+25 0.0 -1.4535636552318993e+25 4.345874755256625e+25 0.0 -2.710341952971986e+25 8.103900707160919e+25 0.0 -5.547126442526001e+25 1.6587655906188907e+26 0.0 -1.1886202330625945e+26 3.554955131865148e+26 0.0 -2.4665428832340023e+26 7.378930721636843e+26 0.0 -4.607660488392468e+26 1.3789766244791868e+27 0.0 -7.368700345334439e+26 2.2065663649253585e+27 0.0 -9.83866546955684e+26 2.9485483582114067e+27 0.0 -1.35582100109251e+27 6.779105005464722e+27 0.0 -1.519649839705009e+25 7.574577220029317e+25 0.0 -9.808145073208058e+24 2.9336354647563314e+25 0.0 -1.4392470194361916e+25 4.304913986997245e+25 0.0 -2.684128606438703e+25 8.02891388164992e+25 0.0 -5.493993448957466e+25 1.6435514586037314e+26 0.0 -1.1776079055300964e+26 3.523392490589299e+26 0.0 -2.4451437703175005e+26 7.317525880120638e+26 0.0 -4.5712283663252575e+26 1.3684933208889956e+27 0.0 -7.316409018396141e+26 2.1914198115769385e+27 0.0 -9.775999638688615e+26 2.930155050179559e+27 0.0 -1.3477899780514527e+27 6.738949890261705e+27 0.0 -1.5063169688720504e+25 7.511178280625994e+25 0.0 -9.720813249742734e+24 2.9086580639497144e+25 0.0 -1.426858386031948e+25 4.269530971678518e+25 0.0 -2.661434351813722e+25 7.96410133449636e+25 0.0 -5.447989844477472e+25 1.6303992668847315e+26 0.0 -1.168070258588023e+26 3.496097179914138e+26 0.0 -2.426600679277818e+26 7.26439359064733e+26 0.0 -4.539640908900423e+26 1.3594166621551732e+27 0.0 -7.271054641469429e+26 2.1782983839064156e+27 0.0 -9.721649734757468e+26 2.9142149258406454e+27 0.0 -1.3408296479334143e+27 6.704148239669631e+27 0.0 -1.494836204657238e+25 7.456731381265509e+25 0.0 -9.645649605093733e+24 2.8872131940817085e+25 0.0 -1.4162044518961717e+25 4.239178639110608e+25 0.0 -2.6419009214818224e+25 7.908450268099459e+25 0.0 -5.408391762507458e+25 1.6191044722433016e+26 0.0 -1.1598586397171184e+26 3.472649136361877e+26 0.0 -2.4106290167888024e+26 7.218728884755215e+26 0.0 -4.512422404186853e+26 1.3516116145850868e+27 0.0 -7.231967133353612e+26 2.167010178388906e+27 0.0 -9.674826663053881e+26 2.90049798903901e+27 0.0 -1.3348401551820725e+27 6.674200775915824e+27 0.0 -1.485033004992561e+25 7.410412476030858e+25 0.0 -9.581495378751949e+24 2.868972249207747e+25 0.0 -1.4071111720089966e+25 4.213363244386278e+25 0.0 -2.6252266495830054e+25 7.861108781656037e+25 0.0 -5.3745896310763076e+25 1.6094949485869135e+26 0.0 -1.1528477398170355e+26 3.452694424991834e+26 0.0 -2.396988447035834e+26 7.17985220488976e+26 0.0 -4.489170230965989e+26 1.3449639245496958e+27 0.0 -7.198578153379533e+26 2.1573924705047935e+27 0.0 -9.634860033120986e+26 2.8888088761669674e+27 0.0 -1.3297366233981585e+27 6.648683116997879e+27 0.0 -1.4767607096599554e+25 7.37153136076969e+25 0.0 -9.527379023743348e+24 2.8536604577590042e+25 0.0 -1.3994402068841203e+25 4.191694477418108e+25 0.0 -2.6111589137479287e+25 7.821365069422686e+25 0.0 -5.346072949972382e+25 1.6014268233980093e+26 0.0 -1.1469325262985274e+26 3.435936890677621e+26 0.0 -2.3854772150516663e+26 7.147193987483933e+26 0.0 -4.469545777669314e+26 1.3393776448272e+27 0.0 -7.170408923022528e+26 2.149308353395857e+27 0.0 -9.601184544132793e+26 2.878982983768495e+27 0.0 -1.3254475041985417e+27 6.62723752099649e+27 0.0 -1.4698972943913027e+25 7.339516454668178e+25 0.0 -9.482493584263105e+24 2.841050554603908e+25 0.0 -1.3930767635580215e+25 4.173849776218136e+25 0.0 -2.599488078340367e+25 7.788630719259556e+25 0.0 -5.3224180744711085e+25 1.5947811283996907e+26 0.0 -1.1420257761252463e+26 3.4221314219993974e+26 0.0 -2.3759275641849878e+26 7.120282173262558e+26 0.0 -4.4532670803338266e+26 1.334773121717863e+27 0.0 -7.147060348218148e+26 2.1426440027635867e+27 0.0 -9.573328847274246e+26 2.8708832931220407e+27 0.0 -1.3219132204926488e+27 6.609566102465041e+27 0.0 -1.464342741725118e+25 7.3139025315995905e+25 0.0 -9.446399780644193e+24 2.8310239769091674e+25 0.0 -1.3879269443099971e+25 4.159566967309013e+25 0.0 -2.5900426509652785e+25 7.762427372950378e+25 0.0 -5.303278450905648e+25 1.5894611227757036e+26 0.0 -1.1380561007288777e+26 3.4110785549951824e+26 0.0 -2.368202056248534e+26 7.098732167290483e+26 0.0 -4.440102891568312e+26 1.331085371421231e+27 0.0 -7.128204958954551e+26 2.1373064406001454e+27 0.0 -9.550906490022689e+26 2.864397785893187e+27 0.0 -1.3190850622325915e+27 6.595425311165365e+27 0.0 -1.4600169179598382e+25 7.294320871898388e+25 0.0 -9.418470493597492e+24 2.823404751534554e+25 0.0 -1.3839156478552065e+25 4.148638482977314e+25 0.0 -2.5826854450085427e+25 7.742376208461736e+25 0.0 -5.288376881326482e+25 1.5853901797743085e+26 0.0 -1.1349663792607529e+26 3.402620203479616e+26 0.0 -2.3621906450219943e+26 7.082238871088552e+26 0.0 -4.429867950324687e+26 1.328262787477476e+27 0.0 -7.11358049698578e+26 2.133221759962786e+27 0.0 -9.533608659987992e+26 2.8594373754465565e+27 0.0 -1.3169243011258548e+27 6.584621505632634e+27 0.0 -1.4568579242600037e+25 7.280491696962242e+25 0.0 -9.398072450171091e+24 2.8180141966097787e+25 0.0 -1.3809849176588111e+25 4.14090686726462e+25 0.0 -2.5773105839379526e+25 7.728189803014092e+25 0.0 -5.277499497152572e+25 1.5825101527954076e+26 0.0 -1.1327125371942551e+26 3.3966363538005025e+26 0.0 -2.3578083903644902e+26 7.070570500087414e+26 0.0 -4.422419275694838e+26 1.3262661341882284e+27 0.0 -7.102984885289576e+26 2.1303337393660754e+27 0.0 -9.521198494637768e+26 2.855934289995819e+27 0.0 -1.3154014983006812e+27 6.577007491505439e+27 0.0 -1.454820852030405e+25 7.272218560490841e+25 0.0 -9.384914816836074e+24 2.8147756520273463e+25 0.0 -1.379092701645521e+25 4.136261426910259e+25 0.0 -2.573841242037512e+25 7.719666077311311e+25 0.0 -5.270491210076807e+25 1.580780159532393e+26 0.0 -1.1312626232385122e+26 3.3930426025813725e+26 0.0 -2.3549937276909037e+26 7.063563969380129e+26 0.0 -4.417653356777123e+26 1.3250677937124143e+27 0.0 -7.096272411734878e+26 2.128602803823123e+27 0.0 -9.513506779010834e+26 2.853840859364962e+27 0.0 -1.3144959849932954e+27 6.57247992497048e+27 0.0 -4.6982315626211757e+21 1.017713815122043e+26 0.0 -1.0721128014867972e+25 3.2156420188886235e+25 0.0 -1.575461242310934e+25 4.7253705771845585e+25 0.0 -2.940350312846126e+25 8.819199781206024e+25 0.0 -6.021023935416241e+25 1.805941268234223e+26 0.0 -1.2923751149676184e+26 3.876382702645135e+26 0.0 -2.6904554913228777e+26 8.069954234059652e+26 0.0 -5.0471026562569824e+26 1.5139033784771082e+27 0.0 -8.107679566216706e+26 2.4320259128692724e+27 0.0 -1.0869813213645308e+27 3.260733512530408e+27 0.0 -2.2998421277952004e+27 6.89952638339476e+27 0.0
    </DataArray>
    <DataArray type="Float32" Name="Ion soret flux Density [Am^-2]" NumberOfComponents="3" format="ascii">
9010950.692364674 -492323924.0623281 0.0 -50772601.212557144 -188706818.16627792 0.0 -54724104.3287922 -237934563.51421127 0.0 -43128941.94239481 -247451506.20039707 0.0 -16229175.412525961 -207332678.71816474 0.0 19985417.977086574 -127138750.47954287 0.0 57894216.916449085 -25926984.368383776 0.0 91014174.40102312 76627468.95264414 0.0 114460142.36347263 164054953.68128258 0.0 124944127.39734468 223621881.05665866 0.0 199053269.23610657 466585100.07903904 0.0 -60006847.65833027 -334172512.0795494 0.0 -40421888.85889822 -155207492.3883061 0.0 -41713893.43603836 -193447563.12510422 0.0 -29952663.108603824 -199043737.5231082 0.0 -5698450.140678822 -164131374.67862508 0.0 25868270.140059054 -96341844.52279703 0.0 58259459.34563373 -11432694.95648145 0.0 86055771.8275096 74256766.99283314 0.0 105337113.84396763 147202506.47009987 0.0 113631686.39102104 197284706.0360851 0.0 136705311.15660894 433449613.2753288 0.0 -46347441.45258368 -292228059.7561022 0.0 -24477481.444499772 -131993638.73536603 0.0 -14801894.631394073 -161104310.7078354 0.0 8048141.165391177 -162668317.4286847 0.0 41104627.63210039 -129797888.39367852 0.0 77637559.36021297 -68713405.51508333 0.0 110738739.47284612 7014659.753501073 0.0 135580682.69147405 83105885.03475294 0.0 149382218.09384727 147993885.87295556 0.0 150861442.7166448 193285437.10015053 0.0 174313890.3702566 411754828.4757902 0.0 -32390456.34507513 -236583138.99187928 0.0 -11496224.116073865 -104331411.89964359 0.0 4198603.01170446 -124533859.42593049 0.0 32046623.092647936 -123649942.3559599 0.0 68205839.03241895 -95795979.23990698 0.0 105736146.81072907 -45185149.47710646 0.0 137970822.5491257 17837331.284707487 0.0 160463999.17124945 81806295.12506212 0.0 170956727.56327417 137024792.4061012 0.0 169081149.27733117 176667500.77365914 0.0 194367287.87425017 369570615.9893669 0.0 -20495335.29495216 -179170309.84128392 0.0 -2806215.8942870116 -77442933.01073249 0.0 14213217.664244717 -90435026.61862989 0.0 41692328.89190237 -88621669.50640605 0.0 76170325.2825753 -67022337.812840976 0.0 111438992.24967927 -27830749.81746023 0.0 141431606.43966666 21733990.654324077 0.0 162045892.4702582 73000090.20231594 0.0 171288118.51588538 118266537.20300037 0.0 169389071.51678324 152306438.86802933 0.0 197163982.78017667 315761692.259297 0.0 -11681049.773557987 -128368693.71387434 0.0 1937578.3847434474 -54522623.023291215 0.0 17204992.579610404 -62391952.19410099 0.0 40980574.61651944 -60576057.748677954 0.0 70800746.57295956 -44999996.0326118 0.0 101721692.33197926 -16297774.47797681 0.0 128546757.60032427 20953916.281252544 0.0 147495782.20258924 60545089.229961246 0.0 156627859.40801406 96566635.81252055 0.0 156596256.68644843 125260559.16683695 0.0 186375260.68087253 259062206.70412478 0.0 -5863122.16739302 -87888767.20478316 0.0 3859206.9577873033 -36749778.69685865 0.0 16049754.371218717 -41320532.68578888 0.0 34851112.095737584 -39910043.12465932 0.0 58864031.03981357 -29318477.071385592 0.0 84524952.13006309 -9205306.01557446 0.0 107637814.28843084 17823641.17310394 0.0 124816573.35398117 47540706.39173845 0.0 134176578.80739324 75578895.02416556 0.0 136950963.0450378 99657606.28441426 0.0 167065900.28587574 205936033.83189285 0.0 -2406169.23161262 -57939706.56105668 0.0 4124136.267870808 -23889096.327416718 0.0 13135739.021153064 -26512611.949024893 0.0 27084906.14572172 -25569563.583173085 0.0 45432440.82479772 -18701899.473053318 0.0 65829894.02934351 -5080205.010932963 0.0 85065516.64795555 14015942.216029633 0.0 100236553.5135099 35843254.147655636 0.0 109605465.00044596 57292419.21332479 0.0 114714581.16289294 77161059.36267292 0.0 143971161.78007132 159982180.1733705 0.0 -571273.3673140632 -36958885.87551548 0.0 3597530.7946102098 -15046732.773332262 0.0 9912644.321891984 -16581164.496465582 0.0 19829648.280154143 -16058090.882650679 0.0 33316701.66328975 -11767813.210996445 0.0 49005726.29044385 -2777429.9013372115 0.0 64556568.76974282 10457976.711720468 0.0 77600839.18473831 26255651.37062714 0.0 86673985.26028559 42510777.12104804 0.0 93408561.01203044 58768102.325829215 0.0 120583083.79505165 122376902.18702236 0.0 262022.70439941314 -22847288.939451937 0.0 2806233.0722397617 -9201617.163500618 0.0 7057012.847082041 -10133571.0330038 0.0 13898935.152747944 -9925381.277127719 0.0 23570306.64203089 -7350977.127601276 0.0 35346044.491943076 -1532548.2284232443 0.0 47656918.09594927 7523865.385933281 0.0 58684971.884247854 18881443.518092513 0.0 67357883.28913188 31247029.408661142 0.0 75049285.47571997 44566926.94868177 0.0 99012628.43719131 92760960.45056258 0.0 532978.3206121484 -13624426.249470517 0.0 2022166.334507767 -5460673.272510829 0.0 4794251.419435617 -6062598.801887426 0.0 9395319.085939324 -6048060.042241387 0.0 16190004.29582928 -4572284.262403375 0.0 24904234.566941038 -879927.5971112908 0.0 34558103.11867511 5271122.589853408 0.0 43907369.17838063 13472974.791543573 0.0 52327263.9932828 23095425.21597841 0.0 60057897.11236629 33907070.928221576 0.0 80247440.24829806 70037849.25862458 0.0 517207.6873404825 -7701169.726822064 0.0 1361014.5380751407 -3137027.5514640654 0.0 3107257.9022450917 -3539823.2750626714 0.0 6122692.931748537 -3631138.831861927 0.0 10831247.025444688 -2846360.7638334758 0.0 17265298.279827666 -552121.9819827633 0.0 24956617.9071003 3639966.5935735344 0.0 33148886.655519273 9715677.771372633 0.0 41143887.76629303 17360343.739781313 0.0 48031351.097141676 25941088.143626586 0.0 64529449.86706066 52902586.09662328 0.0 376216.72031474824 -3944269.4187331563 0.0 835992.8676178647 -1690532.6954450302 0.0 1913701.8622324404 -2000540.9461899907 0.0 3864972.398898897 -2163752.795882084 0.0 7127346.726858076 -1798311.5702700317 0.0 12012122.070041021 -396312.02015379723 0.0 18245427.459725603 2516300.1065730485 0.0 25424908.60071381 7126972.317444109 0.0 32507863.360869493 13173194.135542402 0.0 38395126.99543889 19954325.685443975 0.0 51691420.397011995 40132533.46665256 0.0 186619.8473650237 -1564894.3324759142 0.0 353331.301094063 -659834.0343640045 0.0 817986.0745198872 -820644.2405828501 0.0 1919381.1116373334 -1056107.886312518 0.0 4331601.051317441 -1101530.717869191 0.0 9103926.545480452 -351972.72916352906 0.0 13590045.856216284 1765028.5709134883 0.0 19704103.04140172 5295970.536028577 0.0 25855546.351129882 10114174.07582612 0.0 30776127.748097967 15485407.132906197 0.0 41388300.31949126 30692787.966811933 0.0 110248.4427884431 -789065.9664158961 0.0 172036.93539855853 -304515.9514424178 0.0 378878.9161898789 -370802.80317902914 0.0 873888.9749993209 -472220.44672489684 0.0 2002390.4740173512 -507107.6711996881 0.0 4316191.382445174 -189705.98078489464 0.0 8477745.028670559 1024550.1572201571 0.0 14996477.451410405 3874504.730313995 0.0 23396357.959698256 8878827.081670837 0.0 24898014.516640455 12204015.508045968 0.0 33228146.72763083 23744904.199044652 0.0 76031.51559810051 -485510.1259251367 0.0 100750.02327952263 -171554.5790671076 0.0 208629.0076078833 -201086.53072939673 0.0 474585.5680308389 -256413.18604083298 0.0 1109367.2326295085 -286320.7729112114 0.0 2487411.1290292894 -125676.36324831203 0.0 5115233.489414405 581045.7439428128 0.0 9288741.193572925 2330083.895202574 0.0 14556975.361007567 5400780.204904463 0.0 19598752.290179797 9425602.968538044 0.0 26823317.637864478 18685996.34991181 0.0 58405.25731222023 -342733.44846879976 0.0 70241.59809053966 -116150.53823971294 0.0 139751.30717912965 -133257.6544873543 0.0 316130.8671263591 -171164.19463133306 0.0 747374.9559926238 -196541.8741528581 0.0 1727820.9864957742 -97713.99509977663 0.0 3671638.6838648305 394010.3269790266 0.0 6889022.584740814 1684740.3627005448 0.0 11185106.705210112 4078440.9059833265 0.0 15720770.23495239 7446018.675759296 0.0 21789096.92008097 14868339.200420463 0.0 47283.53823845509 -260445.6110154637 0.0 53440.0275945705 -86451.47293639627 0.0 104549.58393019452 -98943.4500650112 0.0 237129.68205701123 -128774.3862137087 0.0 561920.7953872107 -150260.17488460694 0.0 1312335.7989297085 -80986.11914387079 0.0 2837671.3596022218 289927.4905082912 0.0 5423327.177160273 1299740.4961838461 0.0 8957953.056101205 3224565.45206759 0.0 12761416.692199068 5985933.179823407 0.0 17848199.80028279 12007408.087970546 0.0 39114.8129967691 -205529.5032597565 0.0 42185.20231981305 -67201.49527496086 0.0 81730.73597933914 -77010.95057279507 0.0 185168.02183231493 -100964.3012477263 0.0 439601.5643553674 -119350.24419414187 0.0 1033321.0646214517 -68315.01822183283 0.0 2256490.673021863 221211.34172033574 0.0 4361645.713550905 1029147.8304026629 0.0 7284324.121750146 2598240.1328762695 0.0 10471976.555440413 4881144.298811621 0.0 14745140.443471614 9829193.115807617 0.0 32679.63212671479 -165953.1663221037 0.0 33958.24060136513 -53593.68073945352 0.0 65239.87248807247 -61412.64916327661 0.0 147547.34251869834 -80910.61538505269 0.0 350540.403365271 -96587.84975558212 0.0 828144.7648689701 -57965.89542438923 0.0 1822663.0071686574 172582.74910657314 0.0 3554504.1372872195 829032.6708786318 0.0 5988500.701363584 2123284.5453012525 0.0 8673739.569731662 4028793.2665951867 0.0 12280626.519086583 8144529.203460774 0.0 27438.370944230595 -136140.15894707124 0.0 27682.411396704814 -43534.026742506525 0.0 52832.186850638114 -49866.089129924134 0.0 119305.712207733 -65944.60150855195 0.0 283526.4025579771 -79342.48427232949 0.0 672439.9828808053 -49501.62566115572 0.0 1489706.078503822 136926.72046272267 0.0 2927631.202238379 677166.2588513227 0.0 4969431.115150342 1756113.0026612512 0.0 7244485.094872094 3361028.005146188 0.0 10304903.844452985 6822265.64456462 0.0 23108.40210066581 -113099.23869128607 0.0 22775.722526046648 -35890.61566954137 0.0 43264.88298311356 -41104.25175824005 0.0 97599.96792205356 -54526.61434156257 0.0 231982.44077578586 -66042.55750535749 0.0 551983.5876566517 -42619.20290498696 0.0 1229812.519180624 110089.8029928672 0.0 2433289.7079252754 559611.4417714142 0.0 4157826.825196452 1467691.014484053 0.0 6096179.979831041 2830655.66391082 0.0 8706333.71814937 5770314.105286946 0.0 19503.884865455995 -94977.0379202718 0.0 18875.373508691373 -29969.19399888505 0.0 35754.189390941036 -34331.63727249189 0.0 80618.29689071862 -45669.08664460957 0.0 191672.3867598496 -55650.20837416284 0.0 457370.8281603894 -37046.622191968345 0.0 1024144.507299974 89424.76326483866 0.0 2038591.5668777989 467090.59826035675 0.0 3504221.1986367423 1237915.1341516736 0.0 5164349.655191503 2404150.026524551 0.0 7401444.02831853 4923054.755711918 0.0 16488.35421069615 -80534.64162436269 0.0 15735.822408477792 -25311.886474745508 0.0 29772.34871482415 -29017.34636958056 0.0 67138.9145464521 -38703.4338543879 0.0 159701.74379861046 -47438.66317711885 0.0 382076.4964938854 -32543.561806089918 0.0 859417.397842813 73185.1051520871 0.0 1719990.1245688414 393198.97605543456 0.0 2972558.529007741 1052548.9294550663 0.0 4401228.108017695 2057319.2518650577 0.0 6327389.601746916 4233023.01784792 0.0 13955.590578632977 -68902.43585153669 0.0 13182.4194644679 -21602.610359718023 0.0 24949.547182176317 -24793.611469096148 0.0 56304.604888331516 -33159.975954409194 0.0 134030.36419124345 -40885.270527390196 0.0 321453.2129687246 -28906.06427206164 0.0 726048.9693368649 60189.758780042044 0.0 1460259.396031798 333409.5946583381 0.0 2536130.955335155 901319.6250721667 0.0 3770997.8194657867 1772433.2114476443 0.0 5436455.215976105 3665380.1740916553 0.0 19761.068315508288 -47548.045543909444 0.0 17292.363546924887 -22311.895000158747 0.0 28152.321927267516 -28405.288127922464 0.0 57066.50769087232 -44534.618498173615 0.0 125058.22162363789 -73337.48534703141 0.0 280782.6347074741 -116675.10460863402 0.0 600467.1562914414 -156047.22884634553 0.0 1151794.677126596 -131073.65318284926 0.0 1915986.534462233 51729.16148230503 0.0 2734385.099233991 454142.2276447594 0.0 5066559.620153532 2445245.7581100403 0.0 33609.83719377586 -66256.86113133385 0.0 23833.186310540943 -27250.984529622572 0.0 36214.6275741191 -36643.27210033032 0.0 69150.90267282691 -61555.91651234412 0.0 143617.4539733196 -111229.02023733176 0.0 307202.5319533888 -203191.466948262 0.0 628143.7614619372 -344162.2287948498 0.0 1153791.1733446557 -497095.151651704 0.0 1837180.356111594 -563870.8058143525 0.0 2504326.4909683014 -431404.8822841637 0.0 3446926.1572790286 295579.7234457322 0.0 29115.25288794753 -57854.8793802709 0.0 20540.220343669822 -23686.59426884658 0.0 31167.475004554286 -31809.55808554668 0.0 59445.18065652352 -53361.52290453105 0.0 123315.73025348903 -96244.65997687273 0.0 263792.1630300784 -175604.59504029565 0.0 540093.7377053711 -297158.0535904696 0.0 994034.3696970181 -428293.2436052313 0.0 1585992.2218569845 -482676.32416768477 0.0 2165272.985725068 -360850.0667544562 0.0 2983867.420872486 294182.1996430326 0.0 25339.66624067344 -50846.447463786586 0.0 17800.16281853478 -20732.920543893953 0.0 26963.994295423014 -27797.261562442432 0.0 51362.61922108695 -46556.18451088277 0.0 106408.75646520215 -83792.89677061849 0.0 227571.75528690196 -152624.76655113167 0.0 466351.19326745317 -257835.19492839568 0.0 859598.6731205616 -370416.86070832174 0.0 1373584.3387819075 -413949.1087769014 0.0 1877329.0225841848 -300680.253118336 0.0 2589389.0003251806 294012.32456024946 0.0 22150.237887037085 -44965.579471874335 0.0 15498.49130749177 -18261.592765665024 0.0 23437.5738187231 -24442.79915278157 0.0 44581.986072599306 -40863.8074865965 0.0 92225.1204270678 -73372.50045935334 0.0 197136.07223401623 -133354.15748603962 0.0 404176.0546637876 -224732.74111345594 0.0 745762.4389893642 -321454.6236888789 0.0 1192925.718242504 -355480.50741736905 0.0 1631465.5534821553 -249145.6704138054 0.0 2251620.5793064707 294586.07319961 0.0 19441.685567829896 -40003.906564067795 0.0 13553.055446854596 -16181.182071472434 0.0 20459.375609139614 -21620.108415468578 0.0 38855.092304855 -36071.48144826902 0.0 80245.73846121816 -64596.12902708885 0.0 171392.84330955846 -117094.08688097431 0.0 351427.72771568963 -196705.8893605247 0.0 648808.4936707669 -279813.36212016613 0.0 1038437.8916363107 -305497.59908818494 0.0 1420467.8364768557 -204812.5828947239 0.0 1961022.1902655782 295623.7464173274 0.0 17130.012355863662 -35796.94703038833 0.0 11899.255504181194 -14420.16274046166 0.0 17928.73352316937 -19231.036284769147 0.0 33988.15196773654 -32013.327251953655 0.0 70065.11244950005 -57161.47352062375 0.0 149486.06530420232 -103296.77441293564 0.0 306418.3297906107 -172850.07481093792 0.0 565784.8433566919 -244222.0101269447 0.0 905658.4153263086 -262568.9565581173 0.0 1238526.1164116852 -166502.6893234566 0.0 1709871.0647895942 296973.29418081365 0.0 15147.775790943613 -32213.93745861389 0.0 10485.857554278957 -12922.092832033222 0.0 15766.22701076901 -17198.42687981853 0.0 29828.354710013813 -28558.86766171094 0.0 61363.36708610502 -50830.39232898871 0.0 130738.91254751295 -91529.22916370259 0.0 267805.09935772937 -152444.85844473247 0.0 494327.4909603704 -213659.3099812337 0.0 790989.2885784706 -225532.03254807863 0.0 1080926.8330524059 -133243.95342293454 0.0 1491871.0719035624 298562.2128258417 0.0 13440.48628520162 -29150.21950108897 0.0 9271.898178287764 -11642.072309696145 0.0 13908.62136522432 -15461.087473150927 0.0 26254.07231488523 -25604.55185219533 0.0 53885.8252151271 -45413.64947238403 0.0 114611.02566438688 -81446.08941692149 0.0 234510.7172213944 -134912.06166648748 0.0 432528.00899809244 -187299.04794190926 0.0 691507.2078617947 -193436.98911652254 0.0 943817.7803752064 -104230.9445930811 0.0 1301853.453389958 300367.40817448864 0.0 11963.846160308762 -26521.491013346156 0.0 8224.370886367522 -10544.111637669428 0.0 12305.129407348879 -13970.08065222686 0.0 23167.633856591165 -23067.509375239646 0.0 47427.92298378575 -40759.63305503378 0.0 100667.29028897408 -72769.72456430811 0.0 205663.7303349667 -119784.26965305276 0.0 378833.68682196544 -164468.29234584107 0.0 604819.309411489 -165503.07373146169 0.0 824028.2047047917 -78792.95312971136 0.0 1135545.9515864337 302396.4148117838 0.0 10681.620888613747 -24259.433599055006 0.0 7316.4809716298105 -9599.158257139294 0.0 10914.621035101112 -12685.96533777172 0.0 20489.94002279314 -20880.900356442966 0.0 41823.95487311491 -36745.934843336574 0.0 88554.44062742846 -65275.28950017786 0.0 180553.60343098323 -106680.94887352525 0.0 331971.6026396194 -144615.33741536268 0.0 528952.6180537239 -141084.5828442103 0.0 718929.9352491723 -56368.368588062935 0.0 989393.4782690877 304675.82604988787 0.0 9563.989155854382 -22308.36558573385 0.0 6526.318199050568 -8783.603867250462 0.0 9703.520256626078 -11576.72437310446 0.0 18156.40892463279 -18990.42114918264 0.0 36938.595021618086 -33273.00791109799 0.0 77983.3650438668 -58779.40381390608 0.0 158596.51277146736 -95290.20085566609 0.0 290890.416641992 -127284.93730085164 0.0 462268.66884215403 -119644.17476184391 0.0 626329.398511223 -36484.06921278656 0.0 860417.8592217653 307244.31947203615 0.0 8586.257533566875 -20622.664679260837 0.0 5835.839370824542 -8078.146452624063 0.0 8644.205883157343 -10616.194043717911 0.0 16113.895687862632 -17351.654941217224 0.0 32660.451033564033 -30259.34826273586 0.0 68715.60549831494 -53131.507444581075 0.0 139309.09659189542 -85354.71998582662 0.0 254715.39471955577 -112099.04928903996 0.0 403397.0693342765 -100731.83605602403 0.0 544383.0361694071 -18738.802483696814 0.0 746107.3803190864 310148.6205719267 0.0 7727.854057581465 -19164.77214822268 0.0 5230.08263091971 -7466.916447637096 0.0 7713.784645962906 -9782.864097364314 0.0 14318.330932715813 -15928.046168531277 0.0 28897.11943540624 -27637.804301309727 0.0 60552.96836346569 -48207.209069344055 0.0 122288.14641330282 -76660.9098366431 0.0 222713.38327476854 -98741.76454929062 0.0 351183.41095931653 -83968.21246499896 0.0 471530.57067612023 -2789.7360100789574 0.0 644329.1933247366 313441.3507826856 0.0 6971.536048149546 -17903.639102123514 0.0 4696.5573934659415 -6936.802738880615 0.0 6893.142050881227 -9058.953724860705 0.0 12732.894630782906 -14689.33965741084 0.0 25571.36012151212 -25352.72824490421 0.0 53329.46228225682 -43903.12999606952 0.0 107194.76747198809 -69030.38909837692 0.0 194265.3205394195 -86947.43997211875 0.0 304648.12094478623 -69031.32148601866 0.0 406441.96315686643 11658.476872106194 0.0 553259.3527337307 317180.0896749256 0.0 6302.7631644541525 -16813.510895637282 0.0 4224.779009449826 -6476.947963847204 0.0 6166.202012695717 -8429.694872244387 0.0 11326.591907818332 -13610.368969830759 0.0 22618.111262470033 -23357.76126250886 0.0 46904.98952751641 -40132.878935207416 0.0 93741.92453084582 -62313.317460262646 0.0 168844.4924515631 -76491.29047032101 0.0 262953.7057225544 -55645.894650050745 0.0 347974.9337545664 24862.6386713106 0.0 471326.51990512543 321427.22653028683 0.0 5709.198402424905 -15872.971727715769 0.0 3805.838427652208 -6078.257979926043 0.0 5519.35967284709 -7882.794165763608 0.0 10073.132889440754 -12670.109338890736 0.0 19982.140123695466 -21614.09941782133 0.0 41160.367852308744 -36823.88821092887 0.0 81684.56857749324 -56383.11653159632 0.0 145999.1929874837 -67181.88242778627 0.0 225378.46540728948 -43574.771629387105 0.0 295140.6702582897 37048.3715426985 0.0 397166.3095829422 326250.33454375603 0.0 5180.308547790718 -15064.190743755922 0.0 3432.163577489516 -5733.168815062727 0.0 4940.9958976246835 -7407.962981765754 0.0 8950.044118734484 -11850.932719559203 0.0 17616.178249683875 -20089.127246788146 0.0 35993.36821417457 -33914.91084994362 0.0 70811.7424517178 -51132.26676636272 0.0 125338.77907849869 -58855.10342109393 0.0 191295.22179764332 -32611.90003728237 0.0 247075.91108643473 48416.2339088559 0.0 329583.9544727532 331722.9035844812 0.0 4707.042232898927 -14372.325258816782 0.0 3097.254692788221 -5435.356320812807 0.0 4421.076258328012 -6996.518146538677 0.0 7937.957428423779 -11138.018477696298 0.0 15479.427755883795 -18755.334581778818 0.0 31315.53236234961 -31354.028182531467 0.0 60940.211201060185 -46468.93919660172 0.0 106522.35298694245 -51369.28344852597 0.0 160153.94511068112 -22576.594583730188 0.0 203020.00621521784 59146.85417113181 0.0 267523.48868649534 337925.33470666123 0.0 4281.568757343806 -13785.047412119136 0.0 2795.490200105949 -5179.53330738506 0.0 3950.930667261897 -6641.2183440752215 0.0 7020.035504105141 -10518.884899657061 0.0 13536.353345912075 -17589.453263220286 0.0 27049.591741098135 -29097.05447298637 0.0 51909.27166262386 -42314.27849387817 0.0 89249.484652335 -44601.21787330865 0.0 131467.41994596843 -13308.785086304431 0.0 162295.87234137408 69405.29399660083 0.0 210042.04620507103 344946.1443051683 0.0 3897.064636056981 -13292.168622221485 0.0 2521.9686582436384 -4961.28825751209 0.0 3522.972966104614 -6335.993230727569 0.0 6181.503161612082 -9983.015289468605 0.0 11755.695094117375 -16571.765873210217 0.0 23127.351391362845 -27106.252396575765 0.0 43576.47604502375 -38600.19688913671 0.0 73252.52024204178 -38442.89878301809 0.0 104799.28249672682 -4665.040551987071 0.0 124293.99352396262 79344.81351764593 0.0 156288.16899557423 352883.35611912474 0.0 3547.5377205210916 -12885.342304952299 0.0 2272.432020171372 -4777.068861822441 0.0 3130.501292171749 -6075.76882464389 0.0 5409.260554860553 -9521.558767988485 0.0 10109.652064826158 -15685.55011552315 0.0 19487.933710763573 -25349.293510182873 0.0 35814.06383903519 -35267.57070701526 0.0 58290.122553126515 -32798.803951093876 0.0 79753.90088509407 3484.7999672747105 0.0 88458.79506057377 89110.17979410879 0.0 105483.24498004752 361846.0808277606 0.0 3227.6809354594293 -12557.829987239393 0.0 2043.0141860586125 -4623.798300722643 0.0 2767.5317400278086 -5856.328409729275 0.0 4691.559856226365 -9127.090645109398 0.0 8573.197950704909 -14916.631062546838 0.0 16076.300013186672 -23798.413097748264 0.0 28505.940609514346 -32264.755504870103 0.0 44141.76308210333 -27583.62470836788 0.0 55967.68282705376 11260.525022582233 0.0 54276.85220719617 98840.63665022512 0.0 56905.36648079556 371956.29901654244 0.0 2932.749344194489 -12304.319542171439 0.0 1830.2265485790253 -4498.9127037867 0.0 2428.6578247262087 -5674.202179449834 0.0 4017.7309112434973 -8793.420829080997 0.0 7123.49816860913 -14253.019986806623 0.0 12841.984999761607 -22429.720314534727 0.0 21545.07521076946 -29546.354219825756 0.0 30602.941205230512 -22720.338503114628 0.0 33101.470934093646 18774.087672204998 0.0 21266.4945652196 108672.63652274992 0.0 9875.027712764637 383350.8764808684 0.0 2658.455534938069 -12120.787095678215 0.0 1630.95402471815 -4400.469638974621 0.0 2108.929797073795 -5526.580499558293 0.0 3377.9443112176896 -8515.441496650341 0.0 5739.403954515104 -13684.623463929618 0.0 9737.99191888477 -21222.633352462835 0.0 14831.21129890006 -27072.186726746786 0.0 17480.94705092605 -18138.550523369417 0.0 10833.746832007726 26131.87323089503 0.0 -11031.559008188779 118742.42250200387 0.0 -36257.82528896035 396183.85248798225 0.0 291.87953299561394 -16806.154957969655 0.0 1823.6243328230964 -4980.169689578166 0.0 2346.2315095335457 -6241.243043374793 0.0 3733.713810503704 -9588.350625893921 0.0 6287.328024834211 -15340.676532031152 0.0 10523.897989238865 -23608.156743240157 0.0 15650.415324106245 -29590.264234538532 0.0 17456.093898527728 -18182.46421566445 0.0 8130.681362306001 34039.75786776651 0.0 -18730.65184049424 141547.2404464487 0.0 -103564.44595349256 417775.2653652085 0.0
    </DataArray>
    <DataArray type="Float32" Name="Power density [Wm^-3]" NumberOfComponents="1" format="ascii">
4.6478572709622086e+17 5.840722944420142e+17 5.896377304720138e+17 5.799786106873498e+17 5.60386081729829e+17 5.342290325719159e+17 5.0348901993390016e+17 4.69170661224937e+17 4.318277950331496e+17 3.931015712251656e+17 2.9531790265314125e+17 3.402645725810283e+17 4.540463667705475e+17 4.5683676222657306e+17 4.483032291515812e+17 4.32499243394134e+17 4.118809945856299e+17 3.87870919017579e+17 3.611713882897967e+17 3.321948042493045e+17 3.02419612661136e+17 2.1365062266438496e+17 3.1574229012553344e+17 4.178080837991472e+17 4.2022641301880634e+17 4.126348230465208e+17 3.9860467367788954e+17 3.802335932578008e+17 3.5872864468462566e+17 3.346789041789018e+17 3.08418151546114e+17 2.8127277232997616e+17 1.97618571707914e+17 2.7876814442676605e+17 3.662304258137615e+17 3.684142365136459e+17 3.624435411399823e+17 3.5108179182769734e+17 3.3595266856894214e+17 3.1798331198284243e+17 2.97601175633342e+17 2.7501279878642915e+17 2.5131749888806704e+17 1.756759667080683e+17 2.36015100284449e+17 3.0824583358470035e+17 3.1023059667754675e+17 3.0598405274928506e+17 2.9741671251340205e+17 2.8568976719113677e+17 2.7145682378116506e+17 2.5497984275422454e+17 2.3633279192118784e+17 2.1637354535117443e+17 1.5054137508240938e+17 1.933032807308915e+17 2.5127941515179536e+17 2.53028313530052e+17 2.5021120550871792e+17 2.4402369798724266e+17 2.3525384818493824e+17 2.243441871852883e+17 2.1143126489791594e+17 1.9648266674048784e+17 1.8013405442320086e+17 1.2480410915062787e+17 1.5432995731308403e+17 1.998428387188234e+17 2.013198740390618e+17 1.9952291208947466e+17 1.951284432347901e+17 1.8865503267854144e+17 1.8040676254196992e+17 1.7045169494274877e+17 1.5870282702318122e+17 1.4560509075978986e+17 1.0045329348623523e+17 1.2069415211470771e+17 1.5575020221640406e+17 1.569516125313161e+17 1.558133318838927e+17 1.5267458477719696e+17 1.4786992375214806e+17 1.4161696739142245e+17 1.3395685395411666e+17 1.2479448523269613e+17 1.144556740308573e+17 7.864491330065318e+16 9.261016268801757e+16 1.1908830699422829e+17 1.2003084228029067e+17 1.192797323685347e+17 1.169872348306512e+17 1.1337027449772766e+17 1.0858862495401722e+17 1.0267551415820267e+17 9.556796575830674e+16 8.757020102805005e+16 5.994397484942932e+16 6.9546978875300216e+16 8.902856473742139e+16 8.971706982697573e+16 8.915153867250344e+16 8.741916908325285e+16 8.466745789697162e+16 8.101334873298392e+16 7.649217806773285e+16 7.111116794573235e+16 6.515706366283571e+16 4.44334910253927e+16 5.0640126532329784e+16 6.435297785548314e+16 6.475800078562886e+16 6.424068578543891e+16 6.290310744817139e+16 6.0844381407791064e+16 5.815420055210749e+16 5.489244954721516e+16 5.1114585262660504e+16 4.695131352933484e+16 3.189639436747719e+16 3.5010877508821876e+16 4.389356590961119e+16 4.3992846433509784e+16 4.3540131914240344e+16 4.260795287653016e+16 4.1236503988849784e+16 3.954192635220854e+16 3.756114864918342e+16 3.522915584157579e+16 3.2528711744009052e+16 2.2030001989798696e+16 2.2109212200886876e+16 2.6926859880512204e+16 2.699290687156955e+16 2.687402709265749e+16 2.6470869304511436e+16 2.5807730725637316e+16 2.5251447886338036e+16 2.435517536752222e+16 2.3088214076738916e+16 2.151928073456567e+16 1.4585269346491104e+16 1.144689070747501e+16 1.420905899239353e+16 1.4495315723635254e+16 1.4830595377987234e+16 1.5176887240536958e+16 1.5702991865952226e+16 1.5579449797574278e+16 1.5144815627336056e+16 1.445332518769123e+16 1.3778519148893824e+16 9401220482456852.0 7158564692893327.0 9032959548006638.0 9106753142568998.0 9253988524994374.0 9388528818414128.0 9288750914677698.0 9297542677737340.0 9378185702341832.0 9451672438773942.0 8903631531215787.0 6055434946785020.0 5288416950225026.0 6780219989928217.0 6758674254528573.0 6761963286017087.0 6742656722172584.0 6665084176300987.0 6533932587569231.0 6331910311391773.0 5961594272177139.0 5702160627429499.0 3983931693266816.5 4385631634248460.0 5692418346370972.0 5654058923680958.0 5615921465140344.0 5561809051947486.0 5468061709860437.0 5312633224849676.0 5076439111639893.0 4759937683853685.0 4392786998863010.0 3064429485050498.0 3883136099116053.5 5080916533201102.0 5048606965714075.0 5005799203367915.0 4948284731727413.0 4861426515504351.0 4723811232957519.0 4511513393800745.0 4206023301001301.5 3806330051973114.0 2649488986063798.5 3558810239124569.0 4680156779093311.0 4657697032762555.0 4621552761893125.0 4570328244336294.0 4493384218613049.5 4371200824174732.5 4178587855695258.5 3890946423945520.0 3497060813355472.5 2434663672058722.0 3326909277165197.0 4388553041117708.0 4373316093895247.5 4345223378865066.0 4302532173052698.5 4235928509104520.0 4127155538801688.0 3951186681660876.0 3681932066052014.0 3304489974333877.5 2303134700116395.5 3147225637752035.0 4159395886889024.5 4149128129674676.5 4127954189356088.0 4093348214985586.0 4036370296585925.5 3939497323862964.5 3778057602012545.5 3525638469048932.5 3166079545369935.5 2209427615963081.2 3000982903763340.0 3971201101010308.0 3964113525134908.5 3948146095447778.5 3920166367026471.5 3871347283330535.5 3784651109518835.5 3635750913051728.5 3398220844019575.5 3055510023731658.0 2134800819744523.5 2878278257899027.5 3812392373706959.5 3807324407005647.5 3795089575942362.5 3772199466585260.5 3729925959639518.5 3651640251745132.5 3513365124469140.0 3288776452255416.0 2961269621670691.5 2071213334047242.8 2773355295017071.0 3676133201737175.5 3672383106299953.5 3662798574435095.5 3643718844248714.5 3606561121847546.0 3535095868921998.5 3405715811162989.5 3192263691281494.0 2878236805841095.5 2015141045366641.5 2682616270276812.5 3558121139305821.5 3555272772219200.5 3547570265989658.0 3531309834353555.5 3498101734750869.5 3432120103599906.0 3310144241141864.0 3106225981381452.0 2804047600965437.5 1964980281344092.5 2765955784934492.5 3455761247843331.5 3451848370595106.0 3443456193852389.5 3426611706885218.0 3392787355834959.5 3325972475859906.5 3202273514826505.5 2996013095985596.5 2701944674285554.0 1730671017348672.8 2515668958801836.0 3367073713652044.0 3363234829172641.5 3355831560321146.5 3341413511723378.5 3313105219352646.5 3257432370698922.0 3152389308585116.0 2972208413663484.5 2711813065948948.5 1930760835718094.5 2457663180708183.5 3288391343262290.5 3285453937401943.5 3279267726010848.0 3266405126846493.5 3240052168717236.5 3186922532633273.5 3085374825268906.5 2909964049494942.5 2654771749135344.0 1888971433369391.8 2406583036543114.5 3219064444315912.0 3216783535837467.5 3211502438354648.5 3199835264227202.0 3175043793622598.5 3124023476507343.5 3025466292892240.0 2854227585280349.5 2603655282588786.5 1851515829510283.5 2361555047058532.0 3157924753569350.5 3156128997692864.5 3151528008400474.5 3140788453242630.5 3117255008025308.0 3067995893613865.5 2972006794149618.5 2804420047733467.5 2557941981281590.0 1818008361337328.5 2321834014631644.0 3103972469706445.5 3102541399960922.5 3098458295252196.5 3088447038421748.0 3065937154302798.0 3018158804144210.0 2924383128495504.0 2759996039434180.5 2517140844286803.5 1788089768483349.0 2286778062735277.5 3056343724947145.5 3055191688942586.0 3051508803440084.0 3042076714172758.0 3020408173528310.0 2973883331047279.5 2882022116820879.5 2720441154292988.5 2480788078594282.0 1761422109584408.5 2255831437005784.5 3014288550566196.5 3013353772986482.5 3009984897551634.5 3001019378003916.5 2980049286903127.5 2934592301064025.5 2844392200344910.5 2685274436799200.0 2448448912266443.5 1737688839389249.0 2228511666991563.5 2977154434070986.0 2976391645199548.0 2973272812617545.0 2964687838874787.5 2944302872476338.5 2899760641189498.5 2811005636446766.5 2654051500185425.5 2419720443291178.5 1716596364139351.0 2204399387422739.0 2944373198629781.5 2943748653264145.5 2940831710806121.5 2932560666041816.0 2912669820605306.5 2868914803249051.5 2781419492492271.5 2626366470273291.5 2394233639053406.0 1697875362773012.5 2183129941402976.0 2915450082099845.5 2914938173135938.5 2912186302455343.5 2904176842599122.0 2884706082525105.5 2841630943806728.5 2755235136452460.5 2601852374217925.0 2371653982178602.5 1681281293108206.8 2164386290734525.5 2889954431499066.5 2889535370038676.5 2886919954814709.5 2879130327554401.5 2860018631436273.5 2817532134119870.5 2732096504072112.0 2580180206578629.5 2351680891377218.0 1666594060155316.0 2147892957962638.0 2867511685948849.5 2867169897979525.0 2864668321988681.5 2857064716873504.0 2838261144500264.0 2796284984073370.0 2711687558695657.5 2561057074251216.0 2334046251578715.0 1653617036304182.0 2133410824349592.0 2847796444141824.5 2847519451268402.5 2845113539356195.0 2837668167640604.5 2819129668593586.0 2777596013941000.5 2693729317971849.0 2544223799118293.5 2318512394449723.5 1642175662440471.8 2120732659304369.0 2830526472289822.0 2830304101353363.0 2827979005813710.0 2820668697007178.5 2802358457534472.0 2761208020094672.5 2677976731318987.0 2529452274698772.5 2304869806380405.5 1632115828305600.5 2109679281335504.0 2815457539177526.5 2815281356521592.5 2813024752709059.5 2805829917686939.5 2787716098929118.5 2746896598147492.0 2664215603267731.0 2516542786094053.0 2292934764772535.5 1623302181002534.2 2100096272371116.5 2802378970190643.5 2802241875786507.5 2800043375184976.0 2792947231908150.0 2775001994399530.5 2734466921872360.5 2652259686437362.5 2505321430463150.0 2282547037269987.5 1615616463920723.2 2091851184576214.5 2791109859555008.5 2791005785335016.5 2788856500468707.0 2781844485210900.5 2764043222469091.5 2723750831743562.5 2641948017033448.5 2495637722207990.5 2273567728335136.0 1608955951434784.0 2084831169507851.5 2781495845122695.5 2781419524073412.0 2779311742806916.0 2772371057088164.5 2754691785509146.5 2714604254560358.5 2633142529741408.5 2487362429438844.0 2265877321498231.0 1603232017707169.5 2078940986678056.0 2773406395005131.5 2773353191214152.5 2771280124206480.5 2764399378256900.5 2746822239458995.0 2706904962052367.0 2625725968295386.5 2480385664027372.0 2259373941025659.5 1598368859044700.8 2074101344744841.0 2766732533128179.5 2766698305936808.0 2764653892941944.5 2757822822588082.5 2740329671469724.5 2700550648010694.5 2619600082739002.5 2474615224892330.5 2253971837139175.5 1594302375222629.5 2070247523516301.0 2761384969899799.5 2761365963809076.5 2759344715541800.0 2752553947166020.0 2735128001849527.5 2695457305701615.0 2614684101076613.5 2469975187328733.5 2249600090633727.8 1590979207831904.2 2067328244922813.5 2757292536097540.0 2757285302922163.5 2755282175289527.5 2748523035150949.0 2731148579409329.5 2691557884469983.0 2610913461334526.5 2466404729587159.0 2246201530822228.8 1588355931531681.5 2065304827643871.5 2754400998587011.5 2754402325049238.5 2752412609380340.5 2745676958887512.5 2728339078385179.5 2688801228457497.5 2608238804018123.5 2463857194868556.5 2243731863228323.2 1586398394685199.8 2064150556831689.8 2752672184613804.5 2752679023883050.5 2750698251214167.0 2743978336765049.5 2726662675259552.5 2687151279612682.5 2606625210390471.5 2462299376933138.0 2242158997062063.8 1585081202837310.5 2751717459035759.5 3439997567009348.0 3440142283647893.0 3438034246317907.0 3430463548913870.0 3410658005069778.0 3364999619063512.5 3270880346283181.0 3099895960351910.0 2834219685335549.0 2112516447438852.8
    </DataArray>
    <DataArray type="Float32" Name="Temperature [K]" NumberOfComponents="1" format="ascii">
313.7386270733169 317.95355665458834 321.295967027304 323.829616576353 325.6202536458708 326.7318120535893 327.2247203259229 327.15574891414184 326.57879590572884 325.54568800607916 324.10362739686354 313.6406548401055 317.80250734579795 321.10911977215204 323.6205046144309 325.3993827100648 326.5073344877595 327.0030035590113 326.94183524374233 326.376766409706 325.35897833331944 323.9354863004942 313.3548998390406 317.3643070147381 320.5672575214376 323.01346596294735 324.75731960551013 325.85384889786087 326.3566718343711 326.3174572916551 325.786367838675 324.812704831671 323.4428580253419 312.90407124843665 316.68014899780485 319.72187779679683 322.06466632701324 323.7511252019729 324.8268760298908 325.33818219508106 325.33106613121595 324.8514507932811 323.94568338443713 322.658929175155 312.32057772394785 315.807547152878 318.64502054152945 320.8532310388255 322.4618744471575 323.5059655205848 324.02326248485866 324.05308134272013 323.6361510035458 322.81501035338914 321.6328461417271 311.64042044904977 314.8080358346423 317.4140664126983 319.4651771160413 320.97894512512346 321.9800505373115 322.4976928382105 322.56421654361117 322.2147346534978 321.4873946803138 320.42259868298936 310.8981405744891 313.7376961042746 316.099754519025 317.98029843833103 319.3867261515012 320.33461321362944 320.84531979500764 320.94456214755775 320.66186906423843 320.030690986438 319.0879286668813 310.1238234369626 312.64236244650243 314.7598526404257 316.46469488378557 317.75643385695486 318.6431927961642 319.1396057009053 319.2654523199658 319.04502100667855 318.5070693005322 317.68450196060627 309.3420147475668 311.5567884680955 313.437854330351 314.9687340791395 316.1433298367295 316.96400054576577 317.439867769606 317.58559607164756 317.4207281383022 316.96951127991497 316.26061473552033 308.5718297076369 310.5058993608025 312.164498241569 313.52832662830025 314.5874891838194 315.34008122167177 315.7908492460139 315.9501531611952 315.8333151427829 315.4603383594914 314.855643626767 307.8276760090826 309.5068941568944 310.9605349862058 312.1678557702008 313.11655411402893 313.8016742605816 314.2245658040091 314.3920138348569 314.315617840224 314.01147572389795 313.49995107112704 307.12022063242364 308.57156982599184 309.83983611811294 310.9036425545627 311.7492260159024 312.36949513221316 312.76320763839436 312.93420040092093 312.8908453216159 312.6457986108712 312.21574275825367 306.45729531690864 307.70835688068104 308.81205021796995 309.74682768161875 310.49809445802026 311.057333386311 311.4213922402562 311.5917730656761 311.57422211379634 311.3785296863829 311.01814517344366 305.84440944694194 306.9233373887277 307.8837131891431 308.7043033013308 309.3704505570384 309.87288964469747 310.20708019948904 310.3728858521832 310.37415035326967 310.2183431948961 309.9161347256916 305.2852013914459 306.22134625796474 307.0588000957255 307.7788074178018 308.36770899757715 308.81652452773267 309.12044986333433 309.2783505115029 309.29235655410116 309.167791694741 308.91305794174775 304.77782077674857 305.59555302147777 306.32874405007203 306.9616427903227 307.4821933663547 307.8820363405589 308.156302037699 308.303321445157 308.32439316632986 308.2235266115441 308.00713821360637 304.31878632575024 305.0374665920641 305.6822524522295 306.24015285770025 306.7008337514223 307.0568011034629 307.30338817933506 307.4386382813411 307.46316062498914 307.3799290152238 307.1939988116087 303.9041733690968 304.53914221481307 305.10865387714944 305.6020129130737 306.0104695814287 306.3274545044106 306.548660416221 306.6720267409275 306.69767101496564 306.6277626025814 306.4662986604251 303.5300888294469 304.09364414905616 304.59869663628996 305.03639355312924 305.39934727511564 305.6818630821624 305.88005650092623 305.9918925057897 306.0171720892895 305.95746485872274 305.8159415357849 303.19284651998083 303.69499774719316 304.1445317314762 304.53406459212505 304.8573467922731 305.1094638576174 305.2869599670303 305.3879036887121 305.41191075880903 305.3601197477794 305.2350726583562 302.88902095985804 303.3380296615465 303.7394915792775 304.0871970961888 304.37583772514057 304.6011754856922 304.760159688799 304.85100348359515 304.87322901969486 304.8276740205884 304.71641142353184 302.6154608041561 303.01823081958634 303.37787403651885 303.6891270783385 303.9474584991087 304.14920915426546 304.29169743804385 304.37329827793025 304.39350142792745 304.35293976337226 304.2533393623293 302.36928244189835 302.7316439942455 303.0547626876098 303.3341449168582 303.5659028320388 303.74687004615384 303.87469448508745 303.94791563483597 303.9660299938454 303.92953422369203 303.83989817128054 302.14785638875003 302.47477714231826 302.76588694564333 303.0173245359712 303.22573791136494 303.3883798547 303.5031892110643 303.56886446791157 303.5849325908608 303.55180200468675 303.4707524626745 301.94879076612506 302.2445356475176 302.5075138692167 302.734388546088 302.92225655260313 303.0687278112582 303.17199639292335 303.23090972185497 303.2450384580354 303.21473572113905 303.14113910781714 301.7699138904061 302.0381681937744 302.27636358228267 302.48160197198627 302.65135866312215 302.7835487023158 302.87658931695825 302.9294646674572 302.94179537290177 302.9139014796413 302.846813129277 301.6092568193802 301.85322219475177 302.0695418887959 302.2556878428395 302.40945628884805 302.5290237884031 302.6130023705977 302.6605000500171 302.6711891903967 302.64537151946683 302.58399490728857 301.4650370655458 301.6875081292534 301.88448718741745 302.0537604249747 302.1933977629298 302.30180063417885 302.37775101595656 302.4204680652226 302.42967489641615 302.4056645157861 302.34932089318596 301.3356429546887 301.5390689797784 301.7189267147514 301.8732708917624 302.0004060183486 302.0989275065397 302.16776560652994 302.20623855787164 302.2141175995493 302.19169309787037 302.1397986253642 301.2196189848508 301.40615418183734 301.5708402448665 301.7119626535841 301.82802789366394 301.9177992059048 301.9803362585837 302.0150452129125 302.0217419334894 302.0007178598426 301.952766187696 301.1156522254743 301.2871971948062 301.4384296465303 301.56783425279633 301.67409208408867 301.7561119740618 301.8130666223335 301.8444399495301 301.85008856535194 301.8303071205289 301.78585595688855 301.0225597506061 301.1807960164366 301.32009307357555 301.4391082193736 301.5366739346482 301.6118256511617 301.6638348552008 301.6922540742866 301.6969767099024 301.67830173062316 301.63696234860987 300.9392770768077 301.0856961325776 301.2144028732381 301.32420467629396 301.4140656970566 301.483131664692 301.5307604573976 301.556565026541 301.56047172575256 301.54278428676264 301.50421321404343 300.8648475634603 301.00077551405934 301.12008652416347 301.22171877988455 301.30475119843805 301.36842575431524 301.41217591587156 301.4356677769719 301.43885702310683 301.42205218276564 301.38594452569 300.79841272669415 300.9250313599786 301.0360100808827 301.1304012994287 301.20738411612103 301.2662845833346 301.30660232738535 301.3280501245441 301.3306096442895 301.3145940004862 301.2806780040879 300.7392034153998 300.8575683502494 300.9611637217503 301.0491418015298 301.1207692364209 301.1754455749602 301.2127283456648 301.2323712843096 301.234378988426 301.2190688107823 301.1871013628788 300.6865317971889 300.7975882171922 300.8946490854665 300.97695402370664 301.04384621240416 301.09478945340044 301.1293919317398 301.14744327460886 301.1489682423148 301.13428801613543 301.1040508805674 300.6397841029559 300.74438048102434 300.8356681465936 300.91296311014094 300.97567543839364 301.0233250773982 301.05556449001284 301.0722147037903 301.07331815355656 301.0591994197097 301.0304960391096 300.5984140803663 300.69731422080116 300.78351342944217 300.8563944489059 300.91542573661064 300.9601762359448 300.9903370526394 301.0057566288954 301.00649284234424 300.9928732514104 300.96552599990844 300.5619371088737 300.65583077305405 300.73755939694763 300.80656390043885 300.862363610599 300.90457013912544 300.93290823724743 300.9472502162495 300.94766739762855 300.93448992059587 300.90833771592486 300.52992493156404 300.619437266748 300.6972548799449 300.7628692458464 300.8158438658274 300.8558273862458 300.8825737521982 300.89597597995794 300.8961170438825 300.88332929844245 300.8582255040739 300.5020009621069 300.5877009164387 300.6621164348776 300.72478271396807 300.7753014336724 300.81335323213847 300.83871726275146 300.85130441158043 300.85120769820986 300.83876136144994 300.8145719248927 300.4778361282819 300.56024400649704 300.63172253612436 300.6918444702187 300.74024426342106 300.77663000349025 300.8008024630668 300.81268784473474 300.81238776551277 300.80023805201836 300.7768398368005 300.45714521684397 300.5367395085295 300.6057085239075 300.66365696966886 300.7102471698507 300.74521054207395 300.7683662247564 300.77965342359965 300.77918104299033 300.76728623310197 300.7445655103677 300.43968368788194 300.5169072821712 300.5837622411035 300.63988009284094 300.6849465427562 300.71871257237314 300.74101271405436 300.751797065407 300.75118062528094 300.7395016322511 300.7173527041391 300.4252449302386 300.5005108164597 300.56562030269095 300.62022699604023 300.66403584042416 300.69681390825576 300.7184083875897 300.7287783249233 300.72804371879073 300.7165436863674 300.69486761798095 300.4136579329892 300.48735447535853 300.55106495066735 300.6044606195001 300.64726180238284 300.6792484279828 300.70027779207504 300.71031608435425 300.7094872887652 300.69813121265446 300.6768346528944 300.4047853513877 300.47728121675226 300.5399214552289 300.5923908065305 300.6344213282514 300.66580275946467 300.68640010650336 300.6961850055773 300.695284475895 300.6840388438829 300.66303291799363 300.39852194912936 300.4701707596941 300.53205603029295 300.58387199574537 300.6253589796877 300.6563136288069 300.6766063771691 300.686212693553 300.6852617310695 300.67409417748655 300.653293436074 300.3947934020921 300.4659381795725 300.52737423787744 300.5788014562628 300.61996507141714 300.6506658350568 300.6707774062708 300.6802775304743 300.6792966275797 300.6681755984075 300.64749700909243 300.39355545203654 300.46453291558436 300.52581986190785 300.5771180430206 300.6181743255787 300.64879082309017 300.6688422644126 300.67830715004374 300.6773163199184 300.66621074525136 300.6455727141207
    </DataArray>
   </PointData>
  </Piece>
 </UnstructuredGrid>
</VTKFile>
