<?xml version="1.0"?>
<VTKFile type="UnstructuredGrid" version="0.1" byte_order="LittleEndian">
 <UnstructuredGrid>
  <Piece NumberOfPoints="561" NumberOfCells="1000">
   <Points>
    <DataArray type="Float32" NumberOfComponents="3" format="ascii">
0.0 1e-08 0.0
0.0 1.1000000000000001e-08 0.0
0.0 1.2000000000000002e-08 0.0
0.0 1.3e-08 0.0
0.0 1.4000000000000001e-08 0.0
0.0 1.5000000000000002e-08 0.0
0.0 1.6e-08 0.0
0.0 1.7e-08 0.0
0.0 1.8000000000000002e-08 0.0
0.0 1.9e-08 0.0
0.0 2e-08 0.0
1e-09 1e-08 0.0
1e-09 1.1000000000000001e-08 0.0
1e-09 1.2000000000000002e-08 0.0
1e-09 1.3e-08 0.0
1e-09 1.4000000000000001e-08 0.0
1e-09 1.5000000000000002e-08 0.0
1e-09 1.6e-08 0.0
1e-09 1.7e-08 0.0
1e-09 1.8000000000000002e-08 0.0
1e-09 1.9e-08 0.0
1e-09 2e-08 0.0
2e-09 1e-08 0.0
2e-09 1.1000000000000001e-08 0.0
2e-09 1.2000000000000002e-08 0.0
2e-09 1.3e-08 0.0
2e-09 1.4000000000000001e-08 0.0
2e-09 1.5000000000000002e-08 0.0
2e-09 1.6e-08 0.0
2e-09 1.7e-08 0.0
2e-09 1.8000000000000002e-08 0.0
2e-09 1.9e-08 0.0
2e-09 2e-08 0.0
3.0000000000000004e-09 1e-08 0.0
3.0000000000000004e-09 1.1000000000000001e-08 0.0
3.0000000000000004e-09 1.2000000000000002e-08 0.0
3.0000000000000004e-09 1.3e-08 0.0
3.0000000000000004e-09 1.4000000000000001e-08 0.0
3.0000000000000004e-09 1.5000000000000002e-08 0.0
3.0000000000000004e-09 1.6e-08 0.0
3.0000000000000004e-09 1.7e-08 0.0
3.0000000000000004e-09 1.8000000000000002e-08 0.0
3.0000000000000004e-09 1.9e-08 0.0
3.0000000000000004e-09 2e-08 0.0
4e-09 1e-08 0.0
4e-09 1.1000000000000001e-08 0.0
4e-09 1.2000000000000002e-08 0.0
4e-09 1.3e-08 0.0
4e-09 1.4000000000000001e-08 0.0
4e-09 1.5000000000000002e-08 0.0
4e-09 1.6e-08 0.0
4e-09 1.7e-08 0.0
4e-09 1.8000000000000002e-08 0.0
4e-09 1.9e-08 0.0
4e-09 2e-08 0.0
5e-09 1e-08 0.0
5e-09 1.1000000000000001e-08 0.0
5e-09 1.2000000000000002e-08 0.0
5e-09 1.3e-08 0.0
5e-09 1.4000000000000001e-08 0.0
5e-09 1.5000000000000002e-08 0.0
5e-09 1.6e-08 0.0
5e-09 1.7e-08 0.0
5e-09 1.8000000000000002e-08 0.0
5e-09 1.9e-08 0.0
5e-09 2e-08 0.0
6.000000000000001e-09 1e-08 0.0
6.000000000000001e-09 1.1000000000000001e-08 0.0
6.000000000000001e-09 1.2000000000000002e-08 0.0
6.000000000000001e-09 1.3e-08 0.0
6.000000000000001e-09 1.4000000000000001e-08 0.0
6.000000000000001e-09 1.5000000000000002e-08 0.0
6.000000000000001e-09 1.6e-08 0.0
6.000000000000001e-09 1.7e-08 0.0
6.000000000000001e-09 1.8000000000000002e-08 0.0
6.000000000000001e-09 1.9e-08 0.0
6.000000000000001e-09 2e-08 0.0
7.000000000000001e-09 1e-08 0.0
7.000000000000001e-09 1.1000000000000001e-08 0.0
7.000000000000001e-09 1.2000000000000002e-08 0.0
7.000000000000001e-09 1.3e-08 0.0
7.000000000000001e-09 1.4000000000000001e-08 0.0
7.000000000000001e-09 1.5000000000000002e-08 0.0
7.000000000000001e-09 1.6e-08 0.0
7.000000000000001e-09 1.7e-08 0.0
7.000000000000001e-09 1.8000000000000002e-08 0.0
7.000000000000001e-09 1.9e-08 0.0
7.000000000000001e-09 2e-08 0.0
8e-09 1e-08 0.0
8e-09 1.1000000000000001e-08 0.0
8e-09 1.2000000000000002e-08 0.0
8e-09 1.3e-08 0.0
8e-09 1.4000000000000001e-08 0.0
8e-09 1.5000000000000002e-08 0.0
8e-09 1.6e-08 0.0
8e-09 1.7e-08 0.0
8e-09 1.8000000000000002e-08 0.0
8e-09 1.9e-08 0.0
8e-09 2e-08 0.0
9.000000000000001e-09 1e-08 0.0
9.000000000000001e-09 1.1000000000000001e-08 0.0
9.000000000000001e-09 1.2000000000000002e-08 0.0
9.000000000000001e-09 1.3e-08 0.0
9.000000000000001e-09 1.4000000000000001e-08 0.0
9.000000000000001e-09 1.5000000000000002e-08 0.0
9.000000000000001e-09 1.6e-08 0.0
9.000000000000001e-09 1.7e-08 0.0
9.000000000000001e-09 1.8000000000000002e-08 0.0
9.000000000000001e-09 1.9e-08 0.0
9.000000000000001e-09 2e-08 0.0
1e-08 1e-08 0.0
1e-08 1.1000000000000001e-08 0.0
1e-08 1.2000000000000002e-08 0.0
1e-08 1.3e-08 0.0
1e-08 1.4000000000000001e-08 0.0
1e-08 1.5000000000000002e-08 0.0
1e-08 1.6e-08 0.0
1e-08 1.7e-08 0.0
1e-08 1.8000000000000002e-08 0.0
1e-08 1.9e-08 0.0
1e-08 2e-08 0.0
1.1000000000000001e-08 1e-08 0.0
1.1000000000000001e-08 1.1000000000000001e-08 0.0
1.1000000000000001e-08 1.2000000000000002e-08 0.0
1.1000000000000001e-08 1.3e-08 0.0
1.1000000000000001e-08 1.4000000000000001e-08 0.0
1.1000000000000001e-08 1.5000000000000002e-08 0.0
1.1000000000000001e-08 1.6e-08 0.0
1.1000000000000001e-08 1.7e-08 0.0
1.1000000000000001e-08 1.8000000000000002e-08 0.0
1.1000000000000001e-08 1.9e-08 0.0
1.1000000000000001e-08 2e-08 0.0
1.2000000000000002e-08 1e-08 0.0
1.2000000000000002e-08 1.1000000000000001e-08 0.0
1.2000000000000002e-08 1.2000000000000002e-08 0.0
1.2000000000000002e-08 1.3e-08 0.0
1.2000000000000002e-08 1.4000000000000001e-08 0.0
1.2000000000000002e-08 1.5000000000000002e-08 0.0
1.2000000000000002e-08 1.6e-08 0.0
1.2000000000000002e-08 1.7e-08 0.0
1.2000000000000002e-08 1.8000000000000002e-08 0.0
1.2000000000000002e-08 1.9e-08 0.0
1.2000000000000002e-08 2e-08 0.0
1.3e-08 1e-08 0.0
1.3e-08 1.1000000000000001e-08 0.0
1.3e-08 1.2000000000000002e-08 0.0
1.3e-08 1.3e-08 0.0
1.3e-08 1.4000000000000001e-08 0.0
1.3e-08 1.5000000000000002e-08 0.0
1.3e-08 1.6e-08 0.0
1.3e-08 1.7e-08 0.0
1.3e-08 1.8000000000000002e-08 0.0
1.3e-08 1.9e-08 0.0
1.3e-08 2e-08 0.0
1.4000000000000001e-08 1e-08 0.0
1.4000000000000001e-08 1.1000000000000001e-08 0.0
1.4000000000000001e-08 1.2000000000000002e-08 0.0
1.4000000000000001e-08 1.3e-08 0.0
1.4000000000000001e-08 1.4000000000000001e-08 0.0
1.4000000000000001e-08 1.5000000000000002e-08 0.0
1.4000000000000001e-08 1.6e-08 0.0
1.4000000000000001e-08 1.7e-08 0.0
1.4000000000000001e-08 1.8000000000000002e-08 0.0
1.4000000000000001e-08 1.9e-08 0.0
1.4000000000000001e-08 2e-08 0.0
1.5000000000000002e-08 1e-08 0.0
1.5000000000000002e-08 1.1000000000000001e-08 0.0
1.5000000000000002e-08 1.2000000000000002e-08 0.0
1.5000000000000002e-08 1.3e-08 0.0
1.5000000000000002e-08 1.4000000000000001e-08 0.0
1.5000000000000002e-08 1.5000000000000002e-08 0.0
1.5000000000000002e-08 1.6e-08 0.0
1.5000000000000002e-08 1.7e-08 0.0
1.5000000000000002e-08 1.8000000000000002e-08 0.0
1.5000000000000002e-08 1.9e-08 0.0
1.5000000000000002e-08 2e-08 0.0
1.6e-08 1e-08 0.0
1.6e-08 1.1000000000000001e-08 0.0
1.6e-08 1.2000000000000002e-08 0.0
1.6e-08 1.3e-08 0.0
1.6e-08 1.4000000000000001e-08 0.0
1.6e-08 1.5000000000000002e-08 0.0
1.6e-08 1.6e-08 0.0
1.6e-08 1.7e-08 0.0
1.6e-08 1.8000000000000002e-08 0.0
1.6e-08 1.9e-08 0.0
1.6e-08 2e-08 0.0
1.7e-08 1e-08 0.0
1.7e-08 1.1000000000000001e-08 0.0
1.7e-08 1.2000000000000002e-08 0.0
1.7e-08 1.3e-08 0.0
1.7e-08 1.4000000000000001e-08 0.0
1.7e-08 1.5000000000000002e-08 0.0
1.7e-08 1.6e-08 0.0
1.7e-08 1.7e-08 0.0
1.7e-08 1.8000000000000002e-08 0.0
1.7e-08 1.9e-08 0.0
1.7e-08 2e-08 0.0
1.8000000000000002e-08 1e-08 0.0
1.8000000000000002e-08 1.1000000000000001e-08 0.0
1.8000000000000002e-08 1.2000000000000002e-08 0.0
1.8000000000000002e-08 1.3e-08 0.0
1.8000000000000002e-08 1.4000000000000001e-08 0.0
1.8000000000000002e-08 1.5000000000000002e-08 0.0
1.8000000000000002e-08 1.6e-08 0.0
1.8000000000000002e-08 1.7e-08 0.0
1.8000000000000002e-08 1.8000000000000002e-08 0.0
1.8000000000000002e-08 1.9e-08 0.0
1.8000000000000002e-08 2e-08 0.0
1.9e-08 1e-08 0.0
1.9e-08 1.1000000000000001e-08 0.0
1.9e-08 1.2000000000000002e-08 0.0
1.9e-08 1.3e-08 0.0
1.9e-08 1.4000000000000001e-08 0.0
1.9e-08 1.5000000000000002e-08 0.0
1.9e-08 1.6e-08 0.0
1.9e-08 1.7e-08 0.0
1.9e-08 1.8000000000000002e-08 0.0
1.9e-08 1.9e-08 0.0
1.9e-08 2e-08 0.0
2e-08 1e-08 0.0
2e-08 1.1000000000000001e-08 0.0
2e-08 1.2000000000000002e-08 0.0
2e-08 1.3e-08 0.0
2e-08 1.4000000000000001e-08 0.0
2e-08 1.5000000000000002e-08 0.0
2e-08 1.6e-08 0.0
2e-08 1.7e-08 0.0
2e-08 1.8000000000000002e-08 0.0
2e-08 1.9e-08 0.0
2e-08 2e-08 0.0
2.1000000000000003e-08 1e-08 0.0
2.1000000000000003e-08 1.1000000000000001e-08 0.0
2.1000000000000003e-08 1.2000000000000002e-08 0.0
2.1000000000000003e-08 1.3e-08 0.0
2.1000000000000003e-08 1.4000000000000001e-08 0.0
2.1000000000000003e-08 1.5000000000000002e-08 0.0
2.1000000000000003e-08 1.6e-08 0.0
2.1000000000000003e-08 1.7e-08 0.0
2.1000000000000003e-08 1.8000000000000002e-08 0.0
2.1000000000000003e-08 1.9e-08 0.0
2.1000000000000003e-08 2e-08 0.0
2.2000000000000002e-08 1e-08 0.0
2.2000000000000002e-08 1.1000000000000001e-08 0.0
2.2000000000000002e-08 1.2000000000000002e-08 0.0
2.2000000000000002e-08 1.3e-08 0.0
2.2000000000000002e-08 1.4000000000000001e-08 0.0
2.2000000000000002e-08 1.5000000000000002e-08 0.0
2.2000000000000002e-08 1.6e-08 0.0
2.2000000000000002e-08 1.7e-08 0.0
2.2000000000000002e-08 1.8000000000000002e-08 0.0
2.2000000000000002e-08 1.9e-08 0.0
2.2000000000000002e-08 2e-08 0.0
2.3e-08 1e-08 0.0
2.3e-08 1.1000000000000001e-08 0.0
2.3e-08 1.2000000000000002e-08 0.0
2.3e-08 1.3e-08 0.0
2.3e-08 1.4000000000000001e-08 0.0
2.3e-08 1.5000000000000002e-08 0.0
2.3e-08 1.6e-08 0.0
2.3e-08 1.7e-08 0.0
2.3e-08 1.8000000000000002e-08 0.0
2.3e-08 1.9e-08 0.0
2.3e-08 2e-08 0.0
2.4000000000000003e-08 1e-08 0.0
2.4000000000000003e-08 1.1000000000000001e-08 0.0
2.4000000000000003e-08 1.2000000000000002e-08 0.0
2.4000000000000003e-08 1.3e-08 0.0
2.4000000000000003e-08 1.4000000000000001e-08 0.0
2.4000000000000003e-08 1.5000000000000002e-08 0.0
2.4000000000000003e-08 1.6e-08 0.0
2.4000000000000003e-08 1.7e-08 0.0
2.4000000000000003e-08 1.8000000000000002e-08 0.0
2.4000000000000003e-08 1.9e-08 0.0
2.4000000000000003e-08 2e-08 0.0
2.5000000000000002e-08 1e-08 0.0
2.5000000000000002e-08 1.1000000000000001e-08 0.0
2.5000000000000002e-08 1.2000000000000002e-08 0.0
2.5000000000000002e-08 1.3e-08 0.0
2.5000000000000002e-08 1.4000000000000001e-08 0.0
2.5000000000000002e-08 1.5000000000000002e-08 0.0
2.5000000000000002e-08 1.6e-08 0.0
2.5000000000000002e-08 1.7e-08 0.0
2.5000000000000002e-08 1.8000000000000002e-08 0.0
2.5000000000000002e-08 1.9e-08 0.0
2.5000000000000002e-08 2e-08 0.0
2.6e-08 1e-08 0.0
2.6e-08 1.1000000000000001e-08 0.0
2.6e-08 1.2000000000000002e-08 0.0
2.6e-08 1.3e-08 0.0
2.6e-08 1.4000000000000001e-08 0.0
2.6e-08 1.5000000000000002e-08 0.0
2.6e-08 1.6e-08 0.0
2.6e-08 1.7e-08 0.0
2.6e-08 1.8000000000000002e-08 0.0
2.6e-08 1.9e-08 0.0
2.6e-08 2e-08 0.0
2.7e-08 1e-08 0.0
2.7e-08 1.1000000000000001e-08 0.0
2.7e-08 1.2000000000000002e-08 0.0
2.7e-08 1.3e-08 0.0
2.7e-08 1.4000000000000001e-08 0.0
2.7e-08 1.5000000000000002e-08 0.0
2.7e-08 1.6e-08 0.0
2.7e-08 1.7e-08 0.0
2.7e-08 1.8000000000000002e-08 0.0
2.7e-08 1.9e-08 0.0
2.7e-08 2e-08 0.0
2.8000000000000003e-08 1e-08 0.0
2.8000000000000003e-08 1.1000000000000001e-08 0.0
2.8000000000000003e-08 1.2000000000000002e-08 0.0
2.8000000000000003e-08 1.3e-08 0.0
2.8000000000000003e-08 1.4000000000000001e-08 0.0
2.8000000000000003e-08 1.5000000000000002e-08 0.0
2.8000000000000003e-08 1.6e-08 0.0
2.8000000000000003e-08 1.7e-08 0.0
2.8000000000000003e-08 1.8000000000000002e-08 0.0
2.8000000000000003e-08 1.9e-08 0.0
2.8000000000000003e-08 2e-08 0.0
2.9e-08 1e-08 0.0
2.9e-08 1.1000000000000001e-08 0.0
2.9e-08 1.2000000000000002e-08 0.0
2.9e-08 1.3e-08 0.0
2.9e-08 1.4000000000000001e-08 0.0
2.9e-08 1.5000000000000002e-08 0.0
2.9e-08 1.6e-08 0.0
2.9e-08 1.7e-08 0.0
2.9e-08 1.8000000000000002e-08 0.0
2.9e-08 1.9e-08 0.0
2.9e-08 2e-08 0.0
3.0000000000000004e-08 1e-08 0.0
3.0000000000000004e-08 1.1000000000000001e-08 0.0
3.0000000000000004e-08 1.2000000000000002e-08 0.0
3.0000000000000004e-08 1.3e-08 0.0
3.0000000000000004e-08 1.4000000000000001e-08 0.0
3.0000000000000004e-08 1.5000000000000002e-08 0.0
3.0000000000000004e-08 1.6e-08 0.0
3.0000000000000004e-08 1.7e-08 0.0
3.0000000000000004e-08 1.8000000000000002e-08 0.0
3.0000000000000004e-08 1.9e-08 0.0
3.0000000000000004e-08 2e-08 0.0
3.1e-08 1e-08 0.0
3.1e-08 1.1000000000000001e-08 0.0
3.1e-08 1.2000000000000002e-08 0.0
3.1e-08 1.3e-08 0.0
3.1e-08 1.4000000000000001e-08 0.0
3.1e-08 1.5000000000000002e-08 0.0
3.1e-08 1.6e-08 0.0
3.1e-08 1.7e-08 0.0
3.1e-08 1.8000000000000002e-08 0.0
3.1e-08 1.9e-08 0.0
3.1e-08 2e-08 0.0
3.2e-08 1e-08 0.0
3.2e-08 1.1000000000000001e-08 0.0
3.2e-08 1.2000000000000002e-08 0.0
3.2e-08 1.3e-08 0.0
3.2e-08 1.4000000000000001e-08 0.0
3.2e-08 1.5000000000000002e-08 0.0
3.2e-08 1.6e-08 0.0
3.2e-08 1.7e-08 0.0
3.2e-08 1.8000000000000002e-08 0.0
3.2e-08 1.9e-08 0.0
3.2e-08 2e-08 0.0
3.3000000000000004e-08 1e-08 0.0
3.3000000000000004e-08 1.1000000000000001e-08 0.0
3.3000000000000004e-08 1.2000000000000002e-08 0.0
3.3000000000000004e-08 1.3e-08 0.0
3.3000000000000004e-08 1.4000000000000001e-08 0.0
3.3000000000000004e-08 1.5000000000000002e-08 0.0
3.3000000000000004e-08 1.6e-08 0.0
3.3000000000000004e-08 1.7e-08 0.0
3.3000000000000004e-08 1.8000000000000002e-08 0.0
3.3000000000000004e-08 1.9e-08 0.0
3.3000000000000004e-08 2e-08 0.0
3.4e-08 1e-08 0.0
3.4e-08 1.1000000000000001e-08 0.0
3.4e-08 1.2000000000000002e-08 0.0
3.4e-08 1.3e-08 0.0
3.4e-08 1.4000000000000001e-08 0.0
3.4e-08 1.5000000000000002e-08 0.0
3.4e-08 1.6e-08 0.0
3.4e-08 1.7e-08 0.0
3.4e-08 1.8000000000000002e-08 0.0
3.4e-08 1.9e-08 0.0
3.4e-08 2e-08 0.0
3.5e-08 1e-08 0.0
3.5e-08 1.1000000000000001e-08 0.0
3.5e-08 1.2000000000000002e-08 0.0
3.5e-08 1.3e-08 0.0
3.5e-08 1.4000000000000001e-08 0.0
3.5e-08 1.5000000000000002e-08 0.0
3.5e-08 1.6e-08 0.0
3.5e-08 1.7e-08 0.0
3.5e-08 1.8000000000000002e-08 0.0
3.5e-08 1.9e-08 0.0
3.5e-08 2e-08 0.0
3.6000000000000005e-08 1e-08 0.0
3.6000000000000005e-08 1.1000000000000001e-08 0.0
3.6000000000000005e-08 1.2000000000000002e-08 0.0
3.6000000000000005e-08 1.3e-08 0.0
3.6000000000000005e-08 1.4000000000000001e-08 0.0
3.6000000000000005e-08 1.5000000000000002e-08 0.0
3.6000000000000005e-08 1.6e-08 0.0
3.6000000000000005e-08 1.7e-08 0.0
3.6000000000000005e-08 1.8000000000000002e-08 0.0
3.6000000000000005e-08 1.9e-08 0.0
3.6000000000000005e-08 2e-08 0.0
3.7e-08 1e-08 0.0
3.7e-08 1.1000000000000001e-08 0.0
3.7e-08 1.2000000000000002e-08 0.0
3.7e-08 1.3e-08 0.0
3.7e-08 1.4000000000000001e-08 0.0
3.7e-08 1.5000000000000002e-08 0.0
3.7e-08 1.6e-08 0.0
3.7e-08 1.7e-08 0.0
3.7e-08 1.8000000000000002e-08 0.0
3.7e-08 1.9e-08 0.0
3.7e-08 2e-08 0.0
3.8e-08 1e-08 0.0
3.8e-08 1.1000000000000001e-08 0.0
3.8e-08 1.2000000000000002e-08 0.0
3.8e-08 1.3e-08 0.0
3.8e-08 1.4000000000000001e-08 0.0
3.8e-08 1.5000000000000002e-08 0.0
3.8e-08 1.6e-08 0.0
3.8e-08 1.7e-08 0.0
3.8e-08 1.8000000000000002e-08 0.0
3.8e-08 1.9e-08 0.0
3.8e-08 2e-08 0.0
3.9000000000000005e-08 1e-08 0.0
3.9000000000000005e-08 1.1000000000000001e-08 0.0
3.9000000000000005e-08 1.2000000000000002e-08 0.0
3.9000000000000005e-08 1.3e-08 0.0
3.9000000000000005e-08 1.4000000000000001e-08 0.0
3.9000000000000005e-08 1.5000000000000002e-08 0.0
3.9000000000000005e-08 1.6e-08 0.0
3.9000000000000005e-08 1.7e-08 0.0
3.9000000000000005e-08 1.8000000000000002e-08 0.0
3.9000000000000005e-08 1.9e-08 0.0
3.9000000000000005e-08 2e-08 0.0
4e-08 1e-08 0.0
4e-08 1.1000000000000001e-08 0.0
4e-08 1.2000000000000002e-08 0.0
4e-08 1.3e-08 0.0
4e-08 1.4000000000000001e-08 0.0
4e-08 1.5000000000000002e-08 0.0
4e-08 1.6e-08 0.0
4e-08 1.7e-08 0.0
4e-08 1.8000000000000002e-08 0.0
4e-08 1.9e-08 0.0
4e-08 2e-08 0.0
4.1e-08 1e-08 0.0
4.1e-08 1.1000000000000001e-08 0.0
4.1e-08 1.2000000000000002e-08 0.0
4.1e-08 1.3e-08 0.0
4.1e-08 1.4000000000000001e-08 0.0
4.1e-08 1.5000000000000002e-08 0.0
4.1e-08 1.6e-08 0.0
4.1e-08 1.7e-08 0.0
4.1e-08 1.8000000000000002e-08 0.0
4.1e-08 1.9e-08 0.0
4.1e-08 2e-08 0.0
4.2000000000000006e-08 1e-08 0.0
4.2000000000000006e-08 1.1000000000000001e-08 0.0
4.2000000000000006e-08 1.2000000000000002e-08 0.0
4.2000000000000006e-08 1.3e-08 0.0
4.2000000000000006e-08 1.4000000000000001e-08 0.0
4.2000000000000006e-08 1.5000000000000002e-08 0.0
4.2000000000000006e-08 1.6e-08 0.0
4.2000000000000006e-08 1.7e-08 0.0
4.2000000000000006e-08 1.8000000000000002e-08 0.0
4.2000000000000006e-08 1.9e-08 0.0
4.2000000000000006e-08 2e-08 0.0
4.3e-08 1e-08 0.0
4.3e-08 1.1000000000000001e-08 0.0
4.3e-08 1.2000000000000002e-08 0.0
4.3e-08 1.3e-08 0.0
4.3e-08 1.4000000000000001e-08 0.0
4.3e-08 1.5000000000000002e-08 0.0
4.3e-08 1.6e-08 0.0
4.3e-08 1.7e-08 0.0
4.3e-08 1.8000000000000002e-08 0.0
4.3e-08 1.9e-08 0.0
4.3e-08 2e-08 0.0
4.4000000000000004e-08 1e-08 0.0
4.4000000000000004e-08 1.1000000000000001e-08 0.0
4.4000000000000004e-08 1.2000000000000002e-08 0.0
4.4000000000000004e-08 1.3e-08 0.0
4.4000000000000004e-08 1.4000000000000001e-08 0.0
4.4000000000000004e-08 1.5000000000000002e-08 0.0
4.4000000000000004e-08 1.6e-08 0.0
4.4000000000000004e-08 1.7e-08 0.0
4.4000000000000004e-08 1.8000000000000002e-08 0.0
4.4000000000000004e-08 1.9e-08 0.0
4.4000000000000004e-08 2e-08 0.0
4.5000000000000006e-08 1e-08 0.0
4.5000000000000006e-08 1.1000000000000001e-08 0.0
4.5000000000000006e-08 1.2000000000000002e-08 0.0
4.5000000000000006e-08 1.3e-08 0.0
4.5000000000000006e-08 1.4000000000000001e-08 0.0
4.5000000000000006e-08 1.5000000000000002e-08 0.0
4.5000000000000006e-08 1.6e-08 0.0
4.5000000000000006e-08 1.7e-08 0.0
4.5000000000000006e-08 1.8000000000000002e-08 0.0
4.5000000000000006e-08 1.9e-08 0.0
4.5000000000000006e-08 2e-08 0.0
4.6e-08 1e-08 0.0
4.6e-08 1.1000000000000001e-08 0.0
4.6e-08 1.2000000000000002e-08 0.0
4.6e-08 1.3e-08 0.0
4.6e-08 1.4000000000000001e-08 0.0
4.6e-08 1.5000000000000002e-08 0.0
4.6e-08 1.6e-08 0.0
4.6e-08 1.7e-08 0.0
4.6e-08 1.8000000000000002e-08 0.0
4.6e-08 1.9e-08 0.0
4.6e-08 2e-08 0.0
4.7000000000000004e-08 1e-08 0.0
4.7000000000000004e-08 1.1000000000000001e-08 0.0
4.7000000000000004e-08 1.2000000000000002e-08 0.0
4.7000000000000004e-08 1.3e-08 0.0
4.7000000000000004e-08 1.4000000000000001e-08 0.0
4.7000000000000004e-08 1.5000000000000002e-08 0.0
4.7000000000000004e-08 1.6e-08 0.0
4.7000000000000004e-08 1.7e-08 0.0
4.7000000000000004e-08 1.8000000000000002e-08 0.0
4.7000000000000004e-08 1.9e-08 0.0
4.7000000000000004e-08 2e-08 0.0
4.8000000000000006e-08 1e-08 0.0
4.8000000000000006e-08 1.1000000000000001e-08 0.0
4.8000000000000006e-08 1.2000000000000002e-08 0.0
4.8000000000000006e-08 1.3e-08 0.0
4.8000000000000006e-08 1.4000000000000001e-08 0.0
4.8000000000000006e-08 1.5000000000000002e-08 0.0
4.8000000000000006e-08 1.6e-08 0.0
4.8000000000000006e-08 1.7e-08 0.0
4.8000000000000006e-08 1.8000000000000002e-08 0.0
4.8000000000000006e-08 1.9e-08 0.0
4.8000000000000006e-08 2e-08 0.0
4.9e-08 1e-08 0.0
4.9e-08 1.1000000000000001e-08 0.0
4.9e-08 1.2000000000000002e-08 0.0
4.9e-08 1.3e-08 0.0
4.9e-08 1.4000000000000001e-08 0.0
4.9e-08 1.5000000000000002e-08 0.0
4.9e-08 1.6e-08 0.0
4.9e-08 1.7e-08 0.0
4.9e-08 1.8000000000000002e-08 0.0
4.9e-08 1.9e-08 0.0
4.9e-08 2e-08 0.0
5.0000000000000004e-08 1e-08 0.0
5.0000000000000004e-08 1.1000000000000001e-08 0.0
5.0000000000000004e-08 1.2000000000000002e-08 0.0
5.0000000000000004e-08 1.3e-08 0.0
5.0000000000000004e-08 1.4000000000000001e-08 0.0
5.0000000000000004e-08 1.5000000000000002e-08 0.0
5.0000000000000004e-08 1.6e-08 0.0
5.0000000000000004e-08 1.7e-08 0.0
5.0000000000000004e-08 1.8000000000000002e-08 0.0
5.0000000000000004e-08 1.9e-08 0.0
5.0000000000000004e-08 2e-08 0.0
    </DataArray>
   </Points>
   <Cells>
    <DataArray type="Int32" Name="connectivity" format="ascii">
0 11 1
11 12 1
1 12 2
12 13 2
2 13 3
13 14 3
3 14 4
14 15 4
4 15 5
15 16 5
5 16 6
16 17 6
6 17 7
17 18 7
7 18 8
18 19 8
8 19 9
19 20 9
9 20 10
20 21 10
11 22 12
22 23 12
12 23 13
23 24 13
13 24 14
24 25 14
14 25 15
25 26 15
15 26 16
26 27 16
16 27 17
27 28 17
17 28 18
28 29 18
18 29 19
29 30 19
19 30 20
30 31 20
20 31 21
31 32 21
22 33 23
33 34 23
23 34 24
34 35 24
24 35 25
35 36 25
25 36 26
36 37 26
26 37 27
37 38 27
27 38 28
38 39 28
28 39 29
39 40 29
29 40 30
40 41 30
30 41 31
41 42 31
31 42 32
42 43 32
33 44 34
44 45 34
34 45 35
45 46 35
35 46 36
46 47 36
36 47 37
47 48 37
37 48 38
48 49 38
38 49 39
49 50 39
39 50 40
50 51 40
40 51 41
51 52 41
41 52 42
52 53 42
42 53 43
53 54 43
44 55 45
55 56 45
45 56 46
56 57 46
46 57 47
57 58 47
47 58 48
58 59 48
48 59 49
59 60 49
49 60 50
60 61 50
50 61 51
61 62 51
51 62 52
62 63 52
52 63 53
63 64 53
53 64 54
64 65 54
55 66 56
66 67 56
56 67 57
67 68 57
57 68 58
68 69 58
58 69 59
69 70 59
59 70 60
70 71 60
60 71 61
71 72 61
61 72 62
72 73 62
62 73 63
73 74 63
63 74 64
74 75 64
64 75 65
75 76 65
66 77 67
77 78 67
67 78 68
78 79 68
68 79 69
79 80 69
69 80 70
80 81 70
70 81 71
81 82 71
71 82 72
82 83 72
72 83 73
83 84 73
73 84 74
84 85 74
74 85 75
85 86 75
75 86 76
86 87 76
77 88 78
88 89 78
78 89 79
89 90 79
79 90 80
90 91 80
80 91 81
91 92 81
81 92 82
92 93 82
82 93 83
93 94 83
83 94 84
94 95 84
84 95 85
95 96 85
85 96 86
96 97 86
86 97 87
97 98 87
88 99 89
99 100 89
89 100 90
100 101 90
90 101 91
101 102 91
91 102 92
102 103 92
92 103 93
103 104 93
93 104 94
104 105 94
94 105 95
105 106 95
95 106 96
106 107 96
96 107 97
107 108 97
97 108 98
108 109 98
99 110 100
110 111 100
100 111 101
111 112 101
101 112 102
112 113 102
102 113 103
113 114 103
103 114 104
114 115 104
104 115 105
115 116 105
105 116 106
116 117 106
106 117 107
117 118 107
107 118 108
118 119 108
108 119 109
119 120 109
110 121 111
121 122 111
111 122 112
122 123 112
112 123 113
123 124 113
113 124 114
124 125 114
114 125 115
125 126 115
115 126 116
126 127 116
116 127 117
127 128 117
117 128 118
128 129 118
118 129 119
129 130 119
119 130 120
130 131 120
121 132 122
132 133 122
122 133 123
133 134 123
123 134 124
134 135 124
124 135 125
135 136 125
125 136 126
136 137 126
126 137 127
137 138 127
127 138 128
138 139 128
128 139 129
139 140 129
129 140 130
140 141 130
130 141 131
141 142 131
132 143 133
143 144 133
133 144 134
144 145 134
134 145 135
145 146 135
135 146 136
146 147 136
136 147 137
147 148 137
137 148 138
148 149 138
138 149 139
149 150 139
139 150 140
150 151 140
140 151 141
151 152 141
141 152 142
152 153 142
143 154 144
154 155 144
144 155 145
155 156 145
145 156 146
156 157 146
146 157 147
157 158 147
147 158 148
158 159 148
148 159 149
159 160 149
149 160 150
160 161 150
150 161 151
161 162 151
151 162 152
162 163 152
152 163 153
163 164 153
154 165 155
165 166 155
155 166 156
166 167 156
156 167 157
167 168 157
157 168 158
168 169 158
158 169 159
169 170 159
159 170 160
170 171 160
160 171 161
171 172 161
161 172 162
172 173 162
162 173 163
173 174 163
163 174 164
174 175 164
165 176 166
176 177 166
166 177 167
177 178 167
167 178 168
178 179 168
168 179 169
179 180 169
169 180 170
180 181 170
170 181 171
181 182 171
171 182 172
182 183 172
172 183 173
183 184 173
173 184 174
184 185 174
174 185 175
185 186 175
176 187 177
187 188 177
177 188 178
188 189 178
178 189 179
189 190 179
179 190 180
190 191 180
180 191 181
191 192 181
181 192 182
192 193 182
182 193 183
193 194 183
183 194 184
194 195 184
184 195 185
195 196 185
185 196 186
196 197 186
187 198 188
198 199 188
188 199 189
199 200 189
189 200 190
200 201 190
190 201 191
201 202 191
191 202 192
202 203 192
192 203 193
203 204 193
193 204 194
204 205 194
194 205 195
205 206 195
195 206 196
206 207 196
196 207 197
207 208 197
198 209 199
209 210 199
199 210 200
210 211 200
200 211 201
211 212 201
201 212 202
212 213 202
202 213 203
213 214 203
203 214 204
214 215 204
204 215 205
215 216 205
205 216 206
216 217 206
206 217 207
217 218 207
207 218 208
218 219 208
209 220 210
220 221 210
210 221 211
221 222 211
211 222 212
222 223 212
212 223 213
223 224 213
213 224 214
224 225 214
214 225 215
225 226 215
215 226 216
226 227 216
216 227 217
227 228 217
217 228 218
228 229 218
218 229 219
229 230 219
220 231 221
231 232 221
221 232 222
232 233 222
222 233 223
233 234 223
223 234 224
234 235 224
224 235 225
235 236 225
225 236 226
236 237 226
226 237 227
237 238 227
227 238 228
238 239 228
228 239 229
239 240 229
229 240 230
240 241 230
231 242 232
242 243 232
232 243 233
243 244 233
233 244 234
244 245 234
234 245 235
245 246 235
235 246 236
246 247 236
236 247 237
247 248 237
237 248 238
248 249 238
238 249 239
249 250 239
239 250 240
250 251 240
240 251 241
251 252 241
242 253 243
253 254 243
243 254 244
254 255 244
244 255 245
255 256 245
245 256 246
256 257 246
246 257 247
257 258 247
247 258 248
258 259 248
248 259 249
259 260 249
249 260 250
260 261 250
250 261 251
261 262 251
251 262 252
262 263 252
253 264 254
264 265 254
254 265 255
265 266 255
255 266 256
266 267 256
256 267 257
267 268 257
257 268 258
268 269 258
258 269 259
269 270 259
259 270 260
270 271 260
260 271 261
271 272 261
261 272 262
272 273 262
262 273 263
273 274 263
264 275 265
275 276 265
265 276 266
276 277 266
266 277 267
277 278 267
267 278 268
278 279 268
268 279 269
279 280 269
269 280 270
280 281 270
270 281 271
281 282 271
271 282 272
282 283 272
272 283 273
283 284 273
273 284 274
284 285 274
275 286 287
275 287 276
276 287 288
276 288 277
277 288 289
277 289 278
278 289 290
278 290 279
279 290 291
279 291 280
280 291 292
280 292 281
281 292 293
281 293 282
282 293 294
282 294 283
283 294 295
283 295 284
284 295 296
284 296 285
286 297 298
286 298 287
287 298 299
287 299 288
288 299 300
288 300 289
289 300 301
289 301 290
290 301 302
290 302 291
291 302 303
291 303 292
292 303 304
292 304 293
293 304 305
293 305 294
294 305 306
294 306 295
295 306 307
295 307 296
297 308 309
297 309 298
298 309 310
298 310 299
299 310 311
299 311 300
300 311 312
300 312 301
301 312 313
301 313 302
302 313 314
302 314 303
303 314 315
303 315 304
304 315 316
304 316 305
305 316 317
305 317 306
306 317 318
306 318 307
308 319 320
308 320 309
309 320 321
309 321 310
310 321 322
310 322 311
311 322 323
311 323 312
312 323 324
312 324 313
313 324 325
313 325 314
314 325 326
314 326 315
315 326 327
315 327 316
316 327 328
316 328 317
317 328 329
317 329 318
319 330 331
319 331 320
320 331 332
320 332 321
321 332 333
321 333 322
322 333 334
322 334 323
323 334 335
323 335 324
324 335 336
324 336 325
325 336 337
325 337 326
326 337 338
326 338 327
327 338 339
327 339 328
328 339 340
328 340 329
330 341 342
330 342 331
331 342 343
331 343 332
332 343 344
332 344 333
333 344 345
333 345 334
334 345 346
334 346 335
335 346 347
335 347 336
336 347 348
336 348 337
337 348 349
337 349 338
338 349 350
338 350 339
339 350 351
339 351 340
341 352 353
341 353 342
342 353 354
342 354 343
343 354 355
343 355 344
344 355 356
344 356 345
345 356 357
345 357 346
346 357 358
346 358 347
347 358 359
347 359 348
348 359 360
348 360 349
349 360 361
349 361 350
350 361 362
350 362 351
352 363 364
352 364 353
353 364 365
353 365 354
354 365 366
354 366 355
355 366 367
355 367 356
356 367 368
356 368 357
357 368 369
357 369 358
358 369 370
358 370 359
359 370 371
359 371 360
360 371 372
360 372 361
361 372 373
361 373 362
363 374 375
363 375 364
364 375 376
364 376 365
365 376 377
365 377 366
366 377 378
366 378 367
367 378 379
367 379 368
368 379 380
368 380 369
369 380 381
369 381 370
370 381 382
370 382 371
371 382 383
371 383 372
372 383 384
372 384 373
374 385 386
374 386 375
375 386 387
375 387 376
376 387 388
376 388 377
377 388 389
377 389 378
378 389 390
378 390 379
379 390 391
379 391 380
380 391 392
380 392 381
381 392 393
381 393 382
382 393 394
382 394 383
383 394 395
383 395 384
385 396 397
385 397 386
386 397 398
386 398 387
387 398 399
387 399 388
388 399 400
388 400 389
389 400 401
389 401 390
390 401 402
390 402 391
391 402 403
391 403 392
392 403 404
392 404 393
393 404 405
393 405 394
394 405 406
394 406 395
396 407 408
396 408 397
397 408 409
397 409 398
398 409 410
398 410 399
399 410 411
399 411 400
400 411 412
400 412 401
401 412 413
401 413 402
402 413 414
402 414 403
403 414 415
403 415 404
404 415 416
404 416 405
405 416 417
405 417 406
407 418 419
407 419 408
408 419 420
408 420 409
409 420 421
409 421 410
410 421 422
410 422 411
411 422 423
411 423 412
412 423 424
412 424 413
413 424 425
413 425 414
414 425 426
414 426 415
415 426 427
415 427 416
416 427 428
416 428 417
418 429 430
418 430 419
419 430 431
419 431 420
420 431 432
420 432 421
421 432 433
421 433 422
422 433 434
422 434 423
423 434 435
423 435 424
424 435 436
424 436 425
425 436 437
425 437 426
426 437 438
426 438 427
427 438 439
427 439 428
429 440 441
429 441 430
430 441 442
430 442 431
431 442 443
431 443 432
432 443 444
432 444 433
433 444 445
433 445 434
434 445 446
434 446 435
435 446 447
435 447 436
436 447 448
436 448 437
437 448 449
437 449 438
438 449 450
438 450 439
440 451 452
440 452 441
441 452 453
441 453 442
442 453 454
442 454 443
443 454 455
443 455 444
444 455 456
444 456 445
445 456 457
445 457 446
446 457 458
446 458 447
447 458 459
447 459 448
448 459 460
448 460 449
449 460 461
449 461 450
451 462 463
451 463 452
452 463 464
452 464 453
453 464 465
453 465 454
454 465 466
454 466 455
455 466 467
455 467 456
456 467 468
456 468 457
457 468 469
457 469 458
458 469 470
458 470 459
459 470 471
459 471 460
460 471 472
460 472 461
462 473 474
462 474 463
463 474 475
463 475 464
464 475 476
464 476 465
465 476 477
465 477 466
466 477 478
466 478 467
467 478 479
467 479 468
468 479 480
468 480 469
469 480 481
469 481 470
470 481 482
470 482 471
471 482 483
471 483 472
473 484 485
473 485 474
474 485 486
474 486 475
475 486 487
475 487 476
476 487 488
476 488 477
477 488 489
477 489 478
478 489 490
478 490 479
479 490 491
479 491 480
480 491 492
480 492 481
481 492 493
481 493 482
482 493 494
482 494 483
484 495 496
484 496 485
485 496 497
485 497 486
486 497 498
486 498 487
487 498 499
487 499 488
488 499 500
488 500 489
489 500 501
489 501 490
490 501 502
490 502 491
491 502 503
491 503 492
492 503 504
492 504 493
493 504 505
493 505 494
495 506 507
495 507 496
496 507 508
496 508 497
497 508 509
497 509 498
498 509 510
498 510 499
499 510 511
499 511 500
500 511 512
500 512 501
501 512 513
501 513 502
502 513 514
502 514 503
503 514 515
503 515 504
504 515 516
504 516 505
506 517 518
506 518 507
507 518 519
507 519 508
508 519 520
508 520 509
509 520 521
509 521 510
510 521 522
510 522 511
511 522 523
511 523 512
512 523 524
512 524 513
513 524 525
513 525 514
514 525 526
514 526 515
515 526 527
515 527 516
517 528 529
517 529 518
518 529 530
518 530 519
519 530 531
519 531 520
520 531 532
520 532 521
521 532 533
521 533 522
522 533 534
522 534 523
523 534 535
523 535 524
524 535 536
524 536 525
525 536 537
525 537 526
526 537 538
526 538 527
528 539 540
528 540 529
529 540 541
529 541 530
530 541 542
530 542 531
531 542 543
531 543 532
532 543 544
532 544 533
533 544 545
533 545 534
534 545 546
534 546 535
535 546 547
535 547 536
536 547 548
536 548 537
537 548 549
537 549 538
539 550 551
539 551 540
540 551 552
540 552 541
541 552 553
541 553 542
542 553 554
542 554 543
543 554 555
543 555 544
544 555 556
544 556 545
545 556 557
545 557 546
546 557 558
546 558 547
547 558 559
547 559 548
548 559 560
548 560 549
    </DataArray>
    <DataArray type="Int32" Name="offsets" format="ascii">
3 6 9 12 15 18 21 24 27 30 33 36 39 42 45 48 51 54 57 60 63 66 69 72 75 78 81 84 87 90 93 96 99 102 105 108 111 114 117 120 123 126 129 132 135 138 141 144 147 150 153 156 159 162 165 168 171 174 177 180 183 186 189 192 195 198 201 204 207 210 213 216 219 222 225 228 231 234 237 240 243 246 249 252 255 258 261 264 267 270 273 276 279 282 285 288 291 294 297 300 303 306 309 312 315 318 321 324 327 330 333 336 339 342 345 348 351 354 357 360 363 366 369 372 375 378 381 384 387 390 393 396 399 402 405 408 411 414 417 420 423 426 429 432 435 438 441 444 447 450 453 456 459 462 465 468 471 474 477 480 483 486 489 492 495 498 501 504 507 510 513 516 519 522 525 528 531 534 537 540 543 546 549 552 555 558 561 564 567 570 573 576 579 582 585 588 591 594 597 600 603 606 609 612 615 618 621 624 627 630 633 636 639 642 645 648 651 654 657 660 663 666 669 672 675 678 681 684 687 690 693 696 699 702 705 708 711 714 717 720 723 726 729 732 735 738 741 744 747 750 753 756 759 762 765 768 771 774 777 780 783 786 789 792 795 798 801 804 807 810 813 816 819 822 825 828 831 834 837 840 843 846 849 852 855 858 861 864 867 870 873 876 879 882 885 888 891 894 897 900 903 906 909 912 915 918 921 924 927 930 933 936 939 942 945 948 951 954 957 960 963 966 969 972 975 978 981 984 987 990 993 996 999 1002 1005 1008 1011 1014 1017 1020 1023 1026 1029 1032 1035 1038 1041 1044 1047 1050 1053 1056 1059 1062 1065 1068 1071 1074 1077 1080 1083 1086 1089 1092 1095 1098 1101 1104 1107 1110 1113 1116 1119 1122 1125 1128 1131 1134 1137 1140 1143 1146 1149 1152 1155 1158 1161 1164 1167 1170 1173 1176 1179 1182 1185 1188 1191 1194 1197 1200 1203 1206 1209 1212 1215 1218 1221 1224 1227 1230 1233 1236 1239 1242 1245 1248 1251 1254 1257 1260 1263 1266 1269 1272 1275 1278 1281 1284 1287 1290 1293 1296 1299 1302 1305 1308 1311 1314 1317 1320 1323 1326 1329 1332 1335 1338 1341 1344 1347 1350 1353 1356 1359 1362 1365 1368 1371 1374 1377 1380 1383 1386 1389 1392 1395 1398 1401 1404 1407 1410 1413 1416 1419 1422 1425 1428 1431 1434 1437 1440 1443 1446 1449 1452 1455 1458 1461 1464 1467 1470 1473 1476 1479 1482 1485 1488 1491 1494 1497 1500 1503 1506 1509 1512 1515 1518 1521 1524 1527 1530 1533 1536 1539 1542 1545 1548 1551 1554 1557 1560 1563 1566 1569 1572 1575 1578 1581 1584 1587 1590 1593 1596 1599 1602 1605 1608 1611 1614 1617 1620 1623 1626 1629 1632 1635 1638 1641 1644 1647 1650 1653 1656 1659 1662 1665 1668 1671 1674 1677 1680 1683 1686 1689 1692 1695 1698 1701 1704 1707 1710 1713 1716 1719 1722 1725 1728 1731 1734 1737 1740 1743 1746 1749 1752 1755 1758 1761 1764 1767 1770 1773 1776 1779 1782 1785 1788 1791 1794 1797 1800 1803 1806 1809 1812 1815 1818 1821 1824 1827 1830 1833 1836 1839 1842 1845 1848 1851 1854 1857 1860 1863 1866 1869 1872 1875 1878 1881 1884 1887 1890 1893 1896 1899 1902 1905 1908 1911 1914 1917 1920 1923 1926 1929 1932 1935 1938 1941 1944 1947 1950 1953 1956 1959 1962 1965 1968 1971 1974 1977 1980 1983 1986 1989 1992 1995 1998 2001 2004 2007 2010 2013 2016 2019 2022 2025 2028 2031 2034 2037 2040 2043 2046 2049 2052 2055 2058 2061 2064 2067 2070 2073 2076 2079 2082 2085 2088 2091 2094 2097 2100 2103 2106 2109 2112 2115 2118 2121 2124 2127 2130 2133 2136 2139 2142 2145 2148 2151 2154 2157 2160 2163 2166 2169 2172 2175 2178 2181 2184 2187 2190 2193 2196 2199 2202 2205 2208 2211 2214 2217 2220 2223 2226 2229 2232 2235 2238 2241 2244 2247 2250 2253 2256 2259 2262 2265 2268 2271 2274 2277 2280 2283 2286 2289 2292 2295 2298 2301 2304 2307 2310 2313 2316 2319 2322 2325 2328 2331 2334 2337 2340 2343 2346 2349 2352 2355 2358 2361 2364 2367 2370 2373 2376 2379 2382 2385 2388 2391 2394 2397 2400 2403 2406 2409 2412 2415 2418 2421 2424 2427 2430 2433 2436 2439 2442 2445 2448 2451 2454 2457 2460 2463 2466 2469 2472 2475 2478 2481 2484 2487 2490 2493 2496 2499 2502 2505 2508 2511 2514 2517 2520 2523 2526 2529 2532 2535 2538 2541 2544 2547 2550 2553 2556 2559 2562 2565 2568 2571 2574 2577 2580 2583 2586 2589 2592 2595 2598 2601 2604 2607 2610 2613 2616 2619 2622 2625 2628 2631 2634 2637 2640 2643 2646 2649 2652 2655 2658 2661 2664 2667 2670 2673 2676 2679 2682 2685 2688 2691 2694 2697 2700 2703 2706 2709 2712 2715 2718 2721 2724 2727 2730 2733 2736 2739 2742 2745 2748 2751 2754 2757 2760 2763 2766 2769 2772 2775 2778 2781 2784 2787 2790 2793 2796 2799 2802 2805 2808 2811 2814 2817 2820 2823 2826 2829 2832 2835 2838 2841 2844 2847 2850 2853 2856 2859 2862 2865 2868 2871 2874 2877 2880 2883 2886 2889 2892 2895 2898 2901 2904 2907 2910 2913 2916 2919 2922 2925 2928 2931 2934 2937 2940 2943 2946 2949 2952 2955 2958 2961 2964 2967 2970 2973 2976 2979 2982 2985 2988 2991 2994 2997 3000
    </DataArray>
    <DataArray type="UInt8" Name="types" format="ascii">
5 5 5 5 5 5 5 5 5 5 5 5 5 5 5 5 5 5 5 5 5 5 5 5 5 5 5 5 5 5 5 5 5 5 5 5 5 5 5 5 5 5 5 5 5 5 5 5 5 5 5 5 5 5 5 5 5 5 5 5 5 5 5 5 5 5 5 5 5 5 5 5 5 5 5 5 5 5 5 5 5 5 5 5 5 5 5 5 5 5 5 5 5 5 5 5 5 5 5 5 5 5 5 5 5 5 5 5 5 5 5 5 5 5 5 5 5 5 5 5 5 5 5 5 5 5 5 5 5 5 5 5 5 5 5 5 5 5 5 5 5 5 5 5 5 5 5 5 5 5 5 5 5 5 5 5 5 5 5 5 5 5 5 5 5 5 5 5 5 5 5 5 5 5 5 5 5 5 5 5 5 5 5 5 5 5 5 5 5 5 5 5 5 5 5 5 5 5 5 5 5 5 5 5 5 5 5 5 5 5 5 5 5 5 5 5 5 5 5 5 5 5 5 5 5 5 5 5 5 5 5 5 5 5 5 5 5 5 5 5 5 5 5 5 5 5 5 5 5 5 5 5 5 5 5 5 5 5 5 5 5 5 5 5 5 5 5 5 5 5 5 5 5 5 5 5 5 5 5 5 5 5 5 5 5 5 5 5 5 5 5 5 5 5 5 5 5 5 5 5 5 5 5 5 5 5 5 5 5 5 5 5 5 5 5 5 5 5 5 5 5 5 5 5 5 5 5 5 5 5 5 5 5 5 5 5 5 5 5 5 5 5 5 5 5 5 5 5 5 5 5 5 5 5 5 5 5 5 5 5 5 5 5 5 5 5 5 5 5 5 5 5 5 5 5 5 5 5 5 5 5 5 5 5 5 5 5 5 5 5 5 5 5 5 5 5 5 5 5 5 5 5 5 5 5 5 5 5 5 5 5 5 5 5 5 5 5 5 5 5 5 5 5 5 5 5 5 5 5 5 5 5 5 5 5 5 5 5 5 5 5 5 5 5 5 5 5 5 5 5 5 5 5 5 5 5 5 5 5 5 5 5 5 5 5 5 5 5 5 5 5 5 5 5 5 5 5 5 5 5 5 5 5 5 5 5 5 5 5 5 5 5 5 5 5 5 5 5 5 5 5 5 5 5 5 5 5 5 5 5 5 5 5 5 5 5 5 5 5 5 5 5 5 5 5 5 5 5 5 5 5 5 5 5 5 5 5 5 5 5 5 5 5 5 5 5 5 5 5 5 5 5 5 5 5 5 5 5 5 5 5 5 5 5 5 5 5 5 5 5 5 5 5 5 5 5 5 5 5 5 5 5 5 5 5 5 5 5 5 5 5 5 5 5 5 5 5 5 5 5 5 5 5 5 5 5 5 5 5 5 5 5 5 5 5 5 5 5 5 5 5 5 5 5 5 5 5 5 5 5 5 5 5 5 5 5 5 5 5 5 5 5 5 5 5 5 5 5 5 5 5 5 5 5 5 5 5 5 5 5 5 5 5 5 5 5 5 5 5 5 5 5 5 5 5 5 5 5 5 5 5 5 5 5 5 5 5 5 5 5 5 5 5 5 5 5 5 5 5 5 5 5 5 5 5 5 5 5 5 5 5 5 5 5 5 5 5 5 5 5 5 5 5 5 5 5 5 5 5 5 5 5 5 5 5 5 5 5 5 5 5 5 5 5 5 5 5 5 5 5 5 5 5 5 5 5 5 5 5 5 5 5 5 5 5 5 5 5 5 5 5 5 5 5 5 5 5 5 5 5 5 5 5 5 5 5 5 5 5 5 5 5 5 5 5 5 5 5 5 5 5 5 5 5 5 5 5 5 5 5 5 5 5 5 5 5 5 5 5 5 5 5 5 5 5 5 5 5 5 5 5 5 5 5 5 5 5 5 5 5 5 5 5 5 5 5 5 5 5 5 5 5 5 5 5 5 5 5 5 5 5 5 5 5 5 5 5 5 5 5 5 5 5 5 5 5 5 5 5 5 5 5 5 5 5 5 5 5 5 5 5 5 5 5 5 5 5 5 5 5 5 5 5 5 5 5 5 5 5 5 5 5 5 5 5 5 5 5 5 5 5 5 5 5 5 5 5 5 5 5 5 5 5 5 5 5 5 5 5 5 5 5 5 5 5 5 5 5 5 5 5 5 5 5 5 5 5 5 5 5 5 5 5 5 5 5 5 5 5 5 5 5 5 5 5 5 5 5 5 5 5 5 5 5 5 5 5 5 5 5 5 5 5 5 5 5 5 5 5 5
    </DataArray>
   </Cells>
   <PointData>
    <DataArray type="Float32" Name="Acceptor Doping [log10(m^-3)]" NumberOfComponents="1" format="ascii">
0.0 0.0 0.0 0.0 0.0 0.0 0.0 0.0 0.0 0.0 0.0 0.0 0.0 0.0 0.0 0.0 0.0 0.0 0.0 0.0 0.0 0.0 0.0 0.0 0.0 0.0 0.0 0.0 0.0 0.0 0.0 0.0 0.0 0.0 0.0 0.0 0.0 0.0 0.0 0.0 0.0 0.0 0.0 0.0 0.0 0.0 0.0 0.0 0.0 0.0 0.0 0.0 0.0 0.0 0.0 0.0 0.0 0.0 0.0 0.0 0.0 0.0 0.0 0.0 0.0 0.0 0.0 0.0 0.0 0.0 0.0 0.0 0.0 0.0 0.0 0.0 0.0 0.0 0.0 0.0 0.0 0.0 0.0 0.0 0.0 0.0 0.0 0.0 0.0 0.0 0.0 0.0 0.0 0.0 0.0 0.0 0.0 0.0 0.0 0.0 0.0 0.0 0.0 0.0 0.0 0.0 0.0 0.0 0.0 0.0 0.0 0.0 0.0 0.0 0.0 0.0 0.0 0.0 0.0 0.0 0.0 0.0 0.0 0.0 0.0 0.0 0.0 0.0 0.0 0.0 0.0 0.0 0.0 0.0 0.0 0.0 0.0 0.0 0.0 0.0 0.0 0.0 0.0 0.0 0.0 0.0 0.0 0.0 0.0 0.0 0.0 0.0 0.0 0.0 0.0 0.0 0.0 0.0 0.0 0.0 0.0 0.0 0.0 0.0 0.0 0.0 0.0 0.0 0.0 0.0 0.0 0.0 0.0 0.0 0.0 0.0 0.0 0.0 0.0 0.0 0.0 0.0 0.0 0.0 0.0 0.0 0.0 0.0 0.0 0.0 0.0 0.0 0.0 0.0 0.0 0.0 0.0 0.0 0.0 0.0 0.0 0.0 0.0 0.0 0.0 0.0 0.0 0.0 0.0 0.0 0.0 0.0 0.0 0.0 0.0 0.0 0.0 0.0 0.0 0.0 0.0 0.0 0.0 0.0 0.0 0.0 0.0 0.0 0.0 0.0 0.0 0.0 0.0 0.0 0.0 0.0 0.0 0.0 0.0 0.0 0.0 0.0 0.0 0.0 0.0 0.0 0.0 0.0 0.0 0.0 0.0 0.0 0.0 0.0 0.0 0.0 0.0 0.0 0.0 0.0 0.0 0.0 0.0 0.0 0.0 0.0 0.0 0.0 0.0 0.0 0.0 0.0 0.0 0.0 0.0 0.0 0.0 0.0 0.0 0.0 0.0 0.0 0.0 0.0 0.0 0.0 0.0 0.0 0.0 0.0 0.0 0.0 0.0 0.0 0.0 0.0 0.0 0.0 0.0 0.0 0.0 0.0 0.0 0.0 0.0 0.0 0.0 0.0 0.0 0.0 0.0 0.0 0.0 0.0 0.0 0.0 0.0 0.0 0.0 0.0 0.0 0.0 0.0 0.0 0.0 0.0 0.0 0.0 0.0 0.0 0.0 0.0 0.0 0.0 0.0 0.0 0.0 0.0 0.0 0.0 0.0 0.0 0.0 0.0 0.0 0.0 0.0 0.0 0.0 0.0 0.0 0.0 0.0 0.0 0.0 0.0 0.0 0.0 0.0 0.0 0.0 0.0 0.0 0.0 0.0 0.0 0.0 0.0 0.0 0.0 0.0 0.0 0.0 0.0 0.0 0.0 0.0 0.0 0.0 0.0 0.0 0.0 0.0 0.0 0.0 0.0 0.0 0.0 0.0 0.0 0.0 0.0 0.0 0.0 0.0 0.0 0.0 0.0 0.0 0.0 0.0 0.0 0.0 0.0 0.0 0.0 0.0 0.0 0.0 0.0 0.0 0.0 0.0 0.0 0.0 0.0 0.0 0.0 0.0 0.0 0.0 0.0 0.0 0.0 0.0 0.0 0.0 0.0 0.0 0.0 0.0 0.0 0.0 0.0 0.0 0.0 0.0 0.0 0.0 0.0 0.0 0.0 0.0 0.0 0.0 0.0 0.0 0.0 0.0 0.0 0.0 0.0 0.0 0.0 0.0 0.0 0.0 0.0 0.0 0.0 0.0 0.0 0.0 0.0 0.0 0.0 0.0 0.0 0.0 0.0 0.0 0.0 0.0 0.0 0.0 0.0 0.0 0.0 0.0 0.0 0.0 0.0 0.0 0.0 0.0 0.0 0.0 0.0 0.0 0.0 0.0 0.0 0.0 0.0 0.0 0.0 0.0 0.0 0.0 0.0 0.0 0.0 0.0 0.0 0.0 0.0 0.0 0.0 0.0 0.0 0.0 0.0 0.0 0.0 0.0 0.0 0.0 0.0 0.0 0.0 0.0 0.0 0.0 0.0 0.0 0.0 0.0 0.0 0.0 0.0 0.0 0.0 0.0 0.0 0.0 0.0 0.0 0.0 0.0 0.0 0.0 0.0 0.0 0.0 0.0 0.0 0.0 0.0 0.0 0.0 0.0 0.0 0.0 0.0 0.0 0.0 0.0 0.0 0.0 0.0 0.0
    </DataArray>
    <DataArray type="Float32" Name="Donor Doping [log10(m^-3)]" NumberOfComponents="1" format="ascii">
25.57501901950882 25.627175630862887 25.725164815063515 25.707921006425604 25.65602458718355 25.586359811990295 25.50225345188418 25.413291576790215 25.333336131083293 25.274064769887474 25.299942900022767 25.541200999673265 25.580384753933394 25.683636425060886 25.67125551027276 25.621388542891413 25.553977730093955 25.474111743549653 25.391509743868124 25.31910721279146 25.268123965547282 25.299942900022767 25.457228805174754 25.464416013751357 25.5764267111149 25.576854550264173 25.53357097741132 25.4734284148212 25.405678596648887 25.339810053062013 25.286097508367117 25.253778932609045 25.299942900022767 25.3531673397451 25.325499318999125 25.440569272131928 25.458025610865025 25.426863138472704 25.378747872027677 25.327569688785463 25.281990345101573 25.249137281910645 25.23678453811592 25.299942900022767 25.246634329839033 25.193282427205606 25.30632805040007 25.342989407485202 25.33032011748265 25.297815953170865 25.262499757881702 25.23368559882334 25.21760118648547 25.221987517049786 25.299942900022767 25.142562976028273 25.074640802114853 25.183747356455278 25.238780023166747 25.24852742886357 25.234776172719826 25.21475176955956 25.199185338354994 25.195020556566835 25.21131047774031 25.299942900022767 25.040321011991047 24.965998604434237 25.07130564623911 25.1416878752125 25.17387782712708 25.180793375331554 25.17706356727636 25.173870233969595 25.179261272066327 25.205405490488 25.299942900022767 24.93753536445034 24.86178422556423 24.965159915187844 25.04795912168506 25.100497134928947 25.1281188078212 25.141626522095272 25.15133047528529 25.165948089641667 25.200751677008896 25.299942900022767 24.831454245101213 24.756991396830855 24.861354317148777 24.955607370203186 25.026244372966982 25.07360281295297 25.104548917354222 25.12784473425016 25.152589977659503 25.196803475029437 25.299942900022767 24.718850908691508 24.647345046741385 24.75585884628825 24.862356893081767 24.95046224730104 25.016655387065214 25.065062403848813 25.102858918046294 25.139835846687383 25.195053927297955 25.299942900022767 24.594467943476577 24.52867861669765 24.645053725753968 24.76527842919539 24.871393105124625 24.957052780894973 25.023867514496597 25.07832571567707 25.131529430142688 25.196299177616503 25.299942900022767 24.447346556273384 24.396216491396206 24.523581185507627 24.660289177907792 24.78741303065292 24.895554628521275 24.984676658871653 25.06047629575406 25.130817479195006 25.19982736801419 25.299942900022767 24.253269684442845 24.233049636714334 24.384518713826644 24.54628125095406 24.700528926824866 24.83877922381402 24.95275558049019 25.050663828159262 25.133092153894186 25.204083494674293 25.299942900022767 23.932494698926593 23.914160457176763 24.0908687059534 24.332513931321333 24.583300759813657 24.821334420352414 24.92792557184846 25.04530449327667 25.138019758859457 25.20913337358883 25.299942900022767 23.722691471458724 23.67104823398632 23.838673286376597 24.078429697608737 24.343099376984703 24.598964989968636 24.82912062267872 25.032061228406715 25.19637059742152 25.216478628892165 25.299942900022767 23.598015029769904 23.510787749389316 23.66249696651198 23.902272716891932 24.17990196147491 24.456302677779224 24.709362579738453 24.923372651414557 25.08960928121061 25.208613089030436 25.299942900022767 23.52937195609471 23.426086920581003 23.56988879026644 23.812433073420724 24.098428350091524 24.390351587097896 24.659373660192404 24.88852583818122 25.06998665149192 25.20471852583439 25.299942900022767 23.488205181238758 23.377722821359274 23.52202581502998 23.770024865775795 24.060113370399105 24.358745804185496 24.636867487651276 24.874837756820973 25.063678584738376 25.20311934765615 25.299942900022767 23.459015653049867 23.343510147022144 23.48997143046783 23.7413001191667 24.034880802491546 24.33838899132545 24.622279079819734 24.865957618012516 25.05958248462293 25.202049210667994 25.299942900022767 23.43576524528885 23.316113954937247 23.464132701183715 23.717974611267113 24.014251137902264 24.321803360529547 24.610443688318224 24.85872332972484 25.05618682862172 25.2011573090154 25.299942900022767 23.415788154475752 23.292787914594513 23.442139356542356 23.698077500123564 23.996543230802 24.307425688186058 24.600115151272465 24.852412379004715 25.05319132856044 25.200366064477908 25.299942900022767 23.39799741022946 23.272325008761584 23.4229786446759 23.680731836330935 23.98101779447472 24.294725186250492 24.590927846819415 24.84675830315897 25.050488157963677 25.199646335285134 25.299942900022767 23.381875289768587 23.254107476974326 23.406094282113724 23.665450313503847 23.96729551599644 24.283430048675864 24.58270254806993 24.841652916438985 25.048027595735817 25.19898225750428 25.299942900022767 23.36716144425449 23.23777623594003 23.39112756498262 23.651924291599602 23.955121395611155 24.273356527833513 24.575321872570363 24.837036473509283 25.04578368578775 25.1983666722147 25.299942900022767 23.353717406281394 23.223095065475924 23.377820352807415 23.639921225574714 23.944299402750065 24.264361905905222 24.568696005974573 24.832864894417114 25.04373974964606 25.19779672051185 25.299942900022767 23.341514181914757 23.209888501123896 23.36597108687688 23.629254573191673 23.93466957296974 24.256327832546354 24.56274987657319 24.82910491329596 25.041882290902826 25.197271021514812 25.299942900022767 23.330403251296364 23.198014139530194 23.355413477308964 23.61976838403051 23.92609639497966 24.249152296582114 24.557417691013605 24.82571925163417 25.04019871583172 25.19678835064557 25.299942900022767 23.320313353929645 23.187474856892283 23.34600489358659 23.611328631440102 23.918462298414603 24.24274526236444 24.55264015160615 24.82267380477693 25.038676614841485 25.19634717296774 25.299942900022767 23.311175252484503 23.178154442321745 23.337620438870687 23.603818296801087 23.91166391908685 24.23702632348476 24.548363183939333 24.819938400628587 25.037303667136133 25.19594555760507 25.299942900022767 23.302920194930493 23.169791088491888 23.330149638959885 23.59713440719083 23.905609829051112 24.231925319474936 24.544537389990765 24.817484729583835 25.036067772194865 25.19558125244589 25.299942900022767 23.295480281072216 23.16229511239563 23.323494380873925 23.59118605214594 23.900218996123574 24.227376390575685 24.54111774863924 24.81528640968619 25.03495723686742 25.19525180193361 25.299942900022767 23.288789389317643 23.15558426177999 23.31756744920446 23.585892890682025 23.895419589756905 24.223320531810266 24.538063395863844 24.8133190542887 25.033960940218147 25.194954661555002 25.299942900022767 23.282784122762923 23.14958332800621 23.312291360844803 23.581183935093364 23.891147988203695 24.219706105110888 24.535337411628618 24.81156030168644 25.03306846017085 25.194687298821705 25.299942900022767 23.277404566728595 23.144223843619546 23.307597366230766 23.576996509670085 23.8873479137905 24.21648711530891 24.532906590626705 24.80998979609088 25.032270142597575 25.194447254863498 25.299942900022767 23.272594803812765 23.139443769951775 23.303424554153434 23.573275327813857 23.883969651654105 24.21362269350199 24.530741191150874 24.808589125500387 25.031557133429406 25.194232193235106 25.299942900022767 23.268303202794215 23.135187149892477 23.299719040790066 23.56997166914377 23.88096934254311 24.211076608128025 24.528814671388808 24.807341727405852 25.03092138015833 25.194039930559086 25.299942900022767 23.264482523506555 23.13140373133174 23.296433235153224 23.567042646313592 23.878308345284662 24.2088168077818 24.527103423276053 24.806232773859012 25.030355610170986 25.193868452796103 25.299942900022767 23.26108988455975 23.12804857190645 23.293525176974256 23.56445055450095 23.875952665971667 24.206814999653634 24.52558651308022 24.80524904642171 25.029853294401214 25.19371592140218 25.299942900022767 23.25808663628973 23.12508164196084 23.290957944533258 23.562162297406807 23.87387245072737 24.20504626599843 24.524245435469908 24.804378808899042 25.029408602766942 25.193580672678 25.299942900022767 23.25543817372517 23.12246753787719 23.288699129019978 23.56014888399948 23.872041538628423 24.203488719630176 24.523063885650846 24.803611683506887 25.029016356047418 25.193461212769193 25.299942900022767 23.253113716436392 23.120176546432926 23.286720371374955 23.55838498980992 23.870437070408034 24.202123197767698 24.5220275519461 24.80293853409693 25.028671977416707 25.193356210104152 25.299942900022767 23.251086075107104 23.118179189391242 23.284998122962115 23.556848576601023 23.869039148213474 24.2009329925009 24.52112392967552 24.802351358607154 25.028371445779207 25.19326448654082 25.299942900022767 23.249331418846406 23.116451497136886 23.28351192145966 23.555520564504185 23.867830541675627 24.199903615677552 24.52034215646654 24.8018431920107 25.02811125225485 25.19318500809684 25.299942900022767 23.247829052992255 23.114972735413676 23.28224074233844 23.55438455109964 23.86679643569562 24.199022595566014 24.519672868174055 24.801408020111623 25.027888360485264 25.193116875843803 25.299942900022767 23.246561213583064 23.11372516128816 23.281168909365316 23.553426572347494 23.865924215681062 24.1982793026226 24.519108074281284 24.80104070382445 25.027700171031324 25.19305931739741 25.299942900022767 23.245512882699636 23.112693811314358 23.280283249855845 23.55263490130085 23.865203286536946 24.19766480185844 24.5186410515139 24.800736913975385 25.02754449276101 25.19301167944358 25.299942900022767 23.24467162686876 23.11187640850008 23.27957291106482 23.55199988086612 23.864624922244644 24.197171729688208 24.518266254629836 24.800493076589017 25.027419514345514 25.192973420689814 25.299942900022767 23.24402746006174 23.11125860680349 23.279029209995294 23.551513787376958 23.864182143080185 24.1967941930536 24.517979242982445 24.800306327682748 25.027323782797403 25.19294410609088 25.299942900022767 23.24357273142452 23.110822491383626 23.278645513654563 23.551170722226182 23.863869618129954 24.196527689153395 24.517776621881843 24.800174476731215 25.0272561860016 25.19292340215888 25.299942900022767 23.243302038056818 23.110562878422332 23.278417147859084 23.550966529557236 23.86368359127771 24.19636904439991 24.517655997891 24.800095978710996 25.02721593917035 25.192911073303755 25.299942900022767 23.243212162998585 23.110476682254657 23.278341333339313 23.550898738606183 23.863621829328434 24.196316371571214 24.517615947386744 24.80006991440779 25.027202575244324 25.192906979217184 25.299942900022767
    </DataArray>
    <DataArray type="Float32" Name="Potential [V]" NumberOfComponents="1" format="ascii">
2.753377437073629 2.843780972227166 2.930996417877006 3.007428891992447 3.0765274036678996 3.1436566436312448 3.213743837888396 3.290860590019058 3.377636216166018 3.474625815762259 3.579770712392527 2.7513653173852046 2.841684066704213 2.9291460968329535 3.006360762053135 3.0763574094893062 3.1443322020598177 3.2151201108095906 3.2926561081702035 3.3794101906835916 3.4758188556873106 3.579770712392527 2.7463691021528462 2.8365305340856177 2.924637889208599 3.0039467946542695 3.076439985332758 3.146752258889483 3.2193985530893814 3.297945190818736 3.384474949966669 3.479149117513538 3.579770712392527 2.74017760648233 2.8303872005001525 2.9194742306416255 3.001668136592424 3.0777519413616408 3.151396825556429 3.2265256167569603 3.306196937324334 3.3920534903131974 3.483981626612689 3.579770712392527 2.73383905775176 2.8245302573102764 2.9149266026606697 3.000314492952979 3.080484684994944 3.157913836036101 3.2356978237972376 3.3163241908713768 3.401048061750103 3.489566205932845 3.579770712392527 2.7276469737379174 2.8192382893943626 2.9111452710102945 2.9996360202864656 3.0838510086763695 3.1650988114766805 3.24551548027208 3.32695955267683 3.410336960264383 3.4952375586029145 3.579770712392527 2.72156373557605 2.814287653068766 2.9077165450761657 2.9989510285752616 3.0867924655335863 3.1715967352655436 3.254546080743255 3.3368205899388053 3.4189631740432334 3.5004864544916052 3.579770712392527 2.7154481490896227 2.8093312798568357 2.9041478209274145 2.997657387825074 3.088532738783812 3.1764491486868973 3.2617623269164135 3.344977650005888 3.4262381508239206 3.5049503212756012 3.579770712392527 2.709136487145773 2.8040481888340576 2.900047434335811 2.99538040398324 3.0886965752098843 3.1792268023177344 3.2666839332842894 3.3509689715705173 3.431809446304614 3.50845026279936 3.579770712392527 2.7024367634105007 2.7981542227657896 2.8951352687118916 2.9919340796808678 3.0872077786362113 3.1799092759167262 3.2692907025573392 3.3547591669382193 3.435645811919027 3.5109768895523668 3.579770712392527 2.6950361700454692 2.7913422186932833 2.8892008949515318 2.9872545779257274 3.0841587395078682 3.1787072613538254 3.2698433393747752 3.356598207192896 3.4379432387462523 3.5126317746805804 3.579770712392527 2.6862826758663525 2.7831944613981925 2.8820717217934524 2.981363915570366 3.079734399955353 3.175931538235432 3.2687170295515284 3.3568545860525942 3.4389791144549107 3.5135560066340172 3.579770712392527 2.6747354032354638 2.7731595298140723 2.873678951830184 2.9743956567287553 3.074180809742873 3.171911718484372 3.2662561335921767 3.355839375879593 3.438981324328765 3.513877876395651 3.579770712392527 2.655649789499069 2.760985582854391 2.8643566413043873 2.9666722233670093 3.067777005311762 3.1669289012423656 3.262672233196241 3.353748392522733 3.4381514686723 3.513708786154655 3.579770712392527 2.643166823117958 2.7508187169541944 2.8557948255036156 2.95912031476 3.0609776703333162 3.1609348513727085 3.2579807181545846 3.3506522554096345 3.4366944266420707 3.5131095052918617 3.579770712392527 2.6357487683582597 2.7433831458292253 2.848771744671901 2.9525218393359305 3.0547795576682044 3.155220760072453 3.252986439685927 3.346587423802123 3.4337906128770146 3.5119293686657094 3.579770712392527 2.631664612021271 2.7382511773400635 2.8433431978992005 2.947106707578093 3.0495335783209128 3.150298195847639 3.248598664114883 3.342983528746071 3.431259190690444 3.510749802496355 3.579770712392527 2.6292152528157544 2.7346669096741736 2.8392158831957124 2.942783973806856 3.0452371604029036 3.146217780783197 3.2449438584928396 3.339989919033349 3.429166301955538 3.5097278168534767 3.579770712392527 2.6274785211960356 2.7320347517548154 2.8360454208004287 2.939352146112988 3.041757107352311 3.142878031214253 3.241938722805855 3.3375261031523387 3.427440327221252 3.5088712630835275 3.579770712392527 2.6260951580231677 2.7299955538761744 2.833556838630433 2.936611160487055 3.0389396041113366 3.140150322015426 3.239471669687873 3.335497185076556 3.4260142037871524 3.508158882784692 3.579770712392527 2.6249065521279102 2.728341618857075 2.831555333340549 2.9343961800079588 3.036646479786314 3.1379162739023942 3.2374412547763165 3.333821137868944 3.4248321462472804 3.507566487131736 3.579770712392527 2.623848030459766 2.7269542025950835 2.829908755505189 2.932581220551277 3.034764167515027 3.136075890784857 3.2357621343156553 3.3324300835768503 3.423848111789345 3.5070723513044206 3.579770712392527 2.6228887893168427 2.725762672795015 2.8285278883300795 2.9310730973980434 3.033203495468984 3.134548246385113 3.23436469680489 3.3312688603052125 3.4230245056168944 3.5066581916956716 3.579770712392527 2.62201333834735 2.7247231828205822 2.827351820942385 2.929803656830338 3.0318960423392904 3.1332694432667063 3.2331932444241795 3.3302931479763447 3.4223309633822807 3.5063090602890594 3.579770712392527 2.621213438955573 2.7238073765502597 2.826338188254789 2.92872300967384 3.030789826574371 3.1321897184441543 3.2322037634644514 3.3294676496978584 3.421743169391779 3.5060129156006776 3.579770712392527 2.6204873660474086 2.722996298451904 2.8254567632596044 2.927794295567194 3.029845400582365 3.1312705509152186 3.231361717860442 3.328764430583678 3.421241764499611 3.5057601332845576 3.579770712392527 2.6198262829218235 2.7222744645246366 2.824684892341459 2.926989804545764 3.0290326721555236 3.1304821317874456 3.2306400705845864 3.328161420393425 3.420811375664743 3.5055430482199235 3.579770712392527 2.6192259496898815 2.721630380560386 2.8240054248482624 2.9262884299440737 3.0283285085913016 3.1298013141050123 3.230017632657368 3.32764119128523 3.420439800203836 3.5053555601348316 3.579770712392527 2.618682246837911 2.7210549170111427 2.8234050497191143 2.925673842031771 3.027714946906806 3.1292100098073607 3.229477731937668 3.3271899484545915 3.42011733197553 3.5051928055298545 3.579770712392527 2.618191083726816 2.7205404875605397 2.8228731621817227 2.9251331871220807 3.027177869989608 3.128693962508956 3.2290071649390626 3.3267967134894563 3.4198362155199376 3.5050508910616047 3.579770712392527 2.6177484204003645 2.720080614007545 2.8224011163743468 2.9246561703577068 3.026706035760778 3.1282418175188482 3.2285953874339137 3.32645268664503 3.4195902143324566 3.5049266814245663 3.579770712392527 2.617350322726463 2.7196696530189466 2.821981722828599 2.924234408903266 3.026290370312732 3.127844431183012 3.228233898984132 3.3261507551872938 3.419374274664053 3.504817633253488 3.579770712392527 2.616993018687736 2.7193026293262466 2.8216089072432564 2.9238609739701764 3.025923453339521 3.1274943570737554 3.227915777955407 3.3258851175771387 3.4191842664002285 3.5047216665167102 3.579770712392527 2.616672943453755 2.7189751271907783 2.8212774740684567 2.923530063733302 3.025599142271372 3.1271854629756115 3.2276353311971557 3.325650997614303 3.4190167845353874 3.5046370655388364 3.579770712392527 2.6163867700259007 2.718683214771009 2.8209829386183567 2.923236767017135 3.0253122965332957 3.126912646404285 3.227387830639863 3.3254444275820227 3.418868997639377 3.5045624032310023 3.579770712392527 2.6161314264266515 2.718423387614769 2.820721404583032 2.922976890138757 3.025058573715649 3.1266716223571787 3.2271693149520813 3.3252620837137106 3.4187385322709187 3.504496483146601 3.579770712392527 2.6159041019394333 2.7181925237170272 2.8204894721450318 2.92274682798834 3.0248342774050396 3.126458763926774 3.2269764395810667 3.325101161023021 3.418623384641676 3.5044382951045154 3.579770712392527 2.6157022451880985 2.7179878459960873 2.820284167169843 2.9225434663979373 3.0246362422618907 3.1262709816170204 3.226806362679461 3.3249592776238 3.4185218528366126 3.5043869810848647 3.579770712392527 2.6155235565776263 2.7178068899206633 2.820102885276137 2.9223641069185167 3.02446174612538 3.126105631078139 3.226656657659272 3.324834401117927 3.418432484509816 3.504341808882131 3.579770712392527 2.6153659771659363 2.7176474750513173 2.8199433467157737 2.922206407890182 3.0243084419075763 3.1259604418229867 3.226525245566063 3.324724791525128 3.4183540362402876 3.5043021516175292 3.579770712392527 2.6152276755652397 2.7175076798066318 2.819803559348437 2.922068337567132 3.02417430414317 3.1258334615577907 3.2264103422922727 3.3246289566684237 3.418285441704109 3.504267471689909 3.579770712392527 2.6151070340534193 2.7173858187866653 2.8196817878666827 2.9219481363331066 3.0240575865434702 3.1257230122561914 3.2263104169944437 3.32454561700482 3.4182257865558974 3.504237308108682 3.579770712392527 2.6150026347294575 2.7172804230730403 2.819576527874836 2.92184428590256 3.023956787947524 3.125627655181527 3.2262241590642344 3.3244736776899337 3.4181742884613446 3.5042112664254907 3.579770712392527 2.614913246293084 2.717190222618209 2.8194864839725167 2.9217554840724405 3.023870624818937 3.1255461628390555 3.2261504517194313 3.32441220625077 3.41813028113181 3.5041890106859332 3.579770712392527 2.614837811816157 2.7171141310618925 2.8194105519649155 2.9216806240998876 3.0237980089610095 3.1254774963893324 3.226088350799385 3.3243604146709402 3.4180932015128196 3.5041702569735476 3.579770712392527 2.6147754377557955 2.717051232605663 2.8193478034705226 2.9216187776577978 3.023738029403319 3.1254207874315867 3.2260370677219172 3.3243176450078864 3.4180625795057904 3.5041547682304395 3.579770712392527 2.6147253843396427 2.7170007710552713 2.81929747317392 2.9215691808805113 3.023689937747158 3.125375323369655 3.2259959558377407 3.324283357888535 3.4180380297343778 3.5041423501116395 3.579770712392527 2.6146870574144905 2.716962139287076 2.8192589481503565 2.921531223069149 3.0236531364539427 3.1253405357882404 3.2259644996243386 3.324257123409903 3.418019245038985 3.5041328477089615 3.579770712392527 2.6146600017663983 2.7169348721936535 2.819231759745888 2.9215044379106945 3.023627169733246 3.125315991430671 3.225942306312154 3.3242386140920352 3.418005991440948 3.5041261430158857 3.579770712392527 2.6146438959311857 2.7169186419096207 2.8192155776124124 2.921488496927389 3.023611716736116 3.125301385467638 3.2259290996443952 3.324227599629387 3.417998104391297 3.504122153039666 3.579770712392527 2.6146385485047237 2.716913253394293 2.8192102052986576 2.9214832048605666 3.0236065868170496 3.1252965368311867 3.2259247155579613 3.324223943259471 3.417995486175986 3.5041208284955596 3.579770712392527
    </DataArray>
    <DataArray type="Float32" Name="Electron density [log10(m^-3)]" NumberOfComponents="1" format="ascii">
25.57501901950882 25.507622178903166 25.519804613900092 25.579295038209548 25.62430146458326 25.648683356443517 25.656118495731484 25.64547552203799 25.60807421326666 25.523229015856277 25.299942900022767 25.541200999673265 25.475421586096854 25.483383654228255 25.5450250952904 25.59523174165356 25.62432903114933 25.634734175655144 25.625259192650567 25.588105924709232 25.503999870647995 25.299942900022767 25.457228805174754 25.396716637367266 25.391746819236715 25.45507356416234 25.516529381409352 25.556832946354774 25.57445864202666 25.568091470859493 25.532107434896222 25.450726315547556 25.299942900022767 25.3531673397451 25.301115825793524 25.276601032145244 25.333363603445225 25.40337796955743 25.455702834519627 25.48232694234242 25.481137931879623 25.448587254753235 25.37334484656335 25.299942900022767 25.246634329839033 25.203545901654525 25.15789676103257 25.197358563197177 25.266789949697863 25.327678132178605 25.364002686043325 25.370887175510372 25.34543673240568 25.281536926962435 25.299942900022767 25.142562976028273 25.106629214496316 25.042737271800885 25.05739663912099 25.115150450314108 25.178191812766528 25.2234591937175 25.241060724347623 25.22678328900365 25.181163600567825 25.299942900022767 25.040321011991047 25.009153724563983 24.932431327181067 24.920587824594946 24.957515984807447 25.013979709275056 25.064255237410382 25.09296701331241 25.092980684473353 25.074445705753647 25.299942900022767 24.93753536445034 24.909148356896193 24.825353073798567 24.790257536834414 24.801928427676206 24.84312494934984 24.89137142396526 24.928180738698728 24.943455006581424 24.96228556881687 25.299942900022767 24.831454245101213 24.804359758954728 24.718079975644688 24.665243153332742 24.652309144788212 24.672690955949083 24.711059231800398 24.74995545034868 24.778926067529003 24.847440701202522 25.299942900022767 24.718850908691508 24.69170177176544 24.605923881817592 24.54070020934432 24.506865841353722 24.505204344538658 24.5278994964481 24.561879367224666 24.601728307094344 24.73509606288263 25.299942900022767 24.594467943476577 24.565585553790925 24.482151519769506 24.40879552796936 24.358372774183568 24.336384042648763 24.340903093005362 24.36467064013023 24.414596535041667 24.6309344586166 25.299942900022767 24.447346556273384 24.41468549996756 24.335703860825962 24.258088866800236 24.19493164563305 24.15535864001066 24.14237188614761 24.15527536962886 24.21990559547393 24.53879369037785 25.299942900022767 24.253269684442845 24.21743335406546 24.149909882668705 24.074641670395927 24.002259794234746 23.94923782264243 23.924141667618052 23.930369915845656 24.018995981802973 24.459596915835924 25.299942900022767 23.932494698926593 23.94406771277121 23.916553520868533 23.854016805032234 23.768162054495654 23.716780405530645 23.69236154799041 23.691410942598857 23.815141885975134 24.39324809106762 25.299942900022767 23.722691471458724 23.736839853088384 23.72846966709931 23.687369746662164 23.61152646162871 23.526530031428294 23.455365073035615 23.429406107344928 23.620680853511793 24.33924181654295 25.299942900022767 23.598015029769904 23.606456666211145 23.600945919400946 23.57000596283639 23.503790059300812 23.40938895548473 23.31204648457471 23.25574007637117 23.451494195865582 24.28798745945491 25.299942900022767 23.52937195609471 23.53170748472665 23.523423931969152 23.49393372042158 23.430932189013042 23.3339752628774 23.223257337993818 23.14280369908709 23.336805138780246 24.249294855279345 25.299942900022767 23.488205181238758 23.48701907615248 23.476366304468357 23.44623363903038 23.3835531045744 23.284899468997637 23.16760346169782 23.074177460134337 23.26465712656451 24.220047744223777 25.299942900022767 23.459015653049867 23.456421865882625 23.444866602532205 23.414607871408748 23.35216341331265 23.252507386630793 23.1314676520768 23.030641537248332 23.215824541825768 24.19682140390533 25.299942900022767 23.43576524528885 23.432698610227657 23.421087721137177 23.39132954682152 23.32959790775267 23.22967072778991 23.106328563532944 23.00064098649149 23.179688652785632 24.17764177416619 25.299942900022767 23.415788154475752 23.41269846353622 23.401395005392537 23.372443220771704 23.311733969469504 23.212032731316473 23.087227903092398 22.978019993723567 23.151016393895517 24.1614282228067 25.299942900022767 23.39799741022946 23.395094440443103 23.38419288277917 23.356114785381433 23.296524195313403 23.197304387759328 23.071530465750882 22.959607372274714 23.12715135452687 24.147530681938402 25.299942900022767 23.381875289768587 23.379196389221836 23.368712535830007 23.341481854346746 23.282994822184584 23.184364707058187 23.057916225718234 22.943805321705714 23.106669527144664 24.1355117694169 25.299942900022767 23.36716144425449 23.36469862061557 23.35460593336568 23.328154574680955 23.270702549647396 23.17268976255889 23.045748397235663 22.929819229121403 23.088762134717925 24.125052035234642 25.299942900022767 23.353717406281394 23.351453895554645 23.341712463421565 23.315958645614923 23.25945111442228 23.162040984781918 23.034723579025325 22.917250141321713 23.07293772800947 24.115905678529508 25.299942900022767 23.341514181914757 23.339403290549107 23.329956420686592 23.30481070824622 23.249148320054225 23.152303823180933 23.02468856656952 22.90588392475677 23.058871348962793 24.107877278260386 25.299942900022767 23.330403251296364 23.32842950359159 23.319240410123566 23.294629255851294 23.239721937274044 23.14340116890206 23.015546037324967 22.895584523615018 23.046326634045748 24.100808103711252 25.299942900022767 23.320313353929645 23.3184571606462 23.309491698586026 23.28534970893835 23.231115161137915 23.135274813102995 23.007224371076262 22.886252409816795 23.03511912434695 24.0945674631766 25.299942900022767 23.311175252484503 23.309418833380974 23.30064648331942 23.276915533787502 23.22327888725226 23.127875957337572 22.999664853192797 22.877807018021045 23.025098056198022 24.089046711243135 25.299942900022767 23.302920194930493 23.301248335529806 23.292642739939954 23.269271850933446 23.216165775777544 23.121158983152114 22.992814519374885 22.870177776662267 23.016136046575856 24.084154780656064 25.299942900022767 23.295480281072216 23.293880259526016 23.28541890893293 23.262363666329083 23.2097280949404 23.115078698751805 22.98662273058481 22.86329966132806 23.008122853699785 24.079814746173767 25.299942900022767 23.288789389317643 23.28725062487013 23.2789143540465 23.256136139937894 23.203917702784956 23.109589865078455 22.981040129459227 22.85711138920415 23.00096155057839 24.07596115815614 25.299942900022767 23.282784122762923 23.28129780759583 23.27307027597338 23.250535484417163 23.198686830994664 23.10464769201788 22.97601873961801 22.851554963159572 22.99456613015862 24.072537965735638 25.299942900022767 23.277404566728595 23.275963339753126 23.267830564599016 23.245509882025743 23.193988992929697 23.100208577255696 22.971512448780512 22.84657576334789 22.988859923890377 24.069496889921442 25.299942900022767 23.272594803812765 23.271192477476674 23.263142436170472 23.24101021093952 23.1897797513459 23.09623079173678 22.96747752241571 22.84212277860717 22.98377447438951 24.066796143340706 25.299942900022767 23.268303202794215 23.26693454016801 23.25895683910442 23.23699054063781 23.186017274093814 23.092674999121954 22.963873005278227 22.838148798344935 22.979248663539202 24.064399415531817 25.299942900022767 23.264482523506555 23.263143058793293 23.25522866055077 23.2334084195763 23.182662685992806 23.089504596206233 22.96066097751213 22.834610507293835 22.97522799207643 24.062275062336898 25.299942900022767 23.26108988455975 23.259775779431354 23.251916778703 23.230224997615526 23.179680252595347 23.08668589861536 22.957806677923674 22.831468480914427 22.97166395807471 24.060395452980764 25.299942900022767 23.25808663628973 23.256794565050846 23.24898400445528 23.227405026860133 23.177037436696672 23.084188206281734 22.95527852206164 22.828687100029928 22.968513507899956 24.05873643973399 25.299942900022767 23.25543817372517 23.254165231415925 23.246396949468654 23.22491677897537 23.174704864735467 23.081983782177197 22.953048044323154 22.826234408112647 22.965738546085817 24.057276923623665 25.299942900022767 23.253113716436392 23.251857345270246 23.244125849874 23.222731909463025 23.172656233565956 23.080047772651863 22.95108978964501 22.824081932854465 22.963305496733057 24.055998496140326 25.299942900022767 23.251086075107104 23.249844002268482 23.242144366676897 23.220825291706365 23.17086818106695 23.07835809172149 22.94938117526174 22.82220448972175 22.961184911947477 24.054885141801492 25.299942900022767 23.249331418846406 23.2481016079515 23.240429380366564 23.219174838692787 23.169320138757165 23.076895286616097 22.947902338389845 22.8205799811964 22.9593511242231 24.053922990126985 25.299942900022767 23.247829052992255 23.24660966313416 23.238960787445148 23.217761323290507 23.16799417886908 23.07564239705545 22.946635981440963 22.81918920171317 22.95778194030096 24.05310010836908 25.299942900022767 23.246561213583064 23.24535056495627 23.23772131665821 23.216568210879945 23.16687486779603 23.074584818668804 22.945567223699726 22.81801565552218 22.95645837431947 24.052406328419806 25.299942900022767 23.245512882699636 23.244309427865545 23.236696356584698 23.215581502531602 23.16594912767771 23.073710173900068 22.94468346319277 22.81704539082905 22.955364417781496 24.051833102873786 25.299942900022767 23.24467162686876 23.24347392982963 23.235873805472874 23.214789595518223 23.165206111311438 23.07300819468841 22.943974252236515 22.816266852782665 22.954486843921103 24.05137338626301 25.299942900022767 23.24402746006174 23.24283416493728 23.235243933894097 23.214183158348884 23.164637090934143 23.07247061892283 22.943431189016945 22.815670757341774 22.953815045265507 24.05102153870048 25.299942900022767 23.24357273142452 23.24238253797255 23.2347992813298 23.213755033641625 23.16423536992789 23.072091107119896 22.9430478297844 22.815249989007015 22.953340903524094 24.050773249726085 25.299942900022767 23.243302038056818 23.24211368854658 23.234534579965015 23.213500165355462 23.163996215859655 23.071865178712464 22.94281962142475 22.814999522180795 22.953058690228126 24.05062548066062 25.299942900022767 23.243212162998585 23.242024425301036 23.234446693338395 23.213415542552365 23.163916809892925 23.071790164716074 22.942743852157793 22.814916364448912 22.952964996353195 24.050576424232993 25.299942900022767
    </DataArray>
    <DataArray type="Float32" Name="Hole density [log10(m^-3)]" NumberOfComponents="1" format="ascii">
0.0 0.0 0.0 0.0 0.0 0.0 0.0 0.0 0.0 0.0 0.0 0.0 0.0 0.0 0.0 0.0 0.0 0.0 0.0 0.0 0.0 0.0 0.0 0.0 0.0 0.0 0.0 0.0 0.0 0.0 0.0 0.0 0.0 0.0 0.0 0.0 0.0 0.0 0.0 0.0 0.0 0.0 0.0 0.0 0.0 0.0 0.0 0.0 0.0 0.0 0.0 0.0 0.0 0.0 0.0 0.0 0.0 0.0 0.0 0.0 0.0 0.0 0.0 0.0 0.0 0.0 0.0 0.0 0.0 0.0 0.0 0.0 0.0 0.0 0.0 0.0 0.0 0.0 0.0 0.0 0.0 0.0 0.0 0.0 0.0 0.0 0.0 0.0 0.0 0.0 0.0 0.0 0.0 0.0 0.0 0.0 0.0 0.0 0.0 0.0 0.0 0.0 0.0 0.0 0.0 0.0 0.0 0.0 0.0 0.0 0.0 0.0 0.0 0.0 0.0 0.0 0.0 0.0 0.0 0.0 0.0 0.0 0.0 0.0 0.0 0.0 0.0 0.0 0.0 0.0 0.0 0.0 0.0 0.0 0.0 0.0 0.0 0.0 0.0 0.0 0.0 0.0 0.0 0.0 0.0 0.0 0.0 0.0 0.0 0.0 0.0 0.0 0.0 0.0 0.0 0.0 0.0 0.0 0.0 0.0 0.0 0.0 0.0 0.0 0.0 0.0 0.0 0.0 0.0 0.0 0.0 0.0 0.0 0.0 0.0 0.0 0.0 0.0 0.0 0.0 0.0 0.0 0.0 0.0 0.0 0.0 0.0 0.0 0.0 0.0 0.0 0.0 0.0 0.0 0.0 0.0 0.0 0.0 0.0 0.0 0.0 0.0 0.0 0.0 0.0 0.0 0.0 0.0 0.0 0.0 0.0 0.0 0.0 0.0 0.0 0.0 0.0 0.0 0.0 0.0 0.0 0.0 0.0 0.0 0.0 0.0 0.0 0.0 0.0 0.0 0.0 0.0 0.0 0.0 0.0 0.0 0.0 0.0 0.0 0.0 0.0 0.0 0.0 0.0 0.0 0.0 0.0 0.0 0.0 0.0 0.0 0.0 0.0 0.0 0.0 0.0 0.0 0.0 0.0 0.0 0.0 0.0 0.0 0.0 0.0 0.0 0.0 0.0 0.0 0.0 0.0 0.0 0.0 0.0 0.0 0.0 0.0 0.0 0.0 0.0 0.0 0.0 0.0 0.0 0.0 0.0 0.0 0.0 0.0 0.0 0.0 0.0 0.0 0.0 0.0 0.0 0.0 0.0 0.0 0.0 0.0 0.0 0.0 0.0 0.0 0.0 0.0 0.0 0.0 0.0 0.0 0.0 0.0 0.0 0.0 0.0 0.0 0.0 0.0 0.0 0.0 0.0 0.0 0.0 0.0 0.0 0.0 0.0 0.0 0.0 0.0 0.0 0.0 0.0 0.0 0.0 0.0 0.0 0.0 0.0 0.0 0.0 0.0 0.0 0.0 0.0 0.0 0.0 0.0 0.0 0.0 0.0 0.0 0.0 0.0 0.0 0.0 0.0 0.0 0.0 0.0 0.0 0.0 0.0 0.0 0.0 0.0 0.0 0.0 0.0 0.0 0.0 0.0 0.0 0.0 0.0 0.0 0.0 0.0 0.0 0.0 0.0 0.0 0.0 0.0 0.0 0.0 0.0 0.0 0.0 0.0 0.0 0.0 0.0 0.0 0.0 0.0 0.0 0.0 0.0 0.0 0.0 0.0 0.0 0.0 0.0 0.0 0.0 0.0 0.0 0.0 0.0 0.0 0.0 0.0 0.0 0.0 0.0 0.0 0.0 0.0 0.0 0.0 0.0 0.0 0.0 0.0 0.0 0.0 0.0 0.0 0.0 0.0 0.0 0.0 0.0 0.0 0.0 0.0 0.0 0.0 0.0 0.0 0.0 0.0 0.0 0.0 0.0 0.0 0.0 0.0 0.0 0.0 0.0 0.0 0.0 0.0 0.0 0.0 0.0 0.0 0.0 0.0 0.0 0.0 0.0 0.0 0.0 0.0 0.0 0.0 0.0 0.0 0.0 0.0 0.0 0.0 0.0 0.0 0.0 0.0 0.0 0.0 0.0 0.0 0.0 0.0 0.0 0.0 0.0 0.0 0.0 0.0 0.0 0.0 0.0 0.0 0.0 0.0 0.0 0.0 0.0 0.0 0.0 0.0 0.0 0.0 0.0 0.0 0.0 0.0 0.0 0.0 0.0 0.0 0.0 0.0 0.0 0.0 0.0 0.0 0.0 0.0 0.0 0.0 0.0 0.0 0.0 0.0 0.0 0.0 0.0 0.0 0.0 0.0 0.0 0.0 0.0 0.0 0.0 0.0 0.0 0.0 0.0 0.0 0.0 0.0 0.0 0.0 0.0 0.0 0.0 0.0 0.0 0.0 0.0 0.0 0.0 0.0 0.0 0.0
    </DataArray>
    <DataArray type="Float32" Name="Ion density [log10(m^-3)]" NumberOfComponents="1" format="ascii">
25.168034546547393 25.233798178001134 25.352452122612128 25.33330734892121 25.273879896008673 25.193285751831606 25.095119314989887 24.993126254662737 24.915005273574607 24.894759895674646 24.977723605288848 25.126166471789013 25.177536700214333 25.305393887556708 25.292292291297727 25.23495157495252 25.156614110965887 25.063340310323532 24.969519449917357 24.901227358627004 24.889535098122767 24.977723605288848 25.019055317505405 25.032513412940887 25.179932914211683 25.18291069083791 25.1324529745461 25.061674960647494 24.982835921055177 24.910956332516587 24.86754301923357 24.87689186380556 24.977723605288848 24.88145284352333 24.84724746530755 25.014266860357665 25.041173630642188 25.005186286678267 24.948316024933835 24.890071295879892 24.845380619600803 24.830457736287997 24.86291272945011 24.977723605288848 24.736070065554134 24.658474620466258 24.843457899259388 24.900949904487398 24.88971617177488 24.853286340628458 24.816627697626856 24.795449232589917 24.802879545959776 24.852340548311386 24.977723605288848 24.592406401587873 24.481734435072173 24.6835508519304 24.774158951011934 24.79533661043709 24.785018426931025 24.769683473230277 24.76655951702418 24.788259022428523 24.846695891407688 24.977723605288848 24.453757943498974 24.32050204089972 24.537799509020317 24.659200376966346 24.714209092275794 24.732906410459968 24.739652813461223 24.75208912188768 24.783258280118666 24.845344749469174 24.977723605288848 24.32098849371339 24.173842150321306 24.405440481381863 24.55345874978492 24.639368666019763 24.68641229098581 24.7153304135515 24.742703701951843 24.781709680900224 24.845531419932026 24.977723605288848 24.19351067129869 24.039282864676963 24.284461537363594 24.455376626476884 24.568196652281323 24.640993699704783 24.690967552749758 24.732985240004524 24.780032589275294 24.846272266913235 24.977723605288848 24.068240621135143 23.912721369911036 24.17135334891064 24.362722103790308 24.49927886061476 24.595283161833585 24.66498733130958 24.721657321964138 24.778361279245225 24.848731317912787 24.977723605288848 23.93601183337793 23.786004635527647 24.059245307753677 24.270569128736614 24.429666215966947 24.547885080796224 24.637245500100637 24.71001105591526 24.779285418705495 24.85392593864211 24.977723605288848 23.77391202297885 23.642980285350806 23.93568745738205 24.170415293509585 24.354871112109365 24.498009890728657 24.61020088401798 24.7026212103749 24.78498187635818 24.86084708680057 24.977723605288848 23.530626047149607 23.45794493774125 23.786907581016205 24.05325549244669 24.273019745038663 24.44953672043882 24.58696956165897 24.699706439452882 24.791763248935354 24.868248363226567 24.977723605288848 22.94558351395845 22.96673060551698 23.410756324534777 23.81192330848166 24.154849622633694 24.44914163457685 24.56937566387487 24.699043304016016 24.800559649802626 24.87651801313324 24.977723605288848 22.51187065535084 22.59678790412958 23.077743219514492 23.509255468628822 23.886578219746802 24.20770827953836 24.470515431120386 24.691474747391617 24.867117521854173 24.88671675094468 24.977723605288848 22.242674845370612 22.356427098341836 22.856424497666737 23.308436710693577 23.708880739695957 24.054989334201142 24.344923918107913 24.578546547203306 24.75621126718211 24.880910470806242 24.977723605288848 22.11048623466426 22.239490063144334 22.750662739712286 23.21534295965245 23.630047333703477 23.99148499524509 24.296969914564063 24.545169382131043 24.737138713663253 24.877879561852417 24.977723605288848 22.03938113225687 22.17736282931132 22.695588617489232 23.168225360195557 23.59176625420149 23.96252570623301 24.277163978553155 24.533581098556542 24.73211177966605 24.877057288124675 24.977723605288848 21.987815244730772 22.131953460493857 22.65560561168412 23.134335502035448 23.564536417576875 23.942216221739958 24.263550670753883 24.52585530701497 24.728896069319372 24.876524738781857 24.977723605288848 21.944288611187318 22.09323017289372 22.621486568363856 23.10542167565426 23.541276589196038 23.92479424689076 24.251768520814444 24.519055440690995 24.725962146265147 24.875957297475175 24.977723605288848 21.906173299144246 22.059017205053618 22.591256041720044 23.07974629096152 23.520554132852116 23.909182590105445 24.24110502206124 24.512794811946154 24.7231689008622 24.87534817855768 24.977723605288848 21.87251014115406 22.028610030119708 22.564301450556233 23.056786246050166 23.50195667466065 23.8950981622932 24.23140650970069 24.507025551640012 24.72052975475758 24.87472430161033 24.977723605288848 21.842706509645563 22.00156275233986 22.540252086997217 23.036239332726595 23.48525577791739 23.88239174428247 24.22259940761331 24.50173353676048 24.718063551094296 24.874108014266685 24.977723605288848 21.816284080719413 21.977499638295527 22.518799506849007 23.017860242154914 23.47026941565737 23.8709442924787 24.21462222912667 24.496902152676697 24.71578008025221 24.873514290106822 24.977723605288848 21.792834851726266 21.956086379403146 22.499668180055274 23.001430690762568 23.45683557708609 23.86064784559647 24.207415304472217 24.492509613256537 24.713681267463894 24.87295236021621 24.977723605288848 21.771977163037267 21.937023545664573 22.48260946052438 22.986752345027 23.44480556641469 23.851401002995814 24.200919322083305 24.488530079616467 24.711763470816067 24.872427388334298 24.977723605288848 21.75343222087151 21.92004986227029 22.467400616740413 22.973644905247664 23.434042259139392 23.843108182854525 24.195075980989877 24.484935486072377 24.710019337826402 24.871941721660694 24.977723605288848 21.736927806622987 21.904932176516997 22.45384165039634 22.96194465568266 23.424419396696496 23.835679613459924 24.18982867501122 24.481696650946354 24.708439179740136 24.871495784727067 24.977723605288848 21.722229883808776 21.89146373658503 22.441753517993384 22.95150349608478 23.415821310744075 23.829031644421217 24.185123271568973 24.478784301425396 24.707011992103812 24.87108872268829 24.977723605288848 21.709134227024204 21.87946182810583 22.43097655005628 22.942188101509696 23.408142720313215 23.823087056760777 24.18090879875691 24.476169941278346 24.705726207990384 24.870718866300223 24.977723605288848 21.697462260922727 21.868765191678236 22.421368823555348 22.9338790077152 23.401288408961392 23.81777521037764 24.177137881693294 24.473826430007126 24.70457023580133 24.87038406598563 24.977723605288848 21.68705766241889 21.85923170403867 22.412804505034448 22.92646957721356 23.39517271923976 23.813031953707814 24.173766961210465 24.47172834973501 24.70353282670583 24.870081927949915 24.977723605288848 21.677783427532546 21.850736191359257 22.40517223452042 22.91986491732052 23.38971893745156 23.808799386874778 24.170756338434188 24.46985220581052 24.702603310670387 24.869809976803197 24.977723605288848 21.669519360692775 21.843168450871158 22.39837360911785 22.913980805952573 23.38485862180446 23.805025530310086 24.168070093328765 24.468176505378857 24.701771736890088 24.86956576577773 24.977723605288848 21.662159920127632 21.836431480825862 22.392321770296252 22.90874264384951 23.380530897952614 23.801663919549835 24.16567591508668 24.46668174769988 24.70102894333678 24.869346947093508 24.977723605288848 21.65561237214142 21.830439916140428 22.38694011984016 22.90408446717528 23.376681760736886 23.798673167755307 24.163544879074706 24.465350356030346 24.700366577434945 24.869151314383444 24.977723605288848 21.649795211852922 21.825118657080417 22.382161168938165 22.899948037818877 23.373263406861174 23.796016523825536 24.161651197204957 24.464166574107935 24.699777084574876 24.868976825789282 24.977723605288848 21.644636813117952 21.82040167481329 22.377925517832285 22.89628201940623 23.37023361362494 23.79366144489323 24.159971960881713 24.463116343952557 24.699253676587897 24.868821613953507 24.977723605288848 21.64007427512361 21.816230976155005 22.374180959009486 22.893041240779148 23.367555171836123 23.791579195072277 24.158486889503475 24.46218717672238 24.698790288859033 24.868683987410222 24.977723605288848 21.6360524375299 21.812555709785087 22.370881694418877 22.890186044553037 23.365195376031796 23.78974447716923 24.15717809277956 24.461368024535492 24.698381532128334 24.868562426588518 24.977723605288848 21.632523039883914 21.80933139691638 22.36798765609485 22.887681715833356 23.3631255717418 23.788135100382064 24.156029851643137 24.460649158305504 24.698022643054014 24.86845557667381 24.977723605288848 21.629444005709857 21.806519273083545 22.365463919219952 22.885497984937526 23.36132075747595 23.786731684572274 24.15502842013179 24.460022054600685 24.697709436186646 24.868362238869665 24.977723605288848 21.626778832654356 21.80408572321601 22.363280199008116 22.88360859751033 23.35975923792341 23.785517400120938 24.154161848966666 24.459479293105428 24.697438258979385 24.868281361091338 24.977723605288848 21.624496076424712 21.802001803359737 22.361410421698604 22.881990945376483 23.35842232434022 23.784477741523098 24.15341983056604 24.45901446534127 24.69720595077665 24.868212028767108 24.977723605288848 21.62256891280137 21.800242832642702 22.359832355878154 22.880625751682953 23.35729407801385 23.783600332456995 24.152793564637246 24.45862209470455 24.697009806242516 24.86815345616786 24.977723605288848 21.62097477228924 21.798788052953196 22.35852730612495 22.879496805527893 23.35636109308574 23.782874759962077 24.15227564315052 24.458297567448934 24.69684754328942 24.868104978512886 24.977723605288848 21.61969503590332 21.797620344110616 22.357479858058912 22.878590741317108 23.355612315458327 23.782292435704747 24.151859953726298 24.458037074447397 24.696717275894876 24.86806604507853 24.977723605288848 21.61871479172519 21.796726002135806 22.3566776710757 22.87789685862413 23.355038894526572 23.78184648204828 24.15154159999496 24.45783756291723 24.69661749131793 24.86803621331107 24.977723605288848 21.61802263827294 21.796094553956866 22.356111312958184 22.877406978855213 23.354634065155757 23.781531641214837 24.1513168379394 24.457696697697557 24.696547031711482 24.86801514399703 24.977723605288848 21.617610534102354 21.79571861305451 22.355774133825747 22.87711533622439 23.3543930578949 23.78134420610297 24.151183027331612 24.457612831636652 24.696505080002634 24.868002597511826 24.977723605288848 21.617473695322673 21.795593785526673 22.35566217835102 22.87701850138792 23.35431303596384 23.781281971674343 24.151138597560273 24.45758498471629 24.69649114991138 24.867998431147395 24.977723605288848
    </DataArray>
    <DataArray type="Float32" Name="Ion density residual[log10(m^-3)]" NumberOfComponents="1" format="ascii">
24.609423321373637 24.608430419112935 24.606416367797138 24.599615618818774 24.58638354443368 24.566331779869827 24.537198985049788 24.49231102587976 24.40649189468411 24.190323093665715 23.676693609624866 24.603552777244314 24.59948038523407 24.5944755253538 24.585779780671974 24.572063678195157 24.551664491562416 24.52195218415619 24.476260981758312 24.3908053464751 24.18073867393074 23.676693609624866 24.58882095006005 24.578656153616894 24.570593218252267 24.560491773742832 24.546055384048874 24.524667591834373 24.49307312033303 24.445261794256556 24.35997367334896 24.15758410383733 23.676693609624866 24.563996348778815 24.549600474820995 24.538478788151412 24.526377575197642 24.510637001419724 24.488778459937286 24.457338576174347 24.40934308247696 24.32341561900232 24.124439008473985 23.676693609624866 24.52851206229705 24.51161327578196 24.498189961535903 24.484824730144776 24.46839061567718 24.44607641644159 24.414170031557806 24.36544702965207 24.27890901324708 24.085747903737584 23.676693609624866 24.48154369037913 24.463230094001606 24.448365180195097 24.43449433720231 24.418154605512946 24.3961101392115 24.364384971805084 24.31547541782681 24.228617042807446 24.044443575664086 23.676693609624866 24.42219059395582 24.403423095964122 24.38780448092321 24.37407419730651 24.358565197432547 24.337512334382602 24.30659499320896 24.25796952374282 24.17142563780038 24.00848834522748 23.676693609624866 24.34949456844764 24.33139481759781 24.31618110611137 24.302609331260836 24.288477117766057 24.269084865018332 24.239517185836625 24.191627192958574 24.106360873690456 23.96904518781983 23.676693609624866 24.262537902878766 24.246170388775113 24.232578480531835 24.220284032601104 24.207232697766443 24.18984568148204 24.1620243910175 24.115299407719878 24.032975108580317 23.92808946386083 23.676693609624866 24.160455341983326 24.14670659556633 24.135504797166835 24.126007628328157 24.11526732952503 24.099476573124864 24.0734992189427 24.02859584877475 23.952507027469505 23.889817494531833 23.676693609624866 24.04231520807956 24.03266921219676 24.026110295577066 24.020300650598326 24.01241241373671 23.999268100558243 23.975393103852632 23.934219425257083 23.87674855844306 23.85338176849289 23.676693609624866 23.906569951069248 23.906080363785414 23.906877214844148 23.906571937658338 23.903465961282564 23.893969937613107 23.87562371476524 23.848099332153797 23.82112532422437 23.821391134105617 23.676693609624866 23.74548553348388 23.754397054357767 23.777963818336598 23.798291579350554 23.802027773227277 23.80213513501302 23.79324567086505 23.785463844831725 23.779577481519198 23.789626168732593 23.676693609624866 23.5312199078059 23.50201972697985 23.55494737832243 23.630088979811433 23.687573970570202 23.699677436139424 23.720486902441493 23.739508902211004 23.742578239229857 23.754107991275255 23.676693609624866 23.364618406319398 23.28984608251427 23.352678401901738 23.440788241574925 23.52056233905969 23.57115323212382 23.622072130763684 23.67083648580299 23.694125574220827 23.72174165768151 23.676693609624866 23.2568632164044 23.14416802101719 23.198690798579516 23.291829996677667 23.389287426792723 23.46953994785368 23.541378233817973 23.604279822501802 23.644827588583084 23.682596443243472 23.676693609624866 23.193904299934445 23.064502943675098 23.11193440727033 23.205345672403467 23.302250541211674 23.3940382764626 23.478216462512812 23.55533212007416 23.6180325861231 23.664834283932652 23.676693609624866 23.15511839307685 23.018161069932486 23.06717299349938 23.167704232369434 23.26386344214669 23.351797228547866 23.43748875360842 23.5205793606434 23.594508992593717 23.65034578236818 23.676693609624866 23.127596411505678 22.985540271052102 23.038445133177195 23.144089982118498 23.242850070756916 23.331247232089904 23.416098788221714 23.4996227587572 23.57814306336904 23.640113383866044 23.676693609624866 23.105779479483335 22.95970758128054 23.015990017806832 23.12616001454158 23.227685771215047 23.31805969774722 23.403888495607372 23.48774673536765 23.56816076754946 23.633590976110842 23.676693609624866 23.087025467914582 22.937841248210706 22.997274027690857 23.11170106249133 23.21611877400709 23.308635935010468 23.395912465604653 23.480894579247508 23.56224609463338 23.62960507055901 23.676693609624866 23.070261238932716 22.91867593157652 22.98113558101406 23.09950726369025 23.206720471798207 23.301408469189155 23.390287638276632 23.476478209508855 23.558614459948355 23.627193970923695 23.676693609624866 23.054992480707067 22.901582778477227 22.966964203192283 23.088943313661687 23.19881721311626 23.29560681641698 23.38607650786105 23.47337007172024 23.556235793429504 23.625683994924465 23.676693609624866 23.040986618803508 22.886215194636392 22.95440082231605 23.079670920972543 23.192030618071513 23.290798651286956 23.382767757190955 23.471041497710882 23.55456571860301 23.62468088322948 23.676693609624866 23.028131743525865 22.872357518756193 22.943210318431642 23.071470922763176 23.18612247420669 23.286719751244345 23.380066709445792 23.469208189521453 23.553316434682714 23.623968639339648 23.676693609624866 23.01642668523215 22.859855765299724 22.93322192725142 23.064189510464583 23.180934197639754 23.283202569002842 23.37779746926093 23.46775800992443 23.552330920440195 23.623430040223674 23.676693609624866 23.005735370750013 22.84858650829489 22.924300432910567 23.057710143663115 23.17635355453861 23.28013613943831 23.375851581264424 23.46655799035252 23.551520591188677 23.62300051684032 23.676693609624866 22.996001497540867 22.838583790090816 22.91633195541769 23.051938812630944 23.172296209391583 23.27744322852021 23.37415955907724 23.46552489742108 23.550833914776796 23.622643757279892 23.676693609624866 22.987167525302347 22.82974407876518 22.909217072938358 23.04679628713678 23.16869544065521 23.275067234558396 23.372674773935554 23.464621833016064 23.55023991377166 23.62233873200448 23.676693609624866 22.979173932226733 22.82179819160063 22.90286738413441 23.042213973539425 23.1654963460315 23.27297345856531 23.371364262945523 23.46382484699035 23.549719166632954 23.622072847701336 23.676693609624866 22.971960109723483 22.8146662326628 22.897203695524635 23.03813160669773 23.162652501978002 23.271121403492366 23.37020347017128 23.463117492675696 23.54925886204014 23.621838224549766 23.676693609624866 22.965465714992217 22.808273936845765 22.8921549402849 23.034495861521794 23.160123961012967 23.269477181961083 23.369173209679257 23.462487757509397 23.548850014674386 23.621629649862037 23.676693609624866 22.959631956067334 22.802552623246726 22.887657410928014 23.031259423002954 23.157875980995478 23.26801680244125 23.368257896230947 23.46192634929365 23.548486009041902 23.621443583633965 23.676693609624866 22.954402612879484 22.79743917920148 22.883654122671754 23.02838028926001 23.155878161399603 23.26671972058814 23.367444498367075 23.461425717701 23.548161645683773 23.621277356934073 23.676693609624866 22.949724755145006 22.792875981075913 22.880094234803266 23.025821200702612 23.154103813232453 23.26556815929599 23.36672189620759 23.46097950431071 23.547872642335758 23.621128838080523 23.676693609624866 22.94554918633229 22.78881073295015 22.87693250660137 23.023549146556036 23.1525294705863 23.264546636573197 23.366080476308042 23.46058222807561 23.547615367857535 23.62099625431309 23.676693609624866 22.941830666702202 22.785196236819242 22.874128784447336 23.02153492717664 23.151134494378432 23.263641619791347 23.36551186168577 23.460229095723484 23.547386681820036 23.62087808711742 23.676693609624866 22.938527971013283 22.781990112225674 22.871647522200675 23.01975276227844 23.149900740807166 23.262841260177623 23.36500872191908 23.459915883016198 23.547183835378526 23.62077301051411 23.676693609624866 22.935603830067166 22.779154489078852 22.869457338768253 23.018179940079698 23.148812278516775 23.26213518066553 23.364564631764047 23.45963885573873 23.547004408011045 23.62067985433443 23.676693609624866 22.933024796096618 22.776655802082708 22.86753061514696 23.016796504852376 23.14785514561789 23.261514302213506 23.364173961526692 23.45939471369418 23.54684626480731 23.62059758154489 23.676693609624866 22.93076106282561 22.77446606504615 22.865843131802986 23.015584980333877 23.147017140076425 23.260970698858593 23.363831788455478 23.459180547658992 23.54670752536365 23.62052527326472 23.676693609624866 22.928786262977514 22.772556903668207 22.864375281518143 23.01453012644056 23.146287638712085 23.260497475070125 23.363533822408005 23.458993803740604 23.546586539359893 23.62046211794466 23.676693609624866 22.92707725954616 22.77090546994956 22.863109974735142 23.013618726753094 23.14565744126768 23.26008866180369 23.363276343830137 23.458832254015647 23.546481866330183 23.620407402801565 23.676693609624866 22.925613942143542 22.769491978276786 22.862027991529395 23.01283940432103 23.145118636627842 23.25973912815628 23.363056151144537 23.458693971286472 23.546392256550835 23.620360506403458 23.676693609624866 22.924379036020902 22.768299482947665 22.86111589344727 23.01218246343473 23.14466448875384 23.259444506411107 23.36287051588435 23.458577303879515 23.546316630702457 23.620320893039654 23.676693609624866 22.923357928676456 22.76731368316563 22.860362381462306 23.011639755191016 23.14428934033949 23.259201128976432 23.362717144798058 23.458480855030764 23.546254101425408 23.620288112713094 23.676693609624866 22.922538517090562 22.76653392714695 22.85975814234091 23.01120456492529 23.14398853250683 23.25900597595481 23.36259414820917 23.45840346842428 23.546203927082253 23.620261791332627 23.676693609624866 22.92191107733522 22.765945821022807 22.859295722211673 23.010871519816654 23.14375833912353 23.258856632319144 23.36250001405889 23.458344217539498 23.546165509750434 23.62024162695311 23.676693609624866 22.921468157482888 22.765530668298233 22.858969425567803 23.010636515222938 23.143595914574174 23.258751253893383 23.362433587205956 23.458302393902642 23.546138391317026 23.620227387572065 23.676693609624866 22.921204494237 22.76528353444441 22.85877523823476 23.010496658574688 23.143499254055385 23.25868854149274 23.362394053626243 23.458277497835873 23.546122248475918 23.62021890910626 23.676693609624866 22.9211169534101 22.76520148164648 22.8587107731639 23.01045022993247 23.143467165701924 23.25866772277768 23.362380929302542 23.458269232041758 23.54611688882001 23.62021609377755 23.676693609624866
    </DataArray>
    <DataArray type="Float32" Name="Ion density last step [log10(m^-3)]" NumberOfComponents="1" format="ascii">
25.146884151825656 25.197956634209472 25.317482191461032 25.299423012891427 25.238864782846896 25.15794322948887 25.063059653097245 24.968910592322295 24.901274825892784 24.890357629466596 24.977723605288848 25.107486726908814 25.14511043470723 25.272928894606025 25.26077182411834 25.202669411150982 25.124452351182928 25.034660561378367 24.94826112880513 24.889413401895496 24.885877148585134 24.977723605288848 25.005526372677046 25.00788774103368 25.15388068647554 25.1577081824686 25.10757427121276 25.037952089638008 24.962706255487387 24.89682848724495 24.860216600150142 24.87496224204491 24.977723605288848 24.872580542620565 24.830603969944477 24.995800334781734 25.023668089498177 24.989253788982307 24.934464753474554 24.87937455282557 24.838694912857996 24.82767282447074 24.862716717332553 24.977723605288848 24.730355469610284 24.647748030402134 24.831158823438162 24.88947135462448 24.880286725727796 24.8463042272119 24.812265549915512 24.793629368030988 24.803023460739222 24.853246742065554 24.977723605288848 24.588646410439484 24.47482993298599 24.67542858223601 24.766444705108444 24.789277467243714 24.78114678014148 24.768001786514898 24.766706045861206 24.789515202202722 24.847964387099235 24.977723605288848 24.451203449014688 24.315984610698436 24.53240329692102 24.65388774037635 24.70992209310652 24.730209402396813 24.73865315917131 24.75250394002951 24.784478524113112 24.846467746627777 24.977723605288848 24.319197057036327 24.170820793512203 24.401825193624507 24.549792439149794 24.636265022295124 24.68432803864312 24.7144355306048 24.7428606860562 24.78250740960823 24.846319090736973 24.977723605288848 24.192217787077773 24.03721226658969 24.282007483901467 24.452849971472627 24.565975434230612 24.63939623403639 24.690152247416226 24.732906613805277 24.78044617437118 24.84675186355072 24.977723605288848 24.06728276673821 23.911265120705103 24.169655581794277 24.360969120424183 24.49770296283139 24.594092509569666 24.664301534062123 24.721469964981832 24.77853519902269 24.84900160862562 24.977723605288848 23.93528342342252 23.7849513477954 24.05804114818155 24.269331796249023 24.42854167464841 24.547007488989365 24.63669769001741 24.709799153279604 24.779334186695703 24.854072708940684 24.977723605288848 23.77334074915269 23.642194247268762 23.93480681796531 24.16951805370503 24.354051954790506 24.497356605415092 24.609770690154956 24.70242320840685 24.784973172956487 24.860924608033695 24.977723605288848 23.530158306628763 23.45733961123293 23.786245095578064 24.052584610624383 24.272404763102465 24.4490367533453 24.586629898277632 24.699533133219852 24.791730024576363 24.86828781689898 24.977723605288848 22.945156534511 22.96622111049412 23.410208200664634 23.81137797772076 24.15435856011749 24.448765676074633 24.569108954487188 24.698893647190488 24.80051344429825 24.876536277126664 24.977723605288848 22.511517915702417 22.5963731985818 23.07729943666576 23.508808925200466 23.886162397190898 24.20735753132781 24.47026019499434 24.691330508614463 24.86707748121686 24.886723297607922 24.977723605288848 22.242385453351552 22.356094036045263 22.856073332856464 23.308086723055233 23.70855535395773 24.054712407649486 24.344714631917498 24.57841361302555 24.756149919142494 24.88090573843439 24.977723605288848 22.11024554666781 22.239219939622195 22.750382803647096 23.215067784064615 23.629793947958156 23.991270391821743 24.29680758990239 24.545065622946804 24.737089870724922 24.8778705366194 24.977723605288848 22.03917636906554 22.177138585729658 22.69535993054822 23.16800349308956 23.591563955122943 23.96235543297451 24.277035454900513 24.533498654441917 24.732072323494133 24.87704913738847 24.977723605288848 21.987637764991835 22.131763450189638 22.655414645119272 23.13415243312423 23.564371004397383 23.942077818665325 24.26344644264198 24.52578826460053 24.728863545819156 24.876517481585214 24.977723605288848 21.944132464521022 22.093066398344988 22.62132413239669 23.10526764056315 23.54113856141781 23.924679391092212 24.251682220323644 24.518999807881304 24.725934847800357 24.875950827373156 24.977723605288848 21.906034141218555 22.058873915003787 22.591115605856288 23.0796144195559 23.520436853268418 23.909085489063763 24.241032217188884 24.512747794230215 24.72314560453571 24.875342382744396 24.977723605288848 21.87238469486077 22.028482972122507 22.56417824650859 23.056671572755963 23.501855381699233 23.89501467911697 24.231344038629118 24.50698514702362 24.72050956815902 24.874719076734138 24.977723605288848 21.84259225315773 22.00144872180199 22.54014256662243 23.036138199469907 23.485166989671487 23.88231886784856 24.222544972220096 24.501698285174836 24.718045812967222 24.874103270452782 24.977723605288848 21.816179044050138 21.977396181714663 22.518700986638414 23.01776990885714 23.47019054256734 23.87087979348404 24.214574130580495 24.496870971691198 24.71576429356545 24.873509951186765 24.977723605288848 21.79273747611501 21.955991591622762 22.499578600184147 23.001349073294914 23.456764662817076 23.860590047167843 24.20737226690596 24.49248168794153 24.713667053502295 24.872948362467156 24.977723605288848 21.771886201295114 21.93693592829407 22.48252721830148 22.986677835587603 23.444741111332373 23.851348624996426 24.2008803729948 24.488504787513513 24.71175053726778 24.872423678753215 24.977723605288848 21.753346664311454 21.919968222983744 22.46732444953573 22.973576247202164 23.433983098090756 23.843060234505064 24.195040368832412 24.48491234528919 24.710007456312017 24.871938256230408 24.977723605288848 21.736846832205647 21.90485555644484 22.453770552064867 22.961880854980375 23.424364613057033 23.835635318118946 24.189795811525308 24.481675283716047 24.70842816978498 24.871492526856517 24.977723605288848 21.722152814129384 21.891391357022453 22.441686678296264 22.951443757618406 23.41577017505901 23.82899038609922 24.18509269082446 24.47876440814796 24.707001709561172 24.871085641881262 24.977723605288848 21.709060500134044 21.879393050939044 22.430913310155262 22.942131782752266 23.40809464587013 23.823048341542318 24.180880127648273 24.476151281771827 24.705716536577235 24.870715937050075 24.977723605288848 21.697391407245476 21.868699489631993 22.421308642894992 22.93382558449644 23.401242919188128 23.817738638216586 24.1771108183966 24.473808809787567 24.704561080836495 24.870381266871092 24.977723605288848 21.686989286902527 21.859168638044952 22.4127469364 22.926418618141774 23.39512942347484 23.81299719754121 24.173741259250956 24.471711609849876 24.703524110424596 24.870079240900747 24.977723605288848 21.6777171957116 21.85067539315726 22.405116905039005 22.919816064440994 23.389677512720237 23.808766176967545 24.170731794759458 24.469836215215118 24.70259496868033 24.86980738650554 24.977723605288848 21.669454987702785 21.84310960949117 22.398320205632125 22.91393375995976 23.38481879895601 23.80499364238507 24.16804653927729 24.468161155154725 24.70176371546196 24.86956325919256 24.977723605288848 21.66209716196965 21.836374331989244 22.392270027989145 22.90869715266131 23.38049245100111 23.801633165689278 24.165653209473646 24.46666694662264 24.70102119731286 24.86934451306598 24.977723605288848 21.65555101867669 21.830384233869495 22.38688981330229 22.904040317016328 23.37664449858069 23.798643389353725 24.163522902843173 24.465336027136864 24.700359068598413 24.869148943324944 24.977723605288848 21.649735081138832 21.825064246998195 22.382112105087806 22.89990504619454 23.373227166786606 23.79598758607671 24.161629849246317 24.46415265201101 24.699769780366655 24.868974509417583 24.977723605288848 21.64457774679168 21.820348368746362 22.377877530252814 22.896240029514637 23.370198256160947 23.79363323243546 24.15995115473799 24.46310277272007 24.699246549087654 24.868819345079416 24.977723605288848 21.640016134609663 21.81617862774873 22.374133903380105 22.893000117026034 23.367520576640697 23.791551608515842 24.15846655074055 24.4621739081865 24.698783313968697 24.868681759761415 24.977723605288848 21.635995100899603 21.812504190910982 22.370835444794903 22.89014566891899 23.365161438572738 23.789717430301362 24.15715815687513 24.461355016932032 24.69837468891194 24.86856023466325 24.977723605288848 21.632466399233554 21.809280594702997 22.36794210185244 22.887641984904455 23.36309220059341 23.78810851789595 24.156010262272424 24.46063637516874 24.69801591319916 24.86845341561861 24.977723605288848 21.629387964953377 21.806469087440725 22.36541896252348 22.885458807455297 23.361287872096234 23.786705500204 24.155009127762593 24.460009463856952 24.697702803561018 24.86836010437637 24.977723605288848 21.626723305648355 21.804036064751216 22.363235752690546 22.883569892330346 23.359726766808148 23.785491555105708 24.154142809696296 24.459466866322334 24.69743170926199 24.86827924930973 24.977723605288848 21.624440985360554 21.8019525916067 22.36136640746915 22.881952639749517 23.35839020347367 23.784452183302232 24.153401005148133 24.45900217709908 24.697199471147993 24.868209936230116 24.977723605288848 21.62251418681185 21.80019399453912 22.35978870278979 22.880587779791217 23.35726224955334 23.78357501358238 24.1527749176579 24.458609922063783 24.69700338512128 24.868151379726918 24.977723605288848 21.62092034622727 21.79873952151664 22.358483949247802 22.879459107222743 23.35632950423062 23.782849637155927 24.15225714232188 24.458285489493615 24.696841170105902 24.868102915281437 24.977723605288848 21.619640849257568 21.79757205727139 22.357436737316 22.878553261015167 23.355580917463445 23.78226746904103 24.151841569272023 24.458025071887544 24.696710940893233 24.868063992382016 24.977723605288848 21.618660787643584 21.796677901692437 22.356634730205293 22.87785954432663 23.355007641828077 23.781821634228468 24.15152330410695 24.457825617737313 24.696611185380853 24.868034168642044 24.977723605288848 21.61796876266907 21.796046584625728 22.356068498572913 22.87736978126127 23.354602914582287 23.7815068769154 24.151298604288634 24.45768479283988 24.696540746201922 24.8680131049742 24.977723605288848 21.61755673482327 21.795670721588905 22.35573139454295 22.877078207913325 23.35436196794151 23.78131949137547 24.1511648306187 24.45760095071034 24.696498806618095 24.86800056184201 24.977723605288848 21.617419921359026 21.795545919883523 22.355619463971884 22.876981396048848 23.354281966108815 23.781257273381467 24.15112041309308 24.457573111723768 24.696484880546762 24.867996396589504 24.977723605288848
    </DataArray>
    <DataArray type="Float32" Name="Ion density max [log10(m^-3)]" NumberOfComponents="1" format="ascii">
25.170419142877957 25.238561210984408 25.35768649395609 25.338853829001156 25.27970636168742 25.19860775539322 25.09859055131685 24.99531905373618 24.915535746648338 24.89482195755561 24.977723605288848 25.128221154645033 25.181767592002398 25.310167893801022 25.297353451904037 25.240221997085456 25.161364187168505 25.066366536359293 24.97135710797632 24.90162371767132 24.889581330141176 24.977723605288848 25.02045194609037 25.03556252516179 25.18356982876173 25.186737317914083 25.136293993735116 25.064977989028026 24.98478097434094 24.911995983263875 24.867694174079134 24.87706726548601 24.977723605288848 24.882297395601345 24.849158266160504 25.016650323411174 25.043613238860598 25.00743484788307 24.950055283787375 24.890947579244852 24.845697791243786 24.83048940912086 24.874680209821506 24.977723605288848 24.736570228768954 24.659607034503377 24.84491002476895 24.902400902457096 24.89091226019843 24.85404972868879 24.816891534490747 24.79546874798774 24.80565215341197 24.87136432406148 24.977723605288848 24.59270938146653 24.48240411193469 24.68442809545975 24.77504830953774 24.796038091175916 24.785401956918733 24.769741566965273 24.766834324993376 24.799696154537724 24.86724516998389 24.977723605288848 24.453947578251732 24.320904494379768 24.538332910214752 24.65976141151371 24.714669270657836 24.733167882477538 24.73968490186612 24.753240832536353 24.794580567201738 24.863142383981458 24.977723605288848 24.321110946407728 24.17408915410819 24.405767228511856 24.553813055743014 24.639677043560987 24.68660984232141 24.715385480014866 24.743093287595528 24.789152864868502 24.858748733316656 24.977723605288848 24.193591942128556 24.03943797082805 24.284664031538846 24.455599529551403 24.568399573340344 24.64113746807059 24.691029235265965 24.733000721221376 24.783672308775888 24.855001239928544 24.977723605288848 24.06829590920625 23.91282113976899 24.171481028135457 24.362862944681506 24.49941049134202 24.595382844987633 24.66504026798557 24.721662366837144 24.779528860286238 24.853937986109667 24.977723605288848 23.936050382706195 23.786070481510325 24.059327663132756 24.270659428873653 24.429751707287984 24.54795259541535 24.637285975729036 24.71002286273179 24.77947806290524 24.856788285156934 24.977723605288848 23.77393968584729 23.64302494732718 23.93574203680594 24.17047455974611 24.3549275315504 24.49805568544983 24.61023048050397 24.702633196561653 24.784986436179093 24.86226545014936 24.977723605288848 23.530646643493387 23.4579758979011 23.786944454208122 24.053295412051536 24.27305795324386 24.449568418934298 24.586991001702742 24.699716664206747 24.7917639232062 24.86881045148406 24.977723605288848 22.94560035097353 22.966753999231152 23.410783796312714 23.81195227949476 24.154876931208204 24.449162838613738 24.569390875222613 24.699051571131406 24.800561544014435 24.876694142892422 24.977723605288848 22.511883486474755 22.596805265409724 23.07776335233677 23.50927696841696 23.886599092594818 24.20772632385788 24.47052875903479 24.691482115144204 24.86711924075475 24.886753583954157 24.977723605288848 22.242684504228272 22.356439796036284 22.856438956051367 23.308451973419277 23.708895513411903 24.05500221784816 24.344933737981954 24.578552711576705 24.75621395065015 24.88091099013839 24.977723605288848 22.1104935843846 22.239499432465404 22.750673197191993 23.21535382772715 23.630057740452482 23.99149402124919 24.296976801553836 24.545173747605457 24.73714068525771 24.877879803965534 24.977723605288848 22.03938683923022 22.17736989278758 22.69559635429381 23.168233280031156 23.591773752642187 23.962532162985646 24.277168892807033 24.533584227080585 24.73211322369305 24.87705750947348 24.977723605288848 21.987819754683674 22.131958891922885 22.655611457929066 23.134341402481585 23.56454194409621 23.94222094616533 24.263554255274492 24.52585759547391 24.728897143809814 24.876524928778956 24.977723605288848 21.944292228079995 22.093234420873653 22.621491067483905 23.105426156827118 23.541280743640424 23.924797773358968 24.251771187352247 24.51905714633804 24.725962958517062 24.875957457189287 24.977723605288848 21.906176237897082 22.059020577998083 22.591259561076072 23.07974975326979 23.520557311787268 23.909185270095605 24.241107041348577 24.512796105126963 24.723169524051098 24.875348311712262 24.977723605288848 21.872512557461302 22.028612745117627 22.564304244435135 23.05678896310368 23.501959146568595 23.895100232438285 24.231408063764064 24.507026547478247 24.72053023950775 24.874724412401918 24.977723605288848 21.84270851826581 22.00156496512755 22.540254334889987 23.03624149525229 23.48525772825392 23.882393367115164 24.222600621261734 24.501734314518686 24.71806393295107 24.874108106588718 24.977723605288848 21.816285767490726 21.97750146248274 22.518801337704083 23.0178619855457 23.470270974922496 23.870945581732055 24.21462318952579 24.496902767897552 24.71578038454307 24.873514367305777 24.977723605288848 21.792836281704176 21.9560878991384 22.499669688024415 23.001432112767358 23.456836838711077 23.86064888225755 24.20741607356232 24.4925101055168 24.713681512496212 24.872952425066025 24.977723605288848 21.771978386150728 21.93702482415182 22.482610715388812 22.986753517331444 23.44480659837857 23.851401845683487 24.20091994460123 24.48853047756407 24.711763670006743 24.87242744309333 24.977723605288848 21.75343327583484 21.92005094759483 22.467401670939203 22.973645881193395 23.434043111650283 23.843108874649037 24.195076489742675 24.48493581075332 24.710019501138795 24.871941770160262 24.977723605288848 21.736928723787443 21.904933105701726 22.453842543845976 22.961945475501707 23.42442010735905 23.83568018647522 24.189829094402153 24.481696918038057 24.708439314666403 24.871495831649717 24.977723605288848 21.722230687201854 21.89146453845572 22.44175428144459 22.951504190506352 23.415821908092784 23.82903212291643 24.185123619993398 24.47878452275931 24.707012104345367 24.871088768187235 24.977723605288848 21.709134935843444 21.879462525341882 22.43097720746573 22.942188694282947 23.40814322626558 23.823087459290495 24.18090909025533 24.47617012589338 24.7057263019352 24.870718910519127 24.977723605288848 21.697462890640928 21.868765802299556 22.421369393784104 22.933879517398626 23.4012888405458 23.8177755512996 24.177138127108453 24.473826584888723 24.704570314862924 24.870384109057376 24.977723605288848 21.687058225610357 21.859232242496418 22.412805003079658 22.92647001846101 23.395173089829022 23.8130322442546 24.173767169008418 24.471728480340634 24.703532898185127 24.870081969996214 24.977723605288848 21.677783934496837 21.85073666934497 22.405172672419152 22.9198653018169 23.38971925765475 23.80879963592543 24.17075651529442 24.469852316447927 24.70260338190278 24.869810017934785 24.977723605288848 21.669519830717384 21.843168877923265 22.39837399661774 22.91398114310258 23.384858900119443 23.805025744952424 24.168070244573506 24.46817660782891 24.701771807787367 24.86956580609489 24.977723605288848 21.662160387200117 21.836431884517495 22.39232212201717 22.90874294156029 23.380531141354563 23.801664110545488 24.16567605835643 24.466681850537256 24.70102901385165 24.869346986686782 24.977723605288848 21.655612836554063 21.830440318226696 22.386940470772743 22.904084764831534 23.376682004624854 23.798673359486145 24.16354502297375 24.46535045905971 24.700366647548137 24.869151353334445 24.977723605288848 21.649795673878742 21.82511905763572 22.382161519009635 22.89994833522453 23.3732636509599 23.79601671599766 24.161651341489303 24.4641666771948 24.69977715428612 24.868976865703793 24.977723605288848 21.644637273010684 21.820402073933145 22.377925867020238 22.89628231643883 23.370233857745756 23.79366163729884 24.159972105378454 24.463116447006524 24.699253745909637 24.86882165494336 24.977723605288848 21.640074733118297 21.81623137394749 22.374181307326673 22.89304153736938 23.367555415853708 23.7915793875669 24.158487034091937 24.462187279685033 24.698790357811998 24.868684029306234 24.977723605288848 21.63605289384386 21.812556106364895 22.370882041902224 22.89018634066981 23.36519561986715 23.789744669655047 24.157178237377526 24.461368127371596 24.69838160073847 24.868562469248783 24.977723605288848 21.632523494717972 21.809331792400766 22.367988002797556 22.887682011472904 23.363125815349772 23.788135292795612 24.15602999619673 24.46064926099661 24.698022711350365 24.86845561997844 24.977723605288848 21.62944445924974 21.8065196675896 22.36546426520584 22.885498280115453 23.36132100083602 23.786731876875393 24.155028564607996 24.460022157140454 24.6977095055079 24.868362282716582 24.977723605288848 21.626779285072157 21.804086116858954 22.36328054434765 22.88360889225584 23.359759481032942 23.785517592294074 24.154161993347813 24.45947939549621 24.697438330869193 24.86828140539286 24.977723605288848 21.624496527880392 21.802002196251937 22.36141076646611 22.88199123972818 23.35842256720948 23.78447793356031 24.153419974845722 24.459014567591623 24.69720602480592 24.868212073447193 24.977723605288848 21.62256936614138 21.800243224893197 22.359832700149937 22.880626045685844 23.35729432066233 23.78360052436229 24.152793708817267 24.458622199619786 24.697009882035044 24.868153501159828 24.977723605288848 21.62097523460389 21.798788444667608 22.35852764997808 22.879497099231244 23.356361335539496 23.78287495174666 24.152275788083088 24.45829767543827 24.696847620511118 24.86810502375754 24.977723605288848 21.61969550534022 21.797620742583245 22.357480203268427 22.878591034772942 23.355612557748003 23.782292628709413 24.15186010247871 24.45803718486397 24.696717354244797 24.868066090522582 24.977723605288848 21.618715266568042 21.796726406318523 22.356678021906284 22.877897156517268 23.355039140721 23.781846678923184 24.151541751635527 24.457837675168737 24.696617570520623 24.868036258905782 24.977723605288848 21.618023116907132 21.79609496214054 22.35611166772498 22.877407280442025 23.354634314628 23.78153184079675 24.151316991599693 24.45769681123211 24.696547111510387 24.86801518969705 24.977723605288848 21.617611014983744 21.795719023608186 22.355774490923274 22.877115639997587 23.35439330930687 23.78134440728652 24.15118318218676 24.457612945930194 24.696505160154196 24.868002643274117 24.977723605288848 21.61747417694857 21.795594196865302 22.35566253622034 22.877018805885 23.354313288017945 23.781282173388057 24.151138752810905 24.45758509926104 24.69649123017966 24.867998476930296 24.977723605288848
    </DataArray>
    <DataArray type="Float32" Name="Mobility [m^2/V/s]" NumberOfComponents="1" format="ascii">
0.0 0.0 0.0 0.0 0.0 0.0 0.0 0.0 0.0 0.0 0.0 0.00013560606335729063 0.00015578992121766902 0.00016359593252015424 0.00014711994243409482 0.00017510981159695846 0.00017146888357731635 0.0001801388623608905 0.0001641885465253276 0.00016921759728925963 0.0001588860237774351 0.00016616636082942386 8.071780700410778e-05 8.267061921247168e-05 7.975494292644707e-05 7.563108350086725e-05 7.422667078851927e-05 7.518953486617998e-05 7.387473248224797e-05 7.343318384756071e-05 7.962812277064469e-05 7.9980061076916e-05 7.962812277064469e-05 0.0 0.0 0.0 0.0 0.0 0.0 0.0 0.0 0.0 0.0 0.0 0.0 0.0 0.0 0.0 0.0 0.0 0.0 0.0 0.0 0.0 0.0 0.00010901977237663549 0.00011193018028499934 0.00010153533075452796 9.419397544719952e-05 9.436003363528775e-05 8.593017237882345e-05 8.152017808301012e-05 8.043167213387429e-05 7.534494863063374e-05 7.311564597964694e-05 7.243891677221972e-05 0.0 0.0 0.0 0.0 0.0 0.0 0.0 0.0 0.0 0.0 0.0 0.0 0.0 0.0 0.0 0.0 0.0 0.0 0.0 0.0 8.26489795467659e-05 8.388217609962682e-05 8.426440694918257e-05 7.733161376890351e-05 8.008588514768025e-05 7.458738490273108e-05 7.030613145956452e-05 7.174042439489439e-05 6.883439253648037e-05 6.657193273020458e-05 6.794715431495711e-05 6.85486475161527e-05 6.765400758123135e-05 0.0 0.0 0.0 0.0 0.0 0.0 0.0 0.0 0.0 0.0 0.0 0.0 0.0 0.0 0.0 0.0 0.0 0.0 6.388912486391333e-05 6.172738339531215e-05 5.242785273956113e-05 5.838594821661647e-05 6.862340929453362e-05 6.577644878669695e-05 6.292362674603707e-05 6.460634891106796e-05 6.37191106895447e-05 6.215756632190232e-05 6.412315014103892e-05 6.609246321358896e-05 6.54347313006445e-05 6.896558874083693e-05 7.724142841394622e-05 0.0 0.0 0.0 0.0 0.0 0.0 0.0 0.0 0.0 0.0 0.0 0.0 0.0 0.0 0.0 0.0 5.001739917706809e-05 4.6675963998372416e-05 4.096539235459895e-05 4.337584591709199e-05 5.244618929978437e-05 4.439111763943983e-05 5.8897946499605284e-05 6.024666075120316e-05 6.065070020269737e-05 5.986220387889907e-05 6.177310944959822e-05 6.46462349768462e-05 6.430156315261813e-05 6.79631850036644e-05 7.689675658971817e-05 7.689675658971817e-05 8.6175e-05 0.0 0.0 0.0 0.0 0.0 0.0 0.0 0.0 0.0 0.0 0.0 0.0 0.0 0.0 4.025604086514963e-05 3.695592278386921e-05 3.342970841006033e-05 3.4139059899509655e-05 4.086490326563096e-05 3.5705839313470034e-05 4.595789705340022e-05 5.0156030611984226e-05 5.914429098179847e-05 5.8880632053351455e-05 6.072095419735292e-05 6.403790422417112e-05 6.395606369545278e-05 6.753667265071799e-05 7.681491606099982e-05 7.681491606099982e-05 8.6175e-05 0.0 0.0 0.0 0.0 0.0 0.0 0.0 0.0 0.0 0.0 0.0 0.0 0.0 0.0 3.343849930249694e-05 3.062163641813739e-05 2.837365840649211e-05 2.83648675140555e-05 3.345786130182475e-05 3.005926169116758e-05 3.740023349058212e-05 4.157259343114006e-05 3.787520801109428e-05 4.54461675623094e-05 6.037626072300731e-05 6.387502914955417e-05 6.388632088381159e-05 6.746612385625706e-05 7.682620779525722e-05 7.682620779525722e-05 8.6175e-05 0.0 0.0 0.0 0.0 0.0 0.0 0.0 0.0 0.0 0.0 0.0 0.0 0.0 0.0 0.0 2.6376147513367484e-05 2.4885211939693236e-05 2.4625953928735972e-05 2.8568326117493336e-05 2.6249271205195534e-05 3.168257896762715e-05 3.555615309879648e-05 3.2844856218779436e-05 3.903748526224658e-05 4.1971159069540636e-05 3.9500432156785026e-05 6.384374979937705e-05 6.752227746005279e-05 7.687106966479554e-05 7.687106966479554e-05 8.6175e-05 0.0 0.0 0.0 0.0 0.0 0.0 0.0 0.0 0.0 0.0 0.0 0.0 0.0 0.0 0.0 0.0 0.0 2.2097283631933456e-05 2.5211536482067266e-05 2.3556242365557124e-05 2.77082299388192e-05 3.118956210226929e-05 2.9133736487032188e-05 3.4270362766992426e-05 3.744460654154792e-05 3.5408635213270286e-05 4.0638704603062886e-05 4.3170707565619636e-05 7.702052687276546e-05 7.702052687276546e-05 8.6175e-05 0.0 0.0 0.0 0.0 0.0 0.0 0.0 0.0 0.0 0.0 0.0 0.0 0.0 0.0 0.0 0.0 0.0 0.0 0.0 2.1514157639851975e-05 2.4787068503692707e-05 2.7867869168415845e-05 2.62150841199817e-05 3.056175210332118e-05 3.375585016483615e-05 3.200248468799946e-05 3.684936779794856e-05 3.9778254489318315e-05 3.825136588245088e-05 4.2933618050657315e-05 8.6175e-05 0.0 0.0 0.0 0.0 0.0 0.0 0.0 0.0 0.0 0.0 0.0 0.0 0.0 0.0 0.0 0.0 0.0 0.0 0.0 0.0 0.0 2.5150824990633088e-05 2.371080443830861e-05 2.7468946502562564e-05 3.0562464135674985e-05 2.8966859162888952e-05 3.350039734832585e-05 3.6655760909664847e-05 3.5219221197170955e-05 3.997018973129599e-05 4.299517518960921e-05 4.201315336598985e-05 0.0 0.0 0.0 0.0 0.0 0.0 0.0 0.0 0.0 0.0 0.0 0.0 0.0 0.0 0.0 0.0 0.0 0.0 0.0 0.0 0.0 0.0 2.4716190830204068e-05 2.765412404285493e-05 2.619577693986006e-05 3.0446445272544943e-05 3.3760874094176084e-05 3.251421677502015e-05 3.728699269964616e-05 4.0766496046833914e-05 3.9970413893399526e-05 4.469657455974321e-05 4.832104593669678e-05 0.0 0.0 0.0 0.0 0.0 0.0 0.0 0.0 0.0 0.0 0.0 0.0 0.0 0.0 0.0 0.0 0.0 0.0 0.0 0.0 0.0 0.0 2.2713446933239276e-05 2.7313046385067283e-05 3.083916499053736e-05 3.082956484896083e-05 3.6030735238913696e-05 3.996081375182299e-05 3.938562374599567e-05 4.3325302400481496e-05 4.761937762936353e-05 4.759072106597238e-05 5.245998630068173e-05 0.0 0.0 0.0 0.0 0.0 0.0 0.0 0.0 0.0 0.0 0.0 0.0 0.0 0.0 0.0 0.0 0.0 0.0 0.0 0.0 0.0 0.0 2.8361149333712e-05 2.386286130344204e-05 3.15228470670672e-05 3.488733571572571e-05 3.2054956538154574e-05 3.991773321708305e-05 4.475834188840125e-05 4.44343571578119e-05 5.210734500670124e-05 5.7045590623411425e-05 6.096941807888268e-05 0.0 0.0 0.0 0.0 0.0 0.0 0.0 0.0 0.0 0.0 0.0 0.0 0.0 0.0 0.0 0.0 0.0 0.0 0.0 0.0 0.0 1.511244157482902e-05 2.5230965548598914e-05 3.0261363049956248e-05 2.747883743957159e-05 3.430282842912724e-05 4.1651831547427234e-05 3.74321192984138e-05 4.756364802709845e-05 5.6749705829869244e-05 5.0526031723238874e-05 6.39318017750231e-05 6.520659555362829e-05 0.0 0.0 0.0 0.0 0.0 0.0 0.0 0.0 0.0 0.0 0.0 0.0 0.0 0.0 0.0 0.0 0.0 0.0 0.0 1.5038933615801348e-05 1.5058567158113585e-05 1.5038454533502683e-05 2.6032403236961512e-05 3.065286301577967e-05 3.656467949545089e-05 3.551353784688134e-05 4.229279412951547e-05 4.9474890074669324e-05 4.8555783890487574e-05 5.678902148421098e-05 6.390381588404048e-05 6.370556472053646e-05 7.173946530454771e-05 0.0 0.0 0.0 0.0 0.0 0.0 0.0 0.0 0.0 0.0 0.0 0.0 0.0 0.0 0.0 0.0 0.0 1.5014422856683629e-05 1.5031150439236085e-05 1.5022474316850854e-05 1.5046505993669908e-05 1.5192614981149995e-05 3.518229469440785e-05 3.483583382198347e-05 4.089519160852155e-05 4.82093230180632e-05 4.797372164856579e-05 5.5634313930531814e-05 6.346996335103906e-05 6.341641675588533e-05 7.148766754588997e-05 7.880456047536812e-05 7.880456047536812e-05 0.0 0.0 0.0 0.0 0.0 0.0 0.0 0.0 0.0 0.0 0.0
    </DataArray>
    <DataArray type="Float32" Name="Electric Field [Vm^-1]" NumberOfComponents="3" format="ascii">
390048314.05147254 -1645066668.0493739 0.0 2528122.3564729467 -89025098.81844844 0.0 3461198.257223733 -82629398.48922615 0.0 2339322.032093232 -73401088.94183758 0.0 707928.9262425108 -68382843.19322343 0.0 -856536.8684977419 -68517727.89028583 0.0 -2180291.333804199 -73199963.98760186 0.0 -3055572.9449163503 -81316161.74192542 0.0 -3239268.9056345248 -91149965.67757016 0.0 -2524063.6706330795 -100401736.24046391 0.0 415283546.57348686 1141898783.0152447 0.0 4871013.33391823 -1447808836.2044656 0.0 3574731.3376319637 -88839901.9907322 0.0 3162156.0703910054 -82321239.41064855 0.0 1890561.7271850563 -73755169.38627268 0.0 250082.9969646039 -69192093.83273514 0.0 -1343211.8174201348 -69585946.47184113 0.0 -2647465.072970868 -74341845.5827148 0.0 -3413277.3995497804 -82274062.93728961 0.0 -3374790.496942111 -91625950.16193692 0.0 -2329333.0671142456 -100112578.66299304 0.0 -2537959.917197373 1343942716.7498972 0.0 6808073.0975313205 -1445044085.180115 0.0 5573787.738381565 -89059748.16422753 0.0 4696612.444789363 -83568809.63345127 0.0 2394869.8882068642 -75949605.21993095 0.0 -540624.2981029227 -71559373.75567102 0.0 -3348033.5998134487 -71663562.02680385 0.0 -5518770.894698424 -75780448.04361288 0.0 -6601788.801630985 -82706824.214078 0.0 -6188988.402580364 -90734624.75962357 0.0 -4008356.6403328814 -97720910.0352854 0.0 -2722180.0081310207 1345804350.641171 0.0 7427717.002173301 -1441867646.419554 0.0 5937879.70294596 -89586053.39492287 0.0 4658682.611938639 -85443507.38410984 0.0 1766572.1319931548 -79089276.64135547 0.0 -1928127.7517573242 -74958566.5613381 0.0 -5418067.342592038 -74549558.92837673 0.0 -7958321.1386048375 -77591370.09927581 0.0 -8985968.443091087 -82967468.3613479 0.0 -8084887.249562022 -89094013.28633243 0.0 -5030729.586853294 -94036425.6624651 0.0 -2812094.1631592256 1348326178.337387 0.0 7387257.799559024 -1438841115.775076 0.0 5523305.664020985 -90492622.56558087 0.0 3954061.3061689883 -87681699.31185472 0.0 893117.1168684015 -82656100.13102639 0.0 -3016967.4696681215 -78832237.72925729 0.0 -6705561.060307123 -77752001.30096534 0.0 -9285227.44162269 -79414881.73357515 0.0 -10137509.246154536 -82918917.4065262 0.0 -8883793.87239585 -86878948.63393109 0.0 -5382086.810619631 -89607204.50570527 0.0 -2818796.5921417386 1351142080.3587937 0.0 7216416.268829513 -1436096427.523177 0.0 5074047.817096741 -91701894.33253 0.0 3407410.218202728 -90001246.87200224 0.0 519099.4232318599 -86190236.06741078 0.0 -3177915.6681627883 -82707370.19626574 0.0 -6725976.377548398 -80947709.03502817 0.0 -9209757.05404614 -81144742.01903751 0.0 -9976087.023467572 -82682852.50639816 0.0 -8659715.851429444 -84436843.25817788 0.0 -5173369.931891385 -85003630.41156082 0.0 -2762164.3585399506 1353937523.1035042 0.0 7140056.440077139 -1433529795.249777 0.0 4908167.629142086 -93031067.61043645 0.0 3329214.3964717584 -92162177.10827965 0.0 820395.5844636194 -89369039.58247817 0.0 -2406184.17012545 -86257534.22873683 0.0 -5602735.669006426 -83949240.54093641 0.0 -7931748.827041173 -82803601.83175647 0.0 -8737093.992397746 -82480501.3221202 0.0 -7638690.954298198 -82144836.60187045 0.0 -4551658.09984342 -80708492.41114688 0.0 -2660791.482831683 1356475177.9216008 0.0 7220656.969342581 -1430965573.385967 0.0 5074847.349590738 -94304951.15113239 0.0 3698007.99925367 -94026506.6131956 0.0 1633998.3896802515 -92041145.02186836 0.0 -1035969.8260517041 -89311965.44300885 0.0 -3783785.4694753387 -86646042.12292074 0.0 -5918533.915127809 -84414643.01488468 0.0 -6830216.005462405 -82481886.76414707 0.0 -6124250.641595932 -80285221.12395102 0.0 -3682840.050494687 -77065344.88768597 0.0 -2537764.354700654 1358596034.1767998 0.0 7473938.549940044 -1428231656.07059 0.0 5541410.200001752 -95408355.24949771 0.0 4401075.819583821 -95560907.28641364 0.0 2739781.703808287 -94202698.06874172 0.0 580443.8892922302 -91841162.98273887 0.0 -1726648.9354611996 -88997093.71665582 0.0 -3657365.260799794 -85977907.1860546 0.0 -4690326.943842192 -82763188.03248578 0.0 -4439140.022097556 -79005336.13987698 0.0 -2739508.8055887087 -74254408.37675065 0.0 -2414274.6563213007 1360231554.9673283 0.0 7950927.7589266095 -1425160581.8678837 0.0 6303833.6764092455 -96300101.2567175 0.0 5349743.315964605 -96816402.081364 0.0 3975081.063321387 -95948422.99672487 0.0 2201316.9077745914 -93919997.17469572 0.0 250111.5933775107 -91031803.071987 0.0 -1508299.884532327 -87496348.67145719 0.0 -2659588.662373196 -83332583.82966012 0.0 -2845880.5415748134 -78329876.98631799 0.0 -1855245.3088608328 -72297960.86849946 0.0 -2304116.2335794563 1361390979.393055 0.0 8826061.037510006 -1421541067.2031138 0.0 7445894.005283501 -97048375.77451614 0.0 6502237.475693609 -97926643.63269608 0.0 5236088.077240904 -97429928.30015837 0.0 3689101.620104606 -95678753.99372442 0.0 1975614.4723702024 -92829045.56517665 0.0 332212.73514361173 -88990849.15177366 0.0 -932171.7933878871 -84165487.44953805 0.0 -1488896.449445278 -78194538.56233855 0.0 -1096653.3692012227 -71106641.99476147 0.0 -2212124.6287926165 1362130294.6421232 0.0 10533723.528060438 -1417031218.3856966 0.0 9153064.0533251 -97956242.57726954 0.0 7811427.912940588 -99135183.43835355 0.0 6424234.13833748 -98826112.62080178 0.0 4959721.40687378 -97254567.85690899 0.0 3383316.0805108426 -94476859.44387193 0.0 1815632.2798946737 -90483553.29717658 0.0 462689.2738254282 -85214316.06886481 0.0 -377909.81599661126 -78491843.26597108 0.0 -467564.3773832616 -70551285.44896033 0.0 -2136606.717592683 1362518756.302238 0.0 14617266.88463144 -1410848345.8077023 0.0 11763127.416383361 -100130462.44184273 0.0 9035930.908560911 -100796454.12136987 0.0 7368872.168543428 -100273955.02320948 0.0 5951929.630447329 -98731263.18646024 0.0 4484076.421207731 -96020419.84932643 0.0 3016552.060108864 -91957982.58007546 0.0 1612533.8889582013 -86422032.49232157 0.0 531506.36788223 -79136933.73460601 0.0 46439.63681893546 -70517523.42901903 0.0 -2075370.3802440912 1362618677.5808966 0.0 15213166.211370787 -1404739275.5189493 0.0 11103464.43581767 -104286483.9085377 0.0 8942834.78020597 -102844091.87323084 0.0 7598955.767268593 -101671466.78657833 0.0 6518018.00971075 -100044787.2426105 0.0 5414229.588671595 -97373409.97507912 0.0 4113909.9424116747 -93385947.86379936 0.0 2635341.513499487 -87781399.0165499 0.0 1265740.051772098 -80102488.02438602 0.0 470269.4176996895 -70895705.72591856 0.0 -2022043.1762741567 1362479645.07117 0.0 10595189.064683028 -1400742698.3018293 0.0 8598397.704495998 -106111180.38474166 0.0 7717771.203679613 -104076121.79033928 0.0 7034195.987924597 -102550426.3872355 0.0 6448108.528049943 -100856653.01262534 0.0 5751756.402063273 -98399209.72774106 0.0 4733451.118036853 -94749256.38134316 0.0 3491778.332589509 -89268148.21602763 0.0 2218334.982020116 -81266532.02549094 0.0 1030258.2789866222 -71678692.40974207 0.0 -1950310.2126491934 1362105590.6123698 0.0 7113526.9058633875 -1397657246.470021 0.0 6101232.001386956 -106328950.3511422 0.0 6135665.840809549 -104479198.7919546 0.0 5958435.122941698 -102955538.0301398 0.0 5682687.386912957 -101310101.74897237 0.0 5268778.048894748 -99053891.2952213 0.0 4641694.7439287985 -95633999.58891317 0.0 3787221.1658487828 -90354944.42961079 0.0 2636217.4421354868 -82589571.89811528 0.0 1201316.3216363932 -73011514.68163927 0.0 -1951243.0815108079 1361512910.414854 0.0 4969321.732694549 -1395379517.6487486 0.0 4253326.805421568 -105734501.6668603 0.0 4708372.981536757 -104358207.36245702 0.0 4823361.3297504205 -103049618.7760693 0.0 4734061.223994179 -101558606.72611669 0.0 4461641.419602708 -99492694.67195977 0.0 3976506.712469571 -96297882.5651421 0.0 3247342.764367001 -91278853.66776049 0.0 2255763.5808133595 -83826744.99521676 0.0 1087193.021450539 -74242177.96637575 0.0 -1971683.8616281208 1360940263.0978987 0.0 3899308.1931228484 -1393659167.221685 0.0 3064165.384868933 -104956267.78222375 0.0 3606027.8733638464 -104015671.39031906 0.0 3841320.5885759518 -102974678.4596191 0.0 3855206.9580143914 -101683874.9618839 0.0 3674419.0715991496 -99817685.79987426 0.0 3289147.901093754 -96845246.37165594 0.0 2683787.650386082 -92066296.58486885 0.0 1867798.991433069 -84827316.16690081 0.0 920199.1215959683 -75283134.63367699 0.0 -1992985.0636008373 1360447751.8056865 0.0 3382238.8395352326 -1392337258.623606 0.0 2320986.6202686555 -104268758.52346545 0.0 2806019.9085434554 -103635194.80498998 0.0 3060884.3974989643 -102830321.01353961 0.0 3121675.508697234 -101735839.91354622 0.0 3003126.903908911 -100060205.24679549 0.0 2701011.436842087 -97288953.00340179 0.0 2208903.7153308294 -92713338.94463286 0.0 1542720.7938610327 -85639251.67526264 0.0 766615.7050567613 -76147341.25630192 0.0 -2011524.0985776552 1360035659.0809479 0.0 3103295.5873900857 -1391296335.9233332 0.0 1844573.3448093643 -103728847.19957158 0.0 2233147.8780838805 -103295907.45358436 0.0 2460863.3557431954 -102674263.04368049 0.0 2534321.5469892933 -101748588.5281763 0.0 2455681.172322587 -100240835.30466151 0.0 2219421.284678725 -97644118.80047455 0.0 1821429.2744799813 -93240213.68242228 0.0 1276621.3035453367 -86303379.67062733 0.0 637048.1744057827 -76862914.50119752 0.0 -2026952.392150377 1359692938.8368297 0.0 2933556.623940662 -1390448630.6269164 0.0 1523010.1001626032 -103326725.0659365 0.0 1818330.764602303 -103021569.77742244 0.0 2003690.2459644757 -102534293.50095801 0.0 2071914.6698302005 -101744243.3188932 0.0 2017002.6093188568 -100377174.48903555 0.0 1830629.5552253365 -97928293.85239147 0.0 1507810.3124562819 -93669705.29808532 0.0 1060215.7423090239 -86849844.37480113 0.0 530453.6123436686 -77456470.94483145 0.0 -2039593.7621171658 1359407751.5407124 0.0 2814227.560369538 -1389738790.4020617 0.0 1292832.1455579228 -103033721.63723943 0.0 1511103.0360199246 -102810889.5088819 0.0 1654053.4095177944 -102420218.10947916 0.0 1709682.4028451468 -101735525.36096993 0.0 1667984.3823185845 -100482954.02399193 0.0 1518546.5757646651 -98157363.98604822 0.0 1254788.0824869673 -94021638.03746589 0.0 884785.1237638956 -87302098.67235598 0.0 443561.5600804634 -77950714.14363942 0.0 -2049891.6435658424 1359169618.1640968 0.0 2720967.9851278993 -1389131198.105526 0.0 1118672.1835132546 -102822711.80288096 0.0 1277302.102009878 -102654047.12212208 0.0 1383678.824569469 -102332700.53355205 0.0 1425182.5618324983 -101728694.46749875 0.0 1390529.1493638312 -100567906.05824158 0.0 1268337.008058948 -98344199.022371 0.0 1050733.169334735 -94312169.77508405 0.0 742664.6448511734 -87678756.13654856 0.0 372926.9100871624 -78364384.79022297 0.0 -2058273.8345850965 1358969774.8267791 0.0 2642031.378725992 -1388603163.2979164 0.0 980231.9392171529 -102671825.11435692 0.0 1094293.382987499 -102539680.35022 0.0 1171418.623737433 -102268485.46008855 0.0 1200057.11984285 -101726115.89072056 0.0 1169156.4960631875 -100638493.56802846 0.0 1067279.6465919807 -98498665.33119193 0.0 885831.8770505608 -94554086.05242395 0.0 627329.7950555831 -87994617.8388552 0.0 315452.7844354558 -78712689.24206172 0.0 -2065112.38689945 1358801079.0685465 0.0 2570360.5819714656 -1388140152.4141614 0.0 865044.83772443 -102563977.3029932 0.0 947112.2878993982 -102457400.00829935 0.0 1001965.5686919786 -102223104.0969111 0.0 1020045.5249968496 -101728079.0316911 0.0 991323.0007747049 -100698845.27007097 0.0 904905.6873293762 -98628108.03231268 0.0 751998.9715638608 -94757343.23889434 0.0 533370.0563214287 -88261403.56639609 0.0 268523.2382091928 -79007831.2363324 0.0 -2070716.4225194333 1358657786.7562363 0.0 717870.6821869492 -963301152.7582978 0.0 786519.9940960337 -102494879.68613853 0.0 839966.1591226658 -102399213.65516262 0.0 870594.1124999354 -102168530.3735047 0.0 870315.9157339464 -101655593.29381984 0.0 829811.0322137276 -100555894.46245913 0.0 738935.8440272162 -98315565.61788654 0.0 590708.7226504368 -94130962.8612505 0.0 388909.1391377325 -87177306.70385635 0.0 156622.46025138846 -77513175.66696195 0.0 0.0 1836993278.4557967 0.0 -1334588.4730986934 -1387511750.4897015 0.0 679788.0366668507 -102432475.61890964 0.0 722152.9703729254 -102361186.24586178 0.0 749203.9189659905 -102177618.79962647 0.0 754498.0846316273 -101750111.53174071 0.0 730359.5980848126 -100807958.02154969 0.0 667612.9806487187 -98844073.9238781 0.0 557867.5790132785 -95089404.61028892 0.0 399548.89533367776 -88692247.16580287 0.0 205513.53550574774 -79476441.40324941 0.0 2129440.12464538 1358480877.4104068 0.0 -1386536.023801331 -1387177596.1789062 0.0 607418.862696496 -102392092.47324087 0.0 637274.9679483533 -102331671.03506777 0.0 655114.5899588712 -102164408.53855719 0.0 655731.8306868895 -101759572.87414119 0.0 632553.7780220668 -100848069.24505353 0.0 577384.5567283975 -98923723.35683984 0.0 482415.24650316936 -95214404.49614766 0.0 345639.3476013426 -88858566.92180575 0.0 177787.9413892278 -79662789.49799083 0.0 2125899.6768194395 1358382984.7593734 0.0 -1434508.3007838393 -1386878414.7689815 0.0 543158.6736126466 -102363189.26691204 0.0 564113.3073191493 -102311480.536265 0.0 575397.5640406122 -102157172.44080162 0.0 572818.8769735767 -101770584.31166801 0.0 550772.93390882 -100884295.37955049 0.0 501992.8022128589 -98993210.38055529 0.0 419306.32032676827 -95322732.59649114 0.0 300488.9188230087 -89002731.96075769 0.0 154559.43099834514 -79824465.3141137 0.0 2122945.4477103604 1358298126.7497702 0.0 -1478672.191089454 -1386610493.8734014 0.0 485764.74115795625 -102342425.98809402 0.0 500405.7811599434 -102297910.67199433 0.0 507092.0985518692 -102154097.64242294 0.0 502441.6672352825 -101782401.59921624 0.0 481678.9109855504 -100917064.70799807 0.0 438388.45676174236 -99054159.28536569 0.0 366044.20184639096 -95417111.99337184 0.0 262349.691424244 -89128297.91618663 0.0 134936.09643211457 -79965374.39250681 0.0 2120459.7402608306 1358224225.8448713 0.0 -1519188.6355266576 -1386370634.0900927 0.0 434320.0621223502 -102327445.19566526 0.0 444494.1333508417 -102289003.71829191 0.0 448005.73898317927 -102153843.06363963 0.0 442112.76635474985 -101794460.65265387 0.0 422739.58205541235 -100946701.91748446 0.0 384234.2890794638 -99107833.2514768 0.0 320699.0100049775 -95499693.59034765 0.0 229862.19789471905 -89238105.61981557 0.0 118221.82647891046 -80088656.1076148 0.0 2118350.6591758756 1358159611.9276958 0.0 -1556239.0137320368 -1386156021.2569566 0.0 388108.4128924412 -102316583.97882468 0.0 395127.9143699111 -102283354.59333506 0.0 396487.46019371605 -102155434.47563803 0.0 389947.85343337577 -101806354.4970678 0.0 372020.9765061241 -100973473.58174025 0.0 337731.5476889027 -99155235.19370538 0.0 281775.48966002127 -95572196.88424617 0.0 201967.74889974802 -89334445.25031132 0.0 103873.04899645549 -80196853.26916863 0.0 2116546.5142476875 1358102933.0866954 0.0 -1590028.828462468 -1385964151.689522 0.0 346539.3372539166 -102308667.85459027 0.0 351335.0262500664 -102279961.67578593 0.0 351270.2704229227 -102158175.36269148 0.0 344501.64441413025 -101817803.92805521 0.0 328033.54420795257 -100997612.86743525 0.0 297487.17912757624 -99197176.9660522 0.0 248109.45156723037 -95636013.55733876 0.0 177838.62175329844 -89419180.91236532 0.0 91463.92597242088 -80292042.9275027 0.0 2114991.256072309 1358053086.304965 0.0 -1620782.3614831064 -1385792785.3557913 0.0 309106.7937242589 -102302865.79124534 0.0 312338.0907918339 -102278114.49291995 0.0 311362.47150010377 -102161575.10647841 0.0 304649.6533596319 -101828628.3709077 0.0 289617.9542316025 -101019331.84339537 0.0 262413.2596321069 -99234327.71748589 0.0 218787.9549511672 -95692283.71172254 0.0 156823.56915297286 -89493844.77353926 0.0 80658.96524561147 -80375936.60617827 0.0 2113640.866944225 1358009164.020131 0.0 -1648734.7367442783 -1385639914.0131233 0.0 275365.7739007624 -102298588.31033173 0.0 277499.7193025749 -102277311.14647266 0.0 275972.3814227357 -102165293.37331925 0.0 269503.30380548054 -101838720.66763124 0.0 255860.41014458743 -101038826.95235547 0.0 231651.14685774475 -99267247.5645484 0.0 193088.45344111975 -95741951.9966122 0.0 138405.86376095816 -89559708.09296307 0.0 71191.75908954143 -80449956.81360321 0.0 2112460.5326748504 1357970413.1485052 0.0 -1674124.3093694937 -1385503737.4624267 0.0 244918.6498993371 -102295415.95528178 0.0 246286.09082892752 -102277198.4078275 0.0 244455.92903970895 -102169098.15166594 0.0 238349.0866938417 -101848026.58664486 0.0 226030.70264942176 -101056281.15432249 0.0 204514.98927309847 -99296411.21839105 0.0 170432.87425376254 -95785809.06466585 0.0 122171.36293762748 -89617834.85235809 0.0 62848.71848988427 -80515295.40555783 0.0 2111422.4701178763 1357936203.7393785 0.0 -1697186.4923575458 -1385382644.3440769 0.0 217406.78980658465 -102293049.12233348 0.0 218242.21596411115 -102277528.62628704 0.0 216279.85045114165 -102172834.64996275 0.0 210604.85268059385 -101856528.8434152 0.0 199536.92908619097 -101071864.52900648 0.0 180449.83093578744 -99322224.85349794 0.0 150353.1807261408 -95824522.39453363 0.0 107784.37665737343 -89669122.38124296 0.0 55456.726806453866 -80572958.1794873 0.0 2110504.273845588 1357906004.9793775 0.0 -1718149.2674773748 -1385275195.648341 0.0 192505.00426654032 -102291272.88478753 0.0 192974.72588053352 -102278128.90949175 0.0 190995.54014623407 -102176402.54078943 0.0 185788.24603283417 -101864235.0033384 0.0 175892.3386552831 -101085734.2944473 0.0 159000.57262629896 -99345038.39166096 0.0 132465.6179604744 -95858659.41316216 0.0 94969.49969178939 -89714332.29677044 0.0 48873.80902702311 -80623799.08012244 0.0 2109687.664705315 1357879366.7708797 0.0 -1737230.2452437445 -1385180110.0403187 0.0 169917.5006432121 -102289932.32099718 0.0 170139.5582457356 -102278879.1677155 0.0 168220.20434686268 -102179739.47415222 0.0 163493.72468948216 -101871168.53227876 0.0 154690.95147758952 -101098034.71248528 0.0 139788.93398425225 -99365154.64260875 0.0 116451.44821675894 -95888705.02639124 0.0 83497.94493128684 -89754114.23533331 0.0 42982.09110036884 -80668546.583923 0.0 2108957.54521185 1357855905.523073 0.0 -1754635.0010885731 -1385096250.578433 0.0 149374.6401401461 -102288915.19179426 0.0 149432.87193702403 -102279696.5113454 0.0 147623.04736548668 -102182809.2242282 0.0 143375.65502009302 -101877362.30248715 0.0 135589.50657987842 -101108897.08283767 0.0 122496.27660681932 -99382836.25796355 0.0 102042.49723716581 -95915075.06462659 0.0 73177.24219257305 -89789024.20686154 0.0 37682.4807744046 -80707824.19145659 0.0 2108301.2865188895 1357835293.1246328 0.0 -1770556.361207093 -1385022612.6061983 0.0 130630.23455088842 -102288139.78937374 0.0 130584.12824801607 -102280524.17654762 0.0 128914.9547828907 -102185593.22112136 0.0 125135.71462097771 -101882853.9627614 0.0 118293.9703276406 -101118439.88762133 0.0 106850.70545723666 -99398311.13566908 0.0 89010.2478656088 -95938126.71820621 0.0 63843.43638771278 -89819538.9165499 0.0 32890.63284006416 -80742166.46579276 0.0 2107708.188652868 1357817248.3244827 0.0 -1785174.4898457518 -1384958312.72335 0.0 113458.9630551969 -102287546.31037216 0.0 113350.73391460605 -102281323.77610667 0.0 111840.63392704456 -102188084.53675272 0.0 108513.36195343589 -101887682.69741185 0.0 102549.33233755565 -101126769.08128107 0.0 92617.28757509339 -99411776.70075856 0.0 77157.54098147433 -95958166.72899032 0.0 55355.13438592183 -89846067.03892699 0.0 28533.867683255623 -80772031.68284078 0.0 2107169.0695468145 1357801529.944129 0.0 -1798657.3923707649 -1384902578.9640903 0.0 97653.96645616497 -102287090.69046101 0.0 97513.65328031521 -102282069.70856255 0.0 96172.48780402544 -102190283.6788732 0.0 93278.4933271806 -101891887.00842279 0.0 88131.77401961136 -101133978.49290344 0.0 79590.54235817124 -99423403.3493515 0.0 66312.19023684166 -95975457.88534333 0.0 47588.915838282985 -89868958.16398387 0.0 24548.795349858196 -80797811.8816158 0.0 2106675.949515364 1357787931.4937353 0.0 -1811161.8136802036 -1384854741.9534822 0.0 83024.55967723831 -102286740.28561284 0.0 82873.51964314781 -102282745.1624327 0.0 81705.64603298645 -102192195.67851342 0.0 79225.65492334966 -101895503.22164145 0.0 74842.55315215391 -101140150.29319225 0.0 67588.58960620195 -99433337.24867584 0.0 56322.0025967523 -95990224.21308927 0.0 40435.749640579044 -89888509.94220354 0.0 20879.46067053277 -80819840.89565971 0.0 2106221.8061371413 1357776276.8756504 0.0 -1822834.321092713 -1384814227.1669755 0.0 69394.12611989034 -102286470.95453244 0.0 69247.43804859849 -102283339.33194605 0.0 68253.85115244222 -102193827.85421589 0.0 66169.39714404302 -101898564.45538725 0.0 62503.14472522577 -101145355.47819695 0.0 56448.513164885364 -99441702.62639616 0.0 47050.83196577214 -96002655.14619328 0.0 33798.150124553125 -89904973.81418882 0.0 17475.87318395471 -80838400.79441674 0.0 2105800.3811288467 1357766416.941482 0.0 -1833812.5432456546 -1384780548.199499 0.0 56598.0471034547 -102286264.81357065 0.0 56466.4508127445 -102283845.47075237 0.0 55646.22608534 -102195188.35000111 0.0 53940.51819689575 -101901099.97562309 0.0 50951.31261234231 -101149654.35652535 0.0 46022.62025371323 -99448603.64871837 0.0 38375.39951195321 -96012908.8836271 0.0 27587.88964740601 -89918559.61084998 0.0 14292.824094153431 -80853727.05022827 0.0 2105406.0255177454 1357758226.7300463 0.0 -1844226.2755681262 -1384753300.8868573 0.0 44482.29943454765 -102286108.77699743 0.0 44373.16528155407 -102284259.40742156 0.0 43724.41947058578 -102196285.1614729 0.0 42382.90085379285 -101903134.81840622 0.0 40037.849950209275 -101153097.01701415 0.0 36175.354162445954 -99454125.95406698 0.0 30182.671689968745 -96021115.07562022 0.0 21724.115305766474 -89929439.22964919 0.0 11288.916980824855 -80866012.67283292 0.0 2105033.574224723 1357751603.2551258 0.0 -1854199.0043126333 -1384732158.0231764 0.0 32901.4893092747 -102285993.30943252 0.0 32819.65134332811 -102284578.9537092 0.0 32340.081713877476 -102197125.55498768 0.0 31350.77633359392 -101904689.59016828 0.0 29623.802794031733 -101155723.75189598 0.0 26780.684505226767 -99458337.88911939 0.0 22367.650117310717 -96027376.95545565 0.0 16131.756499656329 -89937749.53974439 0.0 8425.747831820414 -80875411.47681633 0.0 2104678.2404162604 1357746463.7506154 0.0 -1863849.2913238797 -1384716865.6830297 0.0 21716.239241744093 -102285911.43923064 0.0 21664.961320054914 -102284803.16617253 0.0 21352.478359714158 -102197715.58619924 0.0 20706.28437090418 -101905780.33453062 0.0 19578.043782827724 -101157565.40597244 0.0 17719.845005975458 -99461291.47564794 0.0 14831.462922915824 -96031772.99173187 0.0 10740.154643919721 -89943594.63112521 0.0 5667.2007404088845 -80882040.60969697 0.0 2104335.5252969414 1357742744.3039684 0.0 -1873291.9309547555 -1384707240.4548106 0.0 10791.818381090965 -102285858.42191237 0.0 10773.211568221453 -102284931.52093105 0.0 10626.40036569773 -102198059.68655013 0.0 10317.296043222155 -101906418.43217938 0.0 9775.110252077384 -101158643.64362966 0.0 8879.324440932567 -99463023.13353004 0.0 7479.672595343418 -96034358.11713755 0.0 5481.850205043954 -89947047.48741531 0.0 2978.8263286620245 -80885982.43444958 0.0 2104001.1390648987 1357740398.8265781 0.0 -366699184.4764778 -1569519063.0504956 0.0 8554.92062256591 -102284245.19431947 0.0 1955.1795676634388 -102286684.30023032 0.0 -16058.949114841815 -102208866.2671647 0.0 -56742.601909837496 -101937602.24579811 0.0 -146752.60956745967 -101234864.9934653 0.0 -328190.47431324626 -99629990.49451579 0.0 -642947.8232208802 -96358687.4055808 0.0 -1089399.5400792875 -90494451.49573931 0.0 -1494799.8959217956 -81635675.32828471 0.0 -411410463.43471384 1158582830.951282 0.0
    </DataArray>
    <DataArray type="Float32" Name="Electron Current Density [Am^-2]" NumberOfComponents="3" format="ascii">
-236989972.45662248 -73761289345.56255 0.0 -2052211258.0372927 -72649431004.27017 0.0 -2424738254.01573 -71804420249.62334 0.0 -2971807956.349481 -69542564217.1007 0.0 -3126565690.081437 -66077984281.25759 0.0 -3066115300.2005987 -61845860167.10051 0.0 -2851201351.7091246 -57336469092.71034 0.0 -2492754153.9668865 -53034249164.78831 0.0 -2024147610.3582015 -49369285625.39634 0.0 -1494847319.237372 -46673021000.33997 0.0 -676742555.3997614 -45171643213.80547 0.0 458388735.6530195 -63207372904.24504 0.0 -1256621037.044211 -60537234117.77137 0.0 -2209858290.7533016 -60118498424.196686 0.0 -3577779662.864838 -58795181566.02971 0.0 -4450488079.337305 -56682204804.75034 0.0 -4850016666.763024 -53914392737.30446 0.0 -4806107219.180463 -50830768026.15219 0.0 -4342417784.45419 -47815143606.55106 0.0 -3540786802.219413 -45207980312.99867 0.0 -2484358715.920185 -43282571098.49349 0.0 -955799793.6831858 -41225563005.931915 0.0 943477135.9230459 -42052874263.624374 0.0 -421593209.64927036 -39258672666.73628 0.0 -1662223962.99839 -39337151460.293755 0.0 -3604850451.9007125 -39432502512.905106 0.0 -5179463481.015182 -39418391360.40399 0.0 -6132657041.714559 -39075968034.04742 0.0 -6388816302.78048 -38441798805.04084 0.0 -5957800159.108773 -37648489051.66998 0.0 -4947545622.818 -36842438759.32767 0.0 -3448138660.272376 -36179128496.52077 0.0 -1131691082.4703975 -34174782627.010807 0.0 661689670.8803833 -24736879438.61568 0.0 -120011122.95893736 -22987512037.275692 0.0 -1054686731.3853801 -23154792985.937992 0.0 -2727561658.6341205 -23742081847.178036 0.0 -4354769696.375457 -24707134071.209263 0.0 -5508473021.942909 -25738685840.857002 0.0 -5990789646.1662855 -26645720455.791065 0.0 -5761273904.481045 -27340503625.60727 0.0 -4892672632.1940775 -27801050553.985832 0.0 -3436471046.4215055 -28060405107.767532 0.0 -1032834543.6186094 -26445012009.50904 0.0 339113866.3049841 -14475841047.688446 0.0 -118263110.73975922 -13560136971.267319 0.0 -683527367.8973383 -13709278002.792377 0.0 -1820664741.9706936 -14268083781.570103 0.0 -3116833545.19028 -15325076764.95103 0.0 -4181033312.7275767 -16661487257.338137 0.0 -4753251733.805218 -18026811021.616585 0.0 -4728883429.131519 -19235719492.246765 0.0 -4120763556.9052377 -20181049674.421112 0.0 -2937130616.5553823 -20817890628.099186 0.0 -840047386.0901114 -19602317257.114185 0.0 161529559.54403344 -8865052915.45213 0.0 -128082919.04771139 -8394483761.710588 0.0 -432758487.5603621 -8511408453.010062 0.0 -1104949424.0745072 -8907137506.76725 0.0 -1985746025.3765976 -9718696893.028948 0.0 -2827959085.535817 -10859773218.726025 0.0 -3390680108.038535 -12131776334.900705 0.0 -3523347713.9918747 -13334478030.87251 0.0 -3178321199.2041254 -14323215764.854303 0.0 -2323294310.7665343 -15010668045.925581 0.0 -650642267.7861352 -14110902066.828087 0.0 79185320.98071066 -5719817711.996303 0.0 -111076404.60583276 -5463530264.953138 0.0 -262858893.66658747 -5545495771.397989 0.0 -623693264.7910571 -5786123607.405783 0.0 -1153244995.0400484 -6304563190.221359 0.0 -1737833168.0127077 -7105458075.726648 0.0 -2213343056.917186 -8082838764.857674 0.0 -2430886359.772972 -9076504276.92041 0.0 -2302282897.927122 -9936637702.025293 0.0 -1754479768.4024196 -10551634116.576887 0.0 -492073492.25859576 -9891422823.525015 0.0 41686198.98624871 -3847667319.135934 0.0 -85804369.91506973 -3695020856.9807415 0.0 -157524450.41518465 -3748070209.4979596 0.0 -339506618.1356589 -3881719753.3601704 0.0 -629319152.1624317 -4174255995.685403 0.0 -988953382.0207672 -4662127628.240898 0.0 -1334878011.9433815 -5313591478.783054 0.0 -1560428682.1312385 -6033926516.656348 0.0 -1572613478.910793 -6701812460.734129 0.0 -1272160767.1766667 -7203956719.01851 0.0 -360308504.0782979 -6734239916.422199 0.0 24025306.04257105 -2658671965.0548196 0.0 -63273027.93725285 -2558690117.5153394 0.0 -96247541.02493164 -2591055665.5244455 0.0 -185619685.882534 -2661393207.138858 0.0 -335598247.1833456 -2813207128.3833685 0.0 -537618244.9268966 -3079994554.1550403 0.0 -759392843.6468673 -3465165972.2685003 0.0 -943566258.0901424 -3928921792.8266964 0.0 -1020015402.94031 -4395659483.660227 0.0 -886070578.0253636 -4774843503.483456 0.0 -253123487.05637598 -4453891648.520343 0.0 15248247.288504397 -1856080099.0784101 0.0 -46938544.452453084 -1784375163.2501304 0.0 -62439018.104111195 -1802425037.3693774 0.0 -106817548.02462013 -1837335933.0575945 0.0 -183350527.67952392 -1911388927.1395009 0.0 -291580275.29800963 -2046246583.9961972 0.0 -422321534.0645808 -2253513893.1521854 0.0 -551969308.7031314 -2523485369.318825 0.0 -638755052.1728969 -2820747728.443223 0.0 -596714673.0120997 -3087252856.412133 0.0 -171522322.07483098 -2874159925.779823 0.0 10530207.133010201 -1281684499.3593564 0.0 -37227074.665449746 -1225948320.1111798 0.0 -45668303.93526109 -1233923601.8511434 0.0 -68597851.11292033 -1249227127.9430673 0.0 -108274583.09583274 -1283200769.6968422 0.0 -165856244.9302874 -1347853696.9518504 0.0 -239912115.30170095 -1452976630.943562 0.0 -322875018.8182826 -1600678921.6953056 0.0 -393529479.7913524 -1779968090.2996912 0.0 -393109031.97908396 -1957853913.084922 0.0 -113767820.60708648 -1817770206.8377657 0.0 7531697.509260406 -847221797.1195271 0.0 -33013831.508054 -802006337.4126705 0.0 -38665371.470355906 -803805409.5533965 0.0 -50191419.14453439 -810176582.2065289 0.0 -70895219.6845269 -826299985.9527485 0.0 -101800470.86837451 -858128881.8398286 0.0 -142478083.06500974 -913100480.9586422 0.0 -191631368.16358638 -995868933.5118715 0.0 -240981521.04502204 -1103745618.0785227 0.0 -256609511.57884738 -1218816684.6734567 0.0 -74760720.53043914 -1126876276.026405 0.0 4852129.509047804 -507999696.4191875 0.0 -32978331.671874136 -471737489.60106945 0.0 -33695692.35641179 -475566741.41612506 0.0 -37837804.46030885 -482932002.47660935 0.0 -49028403.987266116 -494758603.3869588 0.0 -65359994.91156787 -514037918.29119927 0.0 -83226963.8250323 -549899133.6671717 0.0 -111920438.99495192 -600593741.1606743 0.0 -145805760.10154277 -666317017.0903175 0.0 -165889136.0455698 -740697378.5651039 0.0 -48102322.219493754 -682385710.7362489 0.0 2776599.7047082256 -235836217.3825011 0.0 -12388766.523622429 -229470529.7515403 0.0 -13670896.600759327 -241070530.05745247 0.0 -15917890.0547223 -253885293.89507332 0.0 -22719013.34789089 -271526575.9451379 0.0 -30725310.390957486 -298129157.37946093 0.0 -45620700.20102648 -322378969.8485432 0.0 -65261214.74156806 -352072935.1853671 0.0 -88183538.93260384 -390646407.10036117 0.0 -102864221.0566342 -441032693.0543258 0.0 -29189400.59834059 -406756270.70359194 0.0 1288005.9776844506 -142455199.88183296 0.0 -3859226.311455269 -139513988.28281456 0.0 -3926938.5515786493 -144566381.83114752 0.0 -2780054.0012437934 -150042237.89316413 0.0 -1789520.9230367427 -156075884.5668685 0.0 -7474013.8991076965 -163079471.7358117 0.0 -16703079.13493079 -177658565.6831745 0.0 -30152507.268538207 -201571767.44019687 0.0 -46501342.631249435 -236053297.29807085 0.0 -66275117.35296158 -266549465.77769512 0.0 -19358282.243320823 -243021309.69125894 0.0 750124.2229621874 -105070551.02451989 0.0 -743141.4334423158 -103134309.5160495 0.0 -707286.0623606244 -104808794.35912143 0.0 -347927.4740723272 -106685875.44588463 0.0 72348.39924041338 -108451540.54165727 0.0 -478750.57214618725 -110604422.93006152 0.0 -2432164.8159060422 -114419973.11131641 0.0 -6541100.8935309965 -121202024.48723239 0.0 -19154917.987714704 -133147443.9654575 0.0 -37595498.00369804 -154855957.404543 0.0 -9977002.931821194 -144640513.1753455 0.0 470312.57853723184 -88068255.89145774 0.0 171547.04117449632 -86655290.066067 0.0 404230.1059193016 -87023950.52985725 0.0 533089.3299413375 -87540836.98841739 0.0 583571.5310316039 -88070179.06141049 0.0 294095.02783504635 -88649914.14611897 0.0 -638422.2857368953 -89597990.72724491 0.0 -2666663.6499520107 -91566098.00357783 0.0 -7753799.735628431 -96237973.29244031 0.0 -21153921.058692794 -106212079.11512974 0.0 -5405326.145633919 -100005712.94953817 0.0 310170.74381331814 -78859837.90878598 0.0 309958.8854137915 -77803432.85748601 0.0 634722.970988636 -77738594.48081191 0.0 786073.102122851 -77740431.77384014 0.0 799414.9600225546 -77799046.92876075 0.0 604348.1363134184 -77909075.95786665 0.0 96190.80977371329 -78151498.37453638 0.0 -910254.2873321116 -78775726.6338199 0.0 -3529658.8780840836 -80409210.66018118 0.0 -13513174.189715479 -84858129.74859802 0.0 -3391304.4539259104 -80254872.05803798 0.0 216503.7007181096 -72883119.78604372 0.0 242387.71184095283 -72091939.77603889 0.0 555673.6473097528 -71936755.51047464 0.0 733734.0894458888 -71784388.43814155 0.0 784053.1272868816 -71666709.82592535 0.0 672579.6882659916 -71589797.63633765 0.0 357105.84525325376 -71575441.54081696 0.0 -244437.5345415771 -71718698.37561093 0.0 -1892846.0714653728 -72264827.64066687 0.0 -9847004.2224089 -74452993.81951141 0.0 -2448399.805137004 -70721833.94424751 0.0 159884.94708884065 -68509844.98665749 0.0 147748.46687372038 -67899807.21244748 0.0 407342.53746346646 -67758042.7393706 0.0 578287.494462083 -67590272.96873046 0.0 651501.382303884 -67432384.65458055 0.0 596207.4760490558 -67296544.06710257 0.0 385750.8576211184 -67190933.49997482 0.0 -23526.460756408684 -67158909.61003137 0.0 -1207651.1114274743 -67311435.41694523 0.0 -7839829.637957278 -68561381.34664401 0.0 -1943176.93840117 -65407255.23076216 0.0 122862.31635357295 -65048452.8423177 0.0 73973.74468741547 -64567096.38473762 0.0 273096.7750693087 -64460256.6539637 0.0 418524.6165740935 -64320712.03251678 0.0 495283.6750918724 -64177587.30323653 0.0 471941.7310909056 -64042848.850313604 0.0 324525.55120534677 -63920595.304067396 0.0 23894.579110778624 -63834891.260705836 0.0 -892789.0164608533 -63844926.077187754 0.0 -6557880.634219233 -64670289.09418798 0.0 -1627311.0626381938 -61943987.65955906 0.0 98247.5941353243 -62192532.14761629 0.0 21721.69617388358 -61799063.28664856 0.0 169345.62004347617 -61721488.499588855 0.0 286106.5963492517 -61615460.236354575 0.0 356500.845504815 -61501581.95442066 0.0 349834.9928240152 -61389062.730935805 0.0 242146.9898896315 -61279750.69266092 0.0 10269.7382506753 -61188818.78694979 0.0 -729601.7073417063 -61152258.43051421 0.0 -5629576.934144995 -61760906.99427994 0.0 -1401965.4818542642 -59375513.227171905 0.0 81526.03202002052 -59759158.95394805 0.0 -12633.061714008458 -59430299.85357822 0.0 95209.97877849145 -59376318.87382452 0.0 186241.68000382438 -59299869.28222486 0.0 246779.175531457 -59215215.23173967 0.0 248203.2855928541 -59128787.36570973 0.0 166581.0608618936 -59040974.43177637 0.0 -18356.285518211633 -58962122.925179645 0.0 -630481.8600785687 -58916128.25022011 0.0 -4898678.97876279 -59398813.4491682 0.0 -1225525.0915816184 -57297912.870218776 0.0 69045.05776791128 -57652204.34455214 0.0 -33274.644101031845 -57373382.23347291 0.0 45105.97306050607 -57336848.27621644 0.0 115076.35486853827 -57283579.423645325 0.0 165419.02086045023 -57223281.888629556 0.0 170319.2777140289 -57160105.856005356 0.0 106470.26647835964 -57093459.90857282 0.0 -44585.85925451492 -57030751.7867862 0.0 -559117.6869840523 -56988752.20526383 0.0 -4293650.303296216 -57388646.965177536 0.0 -1079209.9347900434 -55531845.25361672 0.0 59314.35190844607 -55812724.434074245 0.0 -43430.20708267476 -55574800.09348881 0.0 13310.58133706159 -55550792.43446054 0.0 66553.65617018937 -55514589.5912641 0.0 107546.90487590099 -55472845.13276941 0.0 113473.08492260629 -55428073.3266815 0.0 62173.33623070018 -55379064.31102824 0.0 -63375.3428347682 -55331287.55334136 0.0 -500599.5940455902 -55296929.323340036 0.0 -3778433.8587327204 -55636498.32653451 0.0 -953902.1382068971 -53992355.4002094 0.0 120788.19223754364 -54101675.70388639 0.0 164714.34023325652 -54091658.01814217 0.0 206660.9430196099 -54072548.34355306 0.0 249703.61241130793 -54042595.736088045 0.0 284057.1777882342 -54005184.189107716 0.0 283319.75253762054 -53964985.96033227 0.0 224911.42558622733 -53927983.518683404 0.0 97501.48811337985 -53901823.89717247 0.0 -377010.59809113917 -53903825.6169449 0.0 -3806965.675991221 -54097234.68043003 0.0 0.0 -54324330.03356682 0.0 39512.210252979414 -52603713.04095173 0.0 -69745.93642370656 -52783119.57124031 0.0 -38955.99019745987 -52767230.88944422 0.0 -7323.856196944915 -52740897.55562043 0.0 20384.293698874626 -52705153.75563278 0.0 27261.87560399871 -52667067.43206327 0.0 -5932.410083376942 -52639254.53193479 0.0 -94153.70045023168 -52631347.07566126 0.0 -409593.1818315364 -52667478.43769447 0.0 -2907449.280051409 -52750563.69267897 0.0 -847538.819203346 -54624718.348435536 0.0 34780.93879454389 -51382788.80628184 0.0 -66220.3566473413 -51541188.46712196 0.0 -43536.51952501079 -51529793.46716901 0.0 -19165.8327488626 -51510549.17898982 0.0 3307.998280573551 -51483823.86144192 0.0 9292.0882630652 -51455055.194943175 0.0 -18632.096533976484 -51434699.249326974 0.0 -94070.82307676475 -51431026.74450328 0.0 -366982.48699800303 -51464955.21548412 0.0 -2570895.9128564405 -51538406.25099529 0.0 -751076.8751313052 -53194830.6899137 0.0 30688.408212547016 -50305205.71879851 0.0 -61650.05034443861 -50445121.6756276 0.0 -44800.55479049433 -50436883.189568855 0.0 -25883.176627290122 -50422719.46336654 0.0 -7572.639202151452 -50402590.96910223 0.0 -2451.9607710689297 -50380725.10743867 0.0 -26178.47767181693 -50365845.5950602 0.0 -91068.94452392434 -50365077.320340276 0.0 -328079.62025789666 -50396627.971146785 0.0 -2274923.7102537686 -50461656.675970286 0.0 -665993.8647198979 -51927003.357700266 0.0 27119.747983130495 -49353723.20205472 0.0 -56613.73273981977 -49477336.10332477 0.0 -43969.40851051791 -49471309.477738306 0.0 -29146.738437275082 -49460775.24414358 0.0 -14135.932880738064 -49445460.61082587 0.0 -9789.589245914754 -49428691.75217102 0.0 -30108.62965051083 -49417795.30300657 0.0 -86192.7219516312 -49418927.83723124 0.0 -292657.2800937356 -49447990.14912126 0.0 -2013953.990910139 -49505543.90575565 0.0 -590729.7191461868 -50802620.66336422 0.0 23989.776328825148 -48513363.46211696 0.0 -51485.20009534809 -48622581.407831125 0.0 -41886.57060294214 -48618111.3807607 0.0 -30150.314584625274 -48610176.958583444 0.0 -17756.1874686132 -48598383.0946551 0.0 -14075.534757503494 -48585380.3831663 0.0 -31582.02633930923 -48577362.81887812 0.0 -80240.36124827468 -48579666.73666402 0.0 -260540.8298580666 -48606215.30240202 0.0 -1783382.40453045 -48657100.15503941 0.0 -524025.84230817744 -49805639.91603172 0.0 21232.516887263744 -47771043.2442346 0.0 -46492.585108958214 -47867542.10027909 0.0 -39116.34204901756 -47864176.08779335 0.0 -29722.329784011912 -47858115.87986447 0.0 -19411.826886211842 -47848912.606053725 0.0 -16290.803599792227 -47838705.120077915 0.0 -31443.343443057718 -47832762.961051404 0.0 -73787.07461862944 -47835725.83797471 0.0 -231546.89176651102 -47859812.53799475 0.0 -1579317.161759083 -47904749.21156096 0.0 -464826.4432893533 -48921935.07332646 0.0 18795.063659895794 -47115313.23476398 0.0 -41766.01592791602 -47200565.35704482 0.0 -36026.36161307592 -47197990.15158831 0.0 -28425.853083256374 -47193293.27080995 0.0 -19785.739294742805 -47186013.06873497 0.0 -17130.433152152596 -47177895.92549819 0.0 -30290.432291853904 -47173450.73505215 0.0 -67225.64694493609 -47176723.68852877 0.0 -205466.77671141017 -47198458.54850313 0.0 -1398417.0481364224 -47238106.14035744 0.0 -412223.5849788014 -48138956.1992596 0.0 16633.839898931084 -46536153.60561632 0.0 -37371.46916862331 -46611451.1331798 0.0 -32849.78834019947 -46609449.007326394 0.0 -26637.137189790614 -46605754.747682035 0.0 -19347.525256447505 -46599917.77545937 0.0 -17078.78179486193 -46593379.37386041 0.0 -28536.532450523708 -46590017.27557191 0.0 -60810.022376842826 -46593370.139404394 0.0 -182070.3729621935 -46612900.78138314 0.0 -1237785.4563060023 -46647865.81230356 0.0 -365424.9738093767 -47445532.240497544 0.0 14712.224324053437 -46024802.33668916 0.0 -33333.986341600634 -46091277.42812446 0.0 -29729.384133495398 -46089696.10625962 0.0 -24603.279574020147 -46086748.5057769 0.0 -18416.03779778382 -46082008.27483247 0.0 -16468.893605560068 -46076676.18886711 0.0 -26461.09832358531 -46074101.82557455 0.0 -54693.63597051725 -46077388.17194951 0.0 -161116.5599413192 -46094882.34153371 0.0 -1094896.1615037017 -46125722.255372904 0.0 -323733.7316861766 -46831734.53261859 0.0 12998.979988402069 -45573605.892174676 0.0 -29653.28897836564 -45632248.81162753 0.0 -26747.976068142427 -45630981.00197486 0.0 -22483.167741361638 -45628597.194373846 0.0 -17204.99138525634 -45624701.86259283 0.0 -15526.88851934511 -45620303.52059741 0.0 -24248.82556114929 -45618306.138061926 0.0 -48959.92491998361 -45621437.27055269 0.0 -142363.64689932347 -45637069.7312251 0.0 -967537.4344297869 -45664295.05762915 0.0 -286534.4221057285 -46288763.984063596 0.0 11467.166232583455 -45175887.52036847 0.0 -26314.113573946073 -45227562.90686837 0.0 -23949.210307241356 -45226532.35354033 0.0 -20376.03382463754 -45224580.61952098 0.0 -15855.459942730773 -45221345.63517105 0.0 -14404.174472760034 -45217680.100791655 0.0 -22018.401441451595 -45216109.043654725 0.0 -43645.1440324113 -45219035.271310054 0.0 -125577.42547358747 -45232978.80489522 0.0 -853767.3048221684 -45257055.60394811 0.0 -253282.3622553114 -45808847.55436843 0.0 10093.34959831833 -44825830.83279606 0.0 -23292.93728591503 -44871292.2818122 0.0 -21351.54637544106 -44870444.247945905 0.0 -18341.144311597793 -44868828.81026264 0.0 -14458.711340529231 -44866117.64547715 0.0 -13200.402403719727 -44863035.4972121 0.0 -19843.152127376867 -44861782.7087086 0.0 -38754.75359598218 -44864480.15418192 0.0 -110536.44927692418 -44876899.85325923 0.0 -751876.2182127453 -44898252.836910054 0.0 -223494.77325897233 -45385139.974356465 0.0 8857.005760426831 -44518377.22447185 0.0 -20562.268193811145 -44558280.25824466 0.0 -18957.605822618607 -44557575.01878112 0.0 -16411.265005872454 -44556225.50181524 0.0 -13072.103378206464 -44553936.09337436 0.0 -11979.632639592697 -44551325.11901087 0.0 -17765.6220419092 -44550312.72782188 0.0 -34274.859108525816 -44552774.1828035 0.0 -97034.94651708828 -44563824.16319407 0.0 -660355.093102326 -44582840.40651367 0.0 -196743.09970438964 -45011630.66045887 0.0 7740.048748107737 -44249135.99492561 0.0 -18093.30830512942 -44284049.503456876 0.0 -16760.355003437206 -44283457.88351961 0.0 -14601.804129833981 -44282321.99053313 0.0 -11730.074064488219 -44280377.1846546 0.0 -10781.626168351177 -44278152.21240653 0.0 -15807.742428676933 -44277323.76059819 0.0 -30180.013499657325 -44279552.43012577 0.0 -84883.96671404362 -44289374.2221671 0.0 -577867.643953263 -44306407.24463841 0.0 -172646.19520850517 -44683056.8629328 0.0 6726.463906711386 -44014306.06953649 0.0 -15857.532005476463 -44044722.36356515 0.0 -14747.152463443581 -44044222.660320476 0.0 -12916.982650146669 -44043261.058952354 0.0 -10451.701156958943 -44041601.85425079 0.0 -9629.683000944558 -44039697.51077572 0.0 -13977.853666970273 -44039011.76437693 0.0 -26438.422301077997 -44041017.0397641 0.0 -73911.31790232414 -44049739.09059847 0.0 -503226.2406402445 -44065113.098740146 0.0 -150864.22743020515 -44394824.021670304 0.0 5801.965578168691 -43810608.26966263 0.0 -13827.576592979223 -43836951.71150791 0.0 -12902.358416898305 -43836527.611619025 0.0 -11353.970714495337 -43835710.39330529 0.0 -9245.878034601503 -43834291.1602065 0.0 -8536.05511607305 -43832656.70574435 0.0 -12275.509533535194 -43832083.29363557 0.0 -23015.32941594795 -43833877.93721956 0.0 -63960.73101348253 -43841615.816605724 0.0 -435370.7686995544 -43855629.954067826 0.0 -131093.21675912477 -44142933.897818275 0.0 4953.7441277046555 -43635227.207365096 0.0 -11977.68938030055 -43657861.69646264 0.0 -11208.91993472055 -43657500.78783143 0.0 -9905.617848868174 -43656804.93012886 0.0 -8114.829061120753 -43655589.9825742 0.0 -7505.657346696411 -43654185.60400201 0.0 -10694.725137217965 -43653701.9417193 0.0 -19875.143269352622 -43655300.24267561 0.0 -54890.56586038238 -43662157.26741169 0.0 -373350.0555472887 -43675089.77515277 0.0 -113060.14195956031 -43923920.64224748 0.0 4170.221762393498 -43485761.68126496 0.0 -10283.937370387222 -43504997.00346144 0.0 -9649.46797948331 -43504689.642709546 0.0 -8562.27996678476 -43504097.22195576 0.0 -7056.490682703758 -43503058.406432204 0.0 -6538.594715719423 -43501852.580080554 0.0 -9226.142239393414 -43501441.714638844 0.0 -16982.703107885154 -43502858.31380579 0.0 -46572.27676206084 -43508926.39877832 0.0 -316305.4920636506 -43521038.63200242 0.0 -96518.55390737361 -43734794.64462133 0.0 3440.852894711585 -43360182.76241454 0.0 -8724.179776842238 -43376279.98067823 0.0 -8206.903271991237 -43376018.63846083 0.0 -7312.916478932624 -43375515.56173844 0.0 -6066.057579984113 -43374630.46438372 0.0 -5631.8477454068525 -43373597.99975148 0.0 -7858.441333038829 -43373247.04924591 0.0 -14303.969111748758 -43374496.18034655 0.0 -38888.787263215294 -43379856.764375456 0.0 -263456.52933913015 -43391397.03442494 0.0 -81244.64085226395 -43572993.793184794 0.0 2755.9354574535655 -43256798.71853979 0.0 -7277.938259522124 -43269974.65374337 0.0 -6864.650218415485 -43269753.42449179 0.0 -6145.87268245717 -43269328.54876904 0.0 -5137.096308554215 -43268579.203961484 0.0 -4780.468926820383 -43267699.81076761 0.0 -6579.297193580976 -43267398.84074795 0.0 -11806.369576858982 -43268493.85744604 0.0 -31732.884268250695 -43273218.838232264 0.0 -214087.77253000598 -43284426.10136132 0.0 -67033.69678011278 -43436341.619175375 0.0 2106.5347389699064 -43174225.92316575 0.0 -5926.13982886573 -43184657.113426745 0.0 -5606.793052723012 -43184471.32682688 0.0 -5049.337347207684 -43184115.701063395 0.0 -4262.26973958562 -43183487.57869953 0.0 -3978.3835018252344 -43182744.782263 0.0 -5375.9861754120475 -43182485.98726957 0.0 -9458.9014069156 -43183439.085742906 0.0 -25005.657034282893 -43187591.72658953 0.0 -167537.3919048648 -43198699.16085262 0.0 -53696.93338097934 -43323011.76340163 0.0 1484.2420234815365 -43111365.05189718 0.0 -4650.958182545817 -43119190.58753302 0.0 -4418.25318247647 -43119036.536203764 0.0 -4011.697765519926 -43118743.00480779 0.0 -3433.8397971439526 -43118224.39009923 0.0 -3218.9227740250126 -43117604.81372301 0.0 -4235.744230762826 -43117381.98252032 0.0 -7232.052798252015 -43118204.0932221 0.0 -18614.98401318312 -43121839.90463816 0.0 -123186.59374904193 -43133078.436992936 0.0 -41058.57295869182 -43231498.26782386 0.0 881.0102082033218 -43067382.79397902 0.0 -3435.743610965711 -43072706.480596066 0.0 -3284.566952716023 -43072581.17128322 0.0 -3021.4970277175316 -43072344.048071735 0.0 -2643.824022253356 -43071925.55727832 0.0 -2495.0639847971097 -43071418.369665615 0.0 -3145.893490162099 -43071226.4836111 0.0 -5097.575372370583 -43071927.225748606 0.0 -12474.056226483595 -43075094.76522723 0.0 -80449.93122047097 -43086696.5666059 0.0 -28953.1658469532 -43160591.285427324 0.0 289.1048616753158 -43041698.145750836 0.0 -2264.7564768940224 -43044590.35983216 0.0 -2191.7882142936196 -43044491.36191002 0.0 -2067.4738728286898 -43044306.066490605 0.0 -1884.1574512422096 -43043980.1675325 0.0 -1799.6278109475975 -43043576.57759619 0.0 -2093.917518346611 -43043411.44837276 0.0 -3028.2318123619807 -43043999.07890486 0.0 -6499.993932276967 -43046740.63597612 0.0 -38766.301365054256 -43058942.61906157 0.0 -17223.10126088859 -43109357.79169236 0.0 -5.761605376072603 -43033374.5833031 0.0 -1940.7197736847488 -43034331.96643327 0.0 -1912.6115488035566 -43034252.831521735 0.0 -1868.0086124372522 -43034103.56232841 0.0 -1791.2448695250437 -43033844.38860767 0.0 -1724.3724804816727 -43033517.61389063 0.0 -1779.0463243878921 -43033367.697092205 0.0 -2078.772636389438 -43033844.400438465 0.0 -3092.194046808487 -43036219.89444248 0.0 -13852.498948058179 -43048628.68963032 0.0 -10003.481718622841 -43075697.80722205 0.0
    </DataArray>
    <DataArray type="Float32" Name="Hole Current Density [Am^-2]" NumberOfComponents="3" format="ascii">
1e-30 -1e-30 0.0 -1e-30 -1e-30 0.0 1e-30 -1e-30 0.0 1e-30 -1e-30 0.0 -1e-30 -1e-30 0.0 -1e-30 -1e-30 0.0 -1e-30 -1e-30 0.0 -1e-30 -1e-30 0.0 1e-30 -1e-30 0.0 1e-30 -1e-30 0.0 -1e-30 -1e-30 0.0 1e-30 -1e-30 0.0 1e-30 -1e-30 0.0 1e-30 -1e-30 0.0 -1e-30 -1e-30 0.0 -1e-30 -1e-30 0.0 -1e-30 -1e-30 0.0 -1e-30 -1e-30 0.0 -1e-30 -1e-30 0.0 -1e-30 -1e-30 0.0 -1e-30 -1e-30 0.0 -1e-30 -1e-30 0.0 1e-30 -1e-30 0.0 1e-30 -1e-30 0.0 1e-30 -1e-30 0.0 -1e-30 -1e-30 0.0 -1e-30 -1e-30 0.0 -1e-30 -1e-30 0.0 -1e-30 -1e-30 0.0 -1e-30 -1e-30 0.0 -1e-30 -1e-30 0.0 -1e-30 -1e-30 0.0 -1e-30 -1e-30 0.0 1e-30 -1e-30 0.0 1e-30 -1e-30 0.0 1e-30 -1e-30 0.0 -1e-30 -1e-30 0.0 -1e-30 -1e-30 0.0 -1e-30 -1e-30 0.0 -1e-30 -1e-30 0.0 -1e-30 -1e-30 0.0 -1e-30 -1e-30 0.0 -1e-30 -1e-30 0.0 -1e-30 -1e-30 0.0 1e-30 -1e-30 0.0 1e-30 -1e-30 0.0 1e-30 -1e-30 0.0 -1e-30 -1e-30 0.0 -1e-30 -1e-30 0.0 -1e-30 -1e-30 0.0 -1e-30 -1e-30 0.0 -1e-30 -1e-30 0.0 -1e-30 -1e-30 0.0 -1e-30 -1e-30 0.0 -1e-30 -1e-30 0.0 1e-30 -1e-30 0.0 1e-30 -1e-30 0.0 -1e-30 -1e-30 0.0 -1e-30 -1e-30 0.0 -1e-30 -1e-30 0.0 -1e-30 -1e-30 0.0 -1e-30 -1e-30 0.0 -1e-30 -1e-30 0.0 -1e-30 -1e-30 0.0 -1e-30 -1e-30 0.0 -1e-30 -1e-30 0.0 1e-30 -1e-30 0.0 1e-30 -1e-30 0.0 -1e-30 -1e-30 0.0 -1e-30 -1e-30 0.0 -1e-30 -1e-30 0.0 -1e-30 -1e-30 0.0 -1e-30 -1e-30 0.0 -1e-30 -1e-30 0.0 -1e-30 -1e-30 0.0 -1e-30 -1e-30 0.0 -1e-30 -1e-30 0.0 1e-30 -1e-30 0.0 -1e-30 -1e-30 0.0 -1e-30 -1e-30 0.0 -1e-30 -1e-30 0.0 -1e-30 -1e-30 0.0 -1e-30 -1e-30 0.0 -1e-30 -1e-30 0.0 -1e-30 -1e-30 0.0 -1e-30 -1e-30 0.0 -1e-30 -1e-30 0.0 -1e-30 -1e-30 0.0 1e-30 -1e-30 0.0 -1e-30 -1e-30 0.0 -1e-30 -1e-30 0.0 -1e-30 -1e-30 0.0 -1e-30 -1e-30 0.0 -1e-30 -1e-30 0.0 -1e-30 -1e-30 0.0 -1e-30 -1e-30 0.0 -1e-30 -1e-30 0.0 -1e-30 -1e-30 0.0 -1e-30 -1e-30 0.0 -1e-30 -1e-30 0.0 -1e-30 -1e-30 0.0 -1e-30 -1e-30 0.0 -1e-30 -1e-30 0.0 -1e-30 -1e-30 0.0 -1e-30 -1e-30 0.0 -1e-30 -1e-30 0.0 -1e-30 -1e-30 0.0 -1e-30 -1e-30 0.0 -1e-30 -1e-30 0.0 -1e-30 -1e-30 0.0 -1e-30 -1e-30 0.0 -1e-30 -1e-30 0.0 -1e-30 -1e-30 0.0 -1e-30 -1e-30 0.0 -1e-30 -1e-30 0.0 -1e-30 -1e-30 0.0 -1e-30 -1e-30 0.0 -1e-30 -1e-30 0.0 -1e-30 -1e-30 0.0 -1e-30 -1e-30 0.0 -1e-30 -1e-30 0.0 -1e-30 -1e-30 0.0 -1e-30 -1e-30 0.0 -1e-30 -1e-30 0.0 -1e-30 -1e-30 0.0 -1e-30 -1e-30 0.0 -1e-30 -1e-30 0.0 -1e-30 -1e-30 0.0 -1e-30 -1e-30 0.0 -1e-30 -1e-30 0.0 -1e-30 -1e-30 0.0 1e-30 -1e-30 0.0 1e-30 -1e-30 0.0 -1e-30 -1e-30 0.0 -1e-30 -1e-30 0.0 -1e-30 -1e-30 0.0 -1e-30 -1e-30 0.0 -1e-30 -1e-30 0.0 -1e-30 -1e-30 0.0 -1e-30 -1e-30 0.0 -1e-30 -1e-30 0.0 -1e-30 -1e-30 0.0 1e-30 -1e-30 0.0 1e-30 -1e-30 0.0 1e-30 -1e-30 0.0 -1e-30 -1e-30 0.0 -1e-30 -1e-30 0.0 -1e-30 -1e-30 0.0 -1e-30 -1e-30 0.0 -1e-30 -1e-30 0.0 -1e-30 -1e-30 0.0 -1e-30 -1e-30 0.0 1e-30 -1e-30 0.0 1e-30 -1e-30 0.0 1e-30 -1e-30 0.0 1e-30 -1e-30 0.0 1e-30 -1e-30 0.0 -1e-30 -1e-30 0.0 -1e-30 -1e-30 0.0 -1e-30 -1e-30 0.0 -1e-30 -1e-30 0.0 -1e-30 -1e-30 0.0 -1e-30 -1e-30 0.0 -1e-30 -1e-30 0.0 -1e-30 -1e-30 0.0 1e-30 -1e-30 0.0 1e-30 -1e-30 0.0 1e-30 -1e-30 0.0 -1e-30 -1e-30 0.0 1e-30 -1e-30 0.0 1e-30 -1e-30 0.0 1e-30 -1e-30 0.0 -1e-30 -1e-30 0.0 -1e-30 -1e-30 0.0 1e-30 -1e-30 0.0 1e-30 -1e-30 0.0 1e-30 -1e-30 0.0 1e-30 -1e-30 0.0 1e-30 -1e-30 0.0 1e-30 -1e-30 0.0 1e-30 -1e-30 0.0 1e-30 -1e-30 0.0 1e-30 -1e-30 0.0 1e-30 -1e-30 0.0 1e-30 -1e-30 0.0 1e-30 -1e-30 0.0 1e-30 -1e-30 0.0 1e-30 -1e-30 0.0 1e-30 -1e-30 0.0 1e-30 -1e-30 0.0 1e-30 -1e-30 0.0 1e-30 -1e-30 0.0 1e-30 -1e-30 0.0 1e-30 -1e-30 0.0 1e-30 -1e-30 0.0 1e-30 -1e-30 0.0 1e-30 -1e-30 0.0 1e-30 -1e-30 0.0 1e-30 -1e-30 0.0 1e-30 -1e-30 0.0 1e-30 -1e-30 0.0 1e-30 -1e-30 0.0 1e-30 -1e-30 0.0 1e-30 -1e-30 0.0 1e-30 -1e-30 0.0 1e-30 -1e-30 0.0 1e-30 -1e-30 0.0 1e-30 -1e-30 0.0 1e-30 -1e-30 0.0 1e-30 -1e-30 0.0 1e-30 -1e-30 0.0 1e-30 -1e-30 0.0 1e-30 -1e-30 0.0 1e-30 -1e-30 0.0 1e-30 -1e-30 0.0 1e-30 -1e-30 0.0 1e-30 -1e-30 0.0 1e-30 -1e-30 0.0 1e-30 -1e-30 0.0 1e-30 -1e-30 0.0 1e-30 -1e-30 0.0 1e-30 -1e-30 0.0 1e-30 -1e-30 0.0 1e-30 -1e-30 0.0 1e-30 -1e-30 0.0 1e-30 -1e-30 0.0 1e-30 -1e-30 0.0 1e-30 -1e-30 0.0 1e-30 -1e-30 0.0 1e-30 -1e-30 0.0 1e-30 -1e-30 0.0 1e-30 -1e-30 0.0 1e-30 -1e-30 0.0 1e-30 -1e-30 0.0 1e-30 -1e-30 0.0 1e-30 -1e-30 0.0 1e-30 -1e-30 0.0 1e-30 -1e-30 0.0 1e-30 -1e-30 0.0 1e-30 -1e-30 0.0 1e-30 -1e-30 0.0 1e-30 -1e-30 0.0 1e-30 -1e-30 0.0 1e-30 -1e-30 0.0 1e-30 -1e-30 0.0 1e-30 -1e-30 0.0 1e-30 -1e-30 0.0 1e-30 -1e-30 0.0 1e-30 -1e-30 0.0 1e-30 -1e-30 0.0 1e-30 -1e-30 0.0 1e-30 -1e-30 0.0 1e-30 -1e-30 0.0 1e-30 -1e-30 0.0 1e-30 -1e-30 0.0 1e-30 -1e-30 0.0 1e-30 -1e-30 0.0 1e-30 -1e-30 0.0 1e-30 -1e-30 0.0 1e-30 -1e-30 0.0 1e-30 -1e-30 0.0 1e-30 -1e-30 0.0 1e-30 -1e-30 0.0 1e-30 -1e-30 0.0 1e-30 -1e-30 0.0 1e-30 -1e-30 0.0 1e-30 -1e-30 0.0 1e-30 -1e-30 0.0 1e-30 -1e-30 0.0 1e-30 -1e-30 0.0 1e-30 -1e-30 0.0 1e-30 -1e-30 0.0 1e-30 -1e-30 0.0 1e-30 -1e-30 0.0 1e-30 -1e-30 0.0 1e-30 -1e-30 0.0 1e-30 -1e-30 0.0 1e-30 -1e-30 0.0 1e-30 -1e-30 0.0 1e-30 -1e-30 0.0 1e-30 -1e-30 0.0 1e-30 -1e-30 0.0 1e-30 -1e-30 0.0 1e-30 -1e-30 0.0 1e-30 -1e-30 0.0 0.0 -1e-30 0.0 1e-30 -1e-30 0.0 1e-30 -1e-30 0.0 1e-30 -1e-30 0.0 1e-30 -1e-30 0.0 1e-30 -1e-30 0.0 1e-30 -1e-30 0.0 1e-30 -1e-30 0.0 1e-30 -1e-30 0.0 1e-30 -1e-30 0.0 1e-30 -1e-30 0.0 1e-30 -1e-30 0.0 1e-30 -1e-30 0.0 1e-30 -1e-30 0.0 1e-30 -1e-30 0.0 1e-30 -1e-30 0.0 1e-30 -1e-30 0.0 1e-30 -1e-30 0.0 1e-30 -1e-30 0.0 1e-30 -1e-30 0.0 1e-30 -1e-30 0.0 1e-30 -1e-30 0.0 1e-30 -1e-30 0.0 1e-30 -1e-30 0.0 1e-30 -1e-30 0.0 1e-30 -1e-30 0.0 1e-30 -1e-30 0.0 1e-30 -1e-30 0.0 1e-30 -1e-30 0.0 1e-30 -1e-30 0.0 1e-30 -1e-30 0.0 1e-30 -1e-30 0.0 1e-30 -1e-30 0.0 1e-30 -1e-30 0.0 1e-30 -1e-30 0.0 1e-30 -1e-30 0.0 1e-30 -1e-30 0.0 1e-30 -1e-30 0.0 1e-30 -1e-30 0.0 1e-30 -1e-30 0.0 1e-30 -1e-30 0.0 1e-30 -1e-30 0.0 1e-30 -1e-30 0.0 1e-30 -1e-30 0.0 1e-30 -1e-30 0.0 1e-30 -1e-30 0.0 1e-30 -1e-30 0.0 1e-30 -1e-30 0.0 1e-30 -1e-30 0.0 1e-30 -1e-30 0.0 1e-30 -1e-30 0.0 1e-30 -1e-30 0.0 1e-30 -1e-30 0.0 1e-30 -1e-30 0.0 1e-30 -1e-30 0.0 1e-30 -1e-30 0.0 1e-30 -1e-30 0.0 1e-30 -1e-30 0.0 1e-30 -1e-30 0.0 1e-30 -1e-30 0.0 1e-30 -1e-30 0.0 1e-30 -1e-30 0.0 1e-30 -1e-30 0.0 1e-30 -1e-30 0.0 1e-30 -1e-30 0.0 1e-30 -1e-30 0.0 1e-30 -1e-30 0.0 1e-30 -1e-30 0.0 1e-30 -1e-30 0.0 1e-30 -1e-30 0.0 1e-30 -1e-30 0.0 1e-30 -1e-30 0.0 1e-30 -1e-30 0.0 1e-30 -1e-30 0.0 1e-30 -1e-30 0.0 1e-30 -1e-30 0.0 1e-30 -1e-30 0.0 1e-30 -1e-30 0.0 1e-30 -1e-30 0.0 1e-30 -1e-30 0.0 1e-30 -1e-30 0.0 1e-30 -1e-30 0.0 1e-30 -1e-30 0.0 1e-30 -1e-30 0.0 1e-30 -1e-30 0.0 1e-30 -1e-30 0.0 1e-30 -1e-30 0.0 1e-30 -1e-30 0.0 1e-30 -1e-30 0.0 1e-30 -1e-30 0.0 1e-30 -1e-30 0.0 1e-30 -1e-30 0.0 1e-30 -1e-30 0.0 1e-30 -1e-30 0.0 1e-30 -1e-30 0.0 1e-30 -1e-30 0.0 1e-30 -1e-30 0.0 1e-30 -1e-30 0.0 1e-30 -1e-30 0.0 1e-30 -1e-30 0.0 1e-30 -1e-30 0.0 1e-30 -1e-30 0.0 1e-30 -1e-30 0.0 1e-30 -1e-30 0.0 1e-30 -1e-30 0.0 1e-30 -1e-30 0.0 1e-30 -1e-30 0.0 1e-30 -1e-30 0.0 1e-30 -1e-30 0.0 1e-30 -1e-30 0.0 1e-30 -1e-30 0.0 1e-30 -1e-30 0.0 1e-30 -1e-30 0.0 1e-30 -1e-30 0.0 1e-30 -1e-30 0.0 1e-30 -1e-30 0.0 1e-30 -1e-30 0.0 1e-30 -1e-30 0.0 1e-30 -1e-30 0.0 1e-30 -1e-30 0.0 1e-30 -1e-30 0.0 1e-30 -1e-30 0.0 1e-30 -1e-30 0.0 1e-30 -1e-30 0.0 1e-30 -1e-30 0.0 1e-30 -1e-30 0.0 1e-30 -1e-30 0.0 1e-30 -1e-30 0.0 1e-30 -1e-30 0.0 1e-30 -1e-30 0.0 1e-30 -1e-30 0.0 1e-30 -1e-30 0.0 1e-30 -1e-30 0.0 1e-30 -1e-30 0.0 1e-30 -1e-30 0.0 1e-30 -1e-30 0.0 1e-30 -1e-30 0.0 1e-30 -1e-30 0.0 1e-30 -1e-30 0.0 1e-30 -1e-30 0.0 1e-30 -1e-30 0.0 1e-30 -1e-30 0.0 1e-30 -1e-30 0.0 1e-30 -1e-30 0.0 1e-30 -1e-30 0.0 1e-30 -1e-30 0.0 1e-30 -1e-30 0.0 1e-30 -1e-30 0.0 1e-30 -1e-30 0.0 1e-30 -1e-30 0.0 1e-30 -1e-30 0.0 1e-30 -1e-30 0.0 1e-30 -1e-30 0.0 1e-30 -1e-30 0.0 1e-30 -1e-30 0.0 1e-30 -1e-30 0.0 1e-30 -1e-30 0.0 1e-30 -1e-30 0.0 1e-30 -1e-30 0.0 1e-30 -1e-30 0.0 1e-30 -1e-30 0.0 1e-30 -1e-30 0.0 1e-30 -1e-30 0.0 1e-30 -1e-30 0.0 1e-30 -1e-30 0.0 1e-30 -1e-30 0.0 1e-30 -1e-30 0.0 1e-30 -1e-30 0.0 1e-30 -1e-30 0.0 1e-30 -1e-30 0.0 1e-30 -1e-30 0.0 1e-30 -1e-30 0.0 1e-30 -1e-30 0.0 1e-30 -1e-30 0.0 1e-30 -1e-30 0.0 1e-30 -1e-30 0.0 1e-30 -1e-30 0.0 1e-30 -1e-30 0.0 1e-30 -1e-30 0.0 1e-30 -1e-30 0.0 1e-30 -1e-30 0.0 1e-30 -1e-30 0.0 1e-30 -1e-30 0.0 1e-30 -1e-30 0.0 1e-30 -1e-30 0.0 1e-30 -1e-30 0.0 1e-30 -1e-30 0.0 1e-30 -1e-30 0.0 1e-30 -1e-30 0.0 1e-30 -1e-30 0.0 1e-30 -1e-30 0.0 1e-30 -1e-30 0.0 1e-30 -1e-30 0.0 1e-30 -1e-30 0.0 1e-30 -1e-30 0.0 1e-30 -1e-30 0.0 1e-30 -1e-30 0.0 1e-30 -1e-30 0.0 1e-30 -1e-30 0.0 1e-30 -1e-30 0.0 1e-30 -1e-30 0.0 1e-30 -1e-30 0.0 1e-30 -1e-30 0.0 1e-30 -1e-30 0.0 1e-30 -1e-30 0.0 1e-30 -1e-30 0.0 1e-30 -1e-30 0.0 1e-30 -1e-30 0.0 1e-30 -1e-30 0.0 1e-30 -1e-30 0.0 1e-30 -1e-30 0.0 1e-30 -1e-30 0.0 1e-30 -1e-30 0.0 1e-30 -1e-30 0.0 1e-30 -1e-30 0.0 1e-30 -1e-30 0.0 1e-30 -1e-30 0.0 1e-30 -1e-30 0.0 1e-30 -1e-30 0.0 1e-30 -1e-30 0.0 1e-30 -1e-30 0.0 1e-30 -1e-30 0.0 1e-30 -1e-30 0.0 1e-30 -1e-30 0.0 1e-30 -1e-30 0.0 1e-30 -1e-30 0.0 1e-30 -1e-30 0.0 1e-30 -1e-30 0.0 1e-30 -1e-30 0.0 1e-30 -1e-30 0.0 1e-30 -1e-30 0.0 1e-30 -1e-30 0.0 1e-30 -1e-30 0.0 1e-30 -1e-30 0.0 1e-30 -1e-30 0.0 1e-30 -1e-30 0.0 1e-30 -1e-30 0.0 1e-30 -1e-30 0.0 1e-30 -1e-30 0.0 1e-30 -1e-30 0.0 1e-30 -1e-30 0.0 1e-30 -1e-30 0.0 1e-30 -1e-30 0.0 1e-30 -1e-30 0.0 1e-30 -1e-30 0.0 1e-30 -1e-30 0.0 1e-30 -1e-30 0.0 1e-30 -1e-30 0.0 1e-30 -1e-30 0.0 1e-30 -1e-30 0.0 1e-30 -1e-30 0.0 1e-30 -1e-30 0.0 1e-30 -1e-30 0.0 1e-30 -1e-30 0.0 1e-30 -1e-30 0.0 1e-30 -1e-30 0.0 1e-30 -1e-30 0.0 1e-30 -1e-30 0.0 1e-30 -1e-30 0.0 1e-30 -1e-30 0.0 1e-30 -1e-30 0.0 1e-30 -1e-30 0.0 1e-30 -1e-30 0.0 1e-30 -1e-30 0.0 1e-30 -1e-30 0.0 1e-30 -1e-30 0.0 1e-30 -1e-30 0.0 1e-30 -1e-30 0.0 1e-30 -1e-30 0.0 1e-30 -1e-30 0.0 1e-30 -1e-30 0.0 1e-30 -1e-30 0.0 -1e-30 -1e-30 0.0 -1e-30 -1e-30 0.0 -1e-30 -1e-30 0.0 1e-30 -1e-30 0.0
    </DataArray>
    <DataArray type="Float32" Name="Ion diffusion flux Density [Am^-2]" NumberOfComponents="3" format="ascii">
-4.7361809838964515e+19 1.908023929842819e+20 0.0 -1.2239545471374711e+20 3.3391765809586864e+20 0.0 -7.475273285866734e+20 2.0533166958108615e+19 0.0 -1.7523085213036433e+21 -1.270486567350496e+21 0.0 -2.7570637350002413e+21 -2.699160867038558e+21 0.0 -3.423930462096911e+21 -3.9212254814770645e+21 0.0 -3.38716456716637e+21 -4.425954803426436e+21 0.0 -2.622373789024634e+21 -3.8459249839163205e+21 0.0 -1.5446679279227872e+21 -2.529554736054578e+21 0.0 -4.1862335050995224e+20 -6.344716159495453e+20 0.0 2.980342177019975e+20 8.941026531061352e+20 0.0 -1.2476209043491631e+19 7.368296630531177e+19 0.0 -8.216198609017217e+19 2.117018344310257e+20 0.0 -5.0951727973669896e+20 -2.094109432027243e+19 0.0 -1.2199137934361045e+21 -9.696335206056307e+20 0.0 -1.9372827091553805e+21 -2.037165846485567e+21 0.0 -2.407096004810832e+21 -2.9091959524094603e+21 0.0 -2.377198005055627e+21 -3.2227037090516514e+21 0.0 -1.8387088333107285e+21 -2.7577422229771544e+21 0.0 -1.0779321433146112e+21 -1.7761250249214193e+21 0.0 -2.735636757775615e+20 -3.6675192547315476e+20 0.0 1.8773558354479926e+20 9.386779177241463e+20 0.0 -3.1957433461778022e+19 -2.129519325557279e+18 0.0 -1.2132077566496165e+20 8.891685474002043e+19 0.0 -5.2132122793691395e+20 -4.523365926606292e+19 0.0 -1.1208567422866088e+21 -6.091993602900694e+20 0.0 -1.710913471033882e+21 -1.2661859816938395e+21 0.0 -2.060240409245281e+21 -1.7539906839808432e+21 0.0 -1.9724417592240431e+21 -1.87157698032995e+21 0.0 -1.483842057860725e+21 -1.5484404559576616e+21 0.0 -8.419180286835434e+20 -9.459746545231675e+20 0.0 -1.9348884750576432e+20 -4.770076067026381e+19 0.0 2.006950673646598e+20 1.0034753368234107e+21 0.0 -2.7206330963844006e+19 -2.6193796848084283e+19 0.0 -7.128086266641851e+19 3.0969495854740554e+19 0.0 -2.7769673333123505e+20 -9.70154777500785e+18 0.0 -5.873289285553312e+20 -2.5006641696857414e+20 0.0 -8.808161926880862e+20 -5.461088596601309e+20 0.0 -1.0467864761701322e+21 -7.511583762993197e+20 0.0 -9.988098248798837e+20 -7.800323274429324e+20 0.0 -7.575642566052433e+20 -6.237951170086993e+20 0.0 -4.3243280292840446e+20 -3.4535924347836616e+20 0.0 -7.452576814865955e+19 1.3002658465850887e+20 0.0 1.7488827114072136e+20 8.744413557036969e+20 0.0 -1.7225021278072383e+19 -2.2600394243358454e+19 0.0 -3.1860541084479275e+19 1.0798619177143597e+19 0.0 -1.1119467705121e+20 9.99752127771068e+18 0.0 -2.332653321118631e+20 -7.021813715609813e+19 0.0 -3.412416466504604e+20 -1.808926220807694e+20 0.0 -3.978130668917144e+20 -2.5962115741664684e+20 0.0 -3.800646448796497e+20 -2.6823993993631213e+20 0.0 -2.9312649178841288e+20 -2.0367719432620347e+20 0.0 -1.6693575321948776e+20 -8.435481235298997e+19 0.0 -4.0253709485653565e+18 1.545886030602548e+20 0.0 1.2553710876561164e+20 6.276855438281184e+20 0.0 -9.948214177674156e+18 -1.447246498139068e+19 0.0 -1.3921797332664594e+19 3.891890382029323e+18 0.0 -4.183059390672e+19 1.1452835594981165e+19 0.0 -8.702158670722992e+19 -1.019811578642771e+19 0.0 -1.2476580406960928e+20 -4.712517764587076e+19 0.0 -1.4081134285850544e+20 -7.685520265744572e+19 0.0 -1.310191437118704e+20 -8.105604923842398e+19 0.0 -9.882505293405223e+19 -5.563168604482173e+19 0.0 -5.228490777945408e+19 -3.973773758714119e+18 0.0 1.8605601569443287e+19 1.170251211740464e+20 0.0 7.921244009519797e+19 3.9606220047601356e+20 0.0 -5.654008415948072e+18 -8.387989357102745e+18 0.0 -6.528398042236839e+18 1.4178774769340936e+18 0.0 -1.6513749690229357e+19 7.885228289346549e+18 0.0 -3.392095552535724e+19 3.966279631916366e+18 0.0 -4.874298440101203e+19 -6.744899307198848e+18 0.0 -5.391750665131419e+19 -1.7317681431913517e+19 0.0 -4.817547823256907e+19 -1.95823849485735e+19 0.0 -3.414391284276658e+19 -9.937484282585344e+18 0.0 -1.459850902811266e+19 1.3759172812715188e+19 0.0 1.8550093684884468e+19 7.551135584213277e+19 0.0 4.6222039745509564e+19 2.3111019872755945e+20 0.0 -3.2503986028463836e+18 -4.688476920498337e+18 0.0 -3.321771245582109e+18 5.338909927220104e+17 0.0 -7.068189101307964e+18 4.715488116386396e+18 0.0 -1.408197721844916e+19 5.255057973694863e+18 0.0 -2.0535752284367417e+19 3.1236363678936996e+18 0.0 -2.292336371394584e+19 -2.4520991831799332e+16 0.0 -2.0207603469868896e+19 -9.801831672456814e+17 0.0 -1.3649067353446935e+19 2.594140731523938e+18 0.0 -4.2290147373188593e+18 1.3848335650910456e+19 0.0 1.2483796470565499e+19 4.605507346241913e+19 0.0 2.6649907745542607e+19 1.3324953872772409e+20 0.0 -1.9073324384823242e+18 -2.5913672882618644e+18 0.0 -1.8045435451540595e+18 2.2198087571789997e+17 0.0 -3.2896637938917e+18 2.732991993092656e+18 0.0 -6.203853140148388e+18 3.96569598783663e+18 0.0 -9.101336754505289e+18 4.2844699962125066e+18 0.0 -1.0380379234207234e+19 3.8361002229560965e+18 0.0 -9.265131981719726e+18 3.689469457353849e+18 0.0 -6.096076188518327e+18 5.187845840776928e+18 0.0 -9.30873498891642e+17 1.102501726785537e+19 0.0 8.297797018721561e+18 2.8279734828665463e+19 0.0 1.5527133868910033e+19 7.763566934455571e+19 0.0 -1.1472362453602025e+18 -1.4264701223189604e+18 0.0 -1.0280943541047997e+18 1.0915620897019123e+17 0.0 -1.652353165592021e+18 1.5934803007970081e+18 0.0 -2.9150382651532406e+18 2.646131617497147e+18 0.0 -4.2195951625028465e+18 3.4523429610943176e+18 0.0 -4.864138344286106e+18 3.8524671378965555e+18 0.0 -4.344573544800795e+18 4.148585145128197e+18 0.0 -2.582814389404033e+18 5.108367266043187e+18 0.0 7.24906995365322e+17 8.578329292185743e+18 0.0 5.781977490905414e+18 1.773990001180341e+19 0.0 9.12839718397826e+18 4.564198591989587e+19 0.0 -7.104355286731621e+17 -7.69438018879859e+17 0.0 -6.040376728786643e+17 6.997430205358208e+16 0.0 -8.885570949393934e+17 9.408550939201728e+17 0.0 -1.4725470919090516e+18 1.6927311906686628e+18 0.0 -2.0645633766033175e+18 2.458571028164338e+18 0.0 -2.3124801448357586e+18 3.0765610977290127e+18 0.0 -1.888697820327612e+18 3.6188070021106775e+18 0.0 -5.779957454501359e+17 4.5821669797972675e+18 0.0 1.6204202461502216e+18 6.662303309805449e+18 0.0 3.9827517866336543e+18 1.1189771415587588e+19 0.0 5.415538888632696e+18 2.7077694443167273e+19 0.0 -4.5210431684764186e+17 -3.7555045425618016e+17 0.0 -3.694712419801572e+17 5.500418648077614e+16 0.0 -5.112371452044349e+17 5.5790045643911744e+17 0.0 -7.838662610360453e+17 1.0820492521791094e+18 0.0 -1.0236686847804701e+18 1.7234893239062968e+18 0.0 -9.944108104268015e+17 2.3971945129321037e+18 0.0 -5.323335149754445e+17 3.092420908867825e+18 0.0 4.993430822431709e+17 3.962148420973031e+18 0.0 1.6694974523642514e+18 4.921825439243902e+18 0.0 2.619843399920028e+18 7.012235579516229e+18 0.0 3.268126906009603e+18 1.6340634530050578e+19 0.0 -2.978050500614363e+17 -1.4440266582587312e+17 0.0 -2.6939183760461568e+17 4.2632631455918296e+16 0.0 -4.0008132021359315e+17 3.162606896865438e+17 0.0 -5.668459029188746e+17 6.707160375427455e+17 0.0 -5.735255986554565e+17 1.231133346876867e+18 0.0 -6.348412801459942e+16 1.9781053575040233e+18 0.0 1.1072223459279938e+17 2.550843496204955e+18 0.0 7.740274077729462e+17 3.1502949769531674e+18 0.0 1.3013635280228073e+18 3.4840106214630257e+18 0.0 1.7127811863492268e+18 4.482854888300264e+18 0.0 2.032088590739792e+18 1.016044295370037e+19 0.0 -1.601162180444335e+17 -6.871284966583463e+16 0.0 -1.710007137652747e+17 1351479768191664.5 0.0 -2.76774061894145e+17 1.5523546846616822e+17 0.0 -4.019216057324759e+17 4.858987266964035e+17 0.0 -4.1925826148299936e+17 1.178146712241814e+18 0.0 -4.076185938486636e+17 1.4245634689420362e+18 0.0 -2.4692828427671587e+17 1.6616946014149706e+18 0.0 6.104801277941715e+17 2.3956169510646323e+18 0.0 1.699171848044053e+18 2.729818301316782e+18 0.0 1.1738407261301484e+18 2.9447290589343227e+18 0.0 1.2987801966993636e+18 6.493900983497599e+18 0.0 -5.049773835349188e+16 -3.735641814347074e+16 0.0 -5.225300938733046e+16 3107729315945633.0 0.0 -8.585956090598763e+16 7.348269099409394e+16 0.0 -1.791782636331563e+17 2.0519133324491043e+17 0.0 -3.67608650244278e+17 4.621715545582181e+17 0.0 -7.07894117465899e+17 8.72219910834907e+17 0.0 -3.636523849272079e+17 1.7188799204489242e+18 0.0 1.7795628833781725e+17 2.6404166730666895e+18 0.0 4.556746569067147e+17 1.8231688500887514e+18 0.0 4.7474446337186394e+17 1.353009078985587e+18 0.0 8.369419161998758e+17 4.18470958100017e+18 0.0 -2.0043997823421784e+16 -2.7072708826701844e+16 0.0 -1.6728858529238156e+16 1751115848871786.0 0.0 -2.0303935100562296e+16 4.472375121891295e+16 0.0 -3.3060349525978464e+16 1.2828709343972112e+17 0.0 -5.6812448754967304e+16 3.027387821395483e+17 0.0 -8.78027763994997e+16 6.118902689899898e+17 0.0 -1.2333674605623984e+17 1.0350012528827308e+18 0.0 -2.350548784184144e+17 1.3973558265517373e+18 0.0 -4.65920533582563e+17 1.476109903711339e+18 0.0 4.797032616748472e+17 1.7338829484902093e+18 0.0 6.530411885634388e+17 3.265205942818014e+18 0.0 -9715851390044054.0 -2.0066202473358324e+16 0.0 -5327054864382954.0 1765024337099839.5 0.0 -73198845980328.02 3.2936679989511268e+16 0.0 8912920053248488.0 9.354829314837909e+16 0.0 2.930332036483077e+16 2.2483118071282566e+17 0.0 7.379085602262181e+16 4.6663808099353274e+17 0.0 1.4860099685966493e+17 8.150165493783055e+17 0.0 2.4435836480952733e+17 1.1755053276362102e+18 0.0 3.4384572490033683e+17 1.3972266954874524e+18 0.0 4.304710154590243e+17 1.3924142681175286e+18 0.0 5.033345990857302e+17 2.5166729954291876e+18 0.0 -5903158281639752.0 -1.5696465541000774e+16 0.0 -2088887663475520.8 1606393610005166.5 0.0 4297373774509640.0 2.5901364350427012e+16 0.0 1.58426534283507e+16 7.180460417758958e+16 0.0 4.0875974577474856e+16 1.7151752411010416e+17 0.0 8.99629984517114e+16 3.588876212085193e+17 0.0 1.6832176995359213e+17 6.352124571035213e+17 0.0 2.6164444512530147e+17 9.283760220268433e+17 0.0 3.352808264709544e+17 1.1093567031514252e+18 0.0 3.511595228780522e+17 1.0893677312434134e+18 0.0 3.904899265126702e+17 1.9524496325637043e+18 0.0 -4223419304677951.5 -1.2866251571919826e+16 0.0 -1073614184359115.0 1306297619179953.5 0.0 4502902555693900.0 2.0607877502056788e+16 0.0 1.4301976211790674e+16 5.61539995020947e+16 0.0 3.5850021427878732e+16 1.335956589420776e+17 0.0 7.794540141712173e+16 2.8048059006207712e+17 0.0 1.4353901126738253e+17 4.995412767546102e+17 0.0 2.194739341959388e+17 7.352863645272325e+17 0.0 2.7532093439057315e+17 8.824934954115834e+17 0.0 2.8180934757290074e+17 8.656751998312141e+17 0.0 3.0952631059286163e+17 1.54763155296458e+18 0.0 -3297283997583311.5 -1.085416167695586e+16 0.0 -657955881841277.6 1018752722580563.8 0.0 4019230844791314.0 1.6697147483525854e+16 0.0 1.2103774757152064e+16 4.492464346706815e+16 0.0 2.985149139876532e+16 1.0647656268114016e+17 0.0 6.457545101228418e+16 2.2404785649350586e+17 0.0 1.1867891901176395e+17 4.010067653945764e+17 0.0 1.8104676363156915e+17 5.937401374049454e+17 0.0 2.2593643392874547e+17 7.158909651079903e+17 0.0 2.296299038554671e+17 7.02710322824842e+17 0.0 2.5091864422987795e+17 1.254593221149538e+18 0.0 -2698280113946264.5 -9320717172115646.0 0.0 -443639872150028.8 801199403100906.9 0.0 3521555569300887.0 1.3815110862346704e+16 0.0 1.0259417934404852e+16 3.676375156996758e+16 0.0 2.501751963030333e+16 8.680027012294155e+16 0.0 5.391022300070021e+16 1.8293279197493398e+17 0.0 9.902983083253144e+16 3.28832344195949e+17 0.0 1.511280293160694e+17 4.893882842330506e+17 0.0 1.8835646402118762e+17 5.926030121264549e+17 0.0 1.9071639930125952e+17 5.822739344997039e+17 0.0 2.077138803835814e+17 1.038569401918208e+18 0.0 -2268318691740246.5 -8111453814165457.0 0.0 -313957264398154.25 645847390478011.4 0.0 3094144613529642.5 1.1654415736982546e+16 0.0 8791016669904433.0 3.0704238871410824e+16 0.0 2.1247061332847012e+16 7.222611261022987e+16 0.0 4.567262109974686e+16 1.5240866002970563e+17 0.0 8.391754735857888e+16 2.7500028478334483e+17 0.0 1.2815516867469278e+17 4.111591391958981e+17 0.0 1.597313467286756e+17 4.9987780008754477e+17 0.0 1.613239831594435e+17 4.917015872964895e+17 0.0 1.7527438773695706e+17 8.763719386850981e+17 0.0 -1942009355351766.2 -7139370044955120.0 0.0 -226875406443751.0 536416512251290.4 0.0 2741707631703351.5 1.000584372867128e+16 0.0 7631771409281508.0 2.611935883802292e+16 0.0 1.8310101876618972e+16 6.1226620682858424e+16 0.0 3.928681741154395e+16 1.2932546176833574e+17 0.0 7.222232001914613e+16 2.3412509031207693e+17 0.0 1.1040762707569458e+17 3.5151207950991277e+17 0.0 1.3767776926893277e+17 4.289631712962606e+17 0.0 1.3878587999250994e+17 4.224305668761432e+17 0.0 1.50498621703698e+17 7.52493108518707e+17 0.0 -1685903094269131.0 -6348415067385041.0 0.0 -164434150521801.56 458978234063815.2 0.0 2453874827143508.5 8727741606547029.0 0.0 6712712686164538.0 2.2590581702436892e+16 0.0 1.6002418297559998e+16 5.278079645705124e+16 0.0 3.428459494841221e+16 1.11572398276359e+17 0.0 6.306913218363849e+16 2.0257886686487485e+17 0.0 9.653434045329528e+16 3.0530845286570144e+17 0.0 1.2046255640790104e+17 3.738760633000731e+17 0.0 1.2125217611809578e+17 3.6861827715817786e+17 0.0 1.3127545348920194e+17 6.563772674462089e+17 0.0 -1479906073079129.5 -5699332871127668.0 0.0 -117839834646652.39 403341182506882.6 0.0 2218551156207973.8 7722185238030411.0 0.0 5977658841239844.0 1.9832394372347676e+16 0.0 1.416981039358431e+16 4.619440270382456e+16 0.0 3.032098441757811e+16 9.770949416570587e+16 0.0 5.581987386684257e+16 1.778711517671471e+17 0.0 8.555530510431381e+16 2.690003245217512e+17 0.0 1.0684845615687864e+17 3.30471968495742e+17 0.0 1.0742449882785965e+17 3.262152701420433e+17 0.0 1.1614398739742682e+17 5.807199369871802e+17 0.0 -233420076769603.3 -3546388086026311.0 0.0 -203050388631554.16 389303069860585.44 0.0 -281642940652961.44 6245409264348100.0 0.0 -497971904202669.3 1.5851767707234058e+16 0.0 -963079016286624.9 3.67530940573219e+16 0.0 -1766567025827972.2 7.768686306933838e+16 0.0 -2740880533444712.5 1.4159155938137672e+17 0.0 -3269631822046862.5 2.1450748552636285e+17 0.0 -2660517355014940.5 2.638465836476553e+17 0.0 -1075343472334371.0 2.6024202058898704e+17 0.0 0.0 7.285375378385578e+17 0.0 678356902879040.6 -4557106227332421.0 0.0 -315711271422691.94 454301266333336.1 0.0 -2373634880235857.5 6443054719758185.0 0.0 -5793700069446018.0 1.6190279179159244e+16 0.0 -1.3228747369491586e+16 3.738985466563009e+16 0.0 -2.77378463809851e+16 7.899501965531806e+16 0.0 -5.0243818505496296e+16 1.4415621638448768e+17 0.0 -7.555951827686373e+16 2.1878442304158582e+17 0.0 -9.198793790206384e+16 2.6948181132616394e+17 0.0 -8.945441960561766e+16 2.657027256268729e+17 0.0 -9.4339605290679e+16 4.7169802645354445e+17 0.0 647049050188800.1 -4210745349301041.5 0.0 -269022990732658.97 407718649853893.56 0.0 -2144120661846028.0 5882523084854320.0 0.0 -5223398802815403.0 1.4709712747378596e+16 0.0 -1.191605192422485e+16 3.390085470004083e+16 0.0 -2.50202881912922e+16 7.16633575472616e+16 0.0 -4.545634703385849e+16 1.3105271472350189e+17 0.0 -6.862742190142186e+16 1.9946261318972486e+17 0.0 -8.389543364179048e+16 2.4637515780061446e+17 0.0 -8.183250644260262e+16 2.4328866502120515e+17 0.0 -8.639944634899115e+16 4.319972317450888e+17 0.0 618998765277475.4 -3915951392743681.5 0.0 -233193134471846.25 371426820239116.56 0.0 -1957330672189531.5 5421617136476175.0 0.0 -4760737815510906.0 1.3499362374192692e+16 0.0 -1.0851654937927392e+16 3.1052915817316748e+16 0.0 -2.2812684229679628e+16 6.567346488917692e+16 0.0 -4.155514598914818e+16 1.2032429239953312e+17 0.0 -6.295652736694931e+16 1.836014180868161e+17 0.0 -7.724961694135931e+16 2.2736210909979952e+17 0.0 -7.555882982608792e+16 2.248315144231158e+17 0.0 -7.986364184064891e+16 3.9931820920344794e+17 0.0 594629523958919.4 -3667367399270130.5 0.0 -205597008845387.47 342846964104235.0 0.0 -1804106882516114.2 5040206124872198.0 0.0 -4381644017233978.0 1.2500894778005706e+16 0.0 -9980028834968716.0 2.870704449460066e+16 0.0 -2.1001988172142764e+16 6.073555321577375e+16 0.0 -3.83464976519227e+16 1.1146312096512219e+17 0.0 -5.827629709636752e+16 1.7047025489575622e+17 0.0 -7.1745775803624456e+16 2.115877618835242e+17 0.0 -7.03522139614898e+16 2.0950701301600653e+17 0.0 -7.443880722571694e+16 3.72194036128621e+17 0.0 573440074998428.8 -3456805698513366.0 0.0 -183293875352507.62 319749616291664.1 0.0 -1677309756560258.5 4722101681606402.0 0.0 -4068270243872282.5 1.167057545108015e+16 0.0 -9259916331953854.0 2.6758902312833988e+16 0.0 -1.9504281959057964e+16 5.663228559775844e+16 0.0 -3.568565706510422e+16 1.0408722368585312e+17 0.0 -5.43832811752941e+16 1.595172028883507e+17 0.0 -6.715352679516368e+16 1.9840438041116858e+17 0.0 -6.599956597227997e+16 1.9669045828339507e+17 0.0 -6.990284348976224e+16 3.495142174490213e+17 0.0 554997856598080.4 -3277711968275348.0 0.0 -165085422581840.5 300852118299682.56 0.0 -1571564761839027.2 4454968872590528.5 0.0 -3807195648075078.5 1.0975185811709078e+16 0.0 -8660298964841666.0 2.5129352345911256e+16 0.0 -1.8255942316164236e+16 5.319841731123513e+16 0.0 -3.3462977750088124e+16 9.790549277339128e+16 0.0 -5.112254638106922e+16 1.5032022415072464e+17 0.0 -6.329654695704152e+16 1.8731526749303584e+17 0.0 -6.2337413718146264e+16 1.859026264187479e+17 0.0 -6.6085546410572104e+16 3.3042773205311475e+17 0.0 538935405062568.6 -3124815479508441.0 0.0 -150082504326420.62 285223515413199.2 0.0 -1482773138101456.2 4229296230957679.5 0.0 -3588196806293537.0 1.03891911051382e+16 0.0 -8157581920714613.0 2.3757728857914308e+16 0.0 -1.7208398211964086e+16 5.030691915766283e+16 0.0 -3.1594372835447332e+16 9.269343788922786e+16 0.0 -4.837473652319115e+16 1.4255295397601898e+17 0.0 -6.0038369748436936e+16 1.7793529130519402e+17 0.0 -5.923894537271637e+16 1.7677174652057235e+17 0.0 -6.285498741628338e+16 3.142749370816473e+17 0.0 524942425733059.56 -2993857771286412.5 0.0 -137616288322800.5 272177465504338.53 0.0 -1407771966374011.0 4037668671140502.5 0.0 -3403393705601825.0 9892746018580270.0 0.0 -7733584590265098.0 2.259694622273981e+16 0.0 -1.6324225641137708e+16 4.7859106185967064e+16 0.0 -3.0014664270108916e+16 8.827616566902437e+16 0.0 -4.6046919033412e+16 1.3596037345691408e+17 0.0 -5.727228043123981e+16 1.699627365934891e+17 0.0 -5.660477525217932e+16 1.6900640636500726e+17 0.0 -6.010783030456752e+16 3.00539151523045e+17 0.0 512757292580495.2 -2881381937331140.0 0.0 -127177413812143.67 261200267689795.34 0.0 -1344094037551639.0 3874246987055872.0 0.0 -3246646757012134.5 9470270341135900.0 0.0 -7374147200956874.0 2.161008747206816e+16 0.0 -1.5574220364289248e+16 4.57775231617196e+16 0.0 -2.867281583284882e+16 8.451608500402272e+16 0.0 -4.406602312174692e+16 1.303412943748129e+17 0.0 -5.491403094971609e+16 1.6315898921733792e+17 0.0 -5.435626715028799e+16 1.6237599419194877e+17 0.0 -5.776234894691528e+16 2.888117447347082e+17 0.0 502159340411598.25 -2784568710408196.0 0.0 -118373530665906.94 251901853805226.38 0.0 -1289795715143697.8 3734390488751461.0 0.0 -3113124896238272.5 9109418685909632.0 0.0 -7068132574499497.0 2.0767938773026004e+16 0.0 -1.4935372310106766e+16 4.4000819396461896e+16 0.0 -2.7528491011800844e+16 8.130397745270749e+16 0.0 -4.2374076626893224e+16 1.2553559760933213e+17 0.0 -5.289652824170634e+16 1.5733369866222358e+17 0.0 -5.2430662548214296e+16 1.566964179395568e+17 0.0 -5.575333561537155e+16 2.787666780769778e+17 0.0 492962310543977.8 -2701108642074120.5 0.0 -110899200453755.44 243981980860767.38 0.0 -1243331945353957.5 3614380184229130.0 0.0 -2998992280142693.5 8800326443300684.0 0.0 -6806701957992765.0 2.0047186605217252e+16 0.0 -1.438939201363298e+16 4.247999493534146e+16 0.0 -2.6549537986176692e+16 7.855243837544357e+16 0.0 -4.09247084126873e+16 1.2141483106938389e+17 0.0 -5.116591701411323e+16 1.5233382140437907e+17 0.0 -5.077748178023027e+16 1.5181956095915446e+17 0.0 -5.402834645044943e+16 2.7014173225250454e+17 0.0 485008946607057.3 -2629102212179797.5 0.0 -104514260377734.3 237206604341712.66 0.0 -1203464432095637.2 3511213507859062.5 0.0 -2901178349335737.0 8535051864849794.0 0.0 -6582783585692639.0 1.9429085143257036e+16 0.0 -1.392162651005382e+16 4.117562171012258e+16 0.0 -2.57101318466461e+16 7.61910088188238e+16 0.0 -3.968055277110206e+16 1.1787521122425531e+17 0.0 -4.967866036498288e+16 1.4803544682930752e+17 0.0 -4.935583762942252e+16 1.476254154921776e+17 0.0 -5.254490369169751e+16 2.6272451845873802e+17 0.0 478166591699829.94 -2566981507697470.0 0.0 -99027631092308.86 231391008649328.9 0.0 -1169193442710411.8 3422450556098498.5 0.0 -2817207249796748.0 8307159083843782.0 0.0 -6390678499099911.0 1.8898461270047864e+16 0.0 -1.352025341243315e+16 4.0055766013323864e+16 0.0 -2.4989388417860276e+16 7.416252713063898e+16 0.0 -3.861130442123482e+16 1.1483236389744051e+17 0.0 -4.839934344010514e+16 1.443376410623989e+17 0.0 -4.8132410969485384e+16 1.440161573435075e+17 0.0 -5.126839045174348e+16 2.5634195225899907e+17 0.0 472323300703077.8 -2513447008842520.5 0.0 -94279658039056.66 226385794512073.47 0.0 -1139706518953943.8 3346097406594299.5 0.0 -2745070038117231.0 8111403582951523.0 0.0 -6225765300453062.0 1.844296479730842e+16 0.0 -1.3175676036905836e+16 3.9094421119751496e+16 0.0 -2.4370320350101644e+16 7.242037019470042e+16 0.0 -3.769224793380953e+16 1.1221733721843632e+17 0.0 -4.7299006631457176e+16 1.4115776997780838e+17 0.0 -4.707991197813964e+16 1.4091164322243043e+17 0.0 -5.017045236351865e+16 2.5085226181770755e+17 0.0 467380438851198.44 -2467396368518862.0 0.0 -90155740769794.36 222075500157622.88 0.0 -1114330459277571.6 3280509002516056.0 0.0 -2683128077254668.0 7943492939986139.0 0.0 -6084277030896574.0 1.805249870587779e+16 0.0 -1.288006545232837e+16 3.8270314969067176e+16 0.0 -2.383904432463597e+16 7.092635037368819e+16 0.0 -3.6903136773503064e+16 1.0997355481485435e+17 0.0 -4.6353870592624456e+16 1.3842791778912618e+17 0.0 -4.617590118239508e+16 1.3824596174599957e+17 0.0 -4.92277741840737e+16 2.4613887092059942e+17 0.0 463266785208865.44 -2427968055222111.0 0.0 -86564346178149.73 218373847170260.7 0.0 -1092518018360657.8 3224345946563763.5 0.0 -2630036982315308.0 7799896174642796.0 0.0 -5963131190750111.0 1.7718782938478488e+16 0.0 -1.2627011026451928e+16 3.7565996457418424e+16 0.0 -2.3384174360570096e+16 6.964910070983573e+16 0.0 -3.6227332555635304e+16 1.0805447100321454e+17 0.0 -4.554435406339138e+16 1.360921253649405e+17 0.0 -4.540187985789689e+16 1.359647728579793e+17 0.0 -4.842113667184103e+16 2.4210568335933654e+17 0.0 459918524967992.06 -2394420088936437.5 0.0 -83415800413062.53 215205237761580.62 0.0 -1073844531774359.6 3176506816629701.0 0.0 -2584693120268249.0 7677711360028378.0 0.0 -5859799329240744.0 1.743501830844274e+16 0.0 -1.2411251934629114e+16 3.6967130848630616e+16 0.0 -2.299635447117955e+16 6.856282742607857e+16 0.0 -3.5651139930069504e+16 1.0642175538121541e+17 0.0 -4.4854312711385736e+16 1.3410424804869723e+17 0.0 -4.474258408446048e+16 1.3402324322593794e+17 0.0 -4.773468513432957e+16 2.3867342567192534e+17 0.0 457284397794586.44 -2366138919343784.0 0.0 -80636073644718.4 212489657688379.0 0.0 -1057946327649227.1 3136080753873004.5 0.0 -2546196664958700.0 7574576072872376.0 0.0 -5772206403987930.0 1.7195626241618494e+16 0.0 -1.2228469706713948e+16 3.646195375930701e+16 0.0 -2.266789674087146e+16 6.764634157046856e+16 0.0 -3.516329009619349e+16 1.0504388077455336e+17 0.0 -4.427044649943334e+16 1.3242628651558424e+17 0.0 -4.418543433717612e+16 1.3238443686788909e+17 0.0 -4.715535952437408e+16 2.357767976222273e+17 0.0 455324555055159.56 -2342620214706319.0 0.0 -78167732275794.7 210174880878781.1 0.0 -1044503243722311.4 3102313760845608.5 0.0 -2513804943057509.0 7488543734006581.0 0.0 -5698652772226202.0 1.6996046585891316e+16 0.0 -1.2075127269844008e+16 3.604084669438927e+16 0.0 -2.239249994457024e+16 6.6882305029144056e+16 0.0 -3.47545382618982e+16 1.038950217370334e+17 0.0 -4.378183590784717e+16 1.310270824677463e+17 0.0 -4.372010504581023e+16 1.3101805728045178e+17 0.0 -4.667244916770241e+16 2.333622458387009e+17 0.0 454009701612868.2 -2323453670676713.0 0.0 -75922371941798.66 208204735023563.72 0.0 -1033266223278636.8 3074596852779871.5 0.0 -2486911677097340.0 7418033984052194.0 0.0 -5637753576807389.0 1.6832580406648688e+16 0.0 -1.1948343796384964e+16 3.5696006843768824e+16 0.0 -2.216503040307128e+16 6.625664319524327e+16 0.0 -3.4417349657378052e+16 1.0295419588687792e+17 0.0 -4.337958068834078e+16 1.298812999613405e+17 0.0 -4.3338187900315096e+16 1.298994633772676e+17 0.0 -4.627724472824385e+16 2.3138622364130835e+17 0.0 453290473118757.44 -2308160992623503.0 0.0 -73876160167888.8 206549470133421.66 0.0 -1024019200256588.5 3052401243523596.0 0.0 -2465026506719229.5 7361781190658314.0 0.0 -5588391677641179.0 1.6702268110951918e+16 0.0 -1.1845797489646882e+16 3.542119097729092e+16 0.0 -2.1981351570896496e+16 6.575808895955839e+16 0.0 -3.414565450350556e+16 1.0220459476237507e+17 0.0 -4.305651813035659e+16 1.2896863188348611e+17 0.0 -4.303292981433522e+16 1.2900890435484278e+17 0.0 -4.596276740120252e+16 2.2981383700613162e+17 0.0 453170672549780.3 -2296554705964764.0 0.0 -72073517158969.83 205207593940740.97 0.0 -1016605335387462.8 3035361536585260.0 0.0 -2447759128772749.5 7318794817167850.0 0.0 -5549681275313187.0 1.6602795737558158e+16 0.0 -1.1765650468426318e+16 3.5211518467195704e+16 0.0 -2.183819228778044e+16 6.537783166350749e+16 0.0 -3.3934658806813696e+16 1.0163306887216589e+17 0.0 -4.280700373413626e+16 1.2827318733663701e+17 0.0 -4.279902986799149e+16 1.2833092838216922e+17 0.0 -4.572355993705321e+16 2.2861779968543123e+17 0.0 453680439359962.0 -2288597788778666.5 0.0 -70464276561132.78 204150494929782.62 0.0 -1010910137952072.6 3023228766542219.5 0.0 -2434807138978805.0 7288329441003383.0 0.0 -5520940113754047.0 1.6532424139287928e+16 0.0 -1.1706491423101496e+16 3.5063322411514324e+16 0.0 -2.1733046195605916e+16 6.510925152763243e+16 0.0 -3.3780699988168856e+16 1.0122973781615752e+17 0.0 -4.262674489989811e+16 1.2778302788679112e+17 0.0 -4.2632485180145624e+16 1.2785393478780171e+17 0.0 -4.555552841868203e+16 2.277776420935098e+17 0.0 454828082295023.8 -2284157459612507.5 0.0 -68979368017516.914 203346503257962.9 0.0 -1006836266669025.8 3015797908451113.0 0.0 -2425946896376408.5 7269862806166841.0 0.0 -5501668708930586.0 1.6489937212646006e+16 0.0 -1.1667292869899478e+16 3.4974040816972696e+16 0.0 -2.1664096873215684e+16 6.4947725463708504e+16 0.0 -3.3681139578039544e+16 1.0098770501219608e+17 0.0 -4.251267782588016e+16 1.2748982822392982e+17 0.0 -4.2530477637974056e+16 1.275698466391834e+17 0.0 -4.5455826658715896e+16 2.272791332937754e+17 0.0 -2494233725076.2827 -3196423911486402.5 0.0 -78527870560734.55 232006693926999.2 0.0 -1149463688030479.2 3443699994277058.5 0.0 -2769725082283707.5 8301231164641346.0 0.0 -6281399410863180.0 1.8829193427584704e+16 0.0 -1.3321192106822442e+16 3.993585670332434e+16 0.0 -2.4736037337850824e+16 7.416373464149533e+16 0.0 -3.845900064912193e+16 1.1532152020071026e+17 0.0 -4.8546152883452056e+16 1.4559045106050576e+17 0.0 -4.8569159382793064e+16 1.456859783324458e+17 0.0 -7.948986049884414e+16 2.384695814969801e+17 0.0
    </DataArray>
    <DataArray type="Float32" Name="Ion drift flux Density [Am^-2]" NumberOfComponents="3" format="ascii">
-8.42185541288798e+28 8.716694380168743e+30 0.0 2.814904925712336e+30 9.352400583824448e+30 0.0 8.38015856277583e+30 2.793889278110632e+31 0.0 1.4886105428071098e+31 4.778730555334487e+31 0.0 2.1472747348583204e+31 6.514080425923297e+31 0.0 2.7409524573196796e+31 7.877956120329927e+31 0.0 3.111664405204952e+31 8.614010101672834e+31 0.0 3.1131345513901453e+31 8.496457260759163e+31 0.0 2.7165196089810447e+31 7.4870132080172765e+31 0.0 2.029072943255136e+31 5.772680965818352e+31 0.0 3.1403732942524696e+31 9.421119882758273e+31 0.0 9.798505626965206e+29 5.14479464409731e+30 0.0 1.9372415751489527e+30 6.410841898760453e+30 0.0 5.827480939393535e+30 1.9311625808056914e+31 0.0 1.0576589282285686e+31 3.370472846252973e+31 0.0 1.5525962706790726e+31 4.668131801864843e+31 0.0 2.0106699816593152e+31 5.725119403774621e+31 0.0 2.3130036833453042e+31 6.350438256799811e+31 0.0 2.34538814005959e+31 6.360194617062648e+31 0.0 2.075408473604717e+31 5.694390856836405e+31 0.0 1.5750139965175404e+31 4.469809153192245e+31 0.0 1.6070265085352e+31 8.03513254267662e+31 0.0 5.8579113225754156e+29 3.2013736996238737e+30 0.0 9.792108974413376e+29 3.485779995082273e+30 0.0 2.9769803336088674e+30 1.055503121003536e+31 0.0 5.881752361767594e+30 1.9270690619885432e+31 0.0 9.419402510552619e+30 2.767103597124227e+31 0.0 1.3102268614903282e+31 3.503643517252484e+31 0.0 1.5922545999078577e+31 4.0196999601453552e+31 0.0 1.6807803669175198e+31 4.175779598891603e+31 0.0 1.5264057380795104e+31 3.8830604136735255e+31 0.0 1.1732105489014237e+31 3.1743263522180685e+31 0.0 1.1765631055658751e+31 5.882815527829707e+31 0.0 3.1419342155675826e+29 1.7571586005445362e+30 0.0 4.5242048729766416e+29 1.644501938467385e+30 0.0 1.365060684376576e+30 4.868546096487244e+30 0.0 2.8853706854044375e+30 9.286852573929059e+30 0.0 4.929806882438387e+30 1.3859465109480892e+31 0.0 7.208506078909055e+30 1.8121821276111866e+31 0.0 9.126572492932967e+30 2.1509257709984757e+31 0.0 9.976605159160392e+30 2.3186832264056443e+31 0.0 9.320641385030771e+30 2.2411415477307866e+31 0.0 7.334033930349428e+30 1.9143858652125489e+31 0.0 7.378946829116322e+30 3.6894734145583717e+31 0.0 1.662347757098395e+29 9.391067381334812e+29 0.0 2.1531959795103135e+29 7.725617539629804e+29 0.0 6.2920218689876064e+29 2.1802505641972332e+30 0.0 1.3781333873847365e+30 4.295249496881205e+30 0.0 2.447245091617519e+30 6.650327220773658e+30 0.0 3.6810231249096994e+30 8.920957464782302e+30 0.0 4.765834556431424e+30 1.0810706500511857e+31 0.0 5.317615057072896e+30 1.1906719163577808e+31 0.0 5.073333178891872e+30 1.1809388193351495e+31 0.0 4.095476307186949e+30 1.0463324127753794e+31 0.0 4.181095716756384e+30 2.0905478583783116e+31 0.0 8.92741595423539e+28 5.069487190088476e+29 0.0 1.07098649249231e+29 3.776574805377994e+29 0.0 2.964317430397998e+29 1.0012253317004314e+30 0.0 6.53143430375703e+29 2.003640446230337e+30 0.0 1.1831430219798944e+30 3.2026201557881613e+30 0.0 1.8102209313087984e+30 4.3893879958912565e+30 0.0 2.374600253366485e+30 5.380402233730062e+30 0.0 2.6825366390405714e+30 5.977640741766146e+30 0.0 2.598872276864839e+30 6.004791633399004e+30 0.0 2.1502665065025394e+30 5.457281005958706e+30 0.0 2.2424053511937416e+30 1.1212026755969133e+31 0.0 4.87685047442149e+28 2.784308854658451e+29 0.0 5.498507574659907e+28 1.923254519540549e+29 0.0 1.422631564508533e+29 4.763824618843387e+29 0.0 3.0836167574183618e+29 9.521277912190813e+29 0.0 5.613671071625301e+29 1.55725723484247e+30 0.0 8.681807671252447e+29 2.1766730676183194e+30 0.0 1.1517186899281595e+30 2.6949978875995117e+30 0.0 1.3167923234866667e+30 3.008805734059056e+30 0.0 1.2960644159518172e+30 3.0429313537169574e+30 0.0 1.1040243840434536e+30 2.822743072256435e+30 0.0 1.1805108870738274e+30 5.90255443536933e+30 0.0 2.6958680627967272e+28 1.5515890448154368e+29 0.0 2.8791366707679336e+28 1.010534629276675e+29 0.0 6.950874086194719e+28 2.3449113252982186e+29 0.0 1.4639049272675893e+29 4.625162207772362e+29 0.0 2.6502547979833456e+29 7.669579306212755e+29 0.0 4.121226566356296e+29 1.09107299619018e+30 0.0 5.525777331126282e+29 1.3670217499954965e+30 0.0 6.407920971382414e+29 1.5363167035734052e+30 0.0 6.430223021867133e+29 1.5638910257891854e+30 0.0 5.66311097639465e+29 1.4764596843329426e+30 0.0 6.269401634268837e+29 3.1347008171345896e+30 0.0 1.4975580605811177e+28 8.725206990276677e+28 0.0 1.523222459292303e+28 5.422091611106219e+28 0.0 3.4553552795020266e+28 1.1886105258485465e+29 0.0 7.062138064170367e+28 2.305259591625902e+29 0.0 1.2660003313347288e+29 3.8513352419056665e+29 0.0 1.9740051845227104e+29 5.566997323977848e+29 0.0 2.6742524963418153e+29 7.075125041035163e+29 0.0 3.1521478681374725e+29 8.034787753589594e+29 0.0 3.2395623770486085e+29 8.262147613166631e+29 0.0 2.967515561541595e+29 7.952981098197682e+29 0.0 3.4234999671097264e+29 1.7117499835549462e+30 0.0 8.278682340150529e+27 4.91648820861451e+28 0.0 8.066837174072101e+27 2.9433785473550347e+28 0.0 1.7416323185540194e+28 6.164595524064001e+28 0.0 3.4792734124683853e+28 1.1791373840571937e+29 0.0 6.198484573709408e+28 1.9837399347684086e+29 0.0 9.704436329183863e+28 2.9134144249345884e+29 0.0 1.3307916703628528e+29 3.767532203505528e+29 0.0 1.5995590412511985e+29 4.34638367289582e+29 0.0 1.6937827173586824e+29 4.546718865307089e+29 0.0 1.6213411943175663e+29 4.480029484547621e+29 0.0 1.9446513589784968e+29 9.723256794893168e+29 0.0 4.4689522657976196e+27 2.7439271230547025e+28 0.0 4.225413124568355e+27 1.6019801561321931e+28 0.0 8.858667456908674e+27 3.2508220577849804e+28 0.0 1.7504754985845995e+28 6.169483246042189e+28 0.0 3.125328218239272e+28 1.0486036217750482e+29 0.0 4.9484053843214695e+28 1.571067047916821e+29 0.0 6.909979790193784e+28 2.078591492887462e+29 0.0 8.528683735108374e+28 2.456290906407098e+29 0.0 9.390855824560042e+28 2.6439629173230647e+29 0.0 9.344569645833318e+28 2.6589091580819036e+29 0.0 1.1554185424856907e+29 5.777092712429041e+29 0.0 2.257687192566371e+27 1.4817585990932149e+28 0.0 2.1565256108604845e+27 8.661617561683416e+27 0.0 4.511153774129082e+27 1.725530898843784e+28 0.0 8.961413449859285e+27 3.2789073676141485e+28 0.0 1.6256979315247647e+28 5.681527476391095e+28 0.0 2.636287580994226e+28 8.76621196778258e+28 0.0 3.796684977120065e+28 1.2007791635834482e+29 0.0 4.8726157058818736e+28 1.4732998421183182e+29 0.0 5.584736687993031e+28 1.6381618313889004e+29 0.0 5.691509407240599e+28 1.6620167236853537e+29 0.0 7.190961735753992e+28 3.595480867877412e+29 0.0 9.39820572370417e+26 7.36583271844913e+27 0.0 1.0399239919834558e+27 4.5036321371784134e+27 0.0 2.2931272435265441e+27 9.105240237908358e+27 0.0 4.6905613821102193e+27 1.768410096127698e+28 0.0 8.792462541399241e+27 3.172709716522205e+28 0.0 1.4912234099529514e+28 5.140308657786634e+28 0.0 2.2306320353767487e+28 7.3480200066211595e+28 0.0 2.985556844403181e+28 9.39816524323349e+28 0.0 3.521338276927215e+28 1.0688117327721921e+29 0.0 3.6490468470472883e+28 1.0892770005378793e+29 0.0 4.6842364425971715e+28 2.3421182212988294e+29 0.0 3.709743233259002e+26 2.9660159998884507e+27 0.0 4.0392313191407206e+26 1.7382285107722787e+27 0.0 8.808800593139255e+26 3.499393119619988e+27 0.0 2.064989604372684e+27 7.853628328202672e+27 0.0 4.654473632531004e+27 1.7127437396370667e+28 0.0 9.628200911854569e+27 3.423404696729574e+28 0.0 1.3908058528898317e+28 4.75080167719885e+28 0.0 1.935937126320037e+28 6.312639954311519e+28 0.0 2.349471536608651e+28 7.32559053910995e+28 0.0 2.456383637459513e+28 7.469859356709162e+28 0.0 3.1870465059933883e+28 1.593523252996843e+29 0.0 2.3284021681623245e+26 1.5193267205610783e+27 0.0 2.051831620880416e+26 8.033629178311562e+26 0.0 3.986771373697723e+26 1.5157384686632998e+27 0.0 8.785816402553935e+26 3.2723537100031124e+27 0.0 1.9587878412173287e+27 7.182694313564394e+27 0.0 4.083440988875998e+27 1.4718661041710812e+28 0.0 7.690968565141626e+27 2.6914263259858217e+28 0.0 1.2862812609610433e+28 4.3343509838148725e+28 0.0 1.8298428302543555e+28 5.906345672108236e+28 0.0 1.7283000439769308e+28 5.359124432260099e+28 0.0 2.2595896865873207e+28 1.1297948432938027e+29 0.0 1.625989522214719e+26 9.41533331899572e+26 0.0 1.2581215804452744e+26 4.5217852547351814e+26 0.0 2.2142501055793055e+26 7.974784255465287e+26 0.0 4.6704789402358644e+26 1.6759004765088727e+27 0.0 1.0399487540889283e+27 3.710194159298018e+27 0.0 2.2209060079952264e+27 7.852553265946617e+27 0.0 4.3040881136369675e+27 1.498623757469536e+28 0.0 7.229845993888761e+27 2.463396724005325e+28 0.0 1.0231598295085584e+28 3.3819959008791264e+28 0.0 1.2358108583382525e+28 3.8804956370975713e+28 0.0 1.6695794307971366e+28 8.347897153987141e+28 0.0 1.2300235142820843e+26 6.675358831019759e+26 0.0 9.034497174311584e+25 3.0600415351801157e+26 0.0 1.5066246390949464e+26 5.1800724703072804e+26 0.0 3.103351313269768e+26 1.0725527323342402e+27 0.0 6.885443409607198e+26 2.3786779934179357e+27 0.0 1.4989996189067548e+27 5.151294773090578e+27 0.0 2.9769883584921625e+27 1.0118209282879635e+28 0.0 5.14346280924448e+27 1.717319687616868e+28 0.0 7.528605815754746e+27 2.447579568591835e+28 0.0 9.341502963261346e+27 2.922660672016556e+28 0.0 1.2716159609646635e+28 6.35807980482428e+28 0.0 9.69841152808923e+25 5.110375509355477e+26 0.0 6.995506880929628e+25 2.284769531360965e+26 0.0 1.1436510898136732e+26 3.799442896809568e+26 0.0 2.3365785275982482e+26 7.827690802999631e+26 0.0 5.143423172974655e+26 1.7268163958943394e+27 0.0 1.1222555467625853e+27 3.7561483636962887e+27 0.0 2.2545515682850253e+27 7.481777956525619e+27 0.0 3.9513814511252993e+27 1.2922590989482032e+28 0.0 5.859047536291927e+27 1.8751311543365236e+28 0.0 7.308457528257856e+27 2.2708909389954643e+28 0.0 9.937029367646272e+27 4.968514683823776e+28 0.0 7.860147630084953e+25 4.087926089024275e+26 0.0 5.6061225976278805e+25 1.7915501398815145e+26 0.0 9.075325369461223e+25 2.943458978064088e+26 0.0 1.8399582903456303e+26 6.018227347011038e+26 0.0 4.027391773495702e+26 1.3213685339436757e+27 0.0 8.788971279923064e+26 2.8786124977379523e+27 0.0 1.7745269062549445e+27 5.774039958266342e+27 0.0 3.133168084842601e+27 1.0076361290867743e+28 0.0 4.6786186978836614e+27 1.4788643969098817e+28 0.0 5.857597345145328e+27 1.8085885946475583e+28 0.0 7.947891661581797e+27 3.973945830791395e+28 0.0 6.518466455795294e+25 3.367773008188534e+26 0.0 4.599319011931605e+25 1.4500426855851175e+26 0.0 7.379991269200412e+25 2.3539104788969548e+26 0.0 1.4862755274453805e+26 4.775158695186155e+26 0.0 3.236630968978012e+26 1.0430843928887158e+27 0.0 7.06245088829877e+26 2.2738815284158055e+27 0.0 1.4312029018176914e+27 4.5849101424968764e+27 0.0 2.540834984348618e+27 8.064318964947582e+27 0.0 3.8150043206059976e+27 1.1941658517976925e+28 0.0 4.793616666336617e+27 1.4723603458432795e+28 0.0 6.493852036823788e+27 3.2469260184121658e+28 0.0 5.5105748075726995e+25 2.836047654908284e+26 0.0 3.8481659482237e+25 1.2024476917069708e+26 0.0 6.1238007629145725e+25 1.9302364423025152e+26 0.0 1.2259101144215524e+26 3.8864698092555945e+26 0.0 2.65713601022374e+26 8.446218770944555e+26 0.0 5.7950736507572766e+26 1.8410494928379804e+27 0.0 1.1778861214174128e+27 3.727506738147167e+27 0.0 2.101172066169665e+27 6.600112490780672e+27 0.0 3.1703318851013575e+27 9.847549681038241e+27 0.0 3.997907793656532e+27 1.2228098396227506e+28 0.0 5.410517089572327e+27 2.70525854478672e+28 0.0 4.73750287913519e+25 2.4315310499002814e+26 0.0 3.276511509182434e+25 1.0174028085279868e+26 0.0 5.174472239466408e+25 1.6169903074248196e+26 0.0 1.0301133884947104e+26 3.233180047722885e+26 0.0 2.222915600290271e+26 6.991619062546687e+26 0.0 4.84480420094052e+26 1.5232066110247874e+27 0.0 9.872477680575975e+26 3.094355130673918e+27 0.0 1.768674552718967e+27 5.51050686585036e+27 0.0 2.6808288834426416e+27 8.276451645593681e+27 0.0 3.3926511332054953e+27 1.0342084175882339e+28 0.0 4.5892085144139005e+27 2.2946042572075304e+28 0.0 4.133895540549834e+25 2.1170630747945924e+26 0.0 2.8342387854044888e+25 8.759333925999941e+25 0.0 4.4453235100295074e+25 1.3801539299708564e+26 0.0 8.803542529498884e+25 2.7421063778538302e+26 0.0 1.891896514630439e+26 5.902014932390823e+26 0.0 4.120098710928375e+26 1.2848573835105464e+27 0.0 8.414112539760734e+26 2.6173941006897116e+27 0.0 1.5132373006954e+27 4.684310174841443e+27 0.0 2.3034328835283683e+27 7.076954907549928e+27 0.0 2.9251561475647863e+27 8.893116654382522e+27 0.0 3.956572518488697e+27 1.9782862592447523e+28 0.0 3.6556453168395066e+25 1.8684999233553037e+26 0.0 2.4871098777352803e+25 7.657947564757515e+25 0.0 3.877113375449388e+25 1.1977007650864678e+26 0.0 7.641129040033475e+25 2.3659691514292235e+26 0.0 1.635726839576534e+26 5.070363900465888e+26 0.0 3.559109147885437e+26 1.1028274990096081e+27 0.0 7.282142795055905e+26 2.2517573527419163e+27 0.0 1.3142249755570232e+27 4.0474110390366224e+27 0.0 2.0084161022808095e+27 6.14672928686787e+27 0.0 2.5590094779901173e+27 7.763257006837267e+27 0.0 3.4621514742734706e+27 1.7310757371371076e+28 0.0 3.272174497548789e+25 1.6693935659566237e+26 0.0 2.2111582291688663e+25 6.787356641369347e+25 0.0 3.4284291656345677e+25 1.054852700567366e+26 0.0 6.72670132423661e+25 2.073083756971118e+26 0.0 1.4347623199708812e+26 4.4250006165437174e+26 0.0 3.118949683907962e+26 9.61538809370349e+26 0.0 6.391864709799745e+26 1.9670616475841053e+27 0.0 1.157177288695012e+27 3.549119977358419e+27 0.0 1.7748709912100212e+27 5.415099510250572e+27 0.0 2.268588202657741e+27 6.870302827939304e+27 0.0 3.070620660574177e+27 1.5353103302871744e+28 0.0 -4.582425828966901e+23 1.0571596539860534e+26 0.0 -4.084184143792085e+23 5.426981162522234e+25 0.0 -6.826161045398053e+23 8.390903370794754e+25 0.0 -1.40473152029252e+24 1.6417302632092517e+26 0.0 -3.0458241434379026e+24 3.491728307582792e+26 0.0 -6.493270204859671e+24 7.579644166037963e+26 0.0 -1.2437434989299718e+25 1.5528338921796572e+27 0.0 -1.9561930951200682e+25 2.810146465698656e+27 0.0 -2.29212407984843e+25 4.3030307134518616e+27 0.0 -1.6417634681351925e+25 5.477425443108459e+27 0.0 0.0 1.9297869402553744e+28 0.0 -2.8052103181882823e+25 1.379685786300752e+26 0.0 -1.88298938056559e+25 5.549953055004097e+25 0.0 -2.9016297824294215e+25 8.54266708734539e+25 0.0 -5.658624177197027e+25 1.6646963686372873e+26 0.0 -1.1998320924044473e+26 3.528904093461731e+26 0.0 -2.60078836754587e+26 7.652587135298085e+26 0.0 -5.328023851956583e+26 1.5697229031705926e+27 0.0 -9.645508558714627e+26 2.848411575319508e+27 0.0 -1.4764251966569902e+27 4.376052390655351e+27 0.0 -1.875329593268182e+27 5.587724441876124e+27 0.0 -2.50263187678727e+27 1.2513159383939153e+28 0.0 -2.579086986539119e+25 1.2703257560084689e+26 0.0 -1.7219315218729962e+25 5.084793614324919e+25 0.0 -2.6412564206142696e+25 7.793289693282128e+25 0.0 -5.130579408499179e+25 1.513061715857823e+26 0.0 -1.0844298181940368e+26 3.1977665872118296e+26 0.0 -2.348460026053081e+26 6.928119548809743e+26 0.0 -4.817644985268793e+26 1.422848049210681e+27 0.0 -8.747815020302315e+26 2.5888642541043834e+27 0.0 -1.344279211370587e+27 3.9909534303581576e+27 0.0 -1.7146488315630665e+27 5.113734757354777e+27 0.0 -2.2946724906301354e+27 1.1473362453153174e+28 0.0 -2.391139578337633e+25 1.1793725502254118e+26 0.0 -1.5897745703043737e+25 4.7023787043945954e+25 0.0 -2.4282958849144052e+25 7.178582099302532e+25 0.0 -4.700646535728578e+25 1.3891578787428181e+26 0.0 -9.907597117944307e+25 2.9279210228953652e+26 0.0 -2.1437551090466086e+26 6.3379892795992e+26 0.0 -4.402852638556434e+26 1.3030135125042208e+27 0.0 -8.015806203531561e+26 2.376486834279413e+27 0.0 -1.2360713017466192e+27 3.674759857416694e+27 0.0 -1.5824834025734804e+27 4.723248555123261e+27 0.0 -2.123050928198023e+27 1.0615254640993942e+28 0.0 -2.23384920492302e+25 1.1032095633494672e+26 0.0 -1.4799512921559144e+25 4.384062716522182e+25 0.0 -2.252480119986949e+25 6.669882903923682e+25 0.0 -4.347114995142275e+25 1.2869740436938277e+26 0.0 -9.139503035262003e+25 2.705929577265444e+26 0.0 -1.9759987806963368e+26 5.852758184817998e+26 0.0 -4.062403261366405e+26 1.2043398523635121e+27 0.0 -7.41325847489616e+26 2.201169542503846e+27 0.0 -1.1466754526702945e+27 3.4129519120991526e+27 0.0 -1.4728674071555057e+27 4.3989646128427966e+27 0.0 -1.9803048962669516e+27 9.901524481335441e+27 0.0 -2.1014115251389587e+25 1.039043526132374e+26 0.0 -1.3880254481299178e+25 4.11724870107566e+25 0.0 -2.1061378586273278e+25 6.245629285407819e+25 0.0 -4.05387467406799e+25 1.202012982263907e+26 0.0 -8.503999414817126e+25 2.521769443068486e+26 0.0 -1.8372822460579812e+26 5.450419847306355e+26 0.0 -3.780528286111354e+26 1.1224259501524635e+27 0.0 -6.913130884799323e+26 2.055308459109806e+27 0.0 -1.0722386257747419e+27 3.194550122427327e+27 0.0 -1.3812823781924465e+27 4.127732331531054e+27 0.0 -1.860747180352752e+27 9.303735901767718e+27 0.0 -1.9892969113405243e+25 9.846940488429787e+25 0.0 -1.310591787873443e+25 3.892230793099397e+25 0.0 -1.9834548116588573e+25 5.889385214983014e+25 0.0 -3.8087929204061266e+25 1.1308644700534477e+26 0.0 -7.974059472493247e+25 2.3678634920566533e+26 0.0 -1.7216706700241284e+26 5.114335813551658e+26 0.0 -3.545357547931784e+26 1.0539347136383735e+27 0.0 -6.494964849763844e+26 1.933113267021561e+27 0.0 -1.0098275993520366e+27 3.011152878335484e+27 0.0 -1.3042650194180865e+27 3.899441016793305e+27 0.0 -1.759994564917858e+27 8.799972824594076e+27 0.0 -1.893936528509355e+25 9.384429049634963e+25 0.0 -1.245005413036416e+25 3.7014477659049145e+25 0.0 -1.8799665339564994e+25 5.588471739719316e+25 0.0 -3.6026088195753684e+25 1.0709105230041813e+26 0.0 -7.529125419360015e+25 2.238411987745576e+26 0.0 -1.6246547171861725e+26 4.8317833757083856e+26 0.0 -3.347839264719589e+26 9.963055792183948e+26 0.0 -6.1430890464700305e+26 1.83012383512486e+27 0.0 -9.571829686412089e+26 2.856259814374581e+27 0.0 -1.2391312211377672e+27 3.706233969380782e+27 0.0 -1.674633338513542e+27 8.373166692572056e+27 0.0 -1.8124942313177659e+25 8.989243472752601e+25 0.0 -1.1891902234861636e+25 3.5389499169230793e+25 0.0 -1.7922045309851843e+25 5.3330005020414565e+25 0.0 -3.4281664925175633e+25 1.0201185156723236e+26 0.0 -7.153365220818018e+25 2.1289246882809425e+26 0.0 -1.542762591679775e+26 4.59291345848427e+26 0.0 -3.180988367272248e+26 9.4755211532148e+26 0.0 -5.8453614206539685e+26 1.7428679536388208e+27 0.0 -9.125453231978883e+26 2.724789746769446e+27 0.0 -1.1837792571291124e+27 3.5419452208013684e+27 0.0 -1.601978881010872e+27 8.009894405058271e+27 0.0 -1.742698434515893e+25 8.650442221048267e+25 0.0 -1.1415010375324499e+25 3.4000127751970676e+25 0.0 -1.7174452345995644e+25 5.115181927872162e+25 0.0 -3.279874780955617e+25 9.768938715890175e+25 0.0 -6.83444766526636e+25 2.0358885309020274e+26 0.0 -1.4732911969062592e+26 4.390021963271994e+26 0.0 -3.0393555371267853e+26 9.061176003979156e+26 0.0 -5.592275166763087e+26 1.668615873723555e+27 0.0 -8.745308142927402e+26 2.6127330490720477e+27 0.0 -1.1365477528390982e+27 3.4016912171996253e+27 0.0 -1.539900874267296e+27 7.699504371338965e+27 0.0 -1.6827167114973462e+25 8.359196451618086e+25 0.0 -1.1006229203681489e+25 3.2808536219452908e+25 0.0 -1.653529325025515e+25 4.928823554196658e+25 0.0 -3.1533208415007795e+25 9.39973785664834e+25 0.0 -6.562669058545161e+25 1.9565284985018224e+26 0.0 -1.4141143407023902e+26 4.2170250362733783e+26 0.0 -2.918647018243955e+26 8.707706815040594e+26 0.0 -5.37631504365172e+26 1.6052021497300817e+27 0.0 -8.420409693690802e+26 2.5168980615889536e+27 0.0 -1.0961119720280713e+27 3.2815714798969716e+27 0.0 -1.4866948412392293e+27 7.433474206198412e+27 0.0 -1.6310613097272986e+25 8.108335665984988e+25 0.0 -1.0654967629424542e+25 3.178421099689139e+25 0.0 -1.5987299512095884e+25 4.76896186797196e+25 0.0 -3.0449900569573524e+25 9.083496115780046e+25 0.0 -6.330322189627028e+25 1.888633433067129e+26 0.0 -1.3635440927729588e+26 4.0690766451888035e+26 0.0 -2.8154489157633638e+26 8.405291110245616e+26 0.0 -5.191488269091203e+26 1.5508948752406685e+27 0.0 -8.14196566905001e+26 2.4347240862562535e+27 0.0 -1.0614072558451091e+27 3.1784468625165103e+27 0.0 -1.4409867677749885e+27 7.204933838879799e+27 0.0 -1.586517325438028e+25 7.892002483225094e+25 0.0 -1.0352636492525318e+25 3.090237440236334e+25 0.0 -1.5516554507700856e+25 4.63158913601253e+25 0.0 -2.952060485643591e+25 8.812095416241356e+25 0.0 -6.1312346699929865e+25 1.830427716479271e+26 0.0 -1.320229336598257e+26 3.942286756165917e+26 0.0 -2.7270248987313673e+26 8.146034010411508e+26 0.0 -5.032978764984264e+26 1.5042986997763693e+27 0.0 -7.902886289773472e+26 2.3641420905712122e+27 0.0 -1.0315719297499958e+27 3.089773686197105e+27 0.0 -1.401661607634917e+27 7.00830803817931e+27 0.0 -1.5480876694375523e+25 7.705388242008699e+25 0.0 -1.0092228590075254e+25 3.0142790583069324e+25 0.0 -1.5111767483690537e+25 4.5134486630286985e+25 0.0 -2.872250294056118e+25 8.578958317959143e+25 0.0 -5.9604273109733035e+25 1.7804757484141148e+26 0.0 -1.283080698616628e+26 3.833511497716097e+26 0.0 -2.6511661372714035e+26 7.923547743772823e+26 0.0 -4.8968896371380605e+26 1.4642821992068741e+27 0.0 -7.697417360571315e+26 2.3034699737621424e+27 0.0 -1.0059043244904199e+27 3.0134785437121044e+27 0.0 -1.3678092107911148e+27 6.839046053960891e+27 0.0 -1.5149505983499868e+25 7.54452905640058e+25 0.0 -9.868001074200391e+24 2.9488860945184743e+25 0.0 -1.4763726314112332e+25 4.411879913793038e+25 0.0 -2.80370334250896e+25 8.378725766010257e+25 0.0 -5.813858679286641e+25 1.7376101543707477e+26 0.0 -1.2512144212829033e+26 3.74019543789553e+26 0.0 -2.5860788669550685e+26 7.732634940585717e+26 0.0 -4.7800495156085766e+26 1.4299229962617736e+27 0.0 -7.520863119870959e+26 2.2513331365527104e+27 0.0 -9.838301392034289e+26 2.947863007560509e+27 0.0 -1.338683091277046e+27 6.693415456387388e+27 0.0 -1.486426734522402e+25 7.406147497980221e+25 0.0 -9.675261582994588e+24 2.8927017994983034e+25 0.0 -1.4464881313782048e+25 4.324700374658529e+25 0.0 -2.7449025796235415e+25 8.207012215895111e+25 0.0 -5.688232276793127e+25 1.7008773565258427e+26 0.0 -1.2239100048292447e+26 3.660252006252113e+26 0.0 -2.5302993742174595e+26 7.569048083050661e+26 0.0 -4.6798656358425436e+26 1.400465954375462e+27 0.0 -7.36937509745233e+26 2.2066037659064647e+27 0.0 -9.64877461129601e+26 2.8915305459189804e+27 0.0 -1.3136687499157855e+27 6.568343749583284e+27 0.0 -1.4619533095573718e+25 7.287528997294799e+25 0.0 -9.510063533434704e+24 2.844583948892277e+25 0.0 -1.420906440854161e+25 4.250126189783073e+25 0.0 -2.69460394339167e+25 8.06021812981813e+25 0.0 -5.58084976193556e+25 1.6694959874746824e+26 0.0 -1.2005779720368102e+26 3.5919721372397606e+26 0.0 -2.482629190209144e+26 7.429305425955658e+26 0.0 -4.594211504573142e+26 1.3752910994454793e+27 0.0 -7.239790057320185e+26 2.1683541006806893e+27 0.0 -9.486575111528616e+26 2.843330092765615e+27 0.0 -1.2922591765456711e+27 6.461295882730836e+27 0.0 -1.4410639655370944e+25 7.186424953926751e+25 0.0 -9.36918568172787e+24 2.803600617277898e+25 0.0 -1.3991195851877515e+25 4.186687887602482e+25 0.0 -2.651785554589696e+25 7.935385470550594e+25 0.0 -5.489498406290277e+25 1.6428249058494496e+26 0.0 -1.180735159830512e+26 3.5339540162972466e+26 0.0 -2.4420853435828764e+26 7.310549232584058e+26 0.0 -4.5213404324411254e+26 1.3538888544677258e+27 0.0 -7.129504822217504e+26 2.135820245906083e+27 0.0 -9.348497143205427e+26 2.802312229534676e+27 0.0 -1.2740357991590434e+27 6.370178995800457e+27 0.0 -1.423372853959004e+25 7.100976498981658e+25 0.0 -9.249970534515788e+24 2.7689833377754576e+25 0.0 -1.3806988120602496e+25 4.133144403158689e+25 0.0 -2.615608436087838e+25 7.83008576219607e+25 0.0 -5.412364293021919e+25 1.6203384678488038e+26 0.0 -1.1639856698627378e+26 3.485048773480167e+26 0.0 -2.4078619575246413e+26 7.21043604926427e+26 0.0 -4.459818620547346e+26 1.3358408280535327e+27 0.0 -7.036379100161514e+26 2.1083740264997423e+27 0.0 -9.231900706446661e+26 2.767695012630612e+27 0.0 -1.2586536066544255e+27 6.293268033278863e+27 0.0 -1.4085621011444407e+25 7.0296544431733234e+25 0.0 -9.150234138353747e+24 2.740101273106253e+25 0.0 -1.365299804988715e+25 4.088500662289691e+25 0.0 -2.585386025330189e+25 7.742333070233876e+25 0.0 -5.347965099815501e+25 1.601607342782199e+26 0.0 -1.1500061231315492e+26 3.444318363129111e+26 0.0 -2.3793004901355078e+26 7.127051505033801e+26 0.0 -4.408473191068901e+26 1.320804865870036e+27 0.0 -6.958659803046883e+26 2.085501033373154e+27 0.0 -9.134620713991002e+26 2.7388372568339377e+27 0.0 -1.2458295031439987e+27 6.229147515723561e+27 0.0 -1.3963719306958939e+25 6.971212010075482e+25 0.0 -9.068195383864762e+24 2.7164409798186214e+25 0.0 -1.3526423714987811e+25 4.051948340467579e+25 0.0 -2.5605604947675764e+25 7.6705163467038045e+25 0.0 -5.295097972644261e+25 1.5862836189468612e+26 0.0 -1.138534228528197e+26 3.411002868868802e+26 0.0 -2.3558666403388425e+26 7.058844109276045e+26 0.0 -4.3663517818387655e+26 1.308503414430878e+27 0.0 -6.894922103917266e+26 2.0667835084316757e+27 0.0 -9.054896021446188e+26 2.7152176495051213e+27 0.0 -1.2353331932593101e+27 6.176665966298235e+27 0.0 -1.386592912337695e+25 6.924647816184078e+25 0.0 -9.002630076507728e+24 2.697653285651842e+25 0.0 -1.342501441132034e+25 4.022840132823164e+25 0.0 -2.5406843855559727e+25 7.6133469714741356e+25 0.0 -5.252799174328361e+25 1.5740892730821643e+26 0.0 -1.1293599374887662e+26 3.3844951980740045e+26 0.0 -2.3371324643287854e+26 7.004573967375825e+26 0.0 -4.332691209985074e+26 1.2987144933740267e+27 0.0 -6.844023564342785e+26 2.0518870200347078e+27 0.0 -8.991314150181068e+26 2.696418479928284e+27 0.0 -1.2269800760838764e+27 6.134900380421627e+27 0.0 -1.3790599136267532e+25 6.889177069254687e+25 0.0 -8.952315082255989e+24 2.683387398168205e+25 0.0 -1.3347001212104387e+25 4.00066996333686e+25 0.0 -2.5254064652430922e+25 7.569818435680017e+25 0.0 -5.220313066047333e+25 1.5648073189266147e+26 0.0 -1.1223186478589762e+26 3.364321659878443e+26 0.0 -2.322762627297807e+26 6.963273390812831e+26 0.0 -4.3068933527724945e+26 1.2912647524010693e+27 0.0 -6.805068806943768e+26 2.0405502086725062e+27 0.0 -8.942768621777387e+26 2.68211308575851e+27 0.0 -1.220625757764171e+27 6.103128788823975e+27 0.0 -1.373647494527572e+25 6.864209756609462e+25 0.0 -8.916181810312931e+24 2.673337379431431e+25 0.0 -1.329104404305384e+25 3.98505798647007e+25 0.0 -2.514460999595194e+25 7.53917588440433e+25 0.0 -5.1970686278768575e+25 1.5582751305900426e+26 0.0 -1.1172860630617384e+26 3.3501273199931075e+26 0.0 -2.3125040007771903e+26 6.934217178438789e+26 0.0 -4.288506880594029e+26 1.2860242262348674e+27 0.0 -6.77738273949596e+26 2.032577030581877e+27 0.0 -8.908426608505072e+26 2.6720563463435877e+27 0.0 -1.2161618936235332e+27 6.080809468119548e+27 0.0 -1.3702665050424656e+25 6.849334686544649e+25 0.0 -8.89362794864401e+24 2.6673360098866677e+25 0.0 -1.3256192771207524e+25 3.975739621825307e+25 0.0 -2.507659867517075e+25 7.520893890254087e+25 0.0 -5.182662222034338e+25 1.554379575863946e+26 0.0 -1.1141744203648111e+26 3.341665328654584e+26 0.0 -2.306178030483075e+26 6.916900951312531e+26 0.0 -4.277213852270983e+26 1.282902507676155e+27 0.0 -6.760490906972758e+26 2.0278310923065585e+27 0.0 -8.887705220600502e+26 2.666077733281145e+27 0.0 -1.213513148106605e+27 6.067565740536722e+27 0.0 -4.975211824396911e+21 9.582031906227006e+25 0.0 -1.0156139617959017e+25 3.046092519132141e+25 0.0 -1.5137531921428987e+25 4.540145938753707e+25 0.0 -2.8634699110388983e+25 8.588332716645933e+25 0.0 -5.917885466503834e+25 1.774948325031328e+26 0.0 -1.2722249618008211e+26 3.81582062370161e+26 0.0 -2.6333527230960698e+26 7.89843203539598e+26 0.0 -4.884153850979359e+26 1.4649856262790436e+27 0.0 -7.72010265794649e+26 2.3157159604045612e+27 0.0 -1.0149694730137226e+27 3.0446755702322875e+27 0.0 -2.1221114638616708e+27 6.366334391593465e+27 0.0
    </DataArray>
    <DataArray type="Float32" Name="Ion soret flux Density [Am^-2]" NumberOfComponents="3" format="ascii">
8185522708.55964 -377340062520.6455 0.0 -52544248920.39718 -308350942389.3743 0.0 -40182134016.81051 -714590856344.7921 0.0 63035422963.08868 -954577489997.7695 0.0 210738374955.73663 -957180842506.0999 0.0 359448458710.94293 -741200510727.1584 0.0 473563879205.9567 -367617822428.5368 0.0 528752338728.7671 45049597235.17166 0.0 516393055908.401 374902694884.43945 0.0 441474075440.35583 546588564443.53687 0.0 540093137150.78973 1130935010122.103 0.0 -37719626804.47748 -213207958264.1747 0.0 -33858265242.893784 -202163948441.76755 0.0 -23025236385.496647 -468903489917.96436 0.0 54260400243.65943 -630143516939.2036 0.0 168188585844.44373 -626940751572.0431 0.0 285481113861.92505 -470658724791.0418 0.0 377456463841.9927 -204647970435.06177 0.0 424182244818.2895 89675624537.84645 0.0 417585794964.54285 326789653250.5584 0.0 360684007126.05835 450302019519.6084 0.0 355132439123.79755 955629766589.9982 0.0 -18122923741.83061 -119361518808.18663 0.0 -1162397616.1598477 -98358118353.19836 0.0 51214848192.28702 -225854015918.70325 0.0 161405476607.31653 -308005648638.9325 0.0 293491154042.7109 -301333087557.14154 0.0 413155968065.3576 -208016397040.9791 0.0 493700027657.162 -50872002088.73536 0.0 519812197590.98706 127037971395.13425 0.0 487779264474.0511 275580459411.2237 0.0 405236870562.6641 355368722087.6782 0.0 379988679800.84174 711446054628.6913 0.0 -7189828562.464918 -57016044426.62296 0.0 4097668266.9270616 -40640050219.99328 0.0 38396156831.97254 -90896540555.81262 0.0 109469927478.094 -126903903080.83519 0.0 199028894207.57803 -123610751472.78954 0.0 285830938066.91595 -78044844280.02869 0.0 351969667565.5986 1201568752.0163436 0.0 383234646911.29236 95458365118.86024 0.0 371096467176.1577 178921438428.2824 0.0 317874318029.0332 227963683039.39893 0.0 306411907940.13385 444320882018.32947 0.0 -2636018259.459947 -26139698167.287346 0.0 2901756429.5384207 -16526415847.02373 0.0 19040234823.73106 -35330695955.68932 0.0 54266163079.42936 -50346833210.05705 0.0 102980716955.30806 -49346941412.551025 0.0 154588328503.38644 -28547237854.50549 0.0 198579788219.30487 9285751620.325745 0.0 225095023905.22668 56110178702.91059 0.0 226675315749.82092 99637666104.32507 0.0 202960330259.124 128011287594.4254 0.0 205951840965.81516 246770387304.20456 0.0 -915164291.8728714 -12039145600.893948 0.0 1616748958.0420551 -6943156826.117295 0.0 8635846689.658894 -14008889376.429764 0.0 24587244185.02232 -20139067113.837322 0.0 48688576028.80112 -19944418681.274662 0.0 76331734466.46468 -10659976156.912348 0.0 101704451657.3125 7027039028.53602 0.0 119020983306.17279 29536782843.605904 0.0 123745385319.35286 51188587048.74331 0.0 115441243673.65065 66654697215.97712 0.0 123619509529.30438 127909425219.02827 0.0 -288972593.8235829 -5636338400.2491865 0.0 862626873.3709441 -3028394319.255496 0.0 3908498922.764467 -5734272688.825335 0.0 10933732993.258986 -8194014405.171866 0.0 22285892000.675232 -8165989316.534038 0.0 36233033770.92759 -4064753849.926283 0.0 49818704894.92993 4096870391.042968 0.0 59874010318.41419 14753306534.838408 0.0 63942150638.802635 25311263260.297756 0.0 62031296302.565674 33572377510.61515 0.0 69588365034.30742 64151080816.73932 0.0 -70687893.45389417 -2681437188.1423573 0.0 457656032.5008887 -1362052253.136538 0.0 1805421352.1494782 -2424889230.253534 0.0 4895802168.180771 -3406625622.8177805 0.0 10117184909.392086 -3394402069.3623295 0.0 16906266953.390085 -1583539339.5138483 0.0 23892140088.319847 2160846205.9114337 0.0 29434544631.222767 7189544149.025226 0.0 32245059516.738934 12335424258.014986 0.0 32456802262.33673 16716789268.790222 0.0 38019604843.78743 31957833138.203323 0.0 -1561561.6860327343 -1291000565.403764 0.0 242620254.45475626 -626364799.5408741 0.0 853249908.8085512 -1056178318.7657621 0.0 2233025393.933142 -1454289400.629209 0.0 4628102784.435011 -1442970648.5567136 0.0 7887995018.520558 -635972477.0517545 0.0 11417452546.995398 1090607195.4952989 0.0 14409916538.778341 3484418080.879856 0.0 16212097734.291101 6032601285.649066 0.0 16947321492.257477 8394823044.573563 0.0 20645029186.536015 16110249073.345871 0.0 15092803.439054778 -625079075.1912626 0.0 128142808.43891801 -292097047.61013436 0.0 410619793.76515776 -471160994.5444688 0.0 1040357744.529035 -638005917.8606178 0.0 2155435437.8633604 -631450056.2089297 0.0 3730572831.086305 -266059573.63094327 0.0 5520728676.779467 543245060.1639386 0.0 7144324276.64441 1707963064.6025321 0.0 8287613350.408238 3012964023.109397 0.0 9015217868.949106 4328299717.708781 0.0 11324412616.401594 8322298536.224173 0.0 14913861.024606746 -300917661.4264529 0.0 67019807.58523765 -136933232.7295143 0.0 199890266.0570649 -213943986.63886067 0.0 493653108.0684583 -286749112.9838453 0.0 1024387206.0517327 -284689771.9786475 0.0 1802992763.7299376 -116787324.3552529 0.0 2733415179.4914036 272329282.2233774 0.0 3644080250.757687 860096876.4747876 0.0 4395515008.054002 1566042217.5320902 0.0 4948444439.115145 2316166457.463152 0.0 6341805959.345266 4439783784.23559 0.0 10517529.94173922 -140585027.89506024 0.0 34408445.92537279 -63888374.439913034 0.0 97275259.42422797 -97839405.97817832 0.0 236698667.99419373 -131142846.79105121 0.0 496468722.4604843 -132192038.13435179 0.0 895993220.8882769 -54218140.83331932 0.0 1405390055.9866376 139906213.67756003 0.0 1951695274.8391037 454223580.1622695 0.0 2451077902.719144 857767066.4365612 0.0 2815388136.49752 1290473215.1893387 0.0 3648749102.7075596 2455866333.432185 0.0 6049819.497405155 -60449112.84854654 0.0 16784305.881883647 -28587911.947351538 0.0 46805240.40442369 -44388134.37704247 0.0 114517742.96873234 -60998908.426786415 0.0 246853935.9194043 -63639316.13927661 0.0 465813261.5427861 -27075262.62949906 0.0 761279374.7401999 75009007.91573045 0.0 1103537928.45324 253102327.04883596 0.0 1425327963.2938576 490966827.1421498 0.0 1659122263.7578435 747492458.7839406 0.0 2163756326.3663797 1410829108.142124 0.0 2443898.0336311013 -19988922.203962367 0.0 5771763.801937008 -9263111.74376486 0.0 16092928.088189041 -14732986.858843137 0.0 45310126.053460024 -23708471.213042676 0.0 118299549.15062876 -30330896.972090736 0.0 274986521.48971725 -15999218.892674193 0.0 435657383.4597081 42530264.88019521 0.0 653544430.0158658 147812443.74188495 0.0 864186923.3788674 293675295.3673068 0.0 1013685642.0765959 450398612.360409 0.0 1324121180.8356082 841861943.2391279 0.0 1239061.8053271058 -8658903.105560463 0.0 2383371.1211243193 -3635732.553745361 0.0 6185656.37372349 -5485275.83529261 0.0 16824672.89132469 -8522775.260163777 0.0 44155555.93983572 -10970238.105443647 0.0 104777584.93631841 -5952175.059888089 0.0 217725805.7028846 20787645.605951652 0.0 394578057.24698395 87937733.10304004 0.0 615294902.5786484 206665218.41522494 0.0 644082840.7905719 283097615.40783304 0.0 836178179.236495 521362761.4905428 0.0 756335.4593848878 -4669954.953232372 0.0 1212386.770240939 -1772345.1962757213 0.0 2902151.278966194 -2504857.495527984 0.0 7639050.6573248515 -3800308.4842567407 0.0 20149659.544844396 -4947028.523869999 0.0 49232658.30203072 -2789594.864459732 0.0 106577906.0135984 10047029.434237322 0.0 197949218.70750126 43823830.21957266 0.0 310061520.0409363 103365065.11521159 0.0 409306611.8746696 178641700.9877444 0.0 544633564.9898231 335629811.1654907 0.0 523957.96571206313 -2927261.9535635165 0.0 746921.1133511524 -1052873.9301769165 0.0 1689668.3208643564 -1423905.1417727931 0.0 4347481.908092706 -2127447.6100103264 0.0 11432856.147601556 -2774840.4163682815 0.0 28479957.820018858 -1603524.784706846 0.0 63263040.746264435 5912799.038784438 0.0 120969467.92814098 26611201.744481664 0.0 196112260.71862385 65021780.589935295 0.0 270781846.9976607 117451936.14204843 0.0 365057037.63226664 222622916.64812034 0.0 387331.519822856 -1993252.4205832272 0.0 508592.0536172775 -694923.8154676899 0.0 1114244.9620394076 -919271.7270443084 0.0 2829463.3372595627 -1363584.0988035274 0.0 7363300.081676357 -1766259.7997470237 0.0 18354662.25370637 -1020895.0002069869 0.0 41220229.52400676 3838874.2260740334 0.0 80001798.34006476 17533432.417522416 0.0 131791024.21157952 43551436.76431179 0.0 184565894.5649874 79807843.56912634 0.0 251520895.19486767 152319837.69397515 0.0 295477.5185834526 -1420297.4888223342 0.0 363203.2986807907 -483284.28262039466 0.0 776998.903434733 -629210.2328336532 0.0 1943762.4226398482 -923717.5139696142 0.0 5009772.843105417 -1187681.405366044 0.0 12462582.749753824 -681353.0005049546 0.0 28105956.032782424 2619684.711438826 0.0 54992653.65964109 12034682.31520507 0.0 91490808.05581568 30186997.963117234 0.0 129360791.85603419 55852626.46861905 0.0 177773373.79967412 107198805.2168329 0.0 229649.25805129518 -1042804.8596629758 0.0 267115.12366076955 -347594.4579264379 0.0 559336.833920729 -445745.662406164 0.0 1379649.8709444476 -647503.4631890748 0.0 3522278.2360807224 -825685.4225294639 0.0 8739943.833843565 -468141.1390025642 0.0 19764645.604093485 1849922.0475483325 0.0 38902193.74327998 8516604.62396415 0.0 65215849.57984037 21515149.177034404 0.0 92936017.2659985 40116627.71641789 0.0 128619573.70522031 77390434.15237911 0.0 180821.55875261288 -782992.7424090656 0.0 200780.69209808976 -256513.41792966452 0.0 412658.90141947137 -324466.97661516647 0.0 1005063.3275150197 -466658.86986979307 0.0 2543344.8007410197 -590106.8691469594 0.0 6292611.990705443 -329753.5863321458 0.0 14257998.00643816 1343148.0570660743 0.0 28203912.928790372 6185616.173480982 0.0 47584360.48760765 15714682.90777246 0.0 68269272.75468852 29492450.7014483 0.0 95056910.91904758 57168114.35134582 0.0 143893.0375761006 -598967.5769613226 0.0 153639.29797576653 -193412.67702435944 0.0 310783.43208229134 -241730.89074396735 0.0 748535.2664771549 -344503.33097190975 0.0 1878946.2604261015 -432116.8297582202 0.0 4635374.666526556 -237752.34943522097 0.0 10518582.422819156 998570.60315631 0.0 20895761.151003264 4595860.614648482 0.0 35451727.33866698 11730761.390584625 0.0 51165141.8703843 22139490.22204573 0.0 71620200.7396953 43111416.89822963 0.0 115573.86805713928 -465716.28369981353 0.0 119383.62398453875 -148600.76840508464 0.0 238276.21158230945 -183817.58654523583 0.0 568320.1554046446 -259819.1341769454 0.0 1416290.3783025104 -323454.1519937111 0.0 3484428.2474239515 -175317.72324554564 0.0 7916148.915764059 757653.7313801497 0.0 15783967.257688636 3483936.8772521946 0.0 26911721.94015531 8928699.679555947 0.0 39045098.29404769 16934260.463287715 0.0 54911339.189169094 33120776.79244916 0.0 93610.88138547425 -367451.93287924107 0.0 94024.9901373065 -116107.54019153312 0.0 185576.3252901367 -142369.0330502222 0.0 438889.6553059348 -199769.9926243816 0.0 1086741.3080160113 -247027.72629893647 0.0 2666893.3677826663 -132155.265598071 0.0 6064649.769589521 585000.521099344 0.0 12131422.127112068 2688441.8231236357 0.0 20775387.2259963 6915035.850260096 0.0 30284437.780140545 13172732.585901955 0.0 42768609.375765696 25874168.141033664 0.0 76407.26102855816 -293830.9884286457 0.0 74944.92270355219 -92113.52833156762 0.0 146553.88401008656 -112114.47178173013 0.0 344079.6407817578 -156319.00281166862 0.0 847177.7082010136 -192178.67433121792 0.0 2074243.8160234445 -101808.41814496838 0.0 4720798.277649055 458505.14105868916 0.0 9470356.32714792 2107555.3497187085 0.0 16282322.028168501 5439342.838083642 0.0 23835442.530689858 10402852.622745538 0.0 33786843.23595639 20519236.218321316 0.0 91997.95957821645 -194140.37805967726 0.0 85078.30946285147 -94229.87315083324 0.0 147049.52196798674 -128693.43719892186 0.0 314812.1386777325 -215424.905999364 0.0 720481.296064485 -375349.6664071383 0.0 1663301.6183616559 -625672.0407555322 0.0 3606120.231830306 -878514.0606682623 0.0 6938433.503020697 -823546.4234434405 0.0 11488967.269644357 26703.985191739728 0.0 16231904.28844422 1991828.8899890725 0.0 29668904.617097788 11224395.420184188 0.0 142900.67662114487 -259810.3174114386 0.0 106668.54039714957 -112309.6924682852 0.0 172881.50354018735 -161862.35774998655 0.0 349972.7845417855 -290229.50706895866 0.0 761970.7550139254 -555016.7949644962 0.0 1683185.796725075 -1061480.8841253603 0.0 3506966.6862492072 -1870557.3818413296 0.0 6500231.943872591 -2821396.132846587 0.0 10374300.641650861 -3421764.4040540704 0.0 14110754.563856883 -3067662.328617171 0.0 19253590.658878688 -289746.1730329772 0.0 118537.60900431874 -215214.67750686815 0.0 87708.5264604825 -92471.88300695324 0.0 141358.45335951893 -132549.41674399967 0.0 284758.68668033567 -236503.06641386557 0.0 617414.2001426527 -450298.92919340194 0.0 1361126.1650263001 -859055.5328570688 0.0 2836322.9573912504 -1512689.2393467717 0.0 5265634.281961073 -2281695.255513958 0.0 8423861.324097464 -2765643.9209079696 0.0 11487613.71437621 -2469348.52778907 0.0 15714821.27080447 -160176.20942036796 0.0 99099.58292796857 -179918.70142803932 0.0 72783.61035213602 -76910.93106072162 0.0 116688.61071219265 -109675.92600163116 0.0 234019.91968250446 -194804.42501397393 0.0 505471.41092578607 -369378.34166983963 0.0 1112205.623018669 -702903.2283266616 0.0 2317609.7777498476 -1236421.8343066692 0.0 4308341.561362415 -1864073.2061786158 0.0 6906325.294274793 -2256378.9727145657 0.0 9439077.12309534 -2003597.443388111 0.0 12941457.926291574 -60451.99750406158 0.0 83441.08272585933 -151700.53936026373 0.0 60880.00783022292 -64542.6720076886 0.0 97148.75208693805 -91611.69542782911 0.0 194043.27503175553 -162032.93305085754 0.0 417651.3627993022 -306036.55741551786 0.0 917282.8423667689 -580878.3082023701 0.0 1911166.4672720525 -1020397.7648176447 0.0 3556552.035156609 -1536831.5007829855 0.0 5710827.904747606 -1856220.843304262 0.0 7819748.69121797 -1636661.0076541298 0.0 10742070.215670649 17031.992391951037 0.0 70712.96781730371 -128929.99174945815 0.0 51288.89254458783 -54611.70068256916 0.0 81499.74958385277 -77188.02391564472 0.0 162178.66027920222 -135980.58726975304 0.0 347926.5797372534 -255866.4046742291 0.0 762786.3277568253 -484379.1733978696 0.0 1588849.5657304619 -849473.3570532671 0.0 2959146.8660561037 -1277412.4197041506 0.0 4758104.657084383 -1538181.8008850128 0.0 6525204.369660999 -1344285.5563343768 0.0 8978577.847187627 77929.12567791952 0.0 60279.05745150808 -110397.2672738801 0.0 43487.56575934892 -46563.127516177854 0.0 68837.96308118121 -65555.10473863938 0.0 136506.72350786236 -115051.741825787 0.0 291953.54992283264 -215697.27430130626 0.0 638954.091714404 -407226.4974588251 0.0 1330389.7190109652 -712752.424434964 0.0 2479199.3776505874 -1069532.6859589356 0.0 3990673.4558188845 -1282699.605469886 0.0 5479398.957368466 -1108809.143720112 0.0 7550024.568710206 126457.81420098526 0.0 51657.876707934505 -95194.8978219234 0.0 37085.96842781078 -39984.4094329956 0.0 58495.6954539633 -56086.810252785785 0.0 115618.1625852492 -98077.38594784282 0.0 246558.0147254227 -183216.1155278294 0.0 538666.1577286831 -344919.6574845879 0.0 1120984.3127591868 -602286.7437473282 0.0 2089668.545860119 -901279.8813002093 0.0 3366288.450529414 -1075408.855549209 0.0 4626225.7468449855 -917207.5576461618 0.0 6381647.7597291935 165784.4542339863 0.0 44481.48762958665 -82635.2611207161 0.0 31789.735393796946 -34565.34966989317 0.0 49973.4643699832 -48316.10404714369 0.0 98464.79693078609 -84190.06666805812 0.0 209389.492768535 -156713.36791522542 0.0 456658.9019167549 -294136.67793884873 0.0 949680.9084307194 -512203.4591273116 0.0 1770496.523934876 -763828.7113476201 0.0 2853507.9712854093 -905629.7935961174 0.0 3923774.5981210936 -759760.6020437982 0.0 5417408.403913489 198304.33054768792 0.0 38466.08054382936 -72192.30142654169 0.0 27374.33832510143 -30070.220037914267 0.0 42893.25100351962 -41890.58540686611 0.0 84257.54136039133 -72738.3724748038 0.0 178685.80729055314 -134910.0176240922 0.0 388992.3606226303 -252395.42935380325 0.0 808275.2548552632 -438110.39776857384 0.0 1506623.4737110701 -650562.7368725982 0.0 2428650.5444022897 -765329.3367189781 0.0 3340370.9163306192 -629129.7588287619 0.0 4614815.863550894 225847.015723805 0.0 33390.75590632335 -63459.90411811788 0.0 23666.768000552853 -26318.089617187077 0.0 36965.79196664436 -36541.47354882071 0.0 72395.52368997515 -63227.63823829164 0.0 153110.27668620128 -116838.18411739978 0.0 332682.4358703571 -217819.90938643005 0.0 690549.4093845707 -376685.10761911137 0.0 1286610.8923502273 -556465.3106383333 0.0 2073675.7696947276 -648397.3395169503 0.0 2851806.717550452 -519712.2834292438 0.0 3941295.911464967 249826.67095152749 0.0 29082.07074142579 -56121.86410253858 0.0 20532.409165382185 -23168.78290779103 0.0 31967.405535651134 -32061.692552887034 0.0 62416.18666298202 -55278.28729950759 0.0 131637.62191933952 -101757.55883989364 0.0 285443.5156472971 -188976.85256302575 0.0 591737.9570350997 -325387.1147598232 0.0 1101674.3875681541 -477691.76932925964 0.0 1774690.0792751971 -550136.1414809048 0.0 2439380.6485675047 -427183.43871777056 0.0 3371610.4171834565 271352.4216053795 0.0 25402.681680791367 -49930.01159989292 0.0 17865.534169218066 -20512.747024097378 0.0 27723.376354430853 -28290.20150089398 0.0 53959.72340979503 -48596.201552979364 0.0 113472.99392744181 -89096.19352547202 0.0 245506.06180861773 -164760.0662997059 0.0 508149.3151039933 -282253.9524918813 0.0 944995.6867267775 -411265.28411404684 0.0 1520880.280099063 -466896.2686799214 0.0 2088494.04410861 -348168.3180854822 0.0 2886002.691024156 291309.89261423313 0.0 22242.92574799903 -44688.13526903739 0.0 15582.34693407645 -18263.664901345797 0.0 24095.90740832104 -25100.664443118996 0.0 46743.4297097032 -42951.40135465745 0.0 97993.81333628912 -78408.04491589672 0.0 211485.76613446482 -144307.58053440775 0.0 436893.8458044267 -245754.87664241687 0.0 811227.4915867926 -354858.13078647095 0.0 1303743.582585539 -395813.4944078411 0.0 1787633.8122361186 -280003.9429354571 0.0 2468849.47699104 310421.93324610585 0.0 19514.526049025164 -40240.065112936645 0.0 13615.846074297455 -16353.022214866962 0.0 20975.289454413916 -22393.172066918447 0.0 40543.00019751671 -38162.53722688178 0.0 84707.51636722374 -69342.19453204649 0.0 182288.6153559461 -126941.6377672504 0.0 375686.4214834231 -214684.78712930655 0.0 696133.1033084426 -306632.66153292864 0.0 1116525.510299644 -334616.99034376565 0.0 1527627.496314069 -220564.91712165045 0.0 2107670.6240012506 329294.33174584754 0.0 17145.847081825817 -36460.767931545764 0.0 11912.028049883129 -14726.116277273364 0.0 18273.361674356947 -20088.133563916195 0.0 35178.74181846232 -34085.49363885283 0.0 73220.51932680566 -61620.29898763427 0.0 157041.2490055716 -112124.76770654418 0.0 322701.47832773236 -188086.49396523216 0.0 596321.281672684 -265124.46745853557 0.0 953805.1545734275 -281487.86951474304 0.0 1301091.883114508 -168134.27054000983 0.0 1792393.8961878887 348450.71572223643 0.0 15078.288991820911 -33249.64430555308 0.0 10426.852266318296 -13338.851153254514 0.0 15918.66328990418 -18121.777129281887 0.0 30505.306113488037 -30604.93449600037 0.0 63215.1805826635 -55019.90751797647 0.0 135039.32379868385 -99427.3145927113 0.0 276465.4659039821 -165193.1818711815 0.0 509049.098807665 -229155.66870426296 0.0 811185.924025849 -234953.80305205495 0.0 1102020.6010847127 -121306.72146209388 0.0 1514803.5329905958 368359.6884639689 0.0 13263.525160152747 -30525.448880035918 0.0 9124.226222400212 -12155.668302030554 0.0 13852.66783185646 -16442.660300752694 0.0 26403.964239647794 -27627.975378094976 0.0 54432.52045646635 -49362.00657175316 0.0 115708.82441528264 -88503.20493121464 0.0 235776.19986338727 -145385.41585720627 0.0 432073.80199945864 -197769.92831135716 0.0 685062.5260388704 -193809.69602481413 0.0 925472.4294343488 -78915.37993260019 0.0 1268122.3047755568 389456.4377030283 0.0 11661.368600408072 -28222.41842448478 0.0 7974.2535319054105 -11147.729032081867 0.0 12026.883721737231 -15008.980310063667 0.0 22776.73578529956 -25079.40903249124 0.0 46659.124108185446 -44501.640860731546 0.0 98576.76616417148 -79071.70356217114 0.0 199641.7395493267 -128158.71532396432 0.0 363540.30341822305 -170183.27159692947 0.0 572443.4899334807 -157057.34110147782 0.0 767333.1623827965 -39975.50990228588 0.0 1046691.3013766508 412160.47846281884 0.0 10238.110208901695 -26287.306883486068 0.0 6951.933845375983 -10291.589369914127 0.0 10400.901362736084 -13786.8553958638 0.0 19541.87980391041 -22898.076561486927 0.0 39717.10750775777 -40320.79547969771 0.0 83248.76459567552 -70903.56291265914 0.0 167233.54421263115 -113098.8785887664 0.0 301894.7588102223 -145746.49932955977 0.0 470814.44059986674 -123858.98869841237 0.0 624131.5513123218 -3640.7597083361466 0.0 845721.7245835005 436890.78894470393 0.0 8965.213110280063 -24677.10835120507 0.0 6036.147134470629 -9568.18248703296 0.0 8940.593891125622 -12748.696665567659 0.0 16630.39350820085 -21034.092061418465 0.0 33456.34123450326 -36722.955802476 0.0 69391.65814323061 -63810.42455977221 0.0 137850.13495502164 -99863.03859578332 0.0 245817.36037404247 -123916.16655972488 0.0 378031.430410845 -93501.17626273 0.0 492895.1950947983 30831.483077400946 0.0 661099.9629697419 464079.320531492 0.0 7818.276982703183 -23357.307603062043 0.0 5208.972656870056 -8962.243307052418 0.0 7616.787144090036 -11872.049525441123 0.0 13983.259969022934 -19446.70941846618 0.0 27748.34632798886 -33628.9242467522 0.0 56719.86521058377 -57636.649635944574 0.0 110888.51658957648 -88164.98887285402 0.0 194169.32772272496 -104231.92655906836 0.0 292236.4934484422 -65366.13896011281 0.0 371035.99969966034 64108.08485906447 0.0 489232.1564185137 494183.6776028137 0.0 6776.207731442159 -22300.540500706687 0.0 4454.70801133777 -8461.16752059683 0.0 6404.198265822439 -11138.701358825381 0.0 11549.253832633312 -18102.67745209233 0.0 22481.430638091097 -30973.587809900142 0.0 44984.50458116776 -52252.97852994821 0.0 85821.33414567847 -77763.7124035008 0.0 145950.38663825154 -86298.62272810303 0.0 211789.62253789444 -38908.820882307235 0.0 256257.47765482095 96803.36914486204 0.0 326917.94205579243 527699.6474865674 0.0 5820.543495417911 -21485.577931552227 0.0 3759.5541445700956 -8054.798604384857 0.0 5280.575298952219 -10533.995463382153 0.0 9283.162062786314 -16974.970871796097 0.0 17556.74308462434 -28703.41235916489 0.0 33964.55303807997 -47551.57997364987 0.0 62178.246682223245 -68454.32615694284 0.0 100263.94690995858 -69771.92567898195 0.0 135212.77981828863 -13637.990463351032 0.0 146478.02617082227 129498.96615273652 0.0 171245.53919621222 565174.2013252621 0.0 4934.899385478627 -20896.57040351192 0.0 3111.340708429212 -7735.379587402627 0.0 4225.986193929152 -10046.307329360545 0.0 7144.310807282254 -16041.814536428707 0.0 12885.00024402866 -26774.498988478346 0.0 23459.48671334452 -43442.16442074143 0.0 39530.35845433063 -60060.85455605399 0.0 56287.83894034706 -54346.607791596245 0.0 61142.55924113532 10899.690536693754 0.0 39765.63914897381 162761.45370410196 0.0 19502.066734147786 607219.5744124848 0.0 940.772201482813 -28731.511585877503 0.0 3424.6658287034747 -8681.798630362202 0.0 4618.550689053357 -11234.804831442516 0.0 7740.581650722906 -17853.11967757068 0.0 13806.453712375562 -29589.11064129858 0.0 24759.606631052753 -47457.43599308257 0.0 40787.67138193476 -64083.28314685251 0.0 55865.66681512834 -53569.67431845636 0.0 55722.86530786267 26331.219951260297 0.0 25200.469981647962 205262.56480332612 0.0 -97504.26439607925 643395.2164838831 0.0
    </DataArray>
    <DataArray type="Float32" Name="Power density [Wm^-3]" NumberOfComponents="1" format="ascii">
3.3339022310661274e+18 4.039866759936172e+18 3.710975932751453e+18 3.1820865740738657e+18 2.8029402052141066e+18 2.614974812673103e+18 2.5801003537988475e+18 2.648110783212943e+18 2.768275540879959e+18 2.895094867718691e+18 2.354346301966738e+18 2.1628398866577897e+18 2.699877788100004e+18 2.463371803039414e+18 2.132407125110982e+18 1.908599861827127e+18 1.8110310870044099e+18 1.8158912794272888e+18 1.8906406234210204e+18 2.0009041677381716e+18 2.1143664636564467e+18 1.579460961306301e+18 1.4625255983672102e+18 1.774305679270144e+18 1.6390546610055995e+18 1.4552102511373908e+18 1.3421342912228221e+18 1.3148986797586081e+18 1.3605342150047314e+18 1.45719177336817e+18 1.5789776994678418e+18 1.6994532462114824e+18 1.2580606781687608e+18 8.657987468765527e+17 1.0490755581593028e+18 9.850198433700115e+17 9.019644318704923e+17 8.639679154746127e+17 8.813865665557412e+17 9.460247511061631e+17 1.0426513889075343e+18 1.1525136913474277e+18 1.2554949914047877e+18 9.227064699707096e+17 5.079642581884303e+17 6.233449130958568e+17 5.964511706166071e+17 5.627898729349315e+17 5.573481570933048e+17 5.875074567212591e+17 6.472630072863464e+17 7.253421725261536e+17 8.08255254588153e+17 8.815719284903654e+17 6.426906714602543e+17 3.126983542149022e+17 3.893877715621714e+17 3.7953402315471354e+17 3.668418823133048e+17 3.7082642957396864e+17 3.9748812054992154e+17 4.429791698849756e+17 4.986985564928568e+17 5.5447085186522234e+17 6.001291702306153e+17 4.333156790586125e+17 2.0356155561913325e+17 2.5642824819239344e+17 2.536032833276931e+17 2.489538830908317e+17 2.5317868435680797e+17 2.7124251369759706e+17 3.0160707880102886e+17 3.3820246239290477e+17 3.7314015807181325e+17 3.9903047543918515e+17 2.8506467894679085e+17 1.3844567320718014e+17 1.756857627407438e+17 1.7547993944362608e+17 1.7376224732181408e+17 1.760566403650202e+17 1.8598396709276314e+17 2.036234200895858e+17 2.2544949311869642e+17 2.4578852614374877e+17 2.592730225133637e+17 1.834191022034216e+17 9.673610522984725e+16 1.2318719249690718e+17 1.238068429083539e+17 1.2315176172035922e+17 1.2387596401563253e+17 1.2823262159054178e+17 1.3689098676123718e+17 1.4825463333722614e+17 1.5882629064567472e+17 1.650838611533763e+17 1.1585652557657869e+17 6.822141335508253e+16 8.686136981644922e+16 8.75962099522324e+16 8.729195240567578e+16 8.717534881560363e+16 8.848316690786914e+16 9.18403369145391e+16 9.670639331787486e+16 1.0129661171952288e+17 1.0363953958594139e+17 7.225456427371488e+16 4.754566361766679e+16 6.024549781217322e+16 6.079817650373076e+16 6.0553842280954296e+16 6.011115130574159e+16 6.0088814091575016e+16 6.08968307503746e+16 6.244414304596454e+16 6.3975479703540376e+16 6.446107908108569e+16 4.4667116177425176e+16 3.177656217936086e+16 3.97751818885338e+16 4.004194460150413e+16 3.98410139065109e+16 3.9445005914680856e+16 3.912131077635541e+16 3.914813379726251e+16 3.953728493268227e+16 3.988731111129616e+16 3.966666397804308e+16 2.7331836586989024e+16 1.9466452976436684e+16 2.3678918080417896e+16 2.390507253887195e+16 2.3982775871450628e+16 2.3901502979878932e+16 2.3788560667318276e+16 2.405747560130675e+16 2.4274628181668876e+16 2.428465713999458e+16 2.3967511842602804e+16 1.6474763417673242e+16 9725591048691576.0 1.2075772970866864e+16 1.243907649910735e+16 1.2877994112708712e+16 1.340004011340473e+16 1.4161394924511752e+16 1.4408332426978018e+16 1.4477501922060998e+16 1.4374271034397392e+16 1.4297752951273734e+16 9855162278720188.0 5957012647108443.0 7512389981338709.0 7620801594698629.0 7806454069076757.0 7993405053683276.0 8020758614130521.0 8228123091315064.0 8570032948276768.0 8920992120240673.0 8684717192504487.0 5935300795363149.0 4352327077993174.0 5572757661502000.0 5567268349726597.0 5589734864043184.0 5595531838076780.0 5561204173284203.0 5505778643741140.0 5422131439378517.0 5235616688083216.0 5157228858976721.0 3609092176075590.5 3584450684012060.0 4646714152024115.0 4617280085775101.0 4591143501691293.0 4552212231153377.0 4479944142373292.0 4358874547936366.5 4177804499443224.0 3941274674028909.5 3670711413269360.5 2551119869147635.5 3158621426878902.0 4129070275398014.5 4102114462697414.5 4067433479161362.0 4020280491867248.5 3946573555762694.0 3827535537322958.5 3643846669349107.5 3377896584483590.5 3025987750426504.5 2085066564589799.8 2884829890788226.5 3791124908208317.5 3771777770007568.0 3741171295431786.0 3697229445891932.5 3629357019583212.5 3519535756631356.5 3345703059091390.0 3082560314117974.0 2714724310823002.5 1863810865838958.8 2689078398504423.0 3545312535323532.5 3532360023260320.0 3508257690888754.5 3470866895304641.5 3410948586806472.0 3311512400292598.0 3150165572223869.5 2899827915194465.0 2540159602306071.5 1743204565013531.2 2538278199038723.5 3353571164926526.0 3344939278611748.0 3326613576786375.5 3295875428076524.5 3243961241418686.0 3154589805390046.0 3005572138950286.5 2769771375031624.0 2425273289697409.5 1665867795141184.2 2416802940116867.5 3197457332890376.5 3191437359839692.5 3177451895986634.5 3152280385895038.0 3107365467874269.5 3026925897714733.5 2889060854255364.5 2667026815967932.5 2338788531818015.0 1608659332532384.2 2315382621813749.5 3066287285916750.5 3061965884139632.5 3051141665944163.5 3030330520775359.5 2991156608801156.5 2918267871961396.5 2790080990628250.5 2580355067296675.5 2267548316114930.5 1561981055953715.0 2228966739615352.2 2954126745238512.5 2950919765708527.5 2942363456704491.5 2924865121331375.5 2890253679379673.5 2823587089405866.5 2703622205056039.5 2504640845919370.5 2205867117264366.0 1521743774354617.5 2154452083273948.0 2857253562318231.5 2854806928383892.5 2847870299653315.0 2832850184234645.5 2801807542559401.5 2740203820204060.5 2627150680923698.0 2437445988235772.0 2151202433830799.2 1486144559798540.0 2218900651245609.5 2772126572835777.0 2768582256150145.0 2760836548609101.5 2745088781059479.5 2713365824648020.0 2651061903539288.0 2536940795066233.5 2349504944970038.5 2096062445384146.2 1340191708478914.5 2016207815066767.8 2698543323231150.5 2694963345600014.5 2688018467486131.0 2674441004946533.0 2647834870333290.0 2595904401981068.5 2499132234781631.5 2338248609334724.5 2131221498015692.2 1526766052938407.0 1969055646065478.0 2634598992613356.5 2631824130709323.5 2625978058446780.5 2613828943657333.5 2589049382270110.5 2539519586338983.5 2446015736706777.0 2289125787612540.5 2083985846937981.8 1490089786073588.2 1927586678213346.8 2578330877435473.5 2576147764146292.5 2571126871739695.0 2560085953457575.5 2536776513512523.5 2489247948378994.5 2398547964100211.5 2245164270696135.2 2041729073749029.8 1457312095232248.8 1891070317279623.0 2528761538227302.5 2527020098839574.0 2522625611233930.5 2512452657094412.0 2490336017466157.0 2444485308111970.5 2356197733949164.0 2205891508390684.0 2003982568218210.0 1428049830503760.2 1858886734931241.0 2485059210033768.5 2483653211801004.5 2479740622132940.5 2470255127922797.0 2449114968595350.5 2404679560154345.5 2318474002797212.0 2170869347566930.0 1970317606227176.2 1401959123672333.8 1830504591978469.0 2446508714904951.5 2445362030937598.0 2441825577935896.0 2432891173413186.5 2412557841769366.0 2369323518491112.0 2284920336882135.5 2139688219261568.2 1940336732168500.0 1378725112104352.2 1805465685525067.5 2412491711130431.5 2411548950376855.5 2408310403040598.0 2399823122773038.0 2380162451222550.5 2337953207737716.0 2255114700839447.5 2111967043529990.0 1913671889223554.8 1358058455759623.5 1783373559337659.0 2382472041288804.5 2381692220456843.5 2378692949244772.0 2370572606744565.5 2351477374052777.5 2310147376267885.5 2228670414446614.8 2087354598942600.8 1889984686772202.0 1339694348548577.5 1763884564654837.2 2355984164368615.5 2355336422685558.0 2352531841130484.5 2344715771520554.0 2326099289336339.5 2285526591984931.5 2205236559933996.0 2065530500607272.8 1868966752977046.0 1323392094444982.5 1746700569646457.0 2332623644165495.5 2332084321969161.5 2329439992544843.5 2321878535342801.5 2303669864248800.5 2263751540771810.0 2184497408186842.8 2046205238513722.2 1850339460544829.8 1308934493952779.8 1731562870740693.8 2312039139182227.0 2311589769185691.0 2309078665431578.5 2301731901028518.0 2283872283582314.5 2244520654416647.8 2166170975840134.0 2029119317075313.2 1833852943380518.8 1296126851722217.0 1718247039852824.0 2293925572297145.5 2293551484661125.5 2291152054427458.5 2283987435932396.0 2266427626528125.5 2227567326494878.0 2150006987503851.8 2014041737177814.0 1819284562669940.2 1284795653182277.5 1706558535428567.5 2278018275174758.5 2277707617906544.5 2275402402282548.0 2268393025050110.5 2251091276925458.2 2212656958350512.8 2135784513620413.0 2000768082178810.8 1806437032679963.2 1274787030372804.2 1696328955810797.5 2264087962777148.0 2263831005022740.0 2261605643917191.5 2254728969494359.0 2237649502690962.8 2199584018962420.0 2123309497257922.2 1989118423780999.8 1795136391903252.8 1265965137013247.8 1687412839288346.2 2251936426418719.0 2251725055623006.8 2249567563175077.2 2242804467836258.8 2225916289726946.0 2188169242300096.0 2112412319494396.0 1978935204679161.2 1785229958990696.0 1258210527645814.2 1679684937529457.5 2241392843525276.8 2241220201432883.8 2239120432140040.8 2232454489524443.8 2215730475277767.0 2178257036795081.0 2102945499553151.8 1970081202591306.0 1776584368144617.2 1251418606737566.0 1673037906556125.8 2232310645821067.2 2232170855260874.8 2230120104385467.2 2223537035013190.8 2206953199653952.0 2169713147370237.8 2094781586703480.0 1962437640432055.2 1769083743087114.0 1245498189095552.2 1667380352534945.8 2224564861102642.8 2224452815158563.2 2222443516705778.8 2215930760356019.8 2199465674941918.0 2162422585974718.8 2087811273204419.8 1955902478772148.0 1762628042531048.8 1240370194372390.0 1662635194707638.0 2218049883230605.0 2217961087933131.0 2215986577946021.2 2209532954232935.2 2193167266832020.0 2156287835311091.2 2081941740781355.2 1950388907579714.0 1757131591949868.2 1235966485307710.0 1658738304714373.5 2212677606513594.2 2212608054245586.2 2210662387200863.2 2204257823576822.0 2187973860501675.0 2151227309190970.0 2077095234047720.2 1945824037256200.0 1752521802349763.8 1232228849755005.5 1655637377442079.5 2208375895204973.2 2208321960942688.8 2206399759080786.2 2200035064086047.8 2183816490014880.0 2147174054260156.0 2073207851228384.0 1942147783356115.8 1748738070683967.2 1229108121621858.2 1653291006221122.2 2205087301876593.8 2205045669592223.8 2203142002045322.0 2196808679630488.2 2180640207033518.8 2144074676906169.8 2070228541855474.8 1939311938392011.2 1745730855355180.0 1226563434631693.5 1651667994309278.0 2202768101835830.8 2202735696326807.0 2200845973510442.8 2194536062131060.0 2178403193214829.0 2141888496003660.0 2068118310287636.8 1937279428216008.8 1743460921575216.8 1224561603264588.5 1650746842681104.2 2201387581405367.0 2201361503145883.8 2199481384322237.8 2193187310432229.2 2177076098896980.2 2140586907428679.0 2066849613812488.8 1936023743775240.8 1741898747430160.8 1223076623574054.0 2200612842939403.2 2751062633543910.0 2751158337582520.0 2749152137736042.0 2742057535727846.0 2723619324567727.0 2681421999578145.0 2595162406458956.0 2439980183412835.0 2204587989389806.0 1629452380085062.2
    </DataArray>
    <DataArray type="Float32" Name="Temperature [K]" NumberOfComponents="1" format="ascii">
351.16312117975855 369.0224071261928 381.96197789217194 391.2641245332048 398.03416300796033 402.89467780476326 406.05245271175824 407.4217353204755 406.72713782516104 403.5809750029862 397.5261357823014 350.29386722056483 367.39765245811066 380.06537102942497 389.3330186941864 396.15239294930956 401.07905318902107 404.29958643470457 405.7302227145932 405.109720865826 402.07489720026024 396.2103830107468 348.04683245949326 363.36831605486844 375.27643825391385 384.3380091692944 391.18111227185256 396.20229264692836 399.5323223887008 401.0879382874564 400.64237254109497 397.89508181814153 392.5336087064466 345.0684888808633 358.3592562792318 369.19948614077043 377.7931219041252 384.4707910946594 389.45911111725735 392.81910816255146 394.4643217684654 394.2099807530304 391.8336068582328 387.14158348606037 341.8159676237131 353.2337665632909 362.8990454753097 370.8181100302948 377.12068240761135 381.9026418885263 385.1661365373071 386.8228088140934 386.72863898454295 384.73441509754423 380.746835595077 338.5292297053005 348.3316441194252 356.8440297722707 363.9850849620952 369.76942014742286 374.2104352366328 377.2730775050239 378.8721554955876 378.89857082797016 377.2605214545452 373.9334984574016 335.3262652179392 343.75741349348357 351.20135822508394 357.5459387564429 362.7472166694736 366.77374039325974 369.57328036911997 371.0695081297059 371.18171545695486 369.85766831628445 367.111933808879 332.2662338094515 339.53305808850297 346.01668619872186 351.60018493895586 356.2138180723562 359.8051131219547 362.31762819445805 363.68738881657737 363.8565480375169 362.79818799777746 360.54437966625375 329.37939304006227 335.6537156981283 341.28900786915864 346.17466824366664 350.23295223849664 353.4039722282921 355.63345665886266 356.8699755949572 357.07352611888376 356.23271177064356 354.3842040414088 326.68056611968814 332.10560087178203 336.99899104774096 341.2605795353077 344.81375754689964 347.5985574505993 349.56533044845565 350.6731604666191 350.89494323857156 350.228245446624 348.70787203784226 324.1755736786742 328.8718419504084 333.1203721771256 336.83229730056865 339.93639212129665 342.376253544205 344.10746314626454 345.09699507910136 345.3261773207312 344.79708221604193 343.5400022493161 321.8646914842072 325.9348416295883 329.625250440779 332.8577064943381 335.5678975811852 337.7044825992452 339.22810460996266 340.11135766144577 340.3405733456155 339.9194634595631 338.8731402583587 319.7446702161444 323.27746834462056 326.48667966286916 329.30359575875013 331.6709680981862 333.54287139757344 334.8845651184367 335.67268390489556 335.8964081883622 335.55949407211506 334.68208121724973 317.80976346296916 320.88314489481456 323.67902494163457 326.13716750207004 328.20723417195677 329.84861343334325 331.03059790960054 331.73297566792644 331.94670243731673 331.6748101789503 330.93303712580206 316.052483762417 318.73635106875645 321.178040268024 323.32634011715163 325.1377784500123 326.577199477191 327.6180932388637 328.24288753198095 328.4433414781002 328.2212041287946 327.5885957005915 314.46067580864576 316.81311769995386 318.9516245788852 320.8332321643034 322.4208948229904 323.6843476448902 324.60064130665234 325.15451361676605 325.3387340238614 325.1542634298092 324.6101527083077 313.0212511670279 315.09002539205443 316.9683698364058 318.62032386504654 320.0145118664486 321.12503319991805 321.93207228518696 322.4223154684581 322.58923269841483 322.43313746491634 321.9609542994498 311.72129905194413 313.54585094536327 315.2001035196269 316.6538663129544 317.8805872774685 318.8581579655951 319.56950304600355 320.0029910593807 320.15268715248396 320.0184055266179 319.60547608984774 310.54853090874076 312.16172734703605 313.62217895023736 314.9044078767083 315.98589369954243 316.8477604997825 317.4753034492616 317.8583667095248 317.991577197942 317.87440720976633 317.51097937561724 309.49144660439765 310.9209221635818 312.21312651934244 313.34643611379937 314.3016799194086 315.0627104760301 315.6168566735325 315.9552593179214 316.0730871951426 315.96961149974436 315.64805627197825 308.5393823178443 309.80856007681905 310.9541946911593 311.9578314437332 312.8030821066465 313.4760943551096 313.96593419950705 314.26487878941464 314.3686148888864 314.2763228892512 313.99056877904314 307.68250919895655 308.81138155863056 309.8289388928975 310.71934908362056 311.46854309748534 312.0645998846664 312.4980671581541 312.76221500522087 312.85321732341015 312.77024226934884 312.5153783293311 306.91180731064213 307.9175412809296 308.82288038101973 309.6141775495082 310.2793051752205 310.8079711337749 311.1919875790404 311.42549025591546 311.50510390606127 311.4300361018684 311.20202965307794 306.21902777608096 307.1164419398872 307.923229290883 308.62757539807365 309.218985960875 309.688547345999 310.02915235904817 310.23569022581 310.3051972366923 310.2369514409115 310.03244458613847 305.59664778557413 306.3985924343246 307.11865672545395 307.7465729802663 308.27322802586406 308.69087915933943 308.99334462336446 309.1761687900751 309.2367594220103 309.17448135622556 308.99064252460437 305.037822690204 305.75548622274357 306.39910576900456 306.95972682516793 307.4294099080235 307.8014107301157 308.0703418121656 308.23231681387705 308.2850758009002 308.22807666457106 308.0624910804062 304.53633727304225 305.17949546393965 305.7556329542339 306.2569159420248 306.67640694722576 307.00821613052307 307.24763926766104 307.391284565097 307.43718727188786 307.38489808687234 307.23548601691414 304.08655813633817 304.6637793576421 305.1802749820663 305.62917219106146 306.00439255861465 306.3007800013608 306.51421934107054 306.6417484007431 306.6816632152108 306.63360305740935 306.4985580207558 303.6833875326427 304.2022029654476 304.6659346094121 305.0685371541188 305.4046714930088 305.6698136469693 305.8603573270099 305.9737136429896 306.0084080652107 305.9641619689209 305.84190341055915 303.32221938343577 303.78926531576303 304.20628236970543 304.5679404438287 304.86953887056603 305.1070997593785 305.2774573162876 305.37834710836603 305.4084958196505 305.36769939013163 305.2568359249253 302.99889782178894 303.4200354967047 303.7956713898194 304.1210955223708 304.3921601890481 304.60536046860636 304.7579125338445 304.8478340917189 304.87402786713267 304.836356521748 304.7356569699342 302.7096784337519 303.0900956844703 303.4290631377199 303.7224099425862 303.96646853995276 304.15814454421815 304.2949858609925 304.37525565546287 304.3980103916422 304.3631717768337 304.2715419936044 302.4511922638262 302.7954902518484 303.1019623935085 303.366907585727 303.58707606668764 303.7597304468909 303.88270712033955 303.95448289325793 303.9742483071737 303.9419768821603 303.8584409376082 302.2204125744347 302.5326802499119 302.81036008487627 303.0501609785109 303.2491973190708 303.4050426086619 303.515784389043 303.58008548080585 303.59725322790297 303.56730631831147 303.4909909787289 302.01462429829684 302.2985026702636 302.5506828931215 302.7682321611347 302.9485826363221 303.0895788481464 303.1895271430449 303.24725233384106 303.26216342173376 303.23431826495784 303.1644400088466 301.83139608896784 302.09013398445506 302.3197487388214 302.5176208760145 302.68146005882437 302.8093472361079 302.8997794546356 302.95172259415585 302.96467405047554 302.9387255067315 302.8745795114318 301.6685548536281 301.9050575281006 302.1147274131438 302.2952190769531 302.44448455375624 302.5608110450876 302.64286179481746 302.6897254822932 302.7009762865978 302.67673499503866 302.6176856755628 301.5241626401203 301.74103435460813 301.93310574356366 302.098270937386 302.23469356166044 302.3408406660115 302.41552025152265 302.4579278089496 302.4677041289266 302.4449949607621 302.39046774747897 301.39649574479046 301.5960772308358 301.77265678013123 301.9243376771304 302.049468045558 302.14667157139587 302.21488218103906 302.2533881406451 302.2618879292346 302.2405486394556 302.1900227572734 301.2840259071064 301.46842748687476 301.6314125668156 301.7712666391255 301.886498362926 301.97586756150855 302.03841747540815 302.07351678001373 302.08091379740904 302.0607938104076 302.0137958772675 301.18540345999065 301.3565344663662 301.50764012648085 301.63716413801825 301.74375439234336 301.826288656057 301.88390476248486 301.9160408556954 301.92248818179434 301.9034474687885 301.8595457714725 301.0994423103299 301.2590373536069 301.3998203411981 301.5203716763062 301.61945943731683 301.69606309674214 301.7494019649063 301.77897392784104 301.78460702887764 301.76651505003787 301.7253143847012 301.02510663148456 301.1747491801621 301.3066294543977 301.41944518497513 301.5120675045487 301.5835630106913 301.6332207348169 301.6605896077099 301.6655290170103 301.64826371094495 301.6094006973976 300.9614991582428 301.1026428374508 301.2269229596869 301.3331369970151 301.42024361630126 301.48738335538644 301.533904356959 301.55939876762915 301.56375243570983 301.5471992451774 301.5103380399071 300.9078509841664 301.04183894340497 301.1597216744798 301.2603803060997 301.342846869324 301.4063238253352 301.4502087768375 301.47412998372715 301.4779953479391 301.46204627448554 301.42687461927477 300.86351277132945 300.99159543114195 301.1041998258804 301.20027590063364 301.27891599806804 301.33937345171154 301.38108646553917 301.4037129107059 301.4071787297332 301.391731412213 301.3579569640503 300.8279472928532 300.9512987460547 301.05967500250483 301.1520809967109 301.22765723934 301.2856976704357 301.32567288040303 301.34726433738894 301.35041233138185 301.33536914456505 301.3027160391763 300.8007232392226 300.92045655498 301.0255998496405 301.11520002317144 301.1884343303221 301.24462767305516 301.28327532258254 301.30407671535824 301.30698304846146 301.29225021853074 301.2604558248186 300.78151023007774 300.8986918875214 301.00155540700354 301.08917723880637 301.1607605030868 301.21565188950797 301.2533640298528 301.2736089918924 301.276345630491 301.26183236445485 301.23064419083664 300.77007498380846 300.885738645048 300.9872460084925 301.0736910862265 301.1442923670008 301.1984094832359 301.23556537672926 301.2554796136182 301.258115590816 301.2437332168837 301.2129059332457 300.7662786079227 300.88143842779476 300.98249568236145 301.06855020973717 301.138825596577 301.19268576804103 301.22965708498623 301.2494615996857 301.25206421435587 301.2377253302473 301.20701787119106
    </DataArray>
   </PointData>
  </Piece>
 </UnstructuredGrid>
</VTKFile>
