<?xml version="1.0"?>
<VTKFile type="UnstructuredGrid" version="0.1" byte_order="LittleEndian">
 <UnstructuredGrid>
  <Piece NumberOfPoints="561" NumberOfCells="1000">
   <Points>
    <DataArray type="Float32" NumberOfComponents="3" format="ascii">
0.0 1e-08 0.0
0.0 1.1000000000000001e-08 0.0
0.0 1.2000000000000002e-08 0.0
0.0 1.3e-08 0.0
0.0 1.4000000000000001e-08 0.0
0.0 1.5000000000000002e-08 0.0
0.0 1.6e-08 0.0
0.0 1.7e-08 0.0
0.0 1.8000000000000002e-08 0.0
0.0 1.9e-08 0.0
0.0 2e-08 0.0
1e-09 1e-08 0.0
1e-09 1.1000000000000001e-08 0.0
1e-09 1.2000000000000002e-08 0.0
1e-09 1.3e-08 0.0
1e-09 1.4000000000000001e-08 0.0
1e-09 1.5000000000000002e-08 0.0
1e-09 1.6e-08 0.0
1e-09 1.7e-08 0.0
1e-09 1.8000000000000002e-08 0.0
1e-09 1.9e-08 0.0
1e-09 2e-08 0.0
2e-09 1e-08 0.0
2e-09 1.1000000000000001e-08 0.0
2e-09 1.2000000000000002e-08 0.0
2e-09 1.3e-08 0.0
2e-09 1.4000000000000001e-08 0.0
2e-09 1.5000000000000002e-08 0.0
2e-09 1.6e-08 0.0
2e-09 1.7e-08 0.0
2e-09 1.8000000000000002e-08 0.0
2e-09 1.9e-08 0.0
2e-09 2e-08 0.0
3.0000000000000004e-09 1e-08 0.0
3.0000000000000004e-09 1.1000000000000001e-08 0.0
3.0000000000000004e-09 1.2000000000000002e-08 0.0
3.0000000000000004e-09 1.3e-08 0.0
3.0000000000000004e-09 1.4000000000000001e-08 0.0
3.0000000000000004e-09 1.5000000000000002e-08 0.0
3.0000000000000004e-09 1.6e-08 0.0
3.0000000000000004e-09 1.7e-08 0.0
3.0000000000000004e-09 1.8000000000000002e-08 0.0
3.0000000000000004e-09 1.9e-08 0.0
3.0000000000000004e-09 2e-08 0.0
4e-09 1e-08 0.0
4e-09 1.1000000000000001e-08 0.0
4e-09 1.2000000000000002e-08 0.0
4e-09 1.3e-08 0.0
4e-09 1.4000000000000001e-08 0.0
4e-09 1.5000000000000002e-08 0.0
4e-09 1.6e-08 0.0
4e-09 1.7e-08 0.0
4e-09 1.8000000000000002e-08 0.0
4e-09 1.9e-08 0.0
4e-09 2e-08 0.0
5e-09 1e-08 0.0
5e-09 1.1000000000000001e-08 0.0
5e-09 1.2000000000000002e-08 0.0
5e-09 1.3e-08 0.0
5e-09 1.4000000000000001e-08 0.0
5e-09 1.5000000000000002e-08 0.0
5e-09 1.6e-08 0.0
5e-09 1.7e-08 0.0
5e-09 1.8000000000000002e-08 0.0
5e-09 1.9e-08 0.0
5e-09 2e-08 0.0
6.000000000000001e-09 1e-08 0.0
6.000000000000001e-09 1.1000000000000001e-08 0.0
6.000000000000001e-09 1.2000000000000002e-08 0.0
6.000000000000001e-09 1.3e-08 0.0
6.000000000000001e-09 1.4000000000000001e-08 0.0
6.000000000000001e-09 1.5000000000000002e-08 0.0
6.000000000000001e-09 1.6e-08 0.0
6.000000000000001e-09 1.7e-08 0.0
6.000000000000001e-09 1.8000000000000002e-08 0.0
6.000000000000001e-09 1.9e-08 0.0
6.000000000000001e-09 2e-08 0.0
7.000000000000001e-09 1e-08 0.0
7.000000000000001e-09 1.1000000000000001e-08 0.0
7.000000000000001e-09 1.2000000000000002e-08 0.0
7.000000000000001e-09 1.3e-08 0.0
7.000000000000001e-09 1.4000000000000001e-08 0.0
7.000000000000001e-09 1.5000000000000002e-08 0.0
7.000000000000001e-09 1.6e-08 0.0
7.000000000000001e-09 1.7e-08 0.0
7.000000000000001e-09 1.8000000000000002e-08 0.0
7.000000000000001e-09 1.9e-08 0.0
7.000000000000001e-09 2e-08 0.0
8e-09 1e-08 0.0
8e-09 1.1000000000000001e-08 0.0
8e-09 1.2000000000000002e-08 0.0
8e-09 1.3e-08 0.0
8e-09 1.4000000000000001e-08 0.0
8e-09 1.5000000000000002e-08 0.0
8e-09 1.6e-08 0.0
8e-09 1.7e-08 0.0
8e-09 1.8000000000000002e-08 0.0
8e-09 1.9e-08 0.0
8e-09 2e-08 0.0
9.000000000000001e-09 1e-08 0.0
9.000000000000001e-09 1.1000000000000001e-08 0.0
9.000000000000001e-09 1.2000000000000002e-08 0.0
9.000000000000001e-09 1.3e-08 0.0
9.000000000000001e-09 1.4000000000000001e-08 0.0
9.000000000000001e-09 1.5000000000000002e-08 0.0
9.000000000000001e-09 1.6e-08 0.0
9.000000000000001e-09 1.7e-08 0.0
9.000000000000001e-09 1.8000000000000002e-08 0.0
9.000000000000001e-09 1.9e-08 0.0
9.000000000000001e-09 2e-08 0.0
1e-08 1e-08 0.0
1e-08 1.1000000000000001e-08 0.0
1e-08 1.2000000000000002e-08 0.0
1e-08 1.3e-08 0.0
1e-08 1.4000000000000001e-08 0.0
1e-08 1.5000000000000002e-08 0.0
1e-08 1.6e-08 0.0
1e-08 1.7e-08 0.0
1e-08 1.8000000000000002e-08 0.0
1e-08 1.9e-08 0.0
1e-08 2e-08 0.0
1.1000000000000001e-08 1e-08 0.0
1.1000000000000001e-08 1.1000000000000001e-08 0.0
1.1000000000000001e-08 1.2000000000000002e-08 0.0
1.1000000000000001e-08 1.3e-08 0.0
1.1000000000000001e-08 1.4000000000000001e-08 0.0
1.1000000000000001e-08 1.5000000000000002e-08 0.0
1.1000000000000001e-08 1.6e-08 0.0
1.1000000000000001e-08 1.7e-08 0.0
1.1000000000000001e-08 1.8000000000000002e-08 0.0
1.1000000000000001e-08 1.9e-08 0.0
1.1000000000000001e-08 2e-08 0.0
1.2000000000000002e-08 1e-08 0.0
1.2000000000000002e-08 1.1000000000000001e-08 0.0
1.2000000000000002e-08 1.2000000000000002e-08 0.0
1.2000000000000002e-08 1.3e-08 0.0
1.2000000000000002e-08 1.4000000000000001e-08 0.0
1.2000000000000002e-08 1.5000000000000002e-08 0.0
1.2000000000000002e-08 1.6e-08 0.0
1.2000000000000002e-08 1.7e-08 0.0
1.2000000000000002e-08 1.8000000000000002e-08 0.0
1.2000000000000002e-08 1.9e-08 0.0
1.2000000000000002e-08 2e-08 0.0
1.3e-08 1e-08 0.0
1.3e-08 1.1000000000000001e-08 0.0
1.3e-08 1.2000000000000002e-08 0.0
1.3e-08 1.3e-08 0.0
1.3e-08 1.4000000000000001e-08 0.0
1.3e-08 1.5000000000000002e-08 0.0
1.3e-08 1.6e-08 0.0
1.3e-08 1.7e-08 0.0
1.3e-08 1.8000000000000002e-08 0.0
1.3e-08 1.9e-08 0.0
1.3e-08 2e-08 0.0
1.4000000000000001e-08 1e-08 0.0
1.4000000000000001e-08 1.1000000000000001e-08 0.0
1.4000000000000001e-08 1.2000000000000002e-08 0.0
1.4000000000000001e-08 1.3e-08 0.0
1.4000000000000001e-08 1.4000000000000001e-08 0.0
1.4000000000000001e-08 1.5000000000000002e-08 0.0
1.4000000000000001e-08 1.6e-08 0.0
1.4000000000000001e-08 1.7e-08 0.0
1.4000000000000001e-08 1.8000000000000002e-08 0.0
1.4000000000000001e-08 1.9e-08 0.0
1.4000000000000001e-08 2e-08 0.0
1.5000000000000002e-08 1e-08 0.0
1.5000000000000002e-08 1.1000000000000001e-08 0.0
1.5000000000000002e-08 1.2000000000000002e-08 0.0
1.5000000000000002e-08 1.3e-08 0.0
1.5000000000000002e-08 1.4000000000000001e-08 0.0
1.5000000000000002e-08 1.5000000000000002e-08 0.0
1.5000000000000002e-08 1.6e-08 0.0
1.5000000000000002e-08 1.7e-08 0.0
1.5000000000000002e-08 1.8000000000000002e-08 0.0
1.5000000000000002e-08 1.9e-08 0.0
1.5000000000000002e-08 2e-08 0.0
1.6e-08 1e-08 0.0
1.6e-08 1.1000000000000001e-08 0.0
1.6e-08 1.2000000000000002e-08 0.0
1.6e-08 1.3e-08 0.0
1.6e-08 1.4000000000000001e-08 0.0
1.6e-08 1.5000000000000002e-08 0.0
1.6e-08 1.6e-08 0.0
1.6e-08 1.7e-08 0.0
1.6e-08 1.8000000000000002e-08 0.0
1.6e-08 1.9e-08 0.0
1.6e-08 2e-08 0.0
1.7e-08 1e-08 0.0
1.7e-08 1.1000000000000001e-08 0.0
1.7e-08 1.2000000000000002e-08 0.0
1.7e-08 1.3e-08 0.0
1.7e-08 1.4000000000000001e-08 0.0
1.7e-08 1.5000000000000002e-08 0.0
1.7e-08 1.6e-08 0.0
1.7e-08 1.7e-08 0.0
1.7e-08 1.8000000000000002e-08 0.0
1.7e-08 1.9e-08 0.0
1.7e-08 2e-08 0.0
1.8000000000000002e-08 1e-08 0.0
1.8000000000000002e-08 1.1000000000000001e-08 0.0
1.8000000000000002e-08 1.2000000000000002e-08 0.0
1.8000000000000002e-08 1.3e-08 0.0
1.8000000000000002e-08 1.4000000000000001e-08 0.0
1.8000000000000002e-08 1.5000000000000002e-08 0.0
1.8000000000000002e-08 1.6e-08 0.0
1.8000000000000002e-08 1.7e-08 0.0
1.8000000000000002e-08 1.8000000000000002e-08 0.0
1.8000000000000002e-08 1.9e-08 0.0
1.8000000000000002e-08 2e-08 0.0
1.9e-08 1e-08 0.0
1.9e-08 1.1000000000000001e-08 0.0
1.9e-08 1.2000000000000002e-08 0.0
1.9e-08 1.3e-08 0.0
1.9e-08 1.4000000000000001e-08 0.0
1.9e-08 1.5000000000000002e-08 0.0
1.9e-08 1.6e-08 0.0
1.9e-08 1.7e-08 0.0
1.9e-08 1.8000000000000002e-08 0.0
1.9e-08 1.9e-08 0.0
1.9e-08 2e-08 0.0
2e-08 1e-08 0.0
2e-08 1.1000000000000001e-08 0.0
2e-08 1.2000000000000002e-08 0.0
2e-08 1.3e-08 0.0
2e-08 1.4000000000000001e-08 0.0
2e-08 1.5000000000000002e-08 0.0
2e-08 1.6e-08 0.0
2e-08 1.7e-08 0.0
2e-08 1.8000000000000002e-08 0.0
2e-08 1.9e-08 0.0
2e-08 2e-08 0.0
2.1000000000000003e-08 1e-08 0.0
2.1000000000000003e-08 1.1000000000000001e-08 0.0
2.1000000000000003e-08 1.2000000000000002e-08 0.0
2.1000000000000003e-08 1.3e-08 0.0
2.1000000000000003e-08 1.4000000000000001e-08 0.0
2.1000000000000003e-08 1.5000000000000002e-08 0.0
2.1000000000000003e-08 1.6e-08 0.0
2.1000000000000003e-08 1.7e-08 0.0
2.1000000000000003e-08 1.8000000000000002e-08 0.0
2.1000000000000003e-08 1.9e-08 0.0
2.1000000000000003e-08 2e-08 0.0
2.2000000000000002e-08 1e-08 0.0
2.2000000000000002e-08 1.1000000000000001e-08 0.0
2.2000000000000002e-08 1.2000000000000002e-08 0.0
2.2000000000000002e-08 1.3e-08 0.0
2.2000000000000002e-08 1.4000000000000001e-08 0.0
2.2000000000000002e-08 1.5000000000000002e-08 0.0
2.2000000000000002e-08 1.6e-08 0.0
2.2000000000000002e-08 1.7e-08 0.0
2.2000000000000002e-08 1.8000000000000002e-08 0.0
2.2000000000000002e-08 1.9e-08 0.0
2.2000000000000002e-08 2e-08 0.0
2.3e-08 1e-08 0.0
2.3e-08 1.1000000000000001e-08 0.0
2.3e-08 1.2000000000000002e-08 0.0
2.3e-08 1.3e-08 0.0
2.3e-08 1.4000000000000001e-08 0.0
2.3e-08 1.5000000000000002e-08 0.0
2.3e-08 1.6e-08 0.0
2.3e-08 1.7e-08 0.0
2.3e-08 1.8000000000000002e-08 0.0
2.3e-08 1.9e-08 0.0
2.3e-08 2e-08 0.0
2.4000000000000003e-08 1e-08 0.0
2.4000000000000003e-08 1.1000000000000001e-08 0.0
2.4000000000000003e-08 1.2000000000000002e-08 0.0
2.4000000000000003e-08 1.3e-08 0.0
2.4000000000000003e-08 1.4000000000000001e-08 0.0
2.4000000000000003e-08 1.5000000000000002e-08 0.0
2.4000000000000003e-08 1.6e-08 0.0
2.4000000000000003e-08 1.7e-08 0.0
2.4000000000000003e-08 1.8000000000000002e-08 0.0
2.4000000000000003e-08 1.9e-08 0.0
2.4000000000000003e-08 2e-08 0.0
2.5000000000000002e-08 1e-08 0.0
2.5000000000000002e-08 1.1000000000000001e-08 0.0
2.5000000000000002e-08 1.2000000000000002e-08 0.0
2.5000000000000002e-08 1.3e-08 0.0
2.5000000000000002e-08 1.4000000000000001e-08 0.0
2.5000000000000002e-08 1.5000000000000002e-08 0.0
2.5000000000000002e-08 1.6e-08 0.0
2.5000000000000002e-08 1.7e-08 0.0
2.5000000000000002e-08 1.8000000000000002e-08 0.0
2.5000000000000002e-08 1.9e-08 0.0
2.5000000000000002e-08 2e-08 0.0
2.6e-08 1e-08 0.0
2.6e-08 1.1000000000000001e-08 0.0
2.6e-08 1.2000000000000002e-08 0.0
2.6e-08 1.3e-08 0.0
2.6e-08 1.4000000000000001e-08 0.0
2.6e-08 1.5000000000000002e-08 0.0
2.6e-08 1.6e-08 0.0
2.6e-08 1.7e-08 0.0
2.6e-08 1.8000000000000002e-08 0.0
2.6e-08 1.9e-08 0.0
2.6e-08 2e-08 0.0
2.7e-08 1e-08 0.0
2.7e-08 1.1000000000000001e-08 0.0
2.7e-08 1.2000000000000002e-08 0.0
2.7e-08 1.3e-08 0.0
2.7e-08 1.4000000000000001e-08 0.0
2.7e-08 1.5000000000000002e-08 0.0
2.7e-08 1.6e-08 0.0
2.7e-08 1.7e-08 0.0
2.7e-08 1.8000000000000002e-08 0.0
2.7e-08 1.9e-08 0.0
2.7e-08 2e-08 0.0
2.8000000000000003e-08 1e-08 0.0
2.8000000000000003e-08 1.1000000000000001e-08 0.0
2.8000000000000003e-08 1.2000000000000002e-08 0.0
2.8000000000000003e-08 1.3e-08 0.0
2.8000000000000003e-08 1.4000000000000001e-08 0.0
2.8000000000000003e-08 1.5000000000000002e-08 0.0
2.8000000000000003e-08 1.6e-08 0.0
2.8000000000000003e-08 1.7e-08 0.0
2.8000000000000003e-08 1.8000000000000002e-08 0.0
2.8000000000000003e-08 1.9e-08 0.0
2.8000000000000003e-08 2e-08 0.0
2.9e-08 1e-08 0.0
2.9e-08 1.1000000000000001e-08 0.0
2.9e-08 1.2000000000000002e-08 0.0
2.9e-08 1.3e-08 0.0
2.9e-08 1.4000000000000001e-08 0.0
2.9e-08 1.5000000000000002e-08 0.0
2.9e-08 1.6e-08 0.0
2.9e-08 1.7e-08 0.0
2.9e-08 1.8000000000000002e-08 0.0
2.9e-08 1.9e-08 0.0
2.9e-08 2e-08 0.0
3.0000000000000004e-08 1e-08 0.0
3.0000000000000004e-08 1.1000000000000001e-08 0.0
3.0000000000000004e-08 1.2000000000000002e-08 0.0
3.0000000000000004e-08 1.3e-08 0.0
3.0000000000000004e-08 1.4000000000000001e-08 0.0
3.0000000000000004e-08 1.5000000000000002e-08 0.0
3.0000000000000004e-08 1.6e-08 0.0
3.0000000000000004e-08 1.7e-08 0.0
3.0000000000000004e-08 1.8000000000000002e-08 0.0
3.0000000000000004e-08 1.9e-08 0.0
3.0000000000000004e-08 2e-08 0.0
3.1e-08 1e-08 0.0
3.1e-08 1.1000000000000001e-08 0.0
3.1e-08 1.2000000000000002e-08 0.0
3.1e-08 1.3e-08 0.0
3.1e-08 1.4000000000000001e-08 0.0
3.1e-08 1.5000000000000002e-08 0.0
3.1e-08 1.6e-08 0.0
3.1e-08 1.7e-08 0.0
3.1e-08 1.8000000000000002e-08 0.0
3.1e-08 1.9e-08 0.0
3.1e-08 2e-08 0.0
3.2e-08 1e-08 0.0
3.2e-08 1.1000000000000001e-08 0.0
3.2e-08 1.2000000000000002e-08 0.0
3.2e-08 1.3e-08 0.0
3.2e-08 1.4000000000000001e-08 0.0
3.2e-08 1.5000000000000002e-08 0.0
3.2e-08 1.6e-08 0.0
3.2e-08 1.7e-08 0.0
3.2e-08 1.8000000000000002e-08 0.0
3.2e-08 1.9e-08 0.0
3.2e-08 2e-08 0.0
3.3000000000000004e-08 1e-08 0.0
3.3000000000000004e-08 1.1000000000000001e-08 0.0
3.3000000000000004e-08 1.2000000000000002e-08 0.0
3.3000000000000004e-08 1.3e-08 0.0
3.3000000000000004e-08 1.4000000000000001e-08 0.0
3.3000000000000004e-08 1.5000000000000002e-08 0.0
3.3000000000000004e-08 1.6e-08 0.0
3.3000000000000004e-08 1.7e-08 0.0
3.3000000000000004e-08 1.8000000000000002e-08 0.0
3.3000000000000004e-08 1.9e-08 0.0
3.3000000000000004e-08 2e-08 0.0
3.4e-08 1e-08 0.0
3.4e-08 1.1000000000000001e-08 0.0
3.4e-08 1.2000000000000002e-08 0.0
3.4e-08 1.3e-08 0.0
3.4e-08 1.4000000000000001e-08 0.0
3.4e-08 1.5000000000000002e-08 0.0
3.4e-08 1.6e-08 0.0
3.4e-08 1.7e-08 0.0
3.4e-08 1.8000000000000002e-08 0.0
3.4e-08 1.9e-08 0.0
3.4e-08 2e-08 0.0
3.5e-08 1e-08 0.0
3.5e-08 1.1000000000000001e-08 0.0
3.5e-08 1.2000000000000002e-08 0.0
3.5e-08 1.3e-08 0.0
3.5e-08 1.4000000000000001e-08 0.0
3.5e-08 1.5000000000000002e-08 0.0
3.5e-08 1.6e-08 0.0
3.5e-08 1.7e-08 0.0
3.5e-08 1.8000000000000002e-08 0.0
3.5e-08 1.9e-08 0.0
3.5e-08 2e-08 0.0
3.6000000000000005e-08 1e-08 0.0
3.6000000000000005e-08 1.1000000000000001e-08 0.0
3.6000000000000005e-08 1.2000000000000002e-08 0.0
3.6000000000000005e-08 1.3e-08 0.0
3.6000000000000005e-08 1.4000000000000001e-08 0.0
3.6000000000000005e-08 1.5000000000000002e-08 0.0
3.6000000000000005e-08 1.6e-08 0.0
3.6000000000000005e-08 1.7e-08 0.0
3.6000000000000005e-08 1.8000000000000002e-08 0.0
3.6000000000000005e-08 1.9e-08 0.0
3.6000000000000005e-08 2e-08 0.0
3.7e-08 1e-08 0.0
3.7e-08 1.1000000000000001e-08 0.0
3.7e-08 1.2000000000000002e-08 0.0
3.7e-08 1.3e-08 0.0
3.7e-08 1.4000000000000001e-08 0.0
3.7e-08 1.5000000000000002e-08 0.0
3.7e-08 1.6e-08 0.0
3.7e-08 1.7e-08 0.0
3.7e-08 1.8000000000000002e-08 0.0
3.7e-08 1.9e-08 0.0
3.7e-08 2e-08 0.0
3.8e-08 1e-08 0.0
3.8e-08 1.1000000000000001e-08 0.0
3.8e-08 1.2000000000000002e-08 0.0
3.8e-08 1.3e-08 0.0
3.8e-08 1.4000000000000001e-08 0.0
3.8e-08 1.5000000000000002e-08 0.0
3.8e-08 1.6e-08 0.0
3.8e-08 1.7e-08 0.0
3.8e-08 1.8000000000000002e-08 0.0
3.8e-08 1.9e-08 0.0
3.8e-08 2e-08 0.0
3.9000000000000005e-08 1e-08 0.0
3.9000000000000005e-08 1.1000000000000001e-08 0.0
3.9000000000000005e-08 1.2000000000000002e-08 0.0
3.9000000000000005e-08 1.3e-08 0.0
3.9000000000000005e-08 1.4000000000000001e-08 0.0
3.9000000000000005e-08 1.5000000000000002e-08 0.0
3.9000000000000005e-08 1.6e-08 0.0
3.9000000000000005e-08 1.7e-08 0.0
3.9000000000000005e-08 1.8000000000000002e-08 0.0
3.9000000000000005e-08 1.9e-08 0.0
3.9000000000000005e-08 2e-08 0.0
4e-08 1e-08 0.0
4e-08 1.1000000000000001e-08 0.0
4e-08 1.2000000000000002e-08 0.0
4e-08 1.3e-08 0.0
4e-08 1.4000000000000001e-08 0.0
4e-08 1.5000000000000002e-08 0.0
4e-08 1.6e-08 0.0
4e-08 1.7e-08 0.0
4e-08 1.8000000000000002e-08 0.0
4e-08 1.9e-08 0.0
4e-08 2e-08 0.0
4.1e-08 1e-08 0.0
4.1e-08 1.1000000000000001e-08 0.0
4.1e-08 1.2000000000000002e-08 0.0
4.1e-08 1.3e-08 0.0
4.1e-08 1.4000000000000001e-08 0.0
4.1e-08 1.5000000000000002e-08 0.0
4.1e-08 1.6e-08 0.0
4.1e-08 1.7e-08 0.0
4.1e-08 1.8000000000000002e-08 0.0
4.1e-08 1.9e-08 0.0
4.1e-08 2e-08 0.0
4.2000000000000006e-08 1e-08 0.0
4.2000000000000006e-08 1.1000000000000001e-08 0.0
4.2000000000000006e-08 1.2000000000000002e-08 0.0
4.2000000000000006e-08 1.3e-08 0.0
4.2000000000000006e-08 1.4000000000000001e-08 0.0
4.2000000000000006e-08 1.5000000000000002e-08 0.0
4.2000000000000006e-08 1.6e-08 0.0
4.2000000000000006e-08 1.7e-08 0.0
4.2000000000000006e-08 1.8000000000000002e-08 0.0
4.2000000000000006e-08 1.9e-08 0.0
4.2000000000000006e-08 2e-08 0.0
4.3e-08 1e-08 0.0
4.3e-08 1.1000000000000001e-08 0.0
4.3e-08 1.2000000000000002e-08 0.0
4.3e-08 1.3e-08 0.0
4.3e-08 1.4000000000000001e-08 0.0
4.3e-08 1.5000000000000002e-08 0.0
4.3e-08 1.6e-08 0.0
4.3e-08 1.7e-08 0.0
4.3e-08 1.8000000000000002e-08 0.0
4.3e-08 1.9e-08 0.0
4.3e-08 2e-08 0.0
4.4000000000000004e-08 1e-08 0.0
4.4000000000000004e-08 1.1000000000000001e-08 0.0
4.4000000000000004e-08 1.2000000000000002e-08 0.0
4.4000000000000004e-08 1.3e-08 0.0
4.4000000000000004e-08 1.4000000000000001e-08 0.0
4.4000000000000004e-08 1.5000000000000002e-08 0.0
4.4000000000000004e-08 1.6e-08 0.0
4.4000000000000004e-08 1.7e-08 0.0
4.4000000000000004e-08 1.8000000000000002e-08 0.0
4.4000000000000004e-08 1.9e-08 0.0
4.4000000000000004e-08 2e-08 0.0
4.5000000000000006e-08 1e-08 0.0
4.5000000000000006e-08 1.1000000000000001e-08 0.0
4.5000000000000006e-08 1.2000000000000002e-08 0.0
4.5000000000000006e-08 1.3e-08 0.0
4.5000000000000006e-08 1.4000000000000001e-08 0.0
4.5000000000000006e-08 1.5000000000000002e-08 0.0
4.5000000000000006e-08 1.6e-08 0.0
4.5000000000000006e-08 1.7e-08 0.0
4.5000000000000006e-08 1.8000000000000002e-08 0.0
4.5000000000000006e-08 1.9e-08 0.0
4.5000000000000006e-08 2e-08 0.0
4.6e-08 1e-08 0.0
4.6e-08 1.1000000000000001e-08 0.0
4.6e-08 1.2000000000000002e-08 0.0
4.6e-08 1.3e-08 0.0
4.6e-08 1.4000000000000001e-08 0.0
4.6e-08 1.5000000000000002e-08 0.0
4.6e-08 1.6e-08 0.0
4.6e-08 1.7e-08 0.0
4.6e-08 1.8000000000000002e-08 0.0
4.6e-08 1.9e-08 0.0
4.6e-08 2e-08 0.0
4.7000000000000004e-08 1e-08 0.0
4.7000000000000004e-08 1.1000000000000001e-08 0.0
4.7000000000000004e-08 1.2000000000000002e-08 0.0
4.7000000000000004e-08 1.3e-08 0.0
4.7000000000000004e-08 1.4000000000000001e-08 0.0
4.7000000000000004e-08 1.5000000000000002e-08 0.0
4.7000000000000004e-08 1.6e-08 0.0
4.7000000000000004e-08 1.7e-08 0.0
4.7000000000000004e-08 1.8000000000000002e-08 0.0
4.7000000000000004e-08 1.9e-08 0.0
4.7000000000000004e-08 2e-08 0.0
4.8000000000000006e-08 1e-08 0.0
4.8000000000000006e-08 1.1000000000000001e-08 0.0
4.8000000000000006e-08 1.2000000000000002e-08 0.0
4.8000000000000006e-08 1.3e-08 0.0
4.8000000000000006e-08 1.4000000000000001e-08 0.0
4.8000000000000006e-08 1.5000000000000002e-08 0.0
4.8000000000000006e-08 1.6e-08 0.0
4.8000000000000006e-08 1.7e-08 0.0
4.8000000000000006e-08 1.8000000000000002e-08 0.0
4.8000000000000006e-08 1.9e-08 0.0
4.8000000000000006e-08 2e-08 0.0
4.9e-08 1e-08 0.0
4.9e-08 1.1000000000000001e-08 0.0
4.9e-08 1.2000000000000002e-08 0.0
4.9e-08 1.3e-08 0.0
4.9e-08 1.4000000000000001e-08 0.0
4.9e-08 1.5000000000000002e-08 0.0
4.9e-08 1.6e-08 0.0
4.9e-08 1.7e-08 0.0
4.9e-08 1.8000000000000002e-08 0.0
4.9e-08 1.9e-08 0.0
4.9e-08 2e-08 0.0
5.0000000000000004e-08 1e-08 0.0
5.0000000000000004e-08 1.1000000000000001e-08 0.0
5.0000000000000004e-08 1.2000000000000002e-08 0.0
5.0000000000000004e-08 1.3e-08 0.0
5.0000000000000004e-08 1.4000000000000001e-08 0.0
5.0000000000000004e-08 1.5000000000000002e-08 0.0
5.0000000000000004e-08 1.6e-08 0.0
5.0000000000000004e-08 1.7e-08 0.0
5.0000000000000004e-08 1.8000000000000002e-08 0.0
5.0000000000000004e-08 1.9e-08 0.0
5.0000000000000004e-08 2e-08 0.0
    </DataArray>
   </Points>
   <Cells>
    <DataArray type="Int32" Name="connectivity" format="ascii">
0 11 1
11 12 1
1 12 2
12 13 2
2 13 3
13 14 3
3 14 4
14 15 4
4 15 5
15 16 5
5 16 6
16 17 6
6 17 7
17 18 7
7 18 8
18 19 8
8 19 9
19 20 9
9 20 10
20 21 10
11 22 12
22 23 12
12 23 13
23 24 13
13 24 14
24 25 14
14 25 15
25 26 15
15 26 16
26 27 16
16 27 17
27 28 17
17 28 18
28 29 18
18 29 19
29 30 19
19 30 20
30 31 20
20 31 21
31 32 21
22 33 23
33 34 23
23 34 24
34 35 24
24 35 25
35 36 25
25 36 26
36 37 26
26 37 27
37 38 27
27 38 28
38 39 28
28 39 29
39 40 29
29 40 30
40 41 30
30 41 31
41 42 31
31 42 32
42 43 32
33 44 34
44 45 34
34 45 35
45 46 35
35 46 36
46 47 36
36 47 37
47 48 37
37 48 38
48 49 38
38 49 39
49 50 39
39 50 40
50 51 40
40 51 41
51 52 41
41 52 42
52 53 42
42 53 43
53 54 43
44 55 45
55 56 45
45 56 46
56 57 46
46 57 47
57 58 47
47 58 48
58 59 48
48 59 49
59 60 49
49 60 50
60 61 50
50 61 51
61 62 51
51 62 52
62 63 52
52 63 53
63 64 53
53 64 54
64 65 54
55 66 56
66 67 56
56 67 57
67 68 57
57 68 58
68 69 58
58 69 59
69 70 59
59 70 60
70 71 60
60 71 61
71 72 61
61 72 62
72 73 62
62 73 63
73 74 63
63 74 64
74 75 64
64 75 65
75 76 65
66 77 67
77 78 67
67 78 68
78 79 68
68 79 69
79 80 69
69 80 70
80 81 70
70 81 71
81 82 71
71 82 72
82 83 72
72 83 73
83 84 73
73 84 74
84 85 74
74 85 75
85 86 75
75 86 76
86 87 76
77 88 78
88 89 78
78 89 79
89 90 79
79 90 80
90 91 80
80 91 81
91 92 81
81 92 82
92 93 82
82 93 83
93 94 83
83 94 84
94 95 84
84 95 85
95 96 85
85 96 86
96 97 86
86 97 87
97 98 87
88 99 89
99 100 89
89 100 90
100 101 90
90 101 91
101 102 91
91 102 92
102 103 92
92 103 93
103 104 93
93 104 94
104 105 94
94 105 95
105 106 95
95 106 96
106 107 96
96 107 97
107 108 97
97 108 98
108 109 98
99 110 100
110 111 100
100 111 101
111 112 101
101 112 102
112 113 102
102 113 103
113 114 103
103 114 104
114 115 104
104 115 105
115 116 105
105 116 106
116 117 106
106 117 107
117 118 107
107 118 108
118 119 108
108 119 109
119 120 109
110 121 111
121 122 111
111 122 112
122 123 112
112 123 113
123 124 113
113 124 114
124 125 114
114 125 115
125 126 115
115 126 116
126 127 116
116 127 117
127 128 117
117 128 118
128 129 118
118 129 119
129 130 119
119 130 120
130 131 120
121 132 122
132 133 122
122 133 123
133 134 123
123 134 124
134 135 124
124 135 125
135 136 125
125 136 126
136 137 126
126 137 127
137 138 127
127 138 128
138 139 128
128 139 129
139 140 129
129 140 130
140 141 130
130 141 131
141 142 131
132 143 133
143 144 133
133 144 134
144 145 134
134 145 135
145 146 135
135 146 136
146 147 136
136 147 137
147 148 137
137 148 138
148 149 138
138 149 139
149 150 139
139 150 140
150 151 140
140 151 141
151 152 141
141 152 142
152 153 142
143 154 144
154 155 144
144 155 145
155 156 145
145 156 146
156 157 146
146 157 147
157 158 147
147 158 148
158 159 148
148 159 149
159 160 149
149 160 150
160 161 150
150 161 151
161 162 151
151 162 152
162 163 152
152 163 153
163 164 153
154 165 155
165 166 155
155 166 156
166 167 156
156 167 157
167 168 157
157 168 158
168 169 158
158 169 159
169 170 159
159 170 160
170 171 160
160 171 161
171 172 161
161 172 162
172 173 162
162 173 163
173 174 163
163 174 164
174 175 164
165 176 166
176 177 166
166 177 167
177 178 167
167 178 168
178 179 168
168 179 169
179 180 169
169 180 170
180 181 170
170 181 171
181 182 171
171 182 172
182 183 172
172 183 173
183 184 173
173 184 174
184 185 174
174 185 175
185 186 175
176 187 177
187 188 177
177 188 178
188 189 178
178 189 179
189 190 179
179 190 180
190 191 180
180 191 181
191 192 181
181 192 182
192 193 182
182 193 183
193 194 183
183 194 184
194 195 184
184 195 185
195 196 185
185 196 186
196 197 186
187 198 188
198 199 188
188 199 189
199 200 189
189 200 190
200 201 190
190 201 191
201 202 191
191 202 192
202 203 192
192 203 193
203 204 193
193 204 194
204 205 194
194 205 195
205 206 195
195 206 196
206 207 196
196 207 197
207 208 197
198 209 199
209 210 199
199 210 200
210 211 200
200 211 201
211 212 201
201 212 202
212 213 202
202 213 203
213 214 203
203 214 204
214 215 204
204 215 205
215 216 205
205 216 206
216 217 206
206 217 207
217 218 207
207 218 208
218 219 208
209 220 210
220 221 210
210 221 211
221 222 211
211 222 212
222 223 212
212 223 213
223 224 213
213 224 214
224 225 214
214 225 215
225 226 215
215 226 216
226 227 216
216 227 217
227 228 217
217 228 218
228 229 218
218 229 219
229 230 219
220 231 221
231 232 221
221 232 222
232 233 222
222 233 223
233 234 223
223 234 224
234 235 224
224 235 225
235 236 225
225 236 226
236 237 226
226 237 227
237 238 227
227 238 228
238 239 228
228 239 229
239 240 229
229 240 230
240 241 230
231 242 232
242 243 232
232 243 233
243 244 233
233 244 234
244 245 234
234 245 235
245 246 235
235 246 236
246 247 236
236 247 237
247 248 237
237 248 238
248 249 238
238 249 239
249 250 239
239 250 240
250 251 240
240 251 241
251 252 241
242 253 243
253 254 243
243 254 244
254 255 244
244 255 245
255 256 245
245 256 246
256 257 246
246 257 247
257 258 247
247 258 248
258 259 248
248 259 249
259 260 249
249 260 250
260 261 250
250 261 251
261 262 251
251 262 252
262 263 252
253 264 254
264 265 254
254 265 255
265 266 255
255 266 256
266 267 256
256 267 257
267 268 257
257 268 258
268 269 258
258 269 259
269 270 259
259 270 260
270 271 260
260 271 261
271 272 261
261 272 262
272 273 262
262 273 263
273 274 263
264 275 265
275 276 265
265 276 266
276 277 266
266 277 267
277 278 267
267 278 268
278 279 268
268 279 269
279 280 269
269 280 270
280 281 270
270 281 271
281 282 271
271 282 272
282 283 272
272 283 273
283 284 273
273 284 274
284 285 274
275 286 287
275 287 276
276 287 288
276 288 277
277 288 289
277 289 278
278 289 290
278 290 279
279 290 291
279 291 280
280 291 292
280 292 281
281 292 293
281 293 282
282 293 294
282 294 283
283 294 295
283 295 284
284 295 296
284 296 285
286 297 298
286 298 287
287 298 299
287 299 288
288 299 300
288 300 289
289 300 301
289 301 290
290 301 302
290 302 291
291 302 303
291 303 292
292 303 304
292 304 293
293 304 305
293 305 294
294 305 306
294 306 295
295 306 307
295 307 296
297 308 309
297 309 298
298 309 310
298 310 299
299 310 311
299 311 300
300 311 312
300 312 301
301 312 313
301 313 302
302 313 314
302 314 303
303 314 315
303 315 304
304 315 316
304 316 305
305 316 317
305 317 306
306 317 318
306 318 307
308 319 320
308 320 309
309 320 321
309 321 310
310 321 322
310 322 311
311 322 323
311 323 312
312 323 324
312 324 313
313 324 325
313 325 314
314 325 326
314 326 315
315 326 327
315 327 316
316 327 328
316 328 317
317 328 329
317 329 318
319 330 331
319 331 320
320 331 332
320 332 321
321 332 333
321 333 322
322 333 334
322 334 323
323 334 335
323 335 324
324 335 336
324 336 325
325 336 337
325 337 326
326 337 338
326 338 327
327 338 339
327 339 328
328 339 340
328 340 329
330 341 342
330 342 331
331 342 343
331 343 332
332 343 344
332 344 333
333 344 345
333 345 334
334 345 346
334 346 335
335 346 347
335 347 336
336 347 348
336 348 337
337 348 349
337 349 338
338 349 350
338 350 339
339 350 351
339 351 340
341 352 353
341 353 342
342 353 354
342 354 343
343 354 355
343 355 344
344 355 356
344 356 345
345 356 357
345 357 346
346 357 358
346 358 347
347 358 359
347 359 348
348 359 360
348 360 349
349 360 361
349 361 350
350 361 362
350 362 351
352 363 364
352 364 353
353 364 365
353 365 354
354 365 366
354 366 355
355 366 367
355 367 356
356 367 368
356 368 357
357 368 369
357 369 358
358 369 370
358 370 359
359 370 371
359 371 360
360 371 372
360 372 361
361 372 373
361 373 362
363 374 375
363 375 364
364 375 376
364 376 365
365 376 377
365 377 366
366 377 378
366 378 367
367 378 379
367 379 368
368 379 380
368 380 369
369 380 381
369 381 370
370 381 382
370 382 371
371 382 383
371 383 372
372 383 384
372 384 373
374 385 386
374 386 375
375 386 387
375 387 376
376 387 388
376 388 377
377 388 389
377 389 378
378 389 390
378 390 379
379 390 391
379 391 380
380 391 392
380 392 381
381 392 393
381 393 382
382 393 394
382 394 383
383 394 395
383 395 384
385 396 397
385 397 386
386 397 398
386 398 387
387 398 399
387 399 388
388 399 400
388 400 389
389 400 401
389 401 390
390 401 402
390 402 391
391 402 403
391 403 392
392 403 404
392 404 393
393 404 405
393 405 394
394 405 406
394 406 395
396 407 408
396 408 397
397 408 409
397 409 398
398 409 410
398 410 399
399 410 411
399 411 400
400 411 412
400 412 401
401 412 413
401 413 402
402 413 414
402 414 403
403 414 415
403 415 404
404 415 416
404 416 405
405 416 417
405 417 406
407 418 419
407 419 408
408 419 420
408 420 409
409 420 421
409 421 410
410 421 422
410 422 411
411 422 423
411 423 412
412 423 424
412 424 413
413 424 425
413 425 414
414 425 426
414 426 415
415 426 427
415 427 416
416 427 428
416 428 417
418 429 430
418 430 419
419 430 431
419 431 420
420 431 432
420 432 421
421 432 433
421 433 422
422 433 434
422 434 423
423 434 435
423 435 424
424 435 436
424 436 425
425 436 437
425 437 426
426 437 438
426 438 427
427 438 439
427 439 428
429 440 441
429 441 430
430 441 442
430 442 431
431 442 443
431 443 432
432 443 444
432 444 433
433 444 445
433 445 434
434 445 446
434 446 435
435 446 447
435 447 436
436 447 448
436 448 437
437 448 449
437 449 438
438 449 450
438 450 439
440 451 452
440 452 441
441 452 453
441 453 442
442 453 454
442 454 443
443 454 455
443 455 444
444 455 456
444 456 445
445 456 457
445 457 446
446 457 458
446 458 447
447 458 459
447 459 448
448 459 460
448 460 449
449 460 461
449 461 450
451 462 463
451 463 452
452 463 464
452 464 453
453 464 465
453 465 454
454 465 466
454 466 455
455 466 467
455 467 456
456 467 468
456 468 457
457 468 469
457 469 458
458 469 470
458 470 459
459 470 471
459 471 460
460 471 472
460 472 461
462 473 474
462 474 463
463 474 475
463 475 464
464 475 476
464 476 465
465 476 477
465 477 466
466 477 478
466 478 467
467 478 479
467 479 468
468 479 480
468 480 469
469 480 481
469 481 470
470 481 482
470 482 471
471 482 483
471 483 472
473 484 485
473 485 474
474 485 486
474 486 475
475 486 487
475 487 476
476 487 488
476 488 477
477 488 489
477 489 478
478 489 490
478 490 479
479 490 491
479 491 480
480 491 492
480 492 481
481 492 493
481 493 482
482 493 494
482 494 483
484 495 496
484 496 485
485 496 497
485 497 486
486 497 498
486 498 487
487 498 499
487 499 488
488 499 500
488 500 489
489 500 501
489 501 490
490 501 502
490 502 491
491 502 503
491 503 492
492 503 504
492 504 493
493 504 505
493 505 494
495 506 507
495 507 496
496 507 508
496 508 497
497 508 509
497 509 498
498 509 510
498 510 499
499 510 511
499 511 500
500 511 512
500 512 501
501 512 513
501 513 502
502 513 514
502 514 503
503 514 515
503 515 504
504 515 516
504 516 505
506 517 518
506 518 507
507 518 519
507 519 508
508 519 520
508 520 509
509 520 521
509 521 510
510 521 522
510 522 511
511 522 523
511 523 512
512 523 524
512 524 513
513 524 525
513 525 514
514 525 526
514 526 515
515 526 527
515 527 516
517 528 529
517 529 518
518 529 530
518 530 519
519 530 531
519 531 520
520 531 532
520 532 521
521 532 533
521 533 522
522 533 534
522 534 523
523 534 535
523 535 524
524 535 536
524 536 525
525 536 537
525 537 526
526 537 538
526 538 527
528 539 540
528 540 529
529 540 541
529 541 530
530 541 542
530 542 531
531 542 543
531 543 532
532 543 544
532 544 533
533 544 545
533 545 534
534 545 546
534 546 535
535 546 547
535 547 536
536 547 548
536 548 537
537 548 549
537 549 538
539 550 551
539 551 540
540 551 552
540 552 541
541 552 553
541 553 542
542 553 554
542 554 543
543 554 555
543 555 544
544 555 556
544 556 545
545 556 557
545 557 546
546 557 558
546 558 547
547 558 559
547 559 548
548 559 560
548 560 549
    </DataArray>
    <DataArray type="Int32" Name="offsets" format="ascii">
3 6 9 12 15 18 21 24 27 30 33 36 39 42 45 48 51 54 57 60 63 66 69 72 75 78 81 84 87 90 93 96 99 102 105 108 111 114 117 120 123 126 129 132 135 138 141 144 147 150 153 156 159 162 165 168 171 174 177 180 183 186 189 192 195 198 201 204 207 210 213 216 219 222 225 228 231 234 237 240 243 246 249 252 255 258 261 264 267 270 273 276 279 282 285 288 291 294 297 300 303 306 309 312 315 318 321 324 327 330 333 336 339 342 345 348 351 354 357 360 363 366 369 372 375 378 381 384 387 390 393 396 399 402 405 408 411 414 417 420 423 426 429 432 435 438 441 444 447 450 453 456 459 462 465 468 471 474 477 480 483 486 489 492 495 498 501 504 507 510 513 516 519 522 525 528 531 534 537 540 543 546 549 552 555 558 561 564 567 570 573 576 579 582 585 588 591 594 597 600 603 606 609 612 615 618 621 624 627 630 633 636 639 642 645 648 651 654 657 660 663 666 669 672 675 678 681 684 687 690 693 696 699 702 705 708 711 714 717 720 723 726 729 732 735 738 741 744 747 750 753 756 759 762 765 768 771 774 777 780 783 786 789 792 795 798 801 804 807 810 813 816 819 822 825 828 831 834 837 840 843 846 849 852 855 858 861 864 867 870 873 876 879 882 885 888 891 894 897 900 903 906 909 912 915 918 921 924 927 930 933 936 939 942 945 948 951 954 957 960 963 966 969 972 975 978 981 984 987 990 993 996 999 1002 1005 1008 1011 1014 1017 1020 1023 1026 1029 1032 1035 1038 1041 1044 1047 1050 1053 1056 1059 1062 1065 1068 1071 1074 1077 1080 1083 1086 1089 1092 1095 1098 1101 1104 1107 1110 1113 1116 1119 1122 1125 1128 1131 1134 1137 1140 1143 1146 1149 1152 1155 1158 1161 1164 1167 1170 1173 1176 1179 1182 1185 1188 1191 1194 1197 1200 1203 1206 1209 1212 1215 1218 1221 1224 1227 1230 1233 1236 1239 1242 1245 1248 1251 1254 1257 1260 1263 1266 1269 1272 1275 1278 1281 1284 1287 1290 1293 1296 1299 1302 1305 1308 1311 1314 1317 1320 1323 1326 1329 1332 1335 1338 1341 1344 1347 1350 1353 1356 1359 1362 1365 1368 1371 1374 1377 1380 1383 1386 1389 1392 1395 1398 1401 1404 1407 1410 1413 1416 1419 1422 1425 1428 1431 1434 1437 1440 1443 1446 1449 1452 1455 1458 1461 1464 1467 1470 1473 1476 1479 1482 1485 1488 1491 1494 1497 1500 1503 1506 1509 1512 1515 1518 1521 1524 1527 1530 1533 1536 1539 1542 1545 1548 1551 1554 1557 1560 1563 1566 1569 1572 1575 1578 1581 1584 1587 1590 1593 1596 1599 1602 1605 1608 1611 1614 1617 1620 1623 1626 1629 1632 1635 1638 1641 1644 1647 1650 1653 1656 1659 1662 1665 1668 1671 1674 1677 1680 1683 1686 1689 1692 1695 1698 1701 1704 1707 1710 1713 1716 1719 1722 1725 1728 1731 1734 1737 1740 1743 1746 1749 1752 1755 1758 1761 1764 1767 1770 1773 1776 1779 1782 1785 1788 1791 1794 1797 1800 1803 1806 1809 1812 1815 1818 1821 1824 1827 1830 1833 1836 1839 1842 1845 1848 1851 1854 1857 1860 1863 1866 1869 1872 1875 1878 1881 1884 1887 1890 1893 1896 1899 1902 1905 1908 1911 1914 1917 1920 1923 1926 1929 1932 1935 1938 1941 1944 1947 1950 1953 1956 1959 1962 1965 1968 1971 1974 1977 1980 1983 1986 1989 1992 1995 1998 2001 2004 2007 2010 2013 2016 2019 2022 2025 2028 2031 2034 2037 2040 2043 2046 2049 2052 2055 2058 2061 2064 2067 2070 2073 2076 2079 2082 2085 2088 2091 2094 2097 2100 2103 2106 2109 2112 2115 2118 2121 2124 2127 2130 2133 2136 2139 2142 2145 2148 2151 2154 2157 2160 2163 2166 2169 2172 2175 2178 2181 2184 2187 2190 2193 2196 2199 2202 2205 2208 2211 2214 2217 2220 2223 2226 2229 2232 2235 2238 2241 2244 2247 2250 2253 2256 2259 2262 2265 2268 2271 2274 2277 2280 2283 2286 2289 2292 2295 2298 2301 2304 2307 2310 2313 2316 2319 2322 2325 2328 2331 2334 2337 2340 2343 2346 2349 2352 2355 2358 2361 2364 2367 2370 2373 2376 2379 2382 2385 2388 2391 2394 2397 2400 2403 2406 2409 2412 2415 2418 2421 2424 2427 2430 2433 2436 2439 2442 2445 2448 2451 2454 2457 2460 2463 2466 2469 2472 2475 2478 2481 2484 2487 2490 2493 2496 2499 2502 2505 2508 2511 2514 2517 2520 2523 2526 2529 2532 2535 2538 2541 2544 2547 2550 2553 2556 2559 2562 2565 2568 2571 2574 2577 2580 2583 2586 2589 2592 2595 2598 2601 2604 2607 2610 2613 2616 2619 2622 2625 2628 2631 2634 2637 2640 2643 2646 2649 2652 2655 2658 2661 2664 2667 2670 2673 2676 2679 2682 2685 2688 2691 2694 2697 2700 2703 2706 2709 2712 2715 2718 2721 2724 2727 2730 2733 2736 2739 2742 2745 2748 2751 2754 2757 2760 2763 2766 2769 2772 2775 2778 2781 2784 2787 2790 2793 2796 2799 2802 2805 2808 2811 2814 2817 2820 2823 2826 2829 2832 2835 2838 2841 2844 2847 2850 2853 2856 2859 2862 2865 2868 2871 2874 2877 2880 2883 2886 2889 2892 2895 2898 2901 2904 2907 2910 2913 2916 2919 2922 2925 2928 2931 2934 2937 2940 2943 2946 2949 2952 2955 2958 2961 2964 2967 2970 2973 2976 2979 2982 2985 2988 2991 2994 2997 3000
    </DataArray>
    <DataArray type="UInt8" Name="types" format="ascii">
5 5 5 5 5 5 5 5 5 5 5 5 5 5 5 5 5 5 5 5 5 5 5 5 5 5 5 5 5 5 5 5 5 5 5 5 5 5 5 5 5 5 5 5 5 5 5 5 5 5 5 5 5 5 5 5 5 5 5 5 5 5 5 5 5 5 5 5 5 5 5 5 5 5 5 5 5 5 5 5 5 5 5 5 5 5 5 5 5 5 5 5 5 5 5 5 5 5 5 5 5 5 5 5 5 5 5 5 5 5 5 5 5 5 5 5 5 5 5 5 5 5 5 5 5 5 5 5 5 5 5 5 5 5 5 5 5 5 5 5 5 5 5 5 5 5 5 5 5 5 5 5 5 5 5 5 5 5 5 5 5 5 5 5 5 5 5 5 5 5 5 5 5 5 5 5 5 5 5 5 5 5 5 5 5 5 5 5 5 5 5 5 5 5 5 5 5 5 5 5 5 5 5 5 5 5 5 5 5 5 5 5 5 5 5 5 5 5 5 5 5 5 5 5 5 5 5 5 5 5 5 5 5 5 5 5 5 5 5 5 5 5 5 5 5 5 5 5 5 5 5 5 5 5 5 5 5 5 5 5 5 5 5 5 5 5 5 5 5 5 5 5 5 5 5 5 5 5 5 5 5 5 5 5 5 5 5 5 5 5 5 5 5 5 5 5 5 5 5 5 5 5 5 5 5 5 5 5 5 5 5 5 5 5 5 5 5 5 5 5 5 5 5 5 5 5 5 5 5 5 5 5 5 5 5 5 5 5 5 5 5 5 5 5 5 5 5 5 5 5 5 5 5 5 5 5 5 5 5 5 5 5 5 5 5 5 5 5 5 5 5 5 5 5 5 5 5 5 5 5 5 5 5 5 5 5 5 5 5 5 5 5 5 5 5 5 5 5 5 5 5 5 5 5 5 5 5 5 5 5 5 5 5 5 5 5 5 5 5 5 5 5 5 5 5 5 5 5 5 5 5 5 5 5 5 5 5 5 5 5 5 5 5 5 5 5 5 5 5 5 5 5 5 5 5 5 5 5 5 5 5 5 5 5 5 5 5 5 5 5 5 5 5 5 5 5 5 5 5 5 5 5 5 5 5 5 5 5 5 5 5 5 5 5 5 5 5 5 5 5 5 5 5 5 5 5 5 5 5 5 5 5 5 5 5 5 5 5 5 5 5 5 5 5 5 5 5 5 5 5 5 5 5 5 5 5 5 5 5 5 5 5 5 5 5 5 5 5 5 5 5 5 5 5 5 5 5 5 5 5 5 5 5 5 5 5 5 5 5 5 5 5 5 5 5 5 5 5 5 5 5 5 5 5 5 5 5 5 5 5 5 5 5 5 5 5 5 5 5 5 5 5 5 5 5 5 5 5 5 5 5 5 5 5 5 5 5 5 5 5 5 5 5 5 5 5 5 5 5 5 5 5 5 5 5 5 5 5 5 5 5 5 5 5 5 5 5 5 5 5 5 5 5 5 5 5 5 5 5 5 5 5 5 5 5 5 5 5 5 5 5 5 5 5 5 5 5 5 5 5 5 5 5 5 5 5 5 5 5 5 5 5 5 5 5 5 5 5 5 5 5 5 5 5 5 5 5 5 5 5 5 5 5 5 5 5 5 5 5 5 5 5 5 5 5 5 5 5 5 5 5 5 5 5 5 5 5 5 5 5 5 5 5 5 5 5 5 5 5 5 5 5 5 5 5 5 5 5 5 5 5 5 5 5 5 5 5 5 5 5 5 5 5 5 5 5 5 5 5 5 5 5 5 5 5 5 5 5 5 5 5 5 5 5 5 5 5 5 5 5 5 5 5 5 5 5 5 5 5 5 5 5 5 5 5 5 5 5 5 5 5 5 5 5 5 5 5 5 5 5 5 5 5 5 5 5 5 5 5 5 5 5 5 5 5 5 5 5 5 5 5 5 5 5 5 5 5 5 5 5 5 5 5 5 5 5 5 5 5 5 5 5 5 5 5 5 5 5 5 5 5 5 5 5 5 5 5 5 5 5 5 5 5 5 5 5 5 5 5 5 5 5 5 5 5 5 5 5 5 5 5 5 5 5 5 5 5 5 5 5 5 5 5 5 5 5 5 5 5 5 5 5 5 5 5 5 5 5 5 5 5 5 5 5 5 5 5 5 5 5 5 5 5 5 5 5 5 5 5 5 5 5 5 5 5 5 5 5 5 5 5 5 5 5 5 5 5 5 5 5 5 5 5 5 5 5 5 5 5 5 5 5 5 5 5 5 5 5 5 5
    </DataArray>
   </Cells>
   <PointData>
    <DataArray type="Float32" Name="Acceptor Doping [log10(m^-3)]" NumberOfComponents="1" format="ascii">
0.0 0.0 0.0 0.0 0.0 0.0 0.0 0.0 0.0 0.0 0.0 0.0 0.0 0.0 0.0 0.0 0.0 0.0 0.0 0.0 0.0 0.0 0.0 0.0 0.0 0.0 0.0 0.0 0.0 0.0 0.0 0.0 0.0 0.0 0.0 0.0 0.0 0.0 0.0 0.0 0.0 0.0 0.0 0.0 0.0 0.0 0.0 0.0 0.0 0.0 0.0 0.0 0.0 0.0 0.0 0.0 0.0 0.0 0.0 0.0 0.0 0.0 0.0 0.0 0.0 0.0 0.0 0.0 0.0 0.0 0.0 0.0 0.0 0.0 0.0 0.0 0.0 0.0 0.0 0.0 0.0 0.0 0.0 0.0 0.0 0.0 0.0 0.0 0.0 0.0 0.0 0.0 0.0 0.0 0.0 0.0 0.0 0.0 0.0 0.0 0.0 0.0 0.0 0.0 0.0 0.0 0.0 0.0 0.0 0.0 0.0 0.0 0.0 0.0 0.0 0.0 0.0 0.0 0.0 0.0 0.0 0.0 0.0 0.0 0.0 0.0 0.0 0.0 0.0 0.0 0.0 0.0 0.0 0.0 0.0 0.0 0.0 0.0 0.0 0.0 0.0 0.0 0.0 0.0 0.0 0.0 0.0 0.0 0.0 0.0 0.0 0.0 0.0 0.0 0.0 0.0 0.0 0.0 0.0 0.0 0.0 0.0 0.0 0.0 0.0 0.0 0.0 0.0 0.0 0.0 0.0 0.0 0.0 0.0 0.0 0.0 0.0 0.0 0.0 0.0 0.0 0.0 0.0 0.0 0.0 0.0 0.0 0.0 0.0 0.0 0.0 0.0 0.0 0.0 0.0 0.0 0.0 0.0 0.0 0.0 0.0 0.0 0.0 0.0 0.0 0.0 0.0 0.0 0.0 0.0 0.0 0.0 0.0 0.0 0.0 0.0 0.0 0.0 0.0 0.0 0.0 0.0 0.0 0.0 0.0 0.0 0.0 0.0 0.0 0.0 0.0 0.0 0.0 0.0 0.0 0.0 0.0 0.0 0.0 0.0 0.0 0.0 0.0 0.0 0.0 0.0 0.0 0.0 0.0 0.0 0.0 0.0 0.0 0.0 0.0 0.0 0.0 0.0 0.0 0.0 0.0 0.0 0.0 0.0 0.0 0.0 0.0 0.0 0.0 0.0 0.0 0.0 0.0 0.0 0.0 0.0 0.0 0.0 0.0 0.0 0.0 0.0 0.0 0.0 0.0 0.0 0.0 0.0 0.0 0.0 0.0 0.0 0.0 0.0 0.0 0.0 0.0 0.0 0.0 0.0 0.0 0.0 0.0 0.0 0.0 0.0 0.0 0.0 0.0 0.0 0.0 0.0 0.0 0.0 0.0 0.0 0.0 0.0 0.0 0.0 0.0 0.0 0.0 0.0 0.0 0.0 0.0 0.0 0.0 0.0 0.0 0.0 0.0 0.0 0.0 0.0 0.0 0.0 0.0 0.0 0.0 0.0 0.0 0.0 0.0 0.0 0.0 0.0 0.0 0.0 0.0 0.0 0.0 0.0 0.0 0.0 0.0 0.0 0.0 0.0 0.0 0.0 0.0 0.0 0.0 0.0 0.0 0.0 0.0 0.0 0.0 0.0 0.0 0.0 0.0 0.0 0.0 0.0 0.0 0.0 0.0 0.0 0.0 0.0 0.0 0.0 0.0 0.0 0.0 0.0 0.0 0.0 0.0 0.0 0.0 0.0 0.0 0.0 0.0 0.0 0.0 0.0 0.0 0.0 0.0 0.0 0.0 0.0 0.0 0.0 0.0 0.0 0.0 0.0 0.0 0.0 0.0 0.0 0.0 0.0 0.0 0.0 0.0 0.0 0.0 0.0 0.0 0.0 0.0 0.0 0.0 0.0 0.0 0.0 0.0 0.0 0.0 0.0 0.0 0.0 0.0 0.0 0.0 0.0 0.0 0.0 0.0 0.0 0.0 0.0 0.0 0.0 0.0 0.0 0.0 0.0 0.0 0.0 0.0 0.0 0.0 0.0 0.0 0.0 0.0 0.0 0.0 0.0 0.0 0.0 0.0 0.0 0.0 0.0 0.0 0.0 0.0 0.0 0.0 0.0 0.0 0.0 0.0 0.0 0.0 0.0 0.0 0.0 0.0 0.0 0.0 0.0 0.0 0.0 0.0 0.0 0.0 0.0 0.0 0.0 0.0 0.0 0.0 0.0 0.0 0.0 0.0 0.0 0.0 0.0 0.0 0.0 0.0 0.0 0.0 0.0 0.0 0.0 0.0 0.0 0.0 0.0 0.0 0.0 0.0 0.0 0.0 0.0 0.0 0.0 0.0 0.0 0.0 0.0 0.0 0.0 0.0 0.0 0.0 0.0 0.0 0.0 0.0 0.0 0.0 0.0 0.0 0.0 0.0 0.0 0.0 0.0 0.0 0.0 0.0 0.0 0.0 0.0 0.0 0.0 0.0
    </DataArray>
    <DataArray type="Float32" Name="Donor Doping [log10(m^-3)]" NumberOfComponents="1" format="ascii">
26.118764155763326 26.18247185680861 26.190285865172612 26.185232978464352 26.17464790475954 26.157984614491568 26.13196339569497 26.08739458234217 25.991576399926895 25.73339204999773 25.299942900022767 26.042756169658386 26.121390043550168 26.143962064181085 26.147699678195977 26.142999932149678 26.130095131083394 26.10609147358942 26.061575179599252 25.96276904398003 25.703457755417137 25.299942900022767 25.83635954959349 25.945415281085833 26.01468684311045 26.041665752611138 26.052256803256824 26.04905526142046 26.02985818248534 25.9842225804149 25.876049956736388 25.61941910074285 25.299942900022767 25.572600960830666 25.668520754340964 25.80788154154789 25.869941734965533 25.903098784105122 25.913539954075137 25.899593315346753 25.84913582451631 25.728272853942407 25.499235083886735 25.299942900022767 25.352617457131593 25.376330994642213 25.536703444519187 25.61991739943295 25.672644393010586 25.698395319422325 25.690108658787075 25.636448267361427 25.52450153563474 25.37543782591137 25.299942900022767 25.196731195569033 25.16419675940392 25.299265131442212 25.367004749165464 25.39906532912781 25.41431797586179 25.408235846824212 25.37580082057451 25.32597788587733 25.282212227248678 25.299942900022767 25.072302802572974 25.015010596226066 25.134791271742316 25.20391532071161 25.226869216633222 25.226289760871538 25.217187225765365 25.208640899392844 25.20953467601807 25.228820878923678 25.299942900022767 24.958772469890306 24.89189358995249 25.005664113739492 25.08863780678369 25.13139826337626 25.145539871260258 25.146863866172524 25.148771231066423 25.162640118062374 25.203150156420485 25.299942900022767 24.846827116821906 24.777219796493767 24.88952739756265 24.98567706347167 25.050646664785145 25.087771391519535 25.107710149451187 25.122420263215155 25.14411640769876 25.193261357577626 25.299942900022767 24.73070781661346 24.66198623639184 24.77671449091649 24.885612266131115 24.970664879764037 25.029814521013556 25.069711915406955 25.10010355090986 25.133345454666472 25.19125311448709 25.299942900022767 24.604031390079555 24.53993219095775 24.661294438859642 24.783883021053217 24.88832491728966 24.96905756016577 25.029432255636408 25.077896316202597 25.12747645905777 25.19339795770791 25.299942900022767 24.45529469041032 24.40521361295673 24.536753663270407 24.675665655642117 24.801884420384066 24.906468880012476 24.99053929314077 25.061376010536645 25.12841947203374 25.19782415726546 25.299942900022767 24.260046640602116 24.24047603520152 24.395483092347018 24.55903186637335 24.71301477835141 24.849016435368107 24.95860848573225 25.052333885004497 25.13186919813168 25.20275391691877 25.299942900022767 23.93705720195099 23.919155695797333 24.099620036418376 24.34409736210684 24.5946837151204 24.829472659239418 24.933151481039346 25.047383829443074 25.13808974961858 25.20827534172762 25.299942900022767 23.724871627285232 23.674139772385594 23.844943404505774 24.087662657030773 24.353661212883686 24.608790946982747 24.835732292888856 25.03466144900346 25.19510284845602 25.215950740130655 25.299942900022767 23.599284511667527 23.512899882076937 23.667134044292023 23.909414061968192 24.188312518107843 24.46432322087756 24.715556120652717 24.92711547535942 25.09115844830101 25.208370940240417 25.299942900022767 23.530290989394103 23.42772082110171 23.573597893467745 23.818218759956178 24.10528173913555 24.396851053139788 24.664378420213396 24.89148689415581 25.071069698950833 25.204752245558318 25.299942900022767 23.488952155215856 23.379086549848402 23.525137528032776 23.7748631183539 24.065865353811308 24.364206688686007 24.641063067524847 24.87731507762899 25.06458466816384 25.20316452783098 25.299942900022767 23.459649093023568 23.344681524672502 23.492640027407145 23.745443482600272 24.039812600528343 24.34307557892458 24.62588499302314 24.868095898221604 25.060376409635467 25.202102606434444 25.299942900022767 23.43631353959344 23.317135424251106 23.466456215902582 23.72157896894968 24.01854731742455 24.325889409877703 24.613592731116203 24.860599899982546 25.05689462214414 25.201216179674756 25.299942900022767 23.416270795571016 23.293690736046525 23.444189202937842 23.701254677081995 24.00033578908006 24.311037000424513 24.602903254731068 24.85408155287441 25.05383009558709 25.20042806605281 25.299942900022767 23.39842868687356 23.273133368410143 23.424809780357304 23.683567488245057 23.9844075451171 24.29795707367109 24.593427445186023 24.848261199971343 25.051070786485727 25.199709850184068 25.299942900022767 23.38226588713525 23.254840040159102 23.407749200233344 23.668010608144314 23.970360075271863 24.28635564488933 24.584969151180285 24.84302112395923 25.04856411081101 25.19904624514381 25.299942900022767 23.367519425143286 23.23844740390032 23.392639223829246 23.654260536609343 23.957920985899143 24.276032494824424 24.577398470257922 24.838294511682427 25.046281995057093 25.198430488751463 25.299942900022767 23.35404891887085 23.223716011258496 23.37921448552577 23.642073539427386 23.9468811847096 24.266832592617863 24.570616246022343 24.834032007707364 25.044206159623048 25.19785998383554 25.299942900022767 23.341823887450513 23.210467968560923 23.367267964593005 23.631254620874714 23.937070838691923 24.25862830877512 24.564540376195566 24.830196359491083 25.042321882368828 25.197333519442573 25.299942900022767 23.330694882309334 23.198559055486957 23.356629232724977 23.621641405543848 23.92834692332925 24.251310575785595 24.559099724225835 24.826747272758258 25.0406156209875 25.19684998019671 25.299942900022767 23.320589863087363 23.18799061390466 23.34715249388244 23.61309494110346 23.92058609697584 24.244783940035585 24.554230890542758 24.823648319270244 25.03907422406252 25.19640790051626 25.299942900022767 23.311439009021385 23.17864539899873 23.338710407949993 23.605494397572233 23.91368052044548 24.238963793948603 24.549876619497766 24.820867514587277 25.037684784878966 25.196005392784347 25.299942900022767 23.30317312240976 23.17026096976767 23.33119059683429 23.59873382495122 23.907535263104954 24.23377667923288 24.545985020969667 24.81837512486737 25.036434735782674 25.195640231056537 25.299942900022767 23.29572395822775 23.162746986974525 23.324493449556044 23.592719965582447 23.90206652574379 24.22915414223667 24.542509102798267 24.81614363810521 25.03531200789473 25.195309974758956 25.299942900022767 23.28902512485491 23.15602068019061 23.318530560927012 23.58737061116395 23.89720027256952 24.22503510931588 24.539406427835363 24.814147762885252 25.034305175584237 25.195012087072136 25.299942900022767 23.283013011524854 23.15000642760335 23.31322349437573 23.582613275707928 23.892871109592647 24.221366274484048 24.536638809806547 24.812364406991584 25.033403567807554 25.194744038491677 25.299942900022767 23.27762753238638 23.144635429278697 23.308502729848694 23.578384071699116 23.88902132373128 24.2181002907179 24.534172016154326 24.810772620241025 25.032597325602666 25.194503370144496 25.299942900022767 23.272812631706227 23.139845376726047 23.304306728713883 23.574626725205928 23.885600029155096 24.21519518555339 24.531975465796695 24.80935350357412 25.03187742532896 25.194287743742077 25.299942900022767 23.268516565494185 23.13558009217199 23.300581092662515 23.571291706015526 23.882562405123174 24.21261382068732 24.530021926600597 24.80809009284629 25.031235673323433 25.194094972988395 25.299942900022767 23.26469200094263 23.131789141808966 23.297277806215376 23.568335458574083 23.879869016378173 24.210323395376676 24.52828721949562 24.80696722706439 25.030664678909645 25.193923040359508 25.299942900022767 23.261295980048093 23.12842743277512 23.29435455698848 23.565719723853277 23.877485209876205 24.208294994452352 24.526749936091463 24.805971410301776 25.030157813876265 25.193770103597604 25.299942900022767 23.258289789437395 23.12545481014521 23.29177412988533 23.5634109439215 23.87538058232694 24.206503181129328 24.525391174875665 24.805090674260963 25.029709164618726 25.19363449528025 25.299942900022767 23.25563877093287 23.122835765551034 23.28950387082317 23.561379741948006 23.873528513378677 24.204925633976845 24.524194299346487 24.80431444645004 25.029313481398205 25.19351471796166 25.299942900022767 23.253312099539123 23.12054049673331 23.287515215225785 23.55960047033854 23.871905758781836 24.203542826170718 24.52314471955239 24.803633427090194 25.02896612778327 25.193409436698015 25.299942900022767 23.251282548559796 23.118539453603926 23.285784439994142 23.558050820003714 23.870492097847794 24.20233774440242 24.522229697220506 24.803039476545692 25.028663032306238 25.19331747024603 25.299942900022767 23.249526255766426 23.116808604897813 23.284290936729946 23.556711484239678 23.869270029743948 24.201295644574557 24.52143817410167 24.802525514266417 25.02840064359599 25.19323778182099 25.299942900022767 23.248022500299005 23.115327164847788 23.283013564964467 23.55556587123597 23.868224513490265 24.200403841133593 24.520760622330467 24.802085429378277 25.028175889592816 25.193169470003472 25.299942900022767 23.2467534964223 23.114077347734874 23.281936548205802 23.554599859766984 23.86734274698103 24.199651526986646 24.52018891538463 24.801714002396988 25.027986141065547 25.193111760232206 25.299942900022767 23.245704208302044 23.11304415493099 23.281046631358198 23.55380159373772 23.86661398102755 24.199029621207018 24.51971621815789 24.80140683797934 25.027829182288734 25.193063997326927 25.299942900022767 23.244862187962525 23.112225272873832 23.2803328950261 23.553161311647056 23.86602936501915 24.198530642189883 24.519336894941897 24.80116030858074 25.0277031819742 25.193025638433646 25.299942900022767 23.244217437935692 23.111606336712455 23.279786603693392 23.552671207582858 23.86558182107443 24.198148603883457 24.51904643378887 24.800971507970786 25.027606671361585 25.19299624724289 25.299942900022767 23.243762298725727 23.11116942292718 23.27940108472754 23.55232532087687 23.865265944205394 24.197878933300736 24.51884138618437 24.80083821371539 25.0275385264039 25.192975489292376 25.299942900022767 23.24349136139333 23.11090933568002 23.27917163625906 23.55211945233668 23.865077926568357 24.19771840783785 24.518719321095915 24.80075885849511 25.02749795396615 25.19296312830108 25.299942900022767 23.243401405407432 23.110822982200673 23.27909546265313 23.55205110558629 23.865015504395647 24.19766511130107 24.51867879267675 24.80073250991264 25.027484482049644 25.192959023548173 25.299942900022767
    </DataArray>
    <DataArray type="Float32" Name="Potential [V]" NumberOfComponents="1" format="ascii">
2.785729428688234 2.8106909458736036 2.831506515251739 2.8489042254852284 2.864322812274314 2.8786495816705844 2.892536082554001 2.9067575067279483 2.923211000597973 2.948930067795024 3.0023232482727473 2.7812070714933754 2.807173047560718 2.8289516173094222 2.846907114661347 2.8626468133703837 2.8771725080727175 2.891205974365674 2.9055967682165202 2.9223930590560627 2.948812300167668 3.0023232482727473 2.7689267929650594 2.7972750241211215 2.8216045978518975 2.8410944382197356 2.8577487616502304 2.8728677323540697 2.88737475068204 2.9023577490602777 2.920321049250198 2.9488242915417837 3.0023232482727473 2.7532335663355507 2.7833623146504887 2.810229914147779 2.8317392606370984 2.8497979840199994 2.865957480626708 2.881434168052269 2.8977474529727045 2.918082876234618 2.949810593431008 3.0023232482727473 2.7401448893203457 2.769978753171081 2.7974352447605493 2.820265747531744 2.8397145691738612 2.8573152797773345 2.8745256973112068 2.8933664067225227 2.917437345573257 2.952470683665967 3.0023232482727473 2.7308698987215454 2.7596388303945365 2.7870204767906417 2.810723369924828 2.831360360174269 2.8505589864272394 2.8701221115176176 2.892302954927312 2.920126919606438 2.956699703150634 3.0023232482727473 2.7234666024740486 2.751921360026463 2.7798646497797734 2.805160397404474 2.827841042515815 2.8492927127605006 2.871408346898903 2.8962817189504224 2.9259597405035587 2.9616705022435426 3.0023232482727473 2.7167117238994036 2.74573957722054 2.7748938027779038 2.8023689249338704 2.827808469985613 2.852079380108401 2.8766887580602187 2.903265454962601 2.9330991103996573 2.9665446340014583 3.0023232482727473 2.710051149151628 2.7401771729228583 2.770890726371793 2.800718940802459 2.8290527561705696 2.856204812828312 2.8830954984977275 2.9107904437470586 2.940039230716683 2.9708648436850202 3.0023232482727473 2.703142231027753 2.7345377735651284 2.7669164068302368 2.7990387240024788 2.830114300396164 2.8599697416873724 2.8889307036460843 2.9175093624855153 2.94604748875687 2.9744693295155056 3.0023232482727473 2.695605180274117 2.7282397647278227 2.762297738809395 2.7965904338907426 2.8301800150414103 2.862516996686301 2.8934087989954675 2.9228647448533116 2.950880121941587 2.9773424020933583 3.0023232482727473 2.686755577510533 2.7206901629591287 2.756564806336968 2.7929751848479603 2.8288827518802337 2.8635056854263294 2.8962522158061277 2.9267023099593152 2.9545090120922417 2.9795206817239204 3.0023232482727473 2.675138621607857 2.7112333774352195 2.7494808007138025 2.7880991483943065 2.8261759450393735 2.86291355159563 2.8974357914350346 2.9290198172411 2.956964245904526 2.9810512998485788 3.0023232482727473 2.655921251347176 2.6995584639685544 2.741311165162954 2.7821991776048747 2.8222283542517324 2.8608790381166482 2.8970109398473265 2.9298647785330574 2.9583429015284395 2.9819971591568692 3.0023232482727473 2.643296539005632 2.6898343450924154 2.733756142233589 2.7762059947123316 2.817495899497943 2.857351114238722 2.894974694211991 2.929272562920743 2.9588062836775255 2.9824019295476916 3.0023232482727473 2.6358243005606985 2.682801627285635 2.727596217897583 2.770913380968869 2.813001157934574 2.853649060023236 2.892148992329299 2.9272975331270894 2.9575898649082926 2.9821298852191536 3.0023232482727473 2.631719293076076 2.6780206022957613 2.722889932034627 2.7665711114461207 2.809135073977879 2.8503395924180275 2.889492140875477 2.9253696291560054 2.9564303391214155 2.9817142327263824 3.0023232482727473 2.6292596966079507 2.674729861553355 2.719353873180021 2.7631153474177217 2.8059411948997632 2.847535552364084 2.8871981692356905 2.9236923495610396 2.9554211556221057 2.9813045398930202 3.0023232482727473 2.6275162098912554 2.672336598342226 2.7166594132461754 2.7603753654039265 2.803333386407877 2.8451973174048915 2.8852539509667383 2.922251818608393 2.954539779142614 2.980929263179172 3.0023232482727473 2.6261277806832375 2.67048866524332 2.714549702793811 2.7581817542069835 2.8012016079408686 2.843252040743733 2.88361151453057 2.9210164477032587 2.9537701325782018 2.980593302619271 3.0023232482727473 2.624935268523931 2.668986413731804 2.712847625942144 2.756397621661906 2.7994458499227055 2.8416285360061613 2.8822225259213883 2.919957291171928 2.953100140054847 2.980296271228558 3.0023232482727473 2.6238736907506692 2.6677186680326055 2.7114367978332923 2.7549210048766613 2.7979843692778377 2.8402651643303374 2.8810439935033365 2.919048365947401 2.9525182953920996 2.9800356260353635 3.0023232482727473 2.62291202925388 2.6666213445306184 2.7102413197559754 2.75367857418469 2.796753736580493 2.839111380982354 2.8800392263499197 2.9182666183042536 2.9520133129825847 2.979807773247787 3.0023232482727473 2.6220346376545813 2.6656560221532 2.709211166421512 2.7526181652251696 2.795705927975211 2.8381269571971743 2.8791777559376883 2.917592003400898 2.9515745710026784 2.9796087919596674 3.0023232482727473 2.621233163440077 2.664798721022365 2.708312676475089 2.7517025374293955 2.7948048992492405 2.8372803766911647 2.8784347601357227 2.9170074830928026 2.9511925083752706 2.979434877006817 3.0023232482727473 2.620505793046066 2.6640339534478215 2.7075224779977787 2.7509047136064355 2.79402353856937 2.8365470960510564 2.8777902535377224 2.916498848931863 2.950858809817842 2.9792825694905973 3.0023232482727473 2.61984363451443 2.6633489506743824 2.706823258447801 2.750204639803479 2.7933412430818505 2.8359079764488815 2.877228224030809 2.9160543718637575 2.950566404818658 2.979148845103129 3.0023232482727473 2.6192424015555726 2.662734326989286 2.706202001989928 2.749587110219845 2.792742155816429 2.835348006680337 2.876735846569431 2.915664443736129 2.95030936843545 2.9790311210685867 3.0023232482727473 2.618697939942457 2.6621825818583607 2.705648584915205 2.74904032968442 2.792213884434848 2.8348553048300897 2.8763028103075645 2.915321210399469 2.950082772116752 2.9789272200691777 3.0023232482727473 2.6182061325192425 2.6616873834459596 2.7051548534269343 2.748554924365197 2.7917465769657026 2.834420356368441 2.8759207665791964 2.915018230586161 2.9498825214565536 2.978835316146235 3.0023232482727473 2.617762918812887 2.661243218127028 2.7047140447482176 2.7481232699321936 2.7913322607681366 2.8340354389958224 2.8755828916969506 2.914750189895158 2.949705205648987 2.9787538779026796 3.0023232482727473 2.617364348625025 2.6608451841739056 2.70432041687719 2.7477390354980904 2.7909643736652545 2.833694201082836 2.8752835501884415 2.914512669682322 2.949547968240943 2.978681616552016 3.0023232482727473 2.6170066372137937 2.660488877152606 2.703969009958086 2.7473968725272453 2.7906374310219095 2.833391351251611 2.8750180384479687 2.914301964741546 2.949408401025607 2.9786174416656483 3.0023232482727473 2.616686209564309 2.660170321689239 2.7036554887590984 2.7470922000929967 2.7903467878921604 2.8331224287772176 2.8747823906757928 2.9141149415479117 2.9492844591509972 2.9785604248536592 3.0023232482727473 2.616399730447452 2.659885926730202 2.7033760350800695 2.7468210540776874 2.7900884678208757 2.8328836347000923 2.87457323261578 2.9139489290126295 2.9491743943178426 2.9785097707452897 3.0023232482727473 2.6161441211761214 2.6596324525954658 2.7031272711494845 2.746579978900728 2.789859038056935 2.8326717066443634 2.874387671140072 2.913801634533764 2.9490767026157707 2.978464794072532 3.0023232482727473 2.615916565521732 2.6594069839430023 2.702906202560449 2.746365947733318 2.789655517090143 2.8324838250312023 2.8742232103951104 2.9136710793435685 2.948990083839849 2.978424901647223 3.0023232482727473 2.615714507549757 2.6592069058233547 2.702710173837432 2.7461763020342462 2.789475304818971 2.8323175418598465 2.8740776875216456 2.9135555484114484 2.948913409652981 2.978389578169402 3.0023232482727473 2.6155356438745816 2.6590298815894875 2.702536832469405 2.746008704432307 2.789316128720909 2.832170725786607 2.8739492227971963 2.9134535512749613 2.948845698500718 2.9783583749942943 3.0023232482727473 2.615377912388431 2.65887383222096 2.702384098895717 2.7458611010554725 2.7891760015054623 2.832041519080261 2.873836180455339 2.913363791083739 2.9487860956676704 2.978330901171287 3.0023232482727473 2.615239479051925 2.65873691698088 2.702250140915478 2.7457316907482063 2.7890531871664415 2.8319283033477047 2.8737371374828 2.913285139854413 2.948733857262695 2.9783068162298623 3.0023232482727473 2.6151187239188918 2.6586175152000213 2.7021333515743193 2.745618899481116 2.7889461733240735 2.831829671851497 2.873650858460244 2.9132166184744843 2.948688337233318 2.978285824318721 3.0023232482727473 2.615014227223776 2.6585142099569112 2.7020323298107107 2.745521358803674 2.78885364840755 2.831744406890892 2.8735762750647114 2.9131573803940882 2.948648976747543 2.978267669406177 3.0023232482727473 2.6149247561075697 2.6584257730296303 2.701945863522355 2.7454378876220153 2.788774482693579 2.8316714611741443 2.87351246924512 2.913106698235661 2.948615295458598 2.9782521313271064 3.0023232482727473 2.614849252346634 2.6583511516550584 2.7018729155579826 2.745367476914862 2.788707712522554 2.831609942419933 2.8734586593593634 2.9130639527619797 2.9485868842988534 2.9782390225192086 3.0023232482727473 2.6147868213321663 2.65828945687477 2.7018126111921 2.7453092767413136 2.7886525271294045 2.8315591006234313 2.873414188754452 2.9130286237953964 2.9485633995493155 2.9782281853335437 3.0023232482727473 2.6147367224289355 2.658239953687718 2.701764227543669 2.745262585352285 2.7886082577372253 2.8315183175907377 2.8733785164149435 2.9130002827859944 2.948544557968596 2.9782194898255727 3.0023232482727473 2.61469836080311 2.658202051348125 2.7017271845241786 2.745226840196497 2.78857436866451 2.831487098459964 2.873351209409861 2.912978586814792 2.9485301328663462 2.9782128319722245 3.0023232482727473 2.6146712807265766 2.6581752969231025 2.7017010379146065 2.7452016108386768 2.7885504502990264 2.831465065012396 2.8733319369424803 2.9129632738706444 2.9485199510104407 2.9782081322672473 3.0023232482727473 2.6146551603758437 2.6581593709550355 2.7016854742555223 2.7451865936241635 2.788536213785821 2.831451950617898 2.873320465857531 2.9129541592844705 2.948513890290442 2.978205334659777 3.0023232482727473 2.6146498081343115 2.658154083336326 2.7016803070101827 2.7451816078769644 2.788531487292036 2.8314475966959116 2.873316657500252 2.912951133236998 2.948511878084036 2.9782044058119945 3.0023232482727473
    </DataArray>
    <DataArray type="Float32" Name="Electron density [log10(m^-3)]" NumberOfComponents="1" format="ascii">
26.118764155763326 26.135995590862933 26.1559489100538 26.161182881020448 26.156436449547474 26.143592680268217 26.12154318139723 26.086955687362934 26.035910466850183 25.963944756348035 25.299942900022767 26.042756169658386 26.070585723383292 26.105172389312497 26.12114833010849 26.123415303529292 26.115074605183096 26.095897582690554 26.063275661234652 26.01429693929459 25.945115740822057 25.299942900022767 25.83635954959349 25.887000373512336 25.9599401588506 26.005426756465837 26.02713581880733 26.031460475961858 26.020611056539536 25.99412051251208 25.95183864716966 25.8893648069726 25.299942900022767 25.572600960830666 25.63184921656954 25.739465659204647 25.822345140108155 25.871755302442057 25.895489406348293 25.898599513420123 25.883817599066354 25.853879769234975 25.796546638296487 25.299942900022767 25.352617457131593 25.39282057077274 25.495659784171686 25.598516442645654 25.67112567122926 25.716005036304665 25.73801309338887 25.741195848651284 25.726004444789837 25.66632617397184 25.299942900022767 25.196731195569033 25.212220783792297 25.286431375908606 25.38993207541374 25.47359588517554 25.532108480719184 25.569108670429568 25.5856888824017 25.575331740846178 25.514300049225618 25.299942900022767 25.072302802572974 25.070655555249562 25.113950186980293 25.209743859811873 25.300590244166415 25.368375915359497 25.411907275359113 25.43067318310817 25.420625703666882 25.373478563777454 25.299942900022767 24.958772469890306 24.945798890575638 24.9613502167386 25.042532130219655 25.136170246947614 25.21214222247872 25.262400910435737 25.2862998580248 25.284596876544384 25.265350325588372 25.299942900022767 24.846827116821906 24.82558796646035 24.81760407252524 24.87904822128058 24.970891820209705 25.056162984338474 25.11847237273524 25.15501244278859 25.171035022641387 25.190066075553872 25.299942900022767 24.73070781661346 24.702442076989584 24.675396696905256 24.714087944263717 24.79832551296524 24.891676457741536 24.97025543741316 25.02744796830406 25.072215193392136 25.137922339487872 25.299942900022767 24.604031390079555 24.568692014657824 24.52754740153022 24.543576791468766 24.614785499589292 24.712849634398733 24.810164086495337 24.896376275151624 24.98239142390697 25.100486424646117 25.299942900022767 24.45529469041032 24.41290410055877 24.36456712628879 24.36214387542347 24.417433384706147 24.51667085739552 24.635340163683686 24.76085973927827 24.900778556716254 25.072729316498336 25.299942900022767 24.260046640602116 24.217291071807082 24.17564766924417 24.16430556293876 24.204087398531016 24.30318455734546 24.448606097976146 24.62508305231597 24.82808773791004 25.051257881026636 25.299942900022767 23.93705720195099 23.964601063966388 23.960148359552218 23.950930464260832 23.97486588540356 24.08258110028001 24.259631212325644 24.494402156068396 24.764485337291017 25.033757167859438 25.299942900022767 23.724871627285232 23.760705753715474 23.773480170550137 23.770110689424584 23.78099799071624 23.868469678306045 24.06639852163711 24.368892373585258 24.711508661750845 25.018307518191097 25.299942900022767 23.599284511667527 23.62431440014295 23.63527458628638 23.629627580578187 23.625356442974574 23.688125185005465 23.901833872586245 24.257886751748835 24.649999418934254 24.997992134943097 25.299942900022767 23.530290989394103 23.541950729089358 23.54389845099118 23.530508671100193 23.511680879953918 23.552736185919915 23.773615065223872 24.170423845884674 24.60254661213552 24.981047131803113 25.299942900022767 23.488952155215856 23.491765211586475 23.485924627161094 23.464995562464942 23.434667648700575 23.459162433879587 23.68268600102609 24.108000255812385 24.568670967150172 24.968090524567284 25.299942900022767 23.459649093023568 23.458074202346737 23.447719790628884 23.42190508023334 23.38399715384594 23.396681894460965 23.619669951229085 24.06332223681138 24.543645448379056 24.958020689791983 25.299942900022767 23.43631353959344 23.432777806101544 23.420322481772462 23.392072208739997 23.349854724862023 23.354435430840972 23.575011985680437 24.03008258607717 24.524251728289194 24.9499076423387 25.299942900022767 23.416270795571016 23.41200633286944 23.398816858930754 23.369701048221017 23.325354027151533 23.3244738868942 23.541915192714026 24.004204932503047 24.508590098377606 24.943167029027848 25.299942900022767 23.39842868687356 23.394029997084804 23.380746812204922 23.351594646960997 23.30638772930679 23.301824364557564 23.516130511208587 23.98324194145209 24.495549843038077 24.93744473017553 25.299942900022767 23.38226588713525 23.377963113809095 23.364882374346784 23.336088561292506 23.29070682667432 23.28362647231732 23.49514088563461 23.96573898780042 24.484461312628007 24.93251746066742 25.299942900022767 23.367519425143286 23.363393943562237 23.350627357846953 23.32234866820369 23.277136850932393 23.268301914835188 23.477475675061978 23.950810276501826 24.474898553495315 24.928234902504997 25.299942900022767 23.35404891887085 23.35012224924392 23.337691898108222 23.30996273072337 23.26507697353555 23.2549897319429 23.462263133223725 23.93789166072182 24.466572885728308 24.9244887629752 25.299942900022767 23.341823887450513 23.338052910278847 23.32592737981413 23.298719953995846 23.254214958527147 23.243211216916315 23.448966563526604 23.9266035085838 24.45927643777089 24.921196581925933 25.299942900022767 23.330694882309334 23.32706945261057 23.315219551449925 23.28848993997465 23.244373220808814 23.232684320564008 23.43723611441031 23.916675027538307 24.45285175010189 24.91829306424388 25.299942900022767 23.320589863087363 23.3170910097213 23.305484427356784 23.27918346602788 23.23543972252759 23.223229085317545 23.426828520920076 23.90790317280579 24.447175021889734 24.91572519275027 25.299942900022767 23.311439009021385 23.308047194318576 23.296652103224307 23.27073099380338 23.22733429453195 23.214719570446967 23.41756372934507 23.90012940236352 24.442146288490243 24.913449211293493 25.299942900022767 23.30317312240976 23.299870713203465 23.288658156189648 23.263071464840895 23.21999182855908 23.20705911949797 23.409301024251484 23.893225873974046 24.437683225802427 24.911428577804667 25.299942900022767 23.29572395822775 23.292495973340934 23.281440586212685 23.25614743132335 23.21335433608768 23.200167627107025 23.401925567264175 23.88708696087838 24.43371701108173 24.90963248206942 25.299942900022767 23.28902512485491 23.285859164587485 23.27493916647151 23.249903427668876 23.20736759374726 23.193975184459113 23.395340625024332 23.881623782901407 24.43018942059098 24.9080347303465 25.299942900022767 23.283013011524854 23.279898927598275 23.26909577584397 23.244285820229933 23.20198002386 23.18841897028238 23.38946292842658 23.87676052132981 24.427050720249614 24.906612889178525 25.299942900022767 23.27762753238638 23.27455704576098 23.263854986491626 23.23924319870095 23.197142554938893 23.183441750149807 23.384219780015716 23.872431835497427 24.424258091675068 24.905347619470493 25.299942900022767 23.272812631706227 23.26977897643747 23.259164599162315 23.234726864941457 23.192808832694862 23.178991164981714 23.37954716406272 23.868580990941414 24.42177443683547 24.904222156932498 25.299942900022767 23.268516565494185 23.265514184141647 23.25497602358402 23.230691236906956 23.188935487824658 23.17501936768992 23.375388440557273 23.865158463252413 24.4195674567749 24.90322190421087 25.299942900022767 23.26469200094263 23.261716295099234 23.251244492252646 23.227094113719055 23.18548234207841 23.171482794215716 23.37169338811374 23.86212086935546 24.417608931795 24.90233410839081 25.299942900022767 23.261295980048093 23.258343110847314 23.247929131562163 23.22389680495041 23.18241251929895 23.168341972574822 23.36841746338516 23.859430130240707 24.415874151552167 24.901547603850936 25.299942900022767 23.258289789437395 23.255356520169077 23.24499292431323 23.221064148649134 23.17969246581141 23.16556133209094 23.36552120179083 23.857052801463368 24.414341457945266 24.900852605252233 25.299942900022767 23.25563877093287 23.25272234384746 23.242402596677163 23.21856444739022 23.177291898445542 23.163109002675867 23.36296971632368 23.85495952831911 24.41299187388162 24.900240539186385 25.299942900022767 23.253312099539123 23.25041013990619 23.24012845747677 23.216369349216027 23.175183701171523 23.160956605896573 23.36073226910973 23.853124596051238 24.411808798364273 24.89970390590661 25.299942900022767 23.251282548559796 23.248392986109515 23.238144211134486 23.214453695363922 23.173343789315933 23.15907904374749 23.35878190050058 23.851525554403494 24.41077775367712 24.899236164778028 25.299942900022767 23.249526255766426 23.246647265654868 23.236426760638025 23.212795351897398 23.171750957017835 23.157454291807994 23.35709510627293 23.85014290190836 24.409886174292744 24.898831638745076 25.299942900022767 23.248022500299005 23.24515245517002 23.23495601041688 23.211375037999563 23.1703867202864 23.156063202836304 23.35565155684621 23.848959819430327 24.409123229913032 24.898485434347897 25.299942900022767 23.2467534964223 23.243890928310645 23.23371468969771 23.210176164270504 23.16923516587958 23.154889325672013 23.35443385428438 23.847961945324254 24.408479677066133 24.89819337473121 25.299942900022767 23.245704208302044 23.242847778448844 23.23268818339036 23.20918467977468 23.16828280892553 23.153918741292397 23.35342732358788 23.847137186545655 24.407947735220954 24.89795194375573 25.299942900022767 23.244862187962525 23.24201066616455 23.231864383136998 23.208388934180892 23.1675184638109 23.153139918071563 23.352619835802635 23.846475561435877 24.40752098391262 24.89775823965112 25.299942900022767 23.244217437935692 23.241369667357596 23.231233551562525 23.20777955566464 23.166933131104415 23.152543587957993 23.352001661259493 23.845969071131275 24.407194279001555 24.89760993729144 25.299942900022767 23.243762298725727 23.240917169923794 23.23078822007812 23.20734935447505 23.16651990605301 23.152122645961054 23.35156535186592 23.845611597249274 24.406963686221694 24.897505258277064 25.299942900022767 23.24349136139333 23.24064780238099 23.230523114096634 23.207093250226915 23.16627390841996 23.15187207278865 23.35130565110805 23.84539882405983 24.406826430699983 24.897442948214863 25.299942900022767 23.243401405407432 23.24055836710814 23.23043509304886 23.207008217096103 23.16619223105169 23.151788879277348 23.351219430404555 23.845328183775603 24.406780861520254 24.89742226077167 25.299942900022767
    </DataArray>
    <DataArray type="Float32" Name="Hole density [log10(m^-3)]" NumberOfComponents="1" format="ascii">
0.0 0.0 0.0 0.0 0.0 0.0 0.0 0.0 0.0 0.0 0.0 0.0 0.0 0.0 0.0 0.0 0.0 0.0 0.0 0.0 0.0 0.0 0.0 0.0 0.0 0.0 0.0 0.0 0.0 0.0 0.0 0.0 0.0 0.0 0.0 0.0 0.0 0.0 0.0 0.0 0.0 0.0 0.0 0.0 0.0 0.0 0.0 0.0 0.0 0.0 0.0 0.0 0.0 0.0 0.0 0.0 0.0 0.0 0.0 0.0 0.0 0.0 0.0 0.0 0.0 0.0 0.0 0.0 0.0 0.0 0.0 0.0 0.0 0.0 0.0 0.0 0.0 0.0 0.0 0.0 0.0 0.0 0.0 0.0 0.0 0.0 0.0 0.0 0.0 0.0 0.0 0.0 0.0 0.0 0.0 0.0 0.0 0.0 0.0 0.0 0.0 0.0 0.0 0.0 0.0 0.0 0.0 0.0 0.0 0.0 0.0 0.0 0.0 0.0 0.0 0.0 0.0 0.0 0.0 0.0 0.0 0.0 0.0 0.0 0.0 0.0 0.0 0.0 0.0 0.0 0.0 0.0 0.0 0.0 0.0 0.0 0.0 0.0 0.0 0.0 0.0 0.0 0.0 0.0 0.0 0.0 0.0 0.0 0.0 0.0 0.0 0.0 0.0 0.0 0.0 0.0 0.0 0.0 0.0 0.0 0.0 0.0 0.0 0.0 0.0 0.0 0.0 0.0 0.0 0.0 0.0 0.0 0.0 0.0 0.0 0.0 0.0 0.0 0.0 0.0 0.0 0.0 0.0 0.0 0.0 0.0 0.0 0.0 0.0 0.0 0.0 0.0 0.0 0.0 0.0 0.0 0.0 0.0 0.0 0.0 0.0 0.0 0.0 0.0 0.0 0.0 0.0 0.0 0.0 0.0 0.0 0.0 0.0 0.0 0.0 0.0 0.0 0.0 0.0 0.0 0.0 0.0 0.0 0.0 0.0 0.0 0.0 0.0 0.0 0.0 0.0 0.0 0.0 0.0 0.0 0.0 0.0 0.0 0.0 0.0 0.0 0.0 0.0 0.0 0.0 0.0 0.0 0.0 0.0 0.0 0.0 0.0 0.0 0.0 0.0 0.0 0.0 0.0 0.0 0.0 0.0 0.0 0.0 0.0 0.0 0.0 0.0 0.0 0.0 0.0 0.0 0.0 0.0 0.0 0.0 0.0 0.0 0.0 0.0 0.0 0.0 0.0 0.0 0.0 0.0 0.0 0.0 0.0 0.0 0.0 0.0 0.0 0.0 0.0 0.0 0.0 0.0 0.0 0.0 0.0 0.0 0.0 0.0 0.0 0.0 0.0 0.0 0.0 0.0 0.0 0.0 0.0 0.0 0.0 0.0 0.0 0.0 0.0 0.0 0.0 0.0 0.0 0.0 0.0 0.0 0.0 0.0 0.0 0.0 0.0 0.0 0.0 0.0 0.0 0.0 0.0 0.0 0.0 0.0 0.0 0.0 0.0 0.0 0.0 0.0 0.0 0.0 0.0 0.0 0.0 0.0 0.0 0.0 0.0 0.0 0.0 0.0 0.0 0.0 0.0 0.0 0.0 0.0 0.0 0.0 0.0 0.0 0.0 0.0 0.0 0.0 0.0 0.0 0.0 0.0 0.0 0.0 0.0 0.0 0.0 0.0 0.0 0.0 0.0 0.0 0.0 0.0 0.0 0.0 0.0 0.0 0.0 0.0 0.0 0.0 0.0 0.0 0.0 0.0 0.0 0.0 0.0 0.0 0.0 0.0 0.0 0.0 0.0 0.0 0.0 0.0 0.0 0.0 0.0 0.0 0.0 0.0 0.0 0.0 0.0 0.0 0.0 0.0 0.0 0.0 0.0 0.0 0.0 0.0 0.0 0.0 0.0 0.0 0.0 0.0 0.0 0.0 0.0 0.0 0.0 0.0 0.0 0.0 0.0 0.0 0.0 0.0 0.0 0.0 0.0 0.0 0.0 0.0 0.0 0.0 0.0 0.0 0.0 0.0 0.0 0.0 0.0 0.0 0.0 0.0 0.0 0.0 0.0 0.0 0.0 0.0 0.0 0.0 0.0 0.0 0.0 0.0 0.0 0.0 0.0 0.0 0.0 0.0 0.0 0.0 0.0 0.0 0.0 0.0 0.0 0.0 0.0 0.0 0.0 0.0 0.0 0.0 0.0 0.0 0.0 0.0 0.0 0.0 0.0 0.0 0.0 0.0 0.0 0.0 0.0 0.0 0.0 0.0 0.0 0.0 0.0 0.0 0.0 0.0 0.0 0.0 0.0 0.0 0.0 0.0 0.0 0.0 0.0 0.0 0.0 0.0 0.0 0.0 0.0 0.0 0.0 0.0 0.0 0.0 0.0 0.0 0.0 0.0 0.0 0.0 0.0 0.0 0.0 0.0 0.0 0.0 0.0 0.0 0.0 0.0 0.0 0.0 0.0 0.0 0.0 0.0
    </DataArray>
    <DataArray type="Float32" Name="Ion density [log10(m^-3)]" NumberOfComponents="1" format="ascii">
25.789983394229832 25.85763951942086 25.866000644942567 25.861043698589373 25.850603145859456 25.834123509268704 25.80826961136161 25.763717888337766 25.667357914761055 25.406747325139623 24.977723605288848 25.70892351768229 25.793425971390814 25.817704194975136 25.822174282051957 25.817991996781718 25.805508751560033 25.78182108887265 25.737369288321858 25.63781935740184 25.375545420053644 24.977723605288848 25.483200537153962 25.60535288874061 25.681235542451503 25.710960571840594 25.72326808962529 25.72124925590736 25.70282873944515 25.65732701063443 25.547709976032515 25.28731313851336 24.977723605288848 25.17678572877914 25.295838891469202 25.45743341181613 25.527633037199728 25.565376966394744 25.578553659740034 25.565999157004775 25.51534937706707 25.391627009122388 25.159920874820468 24.977723605288848 24.896769754468796 24.936779208177477 25.14788084993629 25.250073813506155 25.313641560529934 25.345842184651165 25.3404416074053 25.286192384213415 25.1710937072151 25.02737185709611 24.977723605288848 24.684337156199135 24.64264403988325 24.85440633435391 24.95041600053794 24.996218954403933 25.02081310164941 25.02060005545935 24.991718141214164 24.94931299563262 24.92779127799481 24.977723605288848 24.51350402324938 24.422273579324244 24.641206957929086 24.75050121595986 24.788657164755243 24.795443402059146 24.7936907162515 24.797440693489442 24.82062142139692 24.87206638795318 24.977723605288848 24.363812386583117 24.24387003343302 24.47634357883225 24.615402225674263 24.683366409793855 24.71031701036346 24.72230481044087 24.739422226046646 24.777699900447097 24.84824765419346 24.977723605288848 24.22623805168549 24.090224596921637 24.336191045690622 24.50203334081183 24.602813171477997 24.660067496320483 24.69505960990919 24.726242373652514 24.770024332613072 24.8423005465649 24.977723605288848 24.09432533321989 23.951362294018267 24.210565018299757 24.398911979403884 24.527559219671648 24.612561341522134 24.670819897705616 24.718341195169124 24.77089330202945 24.844510674251424 24.977723605288848 23.95749243694581 23.816432444151197 24.09001023637158 24.299289857402737 24.452905476399675 24.563224739436418 24.644013091612287 24.709509658414042 24.774722506948486 24.850733892685856 24.977723605288848 23.792420168955797 23.6679979768915 23.96083523049637 24.19394379738783 24.374347278417975 24.51159819879932 24.617135165107733 24.70364654851166 24.78232245800463 24.85866049081567 24.977723605288848 23.548293643043735 23.47970430854579 23.808350953014507 24.07293618197916 24.28964679442799 24.46204659328649 24.593756274596608 24.70157952263612 24.790421197454524 24.86680766039635 24.977723605288848 22.96728413258933 22.98843553827535 23.431418099989962 23.830962480610935 24.170046676288063 24.458713007156543 24.57533658637729 24.70135027423506 24.800635764365108 24.875595184275255 24.977723605288848 22.52927421365403 22.61481423444672 23.09558198162651 23.526222224938092 23.901609122686192 24.219771910366628 24.478056284996324 24.69432211131796 24.865764518258956 24.886152733730796 24.977723605288848 22.256847975011357 22.371274938267412 22.871088576467177 23.322342326792754 23.72126362574445 24.065069180205775 24.352083103640915 24.582684614860472 24.75788007537564 24.88065297948461 24.977723605288848 22.12238991176992 22.251889309985483 22.762775699816515 23.226709167010704 23.64008560215127 23.999611401358894 24.302729336517338 24.548432418445405 24.738303977594796 24.877915346104643 24.977723605288848 22.049762912586253 22.18806271226272 22.705934800603856 23.177842851426675 23.60019557215131 23.969314421867942 24.28196311620822 24.53629809428837 24.733083792544274 24.877105148778888 24.977723605288848 21.997095168602055 22.141395802355007 22.664650918143334 23.14267584926549 23.571800003037833 23.948042997019712 24.267666509409192 24.52819434065954 24.72974604767888 24.876581232447084 24.977723605288848 21.952712560907237 22.1016898394667 22.62951999689826 23.112774809864977 23.547644383801913 23.929884970327358 24.255362709510614 24.521106204100295 24.726719112794882 24.876019537138003 24.977723605288848 21.91391036377817 22.06668997259391 22.59848342787613 23.08631745712024 23.5262159396506 23.91369518965762 24.24428988254851 24.514618756833165 24.72385173131951 24.87541370081501 24.977723605288848 21.87968537914712 22.035643543998187 22.570877896293453 23.062729334282256 23.507054015688983 23.89914991329114 24.234265296675456 24.50866826567761 24.72115248519478 24.8747914083058 24.977723605288848 21.84941622707454 22.00807105790159 22.546297005737618 23.041672241618848 23.48989653147272 23.886071720617235 24.225195282969224 24.503229694374152 24.71863700366734 24.874175612995867 24.977723605288848 21.8226041573205 21.983572223469693 22.52440613266472 23.022874556052468 23.47453699371334 23.87432114537121 24.217003832192436 24.49827853454454 24.716312746763602 24.87358170468467 24.977723605288848 21.798826126944547 21.961794402797725 22.504910214807577 23.006098432086695 23.460795288743654 23.86377517099683 24.209620583748727 24.49378717838237 24.71417989953069 24.87301918915836 24.977723605288848 21.77768868645596 21.942424252581866 22.487545842184854 22.991130810384853 23.448509151358653 23.854321148144592 24.202978246864788 24.48972542991511 24.712233497870816 24.87249340863438 24.977723605288848 21.75890466666824 21.925189869798725 22.472079000095746 22.977780174771222 23.437531161049844 23.845854983913785 24.197012487477096 24.486061922225616 24.71046517079639 24.87200682509532 24.977723605288848 21.74219485306869 21.90984979239243 22.45830094607719 22.965874162479974 23.42772715396156 23.838280389288755 24.191662082404967 24.482764939451204 24.708864435360073 24.871559936022447 24.977723605288848 21.727319711620666 21.896190716409542 22.44602578431194 22.955257931869323 23.418975323158122 23.831508665885515 24.18686932475594 24.47980324036405 24.70741966099252 24.871151932100048 24.977723605288848 21.71407059963186 21.884024706861837 22.435088419096672 22.945792846602945 23.4111655698665 23.825458642132723 24.182580445048405 24.47714678345925 24.706118782172563 24.870781171639432 24.977723605288848 21.702265353148842 21.873186302093558 22.42534258818477 22.937355216232515 23.404198858381946 23.820056551803017 24.178745856311924 24.474767202818867 24.70494980656126 24.870445520848858 24.977723605288848 21.691744706437746 21.863529966679206 22.41665895676225 22.929835009660728 23.397986475340815 23.815235747280887 24.175320233561806 24.472638099639592 24.703901160489146 24.87014259404374 24.977723605288848 21.682369223241306 21.854927733752636 22.408923316198333 22.92313458611669 23.39244924083379 23.81093631820105 24.17226245594227 24.470735187254288 24.702961908562298 24.869869918982776 24.977723605288848 21.674016683612063 21.847267097771006 22.402034928498303 22.91716748091976 23.3875167069844 23.807104652645197 24.169535449087608 24.46903632826117 24.70212188167687 24.86962504889766 24.977723605288848 21.666579850811043 21.84044914618815 22.39590500808182 22.91185725191546 23.383126355920076 23.80369295114455 24.167105958276093 24.467521493629427 24.701371737088497 24.86940563406641 24.977723605288848 21.659964564735258 21.834386919426535 22.390455356898098 22.907136411371592 23.37922282731801 23.800658727884585 24.16494428195583 24.466172670842983 24.700702971784 24.869209465044975 24.977723605288848 21.654088114985388 21.82900398075617 22.385617151038975 22.902945454164396 23.37575719415721 23.797964321863414 24.163023988874347 24.464973742164457 24.7001079053176 24.869034496300234 24.977723605288848 21.64887785309929 21.824233175761815 22.381329871697687 22.89923198558568 23.372686297410592 23.795576433126673 24.161321635358934 24.463910348332664 24.699579643838515 24.86887885655725 24.977723605288848 21.644270009110755 21.820015560692557 22.377540370121736 22.895949947123533 23.369972144620075 23.79346569329177 24.159816493844403 24.46296974841543 24.699112033693595 24.868740850422295 24.977723605288848 21.640208682590476 21.816299479735214 22.374202054592004 22.893058935332245 23.3675813731549 23.791606275135095 24.158490299533327 24.462140682985705 24.698699610440354 24.8686189545351 24.977723605288848 21.63664498261142 21.813039772531656 22.371274186989446 22.8905236070249 23.365484776171154 23.789975542837016 24.157327018958878 24.461413245121474 24.698337547182597 24.86851181052267 24.977723605288848 21.63353629605949 21.810197097387267 22.368721276617833 22.888313163258367 23.36365688767585 23.788553742410205 24.156312642070226 24.460778761831246 24.698021604756633 24.868418216315817 24.977723605288848 21.63084566496497 21.807737351310223 22.36651256165724 22.886400904465194 23.362075622227216 23.787323730528517 24.155434998009742 24.46022968717848 24.697748085301356 24.868337116872254 24.977723605288848 21.62854125998987 21.80563117960677 22.364621567756526 22.884763849293286 23.360721964525183 23.786270739313053 24.154683593894866 24.459759507531594 24.697513790084685 24.868267594991174 24.977723605288848 21.62659593394566 21.80385355806262 22.363025729322608 22.883382410108492 23.359579704233155 23.78538217435967 24.154049475428327 24.459362658821867 24.697315981994006 24.868208862645695 24.977723605288848 21.624986849548648 21.80238344471605 22.36170607515423 22.882240119909447 23.358635211896853 23.784647443298145 24.153525107897185 24.459034455304522 24.697152352709512 24.868160253085346 24.977723605288848 21.62369516966573 21.801203488670012 22.360646967091558 22.881323405546585 23.357877252368464 23.78405781259994 24.153104276406385 24.458771029555134 24.697020994917878 24.868121213938256 24.977723605288848 21.622705809400934 21.800299803467972 22.359835887713565 22.880621402758457 23.35729683223506 23.783606290152253 24.152782003765566 24.4585692828086 24.696920379052184 24.868091301316213 24.977723605288848 21.622007236062352 21.799661777902383 22.359263271058946 22.880125809123633 23.356887078489613 23.783287531735912 24.152554484933017 24.458426845171335 24.696849334536374 24.8680701749772 24.977723605288848 21.621591316254907 21.7992819287214 22.35892237368665 22.879830772285686 23.356643146298687 23.783097769859005 24.152419037048972 24.45834204522056 24.69680703539249 24.868057594567233 24.977723605288848 21.621453211611097 21.799155804754683 22.358809184907397 22.8797328116958 23.356562154307678 23.783034763779906 24.15237406429864 24.458313888586588 24.696792990071017 24.868053416942807 24.977723605288848
    </DataArray>
    <DataArray type="Float32" Name="Ion density residual[log10(m^-3)]" NumberOfComponents="1" format="ascii">
24.609423321373637 24.608430419112935 24.606416367797138 24.599615618818774 24.58638354443368 24.566331779869827 24.537198985049788 24.49231102587976 24.40649189468411 24.190323093665715 23.676693609624866 24.603552777244314 24.59948038523407 24.5944755253538 24.585779780671974 24.572063678195157 24.551664491562416 24.52195218415619 24.476260981758312 24.3908053464751 24.18073867393074 23.676693609624866 24.58882095006005 24.578656153616894 24.570593218252267 24.560491773742832 24.546055384048874 24.524667591834373 24.49307312033303 24.445261794256556 24.35997367334896 24.15758410383733 23.676693609624866 24.563996348778815 24.549600474820995 24.538478788151412 24.526377575197642 24.510637001419724 24.488778459937286 24.457338576174347 24.40934308247696 24.32341561900232 24.124439008473985 23.676693609624866 24.52851206229705 24.51161327578196 24.498189961535903 24.484824730144776 24.46839061567718 24.44607641644159 24.414170031557806 24.36544702965207 24.27890901324708 24.085747903737584 23.676693609624866 24.48154369037913 24.463230094001606 24.448365180195097 24.43449433720231 24.418154605512946 24.3961101392115 24.364384971805084 24.31547541782681 24.228617042807446 24.044443575664086 23.676693609624866 24.42219059395582 24.403423095964122 24.38780448092321 24.37407419730651 24.358565197432547 24.337512334382602 24.30659499320896 24.25796952374282 24.17142563780038 24.00848834522748 23.676693609624866 24.34949456844764 24.33139481759781 24.31618110611137 24.302609331260836 24.288477117766057 24.269084865018332 24.239517185836625 24.191627192958574 24.106360873690456 23.96904518781983 23.676693609624866 24.262537902878766 24.246170388775113 24.232578480531835 24.220284032601104 24.207232697766443 24.18984568148204 24.1620243910175 24.115299407719878 24.032975108580317 23.92808946386083 23.676693609624866 24.160455341983326 24.14670659556633 24.135504797166835 24.126007628328157 24.11526732952503 24.099476573124864 24.0734992189427 24.02859584877475 23.952507027469505 23.889817494531833 23.676693609624866 24.04231520807956 24.03266921219676 24.026110295577066 24.020300650598326 24.01241241373671 23.999268100558243 23.975393103852632 23.934219425257083 23.87674855844306 23.85338176849289 23.676693609624866 23.906569951069248 23.906080363785414 23.906877214844148 23.906571937658338 23.903465961282564 23.893969937613107 23.87562371476524 23.848099332153797 23.82112532422437 23.821391134105617 23.676693609624866 23.74548553348388 23.754397054357767 23.777963818336598 23.798291579350554 23.802027773227277 23.80213513501302 23.79324567086505 23.785463844831725 23.779577481519198 23.789626168732593 23.676693609624866 23.5312199078059 23.50201972697985 23.55494737832243 23.630088979811433 23.687573970570202 23.699677436139424 23.720486902441493 23.739508902211004 23.742578239229857 23.754107991275255 23.676693609624866 23.364618406319398 23.28984608251427 23.352678401901738 23.440788241574925 23.52056233905969 23.57115323212382 23.622072130763684 23.67083648580299 23.694125574220827 23.72174165768151 23.676693609624866 23.2568632164044 23.14416802101719 23.198690798579516 23.291829996677667 23.389287426792723 23.46953994785368 23.541378233817973 23.604279822501802 23.644827588583084 23.682596443243472 23.676693609624866 23.193904299934445 23.064502943675098 23.11193440727033 23.205345672403467 23.302250541211674 23.3940382764626 23.478216462512812 23.55533212007416 23.6180325861231 23.664834283932652 23.676693609624866 23.15511839307685 23.018161069932486 23.06717299349938 23.167704232369434 23.26386344214669 23.351797228547866 23.43748875360842 23.5205793606434 23.594508992593717 23.65034578236818 23.676693609624866 23.127596411505678 22.985540271052102 23.038445133177195 23.144089982118498 23.242850070756916 23.331247232089904 23.416098788221714 23.4996227587572 23.57814306336904 23.640113383866044 23.676693609624866 23.105779479483335 22.95970758128054 23.015990017806832 23.12616001454158 23.227685771215047 23.31805969774722 23.403888495607372 23.48774673536765 23.56816076754946 23.633590976110842 23.676693609624866 23.087025467914582 22.937841248210706 22.997274027690857 23.11170106249133 23.21611877400709 23.308635935010468 23.395912465604653 23.480894579247508 23.56224609463338 23.62960507055901 23.676693609624866 23.070261238932716 22.91867593157652 22.98113558101406 23.09950726369025 23.206720471798207 23.301408469189155 23.390287638276632 23.476478209508855 23.558614459948355 23.627193970923695 23.676693609624866 23.054992480707067 22.901582778477227 22.966964203192283 23.088943313661687 23.19881721311626 23.29560681641698 23.38607650786105 23.47337007172024 23.556235793429504 23.625683994924465 23.676693609624866 23.040986618803508 22.886215194636392 22.95440082231605 23.079670920972543 23.192030618071513 23.290798651286956 23.382767757190955 23.471041497710882 23.55456571860301 23.62468088322948 23.676693609624866 23.028131743525865 22.872357518756193 22.943210318431642 23.071470922763176 23.18612247420669 23.286719751244345 23.380066709445792 23.469208189521453 23.553316434682714 23.623968639339648 23.676693609624866 23.01642668523215 22.859855765299724 22.93322192725142 23.064189510464583 23.180934197639754 23.283202569002842 23.37779746926093 23.46775800992443 23.552330920440195 23.623430040223674 23.676693609624866 23.005735370750013 22.84858650829489 22.924300432910567 23.057710143663115 23.17635355453861 23.28013613943831 23.375851581264424 23.46655799035252 23.551520591188677 23.62300051684032 23.676693609624866 22.996001497540867 22.838583790090816 22.91633195541769 23.051938812630944 23.172296209391583 23.27744322852021 23.37415955907724 23.46552489742108 23.550833914776796 23.622643757279892 23.676693609624866 22.987167525302347 22.82974407876518 22.909217072938358 23.04679628713678 23.16869544065521 23.275067234558396 23.372674773935554 23.464621833016064 23.55023991377166 23.62233873200448 23.676693609624866 22.979173932226733 22.82179819160063 22.90286738413441 23.042213973539425 23.1654963460315 23.27297345856531 23.371364262945523 23.46382484699035 23.549719166632954 23.622072847701336 23.676693609624866 22.971960109723483 22.8146662326628 22.897203695524635 23.03813160669773 23.162652501978002 23.271121403492366 23.37020347017128 23.463117492675696 23.54925886204014 23.621838224549766 23.676693609624866 22.965465714992217 22.808273936845765 22.8921549402849 23.034495861521794 23.160123961012967 23.269477181961083 23.369173209679257 23.462487757509397 23.548850014674386 23.621629649862037 23.676693609624866 22.959631956067334 22.802552623246726 22.887657410928014 23.031259423002954 23.157875980995478 23.26801680244125 23.368257896230947 23.46192634929365 23.548486009041902 23.621443583633965 23.676693609624866 22.954402612879484 22.79743917920148 22.883654122671754 23.02838028926001 23.155878161399603 23.26671972058814 23.367444498367075 23.461425717701 23.548161645683773 23.621277356934073 23.676693609624866 22.949724755145006 22.792875981075913 22.880094234803266 23.025821200702612 23.154103813232453 23.26556815929599 23.36672189620759 23.46097950431071 23.547872642335758 23.621128838080523 23.676693609624866 22.94554918633229 22.78881073295015 22.87693250660137 23.023549146556036 23.1525294705863 23.264546636573197 23.366080476308042 23.46058222807561 23.547615367857535 23.62099625431309 23.676693609624866 22.941830666702202 22.785196236819242 22.874128784447336 23.02153492717664 23.151134494378432 23.263641619791347 23.36551186168577 23.460229095723484 23.547386681820036 23.62087808711742 23.676693609624866 22.938527971013283 22.781990112225674 22.871647522200675 23.01975276227844 23.149900740807166 23.262841260177623 23.36500872191908 23.459915883016198 23.547183835378526 23.62077301051411 23.676693609624866 22.935603830067166 22.779154489078852 22.869457338768253 23.018179940079698 23.148812278516775 23.26213518066553 23.364564631764047 23.45963885573873 23.547004408011045 23.62067985433443 23.676693609624866 22.933024796096618 22.776655802082708 22.86753061514696 23.016796504852376 23.14785514561789 23.261514302213506 23.364173961526692 23.45939471369418 23.54684626480731 23.62059758154489 23.676693609624866 22.93076106282561 22.77446606504615 22.865843131802986 23.015584980333877 23.147017140076425 23.260970698858593 23.363831788455478 23.459180547658992 23.54670752536365 23.62052527326472 23.676693609624866 22.928786262977514 22.772556903668207 22.864375281518143 23.01453012644056 23.146287638712085 23.260497475070125 23.363533822408005 23.458993803740604 23.546586539359893 23.62046211794466 23.676693609624866 22.92707725954616 22.77090546994956 22.863109974735142 23.013618726753094 23.14565744126768 23.26008866180369 23.363276343830137 23.458832254015647 23.546481866330183 23.620407402801565 23.676693609624866 22.925613942143542 22.769491978276786 22.862027991529395 23.01283940432103 23.145118636627842 23.25973912815628 23.363056151144537 23.458693971286472 23.546392256550835 23.620360506403458 23.676693609624866 22.924379036020902 22.768299482947665 22.86111589344727 23.01218246343473 23.14466448875384 23.259444506411107 23.36287051588435 23.458577303879515 23.546316630702457 23.620320893039654 23.676693609624866 22.923357928676456 22.76731368316563 22.860362381462306 23.011639755191016 23.14428934033949 23.259201128976432 23.362717144798058 23.458480855030764 23.546254101425408 23.620288112713094 23.676693609624866 22.922538517090562 22.76653392714695 22.85975814234091 23.01120456492529 23.14398853250683 23.25900597595481 23.36259414820917 23.45840346842428 23.546203927082253 23.620261791332627 23.676693609624866 22.92191107733522 22.765945821022807 22.859295722211673 23.010871519816654 23.14375833912353 23.258856632319144 23.36250001405889 23.458344217539498 23.546165509750434 23.62024162695311 23.676693609624866 22.921468157482888 22.765530668298233 22.858969425567803 23.010636515222938 23.143595914574174 23.258751253893383 23.362433587205956 23.458302393902642 23.546138391317026 23.620227387572065 23.676693609624866 22.921204494237 22.76528353444441 22.85877523823476 23.010496658574688 23.143499254055385 23.25868854149274 23.362394053626243 23.458277497835873 23.546122248475918 23.62021890910626 23.676693609624866 22.9211169534101 22.76520148164648 22.8587107731639 23.01045022993247 23.143467165701924 23.25866772277768 23.362380929302542 23.458269232041758 23.54611688882001 23.62021609377755 23.676693609624866
    </DataArray>
    <DataArray type="Float32" Name="Ion density last step [log10(m^-3)]" NumberOfComponents="1" format="ascii">
25.786607850572967 25.85638833484024 25.864781825184288 25.859795989588545 25.84940839989858 25.83301292140421 25.80722809834326 25.762626359806195 25.665768385872752 25.40407005089823 24.977723605288848 25.70423114528633 25.79122445438377 25.815911002837353 25.82050171112783 25.81645651983755 25.804098568128357 25.78048572262496 25.73594297718509 25.63578778447409 25.372466453257243 24.977723605288848 25.476126731216457 25.600723636709617 25.678085087310258 25.70819018609967 25.720788602502097 25.7189639132291 25.70059210493797 25.654831856294994 25.544305707249062 25.283257328693463 24.977723605288848 25.16957431105739 25.288690984119576 25.452163075476655 25.522877443664704 25.561078687946164 25.57451458082187 25.561890949345464 25.510655708653484 25.38586904200743 25.15504585663465 24.977723605288848 24.892188118966523 24.930423847780062 25.141698533029434 25.243048919935266 25.30608992081405 25.338174769918943 25.332536633516618 25.27782614888897 25.16311702387369 25.022828950659456 24.977723605288848 24.681781195526728 24.63879500124099 24.85057152067619 24.945516716627612 24.989305000137556 25.0121311991489 25.011073481724534 24.982671046804846 24.942587791080868 24.92462723754585 24.977723605288848 24.511835326924256 24.419788659531797 24.63913385694433 24.74860366646581 24.786353467191 24.792256668233964 24.789753256923404 24.7934228788682 24.817344896577392 24.87024193806553 24.977723605288848 24.362548668725072 24.24201791341974 24.474863826040533 24.614325196497997 24.682616856757726 24.709663924319518 24.72154871243569 24.738470951106105 24.77660266660135 24.84736707070461 24.977723605288848 24.22519578541949 24.088739722037754 24.33496927159248 24.501123916568588 24.602260347951663 24.65979284456434 24.694928116726718 24.726115548268005 24.76977969625408 24.84195171508154 24.977723605288848 24.093426539380566 23.950123655813925 24.20950831868387 24.398078022902162 24.52701541926987 24.61229384132909 24.670754522128913 24.718374005084446 24.770901979419218 24.84439593274659 24.977723605288848 23.956695277811917 23.815367245824522 24.089073442765542 24.29851618255354 24.452361946046544 24.562924356470056 24.643917049443026 24.709543401171 24.77478804965141 24.850711329258754 24.977723605288848 23.791680578089245 23.667046114229123 23.959978214933273 24.19321559289659 24.373805726618947 24.511266363699214 24.61699956616301 24.703654058474545 24.78239132171859 24.85867030123428 24.977723605288848 23.547519983545953 23.478802545452304 23.807536783957797 24.072252383860476 24.28911382762919 24.461674707006704 24.59358626021018 24.701555958858137 24.79047113037476 24.86682593990754 24.977723605288848 22.966217531897417 22.987455619093485 23.430552812408774 23.830210386564257 24.16949408874645 24.45840695306956 24.575163772229345 24.7013001852205 24.800637808878022 24.875612856790312 24.977723605288848 22.528406627019777 22.613975185121756 23.094794278023727 23.525505727358308 23.901000429191345 24.21930313962523 24.477786954754357 24.694242901907764 24.865849427607536 24.886165563907166 24.977723605288848 22.256132526297296 22.370564675144962 22.87041674172025 23.321728415530572 23.72073504092414 24.0646524493952 24.351797144123257 24.582524808804326 24.757815545631875 24.8806618230637 24.977723605288848 22.121779134297686 22.251280300308085 22.762202558184104 23.226188369910638 23.639639032207796 23.99926018444947 24.302488412591412 24.548301802423417 24.738260376360017 24.87791370837029 24.977723605288848 22.0492198104033 22.1875226011916 22.705429124606713 23.177385635579544 23.599805004563276 23.969007838883677 24.281752836607687 24.536184175604912 24.733046122663353 24.877103472310637 24.977723605288848 21.996600141534504 22.140906773524723 22.6641953459225 23.142265670535217 23.571450635754864 23.947768985952713 24.267478166889045 24.528091624356357 24.729711483192816 24.8765793093219 24.977723605288848 21.952254966764972 22.101241509082843 22.629104476476094 23.1124022202027 23.5473278976327 23.929636936144366 24.255191856255024 24.521012378104913 24.72668691962144 24.876017336650442 24.977723605288848 21.913483098005685 22.066274962950757 22.598100750696688 23.085975687788288 23.525926399203538 23.913468454146884 24.244133406887915 24.5145322814666 24.723821517577438 24.87541126902366 24.977723605288848 21.879283220583908 22.035256169732666 22.57052244363116 23.062413091223323 23.506786776515675 23.898940813038923 24.234120758236394 24.508587934789464 24.72112395870804 24.874788799611693 24.977723605288848 21.849035130708902 22.007706817789146 22.545964299027105 23.04137729347436 23.489647878538204 23.885877321362134 24.22506072016614 24.50315453228928 24.718609926858164 24.874172874308115 24.977723605288848 21.822240902776436 21.983227501855758 22.524092564728214 23.02259749053382 23.474303929945403 23.87413907715183 24.21687765500289 24.498207744226583 24.716286921324496 24.8735788730129 24.977723605288848 21.798478099048832 21.96146626154613 22.504612854209128 23.005836476319796 23.460575379004734 23.86360350650863 24.209501494836402 24.493720104255917 24.71415515797212 24.873016292607844 24.977723605288848 21.777353759317528 21.942110280619058 22.487262285904595 22.99088169362654 23.44830040272974 23.854158309162774 24.202865180662922 24.489661529377205 24.712209697723182 24.872490468106562 24.977723605288848 21.758581043479133 21.924888065473578 22.47180726075616 22.977542023002894 23.43733193062603 23.845699669032122 24.1969045629793 24.486000743244723 24.7104421902422 24.87200385591513 24.977723605288848 21.741881028321583 21.909558481856028 22.45803936744661 22.965645417702444 23.427536077757242 23.838131517979157 24.191558566406304 24.482706103187695 24.708842169801642 24.871556949291577 24.977723605288848 21.72701440968573 21.895908489607745 22.44577297627805 22.95503728980998 23.41879126105591 23.831365335057672 24.186769603172863 24.47974642751912 24.707398020286465 24.871148935760218 24.977723605288848 21.713772731859766 21.883750367968375 22.43484320720498 22.945579208282307 23.410987562740928 23.825320092241938 24.182484000451552 24.477091723444158 24.706097688370196 24.870778171286275 24.977723605288848 21.701973984801825 21.87291883090446 22.42510397415415 22.937147650023018 23.404026094486685 23.819922140211414 24.178652250213585 24.474713665136896 24.704929192046876 24.870442520346717 24.977723605288848 21.69145903068182 21.863268488056992 22.416426087299097 22.929632721322065 23.397818263755756 23.815104927206033 24.1752290923612 24.472585886986323 24.70388096643555 24.870139595986707 24.977723605288848 21.682088540361608 21.854671493232402 22.408695458141064 22.92293689493844 23.392284990331607 23.810808621953758 24.172173459695063 24.470684129956414 24.702942083642057 24.869866925038988 24.977723605288848 21.673740384187116 21.847015441888487 22.401811448836366 22.91697380057562 23.387355909085283 23.806979678176013 24.169448322467858 24.468986279763907 24.702102380981145 24.869622060065286 24.977723605288848 21.66630740193778 21.84020150647109 22.395685357752317 22.911667074973188 23.382968571198415 23.803570351168272 24.167020463249944 24.467472326809588 24.701352521215423 24.86940265086354 24.977723605288848 21.659695498639365 21.83414279925315 22.39023905753821 22.906949296662305 23.379067674252653 23.800538201023635 24.164860211799976 24.46612427497612 24.70068400606626 24.869206487650015 24.977723605288848 21.653822019519666 21.828762944477866 22.385403784068398 22.90276101640373 23.37560433998432 23.797845605382143 24.162941163257415 24.46492602041325 24.700089159164822 24.869031524655274 24.977723605288848 21.648614363751925 21.82399483962894 22.381119069251326 22.899049886780343 23.37253545056319 23.795459296926936 24.161239896268004 24.463863215652925 24.699561090174715 24.86887589044376 24.977723605288848 21.644008802231614 21.819779585226414 22.37733180746163 22.895769889402334 23.369823048432334 23.793349934914318 24.159735702187223 24.462923129798476 24.699093648473607 24.868737889516183 24.977723605288848 21.639949469607043 21.816065563267536 22.37399544370887 22.8928806549201 23.367433800580063 23.79149171556727 24.158410332283548 24.462094511972982 24.69868137223203 24.868615998446305 24.977723605288848 21.636387505053314 21.812807645691734 22.371069271165936 22.89034686913847 23.36533852531576 23.789862022969828 24.157247766739598 24.461367462540355 24.698319436803928 24.86850885882333 24.977723605288848 21.63328032124751 21.80996651835924 22.368517825772773 22.88813775774791 23.363511777993924 23.788441120020504 24.15623400709264 24.460733314711103 24.698003604958743 24.868415268559836 24.977723605288848 21.63059098224555 21.807508101723123 22.366310368324623 22.886226642062173 23.36193149124952 23.787211877686754 24.15535689230018 24.46018452781402 24.69773018048983 24.86833417260857 24.977723605288848 21.628287677419785 21.80540306094051 22.364420443580947 22.884590558350496 23.360578665022917 23.786159540136648 24.154605937756383 24.459714592666582 24.697495966072886 24.868264653772282 24.977723605288848 21.62634327534611 21.80362638847438 22.362825501979298 22.88320993374055 23.359437101734166 23.785271523046617 24.15397219609279 24.45931794893106 24.69729822578296 24.86820592403273 24.977723605288848 21.62473495186225 21.80215705621047 22.361506585610282 22.882068313457335 23.358493182486907 23.78453724238734 24.15344813833159 24.458989913955474 24.697134652289815 24.868157316650613 24.977723605288848 21.623443880558504 21.80097772454929 22.36044806714286 22.881152134302635 23.357735680721362 23.78394797141334 24.153027554243142 24.458726622834455 24.69700333908954 24.868118279265897 24.977723605288848 21.62245498506548 21.800074515995277 22.3596374377402 22.880450539897822 23.357155609824076 23.78349672338119 24.152705470331057 24.458524978799435 24.69690275725896 24.868088368001512 24.977723605288848 21.62175673917324 21.799436826139704 22.35906513795087 22.87995523379594 23.35674610193935 23.783178158138973 24.152478084352296 24.45838261347069 24.69683173671145 24.86806724262496 24.977723605288848 21.621341014035984 21.79905717650092 22.35872442889663 22.879660367826098 23.356502315841503 23.78298851104296 24.152342715407208 24.45829785648631 24.69678945181271 24.868054662789472 24.977723605288848 21.6212029739842 21.798931118736025 22.35861130259157 22.879562463918568 23.35642137231236 23.782925543038004 24.15229776884173 24.45826971410508 24.6967754112171 24.868050485356033 24.977723605288848
    </DataArray>
    <DataArray type="Float32" Name="Ion density max [log10(m^-3)]" NumberOfComponents="1" format="ascii">
25.790327111315655 25.85788847998917 25.866279120593255 25.861332169846403 25.85091040333361 25.83444848938802 25.808624030350657 25.764134784605837 25.66777662758627 25.40676594248943 24.977723605288848 25.70934298787282 25.793723935704907 25.817991457137598 25.822459556571424 25.818284981064245 25.80581448885989 25.78215765876483 25.737760820405896 25.63820125983369 25.375545420053644 24.977723605288848 25.483719342946202 25.605798557104418 25.68158183414325 25.71128164343118 25.723575540972696 25.72155772329324 25.703158331548384 25.657695232154577 25.54804951494527 25.28731313851336 24.977723605288848 25.177276345128103 25.29642755602711 25.45791749656391 25.528090205599337 25.56580527252872 25.578968458695208 25.566425734475047 25.51580682627302 25.392042698187588 25.159985287978003 24.977723605288848 24.89705713296129 24.937253504331963 25.14839156223827 25.250681598886455 25.31431218511137 25.346532604699018 25.341148596066716 25.286902308410863 25.17165960886853 25.02751125472581 24.977723605288848 24.68448476849226 24.642907185843953 24.854698925492617 24.950809922063318 24.996788923847664 25.02153786502742 25.021392202836285 24.992442043198405 24.94978138480935 24.927914905172514 24.977723605288848 24.513593141936184 24.42242928803843 24.641353460534443 24.7506436854065 24.788832754358907 24.795686138752625 24.7939861043357 24.79772642528326 24.82082342609657 24.87213949774804 24.977723605288848 24.36387490241939 24.243976598206544 24.476440111572177 24.615477600809218 24.683418878441472 24.710357926507466 24.72234582939836 24.743093287595528 24.789152864868502 24.858748733316656 24.977723605288848 24.22628573762214 24.090303055224165 24.33626432538304 24.502092241921968 24.60284991494801 24.660082912345487 24.695061247072072 24.733051850191043 24.783672308775888 24.855001239928544 24.977723605288848 24.094363290966726 23.95142233062039 24.210623066917048 24.398961588292213 24.527593143280956 24.61257722822087 24.670821201237217 24.72210979333918 24.779528860286238 24.853937986109667 24.977723605288848 23.95752345419859 23.816479699510715 24.090057169531544 24.299331844831737 24.45293671955121 24.563242217055546 24.64401732341546 24.710900600632673 24.77947806290524 24.856788285156934 24.977723605288848 23.792446500809056 23.66803639995786 23.960874087424997 24.193979546100064 24.37437553632235 24.511616128541103 24.617142144260832 24.703794642536423 24.784990144948846 24.86226545014936 24.977723605288848 23.548318158691142 23.479736842738337 23.808383691807908 24.072966338246808 24.289671841291096 24.462064676369287 24.59376474076016 24.70158039425409 24.791835579525838 24.86881045148406 24.977723605288848 22.96731331644525 22.988467129759865 23.43144925283721 23.830991468374858 24.17006953274053 24.458726554829834 24.575344424170805 24.70135252331513 24.800750594928257 24.876694142892422 24.977723605288848 22.529296479761257 22.614839292472446 23.095607855820976 23.526247518887754 23.90163186249767 24.219790166368167 24.478067366567103 24.694325435696253 24.867249705645452 24.886753583954157 24.977723605288848 22.25686512060765 22.37129453076863 22.871108861297664 23.322362196561556 23.721281693826054 24.065084032894926 24.352093603066887 24.582690510778136 24.757882239545218 24.880916484777867 24.977723605288848 22.12240352354038 22.25190479741071 22.762791613739093 23.226724642091547 23.640099605881876 23.999622891772287 24.302737478964485 24.54843691421788 24.738305408892234 24.877915346104643 24.977723605288848 22.04977411349063 22.188075321364465 22.70594766007095 23.177855272015844 23.600206757776082 23.969323581158 24.281969615688627 24.53630170015547 24.73308495382685 24.877105148778888 24.977723605288848 21.997104597427878 22.14140627156361 22.664661517331684 23.142686024025423 23.571809128137886 23.948050458956576 24.26767181916657 24.528197315333323 24.72974703553983 24.876581232447084 24.977723605288848 21.952720611379398 22.10169864746709 22.62952884868207 23.112783256114827 23.54765192825667 23.929891131298515 24.25536710480076 24.521108689610895 24.726719962730943 24.876019547740352 24.977723605288848 21.91391731325027 22.066697464539892 22.598490902530408 23.086324547243468 23.526222247768334 23.91370033362805 24.24429356049737 24.514620854369074 24.723852467428056 24.8754137220383 24.977723605288848 21.879691434795777 22.0356499794755 22.57088427223681 23.062735347704113 23.507059345356517 23.89915425303312 24.234268405648653 24.508670052328252 24.72115312663414 24.874791436135947 24.977723605288848 21.84942154862103 22.008076636021514 22.54630249583392 23.041677391311453 23.489901078818143 23.88607541796725 24.225197936304973 24.50323122979142 24.718637566057787 24.874175644774922 24.977723605288848 21.82260887028607 21.983577099147766 22.52441090166096 23.022879006172754 23.474540909509976 23.874324324704464 24.217006117320015 24.49827986529318 24.716313242902014 24.873581738668307 24.977723605288848 21.79883033141535 21.961798698059372 22.504914391658573 23.006102310520397 23.460798690097516 23.863777928855292 24.209622568748486 24.49378834111298 24.714180339927527 24.87301922421063 24.977723605288848 21.777692463066707 21.942428064611974 22.487549528911977 22.99113421779636 23.448512130151506 23.854323560209362 24.202979985251364 24.489726453715306 24.712233891183757 24.872493444023895 24.977723605288848 21.75890808126316 21.925193276811523 22.472082278229024 22.97778319118703 23.437533790082895 23.845857110087326 24.197014021706167 24.486062830373257 24.710465524182148 24.872006860360038 24.977723605288848 21.742197959740142 21.909852857893476 22.458303881375983 22.96587685211794 23.42772949146129 23.838282277426746 24.191663446461682 24.482765750725342 24.708864754758377 24.871559970879762 24.977723605288848 21.727322555173913 21.896193492394364 22.44602843027566 22.955260346718166 23.418977416110742 23.831510354559803 24.186870546079625 24.47980397003264 24.707419951354503 24.871151966386766 24.977723605288848 21.71407321744224 21.884027236232257 22.435090819603175 22.945795029101998 23.4111674565087 23.82546016269509 24.18258154597548 24.477147444028862 24.706119047644 24.870781205271463 24.977723605288848 21.702267776595487 21.873188620502905 22.425344779493606 22.9373572012976 23.404200570079013 23.82005792994085 24.178746855166974 24.474767804607705 24.704950050629634 24.87044555379405 24.977723605288848 21.69174696202362 21.863532103956604 22.416660969050852 22.92983682623049 23.397988038016056 23.81523700420039 24.175321145489807 24.472638651218894 24.703901386101837 24.870142626303537 24.977723605288848 21.68237133347709 21.854929715012826 22.40892517475113 22.923136258343764 23.39245067606641 23.810937471535226 24.17226329354882 24.47073569579089 24.702962123269696 24.869869950579805 24.977723605288848 21.6740186973461 21.847268944286903 22.40203665463547 22.91716902909658 23.38751803286012 23.807105717156787 24.16953622293561 24.46903680190766 24.70212208709972 24.86962507986737 24.977723605288848 21.666581791758013 21.840450878616792 22.395906619890834 22.91185869319999 23.38312758769592 23.803693939274794 24.16710667950514 24.467521945960176 24.701371934439035 24.869405664451442 24.977723605288848 21.65996644223676 21.834388585876525 22.390456894632703 22.90713777426732 23.379223988129283 23.800659662691434 24.164944971902788 24.466173104720422 24.70070316210942 24.86920949489143 24.977723605288848 21.654089937160837 21.829005589856095 22.3856186326854 22.902946764830013 23.375758309050592 23.79796521929944 24.16302465175264 24.464974160049227 24.70010808952659 24.86903452565523 24.977723605288848 21.648879627039932 21.82423473500588 22.381331304663647 22.899233250979666 23.372687372540803 23.795577298215004 24.161322274800828 24.46391075235185 24.699579822723198 24.86887888546735 24.977723605288848 21.6442717410405 21.820017076624836 22.377541760857543 22.8959511732911 23.369973185325538 23.79346653038622 24.15981711299976 24.462970140418193 24.699112207947792 24.868740878932567 24.977723605288848 21.640210378000177 21.816300958101973 22.37420340874692 22.893060127556623 23.367582384094263 23.791607088032528 24.15849090115029 24.462141064588984 24.698699780674854 24.868618982688552 24.977723605288848 21.63664664637178 21.813041218408273 22.371275509541277 22.890524769952275 23.36548576143576 23.789976334869845 24.157327605450366 24.461413617747844 24.69833771393802 24.868511838360007 24.977723605288848 21.63353793251682 21.810198515284856 22.36872257198132 22.888314301001962 23.36365785088317 23.788554516523153 24.156313215569167 24.460779126740498 24.698021768514334 24.86841824387536 24.977723605288848 21.63084727802299 21.807738745265976 22.36651383377545 22.88640202069275 23.36207656659919 23.78732448934291 24.155435560415395 24.46023004549422 24.69774824649273 24.868337144190015 24.977723605288848 21.62854285318028 21.805632553261248 22.364622820178706 22.884764947301278 23.360722892954584 23.786271485181242 24.15468414691204 24.45975986026387 24.697513949099193 24.86826762210098 24.977723605288848 21.626597510489617 21.80385491472654 22.363026965271203 22.883383492885834 23.359580619340356 23.785382909411503 24.15405002060094 24.459363006886576 24.69731613918615 24.868208889579396 24.977723605288848 21.6249884124109 21.802384787428696 22.361707297583212 22.882241190192765 23.35863611607901 23.784648169481265 24.153525646637334 24.459034799540312 24.697152508404958 24.86816027987304 24.977723605288848 21.62369672160286 21.80120482025095 22.360648178737918 22.881324465868843 23.357878147842705 23.784058531715054 24.153104810019848 24.458771370738265 24.69702114941892 24.868121240608556 24.977723605288848 21.622707353005016 21.80030112656349 22.3598370911434 22.8806224554924 23.35729772107698 23.78360700388461 24.15278253347456 24.45856962166623 24.696920532642658 24.868091327896483 24.977723605288848 21.62200877380099 21.79966309502791 22.359264468709437 22.880126856521226 23.35688796266817 23.783288241683792 24.152555011896794 24.458427182393606 24.69684948748616 24.868070201493854 24.977723605288848 21.62159285050861 21.799283242300938 22.358923567904966 22.879831816514628 23.35664402770848 23.78309847756005 24.152419562382892 24.458342381471784 24.696807187961703 24.868057621045992 24.977723605288848 21.621454744708842 21.799157117158188 22.358810377987517 22.879733854874015 23.35656303479939 23.783035470735953 24.15237458909213 24.458314224515807 24.69679314251401 24.868053443408982 24.977723605288848
    </DataArray>
    <DataArray type="Float32" Name="Mobility [m^2/V/s]" NumberOfComponents="1" format="ascii">
0.0 0.0 0.0 0.0 0.0 0.0 0.0 0.0 0.0 0.0 0.0 0.0005181703067897311 0.0005234224733347862 0.0005605590526575674 0.0004944331318973684 0.0005368218777652047 0.0005336959012974251 0.0005626852427348429 0.0005103823244589763 0.0005362456894286145 0.000529777178327878 0.0005530907551663267 0.0003940951423789559 0.0004069070764272785 0.00038263187080645134 0.0003521354186364854 0.00027346919450577903 0.00028493246607828355 0.0002668368383344203 0.00019963388577621857 0.00013958826480242994 0.00014622062097378863 0.00013958826480242994 0.0 0.0 0.0 0.0 0.0 0.0 0.0 0.0 0.0 0.0 0.0 0.0 0.0 0.0 0.0 0.0 0.0 0.0 0.0 0.0 0.0 0.0 0.00041058405486541405 0.000451924074657494 0.0004392040510184679 0.0004014680922479889 0.0004310077045090932 0.000408931670143768 0.0003744547040069824 0.0003901146284121362 0.0003481549046696657 0.0003176366027960811 0.00031015384519039637 0.0 0.0 0.0 0.0 0.0 0.0 0.0 0.0 0.0 0.0 0.0 0.0 0.0 0.0 0.0 0.0 0.0 0.0 0.0 0.0 0.0001853508758462307 0.00022240666905688018 0.00034619537889475405 0.00029507010318035963 0.0003421464700242199 0.00032332942829258794 0.00027582464843190017 0.00030813288241466263 0.0002701318229353933 0.0002301736377243384 0.00023967735810575687 0.0001799902870230842 0.00016151620319142024 0.0 0.0 0.0 0.0 0.0 0.0 0.0 0.0 0.0 0.0 0.0 0.0 0.0 0.0 0.0 0.0 0.0 0.0 0.00010083159520095509 0.00011860043976916799 7.691138603403369e-05 0.00012145367532033812 0.0002350976230008567 0.00021990107712293135 0.00016953043829225095 0.00021025746372329448 0.000179802998893658 0.00014301233747859835 0.00016292851147964223 0.00012472554177636055 0.0001104709711209946 0.00010905866283277261 9.048954608870332e-05 0.0 0.0 0.0 0.0 0.0 0.0 0.0 0.0 0.0 0.0 0.0 0.0 0.0 0.0 0.0 0.0 6.26203487822827e-05 6.547358433345287e-05 4.952307987413041e-05 6.38141171258814e-05 8.410662471300427e-05 5.821299891621068e-05 9.103827505629754e-05 0.0001241975746294608 0.00010732308721544502 8.508574450569648e-05 0.00010390050735483399 8.823362841124605e-05 8.004984485969031e-05 8.662030862585093e-05 8.23057625371476e-05 8.23057625371476e-05 8.6175e-05 0.0 0.0 0.0 0.0 0.0 0.0 0.0 0.0 0.0 0.0 0.0 0.0 0.0 0.0 4.528683875568638e-05 4.362737154811492e-05 3.707334211419108e-05 4.1309583232635114e-05 5.1658969482286835e-05 4.125517630657952e-05 5.81585919901551e-05 6.479383899183609e-05 7.18159585954803e-05 6.325835732971681e-05 7.310556337932197e-05 7.149224359392684e-05 6.76681995036573e-05 7.461248098402566e-05 7.848171844687806e-05 7.848171844687806e-05 8.6175e-05 0.0 0.0 0.0 0.0 0.0 0.0 0.0 0.0 0.0 0.0 0.0 0.0 0.0 0.0 3.582456347786068e-05 3.350677516238087e-05 3.0166582196916242e-05 3.141536083324665e-05 3.79149833411149e-05 3.2729956979397295e-05 4.2569772452730176e-05 4.7267024058585765e-05 4.1622849182579915e-05 5.1505127150153114e-05 6.221310959173186e-05 6.53333469818307e-05 6.384269220348922e-05 6.929778211541467e-05 7.699106366853657e-05 7.699106366853657e-05 8.6175e-05 0.0 0.0 0.0 0.0 0.0 0.0 0.0 0.0 0.0 0.0 0.0 0.0 0.0 0.0 0.0 2.7813571353400863e-05 2.585438181896101e-05 2.611597833334217e-05 3.077076744495745e-05 2.7673361469579855e-05 3.428734011563498e-05 3.8525443207202324e-05 3.497165945317742e-05 4.230716852012236e-05 4.492748926836643e-05 4.1865228874350814e-05 6.308932921880661e-05 6.744751858882755e-05 7.663145492029095e-05 7.663145492029095e-05 8.6175e-05 0.0 0.0 0.0 0.0 0.0 0.0 0.0 0.0 0.0 0.0 0.0 0.0 0.0 0.0 0.0 0.0 0.0 2.2893585655167204e-05 2.6410158325844737e-05 2.4367396692606653e-05 2.9147172507019307e-05 3.2928897819939346e-05 3.0410710608241692e-05 3.623519755439981e-05 3.934704166265317e-05 3.695644859219658e-05 4.258647991214759e-05 4.470391469446909e-05 7.67645219309334e-05 7.67645219309334e-05 8.6175e-05 0.0 0.0 0.0 0.0 0.0 0.0 0.0 0.0 0.0 0.0 0.0 0.0 0.0 0.0 0.0 0.0 0.0 0.0 0.0 2.199594792941382e-05 2.5628322069637492e-05 2.8934621804097962e-05 2.700862563393386e-05 3.1791014172538056e-05 3.503045242203248e-05 3.303488935040022e-05 3.8200323770058744e-05 4.093200482921612e-05 3.9281781443385504e-05 4.400902557417515e-05 8.6175e-05 0.0 0.0 0.0 0.0 0.0 0.0 0.0 0.0 0.0 0.0 0.0 0.0 0.0 0.0 0.0 0.0 0.0 0.0 0.0 0.0 0.0 2.582163336315224e-05 2.4212669487337155e-05 2.825605412655887e-05 3.142592547458513e-05 2.9665341376553044e-05 3.444417660039439e-05 3.752119734535342e-05 3.598379644123272e-05 4.082140128422383e-05 4.3625805591379104e-05 4.26343205767198e-05 0.0 0.0 0.0 0.0 0.0 0.0 0.0 0.0 0.0 0.0 0.0 0.0 0.0 0.0 0.0 0.0 0.0 0.0 0.0 0.0 0.0 0.0 2.522179909326685e-05 2.824005021907611e-05 2.6666726955417285e-05 3.111026923870348e-05 3.441047317757389e-05 3.309717715965877e-05 3.797070436218801e-05 4.132102455880467e-05 4.050712837753865e-05 4.517074459207044e-05 4.859391781782176e-05 0.0 0.0 0.0 0.0 0.0 0.0 0.0 0.0 0.0 0.0 0.0 0.0 0.0 0.0 0.0 0.0 0.0 0.0 0.0 0.0 0.0 0.0 2.3013188749365663e-05 2.7778225608332344e-05 3.133845679294646e-05 3.125536856373775e-05 3.6574320115064175e-05 4.042404014832994e-05 3.98129458767914e-05 4.374575413926587e-05 4.789283104660218e-05 4.788287657584391e-05 5.2641047754718765e-05 0.0 0.0 0.0 0.0 0.0 0.0 0.0 0.0 0.0 0.0 0.0 0.0 0.0 0.0 0.0 0.0 0.0 0.0 0.0 0.0 0.0 0.0 2.869790391516491e-05 2.4134971203075528e-05 3.1928299173766086e-05 3.525001316470202e-05 3.2419430424652e-05 4.030407712767731e-05 4.5052293835793894e-05 4.474965148036498e-05 5.232845092853157e-05 5.717096729847136e-05 6.100474342620807e-05 0.0 0.0 0.0 0.0 0.0 0.0 0.0 0.0 0.0 0.0 0.0 0.0 0.0 0.0 0.0 0.0 0.0 0.0 0.0 0.0 0.0 1.511959969548506e-05 2.5501309379230973e-05 3.055537334220627e-05 2.7716694938969987e-05 3.463481598439101e-05 4.19109730771287e-05 3.7706075158558096e-05 4.782091065453207e-05 5.679984550763748e-05 5.074442697461618e-05 6.39282597462922e-05 6.525145726301999e-05 0.0 0.0 0.0 0.0 0.0 0.0 0.0 0.0 0.0 0.0 0.0 0.0 0.0 0.0 0.0 0.0 0.0 0.0 0.0 1.5042452726405722e-05 1.5062874444018869e-05 1.5041683626551181e-05 2.6201050136954672e-05 3.088997285718439e-05 3.679991043458776e-05 3.571196665780171e-05 4.252806895917542e-05 4.965648319783014e-05 4.8710024046528555e-05 5.692638206196932e-05 6.394192340210806e-05 6.376290110483131e-05 7.172490159627163e-05 0.0 0.0 0.0 0.0 0.0 0.0 0.0 0.0 0.0 0.0 0.0 0.0 0.0 0.0 0.0 0.0 0.0 1.5016760143707543e-05 1.5034028940039462e-05 1.5024874844512827e-05 1.5049798327356466e-05 1.5199995684416265e-05 3.536041268318813e-05 3.499511919388376e-05 4.107483169308501e-05 4.834473055722418e-05 4.809946907164268e-05 5.5734661425086236e-05 6.351763961924981e-05 6.346487436049563e-05 7.149311404024071e-05 7.880767439074326e-05 7.880767439074326e-05 0.0 0.0 0.0 0.0 0.0 0.0 0.0 0.0 0.0 0.0 0.0
    </DataArray>
    <DataArray type="Float32" Name="Electric Field [Vm^-1]" NumberOfComponents="3" format="ascii">
405857787.6218573 -1635409134.7036166 0.0 4397164.823054047 -23328176.5368368 0.0 3318306.497428793 -19488344.08336835 0.0 2439210.4926349297 -16629198.34566422 0.0 1923719.0800328434 -14996538.180729251 0.0 1596804.9014354933 -14166500.791627876 0.0 1324252.1209769282 -14051034.495006934 0.0 890262.7482452587 -15202221.140394494 0.0 -407769.7992312725 -20473424.862967107 0.0 -3635627.4371528937 -37679426.30513261 0.0 408264960.7095255 1171283934.0234978 0.0 8774853.676171102 -1429658513.0898623 0.0 6885367.71600989 -24049679.747792255 0.0 5200110.8078753585 -20116185.658268943 0.0 4056547.5197416604 -16999251.917476036 0.0 3376487.738966147 -15222159.132609598 0.0 2946713.482253062 -14335369.32164092 0.0 2618688.7307449463 -14250152.866665708 0.0 2231054.778569551 -15624718.289928498 0.0 1503330.1033654525 -21666120.40505177 0.0 298667.3206982219 -40210873.80242037 0.0 -2088825.646723384 1368860551.6207135 0.0 13728711.147765415 -1423999009.128377 0.0 11809055.602215234 -26242591.590519544 0.0 9486311.92464677 -22035167.39313216 0.0 7722037.187127217 -18210192.074169356 0.0 6525805.169054763 -15988037.561029615 0.0 5678385.456486687 -14883866.249386758 0.0 4933086.227977445 -14792191.424378887 0.0 3945067.270885339 -16493558.933056526 0.0 2191106.647223993 -23269286.477254562 0.0 -94588.34680509068 -41405657.79613973 0.0 -2209873.894570366 1368989108.6358564 0.0 14516405.192699326 -1417294443.3452425 0.0 13294021.6961806 -28144060.127274483 0.0 11905849.7920112 -24009646.239641916 0.0 10403939.885179404 -19773629.47729389 0.0 9060792.782727921 -17152806.53934819 0.0 7835169.400764339 -15877035.12853156 0.0 6474957.131180794 -15945416.618762434 0.0 4515083.846238443 -18343766.768535316 0.0 1505731.9239725205 -26095450.314653862 0.0 -1286705.7138986038 -42656676.36725777 0.0 -2417119.8395047463 1369695006.24434 0.0 12044015.358618481 -1411207370.0170321 0.0 11655014.094235806 -28438449.68636148 0.0 11430218.494163817 -24968996.995926697 0.0 10443231.869107122 -21074948.7196279 0.0 9187181.24918505 -18493135.449115116 0.0 7682270.292382552 -17388587.261320982 0.0 5634188.650528893 -18003723.85579731 0.0 2672826.3238909873 -21406401.432219815 0.0 -966096.0694010148 -29608064.088231128 0.0 -2919612.8990073293 -42967893.31055077 0.0 -2610114.59628624 1371228416.6231916 0.0 9536323.929274328 -1406270481.2789397 0.0 8998780.456407283 -28045372.918646432 0.0 8746454.114664624 -25503426.389422435 0.0 7603260.799033783 -22220527.42721254 0.0 5992480.730573398 -19973525.652756054 0.0 3998825.5628181077 -19368417.7260754 0.0 1460222.0873575776 -20773531.131241996 0.0 -1590218.2622706816 -24869841.8960893 0.0 -4221871.037335288 -32237700.5394766 0.0 -4179034.5787309785 -41519039.043211624 0.0 -2699190.9522772483 1373445832.9803846 0.0 8263972.164211837 -1402322524.9733984 0.0 6951058.138437767 -28200455.204302013 0.0 6015597.170561325 -26571778.853197843 0.0 4194187.454149568 -24005161.326691616 0.0 1839177.0879138103 -22129389.671599038 0.0 -726855.486821054 -21816993.54530376 0.0 -3308171.3748517865 -23469654.991409704 0.0 -5500091.520538041 -27256855.29943437 0.0 -6358888.435593177 -32821598.607576586 0.0 -4584270.3060713895 -38519949.003935054 0.0 -2683549.3932221727 1375930378.754897 0.0 7790301.570587037 -1399065421.0897398 0.0 5857997.882557473 -29076943.77000512 0.0 4409455.874028355 -28237168.02670324 0.0 2170002.342794797 -26406607.645641904 0.0 -596478.0225940517 -24864606.3920485 0.0 -3407624.693713365 -24488569.377495226 0.0 -5771327.941070381 -25665285.285441898 0.0 -7134035.590439515 -28325502.977597877 0.0 -6829698.89771834 -31849635.728272468 0.0 -4315393.080182362 -34893846.577101514 0.0 -2611165.0446279473 1378308864.4462936 0.0 7765088.136803095 -1396123301.6494505 0.0 5564675.687027618 -30383562.469404254 0.0 3902696.4165178034 -30184882.382484566 0.0 1590079.5188468208 -29005993.952539343 0.0 -1170338.393947923 -27725512.8242541 0.0 -3892421.175002157 -27074130.778062478 0.0 -6001969.300139295 -27411818.952166736 0.0 -6938381.004265633 -28655438.86666925 0.0 -6235532.936707142 -30275856.210880063 0.0 -3722793.072791109 -31381563.46226465 0.0 -2519081.596884268 1380388780.4993072 0.0 8095900.823411686 -1393137893.2699072 0.0 5915449.360037404 -31833833.163761407 0.0 4219648.540559894 -32173629.9780362 0.0 1992830.5662995104 -31527523.893404968 0.0 -587301.9199807436 -30441836.357886367 0.0 -3104683.9209461524 -29459609.633008372 0.0 -5025759.403825657 -28900701.24411584 0.0 -5838657.0885411445 -28756886.019978255 0.0 -5185317.7341242265 -28715111.39332292 0.0 -3033163.5512164077 -28343495.410891224 0.0 -2425571.534443483 1382107233.8957534 0.0 8895988.21614433 -1389757004.107623 0.0 6876387.825303081 -33298861.78994233 0.0 5131586.670029606 -34131121.00485511 0.0 2982229.411342077 -33891597.95009034 0.0 595329.9489555596 -32942837.088769585 0.0 -1723582.9256347392 -31658780.92087244 0.0 -3538575.9484943813 -30296054.2150327 0.0 -4406861.55209713 -28925273.657862663 0.0 -4011900.961246373 -27457689.326462727 0.0 -2347868.3469873588 -25899370.922800116 0.0 -2337145.7402068283 1383462922.9827497 0.0 10567676.254973063 -1385544616.587801 0.0 8546131.281614073 -34947552.04852992 0.0 6440356.106683693 -36174398.00330313 0.0 4231890.659206264 -36145220.68262116 0.0 1987444.714966923 -35250660.003133126 0.0 -165784.33722336337 -33717225.08038811 0.0 -1915801.0742506548 -31696007.412025806 0.0 -2909710.367865799 -29296223.969085354 0.0 -2843519.850145303 -26607728.013626523 0.0 -1697740.884743168 -24063826.083119877 0.0 -2255083.4631886478 1384475563.1193736 0.0 14666494.122669278 -1379649658.1501138 0.0 11212059.106946174 -37817299.16463164 0.0 7788984.18029505 -38595049.07283164 0.0 5400558.01512068 -38360126.55636341 0.0 3306912.1882044496 -37386914.97461541 0.0 1330494.6359722342 -35647094.17896217 0.0 -319895.7407999373 -33112599.102534536 0.0 -1439723.493225298 -29905738.02839134 0.0 -1734655.9656511466 -26198030.056187134 0.0 -1101010.990345042 -22816728.910240192 0.0 -2181309.8380288747 1385170810.672474 0.0 15298577.523693714 -1373791171.402985 0.0 10623930.615100639 -42619371.35158747 0.0 7849758.138276431 -41307785.71632982 0.0 5897759.345366351 -40409777.04876808 0.0 4258479.124477078 -39258386.6096485 0.0 2730577.301527644 -37340651.420870796 0.0 1258281.7818874689 -34520603.37857025 0.0 -12580.878438415732 -30779772.801939588 0.0 -734969.6268719201 -26252239.571533866 0.0 -564408.9058030593 -22101079.31590729 0.0 -2113389.266603123 1385577841.2174892 0.0 10658089.230426736 -1370032660.4513075 0.0 8162221.4278820865 -45013604.70040085 0.0 6771342.811929476 -43099693.989202216 0.0 5593721.1247264985 -41820701.43890066 0.0 4562765.8216079185 -40521727.42622397 0.0 3527615.184867601 -38652023.49518555 0.0 2360014.0477353893 -35889764.629732125 0.0 1258006.9939387438 -31890179.023722023 0.0 478671.1579090041 -26666836.161309805 0.0 102280.07279750078 -21927125.40155058 0.0 -2029000.1338414683 1385696027.327622 0.0 7135858.000271084 -1367169262.079259 0.0 5713270.026323771 -45692357.29643908 0.0 5334033.666277711 -43956805.40841386 0.0 4763209.653119713 -42648238.03850971 0.0 4140850.0373032987 -41328276.80445475 0.0 3465793.912683867 -39533950.19969897 0.0 2716519.676050578 -36799479.55972022 0.0 1947758.939658482 -32716728.346786495 0.0 1165972.7459940019 -27394176.513971057 0.0 402827.0313505815 -22425670.30292339 0.0 -2011355.6833090656 1385541325.6694863 0.0 4981402.413459313 -1365079663.8443074 0.0 3922647.4409901947 -45472084.054125644 0.0 4045005.552230146 -44199087.768628746 0.0 3849530.4330929453 -43073084.629145116 0.0 3493140.092255048 -41847399.06080295 0.0 3023906.688674252 -40145686.30789717 0.0 2448051.6632315884 -37487658.48541639 0.0 1783631.0156015863 -33450138.355546035 0.0 1074882.49328719 -28162829.635382216 0.0 435652.4347137171 -22969434.347312987 0.0 -2012399.763491328 1385333303.7462623 0.0 3913028.732686121 -1363515648.4908626 0.0 2791444.678988403 -44996530.98825591 0.0 3067572.950610391 -44145056.48856786 0.0 3059447.142317984 -43255234.98109196 0.0 2868635.5972180027 -42177894.28539822 0.0 2541075.6463850606 -40598425.30778068 0.0 2091260.5350467104 -38050564.17915535 0.0 1538354.176387484 -34090942.09578875 0.0 940237.9653016813 -28801053.141891215 0.0 404535.6401403681 -23463097.191855986 0.0 -2016975.1744166699 1385131854.0287151 0.0 3400631.5548490905 -1362321195.7581341 0.0 2100809.758996013 -44551813.28143856 0.0 2375053.2839164073 -43992351.621661596 0.0 2439787.322058123 -43309977.29753989 0.0 2343825.8791024243 -42385008.40013755 0.0 2115816.44962672 -40934342.91888182 0.0 1768221.4661459117 -38502144.71533629 0.0 1318939.8111253504 -34623902.97017274 0.0 820464.5938367778 -29333675.357274354 0.0 362919.79820756963 -23899035.726399537 0.0 -2022134.2711433163 1384948306.8854125 0.0 3126395.100614138 -1361382647.7192044 0.0 1669097.0553672248 -44204965.805442825 0.0 1891403.0775692419 -43832053.907385156 0.0 1970885.8180920735 -43307966.520610705 0.0 1924002.332718838 -42515377.35850771 0.0 1763067.3313152646 -41183629.9268008 0.0 1494143.847344475 -38860634.8044324 0.0 1130277.1853735056 -35062322.49095707 0.0 714254.2943166511 -29782862.208439097 0.0 321121.0468996298 -24281182.91886541 0.0 -2027216.5683068137 1384784458.5548284 0.0 2960706.8352427017 -1360616328.257766 0.0 1384205.782134104 -43955385.88588324 0.0 1548824.1407289847 -43697975.62552081 0.0 1618604.2647476902 -43287341.58986736 0.0 1593979.6889886688 -42600817.52960073 0.0 1476387.311779516 -41371287.10442311 0.0 1265636.411106829 -39146253.48037358 0.0 969096.276122518 -35423862.46492288 0.0 620183.5216932943 -30163754.956957147 0.0 281859.301808629 -24614575.118805237 0.0 -2031954.4695724885 1384639843.5171115 0.0 2844708.4627851476 -1359970783.8016515 0.0 1183462.1511496163 -43782481.09186841 0.0 1299107.355717203 -43597122.684660815 0.0 1351762.6442292007 -43266024.62789376 0.0 1335267.799304153 -42661290.85503586 0.0 1245078.7733522814 -41516313.374198094 0.0 1076575.910864519 -39376526.93366204 0.0 832328.8023984184 -35724143.31294275 0.0 537859.2566410139 -30488075.764491227 0.0 246309.54397852704 -24904536.993916843 0.0 -2036219.2691128796 1384513052.3474166 0.0 2754123.8009522352 -1359413832.2245173 0.0 1032600.9143540319 -43665923.225698866 0.0 1110580.9130913494 -43526380.03423693 0.0 1146163.1232854181 -43250951.70979832 0.0 1131189.5269230388 -42708372.27444165 0.0 1058399.6447734984 -41632040.962905414 0.0 920610.5156589468 -39565110.39378467 0.0 716942.5576568102 -35975804.60073794 0.0 466705.10739948874 -30765420.384455428 0.0 214905.52587433098 -25156456.1331076 0.0 -2039972.9483026697 1384402238.8380332 0.0 2677304.1516119824 -1358925660.8168669 0.0 912437.2592159194 -43589389.88855456 0.0 962954.9916267393 -43479704.88716841 0.0 984301.1021984903 -43243663.50140075 0.0 968320.4468388688 -42748297.76721502 0.0 906939.0014712038 -41727350.837115325 0.0 791824.2564944918 -39722114.25125796 0.0 619892.9270281297 -36188732.85379762 0.0 405739.4272696798 -31003731.4029972 0.0 187593.91878969833 -25375484.43333922 0.0 -2043232.7518459884 1384305448.1760244 0.0 2607294.136513389 -1358494073.623502 0.0 811508.3070712197 -43540230.4718879 0.0 843307.5801896913 -43450871.571838245 0.0 853947.7574353588 -43243333.33514402 0.0 836446.568311451 -42784171.49627568 0.0 782992.490023731 -41807992.36020588 0.0 685038.5185127031 -39854840.51934872 0.0 538254.0790642699 -36370550.964320496 0.0 353729.0835374791 -31209545.44812635 0.0 164045.74557987714 -25566304.45978322 0.0 -2046044.4822074992 1384220812.67441 0.0 704804.6998795846 -923985351.3703462 0.0 731493.1205422895 -43516899.65511211 0.0 746122.2800821228 -43433956.925757594 0.0 743241.9032037759 -43223139.37690047 0.0 716618.7628438651 -42737673.48175791 0.0 658556.0982466837 -41683703.66685398 0.0 561030.5731453821 -39564142.27378806 0.0 422054.33578379627 -35816387.98174024 0.0 256373.1694854945 -30405590.598621864 0.0 95343.9678959002 -24835039.079018503 0.0 0.0 1854121736.9290597 0.0 -1380576.9884781244 -1357919082.1812186 0.0 647786.795639483 -43491838.40031386 0.0 657995.0475781885 -43430087.52089556 0.0 656389.6218964037 -43261404.38842375 0.0 638023.9787904798 -42854335.720381126 0.0 596492.6326320099 -41946542.52720705 0.0 524033.5793346742 -40076367.61224908 0.0 415285.1846652729 -36671007.80712594 0.0 276315.656227934 -31545641.654653817 0.0 130843.78315197992 -25873302.15489805 0.0 2081792.5528304565 1384113119.0590618 0.0 -1431906.5301938262 -1357598956.3985236 0.0 581719.5602056353 -43481265.06498286 0.0 585678.1022885449 -43428050.27928882 0.0 580307.2745789164 -43271924.69820118 0.0 561538.4218611809 -42882589.13188616 0.0 523767.29795788805 -41999413.88793894 0.0 459930.53436732513 -40160994.85515116 0.0 364807.2716176982 -36788534.39353601 0.0 243090.90409441185 -31682064.113087304 0.0 115238.93563281241 -26002513.499991637 0.0 2079890.5141075219 1384051977.0549083 0.0 -1479398.2003909927 -1357311086.033363 0.0 522377.9664206821 -43476416.291616604 0.0 522324.51739114505 -43430123.677135445 0.0 514660.2634763501 -43284082.42366877 0.0 496058.19365661027 -42909218.804541424 0.0 461658.25570460147 -42046629.83660163 0.0 405115.20428237546 -40235377.57552462 0.0 321490.79649612284 -36891596.68308158 0.0 214459.7745364917 -31801968.549766 0.0 101751.38571910554 -26116389.1534544 0.0 2078248.9081564373 1383998051.8320167 0.0 -1523187.2123524863 -1357052350.3546228 0.0 468838.4119911932 -43475203.90752111 0.0 466309.16829592804 -43434731.374816686 0.0 457403.3678145755 -43296988.277682856 0.0 439399.2114969361 -42934128.62348064 0.0 408097.4817741149 -42088930.242106415 0.0 357843.1230616965 -40301053.29110532 0.0 284052.6311084777 -36982335.05972563 0.0 189639.68251977998 -31907686.331399646 0.0 90034.64496154581 -26216999.84638434 0.0 2076825.4127039816 1383950382.0701783 0.0 -1563409.9711887157 -1356820004.936248 0.0 420429.9241931093 -43476232.67949914 0.0 416463.675283419 -43440780.502171546 0.0 407045.2978648917 -43310007.14564798 0.0 389937.78091678297 -42957248.40112166 0.0 361515.44536128093 -42126877.661848255 0.0 316760.84471493313 -40359222.80033031 0.0 251474.37522598865 -37062463.05271185 0.0 167995.21106236693 -32001125.400503792 0.0 79801.82377798013 -26306069.285211757 0.0 2075584.5473520597 1383908161.5429611 0.0 -1600228.983238319 -1356611585.5311346 0.0 376625.003778885 -43478579.609514475 0.0 371912.661795204 -43447530.39536293 0.0 362470.3411521633 -43322706.75535416 0.0 346446.68800115853 -42978550.97748518 0.0 320707.7594986062 -42160924.37420055 0.0 280812.82508851687 -40410848.099145345 0.0 222948.02308519807 -37133373.579971574 0.0 149013.62116798642 -32083862.125369105 0.0 70818.26489224807 -26385039.86952565 0.0 2074497.1093561468 1383870712.4145143 0.0 -1633835.3014987255 -1356424857.9288628 0.0 336977.5080273002 -43481640.10645214 0.0 331970.47622790333 -43454491.27013757 0.0 322819.53301677003 -43334808.70144174 0.0 307980.34556511545 -42998051.90316483 0.0 284738.4165470219 -42191451.449291766 0.0 249168.94535065113 -40456717.55594108 0.0 197829.7522891011 -37196215.60373507 0.0 132281.1278252614 -32157211.879198816 0.0 62892.78880077769 -26455126.683947798 0.0 2073539.2494284287 1383837462.0444598 0.0 -1664442.1771137486 -1356257790.1181178 0.0 301091.57446572947 -43485023.23413097 0.0 296078.26409078075 -43461348.37679633 0.0 287412.077368262 -43346146.713941656 0.0 273794.51430942136 -43015801.42831792 0.0 252868.85553981803 -42218790.81203578 0.0 221169.06328028787 -40497490.23816122 0.0 175602.47400993863 -37251949.628050424 0.0 117462.17816210924 -32222282.82859382 0.0 55869.32946072048 -26517360.69159368 0.0 2072691.5125545387 1383807923.7478986 0.0 -1692276.325853403 -1356108534.9675999 0.0 268606.29109526443 -43488480.57210005 0.0 263765.37060479826 -43467907.10794491 0.0 255693.377471948 -43356633.589065455 0.0 243290.44708937174 -43031874.78172584 0.0 224505.99319439885 -42243237.47068476 0.0 196280.89539413995 -40533726.02873488 0.0 155846.3505659786 -37301388.00753921 0.0 104282.35171494637 -32280016.782228388 0.0 49619.647067069025 -26572622.720948987 0.0 2071937.9522033867 1383781681.301635 0.0 -1717569.694823642 -1355975417.5670373 0.0 239188.27774565667 -43491858.10253566 0.0 234625.35762602492 -43474054.05481547 0.0 227200.4913106452 -43366236.13459924 0.0 215976.12278983748 -43046363.114394166 0.0 199164.9394465478 -42265056.43656703 0.0 174068.73849156674 -40565906.316543475 0.0 138216.15735154066 -37345224.415028274 0.0 92514.79226935038 -32331220.21611132 0.0 44037.37453395423 -26621670.002987675 0.0 2071265.3887565206 1383758376.6663172 0.0 -1740552.808447582 -1355856924.4466922 0.0 212528.0867173971 -43495063.818696514 0.0 208300.78596151303 -43479729.76522247 0.0 201538.93245666727 -43374956.7656313 0.0 191439.25658221802 -43059366.01134189 0.0 176442.27422591735 -42284486.77051628 0.0 154170.42507004092 -40594448.54032627 0.0 122424.16234708583 -37384055.62118005 0.0 81969.69454821084 -32376587.9386739 0.0 39033.31066390649 -26665156.85735019 0.0 2070662.8146708668 1383737700.3185372 0.0 -1761449.91096502 -1355751693.4743154 0.0 188338.30006836614 -43498046.02052661 0.0 184473.24933990344 -43484909.90162791 0.0 178366.84051397623 -43382820.30076091 0.0 169328.36000166347 -43070985.73741543 0.0 155996.8411759536 -42301744.132459134 0.0 136280.3876981447 -40619716.68705987 0.0 108227.27894365904 -37418397.8210276 0.0 72486.26557759696 -32416721.282964714 0.0 34531.76820678165 -26703650.86814078 0.0 2070120.928807863 1383719383.640917 0.0 -1780475.74573383 -1355658504.0163918 0.0 166352.25700594985 -43500778.841602996 0.0 162856.55448094418 -43489592.33778643 0.0 157383.93997438662 -43389864.67516454 0.0 149339.2811013908 -43081323.052802846 0.0 137535.847334558 -42317022.580602005 0.0 120137.18292275004 -40642029.09440782 0.0 95417.44257818128 -37448699.073037416 0.0 63926.61442827934 -32452142.237893537 0.0 30467.76832599364 -26737645.61674616 0.0 2069631.777027734 1383703192.9079807 0.0 -1797833.6784622364 -1355576267.3172743 0.0 146322.9115264963 -43503252.64642015 0.0 143191.7921966829 -43493788.4020229 0.0 138323.62062632295 -43396134.52629671 0.0 131205.4715991145 -43090474.318028726 0.0 120804.68808650413 -42330496.0063029 0.0 105514.23485760736 -40661664.424079634 0.0 83814.37605969612 -37475348.9403801 0.0 56171.10583960645 -32483304.556946058 0.0 26784.890792997187 -26767570.793961555 0.0 2069188.4764531287 1383688924.4994948 0.0 -1813714.8219324236 -1355504017.1619914 0.0 128021.71756010014 -43505467.72468574 0.0 125243.5589203537 -43497516.98544164 0.0 120947.06820947358 -43401676.84445035 0.0 114690.79345505194 -43098529.59698854 0.0 105579.38098354392 -42342319.391577624 0.0 92212.88722127774 -40678866.3636805 0.0 73260.10370994722 -37498686.09086474 0.0 49114.80544056621 -32510602.599460237 0.0 23433.62033424676 -26793800.31097509 0.0 2068785.003674124 1383676401.0573428 0.0 -1828298.0016062686 -1355440900.9459324 0.0 111237.24606848515 -43507430.09362959 0.0 108796.9715753984 -43500800.721355766 0.0 105038.76140993502 -43406538.08573331 0.0 99584.06304621957 -43105571.50158997 0.0 91660.82604228382 -42352629.9704492 0.0 80057.10385872114 -40693847.41667929 0.0 63614.736163230904 -37519004.38053621 0.0 42664.72974112635 -32534378.44995319 0.0 20370.062554116525 -26816658.869003274 0.0 2068416.0308933407 1383665468.3715887 0.0 -1841750.1668239383 -1355386171.4433417 0.0 95773.6868305033 -43509148.69183222 0.0 93655.07258263408 -43503663.37678081 0.0 90402.88186024381 -43410762.346109755 0.0 85694.78570918992 -43111674.573147096 0.0 78870.34602166153 -42361548.321235456 0.0 68889.34555049338 -40706792.013609536 0.0 54753.175118493564 -37536557.78570894 0.0 36737.68545336655 -32554927.70795101 0.0 17554.93257732342 -26836427.325832214 0.0 2068076.7975790761 1383655992.8362596 0.0 -1854227.2197737303 -1355339179.169274 0.0 81449.24826719865 -43510633.610051945 0.0 79636.29907731466 -43506128.12347927 0.0 76860.26572700767 -43414390.26429079 0.0 72849.69885723297 -43116905.019705184 0.0 67046.12657559665 -42369179.38467444 0.0 58567.288309108204 -40717859.095123194 0.0 46562.4844576678 -37551564.43833549 0.0 31258.539049172166 -32572504.231018294 0.0 14952.74373125558 -26853347.106827714 0.0 2067763.0081639376 1383647859.357379 0.0 -1865875.0458057222 -1355299365.5528097 0.0 68094.57392497867 -43511895.1091796 0.0 66572.31736079027 -43508216.47766873 0.0 64245.74995339583 -43417458.17268312 0.0 60889.89952229475 -43121320.63510035 0.0 56040.30350941846 -42375613.390251815 0.0 48961.1490997989 -40727184.26725756 0.0 38939.74451096821 -37564209.945366226 0.0 26158.798399120627 -32587324.03485645 0.0 12531.142554058863 -26867623.84117427 0.0 2067470.7487785302 1383640969.6269996 0.0 -1876830.7123417563 -1355266256.8974936 0.0 55551.0706148893 -43512942.843022004 0.0 54306.27653218982 -43509947.66389644 0.0 52406.05572409681 -43419997.694216676 0.0 49668.44527848316 -43124970.8884446 0.0 45716.52753049072 -42380926.69959093 0.0 39951.45489543526 -40734881.603297114 0.0 31790.264198360357 -37574650.12122599 0.0 21375.433165883074 -32599568.501036543 0.0 10260.353805690009 -26879430.3547282 0.0 2067196.4178717171 1383635240.7001026 0.0 -1887223.543654824 -1355239459.023548 0.0 43669.81283199045 -43513785.507857196 0.0 42691.043325488776 -43511338.12291868 0.0 41197.79444949505 -43422035.57473695 0.0 39048.23931066943 -43127897.11236272 0.0 35947.860958007484 -42385182.55963481 0.0 31427.129708604 -40741045.1402153 0.0 25026.047946349892 -37583013.21918192 0.0 16849.863957226284 -32609386.997316502 0.0 8112.708084653067 -26888909.124650728 0.0 2066936.6681171525 1383630603.8246787 0.0 -1897176.621001719 -1355218652.3738384 0.0 32309.8161555952 -43514430.42668659 0.0 31587.573075142234 -43512401.665642135 0.0 30485.615724940337 -43423593.71124505 0.0 28900.114744097158 -43130132.73608875 0.0 26614.90939009867 -42388431.75245616 0.0 23283.811538874543 -40745750.102106884 0.0 18564.45087977468 -37589401.73503786 0.0 12527.068830590759 -32616898.988963112 0.0 6062.22215321336 -26896174.26021004 0.0 2066688.354778068 1383627003.4926436 0.0 -1906808.148560412 -1355203588.620059 0.0 21335.6143607398 -43514883.176198915 0.0 20862.805688079956 -43513149.28642719 0.0 20140.35497221848 -43424689.12340447 0.0 19101.048548129707 -43131703.477655955 0.0 17604.122078793094 -42390713.12068105 0.0 15422.336341498774 -40749053.86894777 0.0 12326.972293029234 -37593893.82684794 0.0 8354.784916341343 -32622195.701337256 0.0 4084.2241559316694 -26901313.063221045 0.0 2066448.4897407438 1383624396.6867146 0.0 -1916232.594964534 -1355194088.0961502 0.0 10616.044550272332 -43515147.68867728 0.0 10388.053567178551 -43513588.733208716 0.0 10037.379750807353 -43425333.866254814 0.0 9532.519683885082 -43132627.48067861 0.0 8806.227492161097 -42392053.966604896 0.0 7747.346081945779 -40750996.70831849 0.0 6238.149036830767 -37596544.3842419 0.0 4282.776646327229 -32625341.374209337 0.0 2155.0107196522235 -26904387.208059464 0.0 2066214.1996415465 1383622752.3041296 0.0 -375065144.2192651 -1544222335.6385381 0.0 8441.57835062358 -43513672.45811504 0.0 1641.2367203112801 -43515525.27462886 0.0 -16594.032147944687 -43436380.03060014 0.0 -57166.57826734563 -43163940.94549986 0.0 -145118.00029032148 -42467321.065246455 0.0 -315262.20531816053 -40911303.55184171 0.0 -578711.9911124628 -37888479.311184525 0.0 -836014.8560149384 -33045649.8187087 0.0 -795002.373640054 -27303650.705067042 0.0 -404048999.1427756 1188029083.8153584 0.0
    </DataArray>
    <DataArray type="Float32" Name="Electron Current Density [Am^-2]" NumberOfComponents="3" format="ascii">
-4035509528.2964563 -263344800137.34384 0.0 -18095538497.1741 -249390843689.136 0.0 -17736852847.73467 -229187502645.32895 0.0 -14505404343.827057 -208884348750.85544 0.0 -11336428585.779703 -191714695668.77304 0.0 -8917565960.818878 -177815109166.6754 0.0 -7260349809.590602 -166439352227.9622 0.0 -6258783365.628364 -156610974892.23563 0.0 -5775442275.752787 -147398637895.88773 0.0 -5287317930.499006 -138883995645.84433 0.0 -2950338980.8118844 -133083234936.0714 0.0 -939100655.7969395 -200341026901.166 0.0 -17948365305.533714 -184541514070.86542 0.0 -21156780909.97953 -177514759424.42056 0.0 -19176217936.446117 -169045717809.44046 0.0 -16132161327.46826 -160656355556.23718 0.0 -13422127192.615799 -152869209012.2699 0.0 -11492486702.818453 -145704225105.852 0.0 -10497716012.871641 -138815633152.33435 0.0 -10300545722.65344 -131700748384.27339 0.0 -9023589008.792128 -124724920591.65686 0.0 -4073480600.7450867 -116015371377.62848 0.0 1248283864.4364269 -91053027764.43655 0.0 -11019525620.945156 -84992099988.79164 0.0 -16938257882.031105 -92532102734.75029 0.0 -18061554225.585976 -98377016945.56581 0.0 -17088118302.174715 -101745936983.20929 0.0 -15608645522.127266 -102983433284.56339 0.0 -14515224894.117664 -102612413052.2947 0.0 -14333327119.886864 -100940352068.71497 0.0 -14894397676.461473 -98090837309.20728 0.0 -12912129089.580702 -94804248165.55923 0.0 -4530708376.812453 -86444056911.94078 0.0 1322672636.619744 -29541878484.53362 0.0 -2994176611.6647515 -28038063411.152294 0.0 -7072510022.17038 -34871209917.97551 0.0 -9682159922.831497 -42587104538.19108 0.0 -11035517262.814936 -49415883776.94886 0.0 -11756842249.552982 -54636701744.08752 0.0 -12478371160.475306 -58194702917.34159 0.0 -13710177978.798891 -60317273616.51062 0.0 -14982474901.579975 -61395925703.93169 0.0 -12748144980.020275 -62208461999.86147 0.0 -3631551821.871671 -56400353794.266785 0.0 572258822.8086149 -9656388667.917456 0.0 -299464260.8115452 -9055513582.459229 0.0 -1914447345.3423069 -11288723019.641073 0.0 -3652738612.0160503 -14715576421.656137 0.0 -5233745727.519182 -18727455530.37738 0.0 -6779617426.687648 -22755360535.863914 0.0 -8492619829.351356 -26447994071.750736 0.0 -10444006766.30354 -29814294957.074688 0.0 -11753364670.840096 -33143798285.810684 0.0 -9749511861.388983 -36518503109.92149 0.0 -2331609419.725505 -33502092719.661465 0.0 163603080.51784557 -4034430944.1459837 0.0 -51969070.41742707 -3764047182.924537 0.0 -692484449.2830808 -4278731563.995711 0.0 -1632152413.9894452 -5300174390.058673 0.0 -2698886888.6266246 -6739511292.04363 0.0 -3945638722.1504555 -8552397172.5511055 0.0 -5420007359.17423 -10799959813.366352 0.0 -6935207641.439292 -13629111081.763496 0.0 -7693304253.295792 -17065714380.995064 0.0 -6199195567.557634 -20522060053.30511 0.0 -1297748078.0328836 -19214097948.49051 0.0 46069876.085467055 -2171155532.3310637 0.0 -84558824.74865398 -2048459816.500825 0.0 -445015767.0276377 -2208826056.7881308 0.0 -1087165468.3860762 -2623203489.364453 0.0 -1888701119.2470744 -3298420481.4207463 0.0 -2781489395.7879734 -4245062373.6103787 0.0 -3706229730.9694204 -5567917633.909151 0.0 -4476881743.08085 -7393654720.547217 0.0 -4682269592.921807 -9673983098.177832 0.0 -3617065291.398906 -11941387981.164185 0.0 -695488091.2711345 -11325278532.052727 0.0 14555096.219793882 -1366466948.9813087 0.0 -78621185.49179082 -1311601063.1646655 0.0 -293100748.19831204 -1397876191.070099 0.0 -723010258.4884793 -1651089437.7807562 0.0 -1321148627.7830756 -2118877375.132411 0.0 -1981222969.3351173 -2800242278.050841 0.0 -2576550227.7200775 -3704547382.096852 0.0 -2952995100.9878435 -4846418725.06618 0.0 -2909978876.216359 -6169303557.463517 0.0 -2130149570.7962437 -7433239895.571556 0.0 -392180412.7907274 -7066918450.870313 0.0 5452968.35969711 -933468911.2037812 0.0 -59456339.66029983 -906075051.3184114 0.0 -182211726.55314857 -961590931.4351885 0.0 -443788967.4108031 -1125516870.4160595 0.0 -847037445.8915445 -1455724837.3301706 0.0 -1323550381.1888301 -1963773345.8192117 0.0 -1751401087.8140423 -2622920706.993213 0.0 -1990928816.9025726 -3386846726.512056 0.0 -1906160882.3440516 -4185553304.4125175 0.0 -1336086658.3899245 -4887629879.38936 0.0 -242845923.21758404 -4629455497.773285 0.0 2949175.6756125744 -660392207.5917863 0.0 -41690581.0587772 -643026301.0027376 0.0 -109764361.15635711 -677953489.8140298 0.0 -258231064.570415 -778136294.85931 0.0 -507492285.22118664 -991890818.056554 0.0 -832653211.1750637 -1343373667.57741 0.0 -1150788469.343279 -1813479207.546117 0.0 -1344736980.0565987 -2346495642.285539 0.0 -1297062951.736415 -2868960334.459712 0.0 -894201742.2946603 -3292159206.5433693 0.0 -162081930.30385366 -3102581310.2378635 0.0 2371078.1779219517 -466697785.77630407 0.0 -29117967.34916748 -452612159.74937 0.0 -66113499.492051184 -472955530.77094907 0.0 -145939748.719463 -530341682.381861 0.0 -289363866.170791 -657874801.67931 0.0 -497238170.21299773 -881773211.9150279 0.0 -727456474.5119572 -1199544026.3898695 0.0 -894792570.3308817 -1571494938.2698321 0.0 -893355142.9696999 -1934517174.546978 0.0 -620758102.9877409 -2216698960.733564 0.0 -112118362.89366943 -2080229981.1918807 0.0 2124417.357985606 -317311345.82992923 0.0 -21776014.420771148 -304661891.56454355 0.0 -41388839.87488831 -315723975.93470263 0.0 -81842002.13262959 -347584195.20743793 0.0 -159413069.8413411 -419688735.656879 0.0 -284154239.0581562 -553213700.612645 0.0 -441249579.93284327 -757141538.6342548 0.0 -579232591.7850161 -1012475472.5373135 0.0 -609472164.2336029 -1270996330.6172297 0.0 -434751773.7045684 -1470847922.3968928 0.0 -78110018.38430116 -1375650765.1311574 0.0 1568448.7358134775 -197542038.72639966 0.0 -18404974.767689105 -186623793.73508206 0.0 -26751228.905164164 -194857412.26756418 0.0 -45562395.02965072 -214372662.19880763 0.0 -85650920.53461584 -255197225.17021364 0.0 -156375612.298098 -331825169.1190388 0.0 -253562860.06254816 -458378481.92309636 0.0 -360596295.7755829 -628376750.6420512 0.0 -406761841.22403467 -809162351.7563238 0.0 -300958246.1376362 -952803468.9681848 0.0 -53382511.435789935 -890069303.3605835 0.0 1025241.4355431024 -98069086.23458204 0.0 -8316334.708373331 -97632012.90598683 0.0 -12441812.18284803 -106434961.3016126 0.0 -20708260.795209084 -120373912.17637579 0.0 -40138124.322711125 -147085624.60098276 0.0 -78375506.16438647 -197373599.35008845 0.0 -139155134.9638763 -272652548.8532685 0.0 -218430536.3826727 -378614805.43134767 0.0 -267128067.3969039 -499577848.0082292 0.0 -199790924.7697006 -603137109.1751426 0.0 -34709004.716333106 -564769033.6975987 0.0 620401.9824070197 -61242457.5183669 0.0 -3086256.4741270174 -61140541.3904486 0.0 -4836617.168578457 -65545932.98337331 0.0 -7118483.482001099 -71725744.84280537 0.0 -13179727.315685416 -82042055.114965 0.0 -31879948.06744234 -103138830.80544274 0.0 -66566964.42578987 -145528349.49526566 0.0 -120655554.81103884 -217598045.33317107 0.0 -168024863.741077 -312366586.9247182 0.0 -137693627.0444281 -381856951.48078233 0.0 -25254564.527272567 -350981014.8468815 0.0 421532.4622845879 -45743845.23475763 0.0 -833181.3859327495 -45351918.320381336 0.0 -1742458.856244045 -47214549.02901804 0.0 -2899818.6508978256 -49835037.28842646 0.0 -5455974.6480708495 -53865317.628413275 0.0 -12312536.508745454 -62086148.63335791 0.0 -27376377.284923412 -79215724.28091851 0.0 -55606117.20826293 -111390775.35975595 0.0 -93390916.69634001 -163885529.94006318 0.0 -87581151.76157522 -218406265.11730346 0.0 -15128944.923087101 -203933572.71677375 0.0 289392.756802103 -38337343.75479051 0.0 -23302.160265872888 -37843255.2777296 0.0 -393373.3622548035 -38530779.648739606 0.0 -1033184.9427513607 -39645738.50151682 0.0 -2303742.432787787 -41399513.04590985 0.0 -5442578.0705452915 -44776978.28698725 0.0 -12964875.38920573 -51999901.12021429 0.0 -28667554.657325838 -67104840.98074127 0.0 -50429529.43620891 -94797906.26530512 0.0 -52092911.19782672 -127387341.56375986 0.0 -8633763.590562988 -119698524.27578767 0.0 200991.45593582696 -34170732.7161661 0.0 189811.07503590485 -33710036.581949845 0.0 117819.51688559847 -33898168.05941173 0.0 -183751.10086905822 -34320587.26026363 0.0 -830050.01050659 -35082211.43056189 0.0 -2370819.3506999826 -36563962.42620157 0.0 -6203031.735826326 -39794868.00844083 0.0 -14812077.305460222 -47011396.75204141 0.0 -27899289.484633867 -61049629.26846409 0.0 -31150158.784183692 -79128981.29395908 0.0 -4964696.705406069 -74472307.89051475 0.0 143666.12061080168 -31427124.093224768 0.0 197916.3416241629 -31049170.85669858 0.0 252683.34484229097 -31054727.05519966 0.0 145553.7084459339 -31169369.35156125 0.0 -172420.74150474882 -31463085.90664279 0.0 -968756.7150083033 -32100999.83353646 0.0 -3029560.871975954 -33558266.66516526 0.0 -7981502.058218095 -37004703.26208488 0.0 -16253211.358400164 -44127345.85142341 0.0 -19526791.505142916 -53963755.49652587 0.0 -2980656.9248517803 -50786430.70835684 0.0 106750.6214722291 -29425318.753188096 0.0 152278.18298117328 -29125117.44082669 0.0 242640.63574014735 -29077818.20577764 0.0 229843.7141678483 -29070780.80668799 0.0 81591.98060926303 -29152688.462948546 0.0 -352146.9227542655 -29404504.381124683 0.0 -1545748.028698547 -30052417.307795964 0.0 -4611719.677101573 -31710315.213700496 0.0 -10203213.349823082 -35390118.97923796 0.0 -13155859.997314775 -40814806.516558126 0.0 -1919636.1619265552 -38422337.896450244 0.0 82386.04435621429 -27858055.18568693 0.0 104844.39728396466 -27620903.496933836 0.0 191343.36921589568 -27569431.100738287 0.0 215954.39534747074 -27524931.702276718 0.0 152062.7777078793 -27520947.646251857 0.0 -98632.88162157682 -27601628.220496383 0.0 -850839.8373157266 -27880311.106278166 0.0 -2915556.6453079027 -28691628.329694163 0.0 -6982983.892508782 -30665263.56697385 0.0 -9591921.853737272 -33788412.33101644 0.0 -1343987.4778854852 -31854753.90736312 0.0 65404.985431776455 -26582993.783827465 0.0 66694.1823525262 -26391863.040227678 0.0 137040.7660745218 -26348017.120603777 0.0 171831.8482490194 -26299168.3277694 0.0 148024.9115562893 -26266913.709624223 0.0 -7175.658184408167 -26277003.463928986 0.0 -522715.6385467124 -26389931.82513453 0.0 -2027759.2562451723 -26800039.835738976 0.0 -5185893.593790301 -27924523.174866002 0.0 -7495491.119839094 -29852313.86573284 0.0 -1018505.115570422 -28217748.01400727 0.0 53894.76654066371 -25510499.40310468 0.0 38765.15030241263 -25353548.247607343 0.0 92020.93847199409 -25320533.641342737 0.0 125509.63954272249 -25279062.627860766 0.0 119605.16660181689 -25242949.578426685 0.0 16101.57733673727 -25228031.46134353 0.0 -364020.1044013978 -25269043.497081596 0.0 -1533221.2083553446 -25488207.802468687 0.0 -4109134.6728759245 -26183314.428751707 0.0 -6165772.005984224 -27480371.802051697 0.0 -821423.6900513459 -26062238.88008566 0.0 45364.50028248431 -24591284.59399608 0.0 19853.42314538044 -24460593.95063863 0.0 58554.9381754721 -24437348.50630661 0.0 86741.39795723149 -24405798.483747676 0.0 87979.93532475016 -24374721.325953837 0.0 13767.356279267615 -24354261.778156873 0.0 -282823.0305189091 -24365961.659762844 0.0 -1233251.1808729887 -24493317.6492613 0.0 -3404967.478605546 -24964183.34086591 0.0 -5245045.965592533 -25915051.945050266 0.0 -691104.4783854551 -24667114.504490033 0.0 38795.87865413659 -23795001.256186742 0.0 8079.627504867082 -23685137.28617157 0.0 35346.07496045865 -23669524.087097973 0.0 57449.45629339539 -23646909.776165374 0.0 60813.76263958142 -23622921.941841602 0.0 4158.859806901096 -23604293.624681666 0.0 -236722.41439348695 -23605395.25249783 0.0 -1032672.6585861059 -23687575.74604764 0.0 -2901751.1685283035 -24034850.71560416 0.0 -4552688.349477951 -24782842.50240845 0.0 -596724.6529452349 -23676500.909926604 0.0 78074.21318808886 -23036069.050468195 0.0 98197.04288904498 -23029789.593318276 0.0 116787.6129422405 -23018535.50660203 0.0 133020.62469151252 -23001514.98989421 0.0 133076.94308214643 -22982016.445301697 0.0 74188.97434039414 -22966279.74607293 0.0 -170714.5037030764 -22969326.59981175 0.0 -963904.3058542049 -23036212.828677077 0.0 -2714409.6813652194 -23271600.9976974 0.0 -3822613.477784524 -23731145.556361392 0.0 0.0 -23960594.054867104 0.0 25691.661136838058 -22375421.180244487 0.0 -12527.400821175434 -22452750.153559204 0.0 710.2701839966081 -22444605.365210894 0.0 13533.850220948461 -22431685.508886255 0.0 16972.092909492563 -22415834.797380928 0.0 -19087.819658145316 -22403614.394749958 0.0 -185869.35607587255 -22412298.585218836 0.0 -763505.1344362887 -22476229.841841523 0.0 -2184978.1877031736 -22631049.77956156 0.0 -3547033.8120172326 -22850415.33140979 0.0 -521441.2259600203 -24260966.012877803 0.0 22613.60379845726 -21858540.000732496 0.0 -13918.643974521889 -21926702.887413807 0.0 -4993.5216476937785 -21921185.965188608 0.0 4416.544538194933 -21912187.40899624 0.0 6911.096244065332 -21900825.75517649 0.0 -23600.89783589995 -21892184.644675717 0.0 -166740.2217850349 -21900573.13703955 0.0 -668851.59134647 -21954975.692650095 0.0 -1920733.1846656231 -22085217.510146547 0.0 -3142143.8285658997 -22267104.713514972 0.0 -460782.5029578117 -23510902.313951906 0.0 19959.223292932667 -21403117.18889487 0.0 -14202.141058025607 -21463265.59979054 0.0 -8283.107619429626 -21459556.5194442 0.0 -1433.4872950869787 -21453340.74758695 0.0 217.64954892014683 -21445283.41371481 0.0 -25986.016119163476 -21439401.593234282 0.0 -149766.73551742104 -21447721.422297955 0.0 -588316.7986776509 -21495085.733901944 0.0 -1693798.5818728146 -21607055.763162687 0.0 -2789031.333055822 -21761349.061275117 0.0 -408856.2500266172 -22863275.110458862 0.0 17648.12018333086 -21001454.420086037 0.0 -13812.293906686524 -21054562.13749119 0.0 -9962.295083141109 -21052079.54786161 0.0 -4998.8306556865555 -21047807.554335307 0.0 -4022.4512749019445 -21042130.23581563 0.0 -26739.946467334557 -21038275.67316864 0.0 -134330.4878361659 -21046456.209731203 0.0 -518579.23401118565 -21088175.12055693 0.0 -1496323.0064190382 -21185671.927953638 0.0 -2477919.324497404 -21318353.01465914 0.0 -363493.8489939285 -22296824.777301256 0.0 15621.914369981925 -20646976.23161639 0.0 -13040.213555749513 -20693882.753391344 0.0 -10599.35720242465 -20692225.49339761 0.0 -7008.756326338899 -20689297.02408847 0.0 -6536.069790460173 -20685309.09504047 0.0 -26348.163905771125 -20682894.739126272 0.0 -120199.81212950201 -20690794.21628947 0.0 -457593.7743185475 -20727743.274263646 0.0 -1323134.3432192123 -20813285.34316357 0.0 -2202213.671392351 -20928319.659553524 0.0 -323415.8445817001 -21797999.885104854 0.0 13836.360771742595 -20334011.393089756 0.0 -12074.434038990496 -20375446.88527454 0.0 -10584.347153503451 -20374342.46412159 0.0 -7985.563177672793 -20372336.594710767 0.0 -7869.232135110849 -20369536.64995152 0.0 -25210.18987719964 -20368118.89655102 0.0 -107281.9936975509 -20375610.71641062 0.0 -403964.0095397542 -20408414.817735013 0.0 -1170507.6945317083 -20483831.086531173 0.0 -1957037.600628867 -20584086.04673231 0.0 -287787.1557578 -21357233.275701407 0.0 12256.639872779848 -20057642.61846284 0.0 -11033.51464802001 -20094244.510780647 0.0 -10178.687108663456 -20093509.499430027 0.0 -8293.573517497867 -20092134.95686488 0.0 -8416.839654414345 -20090165.94754789 0.0 -23627.023025435934 -20089422.171831857 0.0 -95520.94491828993 -20096420.1682075 0.0 -356643.53409979865 -20125574.769069277 0.0 -1035559.3406785475 -20192293.226618793 0.0 -1738514.3320747584 -20279992.99575627 0.0 -256003.7543873556 -20967159.18805507 0.0 10854.478093057272 -19813594.88175861 0.0 -9989.490081758555 -19845920.275678124 0.0 -9554.119425711762 -19845431.88450725 0.0 -8181.808778372906 -19844488.827847544 0.0 -8456.797832219556 -19843099.72928543 0.0 -21812.593102870123 -19842801.451562192 0.0 -84859.77166535282 -19849260.385323446 0.0 -314792.0647036397 -19875185.95009413 0.0 -915940.0762600217 -19934378.708924465 0.0 -1543407.759314832 -20011336.614286542 0.0 -227590.1135296956 -20621750.891042933 0.0 9606.341495938035 -19598147.140997194 0.0 -8984.04194810242 -19626682.86510584 0.0 -8821.22993735721 -19626359.194546543 0.0 -7817.593386801794 -19625711.24789634 0.0 -8180.554976825918 -19624727.02430081 0.0 -19911.99998233716 -19624715.66893538 0.0 -75230.88975276002 -19630623.239905704 0.0 -277704.3736947759 -19653689.503603302 0.0 -809672.7028960427 -19706349.21560291 0.0 -1368934.6152903757 -19774092.646965075 0.0 -202149.32758083806 -20315892.464909654 0.0 8492.267617734717 -19408059.578563947 0.0 -8039.397266788698 -19433230.72503111 0.0 -8049.557977842977 -19433017.281334717 0.0 -7311.531839610578 -19432571.677048855 0.0 -7717.578921472944 -19431870.895356182 0.0 -18019.238582675836 -19432038.248196486 0.0 -66556.827782975 -19437405.651949488 0.0 -244773.50530379394 -19457942.67524627 0.0 -715059.8745058288 -19504925.77373676 0.0 -1212659.3079087809 -19564768.334926397 0.0 -179338.16980590747 -20045154.577751733 0.0 7495.081706454722 -19240512.107101496 0.0 -7165.559614111984 -19262689.443400934 0.0 -7281.453392499623 -19262550.028588004 0.0 -6735.43250532821 -19262243.770442504 0.0 -7153.833281335736 -19261742.421021543 0.0 -16191.901814591329 -19262015.805560663 0.0 -58754.20623881068 -19266869.482979793 0.0 -215470.09077659508 -19285173.23432155 0.0 -630627.0403595553 -19327226.858889207 0.0 -1072429.2207360796 -19380313.982136704 0.0 -158853.92280878054 -19805666.168467447 0.0 6599.848326103605 -19093051.710354373 0.0 -6365.045114740733 -19112558.166788995 0.0 -6541.478567918143 -19112468.76577031 0.0 -6134.880458086905 -19112259.10232419 0.0 -6545.222680361325 -19111899.133846167 0.0 -14462.453920207921 -19112230.57468397 0.0 -51737.85129757545 -19116605.858615696 0.0 -189329.25910980956 -19132941.711512256 0.0 -555083.5527326368 -19170722.327863567 0.0 -946330.4192749406 -19218062.979305618 0.0 -140426.76974726032 -19594031.75561728 0.0 5793.470062521325 -18963547.09872216 0.0 -5635.945158753165 -18980663.44967931 0.0 -5842.713836979278 -18980608.148073267 0.0 -5537.919425726094 -18980466.06563273 0.0 -5927.144129531699 -18980207.364893276 0.0 -12846.476364364378 -18980565.855216943 0.0 -45424.02041511125 -18984502.43329428 0.0 -165941.22500414035 -18999107.96705348 0.0 -487293.73951935256 -19033195.49737737 0.0 -832654.2050267165 -19075686.12902008 0.0 -123814.83469408605 -19407271.272334717 0.0 5064.381106978008 -18850149.62369976 0.0 -4973.87816343581 -18865119.447857127 0.0 -5190.9444743533 -18865087.714733604 0.0 -4960.9780950061995 -18864993.515259992 0.0 -5321.159376040104 -18864808.343825582 0.0 -11348.509919385275 -18865174.41899783 0.0 -39732.56875959854 -18868713.275151774 0.0 -144943.78225930166 -18881800.881186347 0.0 -426253.90990192787 -18912710.17755979 0.0 -729869.9305028141 -18951153.991947193 0.0 -108800.52007017213 -19242771.973861545 0.0 4402.3145356434 -18751259.619692355 0.0 -4373.208202943209 -18764293.63501804 0.0 -4587.41872769346 -18764278.513075422 0.0 -4412.880126826613 -18764218.814853497 0.0 -4739.59944339221 -18764087.969865013 0.0 -9966.095242294175 -18764449.945355624 0.0 -34588.19971193815 -18767631.41103076 0.0 -126015.91583612762 -18779390.839295674 0.0 -371073.24982783216 -18807581.404088926 0.0 -636601.8283416027 -18842704.520904664 0.0 -95187.52084680057 -19098247.750971958 0.0 3798.086907439179 -18665497.50729415 0.0 -3827.7839638201744 -18676777.272953488 0.0 -4030.6410219745217 -18676774.21703628 0.0 -3897.535760120936 -18676739.94675611 0.0 -4188.710948794668 -18676650.125845604 0.0 -8692.509536502395 -18677001.516666476 0.0 -29921.02110456065 -18679864.115163647 0.0 -108872.18323006488 -18690464.96156097 0.0 -320957.51334929216 -18716349.38809329 0.0 -551608.7069973468 -18748814.79269517 0.0 -82798.23308054286 -18971703.76833095 0.0 3243.4418966405933 -18591679.161970284 0.0 -3331.3783457030872 -18601360.27711136 0.0 -3517.4972125827144 -18601366.35042157 0.0 -3415.730114200464 -18601351.3690075 0.0 -3670.783668915433 -18601293.3620563 0.0 -7518.578722333052 -18601631.13111115 0.0 -25666.61420688847 -18604210.969217826 0.0 -93257.70176340644 -18613805.068513498 0.0 -275194.871396422 -18637756.475988444 0.0 -473765.8769395309 -18668176.28569969 0.0 -71471.42762693991 -18861405.46368108 0.0 2730.896489919232 -18528794.95950947 0.0 -2877.9729932583887 -18537009.76307461 0.0 -3044.0259066546964 -18537023.06477189 0.0 -2966.304459627849 -18537023.25953009 0.0 -3185.5690165050346 -18536990.73780853 0.0 -6433.843382700038 -18537314.127697736 0.0 -21765.78195847391 -18539644.651786175 0.0 -78943.65421022176 -18548368.338913675 0.0 -233143.5042634533 -18570726.981498037 0.0 -402048.91000602837 -18599673.391204204 0.0 -61060.12875430514 -18765851.396450352 0.0 2253.6187867249155 -18475992.13940346 0.0 -2461.8665391649447 -18482852.009617437 0.0 -2605.8703771719083 -18482871.37004771 0.0 -2546.8953376252202 -18482884.018291816 0.0 -2731.2096484125295 -18482872.66473528 0.0 -5427.287319651616 -18483182.39019104 0.0 -18164.106418618416 -18485294.355078515 0.0 -65723.25644219924 -18493270.56234179 0.0 -194220.63944427794 -18514349.745961078 0.0 -335518.9474293624 -18542364.926514536 0.0 -51429.66445838665 -18683749.60878293 0.0 1805.3106186606744 -18432560.07069978 0.0 -2077.7070491276695 -18438157.328641716 0.0 -2198.529925416037 -18438182.09295196 0.0 -2154.471373320868 -18438205.445906296 0.0 -2304.8951418524002 -18438212.357156288 0.0 -4487.800698589658 -18438510.061602935 0.0 -14811.414656560308 -18440431.636935297 0.0 -53408.138551446325 -18447771.827718977 0.0 -157892.79461224205 -18467863.25888154 0.0 -273309.32621686975 -18495468.437568024 0.0 -42455.86734331926 -18613997.22163395 0.0 1380.165134126212 -18397918.017755296 0.0 -1720.4652829530348 -18402327.63241167 0.0 -1817.534849448751 -18402357.469598625 0.0 -1785.6680077427345 -18402390.411777474 0.0 -1903.2868009246897 -18402413.670336008 0.0 -3604.441267316541 -18402701.569089003 0.0 -11661.18905483627 -18404458.536643002 0.0 -41825.075424424766 -18411264.49097776 0.0 -123667.01503255099 -18430643.168834027 0.0 -214613.3179848549 -18458347.0917772 0.0 -34023.407443422104 -18555663.01396687 0.0 972.7084952945687 -18371605.078788627 0.0 -1385.4292913720535 -18374885.865040753 0.0 -1458.5932139507113 -18374920.717305657 0.0 -1437.0090711155212 -18374962.647732496 0.0 -1522.7807935856806 -18375001.097992588 0.0 -2766.548551581916 -18375281.78809254 0.0 -8669.944705579539 -18376897.807778273 0.0 -30813.00509509703 -18383263.28031251 0.0 -91082.92050772291 -18402192.03442427 0.0 -158672.7914169554 -18430498.98813997 0.0 -26024.23767188048 -18507972.760762487 0.0 577.6936074950507 -18353272.60045259 0.0 -1068.2148285023875 -18355468.106530126 0.0 -1117.5045794448436 -18355508.11822009 0.0 -1104.9308422903223 -18355558.856112983 0.0 -1159.6123016352462 -18355611.94478129 0.0 -1963.742352386433 -18355888.286450032 0.0 -5796.590385006799 -18357385.17650303 0.0 -20220.282812037825 -18363397.42749236 0.0 -59705.40130943504 -18382131.18224748 0.0 -104767.62886045569 -18411548.729141004 0.0 -18356.13474005318 -18470297.12775715 0.0 190.07344885793324 -18342678.52579726 0.0 -764.7029111708208 -18343817.81164988 0.0 -790.1647310617071 -18343863.24710473 0.0 -785.8425913280417 -18343922.877122015 0.0 -809.9449086499716 -18343990.479050342 0.0 -1185.8938659044607 -18344265.488783497 0.0 -3001.8135899113454 -18345663.485943798 0.0 -9902.13754420051 -18351404.69439274 0.0 -29117.826611708864 -18370194.538962875 0.0 -52205.74053013517 -18401241.11168618 0.0 -10921.319511450834 -18442141.937392905 0.0 -2.9077546347664103 -18339293.135376725 0.0 -696.4239866282038 -18339650.01455344 0.0 -705.5384965025378 -18339696.686891478 0.0 -704.8370771272636 -18339761.168561738 0.0 -705.3307899244619 -18339838.680202667 0.0 -801.6360467543695 -18340104.241020408 0.0 -1325.3447393391182 -18341380.969737627 0.0 -3399.2759650686016 -18346682.319927625 0.0 -9517.147881531584 -18364543.15940013 0.0 -21256.341610692536 -18396213.745806973 0.0 -6343.994242663299 -18422234.3593632 0.0
    </DataArray>
    <DataArray type="Float32" Name="Hole Current Density [Am^-2]" NumberOfComponents="3" format="ascii">
1e-30 -1e-30 0.0 1e-30 -1e-30 0.0 1e-30 -1e-30 0.0 1e-30 -1e-30 0.0 1e-30 -1e-30 0.0 1e-30 -1e-30 0.0 1e-30 -1e-30 0.0 1e-30 -1e-30 0.0 1e-30 -1e-30 0.0 1e-30 -1e-30 0.0 -1e-30 -1e-30 0.0 1e-30 -1e-30 0.0 1e-30 -1e-30 0.0 1e-30 -1e-30 0.0 1e-30 -1e-30 0.0 1e-30 -1e-30 0.0 1e-30 -1e-30 0.0 1e-30 -1e-30 0.0 1e-30 -1e-30 0.0 1e-30 -1e-30 0.0 -1e-30 -1e-30 0.0 -1e-30 -1e-30 0.0 1e-30 -1e-30 0.0 1e-30 -1e-30 0.0 1e-30 -1e-30 0.0 1e-30 -1e-30 0.0 1e-30 -1e-30 0.0 1e-30 -1e-30 0.0 1e-30 -1e-30 0.0 1e-30 -1e-30 0.0 1e-30 -1e-30 0.0 -1e-30 -1e-30 0.0 -1e-30 -1e-30 0.0 1e-30 -1e-30 0.0 1e-30 -1e-30 0.0 1e-30 -1e-30 0.0 1e-30 -1e-30 0.0 1e-30 -1e-30 0.0 1e-30 -1e-30 0.0 1e-30 -1e-30 0.0 1e-30 -1e-30 0.0 -1e-30 -1e-30 0.0 -1e-30 -1e-30 0.0 -1e-30 -1e-30 0.0 1e-30 -1e-30 0.0 1e-30 -1e-30 0.0 1e-30 -1e-30 0.0 1e-30 -1e-30 0.0 1e-30 -1e-30 0.0 1e-30 -1e-30 0.0 1e-30 -1e-30 0.0 -1e-30 -1e-30 0.0 -1e-30 -1e-30 0.0 -1e-30 -1e-30 0.0 -1e-30 -1e-30 0.0 1e-30 -1e-30 0.0 1e-30 -1e-30 0.0 1e-30 -1e-30 0.0 1e-30 -1e-30 0.0 1e-30 -1e-30 0.0 1e-30 -1e-30 0.0 -1e-30 -1e-30 0.0 -1e-30 -1e-30 0.0 -1e-30 -1e-30 0.0 -1e-30 -1e-30 0.0 -1e-30 -1e-30 0.0 1e-30 -1e-30 0.0 1e-30 -1e-30 0.0 1e-30 -1e-30 0.0 1e-30 -1e-30 0.0 -1e-30 -1e-30 0.0 -1e-30 -1e-30 0.0 -1e-30 -1e-30 0.0 -1e-30 -1e-30 0.0 -1e-30 -1e-30 0.0 -1e-30 -1e-30 0.0 -1e-30 -1e-30 0.0 1e-30 -1e-30 0.0 1e-30 -1e-30 0.0 -1e-30 -1e-30 0.0 -1e-30 -1e-30 0.0 -1e-30 -1e-30 0.0 -1e-30 -1e-30 0.0 -1e-30 -1e-30 0.0 -1e-30 -1e-30 0.0 -1e-30 -1e-30 0.0 -1e-30 -1e-30 0.0 -1e-30 -1e-30 0.0 1e-30 -1e-30 0.0 -1e-30 -1e-30 0.0 -1e-30 -1e-30 0.0 -1e-30 -1e-30 0.0 -1e-30 -1e-30 0.0 -1e-30 -1e-30 0.0 -1e-30 -1e-30 0.0 -1e-30 -1e-30 0.0 -1e-30 -1e-30 0.0 -1e-30 -1e-30 0.0 -1e-30 -1e-30 0.0 1e-30 -1e-30 0.0 -1e-30 -1e-30 0.0 -1e-30 -1e-30 0.0 -1e-30 -1e-30 0.0 -1e-30 -1e-30 0.0 -1e-30 -1e-30 0.0 -1e-30 -1e-30 0.0 -1e-30 -1e-30 0.0 -1e-30 -1e-30 0.0 -1e-30 -1e-30 0.0 -1e-30 -1e-30 0.0 1e-30 -1e-30 0.0 -1e-30 -1e-30 0.0 -1e-30 -1e-30 0.0 -1e-30 -1e-30 0.0 -1e-30 -1e-30 0.0 -1e-30 -1e-30 0.0 -1e-30 -1e-30 0.0 -1e-30 -1e-30 0.0 -1e-30 -1e-30 0.0 -1e-30 1e-30 0.0 -1e-30 -1e-30 0.0 1e-30 -1e-30 0.0 -1e-30 -1e-30 0.0 -1e-30 -1e-30 0.0 -1e-30 -1e-30 0.0 -1e-30 -1e-30 0.0 -1e-30 -1e-30 0.0 -1e-30 -1e-30 0.0 -1e-30 -1e-30 0.0 -1e-30 -1e-30 0.0 -1e-30 1e-30 0.0 -1e-30 -1e-30 0.0 1e-30 -1e-30 0.0 -1e-30 -1e-30 0.0 -1e-30 -1e-30 0.0 -1e-30 -1e-30 0.0 -1e-30 -1e-30 0.0 -1e-30 -1e-30 0.0 -1e-30 -1e-30 0.0 -1e-30 -1e-30 0.0 -1e-30 -1e-30 0.0 -1e-30 1e-30 0.0 -1e-30 1e-30 0.0 1e-30 -1e-30 0.0 -1e-30 -1e-30 0.0 -1e-30 -1e-30 0.0 -1e-30 -1e-30 0.0 -1e-30 -1e-30 0.0 -1e-30 -1e-30 0.0 -1e-30 -1e-30 0.0 -1e-30 -1e-30 0.0 -1e-30 -1e-30 0.0 -1e-30 1e-30 0.0 -1e-30 1e-30 0.0 1e-30 -1e-30 0.0 -1e-30 -1e-30 0.0 -1e-30 -1e-30 0.0 -1e-30 -1e-30 0.0 -1e-30 -1e-30 0.0 -1e-30 -1e-30 0.0 -1e-30 -1e-30 0.0 -1e-30 -1e-30 0.0 -1e-30 -1e-30 0.0 -1e-30 1e-30 0.0 -1e-30 1e-30 0.0 1e-30 -1e-30 0.0 -1e-30 -1e-30 0.0 -1e-30 -1e-30 0.0 -1e-30 -1e-30 0.0 -1e-30 -1e-30 0.0 -1e-30 -1e-30 0.0 -1e-30 -1e-30 0.0 -1e-30 -1e-30 0.0 -1e-30 -1e-30 0.0 -1e-30 1e-30 0.0 1e-30 1e-30 0.0 1e-30 -1e-30 0.0 1e-30 -1e-30 0.0 1e-30 -1e-30 0.0 -1e-30 -1e-30 0.0 -1e-30 -1e-30 0.0 -1e-30 -1e-30 0.0 -1e-30 -1e-30 0.0 -1e-30 -1e-30 0.0 1e-30 -1e-30 0.0 1e-30 1e-30 0.0 1e-30 1e-30 0.0 1e-30 -1e-30 0.0 1e-30 -1e-30 0.0 1e-30 -1e-30 0.0 1e-30 -1e-30 0.0 1e-30 -1e-30 0.0 1e-30 -1e-30 0.0 1e-30 -1e-30 0.0 1e-30 -1e-30 0.0 1e-30 -1e-30 0.0 1e-30 1e-30 0.0 1e-30 1e-30 0.0 1e-30 -1e-30 0.0 1e-30 -1e-30 0.0 1e-30 -1e-30 0.0 1e-30 -1e-30 0.0 1e-30 -1e-30 0.0 1e-30 -1e-30 0.0 1e-30 -1e-30 0.0 1e-30 -1e-30 0.0 1e-30 -1e-30 0.0 1e-30 1e-30 0.0 1e-30 1e-30 0.0 1e-30 -1e-30 0.0 1e-30 -1e-30 0.0 1e-30 -1e-30 0.0 1e-30 -1e-30 0.0 1e-30 -1e-30 0.0 1e-30 -1e-30 0.0 1e-30 -1e-30 0.0 1e-30 -1e-30 0.0 1e-30 -1e-30 0.0 1e-30 1e-30 0.0 1e-30 1e-30 0.0 1e-30 -1e-30 0.0 1e-30 -1e-30 0.0 1e-30 -1e-30 0.0 1e-30 -1e-30 0.0 1e-30 -1e-30 0.0 1e-30 -1e-30 0.0 1e-30 -1e-30 0.0 1e-30 -1e-30 0.0 1e-30 -1e-30 0.0 1e-30 1e-30 0.0 1e-30 1e-30 0.0 1e-30 -1e-30 0.0 1e-30 -1e-30 0.0 1e-30 -1e-30 0.0 1e-30 -1e-30 0.0 1e-30 -1e-30 0.0 1e-30 -1e-30 0.0 1e-30 -1e-30 0.0 1e-30 -1e-30 0.0 1e-30 -1e-30 0.0 1e-30 1e-30 0.0 1e-30 1e-30 0.0 1e-30 -1e-30 0.0 1e-30 -1e-30 0.0 1e-30 -1e-30 0.0 1e-30 -1e-30 0.0 1e-30 -1e-30 0.0 1e-30 -1e-30 0.0 1e-30 -1e-30 0.0 1e-30 -1e-30 0.0 1e-30 -1e-30 0.0 1e-30 1e-30 0.0 1e-30 1e-30 0.0 1e-30 -1e-30 0.0 1e-30 -1e-30 0.0 1e-30 -1e-30 0.0 1e-30 -1e-30 0.0 1e-30 -1e-30 0.0 1e-30 -1e-30 0.0 1e-30 -1e-30 0.0 1e-30 -1e-30 0.0 1e-30 -1e-30 0.0 1e-30 1e-30 0.0 1e-30 1e-30 0.0 1e-30 -1e-30 0.0 1e-30 -1e-30 0.0 1e-30 -1e-30 0.0 1e-30 -1e-30 0.0 1e-30 -1e-30 0.0 1e-30 -1e-30 0.0 1e-30 -1e-30 0.0 1e-30 -1e-30 0.0 1e-30 -1e-30 0.0 1e-30 1e-30 0.0 1e-30 1e-30 0.0 1e-30 -1e-30 0.0 1e-30 -1e-30 0.0 1e-30 -1e-30 0.0 1e-30 -1e-30 0.0 1e-30 -1e-30 0.0 1e-30 -1e-30 0.0 1e-30 -1e-30 0.0 1e-30 -1e-30 0.0 1e-30 -1e-30 0.0 1e-30 1e-30 0.0 0.0 1e-30 0.0 1e-30 -1e-30 0.0 1e-30 -1e-30 0.0 1e-30 -1e-30 0.0 1e-30 -1e-30 0.0 1e-30 -1e-30 0.0 1e-30 -1e-30 0.0 1e-30 -1e-30 0.0 1e-30 -1e-30 0.0 1e-30 -1e-30 0.0 1e-30 1e-30 0.0 1e-30 1e-30 0.0 1e-30 -1e-30 0.0 1e-30 -1e-30 0.0 1e-30 -1e-30 0.0 1e-30 -1e-30 0.0 1e-30 -1e-30 0.0 1e-30 -1e-30 0.0 1e-30 -1e-30 0.0 1e-30 -1e-30 0.0 1e-30 -1e-30 0.0 1e-30 1e-30 0.0 1e-30 1e-30 0.0 1e-30 -1e-30 0.0 1e-30 -1e-30 0.0 1e-30 -1e-30 0.0 1e-30 -1e-30 0.0 1e-30 -1e-30 0.0 1e-30 -1e-30 0.0 1e-30 -1e-30 0.0 1e-30 -1e-30 0.0 1e-30 -1e-30 0.0 1e-30 1e-30 0.0 1e-30 1e-30 0.0 1e-30 -1e-30 0.0 1e-30 -1e-30 0.0 1e-30 -1e-30 0.0 1e-30 -1e-30 0.0 1e-30 -1e-30 0.0 1e-30 -1e-30 0.0 1e-30 -1e-30 0.0 1e-30 -1e-30 0.0 1e-30 -1e-30 0.0 1e-30 1e-30 0.0 1e-30 1e-30 0.0 1e-30 -1e-30 0.0 1e-30 -1e-30 0.0 1e-30 -1e-30 0.0 1e-30 -1e-30 0.0 1e-30 -1e-30 0.0 1e-30 -1e-30 0.0 1e-30 -1e-30 0.0 1e-30 -1e-30 0.0 1e-30 -1e-30 0.0 1e-30 1e-30 0.0 1e-30 1e-30 0.0 1e-30 -1e-30 0.0 1e-30 -1e-30 0.0 1e-30 -1e-30 0.0 1e-30 -1e-30 0.0 1e-30 -1e-30 0.0 1e-30 -1e-30 0.0 1e-30 -1e-30 0.0 1e-30 -1e-30 0.0 1e-30 -1e-30 0.0 1e-30 1e-30 0.0 1e-30 1e-30 0.0 1e-30 -1e-30 0.0 1e-30 -1e-30 0.0 1e-30 -1e-30 0.0 1e-30 -1e-30 0.0 1e-30 -1e-30 0.0 1e-30 -1e-30 0.0 1e-30 -1e-30 0.0 1e-30 -1e-30 0.0 1e-30 -1e-30 0.0 1e-30 1e-30 0.0 1e-30 1e-30 0.0 1e-30 -1e-30 0.0 1e-30 -1e-30 0.0 1e-30 -1e-30 0.0 1e-30 -1e-30 0.0 1e-30 -1e-30 0.0 1e-30 -1e-30 0.0 1e-30 -1e-30 0.0 1e-30 -1e-30 0.0 1e-30 -1e-30 0.0 1e-30 1e-30 0.0 1e-30 1e-30 0.0 1e-30 -1e-30 0.0 1e-30 -1e-30 0.0 1e-30 -1e-30 0.0 1e-30 -1e-30 0.0 1e-30 -1e-30 0.0 1e-30 -1e-30 0.0 1e-30 -1e-30 0.0 1e-30 -1e-30 0.0 1e-30 -1e-30 0.0 1e-30 1e-30 0.0 1e-30 -1e-30 0.0 1e-30 -1e-30 0.0 1e-30 -1e-30 0.0 1e-30 -1e-30 0.0 1e-30 -1e-30 0.0 1e-30 -1e-30 0.0 1e-30 -1e-30 0.0 1e-30 -1e-30 0.0 1e-30 -1e-30 0.0 1e-30 -1e-30 0.0 1e-30 1e-30 0.0 1e-30 -1e-30 0.0 1e-30 -1e-30 0.0 1e-30 -1e-30 0.0 1e-30 -1e-30 0.0 1e-30 -1e-30 0.0 1e-30 -1e-30 0.0 1e-30 -1e-30 0.0 1e-30 -1e-30 0.0 1e-30 -1e-30 0.0 1e-30 -1e-30 0.0 1e-30 1e-30 0.0 1e-30 -1e-30 0.0 1e-30 -1e-30 0.0 1e-30 -1e-30 0.0 1e-30 -1e-30 0.0 1e-30 -1e-30 0.0 1e-30 -1e-30 0.0 1e-30 -1e-30 0.0 1e-30 -1e-30 0.0 1e-30 -1e-30 0.0 1e-30 -1e-30 0.0 1e-30 1e-30 0.0 1e-30 -1e-30 0.0 1e-30 -1e-30 0.0 1e-30 -1e-30 0.0 1e-30 -1e-30 0.0 1e-30 -1e-30 0.0 1e-30 -1e-30 0.0 1e-30 -1e-30 0.0 1e-30 -1e-30 0.0 1e-30 -1e-30 0.0 1e-30 -1e-30 0.0 1e-30 1e-30 0.0 1e-30 -1e-30 0.0 1e-30 -1e-30 0.0 1e-30 -1e-30 0.0 1e-30 -1e-30 0.0 1e-30 -1e-30 0.0 1e-30 -1e-30 0.0 1e-30 -1e-30 0.0 1e-30 -1e-30 0.0 1e-30 -1e-30 0.0 1e-30 -1e-30 0.0 1e-30 1e-30 0.0 1e-30 -1e-30 0.0 1e-30 -1e-30 0.0 1e-30 -1e-30 0.0 1e-30 -1e-30 0.0 1e-30 -1e-30 0.0 1e-30 -1e-30 0.0 1e-30 -1e-30 0.0 1e-30 -1e-30 0.0 1e-30 -1e-30 0.0 1e-30 -1e-30 0.0 1e-30 1e-30 0.0 1e-30 -1e-30 0.0 1e-30 -1e-30 0.0 1e-30 -1e-30 0.0 1e-30 -1e-30 0.0 1e-30 -1e-30 0.0 1e-30 -1e-30 0.0 1e-30 -1e-30 0.0 1e-30 -1e-30 0.0 1e-30 -1e-30 0.0 1e-30 -1e-30 0.0 1e-30 1e-30 0.0 1e-30 -1e-30 0.0 1e-30 -1e-30 0.0 1e-30 -1e-30 0.0 1e-30 -1e-30 0.0 1e-30 -1e-30 0.0 1e-30 -1e-30 0.0 1e-30 -1e-30 0.0 1e-30 -1e-30 0.0 1e-30 -1e-30 0.0 1e-30 -1e-30 0.0 1e-30 1e-30 0.0 1e-30 -1e-30 0.0 1e-30 -1e-30 0.0 1e-30 -1e-30 0.0 1e-30 -1e-30 0.0 1e-30 -1e-30 0.0 1e-30 -1e-30 0.0 1e-30 -1e-30 0.0 1e-30 -1e-30 0.0 1e-30 -1e-30 0.0 1e-30 -1e-30 0.0 1e-30 1e-30 0.0 1e-30 -1e-30 0.0 1e-30 -1e-30 0.0 1e-30 -1e-30 0.0 1e-30 -1e-30 0.0 1e-30 -1e-30 0.0 1e-30 -1e-30 0.0 1e-30 -1e-30 0.0 1e-30 -1e-30 0.0 1e-30 -1e-30 0.0 1e-30 -1e-30 0.0 1e-30 1e-30 0.0 1e-30 -1e-30 0.0 1e-30 -1e-30 0.0 1e-30 -1e-30 0.0 1e-30 -1e-30 0.0 1e-30 -1e-30 0.0 1e-30 -1e-30 0.0 1e-30 -1e-30 0.0 1e-30 -1e-30 0.0 1e-30 -1e-30 0.0 1e-30 -1e-30 0.0 1e-30 1e-30 0.0 1e-30 -1e-30 0.0 1e-30 -1e-30 0.0 1e-30 -1e-30 0.0 1e-30 -1e-30 0.0 1e-30 -1e-30 0.0 1e-30 -1e-30 0.0 1e-30 -1e-30 0.0 1e-30 -1e-30 0.0 1e-30 -1e-30 0.0 1e-30 -1e-30 0.0 1e-30 1e-30 0.0 1e-30 -1e-30 0.0 1e-30 -1e-30 0.0 1e-30 -1e-30 0.0 1e-30 -1e-30 0.0 1e-30 -1e-30 0.0 1e-30 -1e-30 0.0 1e-30 -1e-30 0.0 1e-30 -1e-30 0.0 1e-30 -1e-30 0.0 1e-30 -1e-30 0.0 1e-30 1e-30 0.0 1e-30 -1e-30 0.0 1e-30 -1e-30 0.0 1e-30 -1e-30 0.0 1e-30 -1e-30 0.0 1e-30 -1e-30 0.0 1e-30 -1e-30 0.0 1e-30 -1e-30 0.0 1e-30 -1e-30 0.0 1e-30 -1e-30 0.0 1e-30 -1e-30 0.0 1e-30 1e-30 0.0 1e-30 -1e-30 0.0 1e-30 -1e-30 0.0 1e-30 -1e-30 0.0 1e-30 -1e-30 0.0 1e-30 -1e-30 0.0 1e-30 -1e-30 0.0 1e-30 -1e-30 0.0 1e-30 -1e-30 0.0 1e-30 -1e-30 0.0 1e-30 -1e-30 0.0 1e-30 1e-30 0.0 1e-30 -1e-30 0.0 1e-30 -1e-30 0.0 1e-30 -1e-30 0.0 1e-30 -1e-30 0.0 1e-30 -1e-30 0.0 1e-30 -1e-30 0.0 1e-30 -1e-30 0.0 1e-30 -1e-30 0.0 -1e-30 -1e-30 0.0 -1e-30 -1e-30 0.0 1e-30 1e-30 0.0 1e-30 -1e-30 0.0
    </DataArray>
    <DataArray type="Float32" Name="Ion diffusion flux Density [Am^-2]" NumberOfComponents="3" format="ascii">
-5.319818449652165e+19 1.0010402147250022e+20 0.0 -1.0468259025790699e+20 5.983815262688981e+18 0.0 -1.8586798182603968e+20 -3.848003463562605e+19 0.0 -2.5858427137023037e+20 -8.581234498354441e+19 0.0 -3.2525946334925554e+20 -1.4592189567016649e+20 0.0 -3.989649113269138e+20 -2.4225077652534093e+20 0.0 -5.0041231530429533e+20 -4.225443389233049e+20 0.0 -6.819718983847908e+20 -8.334066235823206e+20 0.0 -9.927993271044882e+20 -1.6806916382319413e+21 0.0 -9.003803419231725e+20 -1.8956246658942692e+21 0.0 -8.943056342754806e+20 -2.682916902826754e+21 0.0 -1.7465671353086378e+19 5.654615657430361e+19 0.0 -7.064720073773632e+19 4.630585538007424e+18 0.0 -1.2764602230807794e+20 -2.599978689621997e+19 0.0 -1.8673884841513868e+20 -6.60137191597244e+19 0.0 -2.452871308775111e+20 -1.1877032759342545e+20 0.0 -3.1086104202645543e+20 -2.0206840518652015e+20 0.0 -3.984138604849855e+20 -3.527289294147787e+20 0.0 -5.463076525323953e+20 -6.805596587877519e+20 0.0 -7.721898319800237e+20 -1.30123842958431e+21 0.0 -6.62930208121163e+20 -1.3914909423117966e+21 0.0 -4.066062652410975e+20 -2.033031326205647e+21 0.0 -2.2000624984428052e+19 3.443801643420215e+19 0.0 -7.311513541179868e+19 4.81985839077285e+18 0.0 -1.335818106716173e+20 -1.0761618308941386e+19 0.0 -2.0546922933695765e+20 -4.370922473837212e+19 0.0 -2.8064060980603083e+20 -8.806434811820135e+19 0.0 -3.6299693620861895e+20 -1.5893762957297576e+20 0.0 -4.6254756641266185e+20 -2.8291505472600418e+20 0.0 -5.992769824880671e+20 -5.255005483843615e+20 0.0 -7.281051617547856e+20 -8.819306690102277e+20 0.0 -5.04514456767031e+20 -8.195733589372794e+20 0.0 -2.08148204640254e+20 -1.0407410232013157e+21 0.0 -1.2752807158468936e+19 9.85276565390487e+18 0.0 -3.842641492653409e+19 4.727659806506003e+18 0.0 -8.006733700338616e+19 1.3771451777421975e+18 0.0 -1.3689002762147439e+20 -1.8253469536444236e+19 0.0 -2.026094567983483e+20 -4.780808287048004e+19 0.0 -2.7588775955498877e+20 -9.711347582011087e+19 0.0 -3.587698156489212e+20 -1.8089133873774566e+20 0.0 -4.465087391966921e+20 -3.169283173144479e+20 0.0 -4.6474846324303417e+20 -4.3970958435731014e+20 0.0 -2.5627616576365894e+20 -3.330272492935127e+20 0.0 -6.956363307743935e+19 -3.478181653872064e+20 0.0 -5.474202336719754e+18 -4.192924863202735e+17 0.0 -1.3346681345410804e+19 1.487437677115016e+18 0.0 -3.4372890751495066e+19 6.552474094368259e+17 0.0 -6.675583316124189e+19 -8.195029669064554e+18 0.0 -1.0938669934411222e+20 -2.313986434496984e+19 0.0 -1.58623408048067e+20 -4.964269828814082e+19 0.0 -2.080208592103056e+20 -9.148224180090859e+19 0.0 -2.3886687429058937e+20 -1.3928502326204182e+20 0.0 -2.053566010506063e+20 -1.511995478789066e+20 0.0 -9.062533532998307e+19 -8.822371910654524e+19 0.0 -1.315739357161469e+19 -6.5786967858072265e+19 0.0 -2.420212909516713e+18 -1.7525076068230566e+18 0.0 -3.9317310971936594e+18 3.858364284422086e+17 0.0 -1.0690828906608052e+19 3.466932909147629e+17 0.0 -2.2574106910455742e+19 -3.967232561364524e+18 0.0 -4.0375651163693154e+19 -1.0761534846262866e+19 0.0 -6.186629293986169e+19 -2.0099981509530214e+19 0.0 -8.003806971845317e+19 -3.1044205864994623e+19 0.0 -8.300248255619714e+19 -3.753933816720616e+19 0.0 -6.06350119942413e+19 -3.139496224166991e+19 0.0 -2.318964377735393e+19 -1.095611774238971e+19 0.0 1.5901575159136294e+18 7.950787579569901e+18 0.0 -1.2849087493585556e+18 -1.362549069264502e+18 0.0 -1.4318732481411686e+18 1.454601570768183e+17 0.0 -3.197719333586034e+18 7.334978964254484e+17 0.0 -6.084653869950318e+18 -5.806893001704293e+17 0.0 -9.853627926576007e+18 -2.7979653197084155e+18 0.0 -1.4371950034277825e+19 -5.166176736749056e+18 0.0 -1.7823175885441909e+19 -6.697786825043741e+18 0.0 -1.7488541465795852e+19 -6.181760408137849e+18 0.0 -1.2479693054500684e+19 -3.038170919791886e+18 0.0 -4.059808327940787e+18 3.8419063257071636e+18 0.0 3.5316545651843016e+18 1.76582728259227e+19 0.0 -7.695090404444911e+17 -9.085293562884494e+17 0.0 -6.926522447925641e+17 5.634010026553999e+16 0.0 -1.2477934072996001e+18 6.376274270894209e+17 0.0 -2.1266544519169262e+18 3.954703802337583e+17 0.0 -2.8236020713058094e+18 -2.0581294566345773e+17 0.0 -3.2292847725483177e+18 -8.140307740842797e+17 0.0 -3.303442951364541e+18 -1.0250956511112422e+18 0.0 -2.943871789333332e+18 -5.3884133959777216e+17 0.0 -2.0053033945104548e+18 9.877156899196803e+17 0.0 1.98715309239775e+17 4.663029852744756e+18 0.0 2.858636279988034e+18 1.4293181399941503e+19 0.0 -4.901902861841574e+17 -5.815739572804056e+17 0.0 -3.95582933346077e+17 2.2609798617196172e+16 0.0 -6.048142618896243e+17 4.53047774714592e+17 0.0 -9.85968898099881e+17 4.9959936544132026e+17 0.0 -1.2633898351802145e+18 3.685889063871893e+17 0.0 -1.2987863896367567e+18 1.7463023766357014e+17 0.0 -1.0960438183322004e+18 1.0796348280976968e+17 0.0 -7.27838702390564e+17 3.544222367128098e+17 0.0 -1.7131195501813613e+17 1.2565854074982566e+18 0.0 9.022661696881889e+17 3.5629910672619894e+18 0.0 1.9909100521827973e+18 9.954550260914754e+18 0.0 -3.2476845502305056e+17 -3.656331388195451e+17 0.0 -2.4677747162515565e+17 1.1792587212967434e+16 0.0 -3.3335469691886803e+17 3.0986644190959546e+17 0.0 -5.188469969150239e+17 4.228670450989413e+17 0.0 -6.700387259299002e+17 4.512167251272636e+17 0.0 -6.970632718541692e+17 4.169546605047821e+17 0.0 -5.6647189011941715e+17 4.0831347452596826e+17 0.0 -2.918605155638764e+17 5.586116718681997e+17 0.0 1.671107245979448e+17 1.1441833231085828e+18 0.0 8.501278370774322e+17 2.577802475507486e+18 0.0 1.3480125706948076e+18 6.740062853474761e+18 0.0 -2.2244609502399917e+17 -2.2319433864603478e+17 0.0 -1.6117268314410483e+17 1.0397666294279122e+16 0.0 -2.0104729291190733e+17 2.1121456907504867e+17 0.0 -2.975944590529989e+17 3.2429041967019846e+17 0.0 -3.7908004482673344e+17 4.0697466755854426e+17 0.0 -3.9041676967294086e+17 4.510383567982944e+17 0.0 -2.935102948247412e+17 4.9617394557375686e+17 0.0 -6.655684359294971e+16 6.431287701587695e+17 0.0 2.917115560632015e+17 1.0263993178168415e+18 0.0 6.779958242217044e+17 1.859721962373699e+18 0.0 9.174420316520575e+17 4.5872101582609746e+18 0.0 -1.5649289933017133e+17 -1.2267267700790152e+17 0.0 -1.0991986547073771e+17 1.1884234245080412e+16 0.0 -1.3060826486296618e+17 1.4321884276919534e+17 0.0 -1.804209264530403e+17 2.4284525870799462e+17 0.0 -2.1640219739094262e+17 3.4415569739424346e+17 0.0 -1.953544007297097e+17 4.3632907032860826e+17 0.0 -9.921752210664694e+16 5.313150971389787e+17 0.0 9.526923616704181e+16 6.766385613060607e+17 0.0 3.1669535710888525e+17 8.800920504594756e+17 0.0 5.0812170443215264e+17 1.3363081836885012e+18 0.0 6.34663934076728e+17 3.173319670384172e+18 0.0 -1.136858247129518e+17 -5.339004095194431e+16 0.0 -8.955512945390154e+16 1.161306482912399e+16 0.0 -1.172249896655264e+17 9.119223086860656e+16 0.0 -1.5047504679074512e+17 1.7273980012672307e+17 0.0 -1.4008146945187538e+17 2.8902738340132205e+17 0.0 -1.47739006785568e+16 4.307456466282484e+17 0.0 1.9514837416298084e+16 5.241624589561117e+17 0.0 1.6128230099373347e+17 6.374326057254788e+17 0.0 2.8114882563652016e+17 7.228442919857426e+17 0.0 3.7804350424049216e+17 9.773710389328082e+17 0.0 4.5099540664331226e+17 2.254977033216895e+18 0.0 -6.561561361665675e+16 -2.7698575751487864e+16 0.0 -6.111209269258322e+16 11022463086577.453 0.0 -8.772046419761442e+16 5.085487848852944e+16 0.0 -1.169705782512819e+17 1.431475470758507e+17 0.0 -1.183617435960633e+17 3.159178147367913e+17 0.0 -1.2161826663486942e+17 3.5693169716122906e+17 0.0 -7.060432725703994e+16 3.957185865624924e+17 0.0 1.4531954654133162e+17 5.669692074238354e+17 0.0 4.1823809743515104e+17 6.536102616213295e+17 0.0 2.9327017394624826e+17 7.289470458814519e+17 0.0 3.2764221247825126e+17 1.6382110623914657e+18 0.0 -2.2374050284298876e+16 -1.5991346814732756e+16 0.0 -2.059852196445306e+16 923416218960073.2 0.0 -3.03020021283702e+16 2.6662541026397692e+16 0.0 -5.789548301264788e+16 6.849418878564897e+16 0.0 -1.0980271725199418e+17 1.4397163873507976e+17 0.0 -1.9718777539679043e+17 2.5650020625071853e+17 0.0 -9.98218526145776e+16 4.779961062209989e+17 0.0 3.819198038199935e+16 7.107623646372899e+17 0.0 9.484296478275538e+16 4.8343002349619315e+17 0.0 1.3401585565708875e+17 3.851258604455962e+17 0.0 2.3829357578322157e+17 1.1914678789163456e+18 0.0 -9479951428097976.0 -1.2411838037993068e+16 0.0 -7224625351291974.0 529666489643047.2 0.0 -7850669300525065.0 1.7761320509405812e+16 0.0 -1.1784941863158874e+16 4.726297571716149e+16 0.0 -1.8982909360510012e+16 1.0467251760932122e+17 0.0 -2.7702585190927092e+16 2.0101433685621472e+17 0.0 -3.5792681174025588e+16 3.280652487670464e+17 0.0 -6.370180993279411e+16 4.3497468630354285e+17 0.0 -1.2333670386490966e+17 4.596764171313527e+17 0.0 1.5233033780432627e+17 5.425657825836353e+17 0.0 2.0787868094414992e+17 1.0393934047210243e+18 0.0 -4896770376324038.0 -9869023592259216.0 0.0 -2533600981693013.0 646974339417946.4 0.0 -4247542911372.0015 1.4225693701417838e+16 0.0 3629646095142918.5 3.77920655854467e+16 0.0 1.1151395604214206e+16 8.576138763043283e+16 0.0 2.6700802266363692e+16 1.700063594971016e+17 0.0 5.2099626898768456e+16 2.8716750567969712e+17 0.0 8.434937869060915e+16 4.0610260010992826e+17 0.0 1.184857177042931e+17 4.8069476168998694e+17 0.0 1.5110250697730125e+17 4.856589597555809e+17 0.0 1.776383332784257e+17 8.881916663923274e+17 0.0 -3161464097944329.5 -8247738526426780.0 0.0 -1096487464828287.5 664730576524137.6 0.0 1996602648552023.0 1.2099533066192938e+16 0.0 6924615911305099.0 3.159988972393092e+16 0.0 1.6945314086913738e+16 7.16752327076839e+16 0.0 3.5786683319371116e+16 1.4390001629639851e+17 0.0 6.503921150174807e+16 2.4712553244113187e+17 0.0 9.953810862163731e+16 3.5475867692699725e+17 0.0 1.2742231148281506e+17 4.2221497643824966e+17 0.0 1.3524053221817278e+17 4.192133988688234e+17 0.0 1.5184849662938493e+17 7.592424831470683e+17 0.0 -2394209406545895.5 -7184450641948621.0 0.0 -616227361515776.1 586181692498313.0 0.0 2248279401490223.2 1.0348967956637326e+16 0.0 6767114234112859.0 2.6727458735258868e+16 0.0 1.617553287762007e+16 6.068370128338312e+16 0.0 3.3883715848673244e+16 1.2273088978145338e+17 0.0 6.0781880378814536e+16 2.1270218830432154e+17 0.0 9.160142788222526e+16 3.080039452208032e+17 0.0 1.147178406111212e+17 3.681866003473805e+17 0.0 1.1871493298596333e+17 3.6452785994362246e+17 0.0 1.315219965014359e+17 6.576099825072998e+17 0.0 -1970085491346096.8 -6406116805840974.0 0.0 -407660772179517.7 487210061335389.75 0.0 2145803894907648.8 8955509766054695.0 0.0 6157147292885842.0 2.2959260623706132e+16 0.0 1.4549676158479604e+16 5.216573209703331e+16 0.0 3.043178146080066e+16 1.0612032173809698e+17 0.0 5.460581949199299e+16 1.853001046272792e+17 0.0 8.218693629575917e+16 2.7029880565561264e+17 0.0 1.0234708984359963e+17 3.2463470684718854e+17 0.0 1.0497984602176824e+17 3.211768362391575e+17 0.0 1.1559187093211648e+17 5.779593546606532e+17 0.0 -1691672618905575.8 -5784618744978336.0 0.0 -293511639476342.06 405727124229838.8 0.0 1997631814092300.8 7865162134088336.0 0.0 5571590085811037.0 2.003825487689298e+16 0.0 1.307220705004904e+16 4.553845140764903e+16 0.0 2.732439387220654e+16 9.308410801361696e+16 0.0 4.911175832155347e+16 1.6361928277514406e+17 0.0 7.401774381459435e+16 2.4022276654413027e+17 0.0 9.203378209506786e+16 2.898022826923711e+17 0.0 9.391766674688318e+16 2.8669241946100317e+17 0.0 1.0298495238184611e+17 5.149247619093848e+17 0.0 -1485846887962174.8 -5268513497492892.0 0.0 -220100145484690.03 345304995162654.56 0.0 1853988506717675.5 7003124174367959.0 0.0 5064287549628876.0 1.7738988617568904e+16 0.0 1.182083405956754e+16 4.031105520876648e+16 0.0 2.4719149216900084e+16 8.274191893923918e+16 0.0 4.452723578658345e+16 1.462974836725774e+17 0.0 6.722108290342125e+16 2.160457654251944e+17 0.0 8.357929091557568e+16 2.617423625304666e+17 0.0 8.498305856468688e+16 2.5899420814432285e+17 0.0 9.289436462463693e+16 4.644718231233555e+17 0.0 -1323767893532177.2 -4831948782209979.0 0.0 -167699236617778.5 302288705730243.3 0.0 1726036535487647.2 6313306425018827.0 0.0 4636702380262971.0 1.5905333356248404e+16 0.0 1.0779370292523788e+16 3.613626697619182e+16 0.0 2.255813479489819e+16 7.443983716708325e+16 0.0 4.072889704065001e+16 1.3230593427198666e+17 0.0 6.160774168773511e+16 1.9642180835161184e+17 0.0 7.66385497407487e+16 2.389189804648278e+17 0.0 7.77109252235313e+16 2.3651761522849507e+17 0.0 8.473064353892074e+16 4.2365321769472934e+17 0.0 -1191403577182842.5 -4459374436097613.0 0.0 -127815163000278.5 272158040451332.66 0.0 1615226736463280.5 5755151134788038.0 0.0 4278626127981406.5 1.442563924553569e+16 0.0 9913089993265794.0 3.276321102952838e+16 0.0 2.076287077683266e+16 6.770231992477829e+16 0.0 3.757402639773104e+16 1.208902365723449e+17 0.0 5.695629172249472e+16 1.8034160774910797e+17 0.0 7.090795160504051e+16 2.201786758927072e+17 0.0 7.174405930082177e+16 2.1809984962961072e+17 0.0 7.805881193726014e+16 3.902940596864222e+17 0.0 -1080497573793835.4 -4140041165167529.5 0.0 -96305016623900.27 251077186480149.97 0.0 1520158308346833.5 5298812071813386.0 0.0 3978269040541894.0 1.3218705064985944e+16 0.0 9189859243159256.0 3.0009373056182732e+16 0.0 1.926467638848254e+16 6.218062292822482e+16 0.0 3.494057568639525e+16 1.1149098800220253e+17 0.0 5.308030258285009e+16 1.6705028134755562e+17 0.0 6.614371988108595e+16 2.046569093304208e+17 0.0 6.680844857589374e+16 2.0287180374256912e+17 0.0 7.255515755880219e+16 3.627757877940404e+17 0.0 -178304504498141.7 -2654205745945163.0 0.0 -149605135453396.94 259354169269208.72 0.0 -201971140016892.28 4442590863711584.0 0.0 -349551615793680.94 1.0983004972154862e+16 0.0 -663585717343309.0 2.487904013904517e+16 0.0 -1197394743927980.5 5.161284524761015e+16 0.0 -1832669743603417.0 9.27794369865379e+16 0.0 -2162999027656003.2 1.3936726045406746e+17 0.0 -1744774352287291.0 1.709802512427786e+17 0.0 -698666237312993.6 1.6928012170030026e+17 0.0 0.0 4.7583601535987437e+17 0.0 518155270170288.4 -3503953501776546.5 0.0 -230713145317329.22 318368879336438.6 0.0 -1745301071899893.2 4734117250421646.0 0.0 -4160123203299022.5 1.1615536041249742e+16 0.0 -9301576612990406.0 2.6264537538302124e+16 0.0 -1.917404172247015e+16 5.4553454761835016e+16 0.0 -3.4292779185717852e+16 9.830827716850306e+16 0.0 -5.115907619881054e+16 1.4804395080450954e+17 0.0 -6.211226893271864e+16 1.8191125559894112e+17 0.0 -6.059035486418524e+16 1.799698839284825e+17 0.0 -6.413858958735438e+16 3.206929479368714e+17 0.0 507249783045123.94 -3318463249523356.5 0.0 -202003717268636.28 295117203758984.0 0.0 -1622840405968332.2 4449688976536577.5 0.0 -3869206393831337.5 1.0888357672063438e+16 0.0 -8659898229475609.0 2.4616824804780296e+16 0.0 -1.7903476769923216e+16 5.12372953415381e+16 0.0 -3.2152148456656116e+16 9.263011453624603e+16 0.0 -4.8187979597322344e+16 1.399849252977297e+17 0.0 -5.8763493056089736e+16 1.725303627331983e+17 0.0 -5.748376345419678e+16 1.7089959024642454e+17 0.0 -6.089967695407218e+16 3.044983847704529e+17 0.0 496650608616139.56 -3155318704986331.5 0.0 -179514924944240.03 276979256099019.97 0.0 -1520542379790987.2 4209620387090251.0 0.0 -3626622217649410.5 1.0277233662919358e+16 0.0 -8124110532545645.0 2.323139567052224e+16 0.0 -1.6838905783358536e+16 4.844209500635204e+16 0.0 -3.035092407454541e+16 8.782853653903965e+16 0.0 -4.567635195696451e+16 1.3314862637622237e+17 0.0 -5.592130711675807e+16 1.6455517709612006e+17 0.0 -5.4843273596732424e+16 1.631900053271702e+17 0.0 -5.81500490881286e+16 2.907502454407887e+17 0.0 487092979859342.1 -3014459925605268.5 0.0 -161909308475298.9 262717998539641.9 0.0 -1434696377055941.5 4006447153415984.5 0.0 -3422881431236141.0 9760425229836174.0 0.0 -7673658015131748.0 2.2059499713999436e+16 0.0 -1.5941157104799256e+16 4.6072393802705976e+16 0.0 -2.8826175711900292e+16 8.374613254766797e+16 0.0 -4.3541583463909096e+16 1.2732009086515525e+17 0.0 -5.3496970301458024e+16 1.5774186909328893e+17 0.0 -5.2587833386429544e+16 1.5660414757407766e+17 0.0 -5.580362522736333e+16 2.7901812613684346e+17 0.0 478518255546134.0 -2892630224441697.5 0.0 -147355099492632.47 251140786081754.8 0.0 -1362187532936066.5 3833543869614639.5 0.0 -3250679446319299.5 9320975610588366.0 0.0 -7292603785123220.0 2.106283837449353e+16 0.0 -1.5179923481408644e+16 4.405325798103985e+16 0.0 -2.7528679331980916e+16 8.025874885802326e+16 0.0 -4.171844203626256e+16 1.2232864273311994e+17 0.0 -5.141996000638532e+16 1.5189631296553456e+17 0.0 -5.0652989054490856e+16 1.5095372512754906e+17 0.0 -5.379222261569514e+16 2.6896111307863523e+17 0.0 470855358008887.56 -2787079052715549.5 0.0 -135224235158974.6 241626910784292.97 0.0 -1300593624537757.5 3685691882171262.5 0.0 -3104324985970344.5 8945518828964437.0 0.0 -6968499003358812.0 2.0211175005533944e+16 0.0 -1.4531134803556908e+16 4.2325173466101064e+16 0.0 -2.6419482110010836e+16 7.72674005225735e+16 0.0 -4.015492138053531e+16 1.1803756512961389e+17 0.0 -4.963371295883786e+16 1.4686258072180384e+17 0.0 -4.898700023427599e+16 1.4608774385005238e+17 0.0 -5.206131933355259e+16 2.6030659666796086e+17 0.0 464031764382188.06 -2695487284400564.5 0.0 -125037070166763.61 233722752513675.84 0.0 -1248010038622721.8 3558740103407328.0 0.0 -2979335844253473.5 8623418422139478.0 0.0 -6691538923373133.0 1.948047922856371e+16 0.0 -1.3975694260962796e+16 4.084052425944452e+16 0.0 -2.5467453329502576e+16 7.469244018171018e+16 0.0 -3.880920177887238e+16 1.14336451578687e+17 0.0 -4.809248891560334e+16 1.4251440757891069e+17 0.0 -4.754798349427947e+16 1.4188408509436832e+17 0.0 -5.0566928949817624e+16 2.5283464474927155e+17 0.0 457978300414930.56 -2615900820266673.0 0.0 -116422710345725.36 227092470633346.5 0.0 -1202924288883267.8 3449356975619279.0 0.0 -2872147844614810.0 8346136314952642.0 0.0 -6453911539992313.0 1.885143886084967e+16 0.0 -1.3498380961509418e+16 3.956092784997328e+16 0.0 -2.464752405011342e+16 7.246933927211413e+16 0.0 -3.764739201913738e+16 1.1113547427916488e+17 0.0 -4.675902464912492e+16 1.3874878278626733e+17 0.0 -4.6301779426992376e+16 1.3824321611863109e+17 0.0 -4.9273280006008664e+16 2.463664000302117e+17 0.0 452631097609476.94 -2546672950638012.5 0.0 -109091176024530.48 221484120156193.7 0.0 -1164124527570622.8 3354846795369294.0 0.0 -2779902017743206.5 8106764489957722.0 0.0 -6249339670606952.0 1.8308413616736796e+16 0.0 -1.3086913317033578e+16 3.8455198462656536e+16 0.0 -2.3939354498734948e+16 7.054544976157475e+16 0.0 -3.664183234650977e+16 1.0836105060157563e+17 0.0 -4.560275697173468e+16 1.3548109776405112e+17 0.0 -4.522033258410535e+16 1.3508343901681194e+17 0.0 -4.8151067836014584e+16 2.4075533918018192e+17 0.0 447932271429675.44 -2486415153679056.0 0.0 -102813457021073.55 216706174199473.72 0.0 -1130631881134145.0 3273012209266181.0 0.0 -2700286842586641.5 7899673666480167.0 0.0 -6072740447528504.0 1.7838648285965676e+16 0.0 -1.2731308901986018e+16 3.749782814593043e+16 0.0 -2.332632918231063e+16 6.887754315614947e+16 0.0 -3.576980509712365e+16 1.0595253569022258e+17 0.0 -4.459846638461799e+16 1.3264143720592962e+17 0.0 -4.428045946434993e+16 1.323372717969954e+17 0.0 -4.717612750842065e+16 2.3588063754220403e+17 0.0 443830029413825.25 -2433955572483113.5 0.0 -97406993385505.84 212611118568027.06 0.0 -1101649820120383.1 3202050241039727.5 0.0 -2631419988866866.5 7720247162587993.0 0.0 -5919969370656762.0 1.743167539978805e+16 0.0 -1.242340049836374e+16 3.6667828320251544e+16 0.0 -2.2794791605936588e+16 6.742992380293518e+16 0.0 -3.501254550986656e+16 1.0385967611712752e+17 0.0 -4.372523144993927e+16 1.3017171899906066e+17 0.0 -4.346289942637143e+16 1.2994866634297597e+17 0.0 -4.632841738792567e+16 2.3164208693984758e+17 0.0 440278546547627.06 -2388304316502598.0 0.0 -92724958443645.14 209083882628403.4 0.0 -1076525881749136.1 3140472957768651.5 0.0 -2571758774678428.0 7564677472927345.0 0.0 -5787626038481635.0 1.707885779173831e+16 0.0 -1.2156466800253598e+16 3.5947838871493696e+16 0.0 -2.2333456289818104e+16 6.617297090020005e+16 0.0 -3.435447639541247e+16 1.0204063411969547e+17 0.0 -4.29656155451456e+16 1.2802347097016589e+17 0.0 -4.2751577032922296e+16 1.2787085156222458e+17 0.0 -4.559123378896298e+16 2.279561689450309e+17 0.0 437237750530691.3 -2348624616404161.5 0.0 -88647848265324.08 206033470717470.22 0.0 -1054722456537175.9 3087046415821247.5 0.0 -2520031743841151.5 7429809501015056.0 0.0 -5672905380940018.0 1.6773035490723528e+16 0.0 -1.192494822463471e+16 3.5323437762674264e+16 0.0 -2.1932953408457544e+16 6.508200353243828e+16 0.0 -3.3782611590038524e+16 1.0046044357429978e+17 0.0 -4.230502982969027e+16 1.2615609006717994e+17 0.0 -4.213302444247223e+16 1.2606464826319357e+17 0.0 -4.495059927087475e+16 2.2475299635461946e+17 0.0 434672788752910.1 -2314207461383929.0 0.0 -85071857630455.2 203385181956702.88 0.0 -1035794175101934.5 3040742919785841.0 0.0 -2475185951732415.5 7313018852038240.0 0.0 -5573482824486362.0 1.6508251183764694e+16 0.0 -1.1724226550695612e+16 3.4782602336157224e+16 0.0 -2.158547362032734e+16 6.4136391287573416e+16 0.0 -3.3286087848001044e+16 9.908979548822152e+16 0.0 -4.17312310312421e+16 1.2453547026527594e+17 0.0 -4.1595926082051544e+16 1.2449714334289925e+17 0.0 -4.439478268412042e+16 2.2197391342070275e+17 0.0 432549604006797.25 -2284430898142110.5 0.0 -81924715796868.31 201083082360729.7 0.0 -1019361944504528.0 3000696258268780.5 0.0 -2436346054601155.0 7212116717885242.0 0.0 -5487425017979432.0 1.627953539033801e+16 0.0 -1.1550452895798864e+16 3.4315286384690908e+16 0.0 -2.1284489299122308e+16 6.331885319890403e+16 0.0 -3.285579534353631e+16 9.790407717086093e+16 0.0 -4.123392325462032e+16 1.2313291477287602e+17 0.0 -4.1130757577272376e+16 1.2314064019265221e+17 0.0 -4.3913920138817816e+16 2.1956960069429427e+17 0.0 430849914118587.25 -2258819700438031.0 0.0 -79147916147416.02 199088190286597.0 0.0 -1005114111028286.6 2966195432605462.5 0.0 -2402780125302380.0 7125268443736275.0 0.0 -5413119986532858.0 1.6082737422579636e+16 0.0 -1.1400412611737434e+16 3.3913086342110424e+16 0.0 -2.1024534489167484e+16 6.2614902332269304e+16 0.0 -3.2484084476553132e+16 9.688260836649653e+16 0.0 -4.080444071698056e+16 1.2192426937060566e+17 0.0 -4.0729497981856776e+16 1.2197182340795998e+17 0.0 -4.349971401897801e+16 2.1749857009500765e+17 0.0 429554333530762.0 -2236948467528805.5 0.0 -76679079307400.12 197363814039641.2 0.0 -992813701556818.0 2936648049483497.0 0.0 -2373877250967116.5 7050942615103830.0 0.0 -5349222187885463.0 1.5914391776476356e+16 0.0 -1.1271418641416236e+16 3.356897671067678e+16 0.0 -2.0801030407059476e+16 6.201240401668349e+16 0.0 -3.2164532232257076e+16 9.600803162544258e+16 0.0 -4.043549399703095e+16 1.208892292699516e+17 0.0 -4.0385399523098616e+16 1.2097109132565154e+17 0.0 -4.314519293385903e+16 2.157259646695452e+17 0.0 428648312829302.44 -2218461016081265.8 0.0 -74465723646782.7 195862782027121.88 0.0 -982249555732781.6 2911555940824940.0 0.0 -2349133913553974.5 6987882883511968.0 0.0 -5294609102668688.0 1.577161219200803e+16 0.0 -1.1161227007381338e+16 3.3277099750619516e+16 0.0 -2.0610146588933932e+16 6.15012235360091e+16 0.0 -3.1891755492396996e+16 9.526582457092043e+16 0.0 -4.012096658846534e+16 1.2001078343517936e+17 0.0 -4.009280288169631e+16 1.2012202130363131e+17 0.0 -4.284451973164898e+16 2.142225986585683e+17 0.0 428122067516321.3 -2203061491412333.8 0.0 -72467222246380.3 194558372969431.88 0.0 -973225979996198.0 2890499263899102.0 0.0 -2328126559251736.5 6935035656224055.0 0.0 -5248346831428812.0 1.565200753555479e+16 0.0 -1.106796966194451e+16 3.3032598112766416e+16 0.0 -2.044869014541934e+16 6.107294487141728e+16 0.0 -3.1661261552006604e+16 9.464390938133099e+16 0.0 -3.985575076079525e+16 1.192747686666565e+17 0.0 -3.984698880145138e+16 1.1941094108122155e+17 0.0 -4.259283780662997e+16 2.129641890333218e+17 0.0 427970562385328.4 -2190507176385800.0 0.0 -70610981007065.14 193415770897595.03 0.0 -965592529995675.0 2873136879639561.5 0.0 -2310504204206350.5 6891535864729738.0 0.0 -5209662791736279.0 1.5553615079467652e+16 0.0 -1.099010108201217e+16 3.2831481820841524e+16 0.0 -2.0314017410135324e+16 6.072064658023134e+16 0.0 -3.146932861844854e+16 9.41323415088738e+16 0.0 -3.963561711727097e+16 1.1866951317239995e+17 0.0 -3.964405913340373e+16 1.1882658514399626e+17 0.0 -4.2386148218427224e+16 2.1193074109221757e+17 0.0 428165184231310.2 -2180460868343641.5 0.0 -68882851091060.805 192421572738899.72 0.0 -959212191221302.2 2859154782935904.5 0.0 -2295978552442098.0 6856683731664241.0 0.0 -5177924084225275.0 1.547484783759482e+16 0.0 -1.0926355887214286e+16 3.2670523099281244e+16 0.0 -2.0203963667658096e+16 6.0438724230762856e+16 0.0 -3.1312910069421588e+16 9.37230611168565e+16 0.0 -3.945711038228138e+16 1.181855526733536e+17 0.0 -3.948084242704785e+16 1.1835982265902963e+17 0.0 -4.222121224515724e+16 2.1110606122589533e+17 0.0 428723324161048.25 -2172833695268304.2 0.0 -67331096160030.89 191585408435347.28 0.0 -953988630623237.9 2848350871028442.5 0.0 -2284316193318024.5 6829926616216194.0 0.0 -5152620437294938.0 1.5414453412880576e+16 0.0 -1.087571540008703e+16 3.254717407602018e+16 0.0 -2.0116787622670892e+16 6.022275120354016e+16 0.0 -3.1189559034318776e+16 9.340969857368976e+16 0.0 -3.93174657500972e+16 1.1781540679975973e+17 0.0 -3.935481899306915e+16 1.180034428306399e+17 0.0 -4.2095474804964504e+16 2.1047737402497446e+17 0.0 429683638145203.3 -2167657015030237.0 0.0 -65913613003781.47 190888541182955.34 0.0 -949852539009316.8 2840596498536336.5 0.0 -2275332496622503.5 6810845092493047.0 0.0 -5133350901790962.0 1.5371482450121508e+16 0.0 -1.0837381561924464e+16 3.245950362938794e+16 0.0 -2.0051128033773936e+16 6.0069371654602504e+16 0.0 -3.10973695247114e+16 9.318742469879654e+16 0.0 -3.921454450261143e+16 1.1755340716437882e+17 0.0 -3.9264063033115656e+16 1.1775198979421971e+17 0.0 -4.200700558994366e+16 2.1003502794981008e+17 0.0 431060580298926.1 -2164851182043022.2 0.0 -64569211402564.73 190307133013747.0 0.0 -946739414845562.8 2835772012442388.0 0.0 -2268886914569490.0 6799142631317320.0 0.0 -5119813671732801.0 1.534526527659243e+16 0.0 -1.0810757014030676e+16 3.2406150602659732e+16 0.0 -2.0005970625934788e+16 5.997622113795767e+16 0.0 -3.1034931553955908e+16 9.30528395629273e+16 0.0 -3.914678524771627e+16 1.1739556974459043e+17 0.0 -3.920719938667145e+16 1.1760164031819115e+17 0.0 -4.195445552871543e+16 2.0977227764375792e+17 0.0 -2378227933938.04 -3030122334370028.5 0.0 -73526994370364.58 217193231816379.38 0.0 -1081125994143791.1 3238948808337902.5 0.0 -2591108421087071.5 7765836012504201.0 0.0 -5847098861576995.0 1.7527175196317564e+16 0.0 -1.2346928034095054e+16 3.701476308326492e+16 0.0 -2.284983225973883e+16 6.8507962818137496e+16 0.0 -3.54485421242112e+16 1.0629386354749102e+17 0.0 -4.471670131163957e+16 1.3410548059045122e+17 0.0 -4.4788100499059256e+16 1.3434441418067886e+17 0.0 -7.338979697514976e+16 2.201693909258625e+17 0.0
    </DataArray>
    <DataArray type="Float32" Name="Ion drift flux Density [Am^-2]" NumberOfComponents="3" format="ascii">
-1.0489183329362061e+29 1.0865701934654298e+30 0.0 7.116402867974464e+28 7.943163091112439e+29 0.0 1.711482454400929e+29 1.3817671501552578e+30 0.0 2.812581497003111e+29 1.9295801742324568e+30 0.0 3.9704157775373036e+29 2.467532593664296e+30 0.0 5.257211939716561e+29 3.025724624902693e+30 0.0 6.926459884817737e+29 3.650517927028103e+30 0.0 9.851994856785264e+29 4.490418937782739e+30 0.0 1.6279101379397148e+30 5.918713317100661e+30 0.0 2.0253845362468748e+30 6.165054696735737e+30 0.0 1.7435389144769067e+30 5.230616743431204e+30 0.0 5.732845215283597e+28 5.816351929844043e+29 0.0 4.144752210928445e+28 5.272121507314932e+29 0.0 1.0404378626720596e+29 9.400987639019595e+29 0.0 1.7437567603782145e+29 1.3396632117679666e+30 0.0 2.5244425288633484e+29 1.745277604453647e+30 0.0 3.4428895031577116e+29 2.1727105823712837e+30 0.0 4.717028810351352e+29 2.6553771875595707e+30 0.0 7.089396492731788e+29 3.3126085862828014e+30 0.0 1.2218570508216482e+30 4.406038777376518e+30 0.0 1.5092085031505742e+30 4.546673901437212e+30 0.0 8.914826286260395e+29 4.457413143130548e+30 0.0 6.124419237720923e+27 2.904512078604549e+29 0.0 -3.4190249299011785e+28 2.6027024736310996e+29 0.0 -5.165676322208297e+28 4.9699262891445644e+29 0.0 -6.249745839345887e+28 7.357546996621846e+29 0.0 -6.148503337258542e+28 9.956432144531728e+29 0.0 -3.8975672683878964e+28 1.282526995068109e+30 0.0 3.418247459857347e+28 1.6195271045673546e+30 0.0 2.4102539004926355e+29 2.0951588696200402e+30 0.0 7.015170317387955e+29 2.815347211434657e+30 0.0 9.659221776172569e+29 2.818923064297824e+30 0.0 6.49986321904832e+29 3.249931609524346e+30 0.0 5.6233303706467146e+26 1.2086914856652274e+29 0.0 -1.8761991911320456e+28 9.975054198611329e+28 0.0 -4.754062755063973e+28 2.113667461874259e+29 0.0 -8.145988791736476e+28 3.282694693807693e+29 0.0 -1.0997306330284584e+29 4.617562404703987e+29 0.0 -1.1578379214647252e+29 6.180633636889811e+29 0.0 -6.599251186747954e+28 8.150572979944852e+29 0.0 9.98484567619118e+28 1.0980209833048113e+30 0.0 3.962802291131771e+29 1.44252108472169e+30 0.0 5.205634308692165e+29 1.4073370251758246e+30 0.0 4.038621847029101e+29 2.0193109235146663e+30 0.0 1.9649674418355742e+27 5.357240770783538e+28 0.0 -4.0800723957150244e+27 3.648903925628643e+28 0.0 -1.4879352031793217e+28 7.79086979861295e+28 0.0 -3.0176761730631986e+28 1.2514969336650808e+29 0.0 -4.390263927655026e+28 1.8355287576849438e+29 0.0 -4.256645362218651e+28 2.5882283181849184e+29 0.0 -3.212780422336569e+27 3.594244021499752e+29 0.0 9.47935902811489e+28 4.9409922772843534e+29 0.0 2.196165657307494e+29 6.239871362216397e+29 0.0 2.589167230156534e+29 6.386652881836958e+29 0.0 2.2618189845491316e+29 1.1309094922746299e+30 0.0 1.9288548511987593e+27 2.7560904329686876e+28 0.0 4.1757710442259034e+25 1.6455804290112648e+28 0.0 -1.2953580682971532e+27 3.273733370910587e+28 0.0 -2.377812849693849e+27 5.086461338200358e+28 0.0 -3.676910951931801e+26 7.19598213517921e+28 0.0 9.390248659507556e+27 1.0156715724343821e+29 0.0 3.32795116582901e+28 1.4426241363931296e+29 0.0 7.304331770507877e+28 2.006519145739638e+29 0.0 1.1498192808209677e+29 2.60048666828516e+29 0.0 1.281169277590921e+29 2.9437886947097108e+29 0.0 1.2074369099844821e+29 6.037184549922637e+29 0.0 1.3645207018360098e+27 1.592721887706494e+28 0.0 8.095969611636206e+26 9.00601593993605e+27 0.0 1.7486182374253548e+27 1.7319126770067394e+28 0.0 4.150402645116904e+27 2.736710381295783e+28 0.0 9.230384921902827e+27 3.8237142015846917e+28 0.0 1.7951991524785734e+28 5.172187307257405e+28 0.0 3.0991146759940095e+28 7.036036623561908e+28 0.0 4.7447324671298085e+28 9.527621236941786e+28 0.0 6.234327941815338e+28 1.2352289889753369e+29 0.0 6.55478667653267e+28 1.4518152273584255e+29 0.0 6.428869034127927e+28 3.214434517064067e+29 0.0 9.028715975327056e+26 9.904275035369973e+27 0.0 7.587626642260183e+26 5.447459374454464e+27 0.0 1.8381320128072688e+27 1.0262461636421908e+28 0.0 4.2101494177988186e+27 1.6789333558473876e+28 0.0 8.547152464836415e+27 2.433592241812844e+28 0.0 1.4920753814068263e+28 3.2940857956302658e+28 0.0 2.267857441017916e+28 4.316138220757904e+28 0.0 3.034791660221072e+28 5.5003841109219465e+28 0.0 3.5400913798069073e+28 6.703875702099603e+28 0.0 3.4989069232163384e+28 7.692058569906813e+28 0.0 3.5131108195934426e+28 1.7565554097968156e+29 0.0 5.843355127298461e+26 6.393136106289352e+27 0.0 5.474847749085159e+26 3.446365112825581e+27 0.0 1.3289988895097894e+27 6.361845724916418e+27 0.0 2.9754652156074166e+27 1.0616829243037845e+28 0.0 5.886803039363457e+27 1.5852518923814746e+28 0.0 1.0024771804089934e+28 2.16896275118479e+28 0.0 1.4693714045985244e+28 2.7868368176939937e+28 0.0 1.866207073429299e+28 3.3964928022663727e+28 0.0 2.052126219340455e+28 3.92197073570082e+28 0.0 1.9575675774245497e+28 4.355827547260423e+28 0.0 1.999114753329062e+28 9.99557376664579e+28 0.0 3.607306386416409e+26 4.165943677627082e+27 0.0 3.462772938712316e+26 2.2104434676209667e+27 0.0 8.394152226065815e+26 4.0150726417445443e+27 0.0 1.8602246233363309e+27 6.780303836714948e+27 0.0 3.6432039812836746e+27 1.0337663125733075e+28 0.0 6.163755168202333e+27 1.4292003511344683e+28 0.0 8.959411089206912e+27 1.8197944925931326e+28 0.0 1.1211147394632123e+28 2.159413095096319e+28 0.0 1.2114861361683498e+28 2.412198497243827e+28 0.0 1.1482528947429895e+28 2.62047803765362e+28 0.0 1.1927268063296514e+28 5.963634031648671e+28 0.0 1.9690626953454807e+26 2.6765332022445257e+27 0.0 1.9244257310959406e+26 1.4098578692622172e+27 0.0 4.884581162661501e+26 2.546479906710246e+27 0.0 1.0967833262284645e+27 4.3505287238859894e+27 0.0 2.157657759059327e+27 6.765319052784285e+27 0.0 3.673293957969657e+27 9.494924823878004e+27 0.0 5.378161139398192e+27 1.2112074016751886e+28 0.0 6.779500214949022e+27 1.4222278367189132e+28 0.0 7.404031236736836e+27 1.5670102115062196e+28 0.0 7.063654996148051e+27 1.6703607903648498e+28 0.0 7.486623422774154e+27 3.7433117113874548e+28 0.0 7.350840751560153e+25 1.650270313781683e+27 0.0 8.818214415746128e+25 8.845467708206068e+26 0.0 2.6684633315019398e+26 1.6069728112411617e+27 0.0 6.274856803431733e+26 2.790304602593728e+27 0.0 1.2617010685638317e+27 4.4552479337555894e+27 0.0 2.1929055008652614e+27 6.418479722412921e+27 0.0 3.284934357358201e+27 8.341745108228121e+27 0.0 4.253433342861967e+27 9.885866954651521e+27 0.0 4.74919493402119e+27 1.0844170120903859e+28 0.0 4.554721057320784e+27 1.126267433215638e+28 0.0 4.954009624866483e+27 2.477004812433529e+28 0.0 -2.5619438062122147e+25 9.348785179337139e+26 0.0 2.9943082620915464e+25 5.340870141700892e+26 0.0 1.4411378108586997e+26 1.0016032399541172e+27 0.0 3.6110481321018365e+26 1.790456856636655e+27 0.0 7.498141864538726e+26 2.974325073978249e+27 0.0 1.356353066849675e+27 4.495018071656951e+27 0.0 2.0880019197077448e+27 6.022982651056491e+27 0.0 2.7959500275956976e+27 7.281289957644836e+27 0.0 3.1805390990419564e+27 7.921633138484318e+27 0.0 3.0747486114184386e+27 8.011301149917496e+27 0.0 3.460314090526155e+27 1.7301570452632603e+28 0.0 -4.430358098862665e+23 4.696998942022822e+26 0.0 2.168633616867152e+25 2.5130145279878644e+26 0.0 6.821535508207921e+25 4.5451221056650595e+26 0.0 1.8172867331828924e+26 9.363164899080395e+26 0.0 4.364115742807204e+26 1.891369428368391e+27 0.0 9.33447171631808e+26 3.505789757915981e+27 0.0 1.3753561007468302e+27 4.5379264241259703e+27 0.0 1.9120654769015178e+27 5.628871217428725e+27 0.0 2.24286199997029e+27 6.1104583628204e+27 0.0 2.1765375844982558e+27 6.007361563893209e+27 0.0 2.5499244697638286e+27 1.274962234882037e+28 0.0 2.2988847772865793e+25 2.774178477323705e+26 0.0 2.0715304576863383e+25 1.3432268772682509e+26 0.0 4.110315313054338e+25 2.2652732286939426e+26 0.0 9.215969415097039e+25 4.483853469738829e+26 0.0 2.070474186579592e+26 9.147548611109097e+26 0.0 4.314238236492259e+26 1.751107211922974e+27 0.0 8.108778775604842e+26 2.9842053490066815e+27 0.0 1.3262368288342684e+27 4.442285500725898e+27 0.0 1.7867901416741945e+27 5.520941154961071e+27 0.0 1.600915499407034e+27 4.741275648596719e+27 0.0 1.9797875336727306e+27 9.898937668364968e+27 0.0 2.5318469738825085e+25 1.894816042261197e+26 0.0 1.7820818234427198e+25 8.430967148086089e+25 0.0 2.903471355325833e+25 1.3393394049169122e+26 0.0 5.881720113473968e+25 2.5902401068483967e+26 0.0 1.274642721320988e+26 5.345274391604408e+26 0.0 2.6544393929273706e+26 1.0597958330270626e+27 0.0 4.9881049000299505e+26 1.8888824207852874e+27 0.0 7.975205532764326e+26 2.866922492852986e+27 0.0 1.0544026588032193e+27 3.5930722280756026e+27 0.0 1.2328134312879242e+27 3.85658179377846e+27 0.0 1.628840763608763e+27 8.144203818045318e+27 0.0 2.3391932787902134e+25 1.4441608803390852e+26 0.0 1.5584486672449006e+25 6.2127581080310145e+25 0.0 2.3641615952400326e+25 9.593757040718104e+25 0.0 4.583398479894819e+25 1.8412875965517822e+26 0.0 9.742873637711454e+25 3.8246873543854764e+26 0.0 2.0441394501556657e+26 7.787058812567429e+26 0.0 3.896642365114778e+26 1.4322582228801344e+27 0.0 6.373240172814903e+26 2.2480287522546125e+27 0.0 8.714565924637407e+26 2.92512460425956e+27 0.0 1.029831613967444e+27 3.2485267496973844e+27 0.0 1.3791801086755328e+27 6.895900543378763e+27 0.0 2.0580584837723176e+25 1.1743891725585721e+26 0.0 1.3712478484123704e+25 4.981671740236519e+25 0.0 2.051861875567229e+25 7.650981599130603e+25 0.0 3.934252933334094e+25 1.4729648356160109e+26 0.0 8.255424595428411e+25 3.0608821105678413e+26 0.0 1.7276116456632603e+26 6.287020814724861e+26 0.0 3.3174958862155255e+26 1.1766480124092285e+27 0.0 5.486487329631387e+26 1.8836628558517088e+27 0.0 7.567427666283732e+26 2.495125664333735e+27 0.0 8.900024323946175e+26 2.7975203719404886e+27 0.0 1.1902282135670394e+27 5.951141067836003e+27 0.0 1.7981952504231496e+25 9.92091429943363e+25 0.0 1.2058545860544897e+25 4.159684002071673e+25 0.0 1.8067027471643734e+25 6.377511577057318e+25 0.0 3.45047725878356e+25 1.2278443342912642e+26 0.0 7.200783410190332e+25 2.5540407512817684e+26 0.0 1.5054263509478191e+26 5.277585193046157e+26 0.0 2.9005427314933126e+26 9.981786076725396e+26 0.0 4.8220401220319805e+26 1.6183800972939177e+27 0.0 6.672770728433614e+26 2.1687854944685837e+27 0.0 7.830629725036709e+26 2.4482540959046184e+27 0.0 1.0434244457569832e+27 5.217122228785598e+27 0.0 1.58446185767434e+25 8.59524919146999e+25 0.0 1.065032988051516e+25 3.562874126514568e+25 0.0 1.5986869474827798e+25 5.4431625264994485e+25 0.0 3.0501752847258027e+25 1.0467807490008778e+26 0.0 6.3490739830369345e+25 2.1778514152175513e+26 0.0 1.3283325959655768e+26 4.522542142290277e+26 0.0 2.5685641631222415e+26 8.628050350627184e+26 0.0 4.289499799263872e+26 1.4133536063066577e+27 0.0 5.954159089681968e+26 1.912254980599217e+27 0.0 6.984485620946158e+26 2.1721733196523576e+27 0.0 9.273764139584089e+26 4.63688206979245e+27 0.0 1.4118283535835316e+25 7.583303702859929e+25 0.0 9.481501381813782e+24 3.1104746575784197e+25 0.0 1.4243598040972903e+25 4.731963818038949e+25 0.0 2.71710002426595e+25 9.08478264984279e+25 0.0 5.648659951517451e+25 1.88945086732198e+26 0.0 1.1834435557808538e+26 3.938734708945125e+26 0.0 2.297319957810664e+26 7.569684847271192e+26 0.0 3.855002502154431e+26 1.2512513185414516e+27 0.0 5.370113210160061e+26 1.7073522537497634e+27 0.0 6.303256076128116e+26 1.9508207138391657e+27 0.0 8.343349515624512e+26 4.171674757813147e+27 0.0 1.2723954821720152e+25 6.786606847015242e+25 0.0 8.5208899070159e+24 2.7579306190872463e+25 0.0 1.2798201987658634e+25 4.178415315198264e+25 0.0 2.4408068153185754e+25 8.006356595597631e+25 0.0 5.0701449194277715e+25 1.663912337393981e+26 0.0 1.0640212531306102e+26 3.4791762848393765e+26 0.0 2.0737658930271728e+26 6.728915612487885e+26 0.0 3.496970513940869e+26 1.1211981944805453e+27 0.0 4.890554183889482e+26 1.5416850686543498e+27 0.0 5.7475770384035e+26 1.7712259713061667e+27 0.0 7.588365087616473e+26 3.794182543809229e+27 0.0 1.15878338851569e+25 6.145763209585724e+25 0.0 7.731906885190655e+24 2.4776891236982717e+25 0.0 1.1604383445817405e+25 3.740178821155002e+25 0.0 2.21197498847015e+25 7.152096664669645e+25 0.0 4.591590489647592e+25 1.4849532178953293e+26 0.0 9.652012119545752e+25 3.1125511920402423e+26 0.0 1.888487849917107e+26 6.052825021554909e+26 0.0 3.199873240093037e+26 1.0156951159916076e+27 0.0 4.4933021706869185e+26 1.406358469131801e+27 0.0 5.289429125972116e+26 1.624005721341949e+27 0.0 6.969371243681711e+26 3.484685621841589e+27 0.0 1.0653783465810875e+25 5.622262867455564e+25 0.0 7.081666370638598e+24 2.2514882425410616e+25 0.0 1.0617564948092252e+25 3.388301047444637e+25 0.0 2.022306155823609e+25 6.466544610227216e+25 0.0 4.194800510191169e+25 1.3411917720745038e+26 0.0 8.831260890412702e+25 2.816706865248207e+26 0.0 1.7341894204842316e+26 5.5034635625063926e+26 0.0 2.951889904140454e+26 9.292990692574975e+26 0.0 4.1617823416008566e+26 1.294827483021939e+27 0.0 4.908349562555625e+26 1.502245336940181e+27 0.0 6.457304228196543e+26 3.228652114098986e+27 0.0 9.880796984392456e+24 5.189717357678584e+25 0.0 6.543076702261648e+24 2.0666439825311197e+25 0.0 9.79904111694577e+24 3.1023239178361008e+25 0.0 1.8646372762358497e+25 5.910027279407197e+25 0.0 3.8646630564204395e+25 1.2244333396473958e+26 0.0 8.146818682526481e+25 2.575539428422309e+26 0.0 1.605095777170625e+26 5.0529237603901245e+26 0.0 2.7438106746944202e+26 8.579557367184074e+26 0.0 3.883369081772146e+26 1.2021829974810048e+27 0.0 4.589028621080081e+26 1.400756521705088e+27 0.0 6.0303559675470515e+26 3.015177983773699e+27 0.0 -3.526043003795181e+23 3.3911461724004697e+25 0.0 -2.8607136816885166e+23 1.7108244631522995e+25 0.0 -4.4144594935306426e+23 2.5635376780127415e+25 0.0 -8.486134204311335e+23 4.875948078529402e+25 0.0 -1.7342385494517775e+24 1.0090438120027566e+26 0.0 -3.502419713215359e+24 2.1246866592667698e+26 0.0 -6.351330461439505e+24 4.181470162419706e+26 0.0 -9.362447710131931e+24 7.129918771779612e+26 0.0 -1.0068109666345902e+25 1.0030761821590714e+27 0.0 -6.550873933750914e+24 1.1715906630474953e+27 0.0 0.0 3.9703331444986e+27 0.0 -9.466323637020689e+24 4.55237366603236e+25 0.0 -6.255027556251822e+24 1.8047243603240103e+25 0.0 -9.364647551902308e+24 2.700061361702803e+25 0.0 -1.7786877396436199e+25 5.127944833770228e+25 0.0 -3.674205980788778e+25 1.0600011836890337e+26 0.0 -7.730239546190353e+25 2.233871023807485e+26 0.0 -1.5211566016202133e+26 4.4086031154234976e+26 0.0 -2.5918889301896898e+26 7.546247676932682e+26 0.0 -3.634892113310991e+26 1.0656523925165596e+27 0.0 -4.21315230801512e+26 1.2477217486026333e+27 0.0 -5.369107869830979e+26 2.684553934916077e+27 0.0 -8.895177697798147e+24 4.292571193900762e+25 0.0 -5.85419922138706e+24 1.695702774762707e+25 0.0 -8.747077450376097e+24 2.532869495268882e+25 0.0 -1.658714685245263e+25 4.803890625448789e+25 0.0 -3.4227578343438785e+25 9.920526941565483e+25 0.0 -7.2083909455413525e+25 2.09254519935017e+26 0.0 -1.4228957455778053e+26 4.141296141976757e+26 0.0 -2.4355616664995277e+26 7.117215610224162e+26 0.0 -3.4332148345073165e+26 1.0093706516445499e+27 0.0 -3.998369722888328e+26 1.1859918333135343e+27 0.0 -5.111926284776413e+26 2.5559631423887514e+27 0.0 -8.409962099883974e+24 4.071670644286375e+25 0.0 -5.518773249930474e+24 1.6041947221509281e+25 0.0 -8.230769360033788e+24 2.392390428504294e+25 0.0 -1.5587133046668125e+25 4.532104888164214e+25 0.0 -3.2134266535289717e+25 9.35099193472531e+25 0.0 -6.773304356158008e+25 1.9738948568787435e+26 0.0 -1.340663574864899e+26 3.916099972135936e+26 0.0 -2.304063149853894e+26 6.75418409869109e+26 0.0 -3.262627029012633e+26 9.61543645848186e+26 0.0 -3.815768495662841e+26 1.1333703127031741e+27 0.0 -4.892428064781295e+26 2.4462140323915132e+27 0.0 -7.995804082732648e+24 3.882958431593361e+25 0.0 -5.234598756914494e+24 1.5264565412476814e+25 0.0 -7.795864547953221e+24 2.273587806598441e+25 0.0 -1.4746986953726216e+25 4.302635046536809e+25 0.0 -3.037772806502442e+25 8.870447891677899e+25 0.0 -6.407825554312269e+25 1.87366057927096e+26 0.0 -1.271363776113429e+26 3.7252765000845905e+26 0.0 -2.1927570963597252e+26 6.445386056144786e+26 0.0 -3.1175408333232035e+26 9.2070844203973e+26 0.0 -3.6597760897490726e+26 1.0883157203463748e+27 0.0 -4.704288283071976e+26 2.3521441415361475e+27 0.0 -7.640852688573582e+24 3.721083704467227e+25 0.0 -4.992526192754533e+24 1.460085961208484e+25 0.0 -7.427171215598039e+24 2.172549081043585e+25 0.0 -1.4036353827630936e+25 4.10776467360632e+25 0.0 -2.889365831743732e+25 8.462631925584448e+25 0.0 -6.098775684645706e+25 1.7885093524054442e+26 0.0 -1.2126048867559189e+26 3.5627485335637766e+26 0.0 -2.0980241659997747e+26 6.181499653817248e+26 0.0 -2.9935446518678248e+26 8.856968306240516e+26 0.0 -3.525947838373292e+26 1.0495905369142996e+27 0.0 -4.542420613289284e+26 2.2712103066455944e+27 0.0 -7.335560559676195e+24 3.5817382655039776e+25 0.0 -4.7853542665598426e+24 1.4031771098867672e+25 0.0 -7.112893472573128e+24 2.08619935791888e+25 0.0 -1.3431772574177804e+25 3.941443070771379e+25 0.0 -2.7632383031332027e+25 8.114787879367876e+25 0.0 -5.835934374847845e+25 1.7158167614657935e+26 0.0 -1.1625186988803025e+26 3.423699013159279e+26 0.0 -2.0170103488557517e+26 5.955077863013319e+26 0.0 -2.8871245557230175e+26 8.55568638787961e+26 0.0 -3.410709937989745e+26 1.0161936658144839e+27 0.0 -4.402703262442125e+26 2.2013516312222444e+27 0.0 -7.07216986277242e+24 3.4614242611414706e+25 0.0 -4.6073459608014554e+24 1.3542027380374825e+25 0.0 -6.843752182026992e+24 2.0120967042252363e+25 0.0 -1.2914873312632266e+25 3.7988764968323604e+25 0.0 -2.655504887540324e+25 7.816810153597676e+25 0.0 -5.611297373369045e+25 1.6535010781156902e+26 0.0 -1.1196302682313586e+26 3.304276733954672e+26 0.0 -1.947443745392829e+26 5.7601244883965495e+26 0.0 -2.795458008107251e+26 8.295616987777617e+26 0.0 -3.3111669192253765e+26 9.873095719621893e+26 0.0 -4.2817725083669484e+26 2.1408862541845723e+27 0.0 -6.844332360009447e+24 3.3572814472102627e+25 0.0 -4.453884372943384e+24 1.3119282862124836e+25 0.0 -6.61236449287325e+24 1.948283537347785e+25 0.0 -1.2471105235641558e+25 3.676231189230584e+25 0.0 -2.5630922149681726e+25 7.560619454053823e+25 0.0 -5.418517966550588e+25 1.5998933488408184e+26 0.0 -1.0827637312574636e+26 3.201378073487025e+26 0.0 -1.887499827970576e+26 5.591776135135929e+26 0.0 -2.7162598370150446e+26 8.070539485837848e+26 0.0 -3.224956126433727e+26 9.622695596202474e+26 0.0 -4.1768655800886204e+26 2.0884327900453194e+27 0.0 -6.646822152106272e+24 3.2669564334593304e+25 0.0 -4.321221869943867e+24 1.275348108893078e+25 0.0 -6.412797440804581e+24 1.8931772205980137e+25 0.0 -1.2088823300197088e+25 3.57041482749367e+25 0.0 -2.483544374418494e+25 7.339702270941197e+25 0.0 -5.252514801926479e+25 1.5536448968231237e+26 0.0 -1.0509732308988921e+26 3.112483432254582e+26 0.0 -1.835701373848781e+26 5.4460615272551066e+26 0.0 -2.6476663405440946e+26 7.875345054439683e+26 0.0 -3.150136990719095e+26 9.405220792889355e+26 0.0 -4.085699980127156e+26 2.0428499900642313e+27 0.0 -6.475314864678409e+24 3.188502341729184e+25 0.0 -4.2062937109753334e+24 1.2436374738933976e+25 0.0 -6.240241316581988e+24 1.8454885254826071e+25 0.0 -1.175862241653531e+25 3.4789138692737067e+25 0.0 -2.414880924321801e+25 7.148767485985249e+25 0.0 -5.109183950688045e+25 1.5136579677918382e+26 0.0 -1.0234917148124008e+26 3.0355335802870287e+26 0.0 -1.7908434446828425e+26 5.319717862911327e+26 0.0 -2.5881473671377093e+26 7.705814134561573e+26 0.0 -3.0851061028665703e+26 9.216097655662151e+26 0.0 -4.006380042697103e+26 2.003190021349157e+27 0.0 -6.326215829004962e+24 3.1203009689666637e+25 0.0 -4.106577428176005e+24 1.216116009050397e+25 0.0 -6.090767082167966e+24 1.8041601803659886e+25 0.0 -1.147284522112046e+25 3.3996711816686172e+25 0.0 -2.35549189198776e+25 6.9834877391398814e+25 0.0 -4.9851849793817e+25 1.479033243659821e+26 0.0 -9.996925844607204e+25 2.9688353807871078e+26 0.0 -1.751936625850107e+26 5.210049603821261e+26 0.0 -2.5364390715213018e+26 7.558443988683208e+26 0.0 -3.0285315832201907e+26 9.051515511886941e+26 0.0 -3.937324047241224e+26 1.968662023621929e+27 0.0 -6.196525146973092e+24 3.061001878447914e+25 0.0 -4.019985349507395e+24 1.1922195751939908e+25 0.0 -5.961143825988475e+24 1.7683200851607052e+25 0.0 -1.1225213522790245e+25 3.3309930794011954e+25 0.0 -2.304059192547663e+25 6.840302809285256e+25 0.0 -4.87778024458539e+25 1.4490297753234904e+26 0.0 -9.790606839539536e+25 2.910989340548121e+26 0.0 -1.718163702571434e+26 5.11481910939095e+26 0.0 -2.4914920820369616e+26 7.430314163364165e+26 0.0 -2.9793020014387015e+26 8.908286430761644e+26 0.0 -3.877206982417229e+26 1.9386034912099124e+27 0.0 -6.083730955300132e+24 3.009474392471984e+25 0.0 -3.944781587921397e+24 1.1714784361647506e+25 0.0 -5.848699806576522e+24 1.7372453659319028e+25 0.0 -1.1010549162480837e+25 3.2714780651180272e+25 0.0 -2.2594971710635667e+25 6.716268845088798e+25 0.0 -4.784712928484002e+25 1.423034148507536e+26 0.0 -9.611701489490666e+25 2.860833521247815e+26 0.0 -1.68884631493515e+26 5.032161362318418e+26 0.0 -2.4524312491701457e+26 7.318980871852223e+26 0.0 -2.9364863524662703e+26 8.783734597060258e+26 0.0 -3.8249153242049056e+26 1.912457662103931e+27 0.0 -5.985724505856813e+24 2.964769525468601e+25 0.0 -3.8795182381371665e+24 1.153500450916757e+25 0.0 -5.751215596737117e+24 1.7103345301084832e+25 0.0 -1.0824560413884122e+25 3.2199617596044503e+25 0.0 -2.220907164697593e+25 6.608941843892798e+25 0.0 -4.704113605774672e+25 1.4005365795077707e+26 0.0 -9.456673473704521e+25 2.8173998220189183e+26 0.0 -1.6634190928241186e+26 4.9605170664129975e+26 0.0 -2.418524168980774e+26 7.222393604815745e+26 0.0 -2.8993024995205016e+26 8.675608563949581e+26 0.0 -3.779511109224931e+26 1.889755554613072e+27 0.0 -5.900732284579773e+24 2.926089648294116e+25 0.0 -3.8229971289488495e+24 1.1379613630128107e+25 0.0 -5.666841181680299e+24 1.6870857395910354e+25 0.0 -1.0663677039084503e+25 3.175474032297198e+25 0.0 -2.1875424669905444e+25 6.516286959638722e+25 0.0 -4.634428057414619e+25 1.3811122595735796e+26 0.0 -9.322576379065835e+25 2.779879695318979e+26 0.0 -1.6414094492623237e+26 4.898579865144438e+26 0.0 -2.3891564110121844e+26 7.138828953785194e+26 0.0 -2.8670921524073283e+26 8.582011314053098e+26 0.0 -3.7402032545853194e+26 1.870101627293895e+27 0.0 -5.827261511097652e+24 2.892764199506843e+25 0.0 -3.774184398877995e+24 1.1245806969518348e+25 0.0 -5.594046180192754e+24 1.6670842246070538e+25 0.0 -1.0524921906088932e+25 3.1372054178814876e+25 0.0 -2.1587810995172624e+25 6.4366074786017486e+25 0.0 -4.574361078922944e+25 1.3644067107945798e+26 0.0 -9.206950198747259e+25 2.7475971170606852e+26 0.0 -1.622421694168775e+26 4.845254500320733e+26 0.0 -2.363811912894441e+26 7.066837865702716e+26 0.0 -2.839300931028985e+26 8.501344286994651e+26 0.0 -3.706324570690407e+26 1.8531622853459124e+27 0.0 -5.764056333845051e+24 2.864230220756167e+25 0.0 -3.7322285179396983e+24 1.1131281432859848e+25 0.0 -5.531550601273372e+24 1.6499833870553036e+25 0.0 -1.0405810391299087e+25 3.1044806749616423e+25 0.0 -2.1341045085023034e+25 6.368488917304601e+25 0.0 -4.5228324591829264e+25 1.3501242366152414e+26 0.0 -9.107739955201997e+25 2.7199871855901762e+26 0.0 -1.6061244786128756e+26 4.799623518259221e+26 0.0 -2.342057391858348e+26 7.005203460856984e+26 0.0 -2.8154624188192737e+26 8.432262446136635e+26 0.0 -3.677313281745064e+26 1.8386566408740394e+27 0.0 -5.710062485857373e+24 2.8400166969565507e+25 0.0 -3.6964167773744496e+24 1.1034114420307694e+25 0.0 -5.47824267904645e+24 1.6354816674250125e+25 0.0 -1.0304271078809848e+25 3.0767378883491905e+25 0.0 -2.1130808058245213e+25 6.3107548585605025e+25 0.0 -4.478942318075229e+25 1.3380187818857087e+26 0.0 -9.023231421684417e+25 2.6965791266261107e+26 0.0 -1.592240831083804e+26 4.760920710805916e+26 0.0 -2.323529907495924e+26 6.95290722732721e+26 0.0 -2.7951853744288646e+26 8.373638143856463e+26 0.0 -3.652698145761354e+26 1.8263490728826258e+27 0.0 -5.664398805487537e+24 2.8197319857598465e+25 0.0 -3.66615500798391e+24 1.095271016752897e+25 0.0 -5.433225934796737e+24 1.6233376502765141e+25 0.0 -1.0218583030473375e+25 3.0535118993053737e+25 0.0 -2.0953515394840526e+25 6.262431988834357e+25 0.0 -4.441943723725259e+25 1.327886688114632e+26 0.0 -8.95200020182228e+25 2.676982781140242e+26 0.0 -1.5805402307672305e+26 4.7285099107031534e+26 0.0 -2.3079269204184343e+26 6.909101918696874e+26 0.0 -2.778143467638854e+26 8.32453206504776e+26 0.0 -3.632086475297139e+26 1.816043237649607e+27 0.0 -5.626334300870682e+24 2.803053743571484e+25 0.0 -3.640951360209053e+24 1.0885756946856429e+25 0.0 -5.395759735120057e+24 1.6133531921369832e+25 0.0 -1.014732625545424e+25 3.034421213302211e+25 0.0 -2.0806212443620755e+25 6.222722457402727e+25 0.0 -4.411221041277233e+25 1.3195609574391313e+26 0.0 -8.892871365911723e+25 2.660877877361943e+26 0.0 -1.5708323020072717e+26 4.701868096096259e+26 0.0 -2.2949983672856794e+26 6.87308991804825e+26 0.0 -2.764067056597738e+26 8.284169927068338e+26 0.0 -3.61515452029544e+26 1.8075772601482117e+27 0.0 -5.595269782677315e+24 2.7897209168721727e+25 0.0 -3.6204875884450033e+24 1.0832444625755945e+25 0.0 -5.365239234353702e+24 1.6053681348922445e+25 0.0 -1.0089342562197287e+25 3.0191576856144304e+25 0.0 -2.0686491999450825e+25 6.190982119065027e+25 0.0 -4.38627284814535e+25 1.3129067328021204e+26 0.0 -8.844887536548448e+25 2.648005557348163e+26 0.0 -1.5629618146980082e+26 4.680572005904103e+26 0.0 -2.2845403351813607e+26 6.84430597473881e+26 0.0 -2.752736629979892e+26 8.251923905435256e+26 0.0 -3.601639799416768e+26 1.8008198997090418e+27 0.0 -5.570723080620038e+24 2.7795273519557964e+25 0.0 -3.604402899500766e+24 1.0791822418235417e+25 0.0 -5.341179614777094e+24 1.599256201553801e+25 0.0 -1.0043704810882868e+25 3.007478486133947e+25 0.0 -2.059242967610858e+25 6.1667035803101485e+25 0.0 -4.366698538111e+25 1.307817772533158e+26 0.0 -8.807283827952092e+25 2.638161754379718e+26 0.0 -1.5568047498466192e+26 4.6642876520489834e+26 0.0 -2.276390083260162e+26 6.82230367433465e+26 0.0 -2.7439776322190902e+26 8.227298012933599e+26 0.0 -3.591335059753138e+26 1.795667529877486e+27 0.0 -5.552317646031858e+24 2.7723169628880003e+25 0.0 -3.592359945549485e+24 1.0762999475248533e+25 0.0 -5.323203680625031e+24 1.5949218257734067e+25 0.0 -1.0009693012963613e+25 2.9991999399620163e+25 0.0 -2.052253387765178e+25 6.1495032309057765e+25 0.0 -4.3521879597783075e+25 1.304213753083542e+26 0.0 -8.779468445680988e+25 2.6311921184619735e+26 0.0 -1.5522652485897277e+26 4.652762263145129e+26 0.0 -2.2704221806874473e+26 6.806745024933353e+26 0.0 -2.7376564560945133e+26 8.2099168339028e+26 0.0 -3.584083622563376e+26 1.792041811282242e+27 0.0 -5.539773927203402e+24 2.7679801875987098e+25 0.0 -3.584174182842938e+24 1.0745535023201308e+25 0.0 -5.311032533931113e+24 1.5922978013865064e+25 0.0 -9.986776299814431e+24 2.994192974995704e+25 0.0 -2.047570807979545e+25 6.1391116709982815e+25 0.0 -4.342513607319339e+25 1.3020382776278619e+26 0.0 -8.76100805919288e+25 2.62698826557012e+26 0.0 -1.5492733109164778e+26 4.645818320089295e+26 0.0 -2.266545596889231e+26 6.797392734706954e+26 0.0 -2.7336774400064805e+26 8.199517167050492e+26 0.0 -3.5797759336347436e+26 1.7898879668184618e+27 0.0 -4.749833393465803e+21 3.87303206166877e+25 0.0 -4.0935963232390284e+24 1.2273826932801514e+25 0.0 -6.065862453341638e+24 1.8187505071125235e+25 0.0 -1.1406089486022093e+25 3.41999377923869e+25 0.0 -2.338563866497361e+25 7.012104363143117e+25 0.0 -4.959718256431256e+25 1.4872023684939937e+26 0.0 -1.0006524111472019e+26 3.000648017760289e+26 0.0 -1.769607221170177e+26 5.306827509940617e+26 0.0 -2.589028924202921e+26 7.76485098485733e+26 0.0 -3.1228028712042696e+26 9.366898979065471e+26 0.0 -6.262107577357697e+26 1.878632273209803e+27 0.0
    </DataArray>
    <DataArray type="Float32" Name="Ion soret flux Density [Am^-2]" NumberOfComponents="3" format="ascii">
4527531099.002069 -118892549694.2763 0.0 -4389160403.598641 -71978048584.11183 0.0 9229469195.403921 -97381705178.60707 0.0 24917114933.623005 -111422917742.36436 0.0 39518436787.5186 -120936863341.31218 0.0 53064569963.19373 -128464471333.68095 0.0 66518305748.83018 -132630235108.51393 0.0 81413814734.18718 -123568133785.75853 0.0 98702809160.56883 -66380515375.88478 0.0 92092049025.42795 47099613765.08422 0.0 44557574814.96765 70091196047.01102 0.0 -9404946439.765217 -58818650920.6703 0.0 -2807611810.344442 -44605960577.33053 0.0 6206742418.872142 -62737664242.38719 0.0 18136048893.49904 -73646742395.5097 0.0 30621942683.31627 -80541008296.51746 0.0 43080442847.18903 -84785020991.34682 0.0 55693655895.152855 -85296714559.584 0.0 68979797513.45988 -74883502394.59451 0.0 81726272939.56844 -30541988230.740265 0.0 72062849252.93207 43994782099.40019 0.0 32385766775.09831 58764803771.907974 0.0 -2732520691.113334 -23368506291.338104 0.0 3144412110.3496976 -18216906236.409348 0.0 14045260135.238909 -28722819265.445248 0.0 29158332457.601196 -35951235564.039825 0.0 46648384562.9706 -40087544686.48583 0.0 65231619692.59704 -40958711138.495155 0.0 83782567314.59619 -37502998079.35286 0.0 99966040879.07169 -25517075032.205875 0.0 104975993104.68246 4175376193.9231777 0.0 76523467436.33719 37553390228.39968 0.0 37232688278.13792 44698252845.79206 0.0 -595531448.5295098 -7547612248.79037 0.0 1580010118.3417633 -5580883298.931029 0.0 6996920161.012865 -10387401843.0813 0.0 16044283457.502861 -14201396654.322731 0.0 28157086809.15497 -16354950962.234278 0.0 42140730798.591446 -16053784419.75988 0.0 56155296171.558655 -12391688703.582672 0.0 66681412188.35136 -3780074722.3900833 0.0 66037611160.755974 10562184080.533377 0.0 47282802553.055046 21471791445.618862 0.0 29442243343.237995 27824325878.312126 0.0 -136749928.0520061 -2770853415.574531 0.0 523863357.98979515 -1701756541.0339644 0.0 2292574183.9932027 -3283682250.5163627 0.0 5664137345.578919 -4679152586.260526 0.0 10797769867.17944 -5494905039.485594 0.0 17301131513.34394 -5169340563.347743 0.0 23874460491.108166 -3136930758.934442 0.0 28273481900.790398 868916675.6763777 0.0 27896639231.746258 6062666266.226488 0.0 22721612839.60511 9986720434.970415 0.0 18808907884.714893 15279390088.057295 0.0 -30516577.915250886 -1234376514.2445078 0.0 206807191.15722698 -650210820.178798 0.0 789551200.2358421 -1154155037.9476829 0.0 1869693093.035174 -1558117196.9361477 0.0 3437544122.738697 -1693522064.3225267 0.0 5449137035.824803 -1442958422.8661785 0.0 7613053437.549019 -648515960.3447633 0.0 9408765302.580338 751464338.0469625 0.0 10419715665.33379 2608121093.5813694 0.0 10383851547.320415 4501314911.164738 0.0 10804419193.39203 7958648157.430043 0.0 -1359741.2360130753 -614202456.5961812 0.0 100015852.18960106 -297205488.06392735 0.0 337173139.1446396 -492480261.7327916 0.0 776617859.0701668 -649281195.8924646 0.0 1382116291.885508 -667863599.3930737 0.0 2099889505.939455 -510358842.2003206 0.0 2889043110.1406054 -157494026.68941244 0.0 3707013358.9482574 414722819.69009 0.0 4479030904.480651 1215019393.758658 0.0 5015276743.555485 2161531751.6689606 0.0 6016140405.893525 4154511835.2050366 0.0 6261242.27318592 -322682018.5429842 0.0 53958122.69449379 -148327940.60029382 0.0 164566337.14529106 -233288700.57378232 0.0 375518117.2120636 -306996826.4554677 0.0 682899639.9647561 -317546336.8968116 0.0 1054305875.9475945 -232848491.40288895 0.0 1458348435.3507004 -43413999.051819995 0.0 1871817514.4807436 251505857.60723445 0.0 2266180163.2865334 645286277.1842667 0.0 2614883907.794319 1122114121.309805 0.0 3390908863.2520223 2237309730.491804 0.0 7081767.725565278 -174132857.38173592 0.0 30684570.602287695 -77274029.56240165 0.0 86240145.26237139 -116373860.52508135 0.0 193997023.27266467 -152052393.9285974 0.0 360258460.5089035 -158479967.47496676 0.0 572417230.6918901 -113483189.81860055 0.0 807544228.5855763 -7604554.332291917 0.0 1041878456.959794 156529699.8306104 0.0 1255549785.2717724 367964316.8974725 0.0 1461530782.661788 623828802.448076 0.0 1970770419.5618553 1255665140.4112363 0.0 5861929.269669713 -94899361.7518334 0.0 17818074.980848577 -41051439.8768547 0.0 46971511.728307225 -59762300.65278904 0.0 104076695.79381673 -77392889.74577942 0.0 195909267.6552735 -80858377.5705852 0.0 318824066.4880709 -56503568.00481212 0.0 459777917.020754 3188561.405225433 0.0 601713461.5283695 97136447.9354263 0.0 732146872.2311213 218185185.03696418 0.0 864554128.1645805 366675291.0745058 0.0 1187267483.428913 735407703.7695807 0.0 4247595.527735457 -51360608.265378214 0.0 10348880.169904295 -21887267.89640077 0.0 26050327.00884047 -31164454.436241888 0.0 57099460.63062971 -40140820.54635433 0.0 108779707.01502647 -42051629.75502942 0.0 181118168.11953273 -28744237.287712976 0.0 267626004.34142292 5344055.989718077 0.0 358374841.85568905 60727177.054819524 0.0 447191931.34533083 134550179.2862014 0.0 536374197.2261546 225996522.31331438 0.0 741297750.6213635 448683328.8560005 0.0 2777416.7182950783 -26862610.42673852 0.0 5915177.254057215 -11549278.990099952 0.0 14436587.116447378 -16261697.067462498 0.0 31589278.989636526 -21013143.006057225 0.0 61343904.218406044 -22264784.118319005 0.0 105193902.74650201 -15030800.060720403 0.0 160783120.1677105 4885736.843128182 0.0 223138738.05854404 39132722.37329721 0.0 287126827.50950974 86883609.6485881 0.0 346734059.4021366 145216489.038318 0.0 478794807.47767735 284434292.0333983 0.0 1598611.2382777294 -12851578.552101452 0.0 3210919.20557305 -5798702.432749437 0.0 7883430.583956972 -8340083.180371465 0.0 17529747.282224026 -11063205.050639117 0.0 35247458.06909179 -12062659.488532597 0.0 63474884.75728806 -8217611.330659676 0.0 100983235.2950662 3925844.527298251 0.0 145722749.82339308 26225469.52847046 0.0 191511678.6122084 58176524.20213986 0.0 231995116.31905705 96681574.39351715 0.0 319150187.37515175 186833786.27126768 0.0 667040.4179151414 -4677528.019602354 0.0 1220922.084436166 -2081550.1184504163 0.0 3051962.4138611457 -3090505.0486529893 0.0 7914389.524888135 -4815518.376246885 0.0 19382308.93322946 -6376686.681022822 0.0 42961353.427304156 -5118589.235455723 0.0 66364768.872266084 3107295.286269039 0.0 98883419.88192603 18172405.90934794 0.0 132499140.00564133 40385269.93914501 0.0 160272442.28453654 66549427.341774926 0.0 219011390.7231855 126807315.14775696 0.0 354828.4973319004 -2206449.2244332097 0.0 555666.7169304363 -895436.2573321919 0.0 1310013.7853354355 -1267712.5254268865 0.0 3311099.176108918 -1911548.2002228643 0.0 8218260.038642828 -2539843.862777242 0.0 18729135.448300537 -2027546.1239692112 0.0 37873736.014795735 1973193.0491536644 0.0 67848773.93761949 12646485.359316533 0.0 106249117.35688163 32468441.674244836 0.0 114437961.06528081 47409110.38116917 0.0 154356347.432845 88676972.37974398 0.0 229093.31202430007 -1287695.58243829 0.0 309442.47438126977 -474360.55477892805 0.0 680237.4685295754 -631966.6679444101 0.0 1675507.7149236777 -930727.2557192416 0.0 4198905.158945727 -1241536.7153038871 0.0 9880218.343214601 -985074.5489094588 0.0 20872138.087381378 1201206.939665988 0.0 38363557.62413611 7297957.2356509585 0.0 60350471.81568818 18531217.23374135 0.0 81136493.03648823 33603627.55829582 0.0 111499703.35431549 63896837.64746918 0.0 168066.92864390902 -866953.5280362773 0.0 207092.91842420943 -303690.6499519063 0.0 434322.79387413163 -388934.4596262923 0.0 1052287.6310476542 -564388.9774978975 0.0 2639914.157668794 -749468.3815253124 0.0 6347796.823925332 -584855.2835088498 0.0 13773678.293098575 859993.081951987 0.0 26051117.54034461 5033419.337246259 0.0 42330300.7228166 13060461.031074379 0.0 59393847.23849077 24589260.560364936 0.0 82302112.3999812 47025393.166398056 0.0 131323.13141871043 -629383.7951979488 0.0 152006.34816061726 -214299.17333733206 0.0 311263.03530813404 -269644.44484945625 0.0 748492.9797063022 -388805.34192810237 0.0 1865536.6029905907 -510041.4968880177 0.0 4499959.581714247 -383943.3861737619 0.0 9883075.13603356 661514.4771335085 0.0 18971250.254806165 3720427.8707763804 0.0 31282589.29155754 9703942.420598904 0.0 44404312.71377679 18411320.56564832 0.0 61976901.41683661 35379050.90757546 0.0 105561.38612377549 -474866.1719753071 0.0 116177.57222278409 -158163.9080814562 0.0 233918.8959347742 -196685.11970942622 0.0 556988.9447507964 -281007.26746103255 0.0 1379959.99476526 -364317.5420368677 0.0 3330081.351849427 -263524.17633854377 0.0 7354147.695194415 522971.1524740771 0.0 14233927.642711902 2831449.4801103557 0.0 23680352.675873887 7388129.349426123 0.0 33863775.18206317 14072939.86176948 0.0 47521816.47695865 27143702.790116727 0.0 86145.78295258356 -366882.2852242811 0.0 90851.2290408469 -119920.05402358502 0.0 180118.5636573707 -147450.37822394056 0.0 424807.0400319582 -208709.70663091572 0.0 1046081.8692197731 -267364.0523915134 0.0 2523899.2735672547 -185506.11009172958 0.0 5596614.686782248 419789.41495528544 0.0 10900309.32284837 2198047.535063642 0.0 18259819.931793164 5731110.096389953 0.0 26271287.4343794 10948650.565217907 0.0 37034842.873709664 21190504.835032474 0.0 70964.97014545338 -288243.1243338828 0.0 72190.69407395112 -92728.65956770582 0.0 141192.69832709062 -112858.62995840449 0.0 330143.0712353731 -158356.16163422648 0.0 808302.6782418195 -200503.39372012246 0.0 1948863.892576905 -133246.09120634044 0.0 4335714.273730876 340953.42869385565 0.0 8490314.906108664 1734432.2797741436 0.0 14306517.875181237 4517698.80953155 0.0 20692571.76663896 8651554.383021066 0.0 29285401.200941656 16799784.64081195 0.0 58876.131753095484 -229535.4328398295 0.0 58091.67647975215 -72859.77830142777 0.0 112311.33956039447 -87895.52360154805 0.0 260618.86901597807 -122345.30302642533 0.0 634709.5516414308 -153186.29714299357 0.0 1529018.013121967 -97428.21211090493 0.0 3411061.0771650234 279749.3743592998 0.0 6711299.824371529 1387993.0376484513 0.0 11367922.39530577 3611706.9446828263 0.0 16519904.802487455 6931181.318291032 0.0 23461063.911712445 13501895.349222533 0.0 49139.30109282217 -184916.65367231972 0.0 47246.107776442164 -58042.99853189202 0.0 90463.7993781171 -69498.01374457458 0.0 208527.86283379924 -96037.60081848745 0.0 505437.57616476424 -118991.86696698687 0.0 1216517.5742452466 -72416.5627990485 0.0 2720326.3030476295 231585.66608694036 0.0 5374608.771197251 1124542.2062810545 0.0 9146410.708610447 2923532.733990166 0.0 13348014.998987501 5621071.85464269 0.0 19014984.428932056 10983540.304874932 0.0 41231.9420761646 -150521.50421625358 0.0 38783.05392619808 -46808.911677503216 0.0 73666.92267744154 -55695.965514610136 0.0 168832.85883507 -76466.73056529128 0.0 407497.6446827148 -93826.84119267495 0.0 979937.5844074393 -54669.158684285394 0.0 2195785.497077774 193213.61636234532 0.0 4354307.641179296 921057.7167850205 0.0 7441256.188346612 2392683.417973144 0.0 10901126.054140693 4608222.42176479 0.0 15572255.027006242 9031393.1138836 0.0 34766.65471305269 -123687.71497979302 0.0 32098.005394934004 -38168.80742742988 0.0 60568.736327079496 -45178.91213003796 0.0 138126.47992487936 -61671.53292749801 0.0 332143.36732978554 -75004.19198416232 0.0 798077.8894954163 -41900.58204719628 0.0 1791493.3694372715 162291.55734393484 0.0 3564289.6020611823 761658.4717282659 0.0 6114209.859343681 1977430.55347991 0.0 8988010.525796188 3814393.212497396 0.0 12871357.328230565 7497407.7389881415 0.0 41633.5206748078 -84270.04650141511 0.0 37239.23802264349 -40358.81396503814 0.0 62575.1156349087 -53794.173914264444 0.0 130824.5019976439 -88340.79814904364 0.0 293591.9012184973 -151836.40253204608 0.0 667197.0459280649 -251380.43490020736 0.0 1429937.4053532241 -354773.2282815606 0.0 2732835.354149348 -346337.4353738803 0.0 4518807.597984568 -40985.7935840487 0.0 6412272.643459144 693178.2921899913 0.0 11839346.925181588 4052082.8655723818 0.0 65359.03567767782 -115838.01898900034 0.0 47669.83721612245 -49511.23711608674 0.0 75470.45409110034 -69838.15685388613 0.0 149802.4342908434 -123087.39367716234 0.0 320922.0556651286 -232340.7849637029 0.0 699869.1245624956 -440535.49044423504 0.0 1444962.897605938 -773866.2069244322 0.0 2665447.2130884686 -1172356.2291101832 0.0 4254342.264632559 -1444799.3084374412 0.0 5817928.0199046945 -1347719.5971370086 0.0 8022491.94873523 -380808.52383011155 0.0 55369.22079636893 -97750.3893138102 0.0 40134.20369156707 -41617.92717482048 0.0 63355.18146224108 -58544.0574939292 0.0 125424.499381924 -102915.49572883733 0.0 268090.1397007218 -193804.39212422856 0.0 584367.2574215502 -367179.9157304302 0.0 1208018.3882287545 -645461.2005812526 0.0 2233546.909967004 -979147.981637736 0.0 3574452.079856249 -1207748.6968477832 0.0 4900028.058650612 -1125027.6161907562 0.0 6769074.467374757 -295739.2105061708 0.0 47158.15160762021 -83019.06600055097 0.0 34009.52803125306 -35236.57791721025 0.0 53536.274197355226 -49434.87903362258 0.0 105736.20077548364 -86696.86145451828 0.0 225539.71374012472 -162898.17771042202 0.0 491366.89008565014 -308356.55047260073 0.0 1016835.6918414357 -542279.7777912361 0.0 1883848.0222636461 -823375.6314679878 0.0 3021808.9375498965 -1015944.4964692468 0.0 4151221.8326484994 -944313.8590659936 0.0 5743815.221210921 -227838.91631222336 0.0 40360.409263415655 -70929.81412133436 0.0 28977.73419488964 -30021.276603877028 0.0 45504.71120941457 -42019.51838501413 0.0 89681.45275172972 -73530.453633448 0.0 190929.35926909756 -137865.566657455 0.0 415742.9073697644 -260720.9165380631 0.0 861077.4740292777 -458563.78903203725 0.0 1598038.8111843064 -696603.9711398816 0.0 2568506.8076091805 -859330.2204468424 0.0 3534964.363783775 -796344.2251182382 0.0 4897950.925922078 -173137.0016375844 0.0 34694.441274408426 -60938.73119857821 0.0 24811.491214885104 -25725.61953896694 0.0 38879.033363850365 -35931.76378532381 0.0 76473.08088700005 -62747.53680690736 0.0 162519.91825468076 -117406.75657412717 0.0 353684.66218871553 -221794.99690816784 0.0 733040.6990319128 -390036.2738526262 0.0 1362411.7773902935 -592537.671233027 0.0 2193554.01157436 -730361.5510500813 0.0 3023643.2539834525 -674156.085931651 0.0 4194514.180834891 -128623.28244248271 0.0 29941.555758096354 -52627.99175954609 0.0 21336.822597661805 -22162.124013642908 0.0 33370.05175050314 -30895.325687119428 0.0 65517.21334617318 -53845.71889638754 0.0 139003.5790615127 -100548.00322481731 0.0 302326.906377335 -189722.00776283283 0.0 626916.3673675858 -333482.4278968767 0.0 1166585.875224499 -506423.87354203657 0.0 1880979.4887692344 -623315.069967482 0.0 2596161.295110429 -572442.470213892 0.0 3605170.6521834163 -91996.88073646212 0.0 25930.56465514291 -45673.95526132252 0.0 18419.29608515208 -19186.739496015587 0.0 28756.133888023578 -26699.471624001777 0.0 56360.70056128464 -46443.27204376636 0.0 119385.46032402985 -86551.37684728336 0.0 259490.9850976517 -163095.0690365054 0.0 538274.2150933695 -286458.68679903675 0.0 1002612.3893805456 -434635.037558078 0.0 1618500.6851889587 -533802.5466041204 0.0 2236228.110904887 -487116.39401460584 0.0 3107975.6991684153 -61483.83702693919 0.0 22526.449014038553 -39823.94563640185 0.0 15954.079362065082 -16687.764704353784 0.0 24865.667819225815 -23181.82092581129 0.0 48654.047782303955 -40247.05876693079 0.0 102900.43111915543 -74851.58839076458 0.0 223501.44502223333 -140836.2147322844 0.0 463699.2500419558 -247088.0651135736 0.0 864341.206919486 -374373.9003877042 0.0 1396574.6634568803 -458425.4036949206 0.0 1931137.8905569643 -414998.9879106827 0.0 2685764.0315876 -35703.809261082504 0.0 19621.92507638155 -34879.19327380651 0.0 13858.701298187898 -14577.82850774383 0.0 21564.46809321161 -20216.045436109987 0.0 42124.95206162789 -35029.72247099585 0.0 88953.9296287428 -65011.191804625996 0.0 193056.44230708535 -122111.11720323104 0.0 400532.20730572037 -213914.387604102 0.0 746966.2339056806 -323462.2943157931 0.0 1207714.2731459558 -394526.061003337 0.0 1670884.8962060108 -353593.7840955013 0.0 2324980.6290744017 -13571.953930938922 0.0 17131.12305964193 -30682.202624228168 0.0 12067.730406763161 -12788.028743988694 0.0 18746.629294405568 -17702.97729191192 0.0 36559.18760667202 -30613.274102395797 0.0 77079.35271553126 -56688.43542277564 0.0 167134.40467473434 -106267.84641762971 0.0 346682.06092365657 -185797.26185244136 0.0 646695.6166500453 -280188.28095211793 0.0 1045989.8504847792 -340007.0269000197 0.0 1447516.3489917938 -300921.61755915184 0.0 2014822.8577057768 5773.850635965522 0.0 14984.816919145382 -27107.326650976385 0.0 10528.82667565244 -11263.60802754136 0.0 16327.813141125502 -15564.111571747348 0.0 31786.64601189805 -26857.150307664644 0.0 66907.03060838778 -49613.93090868536 0.0 144926.05292023008 -92792.39900892906 0.0 300489.10121295246 -161835.5789941687 0.0 560509.9348887209 -243194.3196057369 0.0 906662.2809140368 -293197.9083020182 0.0 1254654.0657828462 -255398.6372495587 0.0 1746604.484179245 23027.428007163642 0.0 13126.80061386943 -24053.683708457702 0.0 9199.786645071967 -9960.735317046623 0.0 14240.27225820372 -13736.811393204312 0.0 27671.03417984405 -23649.434396641613 0.0 58141.39544811575 -43573.541977168505 0.0 125784.36589861946 -81276.06539570967 0.0 260623.8973463479 -141311.21903529635 0.0 485983.087772963 -211394.62917480269 0.0 785910.0803462176 -252756.67695021268 0.0 1087137.3320313457 -215745.28707896624 0.0 1513279.558275049 38755.36420641508 0.0 11511.117261110461 -21439.798321628903 0.0 8046.313351940928 -8844.090653838899 0.0 12429.126020325622 -12170.736152173247 0.0 24102.19544614096 -20900.339203939442 0.0 50544.008357790015 -38395.709567639555 0.0 109187.37886885891 -71391.24587898195 0.0 226011.99563792069 -123647.21941119342 0.0 421148.317271132 -183913.53518671184 0.0 680624.4444044238 -217595.6695316592 0.0 940753.7360485239 -180917.7440842938 0.0 1309082.596787867 53428.28965130216 0.0 10099.926570809774 -19199.519868812382 0.0 7040.3212325003415 -7885.0402482989 0.0 10849.54773137283 -10825.157390261233 0.0 20990.330922059118 -18537.32451298852 0.0 43920.818104209065 -33941.97495546887 0.0 94710.25324141499 -62873.359780977364 0.0 195777.25702606866 -108376.40180836865 0.0 364397.04235405143 -160039.04896237995 0.0 588253.8949538656 -186825.61296226762 0.0 812034.4113767397 -150055.78244070822 0.0 1129254.143989832 67444.97553895439 0.0 8861.852712767602 -17278.89531586118 0.0 6158.654157860242 -7060.267010547714 0.0 9464.621097883513 -9666.925012121472 0.0 18261.61024292032 -16501.407439272352 0.0 38112.505325968166 -30099.831135258413 0.0 82004.10756138837 -55507.1919578987 0.0 169198.81829748474 -95117.63353551793 0.0 314401.7572265496 -139187.60451803767 0.0 506685.43458881933 -159712.9000586671 0.0 698096.8436781294 -122442.74709560799 0.0 969829.5335174834 81151.13556847778 0.0 7770.695824895095 -15633.759310691716 0.0 5382.002850555341 -6350.615949740793 0.0 8243.714456027936 -8668.937643859274 0.0 15854.807106109021 -14744.351765897536 0.0 32987.09660764431 -26777.285520162048 0.0 70779.82230936122 -49116.501204228676 0.0 145678.09600366035 -83557.71250151972 0.0 270056.72436611674 -120877.03897283782 0.0 434152.78955280624 -135646.68374011214 0.0 596523.0773429516 -97474.5177670128 0.0 827474.7940520754 94854.32427918159 0.0 6804.42023835702 -14227.867592573348 0.0 4694.213201323346 -5740.372653091111 0.0 7161.1657474792055 -7808.91242487615 0.0 13718.69675237089 -13226.510819860008 0.0 28434.261906729418 -23898.692010353727 0.0 60795.5329370285 -43556.04788025348 0.0 124713.25084512641 -73437.42995294476 0.0 230431.92484588863 -104705.71217711233 0.0 369164.8965757958 -114113.29952288272 0.0 505264.4511638442 -74635.1870152419 0.0 699357.9591158257 108835.96663117287 0.0 5944.3543455735235 -13031.44502064621 0.0 4081.634021034024 -5216.58322817615 0.0 6195.2403981349935 -7068.4116385224 0.0 11810.02407162989 -11915.160625862598 0.0 24360.869478495002 -21401.53293775049 0.0 51846.87730832997 -38705.43107481396 0.0 105879.23210575181 -64540.76174642074 0.0 194736.94976925233 -90336.2319928653 0.0 310449.6122429855 -94676.19225161072 0.0 422566.33228535234 -53477.774600679724 0.0 583047.1156687111 123361.29831816346 0.0 5174.553091216313 -12020.05256661799 0.0 3532.629651734477 -4768.555691745054 0.0 5327.454312722507 -6432.242893385363 0.0 10091.901741741769 -10783.204104445633 0.0 20687.486051727126 -19233.91793479962 0.0 43759.312575395765 -34464.29035166923 0.0 88812.01949373764 -56686.42010497334 0.0 162292.38562885995 -77482.65751413858 0.0 256908.92517556457 -76959.99832866054 0.0 346907.993196471 -33608.72838787184 0.0 476428.7325569262 138687.8138803351 0.0 4481.285932816894 -11173.701892124578 0.0 3037.1903727788867 -4387.469869702299 0.0 4541.887365282956 -5887.839430877925 0.0 8532.534090839074 -9808.158592362253 0.0 17345.591018440213 -17352.628530334856 0.0 36381.99396673722 -30748.54468275037 0.0 73196.03539993567 -49721.19883522998 0.0 132506.86964953077 -65900.3436728309 0.0 207582.88862514048 -60637.776673253386 0.0 276953.98462056165 -14675.26985946562 0.0 377641.4039618887 155072.6900175166 0.0 3852.621907902379 -10476.164077127918 0.0 2586.67787478528 -4066.166089855352 0.0 3824.6757974051807 -5424.820250533109 0.0 7104.188475956905 -8971.361699792838 0.0 14275.331560680383 -15721.581745918438 0.0 29582.835362891117 -27487.42581154154 0.0 58753.9563867639 -43514.68992495737 0.0 104858.44011091974 -55377.80076452073 0.0 161620.16188377322 -45420.62679013916 0.0 211514.232121182 3645.1356367739218 0.0 285021.30053770886 172779.56076878542 0.0 3278.0899963214792 -9914.432486806672 0.0 2173.3973717922645 -3798.6598304319714 0.0 3163.5976538971236 -5034.645255862165 0.0 5782.35488198104 -8257.347110306411 0.0 11423.687618847282 -14310.618288485164 0.0 23244.463421871144 -24621.12472972415 0.0 45238.3374170208 -37955.05467310427 0.0 78879.1315237674 -45730.09503504208 0.0 118253.54976380758 -31049.114561780072 0.0 149510.72236272754 21653.743337495245 0.0 197056.46382557706 192084.9597705842 0.0 2748.397846259096 -9478.309876289486 0.0 1790.491490988332 -3580.0742658376967 0.0 2547.7291249390373 -4710.345636564238 0.0 4545.048187457041 -7653.354157303509 0.0 8742.94602910505 -13094.544679774566 0.0 17260.843545882748 -22098.91500360504 0.0 32424.596156470932 -32945.60959763799 0.0 54142.00049465227 -36793.428168382925 0.0 76779.27797085622 -17286.054273569818 0.0 89949.10627545005 39638.372967442476 0.0 112347.69229768854 213284.70639303737 0.0 2255.1955888916673 -9160.097607142381 0.0 1431.8358668288524 -3406.6315783604127 0.0 1967.1545256809065 -4446.3147386023165 0.0 3372.2175298984303 -7148.944135115835 0.0 6189.4051557561215 -12052.376275645447 0.0 11534.40396834593 -19877.649960848372 0.0 20105.00112942873 -28402.044082312314 0.0 30249.938313919258 -28420.615318439854 0.0 36539.002138948425 -3910.290607635511 0.0 31893.88017607517 57880.49588909024 0.0 29574.209290467537 236700.49267849495 0.0 527.0402527143881 -12536.119273661341 0.0 1564.061617215209 -3806.6141324444116 0.0 2132.2726110722065 -4947.146258960186 0.0 3621.8443368307308 -7909.118946893694 0.0 6572.140026099746 -13225.618776869276 0.0 12065.692622703442 -21528.397791728552 0.0 20591.577153582562 -29985.119371365763 0.0 29975.478694508834 -27837.48612868825 0.0 34068.9428272059 3094.2735481846885 0.0 25429.70166224486 76686.72590828873 0.0 -20107.35382490653 251876.91434793273 0.0
    </DataArray>
    <DataArray type="Float32" Name="Power density [Wm^-3]" NumberOfComponents="1" format="ascii">
3.2776178693778847e+18 3.6944148717511404e+18 2.826737267519268e+18 2.194331690125504e+18 1.8150178039721513e+18 1.5891812484438687e+18 1.4724131729852557e+18 1.489162815551246e+18 1.85523015529498e+18 3.1698525097673585e+18 3.529052349397348e+18 2.0206781733404529e+18 2.2450251771293082e+18 1.7723764674259617e+18 1.4341076980172076e+18 1.2307180986697539e+18 1.1097574174355235e+18 1.0533013004669293e+18 1.0935054424808861e+18 1.4150613617089475e+18 2.4657313463348925e+18 2.3006443489917138e+18 1.0863030340445414e+18 1.1358882445356617e+18 9.865124080626863e+17 8.728032377459217e+17 8.066455617609184e+17 7.703642008496454e+17 7.651982485036635e+17 8.287706099370706e+17 1.1088753056800787e+18 1.9001108253191483e+18 1.6960869630305418e+18 4.0076593827415226e+17 4.148608607788633e+17 4.022657567961485e+17 3.992609850768643e+17 4.066837413866315e+17 4.2056289359323283e+17 4.487311116969413e+17 5.253611398875997e+17 7.485821437962106e+17 1.2591744492361613e+18 1.0740957194010348e+18 1.3128750655194357e+17 1.4292820248512614e+17 1.4008643104887046e+17 1.4478720212545514e+17 1.584073892950982e+17 1.7903444590838838e+17 2.126059164981034e+17 2.8291379304678525e+17 4.412192394584108e+17 7.315826938655425e+17 6.002350151897327e+17 5.045979616282714e+16 5.808911143514362e+16 5.417973096324e+16 5.2366874095086424e+16 5.6134022497573464e+16 6.739530224282256e+16 9.213108627222046e+16 1.4420035889119728e+17 2.4332984792406768e+17 3.927371492262736e+17 3.1342284129973094e+17 2.565834720753104e+16 3.055450308850938e+16 2.8042437121845972e+16 2.6307298718360908e+16 2.8377737879668812e+16 3.635209808970767e+16 5.388637161674063e+16 8.68549591472191e+16 1.4049158504124626e+17 2.1083010083047094e+17 1.6433576476051466e+17 1.6033994715026928e+16 1.970716794915565e+16 1.865546717502622e+16 1.8291507297476824e+16 2.088423533265569e+16 2.7858839595933856e+16 4.043206511372017e+16 5.993886034263962e+16 8.693642400255246e+16 1.186153945916012e+17 9.030536435848195e+16 1.122683927159587e+16 1.41140446159042e+16 1.3825428028964062e+16 1.406745646757081e+16 1.6410686465663546e+16 2.1859364452616292e+16 3.0594468499603564e+16 4.219444342617671e+16 5.582970462346676e+16 7.0026675579319704e+16 5.211952170074852e+16 8256522952514747.0 1.0506516607094128e+16 1.053644290752261e+16 1.0878716196317914e+16 1.2534354017229352e+16 1.6249281276694206e+16 2.199655023455871e+16 2.895087363398429e+16 3.6010447273537908e+16 4.247224321865234e+16 3.1019618850526308e+16 6093115735388624.0 7777867938533896.0 7908139683954727.0 8182654829203395.0 9192730803174658.0 1.1459918234909878e+16 1.5008449174277354e+16 1.9159688215252268e+16 2.2944668455771644e+16 2.5993978922565436e+16 1.8723338386499104e+16 4351819523507531.0 5519282605770949.0 5644366710471180.0 5836793490404622.0 6411555788438980.0 7692793255246555.0 9777750035269312.0 1.2255394412851648e+16 1.437627473921049e+16 1.5898665868445368e+16 1.135202281527223e+16 2916474318829796.0 3613500957073420.0 3712570800913001.5 3869854943247698.5 4212392002798264.5 4919170315727669.0 6150245116732823.0 7617002552436617.0 8832265191725311.0 9660755817438770.0 6884444538268921.0 1756551045132129.5 2134637638138592.8 2191544703453723.0 2339282806843817.5 2631206177633424.5 3157572994795485.5 3835141868249542.5 4635550780109979.0 5326653065489021.0 5863901788735142.0 4196847863501989.5 1150246963973952.5 1419718496635105.8 1431551281785144.5 1492775816483212.2 1598943945858162.0 1780239683044905.2 2168823170988119.8 2751101413150572.5 3318006146897442.0 3616110204740432.5 2566755043710173.5 850430998925097.5 1069993289213734.9 1061267314205793.4 1073398167467916.1 1099224963773358.0 1155983150340836.5 1277143674721535.8 1474935139978569.8 1743407550463188.0 2066666837817545.0 1512766665014648.0 691144808039608.2 884990281267328.4 873588340521373.5 869434323007720.6 869446825225428.5 874998575016946.6 894806986453587.6 946165849889010.0 1062972339343249.5 1229910219236952.2 906753318398530.0 598287322807954.2 775908689610710.5 766585518155636.5 758028387654985.1 749267197845761.0 737917907986285.4 723379349591075.5 713119334766441.0 729816561140097.2 788027204878567.4 576276962644596.1 538646326964174.75 704279990070698.5 697555202019365.9 688831603903284.5 677507438897949.9 660361409177037.1 633009105400308.1 595382239147878.9 561603747077041.7 557371553407577.94 400982452077693.0 497016430327405.7 653138124436849.9 648461200926959.1 640919012355647.9 629652960306735.0 611231740539839.6 579873022563925.0 531472032481832.8 474470710803483.2 437278500441965.8 308949254137580.06 465956590920770.06 614285441033856.9 611037763839266.1 604892742538477.9 594679252843472.0 576897662508099.0 545309250084183.56 493855985193157.25 427374187861064.8 373920336464765.7 260242385872691.66 441698011138392.0 583499370794407.4 581147630797774.4 576206163129573.9 567259844942132.0 550796566320129.2 520490944943630.7 469398286911163.5 400098032044623.25 339276212535688.56 233661076688797.2 421973623967999.56 558218618542189.8 556466150255179.8 552473115673114.8 544699733922057.75 529670375665121.3 501128870087177.44 451771650055758.8 382739537556629.8 319087006321978.06 218285622420381.88 405507090963101.6 536990351339176.94 535641569037029.06 532365275835200.06 525574631329914.44 511864788242356.7 485116462607871.06 437927181988200.8 370484643554174.3 306225386209920.9 208611404363251.97 391523128218238.44 518897360336426.75 517829631887575.56 515085325234856.7 509080815281287.0 496503081304763.2 471397168382131.25 426389675242699.5 361007068607361.1 297176487647265.44 201905406838881.78 401304883884577.7 501129093690646.56 499936956465988.0 497148261053275.06 491146173836534.7 478682875516280.94 454327327969196.2 412298793359121.06 353290343805009.94 294231234528059.7 184022783682562.1 363194731384445.0 485918204254146.8 484920096552477.5 482669886236992.3 477819148370679.8 467799509219756.3 448356685418079.5 414968534989820.0 366688118198927.75 310097960369028.06 211898922792248.94 354878536048679.06 474670905251246.7 473892510001924.44 471944565558561.3 467494125533878.56 457996659249144.56 439191386350943.0 406407453323584.0 358504258736587.0 302439788079282.44 206318795332903.44 347587897977320.75 464802919854459.2 464185473380184.25 462466497887512.5 458333616796722.44 449270669309521.06 431020826451041.56 398794117049426.0 351276535625710.0 295729502570503.06 201463397536116.25 341181511564128.25 456126752232782.0 455629487794456.7 454085944178917.7 450206590737876.8 441505265374400.2 423734972051808.75 392007861194575.44 344854214456284.9 289789523389854.75 197180055206487.88 335542956384538.25 448487162535434.2 448081541136911.75 446674303844918.75 442999199027920.0 434599964684199.06 417242592691763.0 385957337746308.75 339134493064128.75 284507256399107.4 193376402845676.6 330574651400913.94 441753466545855.3 441419223697956.06 440119531937885.8 436610706940838.7 428465243468670.3 411463578358851.06 380566514898459.94 334038473433592.3 279802067417485.84 189989500877274.2 326193840731765.8 435814438968868.5 435536922949532.8 434323409631449.75 430951423535007.44 423020461259524.25 406325774518034.75 375768639442264.5 329500326516435.44 275610029922704.1 186971415976436.2 322329780878958.1 430574730803660.5 430343124133297.5 429199686948405.44 425941475019169.94 418192909858184.0 401763729179402.94 371503723895858.56 325462499165520.44 271876975025609.53 184282573740194.2 318921674102217.9 425952218309859.5 425758350984067.2 424672649488835.3 421509907957927.7 413917263692842.56 397718167442276.0 367717512405772.06 321873610562172.3 268555343275772.47 181888717821423.06 315917088215608.75 421875957630875.0 421713512987745.3 420675915081389.44 417593908722440.8 410135125487397.8 394135681374463.7 364361007496753.1 318687492623509.75 265602729724250.78 179759505533817.94 313270709495655.4 418284555475213.94 418148535519463.8 417151379813766.3 414138068261893.8 406794564576866.75 390968439694377.06 361390168088792.8 315862682029887.25 262981153476405.16 177867823805112.3 310943334949079.94 415124841079406.0 415011203163010.94 414048280790349.56 411093678941310.3 403849630260163.25 388173861198773.06 358765631227907.0 313362069073570.56 260656619779189.1 176189409115684.94 308901044315448.3 412350766774240.7 412256173651111.44 411322361628530.0 408418069389385.8 401259852667249.0 385714251522762.94 356452415123947.94 311152589031966.0 258598791387810.47 174702588928238.75 307114512199871.75 409922488821898.7 409844133944433.44 408935133026099.0 406073986647443.44 398989750008574.7 383556420464301.7 354419602492607.3 309204920026277.44 256780698088657.4 173388069334152.4 305558431740190.5 407805594667038.94 407741077572855.8 406853222188546.7 404029032655801.3 397008358521752.25 381671298936186.25 352640016226639.3 307493182505065.44 255178461517292.38 172228741158279.25 304211030336022.8 405970449374214.44 405917686600766.0 405047804615071.3 402255158625713.44 395288796508819.44 380033570930234.94 351089900831266.8 305994645839817.7 253771031528151.4 171209496659306.7 303053664789695.0 404391646710339.94 404348804731382.8 403494112505941.25 400728218116678.5 393807869301891.0 378621331175466.2 349748620466951.9 304689449286826.56 252539936699510.0 170317056450946.53 302070480647297.1 403047546789820.56 403012989882837.8 402171012800552.0 399427577369230.56 392545718480140.44 377415775065793.0 348598381060259.2 303560343275533.7 251469052609228.66 169539808384627.78 301248129216660.4 401919891756789.8 401892141686719.56 401060649898131.2 398335781386618.25 391485516546148.8 376400924280153.25 347623980850490.2 302592454870111.6 250544390717425.03 168867660194801.34 300575533518314.9 400993484299579.3 400971186951711.44 400148144228952.06 397438270048458.7 390613204731255.7 375563388343134.56 346812590956389.7 301773079210744.7 249753909421568.22 168291907094703.44 300043692703986.94 400255924878140.2 400237821130916.7 399421342512042.3 396723140583375.5 389917271723943.56 374892161467600.9 346153566241499.75 301091497444991.56 249087347902008.28 167805114896544.8 299645519742619.7 399697389580031.8 399682296397783.8 398870612488975.8 396180952400097.06 389388571207469.44 374378453773718.2 345638286239634.75 300538821051602.25 248536082698605.75 167401018741266.1 299375728180099.0 399310467604783.8 399297259536348.8 398488684154276.75 395804574606299.56 389020177929578.0 374015556544295.3 345260025750915.5 300107862035351.25 248093006541783.34 167074437213123.56 299230749283175.06 399090044398806.06 399077632244087.75 398270533363172.94 395589073319265.25 388807280215678.56 373798740051336.0 345013853985773.44 299793027980813.8 247752428631962.38 166821201381396.38 398918827778140.44 498750384394107.56 498788535896294.25 497924906460857.0 494897224205258.1 487121418042472.8 469710198389922.5 435793269573960.5 381227957716040.0 315806968493115.25 222184130922333.9
    </DataArray>
    <DataArray type="Float32" Name="Temperature [K]" NumberOfComponents="1" format="ascii">
332.11852389944204 343.8169177833689 351.3763872382537 356.667336659069 360.7276274324258 364.0730004921106 366.97215105320726 369.548788806683 371.722998602346 372.72248685314287 369.740945173246 331.2979379893544 342.268367848346 349.74149061084717 355.12288312143477 359.29288623419984 362.72215048365604 365.66778962261594 368.2483515517165 370.37590763995985 371.2912911433032 368.4022376999057 329.31237127651275 338.65543537264386 345.75790011366996 351.2099135622257 355.54606289025804 359.11538362320135 362.1307814349898 364.68619957207284 366.66858759090553 367.3642140640437 364.7255231992689 326.955943033002 334.64768721560654 341.0681048744709 346.3242174826812 350.6444429120782 354.23027288607375 357.22014710322776 359.6596880357416 361.40136993771256 361.8223023903691 359.53167442370705 324.6484091308669 331.0320063183873 336.6600401828085 341.4800551438553 345.556269487124 348.9750801371794 351.7976357575 354.014305364014 355.4549971211701 355.6319457030724 353.72239862498526 322.4925164263897 327.88455908946895 332.776089566969 337.07934275054293 340.78520003508805 343.91098733570806 346.4616751997744 348.3879388645616 349.5250251927146 349.53293583326985 347.9768380407252 320.49635496231514 325.11389596555466 329.36397417198134 333.1607718291795 336.46428734520254 339.2526221125755 341.49531987374365 343.12406824910903 344.0015677979953 343.9137793300004 342.6499608470209 318.65142549467214 322.64051125392655 326.3372910813574 329.66615214832035 332.5763384209161 335.0267667662509 336.96941864690916 338.33335865686485 339.0144380648303 338.8860116852385 337.8530815667855 316.9480694331277 320.4124153106444 323.6309442619046 326.5383193489582 329.08239648845444 331.215750035035 332.88604599840426 334.02915843381516 334.56941016132055 334.43340227071957 333.5818089392537 315.3778188076457 318.39597331589425 321.2001559090649 323.7338658967864 325.9478225427269 327.7954027555698 329.2274569168925 330.1902031408655 330.62930564069256 330.50176531905663 329.7935741653179 313.9332790839757 316.5680108452504 319.0129121580343 321.2189892494675 323.1416008197818 324.738231914771 325.9660010583194 326.78159911931255 327.1458264769381 327.0325893862314 326.43864053665556 312.6076689140791 314.91108189026943 317.04452261321546 318.9654754906497 320.6344711407933 322.01420263939076 323.0685899739748 323.7634065565446 324.0699972170043 323.97169025644854 323.4693003730833 311.3944557427906 313.41087735164984 315.2745023017711 316.9484931519814 318.3984572695444 319.59229076398066 320.5000905606204 321.09491870842504 321.3554812315263 321.2705019449261 320.84193225092486 310.2871209020179 312.0548009600882 313.68483309283056 315.14543517466535 316.4069283627244 317.4419550015719 318.22577811885697 318.7370956952243 318.95982261186685 318.8858930874351 318.5172438974758 309.279060655147 310.8313291354417 312.2592535361442 313.53555825244183 314.63481354042153 315.5339140888605 316.2125102428143 316.653616114905 316.84472628247175 316.77968042042806 316.4600429609201 308.36332414843037 309.728803020193 310.9818363528144 312.099087590581 313.058860984763 313.8416246790687 314.43049876945025 314.8118087808081 314.97585282595156 314.9178640740532 314.63883398257923 307.53294875937684 308.7361359444068 309.83762789532926 310.81747284061873 311.6571910986308 312.34026451402207 312.8526078657469 313.1830504900266 313.3238601383296 313.27128945832595 313.0260647909907 306.7811391757145 307.8430090758655 308.8129400207276 309.67385865165494 310.41001641076315 311.0074197270273 311.45424729834656 311.7412530604494 311.8621461627788 311.8139321759763 311.5971899961034 306.1013767777238 307.0399211496683 307.8953914397981 308.6531498617112 309.2997500691663 309.82330445901135 310.21383843289954 310.46362171973243 310.5674581222711 310.52291473341444 310.3304726598029 305.48748389120317 306.318175260918 307.0738439730949 307.74190986072966 308.3108622453657 308.77056914069476 309.1125726114929 309.3303597409656 309.41959053805846 309.3782611604608 309.20678252054535 304.9336593324883 305.66984050717105 306.33830352236316 306.92820730970453 307.4296691344845 307.8340231439442 308.1340650628994 308.32427408441794 308.4009958316737 308.3625641595489 308.20933927324376 304.434494883868 305.08770458702264 305.6798142703813 306.2014552932326 306.64411665630536 307.0003607038328 307.2640257679174 307.4304087704414 307.49641446035787 307.4606497960557 307.323439377721 303.9849782226678 304.5652228566939 305.0903560792747 305.55225885181045 305.94357922512785 306.25791229906326 306.48996847849463 306.6357247810071 306.692548291242 306.65927155654583 306.53619514363584 303.5804866183649 304.09646742108595 304.5627492655687 304.972276658413 305.3186801393387 305.5964266910393 305.80096002811797 305.928826955503 305.97778083176496 305.94684329490417 305.83629929049135 303.21677396217945 303.67607705810383 304.09056753126265 304.45409789544544 304.76113435525656 305.0068828957338 305.1874068471445 305.2997332709815 305.3419407244828 305.3132108019854 305.2138185415537 302.88995349636025 303.29920926621395 303.66805929374203 303.9911337759441 304.2636121434222 304.48132915947764 304.64087399381714 304.7396805286435 304.77610264439534 304.74945794394347 304.6600151317776 302.59647789297816 302.96149498315316 303.2900770499373 303.57752243256493 303.81962131484744 304.0127453877212 304.15393182747863 304.2409605709115 304.2724195674671 304.2477423508561 304.16719328755823 302.3331179428114 302.65899637008 302.95201426926633 303.2080457264976 303.4234055827998 303.59492555810704 303.72002585846616 303.7967818209605 303.82398101381136 303.801155866399 303.7285673163739 302.0969407133578 302.3881676582026 302.6497490295059 302.8780564293186 303.0698567231633 303.22237698161547 303.3333659061005 303.4011517470246 303.4246927200768 303.40360560479746 303.33814812592937 301.88528782566556 302.1458190739887 302.37959373353686 302.5834144206714 302.75443849438113 302.8902337305566 302.98883133151395 303.04877663779905 303.06917402220586 303.0497121612092 302.99064538266236 301.69575430042045 301.929083757292 302.13825026826737 302.3204307049588 302.47312057565074 302.59418199155107 302.68188968871635 302.7349757573423 302.7526699440163 302.7347221546011 302.6813829428098 301.52616827786323 301.73538753650377 301.9227700173425 302.0858182080895 302.2223210534746 302.3303954866186 302.4085266251358 302.45560751027006 302.4709755711921 302.4544328110474 302.40622557644025 301.3745718085407 301.56242139938985 301.73051819874416 301.8766484630468 301.9988562243647 302.09547943013774 302.16518526298967 302.207005700053 302.22037075584353 302.2051267221674 302.1615153355576 301.23920283256075 301.40811648680415 301.5591420576849 301.690313424336 301.79989668385304 301.8864217578894 301.9487136162978 301.9859243227083 301.99756356434824 301.9835152532656 301.9440161916055 301.1184784073049 301.27062143425564 301.40654250064097 301.5244917647351 301.6229288411312 301.70055058385833 301.75631885819047 301.78948962330986 301.7996411711381 301.7866893458022 301.75086579261756 301.0109792021067 301.148281889842 301.2708488064328 301.377119104064 301.46572113861754 301.5354970188948 301.5855274616221 301.61515836935206 301.62402713078706 301.61207667431614 301.57953337445434 300.9154352491923 301.03962204411096 301.1503960946428 301.2463617007976 301.3262943710959 301.3891626302796 301.4341504041723 301.4606814759703 301.4684441439591 301.457404291095 301.4277830119141 300.8307129201518 300.9433280165268 301.0437052706395 301.13059320548274 301.2028955940865 301.25969093919394 301.3002527629048 301.3240722634954 301.3308815801079 301.3206660322424 301.29364152056814 300.7558030840623 300.8582329534668 300.9494652006023 301.0283741322016 301.0939751895791 301.1454424495068 301.1821271351365 301.203578745641 301.2095671393514 301.20009407356565 301.17537042418184 300.68981039538113 300.78330370347055 300.86651689983796 300.9384337526635 300.9981667223822 301.04497278055686 301.0782704108373 301.0976594428474 301.10294213379655 301.09413411938755 301.07144148968547 300.63194365555927 300.717628946418 300.7938395439622 300.85965415852337 300.9142692747201 300.95701354223405 300.9873634964742 301.00496229456076 301.0096399494245 301.00142378617903 300.9805154050892 300.5815071909936 300.66040866420445 300.7305381357396 300.7910562725762 300.841231992475 300.8804556454403 300.9082536517151 300.92430631009637 300.92846731701616 300.9207738090231 300.901423238062 300.5378931907089 300.6109448511579 300.67583268102965 300.7317876196772 300.77814061530427 300.814334787132 300.839939152085 300.8546656529718 300.85838807725503 300.8511517548591 300.83315036614573 300.50057494945753 300.56863337282334 300.6290487457768 300.68111169447826 300.72420579612293 300.7578188883373 300.7815560344306 300.795155900355 300.7985091732218 300.7916679741762 300.77482261538387 300.46910096533276 300.53295689178884 300.58960928267607 300.63839878610514 300.6787530442111 300.71019729718506 300.7323667194724 300.7450222592341 300.74806864466564 300.7415635638819 300.72569438384096 300.44308984519614 300.50347878891404 300.5570276313136 300.60311814029797 300.64121415134554 300.67087159815856 300.69175033806664 300.70362955542254 300.7064254340442 300.70020014970544 300.6851385611436 300.42222597597043 300.4798380176811 300.53090160951217 300.57483135781706 300.6111199825773 300.639347894382 300.65919461605586 300.67045384162645 300.67305084543176 300.6670513277289 300.65263808569796 300.4062559249943 300.4617448384081 300.510908626488 300.55318694445674 300.5880945331442 300.6152304524692 300.63428919757683 300.6450754973944 300.6475215248806 300.6416956322985 300.6277790083785 300.39498553804117 300.4489773878163 300.4968017604575 300.53791594316647 300.5718501709984 300.59821661989 300.6167203090745 300.6271737175482 300.62951385540623 300.62381092235165 300.6102449558741 300.388277709156 300.44137904788704 300.48840675464555 300.5288285928016 300.5621840009162 300.588092943426 300.6062666865914 300.6165223072541 300.61879968205557 300.61317010069627 300.599812909079 300.3860508021275 300.4388565861806 300.4856198964187 300.525811971198 300.5589753015043 300.5847324345077 300.6027967076474 300.6129867217406 300.6152433030325 300.6096381015055 300.59635023240253
    </DataArray>
   </PointData>
  </Piece>
 </UnstructuredGrid>
</VTKFile>
