<?xml version="1.0"?>
<VTKFile type="UnstructuredGrid" version="0.1" byte_order="LittleEndian">
 <UnstructuredGrid>
  <Piece NumberOfPoints="561" NumberOfCells="1000">
   <Points>
    <DataArray type="Float32" NumberOfComponents="3" format="ascii">
0.0 1e-08 0.0
0.0 1.1000000000000001e-08 0.0
0.0 1.2000000000000002e-08 0.0
0.0 1.3e-08 0.0
0.0 1.4000000000000001e-08 0.0
0.0 1.5000000000000002e-08 0.0
0.0 1.6e-08 0.0
0.0 1.7e-08 0.0
0.0 1.8000000000000002e-08 0.0
0.0 1.9e-08 0.0
0.0 2e-08 0.0
1e-09 1e-08 0.0
1e-09 1.1000000000000001e-08 0.0
1e-09 1.2000000000000002e-08 0.0
1e-09 1.3e-08 0.0
1e-09 1.4000000000000001e-08 0.0
1e-09 1.5000000000000002e-08 0.0
1e-09 1.6e-08 0.0
1e-09 1.7e-08 0.0
1e-09 1.8000000000000002e-08 0.0
1e-09 1.9e-08 0.0
1e-09 2e-08 0.0
2e-09 1e-08 0.0
2e-09 1.1000000000000001e-08 0.0
2e-09 1.2000000000000002e-08 0.0
2e-09 1.3e-08 0.0
2e-09 1.4000000000000001e-08 0.0
2e-09 1.5000000000000002e-08 0.0
2e-09 1.6e-08 0.0
2e-09 1.7e-08 0.0
2e-09 1.8000000000000002e-08 0.0
2e-09 1.9e-08 0.0
2e-09 2e-08 0.0
3.0000000000000004e-09 1e-08 0.0
3.0000000000000004e-09 1.1000000000000001e-08 0.0
3.0000000000000004e-09 1.2000000000000002e-08 0.0
3.0000000000000004e-09 1.3e-08 0.0
3.0000000000000004e-09 1.4000000000000001e-08 0.0
3.0000000000000004e-09 1.5000000000000002e-08 0.0
3.0000000000000004e-09 1.6e-08 0.0
3.0000000000000004e-09 1.7e-08 0.0
3.0000000000000004e-09 1.8000000000000002e-08 0.0
3.0000000000000004e-09 1.9e-08 0.0
3.0000000000000004e-09 2e-08 0.0
4e-09 1e-08 0.0
4e-09 1.1000000000000001e-08 0.0
4e-09 1.2000000000000002e-08 0.0
4e-09 1.3e-08 0.0
4e-09 1.4000000000000001e-08 0.0
4e-09 1.5000000000000002e-08 0.0
4e-09 1.6e-08 0.0
4e-09 1.7e-08 0.0
4e-09 1.8000000000000002e-08 0.0
4e-09 1.9e-08 0.0
4e-09 2e-08 0.0
5e-09 1e-08 0.0
5e-09 1.1000000000000001e-08 0.0
5e-09 1.2000000000000002e-08 0.0
5e-09 1.3e-08 0.0
5e-09 1.4000000000000001e-08 0.0
5e-09 1.5000000000000002e-08 0.0
5e-09 1.6e-08 0.0
5e-09 1.7e-08 0.0
5e-09 1.8000000000000002e-08 0.0
5e-09 1.9e-08 0.0
5e-09 2e-08 0.0
6.000000000000001e-09 1e-08 0.0
6.000000000000001e-09 1.1000000000000001e-08 0.0
6.000000000000001e-09 1.2000000000000002e-08 0.0
6.000000000000001e-09 1.3e-08 0.0
6.000000000000001e-09 1.4000000000000001e-08 0.0
6.000000000000001e-09 1.5000000000000002e-08 0.0
6.000000000000001e-09 1.6e-08 0.0
6.000000000000001e-09 1.7e-08 0.0
6.000000000000001e-09 1.8000000000000002e-08 0.0
6.000000000000001e-09 1.9e-08 0.0
6.000000000000001e-09 2e-08 0.0
7.000000000000001e-09 1e-08 0.0
7.000000000000001e-09 1.1000000000000001e-08 0.0
7.000000000000001e-09 1.2000000000000002e-08 0.0
7.000000000000001e-09 1.3e-08 0.0
7.000000000000001e-09 1.4000000000000001e-08 0.0
7.000000000000001e-09 1.5000000000000002e-08 0.0
7.000000000000001e-09 1.6e-08 0.0
7.000000000000001e-09 1.7e-08 0.0
7.000000000000001e-09 1.8000000000000002e-08 0.0
7.000000000000001e-09 1.9e-08 0.0
7.000000000000001e-09 2e-08 0.0
8e-09 1e-08 0.0
8e-09 1.1000000000000001e-08 0.0
8e-09 1.2000000000000002e-08 0.0
8e-09 1.3e-08 0.0
8e-09 1.4000000000000001e-08 0.0
8e-09 1.5000000000000002e-08 0.0
8e-09 1.6e-08 0.0
8e-09 1.7e-08 0.0
8e-09 1.8000000000000002e-08 0.0
8e-09 1.9e-08 0.0
8e-09 2e-08 0.0
9.000000000000001e-09 1e-08 0.0
9.000000000000001e-09 1.1000000000000001e-08 0.0
9.000000000000001e-09 1.2000000000000002e-08 0.0
9.000000000000001e-09 1.3e-08 0.0
9.000000000000001e-09 1.4000000000000001e-08 0.0
9.000000000000001e-09 1.5000000000000002e-08 0.0
9.000000000000001e-09 1.6e-08 0.0
9.000000000000001e-09 1.7e-08 0.0
9.000000000000001e-09 1.8000000000000002e-08 0.0
9.000000000000001e-09 1.9e-08 0.0
9.000000000000001e-09 2e-08 0.0
1e-08 1e-08 0.0
1e-08 1.1000000000000001e-08 0.0
1e-08 1.2000000000000002e-08 0.0
1e-08 1.3e-08 0.0
1e-08 1.4000000000000001e-08 0.0
1e-08 1.5000000000000002e-08 0.0
1e-08 1.6e-08 0.0
1e-08 1.7e-08 0.0
1e-08 1.8000000000000002e-08 0.0
1e-08 1.9e-08 0.0
1e-08 2e-08 0.0
1.1000000000000001e-08 1e-08 0.0
1.1000000000000001e-08 1.1000000000000001e-08 0.0
1.1000000000000001e-08 1.2000000000000002e-08 0.0
1.1000000000000001e-08 1.3e-08 0.0
1.1000000000000001e-08 1.4000000000000001e-08 0.0
1.1000000000000001e-08 1.5000000000000002e-08 0.0
1.1000000000000001e-08 1.6e-08 0.0
1.1000000000000001e-08 1.7e-08 0.0
1.1000000000000001e-08 1.8000000000000002e-08 0.0
1.1000000000000001e-08 1.9e-08 0.0
1.1000000000000001e-08 2e-08 0.0
1.2000000000000002e-08 1e-08 0.0
1.2000000000000002e-08 1.1000000000000001e-08 0.0
1.2000000000000002e-08 1.2000000000000002e-08 0.0
1.2000000000000002e-08 1.3e-08 0.0
1.2000000000000002e-08 1.4000000000000001e-08 0.0
1.2000000000000002e-08 1.5000000000000002e-08 0.0
1.2000000000000002e-08 1.6e-08 0.0
1.2000000000000002e-08 1.7e-08 0.0
1.2000000000000002e-08 1.8000000000000002e-08 0.0
1.2000000000000002e-08 1.9e-08 0.0
1.2000000000000002e-08 2e-08 0.0
1.3e-08 1e-08 0.0
1.3e-08 1.1000000000000001e-08 0.0
1.3e-08 1.2000000000000002e-08 0.0
1.3e-08 1.3e-08 0.0
1.3e-08 1.4000000000000001e-08 0.0
1.3e-08 1.5000000000000002e-08 0.0
1.3e-08 1.6e-08 0.0
1.3e-08 1.7e-08 0.0
1.3e-08 1.8000000000000002e-08 0.0
1.3e-08 1.9e-08 0.0
1.3e-08 2e-08 0.0
1.4000000000000001e-08 1e-08 0.0
1.4000000000000001e-08 1.1000000000000001e-08 0.0
1.4000000000000001e-08 1.2000000000000002e-08 0.0
1.4000000000000001e-08 1.3e-08 0.0
1.4000000000000001e-08 1.4000000000000001e-08 0.0
1.4000000000000001e-08 1.5000000000000002e-08 0.0
1.4000000000000001e-08 1.6e-08 0.0
1.4000000000000001e-08 1.7e-08 0.0
1.4000000000000001e-08 1.8000000000000002e-08 0.0
1.4000000000000001e-08 1.9e-08 0.0
1.4000000000000001e-08 2e-08 0.0
1.5000000000000002e-08 1e-08 0.0
1.5000000000000002e-08 1.1000000000000001e-08 0.0
1.5000000000000002e-08 1.2000000000000002e-08 0.0
1.5000000000000002e-08 1.3e-08 0.0
1.5000000000000002e-08 1.4000000000000001e-08 0.0
1.5000000000000002e-08 1.5000000000000002e-08 0.0
1.5000000000000002e-08 1.6e-08 0.0
1.5000000000000002e-08 1.7e-08 0.0
1.5000000000000002e-08 1.8000000000000002e-08 0.0
1.5000000000000002e-08 1.9e-08 0.0
1.5000000000000002e-08 2e-08 0.0
1.6e-08 1e-08 0.0
1.6e-08 1.1000000000000001e-08 0.0
1.6e-08 1.2000000000000002e-08 0.0
1.6e-08 1.3e-08 0.0
1.6e-08 1.4000000000000001e-08 0.0
1.6e-08 1.5000000000000002e-08 0.0
1.6e-08 1.6e-08 0.0
1.6e-08 1.7e-08 0.0
1.6e-08 1.8000000000000002e-08 0.0
1.6e-08 1.9e-08 0.0
1.6e-08 2e-08 0.0
1.7e-08 1e-08 0.0
1.7e-08 1.1000000000000001e-08 0.0
1.7e-08 1.2000000000000002e-08 0.0
1.7e-08 1.3e-08 0.0
1.7e-08 1.4000000000000001e-08 0.0
1.7e-08 1.5000000000000002e-08 0.0
1.7e-08 1.6e-08 0.0
1.7e-08 1.7e-08 0.0
1.7e-08 1.8000000000000002e-08 0.0
1.7e-08 1.9e-08 0.0
1.7e-08 2e-08 0.0
1.8000000000000002e-08 1e-08 0.0
1.8000000000000002e-08 1.1000000000000001e-08 0.0
1.8000000000000002e-08 1.2000000000000002e-08 0.0
1.8000000000000002e-08 1.3e-08 0.0
1.8000000000000002e-08 1.4000000000000001e-08 0.0
1.8000000000000002e-08 1.5000000000000002e-08 0.0
1.8000000000000002e-08 1.6e-08 0.0
1.8000000000000002e-08 1.7e-08 0.0
1.8000000000000002e-08 1.8000000000000002e-08 0.0
1.8000000000000002e-08 1.9e-08 0.0
1.8000000000000002e-08 2e-08 0.0
1.9e-08 1e-08 0.0
1.9e-08 1.1000000000000001e-08 0.0
1.9e-08 1.2000000000000002e-08 0.0
1.9e-08 1.3e-08 0.0
1.9e-08 1.4000000000000001e-08 0.0
1.9e-08 1.5000000000000002e-08 0.0
1.9e-08 1.6e-08 0.0
1.9e-08 1.7e-08 0.0
1.9e-08 1.8000000000000002e-08 0.0
1.9e-08 1.9e-08 0.0
1.9e-08 2e-08 0.0
2e-08 1e-08 0.0
2e-08 1.1000000000000001e-08 0.0
2e-08 1.2000000000000002e-08 0.0
2e-08 1.3e-08 0.0
2e-08 1.4000000000000001e-08 0.0
2e-08 1.5000000000000002e-08 0.0
2e-08 1.6e-08 0.0
2e-08 1.7e-08 0.0
2e-08 1.8000000000000002e-08 0.0
2e-08 1.9e-08 0.0
2e-08 2e-08 0.0
2.1000000000000003e-08 1e-08 0.0
2.1000000000000003e-08 1.1000000000000001e-08 0.0
2.1000000000000003e-08 1.2000000000000002e-08 0.0
2.1000000000000003e-08 1.3e-08 0.0
2.1000000000000003e-08 1.4000000000000001e-08 0.0
2.1000000000000003e-08 1.5000000000000002e-08 0.0
2.1000000000000003e-08 1.6e-08 0.0
2.1000000000000003e-08 1.7e-08 0.0
2.1000000000000003e-08 1.8000000000000002e-08 0.0
2.1000000000000003e-08 1.9e-08 0.0
2.1000000000000003e-08 2e-08 0.0
2.2000000000000002e-08 1e-08 0.0
2.2000000000000002e-08 1.1000000000000001e-08 0.0
2.2000000000000002e-08 1.2000000000000002e-08 0.0
2.2000000000000002e-08 1.3e-08 0.0
2.2000000000000002e-08 1.4000000000000001e-08 0.0
2.2000000000000002e-08 1.5000000000000002e-08 0.0
2.2000000000000002e-08 1.6e-08 0.0
2.2000000000000002e-08 1.7e-08 0.0
2.2000000000000002e-08 1.8000000000000002e-08 0.0
2.2000000000000002e-08 1.9e-08 0.0
2.2000000000000002e-08 2e-08 0.0
2.3e-08 1e-08 0.0
2.3e-08 1.1000000000000001e-08 0.0
2.3e-08 1.2000000000000002e-08 0.0
2.3e-08 1.3e-08 0.0
2.3e-08 1.4000000000000001e-08 0.0
2.3e-08 1.5000000000000002e-08 0.0
2.3e-08 1.6e-08 0.0
2.3e-08 1.7e-08 0.0
2.3e-08 1.8000000000000002e-08 0.0
2.3e-08 1.9e-08 0.0
2.3e-08 2e-08 0.0
2.4000000000000003e-08 1e-08 0.0
2.4000000000000003e-08 1.1000000000000001e-08 0.0
2.4000000000000003e-08 1.2000000000000002e-08 0.0
2.4000000000000003e-08 1.3e-08 0.0
2.4000000000000003e-08 1.4000000000000001e-08 0.0
2.4000000000000003e-08 1.5000000000000002e-08 0.0
2.4000000000000003e-08 1.6e-08 0.0
2.4000000000000003e-08 1.7e-08 0.0
2.4000000000000003e-08 1.8000000000000002e-08 0.0
2.4000000000000003e-08 1.9e-08 0.0
2.4000000000000003e-08 2e-08 0.0
2.5000000000000002e-08 1e-08 0.0
2.5000000000000002e-08 1.1000000000000001e-08 0.0
2.5000000000000002e-08 1.2000000000000002e-08 0.0
2.5000000000000002e-08 1.3e-08 0.0
2.5000000000000002e-08 1.4000000000000001e-08 0.0
2.5000000000000002e-08 1.5000000000000002e-08 0.0
2.5000000000000002e-08 1.6e-08 0.0
2.5000000000000002e-08 1.7e-08 0.0
2.5000000000000002e-08 1.8000000000000002e-08 0.0
2.5000000000000002e-08 1.9e-08 0.0
2.5000000000000002e-08 2e-08 0.0
2.6e-08 1e-08 0.0
2.6e-08 1.1000000000000001e-08 0.0
2.6e-08 1.2000000000000002e-08 0.0
2.6e-08 1.3e-08 0.0
2.6e-08 1.4000000000000001e-08 0.0
2.6e-08 1.5000000000000002e-08 0.0
2.6e-08 1.6e-08 0.0
2.6e-08 1.7e-08 0.0
2.6e-08 1.8000000000000002e-08 0.0
2.6e-08 1.9e-08 0.0
2.6e-08 2e-08 0.0
2.7e-08 1e-08 0.0
2.7e-08 1.1000000000000001e-08 0.0
2.7e-08 1.2000000000000002e-08 0.0
2.7e-08 1.3e-08 0.0
2.7e-08 1.4000000000000001e-08 0.0
2.7e-08 1.5000000000000002e-08 0.0
2.7e-08 1.6e-08 0.0
2.7e-08 1.7e-08 0.0
2.7e-08 1.8000000000000002e-08 0.0
2.7e-08 1.9e-08 0.0
2.7e-08 2e-08 0.0
2.8000000000000003e-08 1e-08 0.0
2.8000000000000003e-08 1.1000000000000001e-08 0.0
2.8000000000000003e-08 1.2000000000000002e-08 0.0
2.8000000000000003e-08 1.3e-08 0.0
2.8000000000000003e-08 1.4000000000000001e-08 0.0
2.8000000000000003e-08 1.5000000000000002e-08 0.0
2.8000000000000003e-08 1.6e-08 0.0
2.8000000000000003e-08 1.7e-08 0.0
2.8000000000000003e-08 1.8000000000000002e-08 0.0
2.8000000000000003e-08 1.9e-08 0.0
2.8000000000000003e-08 2e-08 0.0
2.9e-08 1e-08 0.0
2.9e-08 1.1000000000000001e-08 0.0
2.9e-08 1.2000000000000002e-08 0.0
2.9e-08 1.3e-08 0.0
2.9e-08 1.4000000000000001e-08 0.0
2.9e-08 1.5000000000000002e-08 0.0
2.9e-08 1.6e-08 0.0
2.9e-08 1.7e-08 0.0
2.9e-08 1.8000000000000002e-08 0.0
2.9e-08 1.9e-08 0.0
2.9e-08 2e-08 0.0
3.0000000000000004e-08 1e-08 0.0
3.0000000000000004e-08 1.1000000000000001e-08 0.0
3.0000000000000004e-08 1.2000000000000002e-08 0.0
3.0000000000000004e-08 1.3e-08 0.0
3.0000000000000004e-08 1.4000000000000001e-08 0.0
3.0000000000000004e-08 1.5000000000000002e-08 0.0
3.0000000000000004e-08 1.6e-08 0.0
3.0000000000000004e-08 1.7e-08 0.0
3.0000000000000004e-08 1.8000000000000002e-08 0.0
3.0000000000000004e-08 1.9e-08 0.0
3.0000000000000004e-08 2e-08 0.0
3.1e-08 1e-08 0.0
3.1e-08 1.1000000000000001e-08 0.0
3.1e-08 1.2000000000000002e-08 0.0
3.1e-08 1.3e-08 0.0
3.1e-08 1.4000000000000001e-08 0.0
3.1e-08 1.5000000000000002e-08 0.0
3.1e-08 1.6e-08 0.0
3.1e-08 1.7e-08 0.0
3.1e-08 1.8000000000000002e-08 0.0
3.1e-08 1.9e-08 0.0
3.1e-08 2e-08 0.0
3.2e-08 1e-08 0.0
3.2e-08 1.1000000000000001e-08 0.0
3.2e-08 1.2000000000000002e-08 0.0
3.2e-08 1.3e-08 0.0
3.2e-08 1.4000000000000001e-08 0.0
3.2e-08 1.5000000000000002e-08 0.0
3.2e-08 1.6e-08 0.0
3.2e-08 1.7e-08 0.0
3.2e-08 1.8000000000000002e-08 0.0
3.2e-08 1.9e-08 0.0
3.2e-08 2e-08 0.0
3.3000000000000004e-08 1e-08 0.0
3.3000000000000004e-08 1.1000000000000001e-08 0.0
3.3000000000000004e-08 1.2000000000000002e-08 0.0
3.3000000000000004e-08 1.3e-08 0.0
3.3000000000000004e-08 1.4000000000000001e-08 0.0
3.3000000000000004e-08 1.5000000000000002e-08 0.0
3.3000000000000004e-08 1.6e-08 0.0
3.3000000000000004e-08 1.7e-08 0.0
3.3000000000000004e-08 1.8000000000000002e-08 0.0
3.3000000000000004e-08 1.9e-08 0.0
3.3000000000000004e-08 2e-08 0.0
3.4e-08 1e-08 0.0
3.4e-08 1.1000000000000001e-08 0.0
3.4e-08 1.2000000000000002e-08 0.0
3.4e-08 1.3e-08 0.0
3.4e-08 1.4000000000000001e-08 0.0
3.4e-08 1.5000000000000002e-08 0.0
3.4e-08 1.6e-08 0.0
3.4e-08 1.7e-08 0.0
3.4e-08 1.8000000000000002e-08 0.0
3.4e-08 1.9e-08 0.0
3.4e-08 2e-08 0.0
3.5e-08 1e-08 0.0
3.5e-08 1.1000000000000001e-08 0.0
3.5e-08 1.2000000000000002e-08 0.0
3.5e-08 1.3e-08 0.0
3.5e-08 1.4000000000000001e-08 0.0
3.5e-08 1.5000000000000002e-08 0.0
3.5e-08 1.6e-08 0.0
3.5e-08 1.7e-08 0.0
3.5e-08 1.8000000000000002e-08 0.0
3.5e-08 1.9e-08 0.0
3.5e-08 2e-08 0.0
3.6000000000000005e-08 1e-08 0.0
3.6000000000000005e-08 1.1000000000000001e-08 0.0
3.6000000000000005e-08 1.2000000000000002e-08 0.0
3.6000000000000005e-08 1.3e-08 0.0
3.6000000000000005e-08 1.4000000000000001e-08 0.0
3.6000000000000005e-08 1.5000000000000002e-08 0.0
3.6000000000000005e-08 1.6e-08 0.0
3.6000000000000005e-08 1.7e-08 0.0
3.6000000000000005e-08 1.8000000000000002e-08 0.0
3.6000000000000005e-08 1.9e-08 0.0
3.6000000000000005e-08 2e-08 0.0
3.7e-08 1e-08 0.0
3.7e-08 1.1000000000000001e-08 0.0
3.7e-08 1.2000000000000002e-08 0.0
3.7e-08 1.3e-08 0.0
3.7e-08 1.4000000000000001e-08 0.0
3.7e-08 1.5000000000000002e-08 0.0
3.7e-08 1.6e-08 0.0
3.7e-08 1.7e-08 0.0
3.7e-08 1.8000000000000002e-08 0.0
3.7e-08 1.9e-08 0.0
3.7e-08 2e-08 0.0
3.8e-08 1e-08 0.0
3.8e-08 1.1000000000000001e-08 0.0
3.8e-08 1.2000000000000002e-08 0.0
3.8e-08 1.3e-08 0.0
3.8e-08 1.4000000000000001e-08 0.0
3.8e-08 1.5000000000000002e-08 0.0
3.8e-08 1.6e-08 0.0
3.8e-08 1.7e-08 0.0
3.8e-08 1.8000000000000002e-08 0.0
3.8e-08 1.9e-08 0.0
3.8e-08 2e-08 0.0
3.9000000000000005e-08 1e-08 0.0
3.9000000000000005e-08 1.1000000000000001e-08 0.0
3.9000000000000005e-08 1.2000000000000002e-08 0.0
3.9000000000000005e-08 1.3e-08 0.0
3.9000000000000005e-08 1.4000000000000001e-08 0.0
3.9000000000000005e-08 1.5000000000000002e-08 0.0
3.9000000000000005e-08 1.6e-08 0.0
3.9000000000000005e-08 1.7e-08 0.0
3.9000000000000005e-08 1.8000000000000002e-08 0.0
3.9000000000000005e-08 1.9e-08 0.0
3.9000000000000005e-08 2e-08 0.0
4e-08 1e-08 0.0
4e-08 1.1000000000000001e-08 0.0
4e-08 1.2000000000000002e-08 0.0
4e-08 1.3e-08 0.0
4e-08 1.4000000000000001e-08 0.0
4e-08 1.5000000000000002e-08 0.0
4e-08 1.6e-08 0.0
4e-08 1.7e-08 0.0
4e-08 1.8000000000000002e-08 0.0
4e-08 1.9e-08 0.0
4e-08 2e-08 0.0
4.1e-08 1e-08 0.0
4.1e-08 1.1000000000000001e-08 0.0
4.1e-08 1.2000000000000002e-08 0.0
4.1e-08 1.3e-08 0.0
4.1e-08 1.4000000000000001e-08 0.0
4.1e-08 1.5000000000000002e-08 0.0
4.1e-08 1.6e-08 0.0
4.1e-08 1.7e-08 0.0
4.1e-08 1.8000000000000002e-08 0.0
4.1e-08 1.9e-08 0.0
4.1e-08 2e-08 0.0
4.2000000000000006e-08 1e-08 0.0
4.2000000000000006e-08 1.1000000000000001e-08 0.0
4.2000000000000006e-08 1.2000000000000002e-08 0.0
4.2000000000000006e-08 1.3e-08 0.0
4.2000000000000006e-08 1.4000000000000001e-08 0.0
4.2000000000000006e-08 1.5000000000000002e-08 0.0
4.2000000000000006e-08 1.6e-08 0.0
4.2000000000000006e-08 1.7e-08 0.0
4.2000000000000006e-08 1.8000000000000002e-08 0.0
4.2000000000000006e-08 1.9e-08 0.0
4.2000000000000006e-08 2e-08 0.0
4.3e-08 1e-08 0.0
4.3e-08 1.1000000000000001e-08 0.0
4.3e-08 1.2000000000000002e-08 0.0
4.3e-08 1.3e-08 0.0
4.3e-08 1.4000000000000001e-08 0.0
4.3e-08 1.5000000000000002e-08 0.0
4.3e-08 1.6e-08 0.0
4.3e-08 1.7e-08 0.0
4.3e-08 1.8000000000000002e-08 0.0
4.3e-08 1.9e-08 0.0
4.3e-08 2e-08 0.0
4.4000000000000004e-08 1e-08 0.0
4.4000000000000004e-08 1.1000000000000001e-08 0.0
4.4000000000000004e-08 1.2000000000000002e-08 0.0
4.4000000000000004e-08 1.3e-08 0.0
4.4000000000000004e-08 1.4000000000000001e-08 0.0
4.4000000000000004e-08 1.5000000000000002e-08 0.0
4.4000000000000004e-08 1.6e-08 0.0
4.4000000000000004e-08 1.7e-08 0.0
4.4000000000000004e-08 1.8000000000000002e-08 0.0
4.4000000000000004e-08 1.9e-08 0.0
4.4000000000000004e-08 2e-08 0.0
4.5000000000000006e-08 1e-08 0.0
4.5000000000000006e-08 1.1000000000000001e-08 0.0
4.5000000000000006e-08 1.2000000000000002e-08 0.0
4.5000000000000006e-08 1.3e-08 0.0
4.5000000000000006e-08 1.4000000000000001e-08 0.0
4.5000000000000006e-08 1.5000000000000002e-08 0.0
4.5000000000000006e-08 1.6e-08 0.0
4.5000000000000006e-08 1.7e-08 0.0
4.5000000000000006e-08 1.8000000000000002e-08 0.0
4.5000000000000006e-08 1.9e-08 0.0
4.5000000000000006e-08 2e-08 0.0
4.6e-08 1e-08 0.0
4.6e-08 1.1000000000000001e-08 0.0
4.6e-08 1.2000000000000002e-08 0.0
4.6e-08 1.3e-08 0.0
4.6e-08 1.4000000000000001e-08 0.0
4.6e-08 1.5000000000000002e-08 0.0
4.6e-08 1.6e-08 0.0
4.6e-08 1.7e-08 0.0
4.6e-08 1.8000000000000002e-08 0.0
4.6e-08 1.9e-08 0.0
4.6e-08 2e-08 0.0
4.7000000000000004e-08 1e-08 0.0
4.7000000000000004e-08 1.1000000000000001e-08 0.0
4.7000000000000004e-08 1.2000000000000002e-08 0.0
4.7000000000000004e-08 1.3e-08 0.0
4.7000000000000004e-08 1.4000000000000001e-08 0.0
4.7000000000000004e-08 1.5000000000000002e-08 0.0
4.7000000000000004e-08 1.6e-08 0.0
4.7000000000000004e-08 1.7e-08 0.0
4.7000000000000004e-08 1.8000000000000002e-08 0.0
4.7000000000000004e-08 1.9e-08 0.0
4.7000000000000004e-08 2e-08 0.0
4.8000000000000006e-08 1e-08 0.0
4.8000000000000006e-08 1.1000000000000001e-08 0.0
4.8000000000000006e-08 1.2000000000000002e-08 0.0
4.8000000000000006e-08 1.3e-08 0.0
4.8000000000000006e-08 1.4000000000000001e-08 0.0
4.8000000000000006e-08 1.5000000000000002e-08 0.0
4.8000000000000006e-08 1.6e-08 0.0
4.8000000000000006e-08 1.7e-08 0.0
4.8000000000000006e-08 1.8000000000000002e-08 0.0
4.8000000000000006e-08 1.9e-08 0.0
4.8000000000000006e-08 2e-08 0.0
4.9e-08 1e-08 0.0
4.9e-08 1.1000000000000001e-08 0.0
4.9e-08 1.2000000000000002e-08 0.0
4.9e-08 1.3e-08 0.0
4.9e-08 1.4000000000000001e-08 0.0
4.9e-08 1.5000000000000002e-08 0.0
4.9e-08 1.6e-08 0.0
4.9e-08 1.7e-08 0.0
4.9e-08 1.8000000000000002e-08 0.0
4.9e-08 1.9e-08 0.0
4.9e-08 2e-08 0.0
5.0000000000000004e-08 1e-08 0.0
5.0000000000000004e-08 1.1000000000000001e-08 0.0
5.0000000000000004e-08 1.2000000000000002e-08 0.0
5.0000000000000004e-08 1.3e-08 0.0
5.0000000000000004e-08 1.4000000000000001e-08 0.0
5.0000000000000004e-08 1.5000000000000002e-08 0.0
5.0000000000000004e-08 1.6e-08 0.0
5.0000000000000004e-08 1.7e-08 0.0
5.0000000000000004e-08 1.8000000000000002e-08 0.0
5.0000000000000004e-08 1.9e-08 0.0
5.0000000000000004e-08 2e-08 0.0
    </DataArray>
   </Points>
   <Cells>
    <DataArray type="Int32" Name="connectivity" format="ascii">
0 11 1
11 12 1
1 12 2
12 13 2
2 13 3
13 14 3
3 14 4
14 15 4
4 15 5
15 16 5
5 16 6
16 17 6
6 17 7
17 18 7
7 18 8
18 19 8
8 19 9
19 20 9
9 20 10
20 21 10
11 22 12
22 23 12
12 23 13
23 24 13
13 24 14
24 25 14
14 25 15
25 26 15
15 26 16
26 27 16
16 27 17
27 28 17
17 28 18
28 29 18
18 29 19
29 30 19
19 30 20
30 31 20
20 31 21
31 32 21
22 33 23
33 34 23
23 34 24
34 35 24
24 35 25
35 36 25
25 36 26
36 37 26
26 37 27
37 38 27
27 38 28
38 39 28
28 39 29
39 40 29
29 40 30
40 41 30
30 41 31
41 42 31
31 42 32
42 43 32
33 44 34
44 45 34
34 45 35
45 46 35
35 46 36
46 47 36
36 47 37
47 48 37
37 48 38
48 49 38
38 49 39
49 50 39
39 50 40
50 51 40
40 51 41
51 52 41
41 52 42
52 53 42
42 53 43
53 54 43
44 55 45
55 56 45
45 56 46
56 57 46
46 57 47
57 58 47
47 58 48
58 59 48
48 59 49
59 60 49
49 60 50
60 61 50
50 61 51
61 62 51
51 62 52
62 63 52
52 63 53
63 64 53
53 64 54
64 65 54
55 66 56
66 67 56
56 67 57
67 68 57
57 68 58
68 69 58
58 69 59
69 70 59
59 70 60
70 71 60
60 71 61
71 72 61
61 72 62
72 73 62
62 73 63
73 74 63
63 74 64
74 75 64
64 75 65
75 76 65
66 77 67
77 78 67
67 78 68
78 79 68
68 79 69
79 80 69
69 80 70
80 81 70
70 81 71
81 82 71
71 82 72
82 83 72
72 83 73
83 84 73
73 84 74
84 85 74
74 85 75
85 86 75
75 86 76
86 87 76
77 88 78
88 89 78
78 89 79
89 90 79
79 90 80
90 91 80
80 91 81
91 92 81
81 92 82
92 93 82
82 93 83
93 94 83
83 94 84
94 95 84
84 95 85
95 96 85
85 96 86
96 97 86
86 97 87
97 98 87
88 99 89
99 100 89
89 100 90
100 101 90
90 101 91
101 102 91
91 102 92
102 103 92
92 103 93
103 104 93
93 104 94
104 105 94
94 105 95
105 106 95
95 106 96
106 107 96
96 107 97
107 108 97
97 108 98
108 109 98
99 110 100
110 111 100
100 111 101
111 112 101
101 112 102
112 113 102
102 113 103
113 114 103
103 114 104
114 115 104
104 115 105
115 116 105
105 116 106
116 117 106
106 117 107
117 118 107
107 118 108
118 119 108
108 119 109
119 120 109
110 121 111
121 122 111
111 122 112
122 123 112
112 123 113
123 124 113
113 124 114
124 125 114
114 125 115
125 126 115
115 126 116
126 127 116
116 127 117
127 128 117
117 128 118
128 129 118
118 129 119
129 130 119
119 130 120
130 131 120
121 132 122
132 133 122
122 133 123
133 134 123
123 134 124
134 135 124
124 135 125
135 136 125
125 136 126
136 137 126
126 137 127
137 138 127
127 138 128
138 139 128
128 139 129
139 140 129
129 140 130
140 141 130
130 141 131
141 142 131
132 143 133
143 144 133
133 144 134
144 145 134
134 145 135
145 146 135
135 146 136
146 147 136
136 147 137
147 148 137
137 148 138
148 149 138
138 149 139
149 150 139
139 150 140
150 151 140
140 151 141
151 152 141
141 152 142
152 153 142
143 154 144
154 155 144
144 155 145
155 156 145
145 156 146
156 157 146
146 157 147
157 158 147
147 158 148
158 159 148
148 159 149
159 160 149
149 160 150
160 161 150
150 161 151
161 162 151
151 162 152
162 163 152
152 163 153
163 164 153
154 165 155
165 166 155
155 166 156
166 167 156
156 167 157
167 168 157
157 168 158
168 169 158
158 169 159
169 170 159
159 170 160
170 171 160
160 171 161
171 172 161
161 172 162
172 173 162
162 173 163
173 174 163
163 174 164
174 175 164
165 176 166
176 177 166
166 177 167
177 178 167
167 178 168
178 179 168
168 179 169
179 180 169
169 180 170
180 181 170
170 181 171
181 182 171
171 182 172
182 183 172
172 183 173
183 184 173
173 184 174
184 185 174
174 185 175
185 186 175
176 187 177
187 188 177
177 188 178
188 189 178
178 189 179
189 190 179
179 190 180
190 191 180
180 191 181
191 192 181
181 192 182
192 193 182
182 193 183
193 194 183
183 194 184
194 195 184
184 195 185
195 196 185
185 196 186
196 197 186
187 198 188
198 199 188
188 199 189
199 200 189
189 200 190
200 201 190
190 201 191
201 202 191
191 202 192
202 203 192
192 203 193
203 204 193
193 204 194
204 205 194
194 205 195
205 206 195
195 206 196
206 207 196
196 207 197
207 208 197
198 209 199
209 210 199
199 210 200
210 211 200
200 211 201
211 212 201
201 212 202
212 213 202
202 213 203
213 214 203
203 214 204
214 215 204
204 215 205
215 216 205
205 216 206
216 217 206
206 217 207
217 218 207
207 218 208
218 219 208
209 220 210
220 221 210
210 221 211
221 222 211
211 222 212
222 223 212
212 223 213
223 224 213
213 224 214
224 225 214
214 225 215
225 226 215
215 226 216
226 227 216
216 227 217
227 228 217
217 228 218
228 229 218
218 229 219
229 230 219
220 231 221
231 232 221
221 232 222
232 233 222
222 233 223
233 234 223
223 234 224
234 235 224
224 235 225
235 236 225
225 236 226
236 237 226
226 237 227
237 238 227
227 238 228
238 239 228
228 239 229
239 240 229
229 240 230
240 241 230
231 242 232
242 243 232
232 243 233
243 244 233
233 244 234
244 245 234
234 245 235
245 246 235
235 246 236
246 247 236
236 247 237
247 248 237
237 248 238
248 249 238
238 249 239
249 250 239
239 250 240
250 251 240
240 251 241
251 252 241
242 253 243
253 254 243
243 254 244
254 255 244
244 255 245
255 256 245
245 256 246
256 257 246
246 257 247
257 258 247
247 258 248
258 259 248
248 259 249
259 260 249
249 260 250
260 261 250
250 261 251
261 262 251
251 262 252
262 263 252
253 264 254
264 265 254
254 265 255
265 266 255
255 266 256
266 267 256
256 267 257
267 268 257
257 268 258
268 269 258
258 269 259
269 270 259
259 270 260
270 271 260
260 271 261
271 272 261
261 272 262
272 273 262
262 273 263
273 274 263
264 275 265
275 276 265
265 276 266
276 277 266
266 277 267
277 278 267
267 278 268
278 279 268
268 279 269
279 280 269
269 280 270
280 281 270
270 281 271
281 282 271
271 282 272
282 283 272
272 283 273
283 284 273
273 284 274
284 285 274
275 286 287
275 287 276
276 287 288
276 288 277
277 288 289
277 289 278
278 289 290
278 290 279
279 290 291
279 291 280
280 291 292
280 292 281
281 292 293
281 293 282
282 293 294
282 294 283
283 294 295
283 295 284
284 295 296
284 296 285
286 297 298
286 298 287
287 298 299
287 299 288
288 299 300
288 300 289
289 300 301
289 301 290
290 301 302
290 302 291
291 302 303
291 303 292
292 303 304
292 304 293
293 304 305
293 305 294
294 305 306
294 306 295
295 306 307
295 307 296
297 308 309
297 309 298
298 309 310
298 310 299
299 310 311
299 311 300
300 311 312
300 312 301
301 312 313
301 313 302
302 313 314
302 314 303
303 314 315
303 315 304
304 315 316
304 316 305
305 316 317
305 317 306
306 317 318
306 318 307
308 319 320
308 320 309
309 320 321
309 321 310
310 321 322
310 322 311
311 322 323
311 323 312
312 323 324
312 324 313
313 324 325
313 325 314
314 325 326
314 326 315
315 326 327
315 327 316
316 327 328
316 328 317
317 328 329
317 329 318
319 330 331
319 331 320
320 331 332
320 332 321
321 332 333
321 333 322
322 333 334
322 334 323
323 334 335
323 335 324
324 335 336
324 336 325
325 336 337
325 337 326
326 337 338
326 338 327
327 338 339
327 339 328
328 339 340
328 340 329
330 341 342
330 342 331
331 342 343
331 343 332
332 343 344
332 344 333
333 344 345
333 345 334
334 345 346
334 346 335
335 346 347
335 347 336
336 347 348
336 348 337
337 348 349
337 349 338
338 349 350
338 350 339
339 350 351
339 351 340
341 352 353
341 353 342
342 353 354
342 354 343
343 354 355
343 355 344
344 355 356
344 356 345
345 356 357
345 357 346
346 357 358
346 358 347
347 358 359
347 359 348
348 359 360
348 360 349
349 360 361
349 361 350
350 361 362
350 362 351
352 363 364
352 364 353
353 364 365
353 365 354
354 365 366
354 366 355
355 366 367
355 367 356
356 367 368
356 368 357
357 368 369
357 369 358
358 369 370
358 370 359
359 370 371
359 371 360
360 371 372
360 372 361
361 372 373
361 373 362
363 374 375
363 375 364
364 375 376
364 376 365
365 376 377
365 377 366
366 377 378
366 378 367
367 378 379
367 379 368
368 379 380
368 380 369
369 380 381
369 381 370
370 381 382
370 382 371
371 382 383
371 383 372
372 383 384
372 384 373
374 385 386
374 386 375
375 386 387
375 387 376
376 387 388
376 388 377
377 388 389
377 389 378
378 389 390
378 390 379
379 390 391
379 391 380
380 391 392
380 392 381
381 392 393
381 393 382
382 393 394
382 394 383
383 394 395
383 395 384
385 396 397
385 397 386
386 397 398
386 398 387
387 398 399
387 399 388
388 399 400
388 400 389
389 400 401
389 401 390
390 401 402
390 402 391
391 402 403
391 403 392
392 403 404
392 404 393
393 404 405
393 405 394
394 405 406
394 406 395
396 407 408
396 408 397
397 408 409
397 409 398
398 409 410
398 410 399
399 410 411
399 411 400
400 411 412
400 412 401
401 412 413
401 413 402
402 413 414
402 414 403
403 414 415
403 415 404
404 415 416
404 416 405
405 416 417
405 417 406
407 418 419
407 419 408
408 419 420
408 420 409
409 420 421
409 421 410
410 421 422
410 422 411
411 422 423
411 423 412
412 423 424
412 424 413
413 424 425
413 425 414
414 425 426
414 426 415
415 426 427
415 427 416
416 427 428
416 428 417
418 429 430
418 430 419
419 430 431
419 431 420
420 431 432
420 432 421
421 432 433
421 433 422
422 433 434
422 434 423
423 434 435
423 435 424
424 435 436
424 436 425
425 436 437
425 437 426
426 437 438
426 438 427
427 438 439
427 439 428
429 440 441
429 441 430
430 441 442
430 442 431
431 442 443
431 443 432
432 443 444
432 444 433
433 444 445
433 445 434
434 445 446
434 446 435
435 446 447
435 447 436
436 447 448
436 448 437
437 448 449
437 449 438
438 449 450
438 450 439
440 451 452
440 452 441
441 452 453
441 453 442
442 453 454
442 454 443
443 454 455
443 455 444
444 455 456
444 456 445
445 456 457
445 457 446
446 457 458
446 458 447
447 458 459
447 459 448
448 459 460
448 460 449
449 460 461
449 461 450
451 462 463
451 463 452
452 463 464
452 464 453
453 464 465
453 465 454
454 465 466
454 466 455
455 466 467
455 467 456
456 467 468
456 468 457
457 468 469
457 469 458
458 469 470
458 470 459
459 470 471
459 471 460
460 471 472
460 472 461
462 473 474
462 474 463
463 474 475
463 475 464
464 475 476
464 476 465
465 476 477
465 477 466
466 477 478
466 478 467
467 478 479
467 479 468
468 479 480
468 480 469
469 480 481
469 481 470
470 481 482
470 482 471
471 482 483
471 483 472
473 484 485
473 485 474
474 485 486
474 486 475
475 486 487
475 487 476
476 487 488
476 488 477
477 488 489
477 489 478
478 489 490
478 490 479
479 490 491
479 491 480
480 491 492
480 492 481
481 492 493
481 493 482
482 493 494
482 494 483
484 495 496
484 496 485
485 496 497
485 497 486
486 497 498
486 498 487
487 498 499
487 499 488
488 499 500
488 500 489
489 500 501
489 501 490
490 501 502
490 502 491
491 502 503
491 503 492
492 503 504
492 504 493
493 504 505
493 505 494
495 506 507
495 507 496
496 507 508
496 508 497
497 508 509
497 509 498
498 509 510
498 510 499
499 510 511
499 511 500
500 511 512
500 512 501
501 512 513
501 513 502
502 513 514
502 514 503
503 514 515
503 515 504
504 515 516
504 516 505
506 517 518
506 518 507
507 518 519
507 519 508
508 519 520
508 520 509
509 520 521
509 521 510
510 521 522
510 522 511
511 522 523
511 523 512
512 523 524
512 524 513
513 524 525
513 525 514
514 525 526
514 526 515
515 526 527
515 527 516
517 528 529
517 529 518
518 529 530
518 530 519
519 530 531
519 531 520
520 531 532
520 532 521
521 532 533
521 533 522
522 533 534
522 534 523
523 534 535
523 535 524
524 535 536
524 536 525
525 536 537
525 537 526
526 537 538
526 538 527
528 539 540
528 540 529
529 540 541
529 541 530
530 541 542
530 542 531
531 542 543
531 543 532
532 543 544
532 544 533
533 544 545
533 545 534
534 545 546
534 546 535
535 546 547
535 547 536
536 547 548
536 548 537
537 548 549
537 549 538
539 550 551
539 551 540
540 551 552
540 552 541
541 552 553
541 553 542
542 553 554
542 554 543
543 554 555
543 555 544
544 555 556
544 556 545
545 556 557
545 557 546
546 557 558
546 558 547
547 558 559
547 559 548
548 559 560
548 560 549
    </DataArray>
    <DataArray type="Int32" Name="offsets" format="ascii">
3 6 9 12 15 18 21 24 27 30 33 36 39 42 45 48 51 54 57 60 63 66 69 72 75 78 81 84 87 90 93 96 99 102 105 108 111 114 117 120 123 126 129 132 135 138 141 144 147 150 153 156 159 162 165 168 171 174 177 180 183 186 189 192 195 198 201 204 207 210 213 216 219 222 225 228 231 234 237 240 243 246 249 252 255 258 261 264 267 270 273 276 279 282 285 288 291 294 297 300 303 306 309 312 315 318 321 324 327 330 333 336 339 342 345 348 351 354 357 360 363 366 369 372 375 378 381 384 387 390 393 396 399 402 405 408 411 414 417 420 423 426 429 432 435 438 441 444 447 450 453 456 459 462 465 468 471 474 477 480 483 486 489 492 495 498 501 504 507 510 513 516 519 522 525 528 531 534 537 540 543 546 549 552 555 558 561 564 567 570 573 576 579 582 585 588 591 594 597 600 603 606 609 612 615 618 621 624 627 630 633 636 639 642 645 648 651 654 657 660 663 666 669 672 675 678 681 684 687 690 693 696 699 702 705 708 711 714 717 720 723 726 729 732 735 738 741 744 747 750 753 756 759 762 765 768 771 774 777 780 783 786 789 792 795 798 801 804 807 810 813 816 819 822 825 828 831 834 837 840 843 846 849 852 855 858 861 864 867 870 873 876 879 882 885 888 891 894 897 900 903 906 909 912 915 918 921 924 927 930 933 936 939 942 945 948 951 954 957 960 963 966 969 972 975 978 981 984 987 990 993 996 999 1002 1005 1008 1011 1014 1017 1020 1023 1026 1029 1032 1035 1038 1041 1044 1047 1050 1053 1056 1059 1062 1065 1068 1071 1074 1077 1080 1083 1086 1089 1092 1095 1098 1101 1104 1107 1110 1113 1116 1119 1122 1125 1128 1131 1134 1137 1140 1143 1146 1149 1152 1155 1158 1161 1164 1167 1170 1173 1176 1179 1182 1185 1188 1191 1194 1197 1200 1203 1206 1209 1212 1215 1218 1221 1224 1227 1230 1233 1236 1239 1242 1245 1248 1251 1254 1257 1260 1263 1266 1269 1272 1275 1278 1281 1284 1287 1290 1293 1296 1299 1302 1305 1308 1311 1314 1317 1320 1323 1326 1329 1332 1335 1338 1341 1344 1347 1350 1353 1356 1359 1362 1365 1368 1371 1374 1377 1380 1383 1386 1389 1392 1395 1398 1401 1404 1407 1410 1413 1416 1419 1422 1425 1428 1431 1434 1437 1440 1443 1446 1449 1452 1455 1458 1461 1464 1467 1470 1473 1476 1479 1482 1485 1488 1491 1494 1497 1500 1503 1506 1509 1512 1515 1518 1521 1524 1527 1530 1533 1536 1539 1542 1545 1548 1551 1554 1557 1560 1563 1566 1569 1572 1575 1578 1581 1584 1587 1590 1593 1596 1599 1602 1605 1608 1611 1614 1617 1620 1623 1626 1629 1632 1635 1638 1641 1644 1647 1650 1653 1656 1659 1662 1665 1668 1671 1674 1677 1680 1683 1686 1689 1692 1695 1698 1701 1704 1707 1710 1713 1716 1719 1722 1725 1728 1731 1734 1737 1740 1743 1746 1749 1752 1755 1758 1761 1764 1767 1770 1773 1776 1779 1782 1785 1788 1791 1794 1797 1800 1803 1806 1809 1812 1815 1818 1821 1824 1827 1830 1833 1836 1839 1842 1845 1848 1851 1854 1857 1860 1863 1866 1869 1872 1875 1878 1881 1884 1887 1890 1893 1896 1899 1902 1905 1908 1911 1914 1917 1920 1923 1926 1929 1932 1935 1938 1941 1944 1947 1950 1953 1956 1959 1962 1965 1968 1971 1974 1977 1980 1983 1986 1989 1992 1995 1998 2001 2004 2007 2010 2013 2016 2019 2022 2025 2028 2031 2034 2037 2040 2043 2046 2049 2052 2055 2058 2061 2064 2067 2070 2073 2076 2079 2082 2085 2088 2091 2094 2097 2100 2103 2106 2109 2112 2115 2118 2121 2124 2127 2130 2133 2136 2139 2142 2145 2148 2151 2154 2157 2160 2163 2166 2169 2172 2175 2178 2181 2184 2187 2190 2193 2196 2199 2202 2205 2208 2211 2214 2217 2220 2223 2226 2229 2232 2235 2238 2241 2244 2247 2250 2253 2256 2259 2262 2265 2268 2271 2274 2277 2280 2283 2286 2289 2292 2295 2298 2301 2304 2307 2310 2313 2316 2319 2322 2325 2328 2331 2334 2337 2340 2343 2346 2349 2352 2355 2358 2361 2364 2367 2370 2373 2376 2379 2382 2385 2388 2391 2394 2397 2400 2403 2406 2409 2412 2415 2418 2421 2424 2427 2430 2433 2436 2439 2442 2445 2448 2451 2454 2457 2460 2463 2466 2469 2472 2475 2478 2481 2484 2487 2490 2493 2496 2499 2502 2505 2508 2511 2514 2517 2520 2523 2526 2529 2532 2535 2538 2541 2544 2547 2550 2553 2556 2559 2562 2565 2568 2571 2574 2577 2580 2583 2586 2589 2592 2595 2598 2601 2604 2607 2610 2613 2616 2619 2622 2625 2628 2631 2634 2637 2640 2643 2646 2649 2652 2655 2658 2661 2664 2667 2670 2673 2676 2679 2682 2685 2688 2691 2694 2697 2700 2703 2706 2709 2712 2715 2718 2721 2724 2727 2730 2733 2736 2739 2742 2745 2748 2751 2754 2757 2760 2763 2766 2769 2772 2775 2778 2781 2784 2787 2790 2793 2796 2799 2802 2805 2808 2811 2814 2817 2820 2823 2826 2829 2832 2835 2838 2841 2844 2847 2850 2853 2856 2859 2862 2865 2868 2871 2874 2877 2880 2883 2886 2889 2892 2895 2898 2901 2904 2907 2910 2913 2916 2919 2922 2925 2928 2931 2934 2937 2940 2943 2946 2949 2952 2955 2958 2961 2964 2967 2970 2973 2976 2979 2982 2985 2988 2991 2994 2997 3000
    </DataArray>
    <DataArray type="UInt8" Name="types" format="ascii">
5 5 5 5 5 5 5 5 5 5 5 5 5 5 5 5 5 5 5 5 5 5 5 5 5 5 5 5 5 5 5 5 5 5 5 5 5 5 5 5 5 5 5 5 5 5 5 5 5 5 5 5 5 5 5 5 5 5 5 5 5 5 5 5 5 5 5 5 5 5 5 5 5 5 5 5 5 5 5 5 5 5 5 5 5 5 5 5 5 5 5 5 5 5 5 5 5 5 5 5 5 5 5 5 5 5 5 5 5 5 5 5 5 5 5 5 5 5 5 5 5 5 5 5 5 5 5 5 5 5 5 5 5 5 5 5 5 5 5 5 5 5 5 5 5 5 5 5 5 5 5 5 5 5 5 5 5 5 5 5 5 5 5 5 5 5 5 5 5 5 5 5 5 5 5 5 5 5 5 5 5 5 5 5 5 5 5 5 5 5 5 5 5 5 5 5 5 5 5 5 5 5 5 5 5 5 5 5 5 5 5 5 5 5 5 5 5 5 5 5 5 5 5 5 5 5 5 5 5 5 5 5 5 5 5 5 5 5 5 5 5 5 5 5 5 5 5 5 5 5 5 5 5 5 5 5 5 5 5 5 5 5 5 5 5 5 5 5 5 5 5 5 5 5 5 5 5 5 5 5 5 5 5 5 5 5 5 5 5 5 5 5 5 5 5 5 5 5 5 5 5 5 5 5 5 5 5 5 5 5 5 5 5 5 5 5 5 5 5 5 5 5 5 5 5 5 5 5 5 5 5 5 5 5 5 5 5 5 5 5 5 5 5 5 5 5 5 5 5 5 5 5 5 5 5 5 5 5 5 5 5 5 5 5 5 5 5 5 5 5 5 5 5 5 5 5 5 5 5 5 5 5 5 5 5 5 5 5 5 5 5 5 5 5 5 5 5 5 5 5 5 5 5 5 5 5 5 5 5 5 5 5 5 5 5 5 5 5 5 5 5 5 5 5 5 5 5 5 5 5 5 5 5 5 5 5 5 5 5 5 5 5 5 5 5 5 5 5 5 5 5 5 5 5 5 5 5 5 5 5 5 5 5 5 5 5 5 5 5 5 5 5 5 5 5 5 5 5 5 5 5 5 5 5 5 5 5 5 5 5 5 5 5 5 5 5 5 5 5 5 5 5 5 5 5 5 5 5 5 5 5 5 5 5 5 5 5 5 5 5 5 5 5 5 5 5 5 5 5 5 5 5 5 5 5 5 5 5 5 5 5 5 5 5 5 5 5 5 5 5 5 5 5 5 5 5 5 5 5 5 5 5 5 5 5 5 5 5 5 5 5 5 5 5 5 5 5 5 5 5 5 5 5 5 5 5 5 5 5 5 5 5 5 5 5 5 5 5 5 5 5 5 5 5 5 5 5 5 5 5 5 5 5 5 5 5 5 5 5 5 5 5 5 5 5 5 5 5 5 5 5 5 5 5 5 5 5 5 5 5 5 5 5 5 5 5 5 5 5 5 5 5 5 5 5 5 5 5 5 5 5 5 5 5 5 5 5 5 5 5 5 5 5 5 5 5 5 5 5 5 5 5 5 5 5 5 5 5 5 5 5 5 5 5 5 5 5 5 5 5 5 5 5 5 5 5 5 5 5 5 5 5 5 5 5 5 5 5 5 5 5 5 5 5 5 5 5 5 5 5 5 5 5 5 5 5 5 5 5 5 5 5 5 5 5 5 5 5 5 5 5 5 5 5 5 5 5 5 5 5 5 5 5 5 5 5 5 5 5 5 5 5 5 5 5 5 5 5 5 5 5 5 5 5 5 5 5 5 5 5 5 5 5 5 5 5 5 5 5 5 5 5 5 5 5 5 5 5 5 5 5 5 5 5 5 5 5 5 5 5 5 5 5 5 5 5 5 5 5 5 5 5 5 5 5 5 5 5 5 5 5 5 5 5 5 5 5 5 5 5 5 5 5 5 5 5 5 5 5 5 5 5 5 5 5 5 5 5 5 5 5 5 5 5 5 5 5 5 5 5 5 5 5 5 5 5 5 5 5 5 5 5 5 5 5 5 5 5 5 5 5 5 5 5 5 5 5 5 5 5 5 5 5 5 5 5 5 5 5 5 5 5 5 5 5 5 5 5 5 5 5 5 5 5 5 5 5 5 5 5 5 5 5 5 5 5 5 5 5 5 5 5 5 5 5 5 5 5 5 5 5 5 5 5 5 5 5 5 5 5 5 5 5 5 5 5 5 5 5 5 5 5 5 5 5 5 5 5 5 5 5 5 5 5 5 5 5 5 5 5
    </DataArray>
   </Cells>
   <PointData>
    <DataArray type="Float32" Name="Acceptor Doping [log10(m^-3)]" NumberOfComponents="1" format="ascii">
0.0 0.0 0.0 0.0 0.0 0.0 0.0 0.0 0.0 0.0 0.0 0.0 0.0 0.0 0.0 0.0 0.0 0.0 0.0 0.0 0.0 0.0 0.0 0.0 0.0 0.0 0.0 0.0 0.0 0.0 0.0 0.0 0.0 0.0 0.0 0.0 0.0 0.0 0.0 0.0 0.0 0.0 0.0 0.0 0.0 0.0 0.0 0.0 0.0 0.0 0.0 0.0 0.0 0.0 0.0 0.0 0.0 0.0 0.0 0.0 0.0 0.0 0.0 0.0 0.0 0.0 0.0 0.0 0.0 0.0 0.0 0.0 0.0 0.0 0.0 0.0 0.0 0.0 0.0 0.0 0.0 0.0 0.0 0.0 0.0 0.0 0.0 0.0 0.0 0.0 0.0 0.0 0.0 0.0 0.0 0.0 0.0 0.0 0.0 0.0 0.0 0.0 0.0 0.0 0.0 0.0 0.0 0.0 0.0 0.0 0.0 0.0 0.0 0.0 0.0 0.0 0.0 0.0 0.0 0.0 0.0 0.0 0.0 0.0 0.0 0.0 0.0 0.0 0.0 0.0 0.0 0.0 0.0 0.0 0.0 0.0 0.0 0.0 0.0 0.0 0.0 0.0 0.0 0.0 0.0 0.0 0.0 0.0 0.0 0.0 0.0 0.0 0.0 0.0 0.0 0.0 0.0 0.0 0.0 0.0 0.0 0.0 0.0 0.0 0.0 0.0 0.0 0.0 0.0 0.0 0.0 0.0 0.0 0.0 0.0 0.0 0.0 0.0 0.0 0.0 0.0 0.0 0.0 0.0 0.0 0.0 0.0 0.0 0.0 0.0 0.0 0.0 0.0 0.0 0.0 0.0 0.0 0.0 0.0 0.0 0.0 0.0 0.0 0.0 0.0 0.0 0.0 0.0 0.0 0.0 0.0 0.0 0.0 0.0 0.0 0.0 0.0 0.0 0.0 0.0 0.0 0.0 0.0 0.0 0.0 0.0 0.0 0.0 0.0 0.0 0.0 0.0 0.0 0.0 0.0 0.0 0.0 0.0 0.0 0.0 0.0 0.0 0.0 0.0 0.0 0.0 0.0 0.0 0.0 0.0 0.0 0.0 0.0 0.0 0.0 0.0 0.0 0.0 0.0 0.0 0.0 0.0 0.0 0.0 0.0 0.0 0.0 0.0 0.0 0.0 0.0 0.0 0.0 0.0 0.0 0.0 0.0 0.0 0.0 0.0 0.0 0.0 0.0 0.0 0.0 0.0 0.0 0.0 0.0 0.0 0.0 0.0 0.0 0.0 0.0 0.0 0.0 0.0 0.0 0.0 0.0 0.0 0.0 0.0 0.0 0.0 0.0 0.0 0.0 0.0 0.0 0.0 0.0 0.0 0.0 0.0 0.0 0.0 0.0 0.0 0.0 0.0 0.0 0.0 0.0 0.0 0.0 0.0 0.0 0.0 0.0 0.0 0.0 0.0 0.0 0.0 0.0 0.0 0.0 0.0 0.0 0.0 0.0 0.0 0.0 0.0 0.0 0.0 0.0 0.0 0.0 0.0 0.0 0.0 0.0 0.0 0.0 0.0 0.0 0.0 0.0 0.0 0.0 0.0 0.0 0.0 0.0 0.0 0.0 0.0 0.0 0.0 0.0 0.0 0.0 0.0 0.0 0.0 0.0 0.0 0.0 0.0 0.0 0.0 0.0 0.0 0.0 0.0 0.0 0.0 0.0 0.0 0.0 0.0 0.0 0.0 0.0 0.0 0.0 0.0 0.0 0.0 0.0 0.0 0.0 0.0 0.0 0.0 0.0 0.0 0.0 0.0 0.0 0.0 0.0 0.0 0.0 0.0 0.0 0.0 0.0 0.0 0.0 0.0 0.0 0.0 0.0 0.0 0.0 0.0 0.0 0.0 0.0 0.0 0.0 0.0 0.0 0.0 0.0 0.0 0.0 0.0 0.0 0.0 0.0 0.0 0.0 0.0 0.0 0.0 0.0 0.0 0.0 0.0 0.0 0.0 0.0 0.0 0.0 0.0 0.0 0.0 0.0 0.0 0.0 0.0 0.0 0.0 0.0 0.0 0.0 0.0 0.0 0.0 0.0 0.0 0.0 0.0 0.0 0.0 0.0 0.0 0.0 0.0 0.0 0.0 0.0 0.0 0.0 0.0 0.0 0.0 0.0 0.0 0.0 0.0 0.0 0.0 0.0 0.0 0.0 0.0 0.0 0.0 0.0 0.0 0.0 0.0 0.0 0.0 0.0 0.0 0.0 0.0 0.0 0.0 0.0 0.0 0.0 0.0 0.0 0.0 0.0 0.0 0.0 0.0 0.0 0.0 0.0 0.0 0.0 0.0 0.0 0.0 0.0 0.0 0.0 0.0 0.0 0.0 0.0 0.0 0.0 0.0 0.0 0.0 0.0 0.0 0.0 0.0 0.0 0.0 0.0 0.0 0.0 0.0 0.0 0.0 0.0 0.0 0.0
    </DataArray>
    <DataArray type="Float32" Name="Donor Doping [log10(m^-3)]" NumberOfComponents="1" format="ascii">
25.81011715235999 25.985388003584042 26.036197193566657 26.02031657261283 26.004549814809625 25.980165101811046 25.93273842228177 25.836452048211235 25.65956793060329 25.428757732971867 25.299942900022767 25.731141582765 25.892835012976352 25.972557506089874 25.9664449756309 25.954896672594035 25.9315520498885 25.88153932199821 25.780375436944272 25.606408167338447 25.39962186269597 25.299942900022767 25.56702770400431 25.67432240914132 25.804673451572885 25.81855344326438 25.812024563154957 25.78747244646871 25.729975168278536 25.62343494138998 25.474121659349937 25.33385924467749 25.299942900022767 25.40790235264178 25.43761850507029 25.58329482172053 25.610895090253567 25.59855039863354 25.566114624552416 25.506721843938287 25.42087186950764 25.33140709185299 25.26947670072299 25.299942900022767 25.274239640746917 25.248122764849818 25.382623728856203 25.42048265255591 25.4030643262312 25.364564166530077 25.31659083847242 25.268342185393465 25.233451657969997 25.225562483932844 25.299942900022767 25.15748408110007 25.102290996029694 25.225181585500312 25.28105344227402 25.28138609383203 25.254750383347005 25.221760702760953 25.195125723938798 25.184608748675146 25.20213859121203 25.299942900022767 25.048994013499303 24.980810619255024 25.095050473385715 25.167947130252013 25.194891255781382 25.19186053511754 25.177167065787962 25.16479358782943 25.165390787065743 25.194274885711348 25.299942900022767 24.942920590927752 24.870248552021874 24.979351560259172 25.064966461402477 25.11562773185556 25.1374617899077 25.143399396350897 25.14605704201566 25.156402913340596 25.192469214959203 25.299942900022767 24.835003180740603 24.762153839709097 24.870199275320942 24.96678014203676 25.03706248968924 25.08137900654354 25.10763288372239 25.126089449662388 25.147487041632317 25.191834911433123 25.299942900022767 24.721316279114674 24.650697174289732 24.761629724291115 24.86984396101014 24.958091470633942 25.022694733430036 25.068276223833312 25.1029183565785 25.13748361583235 25.192348289226203 25.299942900022767 24.596252954540248 24.53097429803625 24.648983661193853 24.770431795628927 24.876792544372012 24.96157843539444 25.02666536752477 25.079082097760498 25.13059448750884 25.19487308822748 25.299942900022767 24.44866353645266 24.397835719967944 24.526343816900265 24.663934318618228 24.791296523750137 24.898930260257554 24.986947773255785 25.06138672441529 25.13053829208126 25.1990853468203 25.299942900022767 24.25421566321828 24.23420159389223 24.386482428297292 24.548886710319703 24.703371018593945 24.841338621229102 24.9545546567823 25.051524981798046 25.133106130346995 25.203700643355596 25.299942900022767 23.932968677678318 23.914802324973408 24.09218127412076 24.334444796005926 24.585478563202585 24.823211492556656 24.92930404235004 25.046061069358615 25.138192280655257 25.208941488306223 25.299942900022767 23.72291683482846 23.671425032926813 23.83952666402124 24.079799547241603 24.34478775645949 24.600645206783238 24.830430003570708 25.03278846511461 25.19649092740563 25.21638679943692 25.299942900022767 23.598143559870746 23.511031597616437 23.663085488845795 23.903251259881678 24.181132247035464 24.457548612412605 24.71039207242725 24.924049112814895 25.089913879456592 25.208603076374544 25.299942900022767 23.52946189503455 23.426265369704783 23.570330039368905 23.81317155460135 24.099358380290997 24.391286610010987 24.660145071577027 24.889033961724934 25.07021726834793 25.204746177237514 25.299942900022767 23.48827501627192 23.377862792199764 23.52237081080025 23.770596811464618 24.060833088062736 24.3594681180444 24.637461637510253 24.875229965592553 25.06385990754308 25.203146372060225 25.299942900022767 23.459072027525 23.34362317004835 23.49024746909836 23.7417543382416 24.03545042800011 24.338959246542537 24.62274774427508 24.86626809231469 25.059728481677382 25.20207422427865 25.299942900022767 23.4358117576085 23.3162069555949 23.464357993624773 23.71834296797595 24.014711722576855 24.322263308147882 24.61082138890784 24.85897440482412 25.056306665891118 25.201180061611677 25.299942900022767 23.415827286403104 23.29286581780657 23.442326642980113 23.698381965517676 23.99692297827117 24.307804178891853 24.600425775344934 24.85261948426077 25.053291462762655 25.200386637553244 25.299942900022767 23.398030937268423 23.27239140244019 23.42313708541626 23.680988058994547 23.981336686568913 24.29504252350271 24.591188166889218 24.846932331610557 25.05057323803573 25.199664938484275 25.299942900022767 23.381904498884996 23.254164985085417 23.406230528984466 23.665669579144634 23.967567886400488 24.28370073557193 24.582924526254487 24.841801665876236 25.048101014887912 25.198999136112782 25.299942900022767 23.36718727825928 23.237826792098787 23.391246501348206 23.65211483818744 23.955357676728276 24.273591087847 24.57551417807203 24.837165612222453 25.045847953743472 25.198382065291813 25.299942900022767 23.353740564715864 23.22314011082284 23.3779256099252 23.64008915340523 23.944507303227688 24.264568096268984 24.568865022722015 24.8329786081047 25.043796747836673 25.197810844087595 25.299942900022767 23.341535186850244 23.209929123864164 23.366065401843382 23.629404464746216 23.93485487350695 24.256511459097418 24.562900378707578 24.82920633924508 25.041933448612742 25.197284063730617 25.299942900022767 23.330422506478023 23.198051173037438 23.355498941587697 23.61990372984414 23.926263492257718 24.249317767995123 24.55755330143856 24.825810777036605 25.040245132843967 25.19680047226621 25.299942900022767 23.32033117212234 23.18750893781637 23.346083126316913 23.611452125740776 23.918614581526537 24.242895972317907 24.55276365767305 24.82275727071031 25.038719147762095 25.196358510057536 25.299942900022767 23.311191879417642 23.17818607124887 23.337692709165083 23.603932045309264 23.91180403352537 24.237164917906874 24.548476757914568 24.820015244751833 25.03734299087416 25.195956224846963 25.299942900022767 23.30293582612704 23.169820674190138 23.330216953232505 23.597240075064967 23.905739864335175 24.232053885471526 24.54464274521953 24.817556087873033 25.036104424276843 25.195591346415657 25.299942900022767 23.295495073942384 23.162322983227472 23.323557545966693 23.591284970671296 23.900340620915404 24.227496593664124 24.54121625169202 24.815353189676642 25.03499164976162 25.195261404050676 25.299942900022767 23.288803471970215 23.15561068427983 23.31762711858214 23.58598613517705 23.895534150411933 24.22343371496946 24.538156148143408 24.813381988495617 25.033993465189287 25.19496384062604 25.299942900022767 23.282797600509543 23.149608520630977 23.31234806881136 23.581272382495094 23.8912565815378 24.219813361555754 24.535425309508565 24.811619987057142 25.03309938508376 25.194696113181518 25.299942900022767 23.277417526947147 23.144247987049265 23.307651553572235 23.577080881600818 23.887451441446167 24.216589343079104 24.53299037030612 24.81004672348976 25.032299705350727 25.194455754154156 25.299942900022767 23.27260731962931 23.139467014895395 23.30347658757342 23.573356223153635 23.884068861179458 24.213720636664753 24.530821462496334 24.808643701996456 25.031585532197564 25.194240419874657 25.299942900022767 23.268315335904028 23.13520962307014 23.29976922780105 23.57004958893313 23.881064858768728 24.211170888219144 24.528891943749827 24.807394293303904 25.030948781281552 25.194047920950876 25.299942900022767 23.264494326360687 23.131425540109493 23.29648183560608 23.56711801299166 23.878400694540694 24.208907948050832 24.527178125386797 24.806283615850873 25.030382154290624 25.193876238324595 25.299942900022767 23.261101402078783 23.128069807925115 23.29357241207592 23.56452372691813 23.87604229496871 24.206903443951404 24.525659008559856 24.80529840784473 25.029879101278176 25.19372352925454 25.299942900022767 23.258097907221618 23.125102384006667 23.291004003969963 23.562233582656308 23.873959741423022 24.205132393637708 24.52431603501586 24.804426897817542 25.02943377510089 25.193588126524148 25.299942900022767 23.25544923173257 23.122487854171194 23.288744176639426 23.560218546833223 23.872126820047853 24.203572857193326 24.52313285672548 24.803658679141005 25.02904098253233 25.19346853332719 25.299942900022767 23.253124590976608 23.120196496412788 23.286764549763646 23.55845326020569 23.87052062813515 24.202205628581282 24.52209512654831 24.802984591987073 25.02869613520863 25.19336341561271 25.299942900022767 23.251096792151863 23.118198825388497 23.285041557053127 23.55691565590501 23.869121232088318 24.201013964314907 24.5211903106389 24.802396614804376 25.028395202508523 25.193271593156716 25.299942900022767 23.24934200147708 23.116470865526942 23.283554721621922 23.55558663046919 23.867911372102295 24.199983346954724 24.520407522616974 24.801887766512156 25.028134667683755 25.193192030231558 25.299942900022767 23.247839521897767 23.114991877654006 23.282283007271253 23.554449762063527 23.86687620886906 24.199101280690268 24.519737378600528 24.801452019708414 25.027911487887813 25.19312382645103 25.299942900022767 23.246571587481544 23.113744114794194 23.28121072797449 23.553491070740368 23.86600310797036 24.198357116264596 24.519171871915145 24.801084224490783 25.027723058355964 25.193066208220962 25.299942900022767 23.245523178700285 23.11271261020836 23.280324703080844 23.55269881662816 23.86528145821042 24.197741902683678 24.518704266168804 24.800780042899717 25.0275671836226 25.19301852123347 25.299942900022767 23.244681860787022 23.11189508382707 23.279614073459687 23.552063332284085 23.864702520683156 24.197248263554105 24.518329005622537 24.80053589392664 25.02744204888446 25.19298022339298 25.299942900022767 23.2440376466984 23.111277187734718 23.27907015111958 23.551576885953764 23.86425930559619 24.196870295813046 24.51804164143073 24.800348908093714 25.027346198435957 25.192950879021936 25.299942900022767 23.24358288481738 23.110841005976802 23.27868629932033 23.551233572965444 23.863946474488387 24.196603489160758 24.517838772758473 24.800216890755898 25.027278518122234 25.192930154155512 25.299942900022767 23.243312171712248 23.11058135364198 23.27845784127264 23.551029233247863 23.86376026599922 24.19644466479989 24.517718001899524 24.800138294027125 25.02723822173708 25.192917812870757 25.299942900022767 23.24322229010942 23.110495144420778 23.278381996171245 23.550961393553994 23.863698443844413 24.1963919324399 24.51767790271607 24.80011219700673 25.02722484138515 25.192913714662666 25.299942900022767
    </DataArray>
    <DataArray type="Float32" Name="Potential [V]" NumberOfComponents="1" format="ascii">
2.767365411062697 2.840077167679659 2.899015898461832 2.9430288870148464 2.9798114628642294 3.01348801921559 3.047074995894605 3.084678353965112 3.1338373709578375 3.2057166344931645 3.3068137491539114 2.7626664872564164 2.8347636614448963 2.8946784731714037 2.939662175816744 2.977046660518248 3.0112040952410677 3.045410909255328 3.0840403692669227 3.1346218322305446 3.2072873675869507 3.3068137491539114 2.752901966205103 2.8226571150212934 2.8836619548430615 2.930874805657691 2.9699737148237397 3.0057160844451505 3.0420122354478707 3.0837591309998036 3.1379643333346383 3.2118873438866666 3.3068137491539114 2.743434254790868 2.809850561906036 2.8707112124447605 2.920419801812442 2.9622444561487735 3.0009198100210113 3.0409117324960557 3.0871786265111125 3.1451833551071258 3.218829858588374 3.3068137491539114 2.7354815309022555 2.7993346463149305 2.8600478195324466 2.9125714330899903 2.9582086551255857 3.001009955548007 3.0454140767008915 3.0957593876353746 3.1557153229414 3.2268681898891542 3.3068137491539114 2.728534756329388 2.7912953109210177 2.8526114077809943 2.9083672446482227 2.9585976153003597 3.0061350357969476 3.054698663654341 3.1077472189036808 3.1676728307773243 3.234878595645046 3.3068137491539114 2.7220797657036964 2.784949685282177 2.8474767025407703 2.906487994049991 2.9613257067092547 3.013546269342644 3.065770973679549 3.1205282070637574 3.179373546732917 3.242203519330287 3.3068137491539114 2.715768561706166 2.779446001709496 2.8434618490091723 2.905428164779049 2.9643649842552686 3.020799556586688 3.07622285311543 3.1322381231400347 3.1897709829726777 3.2485142535063636 3.3068137491539114 2.7093476433077153 2.7741025295941357 2.8396302067788786 2.9041258750142904 2.9664807873115566 3.0265009507906666 3.084715498338386 3.1418697353339935 3.1983335605614887 3.2536778307272183 3.3068137491539114 2.70258344912397 2.7683992870402916 2.8353319551835003 2.9019463586614096 2.967081183506584 3.030072351579674 3.0907237870106274 3.149049328855124 3.204897643773229 3.257687333266604 3.3068137491539114 2.695142375433092 2.7618836510940907 2.8301275625345594 2.8985607861451985 2.9659818263018853 3.0314417408435124 3.0942430217029138 3.153825515387813 3.2095543075726707 3.2606198169939407 3.3068137491539114 2.686361034142824 2.754053346380774 2.823714530791075 2.893852521976232 2.9632450366279346 3.030815502618952 3.0955545988121127 3.1564866060718866 3.2125291053488607 3.26259874178853 3.3068137491539114 2.674791687504269 2.744312539818318 2.8159608865302164 2.8878985643300705 2.9590871358465147 3.0285240589408717 3.0950208617748975 3.1573622729256754 3.2140628563990874 3.263760797266619 3.3068137491539114 2.6556779904990946 2.7323923588731986 2.807182758389492 2.8810164894741703 2.953809096708765 3.0249017601479236 3.0929283331530284 3.1567244602835136 3.2144151154232294 3.2642482158824175 3.3068137491539114 2.643180231888652 2.7224478925624496 2.799080880707255 2.8741558129253764 2.947910460603211 3.0199708558206324 3.0893826707586194 3.154735810391741 3.213862938480532 3.264161766064794 3.3068137491539114 2.6357564156997575 2.715200557605548 2.792436821409454 2.8681150897026124 2.942424317381934 3.015081477988183 3.085263880201835 3.1515131050217757 3.211658536152685 3.2633903772721067 3.3068137491539114 2.6316699632485903 2.7102225208786423 2.787313264512038 2.8631423993423226 2.937734652382199 3.0107938884761776 3.0815419244900615 3.148545732658556 3.209658842132756 3.262529686339839 3.3068137491539114 2.6292194078918305 2.706761032005081 2.7834269831074945 2.859166002652773 2.9338690530250724 3.007199763675321 3.0783920081047342 3.1460317700397056 3.2079672053473116 3.2617522666095757 3.3068137491539114 2.627481875389803 2.7042252259804775 2.7804446557114457 2.856002767021315 2.930720611304283 3.004231355088966 3.0757696163250823 3.1439298143926533 3.2065442888420006 3.2610827694485742 3.3068137491539114 2.6260979254339913 2.702260894427916 2.778101762125282 2.8534688635567838 2.9281574711017977 3.0017869680311136 3.073593226498955 3.1421750290516957 3.2053484135546833 3.2605142544701855 3.3068137491539114 2.624908880416848 2.7006647981362613 2.77621256340721 2.851413050295535 2.926059209680432 2.9997692776479203 3.0717842737861303 3.1407078730659217 3.204342739684688 3.2600335499395725 3.3068137491539114 2.623850025266544 2.699321937505489 2.774652382713952 2.8497203196045953 2.9243262620035795 2.9980945037919917 3.0702746432898658 3.1394770876780975 3.2034950790725727 3.259627057876167 3.3068137491539114 2.622890527213931 2.698164703849992 2.7733379726535614 2.8483061364069115 2.9228803146244458 2.9966940773376676 3.069007621591965 3.1384397511724793 3.2027779259221627 3.259282421738449 3.3068137491539114 2.622014875430536 2.697151637153344 2.7722130992084852 2.847109057201003 2.9216612714392083 2.995513452308846 3.0679371402125586 3.1375605655417735 3.202168286124193 3.258989027003997 3.3068137491539114 2.6212148168464777 2.696256236465991 2.771239013747198 2.8460843441791637 2.920623486310489 2.99450991310357 3.0670263695265843 3.1368109029407663 3.2016472608759075 3.258738024917681 3.3068137491539114 2.6204886158084664 2.695460973541737 2.77038826084693 2.845199063722797 2.9197323096647314 2.9936502379314174 3.0662461368131897 3.136167776888619 3.201199499616513 3.258522164342458 3.3068137491539114 2.6198274285752445 2.6947514537438004 2.7696402968765077 2.8444284842579135 2.9189612719690645 2.9929085991482522 3.0655734153216927 3.135612804256474 3.200812615997792 3.2583355595208925 3.3068137491539114 2.6192270098446895 2.694117011303562 2.7689795724312254 2.8437537529448194 2.918289972797293 2.9922648423487703 3.0649900217551873 3.1351313168777817 3.200476647473955 3.258173455254962 3.3068137491539114 2.618683236114625 2.6935491448670055 2.768393989021044 2.8431602435577377 2.917702509822978 2.991703131848115 3.064481543269229 3.1347115951476394 3.2001835790380997 3.258032012824598 3.3068137491539114 2.6181920137587484 2.6930407437293655 2.7678738591753236 2.8426363896506817 2.917186321216269 2.9912109097945603 3.0640364802148956 3.134344228679164 3.1999269401387846 3.257908125661783 3.3068137491539114 2.6177493005531787 2.6925856896430984 2.767411230987508 2.842172869691615 2.9167313404707387 2.990778105538546 3.0636455780013794 3.134021608479854 3.199701476884914 3.257799267182466 3.3068137491539114 2.6173511606224324 2.6921786118627926 2.766999440479516 2.84176203788683 2.916329384159453 2.990396549055449 3.0633013162872498 3.133737530863907 3.1995028919940225 3.2577033687016534 3.3068137491539114 2.61699382059274 2.6918147418501706 2.766632811974559 2.8413975247976198 2.9159737083981185 2.9900595348145065 3.062997521655624 3.133486892206985 3.1993276417715895 3.2576187233417926 3.3068137491539114 2.6166737145666423 2.6914898210005194 2.7663064530645958 2.8410739543226153 2.9156586861977245 2.989761496720319 3.0627290750032707 3.1332654553666086 3.1991727791060813 3.2575439112001976 3.3068137491539114 2.6163875146975584 2.691200037258112 2.766016110323522 2.8407867404475122 2.915379571545172 2.9894977668733627 3.0624916910818833 3.133069671659161 3.199035832785432 3.257477741585519 3.3068137491539114 2.6161321483278526 2.6909419778103882 2.7657580645300555 2.8405319388608916 2.9151323253544086 2.989264395596788 3.062281752158653 3.1328965452460973 3.198914714913119 3.257419208555711 3.3068137491539114 2.615904804190934 2.6907125910480083 2.765529052058801 2.840306136582358 2.914913485567114 2.989058016158569 3.062096181944956 3.1327435295551123 3.19880764978198 3.257367456676639 3.3068137491539114 2.6157029304626036 2.690509154213807 2.765326204014213 2.8401063682156114 2.9147200688894634 2.9888757421138843 3.061932349384272 3.1326084477607745 3.198713119014482 3.2573217545689466 3.3068137491539114 2.615524227180579 2.6903292449052527 2.7651469977486314 2.8399300511216232 2.9145494953680253 2.988715088534735 3.0617879945863162 3.1324894313003746 3.1986298189923312 3.257281474362538 3.3068137491539114 2.6153666351002127 2.6901707155196974 2.764989217322573 2.8397749342780214 2.9143995296288936 2.9885739108437637 3.0616611712450905 3.1323848719307805 3.198556627572737 3.2572460756282764 3.3068137491539114 2.615228322583503 2.6900316701974334 2.7648509206632474 2.8396390572452512 2.9142682344386484 2.988450356742945 3.0615502014082128 3.1322933840022933 3.1984925778477304 3.25721509271177 3.3068137491539114 2.6151076717009483 2.689910443778194 2.764730411929043 2.839520716767022 2.9141539335257383 2.98834282800342 3.0614536395913943 3.132213774503563 3.198436837282852 3.2571881246683314 3.3068137491539114 2.6150032643795567 2.689805583327293 2.7646262179464887 2.839418439267004 2.9140551814943687 2.988249949795175 3.061370244054603 3.132145019084211 3.1983886910056083 3.2571648272053197 3.3068137491539114 2.6149138691767124 2.689715831445905 2.764537068066003 2.8393309580794632 2.9139707393058667 2.9881705458898944 3.061298953652381 3.1320862427394207 3.198347528337853 3.2571449061935263 3.3068137491539114 2.6148384290470146 2.6896401117794158 2.7644618777043726 2.8392571946921175 2.9138995542428403 2.988103618529413 3.061238869099551 3.132036704190557 3.198312831904651 3.257128112424242 3.3068137491539114 2.614776050351853 2.689577516411244 2.7643997339529727 2.8391962431037996 2.91384074348913 2.988048332062314 3.0611892377998764 3.13199578325182 3.1982841688329042 3.257114237373835 3.3068137491539114 2.614725993241894 2.6895272952935567 2.764349883579353 2.8391473569208046 2.9137935807462987 2.988003999704332 3.061149441614508 3.1319629706554815 3.1982611836502994 3.257103109790479 3.3068137491539114 2.61468766350356 2.6894888460021122 2.7643117229081438 2.839109938843416 2.9137574854688277 2.9879700729562497 3.061118987116083 3.131937859955175 3.1982435926415596 3.257094592981355 3.3068137491539114 2.6146606058775137 2.689461706892437 2.7642847901078613 2.839083532457004 2.913732014446543 2.987946133347381 3.06109749799731 3.131920141222982 3.1982311794571534 3.2570885827030875 3.3068137491539114 2.6146444988679547 2.689445552474805 2.764268759514379 2.8390678160874336 2.913716855491681 2.9879318862501467 3.0610847093902316 3.1319095963353214 3.1982237918284495 3.257085005584373 3.3068137491539114 2.614639151052099 2.689440189096154 2.764263437413771 2.8390625984553255 2.913711823030053 2.987927156578532 3.0610804639218165 3.1319060957010962 3.1982213392882177 3.2570838180315675 3.3068137491539114
    </DataArray>
    <DataArray type="Float32" Name="Electron density [log10(m^-3)]" NumberOfComponents="1" format="ascii">
25.81011715235999 25.799207213512926 25.88130260118304 25.931950641128285 25.94998624664446 25.94988222515134 25.93753293593369 25.9181483342863 25.89884018553657 25.854582462929155 25.299942900022767 25.731141582765 25.71530895514506 25.80631737691335 25.872602072444295 25.90159528192741 25.908806693138132 25.902225393144583 25.88825636365812 25.871851422839466 25.82211969824325 25.299942900022767 25.56702770400431 25.5338346869624 25.623778790058072 25.71879675238164 25.773223147981444 25.799495498791547 25.808925737999914 25.80850187128014 25.795122888226718 25.730981850242063 25.299942900022767 25.40790235264178 25.35947048796838 25.41599270702545 25.525446836875467 25.606702214182324 25.656984917691588 25.68597693822277 25.696383650370553 25.677940798562727 25.601197036793582 25.299942900022767 25.274239640746917 25.225040403142756 25.23747975335536 25.339501717397095 25.43920392154867 25.509489371106433 25.550777964265713 25.562709207975434 25.538535948168967 25.461182064035285 25.299942900022767 25.15748408110007 25.113950178226794 25.089660876169436 25.166698642970996 25.27013562272577 25.35323683186057 25.403626660733508 25.419445472038813 25.397948246604646 25.33272137519355 25.299942900022767 25.048994013499303 25.011030296198975 24.960779065961916 25.00377369779463 25.096134457790928 25.18588667641986 25.247456077658438 25.273767737538765 25.263386503268226 25.222705916517565 25.299942900022767 24.942920590927752 24.908819011832566 24.84243406530089 24.850835786679557 24.919997185931415 25.00783993944235 25.080024576198404 25.12133118542574 25.129446348018643 25.12640080386256 25.299942900022767 24.835003180740603 24.8030220919217 24.72803160222843 24.70705902360763 24.745975373017654 24.821087031429002 24.89846208303635 24.955551441331835 24.988381464643222 25.037748640432238 25.299942900022767 24.721316279114674 24.689718839788682 24.61112936678088 24.56820176895669 24.576354103645926 24.629577169564353 24.703305484455022 24.77313625591638 24.836518249535487 24.955343393858044 25.299942900022767 24.596252954540248 24.56297584770663 24.484030016105248 24.42626071891299 24.407940529072263 24.435055179206067 24.49639357674426 24.57412922138388 24.675936786829002 24.881660197015755 25.299942900022767 24.44866353645266 24.411627020287746 24.335781152880045 24.269863702690117 24.2313871595101 24.23333360038328 24.2775276436658 24.361020049339302 24.513669710775616 24.81942295113895 25.299942900022767 24.25421566321828 24.21565774953753 24.15205262699913 24.087006999933163 24.034749502400643 24.01659102442234 24.046037520684806 24.138413908306788 24.35781243605866 24.768762915393285 25.299942900022767 23.932968677678318 23.951026403434042 23.9289289200304 23.875706759627132 23.808972420084373 23.786714187205284 23.80982231241903 23.91240181028369 24.21512160663563 24.72793337288019 25.299942900022767 23.72291683482846 23.744734679398995 23.742403365860554 23.70796033349389 23.644586886314144 23.585593876476707 23.566185293645173 23.678954320744115 24.093991362843266 24.694351903183584 25.299942900022767 23.598143559870746 23.61195736931196 23.611242212089213 23.584815726661738 23.525617011267776 23.447354386384056 23.393539840020257 23.498847919079086 23.981801078932904 24.659307123134358 25.299942900022767 23.52946189503455 23.53462059998364 23.52917243330797 23.502417634408545 23.443401820277522 23.35592854198318 23.278189819588174 23.367605716673882 23.899302440704574 24.63089301259524 25.299942900022767 23.48827501627192 23.488266726355533 23.478852396372943 23.449978799577195 23.389461859318008 23.29681317597901 23.205409435325592 23.281288223151694 23.841886801789755 24.60860313009544 25.299942900022767 23.459072027525 23.456834151598613 23.44555778644366 23.41554141606841 23.354074025201214 23.258516819155794 23.15912715784844 23.22380431566846 23.799579480449296 24.590599317410806 25.299942900022767 23.4358117576085 23.432730297021312 23.4209146866312 23.39081804978942 23.329341132993473 23.23240746549122 23.128056349002883 23.183142398554672 23.766388891046244 24.575600275298388 25.299942900022767 23.415827286403104 23.412564314760097 23.400838475493675 23.371256092905842 23.310397443787675 23.213039881936737 23.105447580699867 23.15231211435466 23.73913337692285 24.56284255876277 25.299942900022767 23.398030937268423 23.394885239893814 23.38347255723099 23.3546312147871 23.294677464803392 23.197414966100595 23.08760083373595 23.127492636668425 23.716083909687352 24.551852833759334 25.299942900022767 23.381904498884996 23.378956886100305 23.367931673825215 23.339882840764204 23.280919828918943 23.184006963581446 23.07259463177671 23.106617837737662 23.69623228911239 24.542309788374876 25.299942900022767 23.36718727825928 23.364448668790413 23.35381028769657 23.326522206332047 23.268532474421313 23.172076979013468 23.05946236551445 23.08855473024498 23.678938773963683 24.533976887115724 25.299942900022767 23.353740564715864 23.351201905960256 23.340920009665922 23.314326230128938 23.25724427216605 23.161275984082792 23.04772140489632 23.07265870875503 23.66376322176278 24.526670090546116 25.299942900022767 23.341535186850244 23.339148083027023 23.329168227311637 23.303185805970735 23.246925348176344 23.151433859281166 23.037121272172772 23.058538241984508 23.650381420648156 24.520241368863058 25.299942900022767 23.330422506478023 23.328172782550723 23.318457918801155 23.29301460024806 23.237491455303825 23.142450944790582 23.027514777246697 23.04593191830935 23.638541543454963 24.514569317753207 25.299942900022767 23.32033117212234 23.31819938865797 23.308714776865205 23.283745338639747 23.228880578663734 23.13425885208101 23.018802617438105 23.0346490063517 23.628040758288048 24.50955320066888 25.299942900022767 23.311191879417642 23.309159835943955 23.29987397477894 23.275319916554587 23.221040891200296 23.126803422650664 23.010908824677834 23.02454016439797 23.618711701053524 24.505108745282673 25.299942900022767 23.30293582612704 23.300987776573134 23.291873233949815 23.267682939533803 23.213923871113167 23.120036177917708 23.003768917832033 23.015481990118964 23.61041388327502 24.501164955773024 25.299942900022767 23.295495073942384 23.29361784924389 23.2846511323586 23.260779503798794 23.20748149555566 23.113910470635023 22.997324252392172 23.007368550497354 23.60302784435335 24.49766161933419 25.299942900022767 23.288803471970215 23.28698617744742 23.27814730128634 23.254555102252326 23.201665745507253 23.10838034207106 22.99151967918661 23.000106659375483 23.596450984067552 24.494547336909566 25.299942900022767 23.282797600509543 23.281031240720825 23.272303214760086 23.2489563256675 23.196429111150426 23.103400623800724 22.986302840994437 22.99361320284842 23.590594497997024 24.491777965672295 25.299942900022767 23.277417526947147 23.275694655573346 23.267062996089994 23.243931695693504 23.191725367440647 23.09892746925487 22.981624167843304 22.987813559848917 23.585381065712237 24.48931538484976 25.299942900022767 23.27260731962931 23.27092174035752 23.26237404473277 23.239432365598315 23.18751029179869 23.094918945231043 22.977437100126963 22.98264059483672 23.580743069571263 24.4871265179271 25.299942900022767 23.268315335904028 23.266661856795366 23.258187445707005 23.235412615511933 23.183742209111813 23.0913355158668 22.973698316649365 22.978033940162934 23.57662119510455 24.485182554965764 25.299942900022767 23.264494326360687 23.262868562221257 23.254458184192952 23.231830149238906 23.180382348999547 23.088140374293886 22.970367883877273 22.973939424020326 23.572963311398052 24.483458330459456 25.299942900022767 23.261101402078783 23.259499617105813 23.25114520638231 23.228646227950172 23.17739504002126 23.085299630191383 22.967409309942397 22.970308575132165 23.569723561322377 24.481931822009624 25.299942900022767 23.258097907221618 23.256516890274003 23.248211368705213 23.225825681527247 23.174747776932037 23.082782380293512 22.964789515022005 22.967098173832515 23.566861612310905 24.48058374305725 25.299942900022767 23.25544923173257 23.253886197585192 23.245623312072702 23.223336834652983 23.172411196346996 23.08056069219685 22.96247873861119 22.964269837753655 23.564342032471703 24.47939720923872 25.299942900022767 23.253124590976608 23.251577102226086 23.243351290349704 23.221151377979456 23.17035899084235 23.07860952871853 22.960450404493812 22.96178963862439 23.56213376650747 24.478357462879664 25.299942900022767 23.251096792151863 23.24956269382197 23.241368974449344 23.219244207476518 23.168567785130755 23.076906634987058 22.958680961267746 22.959627749965186 23.560209692719074 24.47745164395066 25.299942900022767 23.24934200147708 23.247819370894245 23.239653249269857 23.217593249830145 23.167016992589904 23.075432405624202 22.957149712690796 22.95775812650944 23.558546247192236 24.476668598696158 25.299942900022767 23.247839521897767 23.24632662693037 23.238184011875994 23.21617928565841 23.165688665347744 23.07416974497542 22.95583864862702 22.956158216171907 23.557123104746083 24.47599871932963 25.299942900022767 23.246571587481544 23.245066852098763 23.236943989972044 23.214985784362256 23.164567349616664 23.073103930576494 22.954732284562393 22.954808704949095 23.555922908725734 24.475433809814863 25.299942900022767 23.245523178700285 23.24402515474369 23.235918570344587 23.213998748775023 23.163639948589143 23.072222483824582 22.95381751343755 22.953693293963177 23.554931043586702 24.474966973972997 25.299942900022767 23.244681860787022 23.243189208098343 23.235095648877163 23.213206576202758 23.162895597897375 23.071515052106466 22.953083472962177 22.952798507952863 23.554135445156838 24.474592522909287 25.299942900022767 23.2440376466984 23.242549100840076 23.234465493289303 23.212599934413724 23.162325555370117 23.070973305199516 22.952521430943765 22.95211353489097 23.553526445426666 24.47430589974112 25.299942900022767 23.24358288481738 23.24209723249808 23.234020640134286 23.212171664877275 23.161923112914497 23.07059085129549 22.95212469205802 22.951630096913604 23.553096649082576 24.474103619973988 25.299942900022767 23.243312171712248 23.241828239429474 23.233755819291712 23.211916710255835 23.16168352948961 23.0703631725231 22.951888526068327 22.951342351484033 23.552840839593404 24.47398322627963 25.299942900022767 23.24322229010942 23.24173892849417 23.233667892980172 23.211832058767396 23.161603980991035 23.070287577550285 22.951810115902248 22.95124682116251 23.55275591318176 24.47394325678626 25.299942900022767
    </DataArray>
    <DataArray type="Float32" Name="Hole density [log10(m^-3)]" NumberOfComponents="1" format="ascii">
0.0 0.0 0.0 0.0 0.0 0.0 0.0 0.0 0.0 0.0 0.0 0.0 0.0 0.0 0.0 0.0 0.0 0.0 0.0 0.0 0.0 0.0 0.0 0.0 0.0 0.0 0.0 0.0 0.0 0.0 0.0 0.0 0.0 0.0 0.0 0.0 0.0 0.0 0.0 0.0 0.0 0.0 0.0 0.0 0.0 0.0 0.0 0.0 0.0 0.0 0.0 0.0 0.0 0.0 0.0 0.0 0.0 0.0 0.0 0.0 0.0 0.0 0.0 0.0 0.0 0.0 0.0 0.0 0.0 0.0 0.0 0.0 0.0 0.0 0.0 0.0 0.0 0.0 0.0 0.0 0.0 0.0 0.0 0.0 0.0 0.0 0.0 0.0 0.0 0.0 0.0 0.0 0.0 0.0 0.0 0.0 0.0 0.0 0.0 0.0 0.0 0.0 0.0 0.0 0.0 0.0 0.0 0.0 0.0 0.0 0.0 0.0 0.0 0.0 0.0 0.0 0.0 0.0 0.0 0.0 0.0 0.0 0.0 0.0 0.0 0.0 0.0 0.0 0.0 0.0 0.0 0.0 0.0 0.0 0.0 0.0 0.0 0.0 0.0 0.0 0.0 0.0 0.0 0.0 0.0 0.0 0.0 0.0 0.0 0.0 0.0 0.0 0.0 0.0 0.0 0.0 0.0 0.0 0.0 0.0 0.0 0.0 0.0 0.0 0.0 0.0 0.0 0.0 0.0 0.0 0.0 0.0 0.0 0.0 0.0 0.0 0.0 0.0 0.0 0.0 0.0 0.0 0.0 0.0 0.0 0.0 0.0 0.0 0.0 0.0 0.0 0.0 0.0 0.0 0.0 0.0 0.0 0.0 0.0 0.0 0.0 0.0 0.0 0.0 0.0 0.0 0.0 0.0 0.0 0.0 0.0 0.0 0.0 0.0 0.0 0.0 0.0 0.0 0.0 0.0 0.0 0.0 0.0 0.0 0.0 0.0 0.0 0.0 0.0 0.0 0.0 0.0 0.0 0.0 0.0 0.0 0.0 0.0 0.0 0.0 0.0 0.0 0.0 0.0 0.0 0.0 0.0 0.0 0.0 0.0 0.0 0.0 0.0 0.0 0.0 0.0 0.0 0.0 0.0 0.0 0.0 0.0 0.0 0.0 0.0 0.0 0.0 0.0 0.0 0.0 0.0 0.0 0.0 0.0 0.0 0.0 0.0 0.0 0.0 0.0 0.0 0.0 0.0 0.0 0.0 0.0 0.0 0.0 0.0 0.0 0.0 0.0 0.0 0.0 0.0 0.0 0.0 0.0 0.0 0.0 0.0 0.0 0.0 0.0 0.0 0.0 0.0 0.0 0.0 0.0 0.0 0.0 0.0 0.0 0.0 0.0 0.0 0.0 0.0 0.0 0.0 0.0 0.0 0.0 0.0 0.0 0.0 0.0 0.0 0.0 0.0 0.0 0.0 0.0 0.0 0.0 0.0 0.0 0.0 0.0 0.0 0.0 0.0 0.0 0.0 0.0 0.0 0.0 0.0 0.0 0.0 0.0 0.0 0.0 0.0 0.0 0.0 0.0 0.0 0.0 0.0 0.0 0.0 0.0 0.0 0.0 0.0 0.0 0.0 0.0 0.0 0.0 0.0 0.0 0.0 0.0 0.0 0.0 0.0 0.0 0.0 0.0 0.0 0.0 0.0 0.0 0.0 0.0 0.0 0.0 0.0 0.0 0.0 0.0 0.0 0.0 0.0 0.0 0.0 0.0 0.0 0.0 0.0 0.0 0.0 0.0 0.0 0.0 0.0 0.0 0.0 0.0 0.0 0.0 0.0 0.0 0.0 0.0 0.0 0.0 0.0 0.0 0.0 0.0 0.0 0.0 0.0 0.0 0.0 0.0 0.0 0.0 0.0 0.0 0.0 0.0 0.0 0.0 0.0 0.0 0.0 0.0 0.0 0.0 0.0 0.0 0.0 0.0 0.0 0.0 0.0 0.0 0.0 0.0 0.0 0.0 0.0 0.0 0.0 0.0 0.0 0.0 0.0 0.0 0.0 0.0 0.0 0.0 0.0 0.0 0.0 0.0 0.0 0.0 0.0 0.0 0.0 0.0 0.0 0.0 0.0 0.0 0.0 0.0 0.0 0.0 0.0 0.0 0.0 0.0 0.0 0.0 0.0 0.0 0.0 0.0 0.0 0.0 0.0 0.0 0.0 0.0 0.0 0.0 0.0 0.0 0.0 0.0 0.0 0.0 0.0 0.0 0.0 0.0 0.0 0.0 0.0 0.0 0.0 0.0 0.0 0.0 0.0 0.0 0.0 0.0 0.0 0.0 0.0 0.0 0.0 0.0 0.0 0.0 0.0 0.0 0.0 0.0 0.0 0.0 0.0 0.0 0.0 0.0 0.0 0.0 0.0 0.0 0.0 0.0 0.0 0.0 0.0 0.0 0.0 0.0 0.0 0.0 0.0 0.0 0.0
    </DataArray>
    <DataArray type="Float32" Name="Ion density [log10(m^-3)]" NumberOfComponents="1" format="ascii">
25.450603545553815 25.646272447713937 25.7016165577473 25.684998378912987 25.669022733172447 25.644277862499138 25.595286880172704 25.494200828194902 25.307110071109555 25.074423828360455 24.977723605288848 25.359996498018834 25.54518627407551 25.633544861701697 25.627667664035215 25.61631567424576 25.59270405560677 25.54079635763493 25.433929320091455 25.249002123788333 25.04266857099136 24.977723605288848 25.163464115358693 25.29733438897028 25.449767682502088 25.46671831457265 25.461160793221858 25.436222352373445 25.375440727632242 25.260576445499478 25.10057819230653 24.970709624860934 24.977723605288848 24.96026658920737 25.006507266017778 25.19587174369607 25.23174327907443 25.220064714346123 25.18553342403601 25.120297567477817 25.02576686505947 24.93544218415415 24.901317925087664 24.977723605288848 24.779951155666154 24.748580848114585 24.950253808962444 25.00484888581408 24.987132909787174 24.94360904975816 24.89039881684424 24.842308489942976 24.823362907735426 24.856524474968854 24.977723605288848 24.618544552394273 24.534325520147515 24.74739136654257 24.83447846342813 24.84127462272685 24.812893168080844 24.779418181817828 24.761053947358583 24.774932762703724 24.836060034968053 24.977723605288848 24.470343387391278 24.352591631525776 24.57760271622876 24.698478317774946 24.744174213111606 24.74834809799195 24.739794489293605 24.740062447239662 24.76592887112119 24.832569539756435 24.977723605288848 24.332051495939908 24.194190519701074 24.43085421622853 24.579727394089943 24.661077776450565 24.699276816208922 24.717694417768055 24.73593608769205 24.770121649779988 24.836136259990674 24.977723605288848 24.201183321598464 24.052631175906008 24.301007397816242 24.47292180998529 24.583643622078178 24.65148868942579 24.694959697651633 24.730805578438265 24.77400967720891 24.840699981978823 24.977723605288848 24.073735340110982 23.921759208940806 24.18237091339483 24.37449185581106 24.5100205356042 24.603233291481935 24.669020592371286 24.721728810047207 24.77565669496161 24.845727238755252 24.977723605288848 23.940066274891972 23.79232207929385 24.06678502355142 24.278592038910357 24.43711386024837 24.553681800604142 24.64065046780673 24.71089405970274 24.778233317454436 24.852357161348547 24.977723605288848 23.777010101869834 23.64755155243375 23.941019577631884 24.176033142732635 24.36011979901952 24.502221530236355 24.61288917330371 24.70365875653756 24.784672336805503 24.860037244428376 24.977723605288848 23.533119039906026 23.46136768355176 23.790786411909203 24.057302725934836 24.276818474409968 24.452670458918885 24.589057228536287 24.70067239160949 24.791778584338317 24.867833551274828 24.977723605288848 22.94787823136082 22.969566875115966 23.413891718099546 23.815119840143222 24.15776751591517 24.451352065556552 24.570948994165917 24.699882845780262 24.800747264361522 24.876311648975264 24.977723605288848 22.51369821992939 22.59901845774151 23.08019928239486 23.51179195990473 23.888991448635114 24.20977555511018 24.47201011205502 24.692271269115253 24.86724593009609 24.886618640096362 24.977723605288848 22.244129138506082 22.358163713512926 22.858304504265817 23.310355007406017 23.710699196107736 24.05655831271721 24.346115025968302 24.579294722323684 24.756539425664783 24.880899823929397 24.977723605288848 22.11166454360313 22.24085932244545 22.752116101206653 23.216801905479528 23.631413896864295 23.99265595194317 24.297858299710047 24.54572948756022 24.73738685563334 24.877908906256575 24.977723605288848 22.04036155192034 22.17847170534765 22.69674423880239 23.169367814800047 23.592823827060535 23.96342484683454 24.277844006188904 24.534011352578972 24.732306307895662 24.877085915886024 24.977723605288848 21.98864866552983 22.132872407739463 22.656547442104216 23.135253766770358 23.565377363600955 23.94292603195727 24.264085884364643 24.526194997486638 24.72905238241183 24.876551203674474 24.977723605288848 21.945009183478774 22.094006416663508 22.622270148755753 23.106176070067516 23.5419607248686 23.925367875285254 24.252199807486473 24.519329869599563 24.726090315096787 24.875981352196252 24.977723605288848 21.906805448284302 22.059684014253985 22.59191997018463 23.08037823029019 23.52112214789784 23.909655982049973 24.241459993218502 24.513021155990707 24.72327594710236 24.87536991990843 24.977723605288848 21.873071949648878 22.02919153602131 22.564873333720357 23.05732500171325 23.50243706483424 23.895496340658326 24.231704347786813 24.50721579736334 24.720620694417693 24.87474395688635 24.977723605288848 21.84321165831084 22.00207681437351 22.540752071846782 23.036706022022052 23.485668919836424 23.88273249792216 24.222853719858175 24.50189621810348 24.718142027821823 24.874125845460114 24.977723605288848 21.816743091087407 21.97795969980306 22.519242554718616 23.01827037582445 23.470630151059492 23.871240506346908 24.214842850304063 24.497043456755012 24.715848781698345 24.87353055111235 24.977723605288848 21.793255929947236 21.95650271444426 22.500065579783183 23.001795851932386 23.457154902584655 23.860909016587296 24.207609468097132 24.492634102733053 24.71374220537823 24.87296727986603 24.977723605288848 21.772366785558134 21.937404115347686 22.48296985588671 22.98708131771806 23.445091760225868 23.851634245395633 24.201092435971663 24.488641173227737 24.71181817217903 24.872441165651328 24.977723605288848 21.753795563704898 21.920400914797675 22.4677307164705 22.97394444619977 23.434301645638307 23.843318907079645 24.195232149875547 24.485035783785477 24.710068977046983 24.871954526583945 24.977723605288848 21.737269044696806 21.905258672489936 22.454146726579932 22.96222003096088 23.42465687396715 23.835871992056987 24.189971058730535 24.481788157540656 24.708484671335288 24.87150776102688 24.977723605288848 21.72255241710893 21.89176965668759 22.442037761632776 22.951758860102046 23.41604072045897 23.829208937215537 24.18525433453701 24.478868582690264 24.707054056542997 24.871099991514516 24.977723605288848 21.709440848586432 21.879750398377325 22.43124332836326 22.942426768730638 23.40834711101918 23.823251841229993 24.1810304864123 24.476248234786688 24.70576541908248 24.87072952966106 24.977723605288848 21.697755283677505 21.8690390505754 22.42162086865273 22.934103650159688 23.40148022618609 23.817929547267084 24.177251747120533 24.473899724792783 24.704607055226283 24.87039420987411 24.977723605288848 21.68733901606872 21.859493027865188 22.413044054116998 22.926682369921593 23.3953539446238 23.813177507729 24.17387425726657 24.4717974443804 24.70356762948283 24.870091625035084 24.977723605288848 21.678054733324842 21.85098678950339 22.405401135211648 22.920067646824258 23.389891191877727 23.808937515816126 24.170858085654384 24.469917751338425 24.702636404159247 24.869819288693527 24.977723605288848 21.66978198970159 21.84340983890289 22.398593399558536 22.914174952112727 23.385023242763648 23.805157351637288 24.168167130598096 24.468239037308887 24.701803375125216 24.869574744901023 24.977723605288848 21.662415039107024 21.8366649371697 22.39253374068058 22.908929442286283 23.38068899824862 23.801790360762595 24.165768937895077 24.466741710283706 24.70105933795542 24.86935563824835 24.977723605288848 21.65586097992402 21.830666526442524 22.387145360180305 22.90426495740114 23.376834273517506 23.798795004885033 24.163634468720574 24.465408120775898 24.700395906094144 24.869159756016487 24.977723605288848 21.650038168493182 21.8253393492677 22.38236060650378 22.900123100725793 23.373411120521617 23.79613441117965 24.161737843327266 24.46422245408791 24.69980549749835 24.868985051046913 24.977723605288848 21.644874863423173 21.820617247049732 22.37811994677636 22.896452406749546 23.37037719913454 23.793775938272073 24.16005607902393 24.463170604969417 24.69928130170733 24.8688296515495 24.977723605288848 21.640308067811915 21.81644211933337 22.374371064029898 22.893207598589907 23.36769520434367 23.791690770072055 24.158568834942283 24.462240046107112 24.698817235889635 24.868691862343876 24.977723605288848 21.63628254095806 21.812763025783493 22.37106806983126 22.890348931906136 23.365332352113473 23.78985354375329 24.157258171520454 24.461419698149673 24.698407895829877 24.8685701607417 24.977723605288848 21.632749955068824 21.809535413550474 22.368170821349917 22.88784162003666 23.363259923304756 23.788242014595664 24.156108329249975 24.46069980616838 24.698048505864797 24.868463189309953 24.977723605288848 21.629668177203925 21.806720456466106 22.36564433164866 22.88565533394468 23.361452863077414 23.786836758055582 24.155105528888523 24.460071825456584 24.69773487037157 24.868369747053443 24.977723605288848 21.627000657712703 21.80428448807226 22.363458264394648 22.883763770168226 23.35988943208118 23.785620907914762 24.15423779374721 24.45952831816978 24.697463328399476 24.868288780044164 24.977723605288848 21.62471591280911 21.8021985217261 22.361586503144927 22.88214427997697 23.35855090527532 23.784579928544897 24.153494793698925 24.459062861406952 24.69723071236256 24.86821937217078 24.977723605288848 21.622787085495627 21.800437841285458 22.360006781321836 22.88077755318364 23.357421314166274 23.78370141893846 24.152867709985916 24.458669966748857 24.69703431123593 24.86816073642636 24.977723605288848 21.621191579347116 21.798981659774316 22.358700374796978 22.87964735172872 23.356487228670286 23.78297494607563 24.15234911958154 24.458345010850607 24.69687183830257 24.868112206980587 24.977723605288848 21.619910753609133 21.79781283375609 22.357651846110425 22.878740288221017 23.355737575272094 23.782391905558864 24.151932898101546 24.458084176900226 24.69674140382814 24.868073232261626 24.977723605288848 21.618929679215483 21.796917640984233 22.356848836559955 22.87804564516642 23.355163488178775 23.78194540719615 24.15161413979705 24.457884406109788 24.69664149216769 24.868043369047907 24.977723605288848 21.618236941745504 21.796285594634053 22.356281900321868 22.877555231153753 23.3547581908598 23.781630183794796 24.151389093619713 24.457743358816018 24.696570943294798 24.868022277622245 24.977723605288848 21.617824490720892 21.795909298599053 22.355944378040416 22.87726327147901 23.35451690594046 23.781442521709955 24.151255114455832 24.457659384738367 24.696528938621043 24.868009718008448 24.977723605288848 21.617687536911944 21.79578435331744 22.35583230879853 22.877166331540383 23.354436791970816 23.78138021204814 24.151210628815992 24.457631502015367 24.69651499097319 24.86800554729073 24.977723605288848
    </DataArray>
    <DataArray type="Float32" Name="Ion density residual[log10(m^-3)]" NumberOfComponents="1" format="ascii">
24.609423321373637 24.608430419112935 24.606416367797138 24.599615618818774 24.58638354443368 24.566331779869827 24.537198985049788 24.49231102587976 24.40649189468411 24.190323093665715 23.676693609624866 24.603552777244314 24.59948038523407 24.5944755253538 24.585779780671974 24.572063678195157 24.551664491562416 24.52195218415619 24.476260981758312 24.3908053464751 24.18073867393074 23.676693609624866 24.58882095006005 24.578656153616894 24.570593218252267 24.560491773742832 24.546055384048874 24.524667591834373 24.49307312033303 24.445261794256556 24.35997367334896 24.15758410383733 23.676693609624866 24.563996348778815 24.549600474820995 24.538478788151412 24.526377575197642 24.510637001419724 24.488778459937286 24.457338576174347 24.40934308247696 24.32341561900232 24.124439008473985 23.676693609624866 24.52851206229705 24.51161327578196 24.498189961535903 24.484824730144776 24.46839061567718 24.44607641644159 24.414170031557806 24.36544702965207 24.27890901324708 24.085747903737584 23.676693609624866 24.48154369037913 24.463230094001606 24.448365180195097 24.43449433720231 24.418154605512946 24.3961101392115 24.364384971805084 24.31547541782681 24.228617042807446 24.044443575664086 23.676693609624866 24.42219059395582 24.403423095964122 24.38780448092321 24.37407419730651 24.358565197432547 24.337512334382602 24.30659499320896 24.25796952374282 24.17142563780038 24.00848834522748 23.676693609624866 24.34949456844764 24.33139481759781 24.31618110611137 24.302609331260836 24.288477117766057 24.269084865018332 24.239517185836625 24.191627192958574 24.106360873690456 23.96904518781983 23.676693609624866 24.262537902878766 24.246170388775113 24.232578480531835 24.220284032601104 24.207232697766443 24.18984568148204 24.1620243910175 24.115299407719878 24.032975108580317 23.92808946386083 23.676693609624866 24.160455341983326 24.14670659556633 24.135504797166835 24.126007628328157 24.11526732952503 24.099476573124864 24.0734992189427 24.02859584877475 23.952507027469505 23.889817494531833 23.676693609624866 24.04231520807956 24.03266921219676 24.026110295577066 24.020300650598326 24.01241241373671 23.999268100558243 23.975393103852632 23.934219425257083 23.87674855844306 23.85338176849289 23.676693609624866 23.906569951069248 23.906080363785414 23.906877214844148 23.906571937658338 23.903465961282564 23.893969937613107 23.87562371476524 23.848099332153797 23.82112532422437 23.821391134105617 23.676693609624866 23.74548553348388 23.754397054357767 23.777963818336598 23.798291579350554 23.802027773227277 23.80213513501302 23.79324567086505 23.785463844831725 23.779577481519198 23.789626168732593 23.676693609624866 23.5312199078059 23.50201972697985 23.55494737832243 23.630088979811433 23.687573970570202 23.699677436139424 23.720486902441493 23.739508902211004 23.742578239229857 23.754107991275255 23.676693609624866 23.364618406319398 23.28984608251427 23.352678401901738 23.440788241574925 23.52056233905969 23.57115323212382 23.622072130763684 23.67083648580299 23.694125574220827 23.72174165768151 23.676693609624866 23.2568632164044 23.14416802101719 23.198690798579516 23.291829996677667 23.389287426792723 23.46953994785368 23.541378233817973 23.604279822501802 23.644827588583084 23.682596443243472 23.676693609624866 23.193904299934445 23.064502943675098 23.11193440727033 23.205345672403467 23.302250541211674 23.3940382764626 23.478216462512812 23.55533212007416 23.6180325861231 23.664834283932652 23.676693609624866 23.15511839307685 23.018161069932486 23.06717299349938 23.167704232369434 23.26386344214669 23.351797228547866 23.43748875360842 23.5205793606434 23.594508992593717 23.65034578236818 23.676693609624866 23.127596411505678 22.985540271052102 23.038445133177195 23.144089982118498 23.242850070756916 23.331247232089904 23.416098788221714 23.4996227587572 23.57814306336904 23.640113383866044 23.676693609624866 23.105779479483335 22.95970758128054 23.015990017806832 23.12616001454158 23.227685771215047 23.31805969774722 23.403888495607372 23.48774673536765 23.56816076754946 23.633590976110842 23.676693609624866 23.087025467914582 22.937841248210706 22.997274027690857 23.11170106249133 23.21611877400709 23.308635935010468 23.395912465604653 23.480894579247508 23.56224609463338 23.62960507055901 23.676693609624866 23.070261238932716 22.91867593157652 22.98113558101406 23.09950726369025 23.206720471798207 23.301408469189155 23.390287638276632 23.476478209508855 23.558614459948355 23.627193970923695 23.676693609624866 23.054992480707067 22.901582778477227 22.966964203192283 23.088943313661687 23.19881721311626 23.29560681641698 23.38607650786105 23.47337007172024 23.556235793429504 23.625683994924465 23.676693609624866 23.040986618803508 22.886215194636392 22.95440082231605 23.079670920972543 23.192030618071513 23.290798651286956 23.382767757190955 23.471041497710882 23.55456571860301 23.62468088322948 23.676693609624866 23.028131743525865 22.872357518756193 22.943210318431642 23.071470922763176 23.18612247420669 23.286719751244345 23.380066709445792 23.469208189521453 23.553316434682714 23.623968639339648 23.676693609624866 23.01642668523215 22.859855765299724 22.93322192725142 23.064189510464583 23.180934197639754 23.283202569002842 23.37779746926093 23.46775800992443 23.552330920440195 23.623430040223674 23.676693609624866 23.005735370750013 22.84858650829489 22.924300432910567 23.057710143663115 23.17635355453861 23.28013613943831 23.375851581264424 23.46655799035252 23.551520591188677 23.62300051684032 23.676693609624866 22.996001497540867 22.838583790090816 22.91633195541769 23.051938812630944 23.172296209391583 23.27744322852021 23.37415955907724 23.46552489742108 23.550833914776796 23.622643757279892 23.676693609624866 22.987167525302347 22.82974407876518 22.909217072938358 23.04679628713678 23.16869544065521 23.275067234558396 23.372674773935554 23.464621833016064 23.55023991377166 23.62233873200448 23.676693609624866 22.979173932226733 22.82179819160063 22.90286738413441 23.042213973539425 23.1654963460315 23.27297345856531 23.371364262945523 23.46382484699035 23.549719166632954 23.622072847701336 23.676693609624866 22.971960109723483 22.8146662326628 22.897203695524635 23.03813160669773 23.162652501978002 23.271121403492366 23.37020347017128 23.463117492675696 23.54925886204014 23.621838224549766 23.676693609624866 22.965465714992217 22.808273936845765 22.8921549402849 23.034495861521794 23.160123961012967 23.269477181961083 23.369173209679257 23.462487757509397 23.548850014674386 23.621629649862037 23.676693609624866 22.959631956067334 22.802552623246726 22.887657410928014 23.031259423002954 23.157875980995478 23.26801680244125 23.368257896230947 23.46192634929365 23.548486009041902 23.621443583633965 23.676693609624866 22.954402612879484 22.79743917920148 22.883654122671754 23.02838028926001 23.155878161399603 23.26671972058814 23.367444498367075 23.461425717701 23.548161645683773 23.621277356934073 23.676693609624866 22.949724755145006 22.792875981075913 22.880094234803266 23.025821200702612 23.154103813232453 23.26556815929599 23.36672189620759 23.46097950431071 23.547872642335758 23.621128838080523 23.676693609624866 22.94554918633229 22.78881073295015 22.87693250660137 23.023549146556036 23.1525294705863 23.264546636573197 23.366080476308042 23.46058222807561 23.547615367857535 23.62099625431309 23.676693609624866 22.941830666702202 22.785196236819242 22.874128784447336 23.02153492717664 23.151134494378432 23.263641619791347 23.36551186168577 23.460229095723484 23.547386681820036 23.62087808711742 23.676693609624866 22.938527971013283 22.781990112225674 22.871647522200675 23.01975276227844 23.149900740807166 23.262841260177623 23.36500872191908 23.459915883016198 23.547183835378526 23.62077301051411 23.676693609624866 22.935603830067166 22.779154489078852 22.869457338768253 23.018179940079698 23.148812278516775 23.26213518066553 23.364564631764047 23.45963885573873 23.547004408011045 23.62067985433443 23.676693609624866 22.933024796096618 22.776655802082708 22.86753061514696 23.016796504852376 23.14785514561789 23.261514302213506 23.364173961526692 23.45939471369418 23.54684626480731 23.62059758154489 23.676693609624866 22.93076106282561 22.77446606504615 22.865843131802986 23.015584980333877 23.147017140076425 23.260970698858593 23.363831788455478 23.459180547658992 23.54670752536365 23.62052527326472 23.676693609624866 22.928786262977514 22.772556903668207 22.864375281518143 23.01453012644056 23.146287638712085 23.260497475070125 23.363533822408005 23.458993803740604 23.546586539359893 23.62046211794466 23.676693609624866 22.92707725954616 22.77090546994956 22.863109974735142 23.013618726753094 23.14565744126768 23.26008866180369 23.363276343830137 23.458832254015647 23.546481866330183 23.620407402801565 23.676693609624866 22.925613942143542 22.769491978276786 22.862027991529395 23.01283940432103 23.145118636627842 23.25973912815628 23.363056151144537 23.458693971286472 23.546392256550835 23.620360506403458 23.676693609624866 22.924379036020902 22.768299482947665 22.86111589344727 23.01218246343473 23.14466448875384 23.259444506411107 23.36287051588435 23.458577303879515 23.546316630702457 23.620320893039654 23.676693609624866 22.923357928676456 22.76731368316563 22.860362381462306 23.011639755191016 23.14428934033949 23.259201128976432 23.362717144798058 23.458480855030764 23.546254101425408 23.620288112713094 23.676693609624866 22.922538517090562 22.76653392714695 22.85975814234091 23.01120456492529 23.14398853250683 23.25900597595481 23.36259414820917 23.45840346842428 23.546203927082253 23.620261791332627 23.676693609624866 22.92191107733522 22.765945821022807 22.859295722211673 23.010871519816654 23.14375833912353 23.258856632319144 23.36250001405889 23.458344217539498 23.546165509750434 23.62024162695311 23.676693609624866 22.921468157482888 22.765530668298233 22.858969425567803 23.010636515222938 23.143595914574174 23.258751253893383 23.362433587205956 23.458302393902642 23.546138391317026 23.620227387572065 23.676693609624866 22.921204494237 22.76528353444441 22.85877523823476 23.010496658574688 23.143499254055385 23.25868854149274 23.362394053626243 23.458277497835873 23.546122248475918 23.62021890910626 23.676693609624866 22.9211169534101 22.76520148164648 22.8587107731639 23.01045022993247 23.143467165701924 23.25866772277768 23.362380929302542 23.458269232041758 23.54611688882001 23.62021609377755 23.676693609624866
    </DataArray>
    <DataArray type="Float32" Name="Ion density last step [log10(m^-3)]" NumberOfComponents="1" format="ascii">
25.434988862015697 25.629571773653808 25.68969915318857 25.672352710789898 25.654865888739906 25.62790184925909 25.5750381713661 25.468383039409428 25.279769671932197 25.05879047900545 24.977723605288848 25.34722387840107 25.52966551655269 25.6218855169008 25.615054270219346 25.601723510123687 25.575467540571385 25.519450424514673 25.407604212474574 25.22314463429398 25.028964905612415 24.977723605288848 25.156041648410927 25.28535215544843 25.438853298893505 25.454365652884395 25.445708115574288 25.417186943660152 25.352435074255585 25.235430709355636 25.080429897897776 24.961566337241905 24.977723605288848 24.956676116726797 24.999466450710347 25.188044879975646 25.222463698568475 25.207431443922797 25.16926780983765 25.10190881209942 25.009049867818714 24.924530476095153 24.896682950906115 24.977723605288848 24.778160129905576 24.74491709648961 24.946022386216384 25.00044184625058 24.98183109030226 24.93704352156387 24.88354349081229 24.836760264292415 24.819837230575025 24.854831652716165 24.977723605288848 24.61754581489736 24.532309412152586 24.745059209020052 24.832402114286054 24.8396973875098 24.811746903288316 24.77868863190731 24.760730675726542 24.774798844238543 24.835886570749608 24.977723605288848 24.469729530516034 24.351394030936806 24.57618015282333 24.697179681679152 24.743328592605753 24.748087693073145 24.740077475367553 24.74071598975013 24.76663340385854 24.832940551828067 24.977723605288848 24.33164691352274 24.19343789108961 24.429942785087924 24.578834208961084 24.660420191212715 24.699003197397552 24.71783453776903 24.73640079816119 24.770702815719982 24.836519926168027 24.977723605288848 24.200903296175284 24.052137452449596 24.30040759295642 24.472305735031867 24.58313684405045 24.65119890781322 24.694934342291532 24.731013757699607 24.774338183488634 24.84095135837055 24.977723605288848 24.07353437551211 23.921423516537185 24.181966605626528 24.37406764424333 24.509648396521133 24.602982221687874 24.668930504800453 24.72179337366581 24.77581733798188 24.845868827215355 24.977723605288848 23.939917432614607 23.792085969023333 24.066505014962942 24.278296902133544 24.436846219834337 24.553484509291074 24.64055166049049 24.71089554460215 24.778305685931738 24.85243355408576 24.977723605288848 23.776895568663498 23.647379217436967 23.940819114453838 24.175822982847475 24.35992618605006 24.502071295139135 24.612801682354924 24.70363785077086 24.784702625887824 24.860078013978917 24.977723605288848 23.533024946369846 23.46123691038925 23.790638821289438 24.05714977887429 24.276676020732864 24.4525544372709 24.588984865202903 24.70064563831733 24.791788715978647 24.867855330146984 24.977723605288848 22.947785959242744 22.96945525076909 23.413769737988684 23.814996100096476 24.15765667255525 24.45127177837912 24.570893639402268 24.699856651398118 24.800745462879217 24.87632321442095 24.977723605288848 22.513626601211435 22.59893175263076 23.08010394966524 23.51169339277291 23.8888976498214 24.209695404986736 24.47195416575367 24.692244812895797 24.867247489363425 24.88662485174277 24.977723605288848 22.24407311248801 22.35809688370545 22.858232121821587 23.310281030248895 23.71062900574095 24.05649789148298 24.346069661111233 24.579267057802287 24.756528233234707 24.880901911017503 24.977723605288848 22.111619680093252 22.24080707155461 22.752060588470044 23.21674610117458 23.631361608260836 23.99261128699707 24.297824815330944 24.545709103585377 24.737378786596025 24.877908757523567 24.977723605288848 22.04032448586296 22.178429615436023 22.696700316268636 23.16932433304832 23.59278357220816 23.963390739228398 24.277818521887212 24.533995781874395 24.73229999681009 24.87708556942471 24.977723605288848 21.98861730408074 22.13283766538893 22.65651177867877 23.13521894689733 23.565345475493157 23.942899209952195 24.264065900313476 24.526182736037466 24.72904729624751 24.876550778467056 24.977723605288848 21.944982167529215 22.093977171959054 22.62224057938922 23.106147562930413 23.54193487458523 23.925346276441996 24.252183757766236 24.519319987045375 24.726086134496537 24.875980903800453 24.977723605288848 21.906781820207733 22.05965897293124 22.591894997998118 23.08035443084389 23.521100759527776 23.909638219586082 24.24144682700113 24.5130130248668 24.723272450060964 24.87536947621965 24.977723605288848 21.873051006809355 22.029169762558073 22.564851890198394 23.057304777284767 23.502419036512844 23.895481450901226 24.231693336239438 24.50720897994238 24.720617721045684 24.874743530906425 24.977723605288848 21.84319287216985 22.00205761834586 22.54073337856098 23.036688556569214 23.485653464696806 23.882719796751246 24.222844346603118 24.501890402735285 24.718139461085407 24.87412544233749 24.977723605288848 21.816726056933298 21.977942562885907 22.519226034719942 23.01825507093673 23.470616696875847 23.871229499024178 24.214834742645618 24.497038417568632 24.715846534746895 24.873530171961626 24.977723605288848 21.793240333217575 21.95648724150913 22.500050798641883 23.001782261553725 23.457143026144106 23.86089933911654 24.20760235235318 24.492629673270415 24.713740212896585 24.872966923814353 24.977723605288848 21.77235237893281 21.93739000096038 22.482956481661557 22.98706910424767 23.445081143551427 23.851625625622525 24.201086107888717 24.488637228876133 24.71181638440964 24.872440830927633 24.977723605288848 21.753782149797452 21.92038791974317 22.467718492054924 22.97393335047064 23.43429204628718 23.843311138439596 24.195226454696577 24.485032229875166 24.71006735561234 24.871954211092188 24.977723605288848 21.737256464679646 21.90524660723499 22.454135450326863 22.96220985138472 23.424648104549355 23.835864915563118 24.189965877540768 24.48178492115783 24.708483186284926 24.871507462640107 24.977723605288848 21.722540541883195 21.891758369428352 22.442027273551016 22.95174943795466 23.416032634291334 23.829202428903173 24.18524957476148 24.47886560695667 24.70705268424164 24.87109970821801 24.977723605288848 21.709429572277937 21.87973976630588 22.43123350014431 22.942417977617396 23.408339591926143 23.823245803271618 24.181026075102135 24.476245474803118 24.70576414068191 24.870729259614254 24.977723605288848 21.69774451874303 21.869028973417507 22.42161159636856 22.934095388369123 23.401473181145658 23.817923901593403 24.177247626140684 24.473897144722358 24.704605855546898 24.870393951429612 24.977723605288848 21.687328689569277 21.859483423037826 22.41303525280546 22.92667455480247 23.39534729839345 23.813172191386997 24.1738703797991 24.471795015323384 24.703566496185708 24.870091376735715 24.977723605288848 21.678044784056283 21.85097758844501 22.40539273481344 22.92006021059941 23.389884883017295 23.808932477547284 24.170854413624646 24.469915449764105 24.70263532712665 24.86981904925895 24.977723605288848 21.669772365962835 21.843400984261987 22.398585341833897 22.91416783872602 23.38501722065662 23.80515254932424 24.168163632756844 24.468236843884526 24.701802345992085 24.869574513210107 24.977723605288848 21.66240569694753 21.836656380628927 22.39252597684426 22.90892260500128 23.38068322084567 23.801785759501673 24.165765588372707 24.46673960899001 24.701058349751467 24.86935541332059 24.977723605288848 21.65585188175501 21.83065822701812 22.387137849068843 22.904258356952763 23.376828705608464 23.79879057551511 24.16363124592507 24.46540609823158 24.700394952967738 24.869159536994147 24.977723605288848 21.65002928197745 21.82533127196784 22.38235331314127 22.900116703883157 23.37340573239833 23.79613012914736 24.161734729095176 24.464220499028492 24.699804574501496 24.868984837178626 24.977723605288848 21.644866160579987 21.820609361806355 22.378112841241357 22.896446185187457 23.37037196554568 23.79377178274751 24.160053057959566 24.46316870784098 24.69928040462657 24.868829442175596 24.977723605288848 21.640299524289297 21.816434400144068 22.37436412055184 22.89320152799418 23.36769010366974 23.791686723252745 24.1585658938982 24.46223819874647 24.698816361111945 24.868691656883477 24.977723605288848 21.636274135436103 21.812755450016002 22.3710612660632 22.890342991257477 23.36532736570926 23.78984959031096 24.157255299185007 24.46141789353015 24.698407040235256 24.868569958681423 24.977723605288848 21.632741668766318 21.80952796137383 22.368164137777722 22.88783579103206 23.36325503497008 23.788238141232195 24.15610551581661 24.460698038195748 24.698047666739498 24.868462990194107 24.977723605288848 21.62965999346677 21.80671311038107 22.36563775110644 22.88564960052523 23.361448058626983 23.78683295314293 24.15510276578792 24.460070088803604 24.69773404533727 24.868369550475474 24.977723605288848 21.626992561667393 21.804277232519944 22.36345177166336 22.883758118129908 23.35988469899127 23.785617161199998 24.154235073428065 24.45952660814065 24.697462515354967 24.86828858563922 24.977723605288848 21.624707891068027 21.802191342758338 22.361580084616264 22.88213869664631 23.358546232390427 23.784576230905852 24.15349210944655 24.459061173825035 24.69722990943514 24.868219179609195 24.977723605288848 21.62277912590375 21.800430726284016 22.36000042471358 22.880772027144236 23.357416691452585 23.783697762178836 24.152865055770274 24.458668297862577 24.697033516740472 24.868160545407918 24.977723605288848 21.62118367076164 21.79897459720875 22.358694068908804 22.87964187258762 23.35648264700577 23.782971322750956 24.15234648992827 24.45834335725348 24.696871050706577 24.868112017229443 24.977723605288848 21.61990288570515 21.79780581297197 22.35764558061137 22.878734846406232 23.355733026265135 23.78238830882636 24.151930287980832 24.45808253546194 24.696740621721492 24.868073043521736 24.977723605288848 21.618921842312172 21.796910652014944 22.356842601800455 22.87804023174849 23.35515896400875 23.78194183068307 24.151611544526222 24.457882773915745 24.696640714236004 24.868043181078896 24.977723605288848 21.618229126647904 21.79627862803062 22.356275687164484 22.877549837685553 23.354753684134355 23.781626621480715 24.151386508776238 24.4577417331133 24.696570168295537 24.8680220901956 24.977723605288848 21.617816688573214 21.79590234527328 22.355938177704225 22.87725788984891 23.354512409564936 23.78143896781923 24.15125253579788 24.457657762886374 24.696528165361624 24.868009530903947 24.977723605288848 21.617679739058804 21.795777404394087 22.355826112712904 22.877160953834537 23.354432299025948 23.781376660949327 24.151208052208165 24.45762988143966 24.696514218290474 24.868005360293065 24.977723605288848
    </DataArray>
    <DataArray type="Float32" Name="Ion density max [log10(m^-3)]" NumberOfComponents="1" format="ascii">
25.460630184332196 25.65921928006145 25.712131629266466 25.695864038120323 25.680536023261062 25.657393658717332 25.61080374920733 25.511664757968404 25.320590809244358 25.077220869093647 24.977723605288848 25.3678530443199 25.55654109561261 25.64311807634869 25.637925123774092 25.627562360189067 25.605758545577984 25.55633557008707 25.450985540972578 25.26112490934534 25.04480325507798 24.977723605288848 25.167608519077017 25.305248083985468 25.457671482114716 25.475818032153796 25.472113352308117 25.449283829827596 25.390756955820514 25.275616992382446 25.108804801797106 24.97149234292519 24.977723605288848 24.962048276081745 25.010664204943897 25.20097172319289 25.238083356990025 25.22863448819209 25.196175270161827 25.131965446067927 25.034995327088318 24.938783525974785 24.901373095506468 24.977723605288848 24.780744243055505 24.750505986267928 24.95270750748486 25.007559296330566 24.990452626954863 24.947612248042013 24.89431079413855 24.84466010749777 24.82356707634326 24.87136432406148 24.977723605288848 24.61894342493018 24.53527822582702 24.748599986430193 24.83560032270302 24.8420903799478 24.813384480220247 24.779500975604794 24.766834324993376 24.799696154537724 24.86724516998389 24.977723605288848 24.47056597407562 24.35310472268745 24.57827057430677 24.699115507287416 24.74456510266704 24.748413202245274 24.7420345256936 24.753240832536353 24.794580567201738 24.863142383981458 24.977723605288848 24.33218510167238 24.194483850669968 24.431243643106594 24.580129931369857 24.661370872163378 24.699365837450568 24.718304775976602 24.743093287595528 24.789152864868502 24.858748733316656 24.977723605288848 24.201267624431576 24.0528064025506 24.301240784896297 24.473176256855982 24.58385671575211 24.651599039608396 24.694974936109396 24.733051850191043 24.783672308775888 24.855001239928544 24.977723605288848 24.073790497542582 23.921867680257456 24.182514084437997 24.374651884715714 24.510165553444605 24.60332878218544 24.66904666837401 24.72210979333918 24.779528860286238 24.853937986109667 24.977723605288848 23.94010350552013 23.792391464418767 24.066875126485876 24.27869340516682 24.437209542669773 24.553752652595453 24.640682505620763 24.710900600632673 24.77947806290524 24.856788285156934 24.977723605288848 23.777036181117232 23.64759747639313 23.94107801844365 24.176098604906354 24.36018284008245 24.50227135051972 24.612917239787922 24.703663945480088 24.784990144948846 24.86226545014936 24.977723605288848 23.533138436095825 23.461399002086402 23.79082503468471 24.057345718545474 24.276860477218523 24.452705522030556 24.589079006231753 24.700679748734483 24.791835579525838 24.86881045148406 24.977723605288848 22.947895314866496 22.96959094588223 23.413920570751333 23.8151509844082 24.15779686022914 24.451373648858983 24.570964146714157 24.69988972056252 24.800747977453238 24.876694142892422 24.977723605288848 22.513710366675085 22.59903546229366 23.080219671127114 23.511814477752885 23.88901394444059 24.209795407595657 24.472024283586236 24.692277787031987 24.867249705645452 24.886753583954157 24.977723605288848 22.24413780689764 22.35817561669886 22.858318532190623 23.310370305057784 23.710714424037807 24.056571855840474 24.346125375035317 24.579301020569535 24.756541821850032 24.880916484777867 24.977723605288848 22.111670860634888 22.240867765303136 22.752125846360666 23.216812348586142 23.63142415824619 23.992665008272745 24.297865215703798 24.545733706814044 24.73738847926984 24.877908992693953 24.977723605288848 22.040366292074786 22.17847786404507 22.696751210211286 23.16937516422992 23.592830957631445 23.96343108755763 24.277848757760005 24.534014267535195 24.732307481668567 24.87708600108878 24.977723605288848 21.988652304892124 22.132877008006638 22.656552556000708 23.135259077516775 23.565382456512182 23.94293045486349 24.264089242531682 24.526197068958652 24.729053252340044 24.876551280945286 24.977723605288848 21.945012027948177 22.094009920569466 22.62227397883626 23.106179992503773 23.54196444592563 23.925371083368987 24.252202236493545 24.519331375243123 24.72609097206945 24.87598142042468 24.977723605288848 21.906807710313064 22.05968672947548 22.591922892281886 23.080381184455376 23.52112492237331 23.909658357778707 24.2414617870457 24.513022287418742 24.72327645208993 24.87536997961241 24.977723605288848 21.873073792788556 22.029193681188247 22.564875600919123 23.057327266617943 23.502439172251872 23.895498135094766 24.231705710528594 24.507216664488826 24.720621089218508 24.874744011575892 24.977723605288848 21.84321318043271 22.002078549958018 22.540753881446815 23.03670780634549 23.485670566531244 23.88273389583235 24.222854779470758 24.501896894949724 24.718142341511367 24.874125895151533 24.977723605288848 21.81674436387344 21.97796112389098 22.519244021714155 23.01827180797382 23.470631462644022 23.8712416141605 24.214843688581702 24.497043994140665 24.715849034791738 24.873530595612877 24.977723605288848 21.793257006697818 21.956503898297424 22.500066785836516 23.001797018579488 23.457155963498344 23.860909908516806 24.207610141968534 24.492634536188024 24.71374241255877 24.872967319495434 24.977723605288848 21.77236770645738 21.937405111538233 22.48297086042055 22.987082281237843 23.445092630732354 23.85163497411949 24.20109298577263 24.488641528025056 24.711818344105 24.872441200922903 24.977723605288848 21.753796359432872 21.920401762665275 22.467731563383243 22.973945252198174 23.434302369457303 23.843319510620564 24.195232604668035 24.485036078197055 24.710069121561574 24.871954558052515 24.977723605288848 21.737269738951568 21.90525940186107 22.454147448760896 22.96222071327976 23.424657483305516 23.835872498291756 24.189971439784998 24.48178840498026 24.70848479428662 24.871507789220253 24.977723605288848 21.722553028397968 21.89177029045617 22.44203838404937 22.951759444203283 23.41604123938461 23.829209366883553 24.185254657651928 24.47886879314769 24.707054162346918 24.871100016906368 24.977723605288848 21.709441391513018 21.87975095431978 22.431243870204018 22.942427274020773 23.408347557760653 23.823252209973564 24.181030763484753 24.47624841580291 24.705765511113675 24.870729552663814 24.977723605288848 21.69775576987647 21.86903954264489 22.421621344836396 22.934104091610756 23.40148061472409 23.817929867036778 24.177251987226324 24.473899882132997 24.70460713609348 24.870394231174675 24.977723605288848 21.68733945489517 21.859493467126352 22.413044476369617 22.926682759217154 23.395354285808633 23.81317778776594 24.17387446741402 24.47179758250526 24.703567701224735 24.870091645046315 24.977723605288848 21.678055132366573 21.850987184815494 22.405401512845106 22.920067993180535 23.389891494224702 23.80893776334818 24.170858271317798 24.469917873738492 24.702636468385755 24.869819307607894 24.977723605288848 21.669782355164223 21.84341019742486 22.398593740040116 22.914175262874306 23.3850235130265 23.80515757237896 24.168167296100226 24.468239146745017 24.701803433120283 24.86957476287911 24.977723605288848 21.66241537610631 21.83666526473747 22.392534050054316 22.908929723363414 23.380689241838013 23.801790559278455 24.165769086684804 24.466741808962 24.701059390752825 24.86935565542489 24.977723605288848 21.655861292709773 21.830666827853854 22.38714564338214 22.90426521359437 23.37683449480998 23.79879518485704 24.163634603576877 24.46540821047645 24.700395954533903 24.86915977250517 24.977723605288848 21.650038460622365 21.825339628499286 22.38236086759967 22.900123335969575 23.37341132309021 23.796134575606008 24.161737966510756 24.464222536260696 24.69980554226913 24.86898506694424 24.977723605288848 21.64487513789486 21.820617507424267 22.378120189144 22.89645262429689 23.370377385922755 23.793776089616756 24.16005619239066 24.463170680806375 24.699281343378633 24.86882966693787 24.977723605288848 21.640308327173457 21.816442363649283 22.37437129049876 22.89320780115383 23.36769537779806 23.791690910378417 24.15856894003008 24.462240116596966 24.698817275908482 24.868691877294083 24.977723605288848 21.63628278738928 21.812763256416655 22.371068282791526 22.890349121768995 23.36533251428571 23.78985367473125 24.157258269615138 24.461419764120013 24.69840793457664 24.868570175314957 24.977723605288848 21.632750190449418 21.809535632534647 22.368171022838034 22.88784179913555 23.363260075931 23.788242137689323 24.15610842143663 24.46069986861959 24.698048543526443 24.868463203559557 24.977723605288848 21.629668404114106 21.806720665557176 22.365644523415188 22.885655503938796 23.361453007640627 23.786836874496156 24.155105616091618 24.460071886229198 24.697734907110014 24.868369761026127 24.977723605288848 21.627000880736365 21.804284689719815 22.363458447958624 22.883763932492528 23.359889569860616 23.785621018997812 24.15423787842999 24.459528377523203 24.697463364356224 24.868288793781225 24.977723605288848 21.624716132551093 21.80219871997077 22.3615866828475 22.882144438107755 23.358551039528404 23.784580037332407 24.1534948766272 24.459062919569412 24.697230747662477 24.868219385709033 24.977723605288848 21.622787302500935 21.80043803669757 22.36000695825342 22.880777708727354 23.357421446127336 23.783701525821794 24.15286779145911 24.458670023923343 24.69703434599037 24.868160749798925 24.977723605288848 21.621191794112 21.798981852871073 22.358700549465784 22.8796475051616 23.356487358762454 23.782975051407 24.152349199868997 24.45834506721983 24.696871872612007 24.868112220217586 24.977723605288848 21.619910966590734 21.797813025012235 22.35765201898188 22.87874043997837 23.355737703881573 23.782392009659418 24.151932977448766 24.458084232630792 24.69674143778438 24.868073245390775 24.977723605288848 21.618929890840334 21.796917830841398 22.356849008066177 22.878045795651754 23.355163615663106 23.781945510362952 24.151614218431043 24.45788446135583 24.696641525855817 24.86804338209503 24.977723605288848 21.61823715241715 21.796285783509067 22.356282070870083 22.87755538074685 23.35475831755515 23.781630286306967 24.151389171753724 24.45774341372237 24.696570976794874 24.868022290611762 24.977723605288848 21.617824700826898 21.795909486891524 22.35594454802059 22.87726342054319 23.35451703216821 23.781442623834202 24.151255192293572 24.457659439443418 24.69652897200965 24.868009730963788 24.977723605288848 21.617687746830438 21.795784541416847 22.355832478590475 22.877166480429324 23.354436918043653 23.78138031404388 24.15121070655559 24.45763155665373 24.696515024324864 24.86800556023474 24.977723605288848
    </DataArray>
    <DataArray type="Float32" Name="Mobility [m^2/V/s]" NumberOfComponents="1" format="ascii">
0.0 0.0 0.0 0.0 0.0 0.0 0.0 0.0 0.0 0.0 0.0 0.0003125881717878046 0.00033515947797307 0.00036964588885364985 0.00030779175191940117 0.0003648494689852464 0.0003577673315864399 0.00038513505764010866 0.0003353139049018094 0.0003555994935566716 0.00034904196153680154 0.000371495388221432 0.00019283227165478237 0.00020799483240032442 0.00018330732640786809 0.00015751480702631997 0.0001259671748553409 0.00013549212010225515 0.00012282879479863954 0.00010080610787457475 9.192136390893669e-05 9.505974396563804e-05 9.192136390893669e-05 0.0 0.0 0.0 0.0 0.0 0.0 0.0 0.0 0.0 0.0 0.0 0.0 0.0 0.0 0.0 0.0 0.0 0.0 0.0 0.0 0.0 0.0 0.0002257547123622894 0.0002641172078503969 0.0002475790396070564 0.0002063308786747966 0.00023420676801119797 0.00020579169905763432 0.000172271220220785 0.0001851043121994812 0.0001497868475710188 0.0001305270135044027 0.00012873002771278955 0.0 0.0 0.0 0.0 0.0 0.0 0.0 0.0 0.0 0.0 0.0 0.0 0.0 0.0 0.0 0.0 0.0 0.0 0.0 0.0 0.00010378448078304037 0.0001235109056963603 0.0001614281478538765 0.00012187985496009063 0.00015341031418515224 0.00013272292732699915 0.00010418572732542945 0.00012304663336106222 0.00010198981350283297 8.70373729447566e-05 9.451775308809707e-05 8.229942345329418e-05 7.712299596152613e-05 0.0 0.0 0.0 0.0 0.0 0.0 0.0 0.0 0.0 0.0 0.0 0.0 0.0 0.0 0.0 0.0 0.0 0.0 7.173984993657027e-05 7.558455640118266e-05 5.853744646772608e-05 7.40101162885079e-05 9.352952111955692e-05 8.385322715361998e-05 7.014294243626512e-05 8.07991486421376e-05 7.332708822740171e-05 6.597553101405974e-05 7.221375531667874e-05 6.977143874818415e-05 6.684341122362823e-05 7.175265186847562e-05 7.749981217195985e-05 0.0 0.0 0.0 0.0 0.0 0.0 0.0 0.0 0.0 0.0 0.0 0.0 0.0 0.0 0.0 0.0 5.309874344545983e-05 5.1524303332785075e-05 4.3339145097758244e-05 4.877784812002449e-05 6.120029315470573e-05 4.872035830415965e-05 5.912216245621082e-05 6.263836119389475e-05 6.152502828317176e-05 5.8890301625062756e-05 6.222747144522776e-05 6.420868456551923e-05 6.296823458959147e-05 6.758417436799195e-05 7.625936219603208e-05 7.625936219603208e-05 8.6175e-05 0.0 0.0 0.0 0.0 0.0 0.0 0.0 0.0 0.0 0.0 0.0 0.0 0.0 0.0 4.158108868397541e-05 3.8834633471214816e-05 3.4446240554271925e-05 3.620429696805475e-05 4.4331965387216754e-05 3.754907270392808e-05 5.006513404003298e-05 5.471952728368611e-05 5.786961857106736e-05 5.741135450075485e-05 5.9134480716806246e-05 6.250997051927896e-05 6.230416834475013e-05 6.613792221753536e-05 7.605356002150325e-05 7.605356002150325e-05 8.6175e-05 0.0 0.0 0.0 0.0 0.0 0.0 0.0 0.0 0.0 0.0 0.0 0.0 0.0 0.0 3.405610789977565e-05 3.142577139661558e-05 2.8844695096979023e-05 2.92348277514753e-05 3.496799640429152e-05 3.090250325775896e-05 3.921674821021175e-05 4.376691172860641e-05 3.9286283542975655e-05 4.7901940207902874e-05 5.888843153005285e-05 6.251638322830924e-05 6.272669816729726e-05 6.614243498199453e-05 7.626387496049126e-05 7.626387496049126e-05 8.6175e-05 0.0 0.0 0.0 0.0 0.0 0.0 0.0 0.0 0.0 0.0 0.0 0.0 0.0 0.0 0.0 2.674894111577949e-05 2.5117703555166908e-05 2.5022513891226158e-05 2.9271265697146377e-05 2.6657747924454614e-05 3.2537737290987415e-05 3.667276577028388e-05 3.3566351247775715e-05 4.031489749976395e-05 4.325013928625379e-05 4.0443960543446254e-05 6.319696283341072e-05 6.662438525131069e-05 7.65355102908194e-05 7.65355102908194e-05 8.6175e-05 0.0 0.0 0.0 0.0 0.0 0.0 0.0 0.0 0.0 0.0 0.0 0.0 0.0 0.0 0.0 0.0 0.0 2.2289912615235013e-05 2.555638420907605e-05 2.3763699660219768e-05 2.8131534969439362e-05 3.1773666698919435e-05 2.951417788680666e-05 3.494899416514301e-05 3.818447173133348e-05 3.59425886168798e-05 4.143755499518305e-05 4.386848756543956e-05 7.683805813293397e-05 7.683805813293397e-05 8.6175e-05 0.0 0.0 0.0 0.0 0.0 0.0 0.0 0.0 0.0 0.0 0.0 0.0 0.0 0.0 0.0 0.0 0.0 0.0 0.0 2.1622998073663163e-05 2.5005295913039906e-05 2.8180623379263483e-05 2.642072062195975e-05 3.09296025957265e-05 3.418268585957606e-05 3.2307297170518784e-05 3.7320283191672086e-05 4.0225526393068425e-05 3.860372835158534e-05 4.338436024203897e-05 8.6175e-05 0.0 0.0 0.0 0.0 0.0 0.0 0.0 0.0 0.0 0.0 0.0 0.0 0.0 0.0 0.0 0.0 0.0 0.0 0.0 0.0 0.0 2.5321140127063954e-05 2.382303753320686e-05 2.7671597244565672e-05 3.080919457666169e-05 2.914237108749173e-05 3.3778071013444834e-05 3.693690486241538e-05 3.54374799475209e-05 4.02631372856614e-05 4.323823557095458e-05 4.222308508108766e-05 0.0 0.0 0.0 0.0 0.0 0.0 0.0 0.0 0.0 0.0 0.0 0.0 0.0 0.0 0.0 0.0 0.0 0.0 0.0 0.0 0.0 0.0 2.482816561894224e-05 2.7797042055725386e-05 2.629724138996288e-05 3.0611446858512374e-05 3.3937679281758396e-05 3.2652447255914716e-05 3.747848034492324e-05 4.093785305524398e-05 4.011668105911333e-05 4.4861285795277746e-05 4.843608328848156e-05 0.0 0.0 0.0 0.0 0.0 0.0 0.0 0.0 0.0 0.0 0.0 0.0 0.0 0.0 0.0 0.0 0.0 0.0 0.0 0.0 0.0 0.0 2.27675226695272e-05 2.7410930251840067e-05 3.0951731315004914e-05 3.0919498117204886e-05 3.616101512127953e-05 4.00844478613133e-05 3.948993995587934e-05 4.3445605893713146e-05 4.7711691201296616e-05 4.767750097473559e-05 5.2538094187753026e-05 0.0 0.0 0.0 0.0 0.0 0.0 0.0 0.0 0.0 0.0 0.0 0.0 0.0 0.0 0.0 0.0 0.0 0.0 0.0 0.0 0.0 0.0 2.843106551902674e-05 2.3907820145426256e-05 3.1605536549879016e-05 3.4966694582278856e-05 3.2122022174645104e-05 4.0006425580645434e-05 4.483282856710184e-05 4.4506387943868047e-05 5.217746333795821e-05 5.708965870718723e-05 6.1011415527744465e-05 0.0 0.0 0.0 0.0 0.0 0.0 0.0 0.0 0.0 0.0 0.0 0.0 0.0 0.0 0.0 0.0 0.0 0.0 0.0 0.0 0.0 1.5113175443815555e-05 2.527523577805637e-05 3.031496677642295e-05 2.751703019980198e-05 3.436381659639071e-05 4.170845136724708e-05 3.7479408170994486e-05 4.7621979518471816e-05 5.678237233149188e-05 5.056670184370332e-05 6.395613785297596e-05 6.52162396332177e-05 0.0 0.0 0.0 0.0 0.0 0.0 0.0 0.0 0.0 0.0 0.0 0.0 0.0 0.0 0.0 0.0 0.0 0.0 0.0 1.5039284950074412e-05 1.5059039940385147e-05 1.5038791474643062e-05 2.605754582605048e-05 3.069086628246012e-05 3.6604394433684855e-05 3.5545733628071845e-05 4.233427551660621e-05 4.9508041038090306e-05 4.858446565508975e-05 5.681689198218687e-05 6.391481769912342e-05 6.371917815656278e-05 7.174067925649987e-05 0.0 0.0 0.0 0.0 0.0 0.0 0.0 0.0 0.0 0.0 0.0 0.0 0.0 0.0 0.0 0.0 0.0 1.5014647048779534e-05 1.503144878077092e-05 1.5022711340351687e-05 1.5046855766215215e-05 1.5193467170865015e-05 3.521040023400115e-05 3.485965720607799e-05 4.0924871683070034e-05 4.823372262716659e-05 4.799548708663558e-05 5.5655081058655314e-05 6.348094261603176e-05 6.342734577588065e-05 7.149144287378812e-05 7.880642301681848e-05 7.880642301681848e-05 0.0 0.0 0.0 0.0 0.0 0.0 0.0 0.0 0.0 0.0 0.0
    </DataArray>
    <DataArray type="Float32" Name="Electric Field [Vm^-1]" NumberOfComponents="3" format="ascii">
396509167.8231594 -1645228317.5156035 0.0 7105486.3744519595 -66721233.76941205 0.0 6748554.450117842 -52681424.24743852 0.0 4676974.182142863 -41052913.69321897 0.0 3380493.3748761276 -35537411.61481932 0.0 2434114.890988696 -33706861.97342085 0.0 1267414.2505624616 -35396831.180403754 0.0 -719651.7361024088 -42702369.314470395 0.0 -3623797.644251153 -59099472.07825409 0.0 -5520062.734252147 -84513524.27780402 0.0 414597379.6724883 1144265757.4505045 0.0 8076751.893815742 -1443892435.1196342 0.0 8295263.03960482 -65591229.6679156 0.0 7691886.059752076 -52464171.436290726 0.0 6280445.593223716 -41387498.58806824 0.0 5073067.281880557 -35925152.973797545 0.0 4006604.580638061 -34302761.56395806 0.0 2664284.6042886423 -36551041.3938491 0.0 671485.1788344749 -44817335.183788516 0.0 -1708797.744633673 -61978182.60378066 0.0 -2731828.660575025 -86449484.49785952 0.0 -2692488.103439341 1346325203.3465211 0.0 10696215.978408054 -1437995014.1801426 0.0 11902941.044894805 -64826385.59444378 0.0 11686963.181780027 -53812178.13665722 0.0 9718851.263214417 -43253544.251402564 0.0 7543703.468698759 -37563240.677691154 0.0 5247598.517824083 -36124716.21986135 0.0 2321880.371134345 -39093815.26882486 0.0 -1457096.2356060224 -48088081.32987264 0.0 -4963005.055096054 -64381862.826626025 0.0 -5230811.847094728 -84965141.5632536 0.0 -2980186.0207633446 1348930260.927931 0.0 10101879.828214198 -1431804423.3651216 0.0 11358859.050750291 -63336103.52451498 0.0 11476665.671024889 -54954217.96892054 0.0 9162846.161297748 -45777781.72945398 0.0 5992477.78013162 -40359952.035339184 0.0 2406836.3333040695 -39387410.05837355 0.0 -1714395.5996709014 -43115933.271890156 0.0 -5965266.985504537 -52170672.63781595 0.0 -8597030.580781873 -66104080.26122978 0.0 -6934313.230217147 -81371306.79441953 0.0 -3111269.1029417003 1352555120.8003216 0.0 8871679.197805712 -1426488497.6282313 0.0 9159490.055029526 -62165008.87761591 0.0 8773389.763457872 -56341880.81910475 0.0 5953735.533412275 -49007874.74787217 0.0 1881820.682501646 -44277661.48730313 0.0 -2567122.713427355 -43643200.96219372 0.0 -6883329.356007276 -47384852.26681909 0.0 -10190291.495678572 -55244627.82085983 0.0 -10936823.697460242 -65862315.26452881 0.0 -7512964.875742431 -76060616.75884913 0.0 -3101928.062002209 1356589053.5437295 0.0 8000197.139931831 -1422272950.1471329 0.0 7130785.684425541 -61976630.89385199 0.0 6032895.631954632 -58283303.99971904 0.0 2874507.7731809886 -52825892.012864046 0.0 -1574623.0502144399 -48867798.315982446 0.0 -6202702.4682818595 -48115978.60602718 0.0 -10058719.468746923 -50925820.57394851 0.0 -12167034.518285096 -56704458.75739795 0.0 -11470758.161314933 -63924042.10512612 0.0 -7213338.034873957 -70024785.87398611 0.0 -3010906.745480722 1360526262.4845858 0.0 7547474.018576833 -1418902588.6449914 0.0 5874229.609039822 -62648043.42181603 0.0 4353951.310797303 -60548326.308793366 0.0 1263000.2162779614 -56717962.36593334 0.0 -2956688.892435171 -53456133.231345765 0.0 -7263143.742555438 -52291750.137462035 0.0 -10575855.473423427 -53677208.11767778 0.0 -11953163.51256692 -57093575.13229404 0.0 -10666162.043447329 -61220570.18749417 0.0 -6413051.227964202 -64124878.913191795 0.0 -2879544.579207558 1364077831.748995 0.0 7424825.6144543905 -1415988163.95086 0.0 5372154.874271551 -63795220.681754 0.0 3742848.5839972026 -62810682.23782783 0.0 984840.2239226997 -60255348.32912057 0.0 -2677029.910773906 -57586206.2941965 0.0 -6428965.85452957 -55977309.29956236 0.0 -9280610.532095887 -55910935.07399601 0.0 -10364333.28417813 -57080495.77956378 0.0 -9102798.481968714 -58515273.61548144 0.0 -5373188.972450543 -58885349.81663191 0.0 -2732402.1343320827 1367103277.3573883 0.0 7568508.883612655 -1413178232.290047 0.0 5466997.552706568 -65084921.95368589 0.0 3924401.7244523535 -64871127.52169372 0.0 1578483.3615011198 -63262870.56902038 0.0 -1458809.4506304862 -61086828.06321527 0.0 -4613928.299617653 -59139824.71029006 0.0 -7088226.833569854 -57846632.38569243 0.0 -8125560.42578993 -57089073.54330579 0.0 -7215394.1429548 -56251983.95393313 0.0 -4260415.311557624 -54566218.8647739 0.0 -2585238.0709696524 1369551665.8488696 0.0 7988377.668399954 -1410179474.1810439 0.0 6049495.098298939 -66314308.87804148 0.0 4650385.629004878 -66672599.31740434 0.0 2662407.882648649 -65754477.609644555 0.0 163881.84452720228 -63977397.79882368 0.0 -2466412.703259977 -61825284.07518462 0.0 -4641444.109818927 -59610806.210169844 0.0 -5743832.258185699 -57320986.1500248 0.0 -5305991.263202639 -54623384.44812838 0.0 -3185327.824951121 -51243717.99875137 0.0 -2448491.0685486156 1371430083.559872 0.0 8836430.409542238 -1406699797.605334 0.0 7127944.4897201555 -67447567.71069515 0.0 5758518.800850485 -68288374.13019168 0.0 3974237.375464534 -67854450.91653866 0.0 1855914.4426345583 -66378318.35246671 0.0 -376487.2670211643 -64125685.95313201 0.0 -2330297.9640730764 -61276995.20882001 0.0 -3535009.0698661474 -57839272.47339368 0.0 -3560994.8922882313 -53651886.6985914 0.0 -2213627.917745982 -48871797.133837365 0.0 -2327870.491286529 1372783069.6454058 0.0 10534325.789559633 -1402348831.9605563 0.0 8836964.026169732 -68728156.71240878 0.0 7118637.3430565 -69934887.13861386 0.0 5309637.422524165 -69743779.43338999 0.0 3408033.4046042114 -68442178.49827884 0.0 1449921.172517853 -66145861.3132866 0.0 -337895.90274308104 -62886575.859716244 0.0 -1631416.6690701775 -58624215.36823487 0.0 -2047529.7659535094 -53262812.50557642 0.0 -1369586.4835326888 -47343225.55533181 0.0 -2224929.942378235 1373674298.6290708 0.0 14620608.293340253 -1396316425.586142 0.0 11481287.973594934 -71235393.73278083 0.0 8433681.974503612 -71960808.02958857 0.0 6430515.803541094 -71575624.21065952 0.0 4685167.286436089 -70279944.6322519 0.0 2944125.4485061914 -67954117.1771835 0.0 1328178.6145515388 -64434152.77741127 0.0 -19348.132904827602 -59620576.28500357 0.0 -772784.1323791898 -53369483.075276904 0.0 -662585.1632256506 -46537598.261130236 0.0 -2140258.2730926876 1374173123.2452881 0.0 15218575.721365277 -1390340585.6440716 0.0 10858728.564846486 -75678788.88211106 0.0 8433319.829441616 -74305382.21844687 0.0 6826021.379258633 -73267814.83654806 0.0 5501625.133956689 -71855922.84918135 0.0 4206346.761017661 -69489363.42302965 0.0 2810411.2522859317 -65902665.81194192 0.0 1384098.871508812 -60814258.73964204 0.0 262623.1289549744 -53924541.96912927 0.0 -81341.18147845563 -46318460.08295003 0.0 -2068599.735221479 1374345768.438629 0.0 10595974.80392797 -1386462334.9893205 0.0 8387637.209260494 -77742060.98473664 0.0 7293227.8057262255 -75774219.49717061 0.0 6405861.839753614 -74369951.90195256 0.0 5640745.691318567 -72855877.47553095 0.0 4811581.5118633965 -70637545.50969741 0.0 3733923.32222533 -67284174.13218285 0.0 2538129.1605869406 -62172585.39067433 0.0 1447361.6249028335 -54782049.82615698 0.0 597239.7698474871 -46643725.8013817 0.0 -1983559.9675688127 1374216205.6647878 0.0 7113744.389142229 -1383477243.385592 0.0 5925828.350048735 -78153345.3629934 0.0 5790201.066915025 -76363659.01783888 0.0 5456242.608481765 -74943283.80319482 0.0 5048686.60697177 -73443976.63925125 0.0 4542419.698735465 -71373717.43645851 0.0 3879066.7109555593 -68174507.09347296 0.0 3062073.9048969285 -63164363.01372943 0.0 2043881.2749044055 -55880469.22618178 0.0 861991.6493491925 -47623558.28748504 0.0 -1973027.7096829547 1373817526.0579486 0.0 4971980.6441638945 -1381281697.7183037 0.0 4111586.131947013 -77713473.96343753 0.0 4432961.7674662685 -76387981.8483266 0.0 4427900.944224518 -75164051.35438544 0.0 4241222.409017481 -73789334.7975141 0.0 3904087.2509357743 -71866866.14843592 0.0 3397139.181922252 -68837125.22456121 0.0 2699201.918933301 -64016993.2492455 0.0 1806080.745904715 -56952392.183859564 0.0 825746.0966296582 -48584144.27594188 0.0 -1984002.726764741 1373395695.9766693 0.0 3905187.943483465 -1379627111.528553 0.0 2951962.3251332347 -77057102.48388274 0.0 3389753.639491284 -76157934.56304117 0.0 3533352.9645247823 -75184571.76280998 0.0 3474935.45825783 -73984795.43057373 0.0 3248244.7834688565 -72228455.62969404 0.0 2849911.9625178906 -69379761.06222054 0.0 2270222.9203505637 -64749862.40868787 0.0 1527879.4061977465 -57830851.04575504 0.0 720458.3973881573 -49420271.8550557 0.0 -1997979.8264429835 1373018791.1315248 0.0 3391102.9564042073 -1378356991.5694125 0.0 2233336.260419384 -76464657.6326583 0.0 2637903.7663321616 -75864063.79564466 0.0 2822844.074365163 -75112252.32278918 0.0 2829632.2275888133 -74088135.29977693 0.0 2677989.864345036 -72496094.55264078 0.0 2367835.940280337 -69817674.78923436 0.0 1896191.161933509 -65355156.926387675 0.0 1285082.234980528 -58552163.86662677 0.0 613738.9631860029 -50129463.04944632 0.0 -2011015.762406882 1372695220.1296754 0.0 3114638.601975232 -1377356415.117269 0.0 1776652.766994517 -75998357.1905316 0.0 2103284.583611693 -75591222.99592765 0.0 2277686.1372372764 -75010682.26260507 0.0 2310550.648831851 -74138902.07407114 0.0 2207610.446328785 -72694449.42438452 0.0 1966062.9176258491 -70167422.15844099 0.0 1583831.4975421017 -65850454.36204041 0.0 1080039.804512489 -59148877.93510116 0.0 519166.5496250254 -50727224.59473827 0.0 -2022341.365884964 1372420713.3105278 0.0 2946877.801155701 -1376539930.4709134 0.0 1470615.579457105 -75652978.61342457 0.0 1718351.5157512869 -75367787.8897232 0.0 1863009.2463985952 -74912060.40691546 0.0 1900506.0460984316 -74163015.17318203 0.0 1827411.6383803482 -72843711.57166852 0.0 1637209.9336212615 -70447216.03807743 0.0 1326141.0608817537 -66256403.323361576 0.0 908936.6705961028 -59645107.866366185 0.0 438656.2992713697 -51230562.73687375 0.0 -2031913.2971570108 1372188601.2474174 0.0 2829098.0582791483 -1375854160.1415176 0.0 1252495.2005848542 -75403626.78115419 0.0 1434217.0759227895 -75196112.74865162 0.0 1546012.4253891553 -74829495.12589116 0.0 1578205.2776964214 -74175849.84340142 0.0 1522647.3507695717 -72959237.83878632 0.0 1370146.0530805034 -70673111.89905085 0.0 1114880.998792919 -66591037.943425156 0.0 767283.7320750202 -60059861.949846976 0.0 371317.2192226224 -51655088.159330174 0.0 -2039895.735833017 1371992210.1577342 0.0 2737038.234027561 -1375265098.798861 0.0 1087620.3625275746 -75226192.90627019 0.0 1218137.551341539 -75069212.07706791 0.0 1300576.0043732775 -74766115.7880194 0.0 1324059.6691682744 -74185534.8523606 0.0 1278652.416571995 -73051780.1587587 0.0 1153808.845795194 -70857894.22454754 0.0 942150.1173485548 -66869041.21428534 0.0 650525.0766953283 -60408463.88549026 0.0 315466.55180996767 -52014362.731599316 0.0 -2046514.1512741272 1371825552.7568257 0.0 2659023.730490327 -1374751336.5182683 0.0 956291.7726420667 -75101169.96961623 0.0 1048669.5765439218 -74977900.14719175 0.0 1107313.16622104 -74720503.16770862 0.0 1121977.8740663782 -74195761.27100934 0.0 1082594.9013023025 -73128447.17092866 0.0 978310.1290155047 -71011240.71278903 0.0 800869.3973853862 -67102018.237346075 0.0 554381.5592781132 -60703279.76726216 0.0 269276.9638236735 -52319810.06829888 0.0 -2051995.6911314053 1371683519.717619 0.0 2588058.3398812125 -1374299339.5051897 0.0 846534.6667649355 -75013301.31132154 0.0 911811.3788449442 -74913446.0546535 0.0 952314.8079507696 -74689554.3504932 0.0 959463.1231341715 -74207766.6980988 0.0 923948.8080021713 -73193783.2273355 0.0 835293.4964083179 -71140286.71532209 0.0 684952.9901429266 -67299004.3382273 0.0 475060.9576879561 -60954228.69230516 0.0 231043.65550142017 -52580856.46373394 0.0 -2056545.3209593925 1371561867.4647686 0.0 713259.877442862 -944943279.6208647 0.0 768047.0525119881 -74959442.26952635 0.0 808882.2771051502 -74868747.85088949 0.0 828989.0306541701 -74645788.07826048 0.0 820957.1063611711 -74142706.88993335 0.0 775930.3525878266 -73054493.88039316 0.0 684001.1823459069 -70827751.91421078 0.0 538473.7077833718 -66671841.450517856 0.0 345292.5255032678 -59897226.68553754 0.0 134155.13226281726 -51301944.78295064 0.0 0.0 1845636158.3312912 0.0 -1355820.5395611254 -1373688902.8934076 0.0 669224.7991287315 -74909190.47059041 0.0 701289.5447680604 -74841569.92014076 0.0 719399.4345157745 -74663743.5007514 0.0 717668.3583350384 -74243557.52055345 0.0 688827.2512641799 -73309942.21637344 0.0 623933.9169830633 -71356226.16612902 0.0 514758.7559807875 -67623071.5874875 0.0 360704.16571870964 -61362099.53776951 0.0 179126.36015116566 -52995794.76165667 0.0 2106845.1694805813 1371410335.57943 0.0 -1407519.3161332745 -1373359329.3450294 0.0 599116.0963901773 -74878319.63527519 0.0 620859.4242139627 -74820665.32414666 0.0 631613.6900156287 -74657706.84310614 0.0 626591.0315011933 -74258334.74351755 0.0 599522.4447677454 -73353235.68424807 0.0 542386.8358769264 -71436786.45486069 0.0 447511.16610803205 -67746406.24769303 0.0 313755.0860166132 -61521832.582419574 0.0 155826.07659009338 -53164498.11153545 0.0 2103919.4059639336 1371325833.5119398 0.0 -1455300.822823857 -1373063762.6421492 0.0 536588.2872967416 -74856921.9530108 0.0 551107.5139147389 -74807298.45940226 0.0 556732.7374129166 -74656209.31062296 0.0 549585.7729634836 -74273684.162737 0.0 524290.4614098369 -73392192.53882074 0.0 473712.69875073904 -71507289.72115745 0.0 390797.7476407711 -67853764.23610333 0.0 274091.3623085494 -61660971.1437558 0.0 136132.15192408604 -53311617.70257134 0.0 2101455.5074523003 1371252192.123427 0.0 -1499317.8671717828 -1372798714.501853 0.0 480527.0269266858 -74842123.29331435 0.0 490024.3996643345 -74799177.57776172 0.0 492154.02370239777 -74657763.92983182 0.0 483770.7774734641 -74289073.97058538 0.0 460271.2186164182 -73427321.4354812 0.0 415342.2570517011 -71569299.81917506 0.0 342560.78894512355 -67947662.50689217 0.0 240316.42591870614 -61782683.141983494 0.0 119359.47821389628 -53440417.85041553 0.0 2099364.7739483286 1371187758.9865227 0.0 -1539720.7331633812 -1372561155.1569521 0.0 430112.41416001844 -74831918.73629095 0.0 436142.74730930186 -74794656.62485266 0.0 435954.97383214545 -74661275.64970921 0.0 426985.9515765858 -74304100.50029711 0.0 405290.5846241858 -73459008.55025174 0.0 365296.70686230296 -71624036.72761454 0.0 301197.568772331 -68030100.78062338 0.0 211332.88930113646 -61889520.5343859 0.0 104966.76678234141 -53553547.84778109 0.0 2097576.9885386294 1371131192.1221404 0.0 -1576682.756355716 -1372348398.9492726 0.0 384701.4768108579 -74824912.34819488 0.0 388355.988545254 -74792566.52994771 0.0 386687.6189139133 -74665956.66805199 0.0 377592.782948524 -74318478.83767118 0.0 357682.88937882095 -73487568.53653944 0.0 322045.52216069633 -71672473.55494612 0.0 265457.59439605736 -68102688.39542456 0.0 186278.53947261977 -61983557.93606277 0.0 92527.05161388766 -53653173.448667206 0.0 2096036.7687736293 1371081394.895961 0.0 -1610403.376824756 -1372158039.6971457 0.0 343758.94080945494 -74820132.18123673 0.0 345800.34154846676 -74792084.83963636 0.0 343237.67474930896 -74671252.31913763 0.0 334330.6335727935 -74332023.35573469 0.0 316159.927384649 -73513272.86893296 0.0 284396.86665703787 -71715402.47157188 0.0 234360.4736286797 -68166737.33300334 0.0 164473.68279254215 -62066498.3285817 0.0 81702.840850071 -53741079.60103885 0.0 2094700.4072039982 1371037464.4851098 0.0 -1641102.3094063373 -1371987911.5240543 0.0 306820.31791839516 -74816901.22708754 0.0 307779.9597332423 -74792637.52683336 0.0 304728.3266048333 -74676780.41501331 0.0 296213.86010014534 -74344625.7652251 0.0 279713.7431516047 -73536364.63019343 0.0 251414.1903570119 -71753480.41965796 0.0 207131.82705933362 -68223330.49825796 0.0 145379.17669093635 -62139753.233182214 0.0 72225.9917911321 -53818749.91026075 0.0 2093533.2846403003 1370998651.6180184 0.0 -1669011.2366732615 -1371836062.7579846 0.0 273471.9041179768 -74814747.5039293 0.0 273718.8665811172 -74793826.99538918 0.0 270454.41462603165 -74682283.9270608 0.0 262458.46020317095 -74356235.17437994 0.0 247544.61829701075 -73557065.7118243 0.0 222353.09923412636 -71787260.71597393 0.0 183154.0194042748 -68273371.89262567 0.0 128563.66451774543 -62204503.39514223 0.0 63881.781763645995 -53887427.72471939 0.0 2092507.7915282196 1370964329.414638 0.0 -1694365.9175510174 -1371700736.5138428 0.0 243339.68390888124 -74813341.52224433 0.0 243129.56505245884 -74795380.0925596 0.0 239837.14702801828 -74687595.19772573 0.0 232429.86987664952 -74366841.4871005 0.0 219008.56860512428 -73575580.19091393 0.0 196614.29729272865 -71817215.09582563 0.0 161928.79581443945 -68317623.63344291 0.0 113678.41281139878 -62261744.74372132 0.0 56496.57486905496 -53948162.99996701 0.0 2091601.7077226944 1370933969.3814702 0.0 -1717399.8026532326 -1371580354.7355173 0.0 216082.87140629205 -74812452.8608179 0.0 215592.08458171238 -74797110.94051428 0.0 212392.63559319582 -74692609.44120333 0.0 205605.7147567522 -74376462.3058214 0.0 193579.0995862778 -73592095.83078663 0.0 173708.69446259967 -71843749.39099972 0.0 143049.17964546886 -68356733.481528 0.0 100438.18682364398 -62312323.3232583 0.0 49928.38642902721 -54001848.29291881 0.0 2090796.957606005 1370907122.9275753 0.0 -1738339.3863497465 -1371473504.1389935 0.0 191389.80277233335 -74811920.04441011 0.0 190739.60733734575 -74798894.5486497 0.0 187709.7435287729 -74697265.42446376 0.0 181549.06789519897 -74385132.98078553 0.0 170819.2933885257 -73606784.76593271 0.0 153231.57262548042 -71867214.93013956 0.0 126178.4183809683 -68391255.52409287 0.0 88606.7962116376 -62356962.0026988 0.0 44059.71372517992 -54049246.51304012 0.0 2090078.6617217388 1370883407.0983784 0.0 -1757401.1476596326 -1371378923.359945 0.0 168974.97380146538 -74811629.65727949 0.0 168248.27838446625 -74800648.17562072 0.0 165434.2271854026 -74701531.55130656 0.0 159889.07083363988 -74392899.26600718 0.0 150361.33412821032 -73619803.91007756 0.0 134843.42078588853 -71887917.03162456 0.0 111034.21344149097 -68421665.90456295 0.0 77986.18998710593 -62396281.0619671 0.0 38792.10552015496 -54091012.44560504 0.0 2089434.417760905 1370862493.5132363 0.0 -1774789.7972565638 -1371295491.0380836 0.0 148576.60789374518 -74811501.8571961 0.0 147829.7093096569 -74802318.2125443 0.0 145257.1556774229 -74705395.93566878 0.0 140306.71656894693 -74399812.0309906 0.0 131891.36892255102 -73631295.33507107 0.0 118255.64422113431 -71906121.4883391 0.0 97376.87005950515 -68448374.94280426 0.0 68408.21498787921 -62430814.206060395 0.0 34042.04648738154 -54127709.56948403 0.0 2088853.7560205404 1370844099.7316372 0.0 -1790697.4965902076 -1371222214.7330048 0.0 129954.55942804126 -74811480.35119577 0.0 129225.24763547881 -74803870.97303854 0.0 126906.2631542578 -74708859.3800459 0.0 122524.26022014029 -74405923.54020426 0.0 115138.19101188584 -73641386.71394221 0.0 103219.82007971637 -71922059.63644274 0.0 85000.33542602509 -68471736.59794144 0.0 59728.35519751909 -62461021.144483104 0.0 29737.82560516942 -54159823.30745783 0.0 2088327.7259441358 1370827982.4634452 0.0 -1805303.8952362842 -1371158220.663683 0.0 112888.1844413296 -74811525.36467624 0.0 112201.50869173242 -74805286.34410167 0.0 110139.3375395033 -74711930.44993182 0.0 106297.18991411886 -74411284.9004246 0.0 99864.66162631355 -73650191.84508654 0.0 89519.52746332639 -71935932.39941332 0.0 73725.35603860502 -68492055.94873132 0.0 51820.93601352504 -62487297.567431614 0.0 25817.135528570347 -54187771.55322617 0.0 2087848.5802747507 1370813932.186371 0.0 -1818776.5965560433 -1371102744.4636428 0.0 97174.27484301235 -74811608.67476737 0.0 96546.6534452731 -74806553.2479303 0.0 94739.02921658261 -74714622.08850284 0.0 91408.00811419889 -74415944.36590716 0.0 85861.09677099639 -73657811.24010885 0.0 76964.04625940057 -71947913.56776533 0.0 63394.187121758885 -68509595.17045215 0.0 44575.408267793755 -62509983.124785945 0.0 22225.21270739583 -54211913.09884676 0.0 2087409.5315369843 1370801768.8463292 0.0 -1831272.0280359471 -1371055122.7707374 0.0 82625.0260132502 -74811710.1925705 0.0 82066.99938523275 -74807666.4384519 0.0 80508.58352143512 -74716949.32385372 0.0 77661.28782588744 -74419946.24315386 0.0 72940.06732721628 -73664332.73881085 0.0 65383.41491257879 -71958152.48737666 0.0 53866.43954835582 -68524578.3500148 0.0 37893.427118298925 -62529367.85041309 0.0 18913.37637350011 -54232554.422194496 0.0 2087004.5618179147 1370791338.4010623 0.0 -1842936.5030417023 -1371014785.812173 0.0 69066.12313517094 -74811815.72287437 0.0 68584.1992372268 -74808624.31362875 0.0 67268.25529145636 -74718927.50177422 0.0 64879.66308193569 -74423330.16393432 0.0 60932.23068021184 -73669832.11146523 0.0 54624.48209141649 -71966776.2747327 0.0 45015.76092230267 -68537195.38542797 0.0 31686.51426471802 -62545697.35505235 0.0 15837.861534519432 -54249955.17294138 0.0 2086628.2718173743 1370782510.0301044 0.0 -1853907.4437304125 -1370981250.9177003 0.0 56334.81579481565 -74811915.22769454 0.0 55932.99077821219 -74809427.41800945 0.0 54852.476021220304 -74720571.17771381 0.0 52900.554490581184 -74426130.67303742 0.0 49682.92679024689 -73674373.64112356 0.0 44547.68982082338 -71973891.64745374 0.0 36727.135938162624 -68547605.14811337 0.0 25874.160643423784 -62559177.02753966 0.0 12958.871629603682 -54264332.60575568 0.0 2086275.7587702216 1370775173.8806977 0.0 -1864314.474344385 -1370954116.8233147 0.0 44278.62607037527 -74812001.74722485 0.0 43959.04119530818 -74810077.2948431 0.0 43107.304030179424 -74721893.40963449 0.0 41573.373997956536 -74428377.02791682 0.0 39049.3199311495 -73678010.6672057 0.0 35024.388708563965 -71979586.42876281 0.0 28894.635505534672 -68555938.0307128 0.0 20382.247437057405 -62569975.415733896 0.0 10239.795005525628 -54275865.15304039 0.0 2085942.5167824393 1370769239.2500124 0.0 -1874280.9357805026 -1370933058.5236173 0.0 32753.46774689021 -74812070.43510468 0.0 32517.011541440483 -74810576.14485626 0.0 31888.13561200043 -74722905.37663035 0.0 30757.07319050199 -74430093.13310412 0.0 28897.933387174693 -73680786.06871605 0.0 25934.541483754525 -71983930.76657796 0.0 21419.497541253648 -68562297.98144677 0.0 15141.694751528728 -62578226.91491156 0.0 7646.533864196089 -54284695.266007364 0.0 2085624.3517743868 1370764633.1345015 0.0 -1883925.2629303818 -1370917823.6918445 0.0 21621.10018127661 -74812117.77864604 0.0 21468.20756748759 -74810926.27159831 0.0 21057.502886439368 -74723616.04444562 0.0 20317.926885833356 -74431297.5068761 0.0 19102.468458984808 -73682732.65997589 0.0 17164.70926044615 -71986978.09146573 0.0 14208.450879683103 -68566764.08896878 0.0 10087.286279710805 -62584033.86032812 0.0 5146.921919045823 -54290931.624951005 0.0 2085317.3080815475 1370761299.0944207 0.0 -1893362.1355895514 -1370908229.981777 0.0 10747.812376976019 -74812141.40897657 0.0 10678.766501347227 -74811129.38685803 0.0 10483.132518161769 -74724031.85697208 0.0 10127.536331837382 -74432003.2532696 0.0 9541.841228087746 -73683873.4924718 0.0 8606.244742415665 -71988765.83559163 0.0 7172.214120837499 -68569391.76593088 0.0 5156.618409104648 -62587468.09058446 0.0 2710.2054079875124 -54294650.79308299 0.0 2085017.603476323 1370759196.3946443 0.0 -370609377.50504714 -1557690772.8211815 0.0 8531.828361130392 -74810558.95598082 0.0 1892.8548968996984 -74812919.30244112 0.0 -16172.015010079294 -74734887.63170016 0.0 -56899.06484190454 -74463244.82483804 0.0 -146901.84626632748 -73760136.20482226 0.0 -328141.2683857282 -72155662.92968263 0.0 -640627.7263146533 -68892501.86347045 0.0 -1061928.6963088906 -63121051.783505924 0.0 -1303100.6823593278 -54948349.05042925 0.0 -407707652.17871076 1173394212.9665956 0.0
    </DataArray>
    <DataArray type="Float32" Name="Electron Current Density [Am^-2]" NumberOfComponents="3" format="ascii">
-1991973413.230262 -216451585819.2315 0.0 -13210269594.168528 -208197259733.257 0.0 -15952031940.936573 -198493479257.72516 0.0 -14063485619.433851 -185879375039.7611 0.0 -11429803522.325684 -174025882311.61185 0.0 -9565632475.91854 -163412645614.31912 0.0 -8594137923.951855 -153268626856.0712 0.0 -8373420186.50044 -142479905939.58716 0.0 -8325424354.401556 -130692028007.78395 0.0 -7286924230.524047 -119644412752.64134 0.0 -3374808905.3726716 -112572932319.74097 0.0 2472693376.4195266 -154351840437.46106 0.0 -6291420680.998125 -142189473878.77246 0.0 -11257349323.629496 -141527103677.04956 0.0 -12602106529.175827 -139166311078.97824 0.0 -11936466521.535624 -135466620623.35062 0.0 -11355616226.695847 -130666515321.23418 0.0 -11584246144.2148 -124727083787.31512 0.0 -12562799527.41374 -117484507873.42815 0.0 -12895740104.111353 -109535527456.3661 0.0 -10608668766.96762 -102704132519.50964 0.0 -4094281515.4982834 -94212366258.39989 0.0 3516927112.219129 -70090823015.60187 0.0 -441890791.60842425 -61928421528.626236 0.0 -4698933395.281888 -65411928103.64474 0.0 -7987020611.475261 -69553731225.52245 0.0 -9583839912.936308 -72591803568.4652 0.0 -10977822089.472322 -73967282436.31667 0.0 -12892317619.116764 -73876683282.12001 0.0 -14973793129.813694 -72968245278.48117 0.0 -15370708696.697405 -72240837050.29109 0.0 -12150057763.241762 -72169985709.22665 0.0 -3744552408.497815 -66164168547.77115 0.0 1573084080.967031 -28496695640.60349 0.0 887493029.9128433 -25046503520.173206 0.0 -1053949783.5242162 -26137073161.511856 0.0 -3746020201.974098 -28512110081.543976 0.0 -6025753963.767257 -31219494909.50598 0.0 -8255010558.758025 -33734267637.830315 0.0 -10593850076.29462 -36213562913.13998 0.0 -12392597697.78648 -39084162945.26527 0.0 -12371884945.162111 -42451571866.94595 0.0 -9472196878.42212 -45588460232.71535 0.0 -2519686297.126373 -42334089527.250374 0.0 516722251.79774463 -12972152972.252794 0.0 383926825.6878349 -11645957523.422054 0.0 -480155865.77812195 -11787861882.950508 0.0 -2259604969.3818727 -12727376622.653608 0.0 -4233378583.540113 -14315492699.91371 0.0 -6156356010.069004 -16331074471.746992 0.0 -7839234380.345107 -18867610858.8407 0.0 -8798991171.46488 -21996418194.47586 0.0 -8450845240.098012 -25409126315.271492 0.0 -6276136158.626967 -28392496862.298317 0.0 -1514372120.7615812 -26673517348.613144 0.0 170423191.7775483 -6923875379.177849 0.0 46219782.11736012 -6381936721.001512 0.0 -399598943.1675495 -6429505476.413898 0.0 -1507620967.0418272 -6951763889.002207 0.0 -2977508337.593914 -8076771840.0366745 0.0 -4426848357.87027 -9683165791.096354 0.0 -5534369377.230053 -11679869989.895851 0.0 -6000316025.856015 -13968132466.14253 0.0 -5573929345.089409 -16306722914.605 0.0 -4007484777.235895 -18291500562.302227 0.0 -911690414.7780739 -17272351894.249474 0.0 61661011.040699385 -4176945938.5638056 0.0 -52618752.88278247 -3935058783.2441187 0.0 -283688900.80668193 -3989234791.048868 0.0 -907078616.3613257 -4319573339.594899 0.0 -1868348905.4795146 -5107229049.655834 0.0 -2918582191.8115788 -6330922427.85877 0.0 -3740576737.3633018 -7845969768.1445265 0.0 -4071096682.2908077 -9473610607.016685 0.0 -3747764718.272017 -11016273901.128752 0.0 -2643133115.8209586 -12244606085.55659 0.0 -591082920.878866 -11543823830.775768 0.0 24869846.803450465 -2728339842.1809106 0.0 -65714279.97316509 -2606533506.94782 0.0 -182380292.40457225 -2654066529.2150846 0.0 -504785003.83684254 -2849775333.030223 0.0 -1061913730.729355 -3337435835.5471706 0.0 -1758818496.9983985 -4167520333.736983 0.0 -2381282838.339392 -5255707578.019399 0.0 -2697956968.272023 -6430340993.374802 0.0 -2549315377.9430346 -7503213084.5406685 0.0 -1822038786.7059593 -8304216182.003248 0.0 -410930478.89202857 -7789984787.748581 0.0 11676930.402702585 -1866590528.4610877 0.0 -55550761.2753683 -1795655815.6751306 0.0 -114086659.01394336 -1829928515.6062465 0.0 -273047206.485889 -1938259499.1484492 0.0 -567234224.9814888 -2208841774.673897 0.0 -982465700.9899853 -2706826544.211827 0.0 -1417059725.5788956 -3416511312.4603143 0.0 -1710140816.3761876 -4229261812.431515 0.0 -1710205049.0773685 -4990111423.508652 0.0 -1278697252.1779454 -5553237726.714068 0.0 -290968513.03094894 -5183693906.1509 0.0 6750396.079127369 -1302470013.3158543 0.0 -42598455.17665653 -1254478574.5240643 0.0 -72585990.27919824 -1276139768.1270576 0.0 -149920039.5881531 -1333170608.607666 0.0 -296599069.16410273 -1472161207.4489715 0.0 -522717568.4893164 -1742122831.8224723 0.0 -796596718.6613692 -2159980661.3090467 0.0 -1032905883.3404878 -2680305421.842074 0.0 -1113559589.6267734 -3203228648.9428606 0.0 -887119833.6496627 -3611440740.3220906 0.0 -201826895.1496039 -3359049661.3428607 0.0 4742900.241956688 -902813183.4145372 0.0 -33135532.160475075 -865905482.5913678 0.0 -49480718.91739277 -877537349.4224005 0.0 -87479049.19277425 -905989721.5054299 0.0 -158798765.42244196 -973948528.2763793 0.0 -274872757.93365735 -1110210854.065254 0.0 -433240940.57172316 -1336517922.4931045 0.0 -600212529.9412099 -1645191138.2286267 0.0 -700546177.4932638 -1987379355.2205868 0.0 -599086911.8308103 -2278614014.221257 0.0 -135542980.4421987 -2113741567.0003507 0.0 3578859.383856967 -600486937.554155 0.0 -28140531.27143969 -570244903.3369745 0.0 -37605403.00099421 -575441125.6498786 0.0 -55831729.427503586 -589934877.152829 0.0 -90170368.70023088 -623665078.7313443 0.0 -147978132.8591916 -691123564.7623017 0.0 -233514751.8290806 -809328041.2528121 0.0 -339333328.4799462 -984998199.2284768 0.0 -426863993.98702693 -1199388528.4737499 0.0 -393857844.93944263 -1398226835.233544 0.0 -88490654.53906612 -1293248145.298979 0.0 2252945.716205923 -363632594.3398961 0.0 -26784188.154714994 -339267881.8614458 0.0 -29643774.244302463 -345173237.4047491 0.0 -37072383.25416744 -356640096.77915704 0.0 -54044102.197190784 -376843673.3977717 0.0 -82309673.57088988 -412690854.24555874 0.0 -123017273.86978367 -477987568.6347659 0.0 -186341503.9502689 -576973697.0240585 0.0 -253363127.5352579 -705599139.8018737 0.0 -253218392.01270545 -835702562.1215014 0.0 -56086708.637520194 -771011000.2195357 0.0 1358981.108934391 -172477248.2767404 0.0 -10978349.792237924 -169257469.16316885 0.0 -12997701.098911116 -180053754.5185095 0.0 -16394161.007985005 -192958517.52525276 0.0 -25175819.15190334 -212411639.49285537 0.0 -38910866.091694795 -243518846.9700156 0.0 -63598824.42544937 -280143851.9656398 0.0 -102399365.03190567 -333091142.87925524 0.0 -149874315.00823438 -406283185.67507654 0.0 -157252662.1952943 -490653037.7605085 0.0 -33905948.466444924 -452781969.843122 0.0 826086.0138044463 -105139908.08807242 0.0 -3635272.1078167832 -103683646.376448 0.0 -4283044.953768715 -108736343.04819252 0.0 -3993648.2676657285 -114429793.35969852 0.0 -4447227.4328360325 -121379998.2541138 0.0 -12066194.391354766 -131588191.41937284 0.0 -25678417.415759083 -152139454.57357633 0.0 -49308661.01146787 -187776112.42457306 0.0 -83641839.95842105 -241884394.85555875 0.0 -102128260.23726839 -292855483.45187736 0.0 -22725715.936353955 -265255778.67315158 0.0 558009.6670875197 -77719451.47306052 0.0 -774961.843353552 -76532542.75316353 0.0 -1082669.540660749 -78406129.80399348 0.0 -1109476.935800786 -80579000.58607928 0.0 -1238830.1775944007 -82900362.36866021 0.0 -2761678.434725831 -86332912.6545408 0.0 -6751582.227381009 -92821232.47375612 0.0 -16047604.359851703 -105080149.84038682 0.0 -40080483.63522529 -128673373.09243469 0.0 -62145398.31272947 -164164259.16823807 0.0 -12751913.174761673 -150722702.94930917 0.0 377497.35592179163 -65046545.7044014 0.0 125003.12157275784 -64049841.97229997 0.0 142475.90721286836 -64588332.743308455 0.0 65139.41128333908 -65340962.33161992 0.0 -113901.15669101235 -66202292.12835336 0.0 -769295.6892103382 -67363411.52369156 0.0 -2532406.0401141397 -69460947.6599641 0.0 -7090437.720871492 -73886224.67422321 0.0 -19305252.094646454 -84191748.14716426 0.0 -37566986.487390965 -102732927.48599355 0.0 -7304252.902422987 -94281218.09010965 0.0 257628.91207397738 -58107200.83855095 0.0 294223.62432645436 -57310634.92985877 0.0 482197.4440362005 -57355007.50687906 0.0 504976.1300305371 -57513343.1006283 0.0 396783.0762429181 -57774838.87147601 0.0 48209.035966734074 -58178802.23248382 0.0 -808340.78285856 -58931679.99339034 0.0 -3099256.2757744472 -60623314.644627206 0.0 -10297659.219394686 -64904226.100350685 0.0 -24795579.089019593 -74324980.2506528 0.0 -4631123.630033652 -67997947.87956728 0.0 182147.48450791292 -53592879.05956833 0.0 250834.03474332535 -52980420.999322385 0.0 477270.98954410036 -52887181.545767404 0.0 571857.4602078694 -52827830.89276729 0.0 547043.6608674218 -52830557.77349633 0.0 358390.99353863485 -52914729.03285035 0.0 -117497.0513319894 -53149551.56815502 0.0 -1439514.2677797873 -53774861.45119991 0.0 -6278596.69387218 -55599393.41217236 0.0 -18162867.404451184 -60728696.831010684 0.0 -3302032.216466666 -55554836.15112515 0.0 135057.43447011118 -50299599.192778334 0.0 170205.61361138037 -49824606.76522712 0.0 373324.9311941665 -49717079.579252616 0.0 489551.1438518789 -49602377.91347786 0.0 513860.84808760666 -49513785.3367844 0.0 414376.1596652022 -49468694.106192805 0.0 120184.77435972424 -49494604.37784778 0.0 -747975.1328038826 -49695571.295172274 0.0 -4347850.826931186 -50512773.27370946 0.0 -14419968.840711745 -53655779.222349234 0.0 -2584944.7988420418 -49243240.67547543 0.0 104089.00285203908 -47706441.759152815 0.0 102963.0604800468 -47332689.558986805 0.0 264183.92255996907 -47245215.584881835 0.0 373056.2327754141 -47135937.805457406 0.0 417068.74761335406 -47032187.802900545 0.0 366229.2004892403 -46948939.58847804 0.0 169364.9744629114 -46899595.209753126 0.0 -457212.40062336024 -46934524.57963302 0.0 -3315492.0129704573 -47325977.79391551 0.0 -12035276.338178067 -49503718.05043578 0.0 -2147490.5979338046 -45662444.7345256 0.0 83407.71046039167 -45577826.66596041 0.0 53683.32332694368 -45274188.828544624 0.0 174965.78381301873 -45208480.24835777 0.0 266436.4874082033 -45120476.70644953 0.0 314007.0580720264 -45029387.58166748 0.0 288885.8498508102 -44946597.7118861 0.0 148572.8712724347 -44879414.72019414 0.0 -332945.56585074466 -44855020.89191372 0.0 -2690543.573873735 -45060159.57388607 0.0 -10327607.734445514 -46721885.22244253 0.0 -1844291.1174029293 -43343093.46444896 0.0 69348.1219383553 -43772181.51116302 0.0 20074.873262748133 -43520176.064103775 0.0 109090.62943412119 -43473694.173208356 0.0 182029.73362959927 -43408279.03779084 0.0 225964.9078014693 -43337026.42153255 0.0 214064.12746511406 -43268087.90265942 0.0 108815.21181614873 -43205607.12872104 0.0 -276569.00241308677 -43165628.98308647 0.0 -2264360.4156717374 -43286129.33420967 0.0 -8993883.086197952 -44636390.5478373 0.0 -1611617.1758172084 -41648614.026682265 0.0 58894.91909556093 -42214196.275954984 0.0 -1242.4096146120335 -42001911.14331515 0.0 63347.86781039584 -41970227.06395548 0.0 119978.37461563104 -41923819.70723212 0.0 157772.53648012938 -41871435.99348633 0.0 152440.17136339837 -41818676.1023893 0.0 70238.10334466145 -41767839.776955396 0.0 -246476.03983753858 -41729046.434957795 0.0 -1944633.418865564 -41809166.47564079 0.0 -7893877.018734803 -42947484.25853434 0.0 -1420721.336992938 -40298365.317058735 0.0 50774.04062734815 -40857566.991472416 0.0 -13200.29157127884 -40677331.96266835 0.0 33271.471411681676 -40656425.27445396 0.0 76486.4608269408 -40624465.494153656 0.0 107747.15842581097 -40587329.380378306 0.0 105484.01569494752 -40548783.73646988 0.0 39257.77824279664 -40509995.531086504 0.0 -225655.00116065392 -40477635.16478442 0.0 -1688578.166597244 -40536943.44794178 0.0 -6957921.733354562 -41516471.186777934 0.0 -1257940.5483638542 -39164482.377055936 0.0 106003.23434844868 -39581658.75785256 0.0 141401.08882320183 -39573246.60513685 0.0 175054.9073112669 -39557355.25406634 0.0 209028.00541365283 -39532195.30199663 0.0 234092.84211225697 -39500804.94120653 0.0 226591.75666897124 -39467673.15513619 0.0 154687.77789341038 -39439071.31824533 0.0 -129024.89547778806 -39428387.305271514 0.0 -1703380.6207381345 -39507196.383429155 0.0 -6645673.0718203215 -40012361.92178926 0.0 0.0 -40417685.35001854 0.0 33957.17302876861 -38467109.75395499 0.0 -38274.28306889784 -38599766.43388303 0.0 -13567.811211779717 -38587285.88673733 0.0 11966.837170722587 -38566522.46355817 0.0 33270.52767980846 -38538542.71550371 0.0 34166.57855799547 -38508911.444813825 0.0 -9738.648874091241 -38488752.77129099 0.0 -196517.76877264443 -38498634.74205709 0.0 -1276063.5991560502 -38604851.507037915 0.0 -5398120.085456713 -38693162.93338964 0.0 -1116887.1150697793 -41544579.21508611 0.0 30023.66759340363 -37574166.20779258 0.0 -37580.44890373976 -37691198.58794872 0.0 -19619.451416426797 -37682412.77474908 0.0 -74.0961775233348 -37667468.330981106 0.0 17145.896914096866 -37646814.557371244 0.0 18033.83189796765 -37624674.62383291 0.0 -19126.75601347038 -37610233.17187412 0.0 -179585.21316977343 -37621081.10165753 0.0 -1121474.8162985125 -37714834.08675597 0.0 -4779775.144688139 -37789756.546016 0.0 -992114.450431056 -40318723.60131506 0.0 26600.035535113522 -36786549.0326992 0.0 -35739.55026922897 -36889865.78136699 0.0 -22600.61020619173 -36883650.18411411 0.0 -7547.344268492233 -36872847.385249026 0.0 6407.7947147709665 -36857528.30889243 0.0 7153.281552384295 -36840933.86640434 0.0 -24586.041166238472 -36830705.508855745 0.0 -163120.5985087606 -36841967.80872332 0.0 -986999.4737149203 -36925015.86393689 0.0 -4235067.098926078 -36989600.54892618 0.0 -881713.6851858537 -39234467.11126172 0.0 23595.399961321622 -36091411.18035505 0.0 -33278.79389701803 -36182650.070721336 0.0 -23584.08336432163 -36178211.569260456 0.0 -11892.41769045591 -36170338.751687296 0.0 -526.8834955321689 -36158883.67931977 0.0 41.67833914722347 -36146364.35325196 0.0 -27254.80323628583 -36139183.52018608 0.0 -147331.87015395364 -36150400.367591076 0.0 -869442.5333460671 -36224068.79089064 0.0 -3753957.745384835 -36280433.42546551 0.0 -783731.1840156226 -38274111.18649528 0.0 20943.375417134273 -35477654.396983854 0.0 -30544.09202027571 -35558241.35400746 0.0 -23316.11133831507 -35555032.57406542 0.0 -14144.383149288598 -35549231.33787356 0.0 -4826.737694618605 -35540572.374467604 0.0 -4422.691231991002 -35531038.407009 0.0 -28020.682475814046 -35526031.30330185 0.0 -132425.07289848482 -35536867.87492298 0.0 -766344.4901901997 -35602242.950964324 0.0 -3328161.7778622173 -35651967.91813494 0.0 -696609.8678824407 -37423067.593542725 0.0 18593.004097846795 -34935625.094801314 0.0 -27752.4814241628 -35006808.1048418 0.0 -22301.02259650082 -35004454.42169319 0.0 -15027.87043157976 -35000122.968603045 0.0 -7332.154575052365 -34993493.64749739 0.0 -7062.83186563353 -34986149.01490575 0.0 -27542.97663397968 -34982676.4581367 0.0 -118544.4550174538 -34992914.49048129 0.0 -675713.8062473563 -35050932.72965359 0.0 -2950667.814914126 -35095262.38306369 0.0 -619045.5701782485 -36668826.4225041 0.0 16503.51808579632 -34456901.522724286 0.0 -25034.087369582398 -34519774.24847349 0.0 -20871.85104815667 -34518019.644922316 0.0 -15040.204303468325 -34514737.87561432 0.0 -8635.465323687942 -34509591.3740862 0.0 -8468.414112538163 -34503859.899970494 0.0 -26293.603344398278 -34501462.61576119 0.0 -105763.27632661661 -34510977.570169635 0.0 -595884.438525602 -34562467.15318338 0.0 -2615452.2546568033 -34602418.8799179 0.0 -549914.3318890599 -36000445.87747429 0.0 14641.224125286974 -34034130.09494341 0.0 -22461.92445023856 -34089650.54627752 0.0 -19243.965047329708 -34088319.762368225 0.0 -14517.481931072974 -34085794.45822149 0.0 -9147.973334796732 -34081741.21901243 0.0 -9054.34166067346 -34077207.534303784 0.0 -24600.286630775798 -34075559.68340726 0.0 -94094.51442728941 -34084296.04974299 0.0 -525435.069589152 -34129996.78922396 0.0 -2317291.3797910647 -34166424.28517186 0.0 -488232.1530253378 -35408274.710164 0.0 12977.593571550387 -33660890.89291727 0.0 -20072.26975338162 -33709897.29706515 0.0 -17553.322201885287 -33708869.91387929 0.0 -13683.702026719864 -33706895.87450466 0.0 -9151.947933636611 -33703657.84126244 0.0 -9108.453454338016 -33700022.54806208 0.0 -22684.36240769799 -33698894.97307633 0.0 -83506.89105374993 -33706844.75378849 0.0 -463139.5507702681 -33747418.85887843 0.0 -2051627.3762440893 -33781051.8452671 0.0 -433130.26121957036 -34883778.81333646 0.0 11488.047469051939 -33331582.844621327 0.0 -17878.31851047647 -33374807.593790688 0.0 -15882.976798140726 -33374000.43541294 0.0 -12685.94555326797 -33372433.37771423 0.0 -8839.09824854878 -33369811.18893408 0.0 -8828.031543920417 -33366857.870430082 0.0 -20691.051114756574 -33366090.38197666 0.0 -73940.07979027301 -33373276.256149504 0.0 -407933.5250973103 -33409315.54796485 0.0 -1814466.2107921233 -33440786.954331208 0.0 -383838.1376774562 -34419414.75737362 0.0 10151.148006794589 -33041323.91492818 0.0 -15879.2049412268 -33079405.960225835 0.0 -14281.154839544215 -33078761.18440519 0.0 -11619.029053416107 -33077499.000434812 0.0 -8338.247314261898 -33075348.78079474 0.0 -8346.705126191146 -33072920.18955344 0.0 -18712.343728243046 -33072401.287594263 0.0 -65316.89029314372 -33078864.290513687 0.0 -358889.7180698032 -33110896.264294572 0.0 -1602295.8115821742 -33140762.437012807 0.0 -339670.62266016577 -34008525.469984114 0.0 8948.03150418927 -32785863.817024987 0.0 -14065.878276995081 -32819359.67965119 0.0 -12773.447061213357 -32818836.726946242 0.0 -10542.550818104246 -32817806.573876355 0.0 -7734.891144535199 -32816023.63228972 0.0 -7753.810331713411 -32814004.698060386 0.0 -16803.686764085018 -32813657.01688541 0.0 -57552.13572373987 -32819447.94535213 0.0 -315198.20766191324 -32847941.533238318 0.0 -1412018.227341735 -32876698.29234977 0.0 -300017.3368909585 -33645247.99980499 0.0 7861.988160980555 -32561507.696240366 0.0 -12424.870294128741 -32590901.20064837 0.0 -11370.962168899594 -32590471.351236816 0.0 -9492.569329814285 -32589620.77191753 0.0 -7084.865028274445 -32588128.190004967 0.0 -7108.106122895997 -32586433.971140474 0.0 -14995.853683799414 -32586203.962652307 0.0 -50558.64587315659 -32591377.613668017 0.0 -276149.8857964883 -32616748.839404512 0.0 -1240892.127373566 -32644844.84519921 0.0 -264333.5739795847 -33324429.747743875 0.0 6878.134400946602 -32365049.63501918 0.0 -10940.661322064705 -32390760.455649726 0.0 -10075.732285976326 -32390403.14518342 0.0 -8489.547895174475 -32389693.958312515 0.0 -6423.81742123639 -32388434.608167846 0.0 -6447.389104183679 -32387001.773240466 0.0 -13303.244042279775 -32386852.45387118 0.0 -44251.08013844368 -32391463.91266836 0.0 -241122.2292202352 -32414081.390659384 0.0 -1086483.3984897833 -32441929.614997286 0.0 -232132.25589063374 -33041552.115136255 0.0 5983.160071203201 -32193714.966633555 0.0 -9597.117517891034 -32216106.116691343 0.0 -8884.269091454647 -32215806.430273682 0.0 -7543.729614123605 -32215210.511420894 0.0 -5773.741723055644 -32214141.4631823 0.0 -5795.183403713009 -32212922.270626865 0.0 -11729.605077717404 -32212828.14943073 0.0 -38548.15112862237 -32216930.509354096 0.0 -209566.91025404393 -32237120.687723584 0.0 -946622.3267999789 -32265108.46845996 0.0 -202976.74188943743 -32792661.36003619 0.0 5165.082069359818 -32045110.50106949 0.0 -8378.33229301232 -32064494.742310867 0.0 -7789.873172168813 -32064241.756033063 0.0 -6658.753210012995 -32063738.15358954 0.0 -5147.459744640768 -32062826.7586762 0.0 -5165.367824024095 -32061784.801906116 0.0 -10271.926024593291 -32061728.350249805 0.0 -33373.74947895717 -32065371.408552714 0.0 -180998.95614534346 -32083423.473712295 0.0 -819366.2544725328 -32111921.477540135 0.0 -176474.369228906 -32574306.590826426 0.0 4413.066033588282 -31917181.927471858 0.0 -7269.088975763573 -31933827.318281956 0.0 -6784.065270710618 -31933612.92461731 0.0 -5834.059366028758 -31933185.82255778 0.0 -4551.680358802281 -31932406.94318594 0.0 -4565.35440941143 -31931514.134387307 0.0 -8923.04951594143 -31931483.337607026 0.0 -28657.334302225474 -31934712.940017965 0.0 -154987.24201080206 -31950883.33340191 0.0 -702966.8353439929 -31980253.67626579 0.0 -152270.63804195134 -32383484.734394327 0.0 3717.2449067474563 -31808177.496501002 0.0 -6255.126387514178 -31822312.086182784 0.0 -5857.584182695798 -31822130.118096735 0.0 -5066.503664471082 -31821767.432321332 0.0 -3989.0745979982144 -31821101.521884102 0.0 -3998.2544717701785 -31820335.97094261 0.0 -7673.390507053519 -31820322.643462688 0.0 -24333.85077185924 -31823180.44838137 0.0 -131146.1397524899 -31837696.97459492 0.0 -595841.1675741746 -31868300.704605993 0.0 -130043.96791717419 -32217592.182192467 0.0 3068.5708484814786 -31716617.380029954 0.0 -5323.189009401742 -31728433.195560366 0.0 -5000.949550227433 -31728278.93960378 0.0 -4351.3532531930605 -31727971.32367276 0.0 -3459.647079704745 -31727403.008736957 0.0 -3464.3383615922044 -31726747.466639567 0.0 -6512.045327894246 -31726746.058053747 0.0 -20343.3634689871 -31729269.537161045 0.0 -109128.17062486068 -31742335.054712486 0.0 -496546.193950101 -31774539.172758862 0.0 -109500.96052621216 -32074382.7057989 0.0 2458.6703185974725 -31641268.051516265 0.0 -4460.985466733578 -31650924.404618904 0.0 -4204.744552217285 -31650794.241759755 0.0 -3683.0126093812296 -31650534.4085566 0.0 -2961.7298299483973 -31650051.476967033 0.0 -2962.071419709532 -31649492.206674777 0.0 -5427.522671071121 -31649498.961739663 0.0 -16630.547302139308 -31651721.5444206 0.0 -88617.52424771461 -31663517.274122644 0.0 -403755.8410896869 -31697701.470026355 0.0 -90372.1071046202 -31951931.159344934 0.0 1879.7964560562189 -31581121.03118684 0.0 -3657.05030943081 -31588747.456577476 0.0 -3459.8010165964574 -31588638.56080829 0.0 -3055.4731880499467 -31588420.700733893 0.0 -2492.645435266198 -31588013.3256091 0.0 -2488.8151682776715 -31587539.268094335 0.0 -4408.192782625483 -31587551.640074965 0.0 -13144.090084551459 -31589502.94696315 0.0 -69324.29213560499 -31600191.44365014 0.0 -316240.41894232226 -31636754.717852835 0.0 -72407.8775847823 -31848602.47454164 0.0 1324.6259926834553 -31535375.461395565 0.0 -2900.6728721507125 -31541073.79864751 0.0 -2757.3918568142726 -31540983.973548643 0.0 -2462.6444477487084 -31540803.485998973 0.0 -2049.1574662188923 -31540463.769083016 0.0 -2041.2879900719702 -31540066.001708865 0.0 -3442.529479709611 -31540082.285355605 0.0 -9836.037087301258 -31541788.42969103 0.0 -50979.27576849592 -31551516.273235712 0.0 -232847.85319606544 -31590883.605869364 0.0 -55375.127212788044 -31763025.502237815 0.0 786.1235962464503 -31503424.819756635 0.0 -2181.880977803222 -31507270.783693083 0.0 -2089.0845314386966 -31507198.296735637 0.0 -1898.3684415829684 -31507051.56776195 0.0 -1627.652968926977 -31506773.187080648 0.0 -1615.8013092824299 -31506444.51323604 0.0 -2519.1840383844315 -31506463.581709933 0.0 -6661.095841931803 -31507947.46982492 0.0 -33329.24967759469 -31516847.690552436 0.0 -152486.38089855007 -31559476.887842808 0.0 -39053.76382194225 -31694071.30958177 0.0 257.5100829453654 -31484846.98483422 0.0 -1491.2802135335912 -31486891.528041963 0.0 -1446.7117393190667 -31486834.98696862 0.0 -1356.499016593989 -31486719.108104352 0.0 -1224.3176790885634 -31486496.955551375 0.0 -1208.4487501482172 -31486231.52804269 0.0 -1627.0122079624962 -31486252.599352807 0.0 -3575.966080711459 -31487534.186772123 0.0 -16132.60658595215 -31495728.44917902 0.0 -74108.39463436347 -31542117.301812652 0.0 -23233.62948576437 -31640835.56321158 0.0 -5.9900404974053005 -31478861.41837976 0.0 -1322.4376686188255 -31479515.635868333 0.0 -1305.5500483647163 -31479471.06322709 0.0 -1274.3552448698322 -31479377.219977297 0.0 -1219.9314066815055 -31479197.08844019 0.0 -1186.489701886741 -31478978.299440715 0.0 -1287.9797242058753 -31478992.06051103 0.0 -1849.7970727941329 -31480090.35607166 0.0 -5349.626216272361 -31487483.746197797 0.0 -21627.339913603984 -31532564.650116418 0.0 -13495.212909838645 -31600696.7681135 0.0
    </DataArray>
    <DataArray type="Float32" Name="Hole Current Density [Am^-2]" NumberOfComponents="3" format="ascii">
1e-30 -1e-30 0.0 1e-30 -1e-30 0.0 1e-30 -1e-30 0.0 1e-30 -1e-30 0.0 1e-30 -1e-30 0.0 1e-30 -1e-30 0.0 -1e-30 -1e-30 0.0 -1e-30 -1e-30 0.0 1e-30 -1e-30 0.0 1e-30 -1e-30 0.0 -1e-30 -1e-30 0.0 1e-30 -1e-30 0.0 1e-30 -1e-30 0.0 1e-30 -1e-30 0.0 1e-30 -1e-30 0.0 1e-30 -1e-30 0.0 1e-30 -1e-30 0.0 1e-30 -1e-30 0.0 -1e-30 -1e-30 0.0 -1e-30 -1e-30 0.0 -1e-30 -1e-30 0.0 -1e-30 -1e-30 0.0 1e-30 -1e-30 0.0 1e-30 -1e-30 0.0 1e-30 -1e-30 0.0 1e-30 -1e-30 0.0 1e-30 -1e-30 0.0 1e-30 -1e-30 0.0 -1e-30 -1e-30 0.0 -1e-30 -1e-30 0.0 -1e-30 -1e-30 0.0 -1e-30 -1e-30 0.0 -1e-30 -1e-30 0.0 1e-30 -1e-30 0.0 1e-30 -1e-30 0.0 1e-30 -1e-30 0.0 1e-30 -1e-30 0.0 1e-30 -1e-30 0.0 1e-30 -1e-30 0.0 -1e-30 -1e-30 0.0 -1e-30 -1e-30 0.0 -1e-30 -1e-30 0.0 -1e-30 -1e-30 0.0 -1e-30 -1e-30 0.0 1e-30 -1e-30 0.0 1e-30 -1e-30 0.0 1e-30 -1e-30 0.0 1e-30 -1e-30 0.0 -1e-30 -1e-30 0.0 -1e-30 -1e-30 0.0 -1e-30 -1e-30 0.0 -1e-30 -1e-30 0.0 -1e-30 -1e-30 0.0 -1e-30 -1e-30 0.0 -1e-30 -1e-30 0.0 1e-30 -1e-30 0.0 1e-30 -1e-30 0.0 1e-30 -1e-30 0.0 -1e-30 -1e-30 0.0 -1e-30 -1e-30 0.0 -1e-30 -1e-30 0.0 -1e-30 -1e-30 0.0 -1e-30 -1e-30 0.0 -1e-30 -1e-30 0.0 -1e-30 -1e-30 0.0 -1e-30 -1e-30 0.0 1e-30 -1e-30 0.0 1e-30 -1e-30 0.0 1e-30 -1e-30 0.0 -1e-30 -1e-30 0.0 -1e-30 -1e-30 0.0 -1e-30 -1e-30 0.0 -1e-30 -1e-30 0.0 -1e-30 -1e-30 0.0 -1e-30 -1e-30 0.0 -1e-30 -1e-30 0.0 -1e-30 -1e-30 0.0 1e-30 -1e-30 0.0 1e-30 -1e-30 0.0 -1e-30 -1e-30 0.0 -1e-30 -1e-30 0.0 -1e-30 -1e-30 0.0 -1e-30 -1e-30 0.0 -1e-30 -1e-30 0.0 -1e-30 -1e-30 0.0 -1e-30 -1e-30 0.0 -1e-30 -1e-30 0.0 -1e-30 -1e-30 0.0 1e-30 -1e-30 0.0 -1e-30 -1e-30 0.0 -1e-30 -1e-30 0.0 -1e-30 -1e-30 0.0 -1e-30 -1e-30 0.0 -1e-30 -1e-30 0.0 -1e-30 -1e-30 0.0 -1e-30 -1e-30 0.0 -1e-30 -1e-30 0.0 -1e-30 -1e-30 0.0 -1e-30 -1e-30 0.0 -1e-30 -1e-30 0.0 -1e-30 -1e-30 0.0 -1e-30 -1e-30 0.0 -1e-30 -1e-30 0.0 -1e-30 -1e-30 0.0 -1e-30 -1e-30 0.0 -1e-30 -1e-30 0.0 -1e-30 -1e-30 0.0 -1e-30 -1e-30 0.0 -1e-30 -1e-30 0.0 -1e-30 -1e-30 0.0 -1e-30 -1e-30 0.0 -1e-30 -1e-30 0.0 -1e-30 -1e-30 0.0 -1e-30 -1e-30 0.0 -1e-30 -1e-30 0.0 -1e-30 -1e-30 0.0 -1e-30 -1e-30 0.0 -1e-30 -1e-30 0.0 -1e-30 -1e-30 0.0 -1e-30 -1e-30 0.0 -1e-30 -1e-30 0.0 1e-30 -1e-30 0.0 -1e-30 -1e-30 0.0 -1e-30 -1e-30 0.0 -1e-30 -1e-30 0.0 -1e-30 -1e-30 0.0 -1e-30 -1e-30 0.0 -1e-30 -1e-30 0.0 -1e-30 -1e-30 0.0 -1e-30 -1e-30 0.0 -1e-30 -1e-30 0.0 -1e-30 -1e-30 0.0 1e-30 -1e-30 0.0 -1e-30 -1e-30 0.0 -1e-30 -1e-30 0.0 -1e-30 -1e-30 0.0 -1e-30 -1e-30 0.0 -1e-30 -1e-30 0.0 -1e-30 -1e-30 0.0 -1e-30 -1e-30 0.0 -1e-30 -1e-30 0.0 -1e-30 -1e-30 0.0 -1e-30 -1e-30 0.0 1e-30 -1e-30 0.0 -1e-30 -1e-30 0.0 -1e-30 -1e-30 0.0 -1e-30 -1e-30 0.0 -1e-30 -1e-30 0.0 -1e-30 -1e-30 0.0 -1e-30 -1e-30 0.0 -1e-30 -1e-30 0.0 -1e-30 -1e-30 0.0 -1e-30 -1e-30 0.0 1e-30 -1e-30 0.0 1e-30 -1e-30 0.0 1e-30 -1e-30 0.0 -1e-30 -1e-30 0.0 -1e-30 -1e-30 0.0 -1e-30 -1e-30 0.0 -1e-30 -1e-30 0.0 -1e-30 -1e-30 0.0 -1e-30 -1e-30 0.0 -1e-30 -1e-30 0.0 -1e-30 -1e-30 0.0 -1e-30 -1e-30 0.0 1e-30 -1e-30 0.0 1e-30 -1e-30 0.0 -1e-30 -1e-30 0.0 -1e-30 -1e-30 0.0 -1e-30 -1e-30 0.0 -1e-30 -1e-30 0.0 -1e-30 -1e-30 0.0 -1e-30 -1e-30 0.0 -1e-30 -1e-30 0.0 -1e-30 -1e-30 0.0 1e-30 -1e-30 0.0 1e-30 -1e-30 0.0 1e-30 -1e-30 0.0 1e-30 -1e-30 0.0 1e-30 -1e-30 0.0 1e-30 -1e-30 0.0 -1e-30 -1e-30 0.0 1e-30 -1e-30 0.0 1e-30 -1e-30 0.0 1e-30 -1e-30 0.0 1e-30 -1e-30 0.0 1e-30 -1e-30 0.0 1e-30 -1e-30 0.0 1e-30 -1e-30 0.0 1e-30 -1e-30 0.0 1e-30 -1e-30 0.0 1e-30 -1e-30 0.0 1e-30 -1e-30 0.0 1e-30 -1e-30 0.0 1e-30 -1e-30 0.0 1e-30 -1e-30 0.0 1e-30 -1e-30 0.0 1e-30 -1e-30 0.0 1e-30 -1e-30 0.0 1e-30 -1e-30 0.0 1e-30 -1e-30 0.0 1e-30 -1e-30 0.0 1e-30 -1e-30 0.0 1e-30 -1e-30 0.0 1e-30 -1e-30 0.0 1e-30 -1e-30 0.0 1e-30 -1e-30 0.0 1e-30 -1e-30 0.0 1e-30 -1e-30 0.0 1e-30 -1e-30 0.0 1e-30 -1e-30 0.0 1e-30 -1e-30 0.0 1e-30 -1e-30 0.0 1e-30 -1e-30 0.0 1e-30 -1e-30 0.0 1e-30 -1e-30 0.0 1e-30 -1e-30 0.0 1e-30 -1e-30 0.0 1e-30 -1e-30 0.0 1e-30 -1e-30 0.0 1e-30 -1e-30 0.0 1e-30 -1e-30 0.0 1e-30 -1e-30 0.0 1e-30 -1e-30 0.0 1e-30 -1e-30 0.0 1e-30 -1e-30 0.0 1e-30 -1e-30 0.0 1e-30 -1e-30 0.0 1e-30 -1e-30 0.0 1e-30 -1e-30 0.0 1e-30 -1e-30 0.0 1e-30 -1e-30 0.0 1e-30 -1e-30 0.0 1e-30 -1e-30 0.0 1e-30 -1e-30 0.0 1e-30 -1e-30 0.0 1e-30 -1e-30 0.0 1e-30 -1e-30 0.0 1e-30 -1e-30 0.0 1e-30 -1e-30 0.0 1e-30 -1e-30 0.0 1e-30 -1e-30 0.0 1e-30 -1e-30 0.0 1e-30 -1e-30 0.0 1e-30 -1e-30 0.0 1e-30 -1e-30 0.0 1e-30 -1e-30 0.0 1e-30 -1e-30 0.0 1e-30 -1e-30 0.0 1e-30 -1e-30 0.0 1e-30 -1e-30 0.0 1e-30 -1e-30 0.0 1e-30 -1e-30 0.0 1e-30 -1e-30 0.0 1e-30 -1e-30 0.0 1e-30 -1e-30 0.0 1e-30 -1e-30 0.0 1e-30 -1e-30 0.0 1e-30 -1e-30 0.0 1e-30 -1e-30 0.0 1e-30 -1e-30 0.0 1e-30 -1e-30 0.0 1e-30 -1e-30 0.0 1e-30 -1e-30 0.0 1e-30 -1e-30 0.0 1e-30 -1e-30 0.0 1e-30 -1e-30 0.0 1e-30 -1e-30 0.0 1e-30 -1e-30 0.0 1e-30 -1e-30 0.0 1e-30 -1e-30 0.0 1e-30 -1e-30 0.0 1e-30 -1e-30 0.0 1e-30 -1e-30 0.0 1e-30 -1e-30 0.0 1e-30 -1e-30 0.0 1e-30 -1e-30 0.0 1e-30 -1e-30 0.0 1e-30 -1e-30 0.0 1e-30 -1e-30 0.0 1e-30 -1e-30 0.0 1e-30 -1e-30 0.0 1e-30 -1e-30 0.0 1e-30 -1e-30 0.0 1e-30 -1e-30 0.0 0.0 -1e-30 0.0 1e-30 -1e-30 0.0 1e-30 -1e-30 0.0 1e-30 -1e-30 0.0 1e-30 -1e-30 0.0 1e-30 -1e-30 0.0 1e-30 -1e-30 0.0 1e-30 -1e-30 0.0 1e-30 -1e-30 0.0 1e-30 -1e-30 0.0 1e-30 -1e-30 0.0 1e-30 -1e-30 0.0 1e-30 -1e-30 0.0 1e-30 -1e-30 0.0 1e-30 -1e-30 0.0 1e-30 -1e-30 0.0 1e-30 -1e-30 0.0 1e-30 -1e-30 0.0 1e-30 -1e-30 0.0 1e-30 -1e-30 0.0 1e-30 -1e-30 0.0 1e-30 -1e-30 0.0 1e-30 -1e-30 0.0 1e-30 -1e-30 0.0 1e-30 -1e-30 0.0 1e-30 -1e-30 0.0 1e-30 -1e-30 0.0 1e-30 -1e-30 0.0 1e-30 -1e-30 0.0 1e-30 -1e-30 0.0 1e-30 -1e-30 0.0 1e-30 -1e-30 0.0 1e-30 -1e-30 0.0 1e-30 -1e-30 0.0 1e-30 -1e-30 0.0 1e-30 -1e-30 0.0 1e-30 -1e-30 0.0 1e-30 -1e-30 0.0 1e-30 -1e-30 0.0 1e-30 -1e-30 0.0 1e-30 -1e-30 0.0 1e-30 -1e-30 0.0 1e-30 -1e-30 0.0 1e-30 -1e-30 0.0 1e-30 -1e-30 0.0 1e-30 -1e-30 0.0 1e-30 -1e-30 0.0 1e-30 -1e-30 0.0 1e-30 -1e-30 0.0 1e-30 -1e-30 0.0 1e-30 -1e-30 0.0 1e-30 -1e-30 0.0 1e-30 -1e-30 0.0 1e-30 -1e-30 0.0 1e-30 -1e-30 0.0 1e-30 -1e-30 0.0 1e-30 -1e-30 0.0 1e-30 -1e-30 0.0 1e-30 -1e-30 0.0 1e-30 -1e-30 0.0 1e-30 -1e-30 0.0 1e-30 -1e-30 0.0 1e-30 -1e-30 0.0 1e-30 -1e-30 0.0 1e-30 -1e-30 0.0 1e-30 -1e-30 0.0 1e-30 -1e-30 0.0 1e-30 -1e-30 0.0 1e-30 -1e-30 0.0 1e-30 -1e-30 0.0 1e-30 -1e-30 0.0 1e-30 -1e-30 0.0 1e-30 -1e-30 0.0 1e-30 -1e-30 0.0 1e-30 -1e-30 0.0 1e-30 -1e-30 0.0 1e-30 -1e-30 0.0 1e-30 -1e-30 0.0 1e-30 -1e-30 0.0 1e-30 -1e-30 0.0 1e-30 -1e-30 0.0 1e-30 -1e-30 0.0 1e-30 -1e-30 0.0 1e-30 -1e-30 0.0 1e-30 -1e-30 0.0 1e-30 -1e-30 0.0 1e-30 -1e-30 0.0 1e-30 -1e-30 0.0 1e-30 -1e-30 0.0 1e-30 -1e-30 0.0 1e-30 -1e-30 0.0 1e-30 -1e-30 0.0 1e-30 -1e-30 0.0 1e-30 -1e-30 0.0 1e-30 -1e-30 0.0 1e-30 -1e-30 0.0 1e-30 -1e-30 0.0 1e-30 -1e-30 0.0 1e-30 -1e-30 0.0 1e-30 -1e-30 0.0 1e-30 -1e-30 0.0 1e-30 -1e-30 0.0 1e-30 -1e-30 0.0 1e-30 -1e-30 0.0 1e-30 -1e-30 0.0 1e-30 -1e-30 0.0 1e-30 -1e-30 0.0 1e-30 -1e-30 0.0 1e-30 -1e-30 0.0 1e-30 -1e-30 0.0 1e-30 -1e-30 0.0 1e-30 -1e-30 0.0 1e-30 -1e-30 0.0 1e-30 -1e-30 0.0 1e-30 -1e-30 0.0 1e-30 -1e-30 0.0 1e-30 -1e-30 0.0 1e-30 -1e-30 0.0 1e-30 -1e-30 0.0 1e-30 -1e-30 0.0 1e-30 -1e-30 0.0 1e-30 -1e-30 0.0 1e-30 -1e-30 0.0 1e-30 -1e-30 0.0 1e-30 -1e-30 0.0 1e-30 -1e-30 0.0 1e-30 -1e-30 0.0 1e-30 -1e-30 0.0 1e-30 -1e-30 0.0 1e-30 -1e-30 0.0 1e-30 -1e-30 0.0 1e-30 -1e-30 0.0 1e-30 -1e-30 0.0 1e-30 -1e-30 0.0 1e-30 -1e-30 0.0 1e-30 -1e-30 0.0 1e-30 -1e-30 0.0 1e-30 -1e-30 0.0 1e-30 -1e-30 0.0 1e-30 -1e-30 0.0 1e-30 -1e-30 0.0 1e-30 -1e-30 0.0 1e-30 -1e-30 0.0 1e-30 -1e-30 0.0 1e-30 -1e-30 0.0 1e-30 -1e-30 0.0 1e-30 -1e-30 0.0 1e-30 -1e-30 0.0 1e-30 -1e-30 0.0 1e-30 -1e-30 0.0 1e-30 -1e-30 0.0 1e-30 -1e-30 0.0 1e-30 -1e-30 0.0 1e-30 -1e-30 0.0 1e-30 -1e-30 0.0 1e-30 -1e-30 0.0 1e-30 -1e-30 0.0 1e-30 -1e-30 0.0 1e-30 -1e-30 0.0 1e-30 -1e-30 0.0 1e-30 -1e-30 0.0 1e-30 -1e-30 0.0 1e-30 -1e-30 0.0 1e-30 -1e-30 0.0 1e-30 -1e-30 0.0 1e-30 -1e-30 0.0 1e-30 -1e-30 0.0 1e-30 -1e-30 0.0 1e-30 -1e-30 0.0 1e-30 -1e-30 0.0 1e-30 -1e-30 0.0 1e-30 -1e-30 0.0 1e-30 -1e-30 0.0 1e-30 -1e-30 0.0 1e-30 -1e-30 0.0 1e-30 -1e-30 0.0 1e-30 -1e-30 0.0 1e-30 -1e-30 0.0 1e-30 -1e-30 0.0 1e-30 -1e-30 0.0 1e-30 -1e-30 0.0 1e-30 -1e-30 0.0 1e-30 -1e-30 0.0 1e-30 -1e-30 0.0 1e-30 -1e-30 0.0 1e-30 -1e-30 0.0 1e-30 -1e-30 0.0 1e-30 -1e-30 0.0 1e-30 -1e-30 0.0 1e-30 -1e-30 0.0 1e-30 -1e-30 0.0 1e-30 -1e-30 0.0 1e-30 -1e-30 0.0 1e-30 -1e-30 0.0 1e-30 -1e-30 0.0 1e-30 -1e-30 0.0 1e-30 -1e-30 0.0 1e-30 -1e-30 0.0 1e-30 -1e-30 0.0 1e-30 -1e-30 0.0 1e-30 -1e-30 0.0 1e-30 -1e-30 0.0 1e-30 -1e-30 0.0 1e-30 -1e-30 0.0 1e-30 -1e-30 0.0 1e-30 -1e-30 0.0 1e-30 -1e-30 0.0 1e-30 -1e-30 0.0 1e-30 -1e-30 0.0 1e-30 -1e-30 0.0 1e-30 -1e-30 0.0 1e-30 -1e-30 0.0 1e-30 -1e-30 0.0 1e-30 -1e-30 0.0 1e-30 -1e-30 0.0 1e-30 -1e-30 0.0 1e-30 -1e-30 0.0 1e-30 -1e-30 0.0 1e-30 -1e-30 0.0 1e-30 -1e-30 0.0 1e-30 -1e-30 0.0 1e-30 -1e-30 0.0 1e-30 -1e-30 0.0 1e-30 -1e-30 0.0 1e-30 -1e-30 0.0 1e-30 -1e-30 0.0 1e-30 -1e-30 0.0 1e-30 -1e-30 0.0 1e-30 -1e-30 0.0 1e-30 -1e-30 0.0 1e-30 -1e-30 0.0 1e-30 -1e-30 0.0 1e-30 -1e-30 0.0 1e-30 -1e-30 0.0 1e-30 -1e-30 0.0 1e-30 -1e-30 0.0 1e-30 -1e-30 0.0 1e-30 -1e-30 0.0 1e-30 -1e-30 0.0 1e-30 -1e-30 0.0 1e-30 -1e-30 0.0 1e-30 -1e-30 0.0 1e-30 -1e-30 0.0 1e-30 -1e-30 0.0 1e-30 -1e-30 0.0 1e-30 -1e-30 0.0 1e-30 -1e-30 0.0 1e-30 -1e-30 0.0 1e-30 -1e-30 0.0 1e-30 -1e-30 0.0 1e-30 -1e-30 0.0 1e-30 -1e-30 0.0 1e-30 -1e-30 0.0 1e-30 -1e-30 0.0 1e-30 -1e-30 0.0 1e-30 -1e-30 0.0 1e-30 -1e-30 0.0 1e-30 -1e-30 0.0 1e-30 -1e-30 0.0 1e-30 -1e-30 0.0 1e-30 -1e-30 0.0 1e-30 -1e-30 0.0 1e-30 -1e-30 0.0 1e-30 -1e-30 0.0 1e-30 -1e-30 0.0 1e-30 -1e-30 0.0 1e-30 -1e-30 0.0 1e-30 -1e-30 0.0 1e-30 -1e-30 0.0 1e-30 -1e-30 0.0 1e-30 -1e-30 0.0 1e-30 -1e-30 0.0 -1e-30 -1e-30 0.0 -1e-30 -1e-30 0.0 -1e-30 -1e-30 0.0 1e-30 -1e-30 0.0
    </DataArray>
    <DataArray type="Float32" Name="Ion diffusion flux Density [Am^-2]" NumberOfComponents="3" format="ascii">
-6.699763586530142e+20 6.072846553077367e+21 0.0 -4.457492908852251e+21 2.374419935800999e+21 0.0 -1.3160904313493877e+22 -2.1682353772668165e+21 0.0 -2.3360055738779142e+22 -8.956799157153519e+21 0.0 -3.532553693198689e+22 -1.593738059414166e+22 0.0 -5.24519239327976e+22 -3.2560834030975045e+22 0.0 -7.775899969098345e+22 -6.850737258585328e+22 0.0 -1.028967841726602e+23 -1.1978816627172166e+23 0.0 -9.175476344629988e+22 -1.3445816713226152e+23 0.0 -4.054498497655171e+22 -7.74249951066398e+22 0.0 -1.91969759780044e+22 -5.75909279340186e+22 0.0 2.0009202027630284e+20 2.46969092557844e+21 0.0 -2.1602652245332218e+21 1.551852528343823e+21 0.0 -7.455298334105234e+21 -1.1548073917835301e+21 0.0 -1.451748570087825e+22 -6.340249261124432e+21 0.0 -2.358560906359312e+22 -1.260317081085504e+22 0.0 -3.6509943186311952e+22 -2.6038556550170166e+22 0.0 -5.416842229679781e+22 -5.217872945915465e+22 0.0 -6.84229769280401e+22 -8.390725141924783e+22 0.0 -5.733596228033057e+22 -8.659218504677304e+22 0.0 -2.4362095594164214e+22 -4.628772809702616e+22 0.0 -6.815397371997183e+21 -3.4076986859987006e+22 0.0 -1.1680090688564293e+20 5.679182524405022e+20 0.0 -1.644183956896337e+21 5.215107533626402e+20 0.0 -5.882826852935687e+21 -7.55298341562384e+20 0.0 -1.2184649951317028e+22 -4.038270813392897e+21 0.0 -2.1205753232785746e+22 -8.926408131980342e+21 0.0 -3.3093500878172075e+22 -1.771130862628e+22 0.0 -4.579101812355445e+22 -3.1080840014986434e+22 0.0 -5.025997194914516e+22 -4.134464648570493e+22 0.0 -3.5785589808052845e+22 -3.552341933681357e+22 0.0 -1.2832094791058818e+22 -1.5536987748170868e+22 0.0 -1.3077533403771524e+21 -6.538766701885365e+21 0.0 -9.173738422763012e+19 2.9659265328525906e+19 0.0 -5.2120658386961184e+20 1.384395677834728e+20 0.0 -2.2102936107456437e+21 -2.7228297981384838e+20 0.0 -5.067159809646588e+21 -1.672226324781297e+21 0.0 -9.423779609469288e+21 -3.930841290665195e+21 0.0 -1.4835131000859025e+22 -7.18376801064427e+21 0.0 -1.9156761716072183e+22 -1.0670034452929894e+22 0.0 -1.848998563382015e+22 -1.1632118762940834e+22 0.0 -1.177887887461115e+22 -8.377752537130854e+21 0.0 -3.860206987118635e+21 -2.3115409649562102e+21 0.0 5.508250583897625e+20 2.754125291949294e+21 0.0 -4.59730496494206e+19 -3.66089868106025e+19 0.0 -1.3430873557797929e+20 3.925187267621827e+19 0.0 -5.7713700988632164e+20 -3.20821274344709e+19 0.0 -1.3704248907032937e+21 -4.5103430686432336e+20 0.0 -2.505517187192484e+21 -1.1298334288866616e+21 0.0 -3.793396483440857e+21 -1.8854638078185502e+21 0.0 -4.548469797068454e+21 -2.3847667475499466e+21 0.0 -4.0652017786969433e+21 -2.2064294551890622e+21 0.0 -2.5538220957896996e+21 -1.3075878757625055e+21 0.0 -7.127135220701014e+20 3.755949417973791e+20 0.0 5.958945917010164e+20 2.9794729585053763e+21 0.0 -2.2503143366210023e+19 -2.765691059804278e+19 0.0 -4.010345620957067e+19 1.2631694331241818e+19 0.0 -1.4744412524758434e+20 1.952956119038653e+19 0.0 -3.3595130832792696e+20 -7.389407074917093e+19 0.0 -5.437654512199477e+20 -2.3905608611630223e+20 0.0 -7.250002396341772e+20 -3.9996425454125344e+20 0.0 -7.956455521607667e+20 -4.652639480111161e+20 0.0 -6.89596365933983e+20 -3.7413808121064496e+20 0.0 -4.310970426110084e+20 -1.1282753018670126e+20 0.0 -1.574953702967823e+19 4.776981370013219e+20 0.0 3.495485476767566e+20 1.7477427383838803e+21 0.0 -1.1429473906432406e+19 -1.5802144232598893e+19 0.0 -1.500685307743271e+19 4.2297180568761134e+18 0.0 -4.486628713483099e+19 1.6920426967134775e+19 0.0 -9.972536359276868e+19 1.0739669990646478e+18 0.0 -1.5054885204489342e+20 -3.8245437137140466e+19 0.0 -1.7520138438752636e+20 -7.990784242385835e+19 0.0 -1.6572953298055722e+20 -9.387188654767602e+19 0.0 -1.2357854799300488e+20 -5.995997064217914e+19 0.0 -5.447607203497806e+19 3.76200807717051e+19 0.0 6.891490445421388e+19 2.80882760348523e+20 0.0 1.74187738557794e+20 8.709386927890098e+20 0.0 -6.04886081129736e+18 -8.463494201135115e+18 0.0 -6.671022047042243e+18 1.4847309783765407e+18 0.0 -1.6214942481605257e+19 9.83039385879157e+18 0.0 -3.5154027976335917e+19 9.954179414161302e+18 0.0 -5.38845330282991e+19 2.3334567773242977e+18 0.0 -6.1469902361872376e+19 -8.5889183406622e+18 0.0 -5.366254155597935e+19 -1.2601331411322325e+19 0.0 -3.3333031609690624e+19 -5.836686157289816e+17 0.0 -3.9574260822590925e+18 3.907273235675039e+19 0.0 4.597928053994438e+19 1.4620930269228309e+20 0.0 8.493879697014661e+19 4.246939848507654e+20 0.0 -3.3243448652893783e+18 -4.4649364352145183e+18 0.0 -3.317537546662804e+18 5.750765906908711e+17 0.0 -6.713576020186302e+18 5.358515841601391e+18 0.0 -1.3765134927706403e+19 7.777168945421616e+18 0.0 -2.1467492188482613e+19 7.942070269151835e+18 0.0 -2.534761715774218e+19 6.178947429938298e+18 0.0 -2.258890219888931e+19 5.528148166026333e+18 0.0 -1.3650577706914595e+19 1.0150034626642117e+19 0.0 8.921340367598724e+17 2.777039609390557e+19 0.0 2.5549371935054696e+19 7.735565964460042e+19 0.0 4.2709870212306625e+19 2.135493510615474e+20 0.0 -1.8930758659700332e+18 -2.349632230381234e+18 0.0 -1.772401343072886e+18 2.5833198057627664e+17 0.0 -3.0963844704819016e+18 2.9396647055282406e+18 0.0 -5.892475005297599e+18 4.999593061694034e+18 0.0 -9.093089764197897e+18 6.576325012063933e+18 0.0 -1.0977641070151563e+19 7.311277480290631e+18 0.0 -1.0006488459739445e+19 7.977059914593989e+18 0.0 -5.72196061296573e+18 1.055026979493349e+19 0.0 2.513277085561366e+18 1.961339262678072e+19 0.0 1.4900138146310224e+19 4.293134837713114e+19 0.0 2.2258212797023166e+19 1.112910639851264e+20 0.0 -1.117946080235589e+18 -1.214759691011577e+18 0.0 -9.894843521152595e+17 1.4548995517525274e+17 0.0 -1.5589979652165076e+18 1.6430288610886817e+18 0.0 -2.758810221756313e+18 3.0490739348356905e+18 0.0 -4.109239078632652e+18 4.5368571532947077e+18 0.0 -4.844248141169696e+18 5.789374804126114e+18 0.0 -4.1174549535151647e+18 6.976445089883838e+18 0.0 -1.3132114763162785e+18 9.202505000667057e+18 0.0 3.629445518972028e+18 1.4068976511190487e+19 0.0 9.003630082993467e+18 2.453281244949447e+19 0.0 1.1959801847053378e+19 5.979900923527491e+19 0.0 -6.819180928675854e+17 -5.6937356348436915e+17 0.0 -5.793925860830963e+17 1.0006337406258318e+17 0.0 -8.500638572950068e+17 9.279422217537207e+17 0.0 -1.3799499252434988e+18 1.8592049668415068e+18 0.0 -1.9054679554917327e+18 3.047143285691766e+18 0.0 -1.960705130664104e+18 4.34782706971151e+18 0.0 -1.1434946783353624e+18 5.754580369500814e+18 0.0 9.010451192576337e+17 7.584662860951475e+18 0.0 3.353304805985679e+18 9.69615978737611e+18 0.0 5.377794419734602e+18 1.415994372404114e+19 0.0 6.637047446031602e+18 3.3185237230163026e+19 0.0 -4.321573368688507e+17 -2.099469862697047e+17 0.0 -4.057071408525007e+17 7.070741823497829e+16 0.0 -6.3097048768567e+17 5.046687225619618e+17 0.0 -9.361622698306666e+17 1.1044804793289871e+18 0.0 -9.986591834390561e+17 2.0852001243417672e+18 0.0 -1.7034845781302493e+17 3.4311199306019497e+18 0.0 1.4376710278411686e+17 4.5325064210632407e+18 0.0 1.3856808790442995e+18 5.717370826509049e+18 0.0 2.427220895940461e+18 6.443090998186422e+18 0.0 3.2500192573396465e+18 8.42955715992292e+18 0.0 3.8373158887222886e+18 1.9186579443614024e+19 0.0 -2.2603482244361626e+17 -9.700581916855165e+16 0.0 -2.5103423966004294e+17 3503009061905476.5 0.0 -4.238228583354186e+17 2.3752907514493258e+17 0.0 -6.382186220089614e+17 7.670875651866513e+17 0.0 -6.847715446982807e+17 1.9151716240677637e+18 0.0 -6.677778299612109e+17 2.3634185764389806e+18 0.0 -4.2129918089264576e+17 2.822181102027843e+18 0.0 1.0484491805243671e+18 4.129325956054617e+18 0.0 2.9479550934291876e+18 4.756692265540124e+18 0.0 2.0821348559514906e+18 5.197939568485419e+18 0.0 2.2999587567893893e+18 1.1499793783948292e+19 0.0 -6.904720208198455e+16 -5.126201160289411e+16 0.0 -7.400473102653502e+16 5129942356657726.0 0.0 -1.2673949637575947e+17 1.0822555502310422e+17 0.0 -2.7459643565858506e+17 3.1079892271186835e+17 0.0 -5.823253241960163e+17 7.1760180064315e+17 0.0 -1.1522315915893975e+18 1.3820856725612106e+18 0.0 -6.052865960129736e+17 2.782609599997896e+18 0.0 3.0573698816882534e+17 4.3414876118757606e+18 0.0 8.26846180695481e+17 3.034363613101948e+18 0.0 8.045139585768678e+17 2.261181968753421e+18 0.0 1.399403409228594e+18 6.997017046144257e+18 0.0 -2.664051422362767e+16 -3.617044231161144e+16 0.0 -2.289132591825274e+16 2815015303263141.5 0.0 -2.8986919847925268e+16 6.3593857829926776e+16 0.0 -4.915985538345279e+16 1.872520505849784e+17 0.0 -8.79754839999855e+16 4.522235315679286e+17 0.0 -1.4168676421235208e+17 9.317493710800822e+17 0.0 -2.0621534063852067e+17 1.5999713718603615e+18 0.0 -3.94193314682613e+17 2.182638399036774e+18 0.0 -7.746357856232773e+17 2.317483400981212e+18 0.0 7.592667508870259e+17 2.747521059147757e+18 0.0 1.036408537462254e+18 5.182042687312542e+18 0.0 -1.2581648095557394e+16 -2.611545947136027e+16 0.0 -7022683990814651.0 2618308825882569.5 0.0 -125791751887760.03 4.532988431325382e+16 0.0 1.2330820236245624e+16 1.3186528612939974e+17 0.0 4.141643831569762e+16 3.2371763963841837e+17 0.0 1.0623268027662011e+17 6.837069815140954e+17 0.0 2.1717968402431616e+17 1.2104931262188792e+18 0.0 3.6163205314200934e+17 1.7630365459642642e+18 0.0 5.146315502498592e+17 2.1084483171256156e+18 0.0 6.51137436271596e+17 2.1075075992465134e+18 0.0 7.62134291609593e+17 3.8106714580487603e+18 0.0 -7462082297539035.0 -1.9927458353758536e+16 0.0 -2647478460481892.5 2266172701146710.0 0.0 5734539012588129.0 3.4572281646310124e+16 0.0 2.1550402492723724e+16 9.793912080040136e+16 0.0 5.661684769038746e+16 2.3847880359353642e+17 0.0 1.2649016817516189e+17 5.0685309398562605e+17 0.0 2.3957072912671517e+17 9.079678120973187e+17 0.0 3.7590233763349094e+17 1.3383330745100608e+18 0.0 4.848373869318417e+17 1.6072716891334991e+18 0.0 5.094626200846544e+17 1.5810241432605332e+18 0.0 5.6670188068224237e+17 2.8335094034117146e+18 0.0 -5220658918467685.0 -1.596131424613258e+16 0.0 -1312380895172082.8 1781689289204968.2 0.0 5843562539326917.0 2.6735076941707244e+16 0.0 1.88967847319615e+16 7.428359803377784e+16 0.0 4.816127071800336e+16 1.7980146464521744e+17 0.0 1.0614379446473302e+17 3.827841086679725e+17 0.0 1.975523806639932e+17 6.890272298084649e+17 0.0 3.0441296956628096e+17 1.0216892706001098e+18 0.0 3.83752373269985e+17 1.2313365419900518e+18 0.0 3.93551407469443e+17 1.2091810464281219e+18 0.0 4.322117233456744e+17 2.1610586167287452e+18 0.0 -3992222368997546.0 -1.3181102554670676e+16 0.0 -779705359482812.5 1352906642718483.8 0.0 5081023004651005.0 2.1101941005378076e+16 0.0 1.5554980617533348e+16 5.777724253631423e+16 0.0 3.894305517827464e+16 1.3906862180569187e+17 0.0 8.527341734652016e+16 2.962787430430566e+17 0.0 1.5819249539329997e+17 5.352843710762588e+17 0.0 2.4293229513583686e+17 7.976451753638956e+17 0.0 3.0436632497732486e+17 9.650904464936246e+17 0.0 3.097195510004169e+17 9.479475130102748e+17 0.0 3.383253519377084e+17 1.6916267596887388e+18 0.0 -3205189307691793.0 -1.1099452052030184e+16 0.0 -511928517720312.94 1038673487614245.9 0.0 4346207334357514.5 1.7046105234435976e+16 0.0 1.2851757297446662e+16 4.607647490741996e+16 0.0 3.1763942257705996e+16 1.1029737598892754e+17 0.0 6.919419842219449e+16 2.350282530010765e+17 0.0 1.2815928633446149e+17 4.2598793227385594e+17 0.0 1.9670769162334608e+17 6.375273457094958e+17 0.0 2.4596215599762294e+17 7.742445126951631e+17 0.0 2.492341585582671e+17 7.610281779377473e+17 0.0 2.7132800080149747e+17 1.3566400040078748e+18 0.0 -2647699488679038.5 -9487969218492556.0 0.0 -353876213026913.06 818353700849875.4 0.0 3735885976083540.0 1.40689023293242e+16 0.0 1.0757383717942868e+16 3.758564484489019e+16 0.0 2.631469202087899e+16 8.95053134759215e+16 0.0 5.711407426347845e+16 1.90725561581357e+17 0.0 1.0570644884588616e+17 3.4665895705610355e+17 0.0 1.6223564812922986e+17 5.2082550549065165e+17 0.0 2.027569999571558e+17 6.347747363893818e+17 0.0 2.0487198615390486e+17 6.244945573248364e+17 0.0 2.224765725329886e+17 1.1123828626653349e+18 0.0 -2230860139039085.5 -8215651667866100.0 0.0 -250277217300020.72 664855384415241.2 0.0 3244942258991055.0 1.1840637257069542e+16 0.0 9141498066193030.0 3.129459662552895e+16 0.0 2.2169029671866204e+16 7.416258336627162e+16 0.0 4.797550882400242e+16 1.5801139225423062e+17 0.0 8.87626789518352e+16 2.879029878173758e+17 0.0 1.3628149752793997e+17 4.340933411882348e+17 0.0 1.7032896760802835e+17 5.3085374882655155e+17 0.0 1.717421570933632e+17 5.2278404498667437e+17 0.0 1.8613830783655082e+17 9.306915391830194e+17 0.0 -1908666873736681.0 -7197740626367847.0 0.0 -177696938201307.1 556900618785240.25 0.0 2852130028157989.0 1.0143083492935006e+16 0.0 7886036569706411.0 2.6544513492616476e+16 0.0 1.8979801165862124e+16 6.262160995218232e+16 0.0 4.097292545612256e+16 1.3339197259510606e+17 0.0 7.579985639037702e+16 2.4357187953240416e+17 0.0 1.1645798923926502e+17 3.6845384333639744e+17 0.0 1.4560397392977373e+17 4.520118456225329e+17 0.0 1.4657385417207254e+17 4.456283365689647e+17 0.0 1.5860721022909264e+17 7.930360511457015e+17 0.0 -1653441553353626.5 -6375289261328219.0 0.0 -124722244103891.98 479581036591735.44 0.0 2536631876299149.0 8828605959434334.0 0.0 6899967213832641.0 2.28959086208053e+16 0.0 1.6495063178777674e+16 5.378837591845695e+16 0.0 3.5533883622665372e+16 1.1454346839771195e+17 0.0 6.574257255873624e+16 2.0955735276193136e+17 0.0 1.0109521711806035e+17 3.1794933068749766e+17 0.0 1.2646204207557709e+17 3.9120619550510765e+17 0.0 1.2714557930659608e+17 3.861232897945438e+17 0.0 1.3739646754473088e+17 6.869823377237084e+17 0.0 -256743713850773.88 -3919200997564889.0 0.0 -226036601162630.1 450604423511894.75 0.0 -317122935338539.3 7035155674590396.0 0.0 -566532081901528.1 1.801088421956073e+16 0.0 -1105382256396780.5 4.207603736813026e+16 0.0 -2041951778656190.2 8.946968692915472e+16 0.0 -3184808287664069.5 1.637823657858493e+17 0.0 -3812123377858682.5 2.4882881122616285e+17 0.0 -3106240887201588.5 3.06463086779315e+17 0.0 -1253869912732556.8 3.022298926051584e+17 0.0 0.0 8.456378047691352e+17 0.0 742546452785589.1 -4981136470815273.0 0.0 -352421639723503.44 515131439969464.8 0.0 -2638153992090744.0 7161300458408125.0 0.0 -6489246423683166.0 1.8132497059162484e+16 0.0 -1.4916692866962696e+16 4.2155098163498584e+16 0.0 -3.144247627652122e+16 8.953071539702733e+16 0.0 -5.7174098605005864e+16 1.6401138353414368e+17 0.0 -8.619262522573402e+16 2.495336002455072e+17 0.0 -1.0504563005464205e+17 3.077015606486446e+17 0.0 -1.0212777556503712e+17 3.033349252540591e+17 0.0 -1.0764937882884525e+17 5.382468941443982e+17 0.0 700987272351766.0 -4556736653202708.0 0.0 -296867419506388.44 456003055118553.06 0.0 -2354517436976269.0 6459901169716459.0 0.0 -5774880931245712.0 1.626166351609162e+16 0.0 -1.3251931150017674e+16 3.769733332044346e+16 0.0 -2.7954119284489996e+16 8.005580371480114e+16 0.0 -5.095796270406553e+16 1.46893439410336e+17 0.0 -7.70983421107523e+16 2.2405467266178797e+17 0.0 -9.433893144266526e+16 2.7702040703119062e+17 0.0 -9.199896169948811e+16 2.7350547907124694e+17 0.0 -9.708860006345035e+16 4.854430003174024e+17 0.0 664405169700262.4 -4199685865764392.0 0.0 -254617374259728.34 410193801013824.7 0.0 -2126203605565642.0 5889462202167513.0 0.0 -5202123003226404.0 1.4750107190374804e+16 0.0 -1.1918962341202514e+16 3.4104085510391564e+16 0.0 -2.5157814125173816e+16 7.24168064216545e+16 0.0 -4.596213946463127e+16 1.33069717272498e+17 0.0 -6.9763442688457464e+16 2.0343179227198586e+17 0.0 -8.567158880534552e+16 2.521319890511462e+17 0.0 -8.378027337440557e+16 2.49288973588496e+17 0.0 -8.851775556283782e+16 4.425887778144161e+17 0.0 632961355228887.9 -3901305615471900.0 0.0 -222319151771616.62 374284751684730.06 0.0 -1940732326666183.5 5421945533934938.0 0.0 -4737773736369759.0 1.351629282302956e+16 0.0 -1.0839729002892912e+16 3.1177641275913388e+16 0.0 -2.289158751838567e+16 6.619419597040235e+16 0.0 -4.190404940750013e+16 1.2179266562337739e+17 0.0 -6.378669807017875e+16 1.865738250342695e+17 0.0 -7.858570285621573e+16 2.3174629291517498e+17 0.0 -7.704668718709099e+16 2.294383139620194e+17 0.0 -8.149371096608648e+16 4.074685548304724e+17 0.0 605875018258495.8 -3650591314540932.0 0.0 -196459820324258.38 345432881425816.25 0.0 -1788592123441754.2 5035409563336280.0 0.0 -4357580767325555.5 1.2500004846628802e+16 0.0 -9957174406169248.0 2.8772046292228692e+16 0.0 -2.103717420946712e+16 6.107868606629229e+16 0.0 -3.8576286185431144e+16 1.1250997882876266e+17 0.0 -5.887198934173649e+16 1.7267176419228298e+17 0.0 -7.274167736794949e+16 2.149043994433108e+17 0.0 -7.14822433309038e+16 2.1302622475684157e+17 0.0 -7.568731234055093e+16 3.784365617029834e+17 0.0 582493035703519.2 -3438873275468313.0 0.0 -175529064885839.6 321956597393619.3 0.0 -1662713378382064.2 4713349758392578.0 0.0 -4043558178371764.5 1.165614918331651e+16 0.0 -9229037833110418.0 2.6778267796957124e+16 0.0 -1.950643074341324e+16 5.68389197516262e+16 0.0 -3.582436138161091e+16 1.0480780377237006e+17 0.0 -5.47977407779567e+16 1.6111772675218864e+17 0.0 -6.78842484018473e+16 2.0088400468489168e+17 0.0 -6.6848890894535704e+16 1.9935396171590698e+17 0.0 -7.085074485620529e+16 3.5425372428130035e+17 0.0 562273496877658.5 -3259280233874770.0 0.0 -158418826032273.84 302642010980110.5 0.0 -1557768757264926.5 4443192679264568.5 0.0 -3782182554711366.5 1.095051950282181e+16 0.0 -8623612367052651.0 2.5113878902037612e+16 0.0 -1.823306451839887e+16 5.329970919678805e+16 0.0 -3.3531659223725124e+16 9.837203124862218e+16 0.0 -5.139603576988326e+16 1.5144926636188026e+17 0.0 -6.381915219806926e+16 1.891343164858152e+17 0.0 -6.296505210587482e+16 1.8788842810693738e+17 0.0 -6.679507661807893e+16 3.3397538309064064e+17 0.0 544767526612441.5 -3106333508944261.5 0.0 -144304536454764.84 286598503642641.3 0.0 -1469693185345358.8 4215246907100950.0 0.0 -3563156832673915.0 1.035685939950763e+16 0.0 -8116784505552310.0 2.3715749336290028e+16 0.0 -1.716668191093301e+16 5.032685459358044e+16 0.0 -3.1609106851701756e+16 9.29615394284488e+16 0.0 -4.853811952286508e+16 1.4331051656516725e+17 0.0 -6.039684658226987e+16 1.792305202921648e+17 0.0 -5.9690641845926504e+16 1.7821822296432237e+17 0.0 -6.337459226074123e+16 3.168729613039257e+17 0.0 529602842994926.44 -2975638885500794.0 0.0 -132564625366309.52 273162428766134.03 0.0 -1395348905874897.8 4021961541122400.5 0.0 -3378549306850427.0 9854793662352952.0 0.0 -7690001934031546.0 2.2534993779493692e+16 0.0 -1.6268465909009736e+16 4.781640386428131e+16 0.0 -2.9987907343147212e+16 8.8389233575916e+16 0.0 -4.612419051539745e+16 1.3642470926223954e+17 0.0 -5.750099061449796e+16 1.7084150687853347e+17 0.0 -5.6916438833033224e+16 1.70022487833949e+17 0.0 -6.047570054022779e+16 3.023785027012775e+17 0.0 516469953104471.3 -2863651769357267.5 0.0 -122724930868169.7 261831969402634.12 0.0 -1332288232883546.5 3857395071573693.5 0.0 -3222184968014871.0 9428351819153392.0 0.0 -7328838103291114.0 2.1533373370957644e+16 0.0 -1.5508201112350104e+16 4.568702353994966e+16 0.0 -2.861437688209619e+16 8.450849767526248e+16 0.0 -4.407611509382908e+16 1.3057448632153838e+17 0.0 -5.5040189506244024e+16 1.6370670323250406e+17 0.0 -5.45564607437998e+16 1.6304854482186227e+17 0.0 -5.800898130834669e+16 2.9004490654185875e+17 0.0 505110926375604.75 -2767497408007532.0 0.0 -114419704493972.86 252222443144264.16 0.0 -1278583241374212.5 3716830209900172.0 0.0 -3089209449395364.0 9064901184331228.0 0.0 -7021964832202695.0 2.0680700223813108e+16 0.0 -1.486214055426705e+16 4.387449203328583e+16 0.0 -2.7446229993119904e+16 8.120339489816133e+16 0.0 -4.233216322711862e+16 1.2558762356629853e+17 0.0 -5.294200633364579e+16 1.57619238667589e+17 0.0 -5.254242335275187e+16 1.57095649600399e+17 0.0 -5.590341369158701e+16 2.7951706845820208e+17 0.0 495310402336384.0 -2684832703183269.5 0.0 -107363864736047.55 244035204287386.6 0.0 -1232701999174721.0 3596491351977557.0 0.0 -2975772764830758.5 8754366859605871.0 0.0 -6760407881677387.0 1.995294354012157e+16 0.0 -1.4311457593629426e+16 4.232767897990123e+16 0.0 -2.6449875061015652e+16 7.838149894559597e+16 0.0 -4.084316083636334e+16 1.213265628999363e+17 0.0 -5.1148568432563096e+16 1.5241357683908474e+17 0.0 -5.081966829062652e+16 1.5200305347222554e+17 0.0 -5.4102139190973304e+16 2.7051069595512506e+17 0.0 486888421699185.94 -2613739483854380.5 0.0 -101332548179978.75 237035562793646.25 0.0 -1193417592632167.5 3493335099976057.5 0.0 -2878797302452065.0 8488655356911023.0 0.0 -6537001397527764.0 1.933083270960067e+16 0.0 -1.3841109781743498e+16 4.1005578122716296e+16 0.0 -2.559842379367249e+16 7.596859446229707e+16 0.0 -3.956964755307269e+16 1.1768065653966691e+17 0.0 -4.961331026953858e+16 1.4795633446096138e+17 0.0 -4.934413902089515e+16 1.47641139487183e+17 0.0 -5.255931838959241e+16 2.6279659194825146e+17 0.0 479694392028101.3 -2552640066106188.5 0.0 -96140376380253.22 231035056208704.3 0.0 -1159740411675925.8 3404892983072767.5 0.0 -2795805835162621.0 8261224459957343.0 0.0 -6345983885222457.0 1.8798816690381164e+16 0.0 -1.3438996428136724e+16 3.987509599726018e+16 0.0 -2.4870211337175804e+16 7.39047209032954e+16 0.0 -3.847975650413309e+16 1.1456036517409434e+17 0.0 -4.829853560658033e+16 1.441394002413156e+17 0.0 -4.808011366599601e+16 1.4390477730010925e+17 0.0 -5.12377761117155e+16 2.5618888055869446e+17 0.0 473597964606012.6 -2500209829909468.0 0.0 -91653300759263.08 225887534246068.22 0.0 -1130858047673843.8 3329144373164283.5 0.0 -2724792794494310.0 8066759311230233.0 0.0 -6182696118525601.0 1.8344281732264596e+16 0.0 -1.309532801709738e+16 3.8909388979554824e+16 0.0 -2.4247685864814224e+16 7.214119290794397e+16 0.0 -3.7547618460107336e+16 1.1189287952670546e+17 0.0 -4.717357682390942e+16 1.4087473263479838e+17 0.0 -4.6998490374073e+16 1.4070829745915912e+17 0.0 -5.010722150790589e+16 2.5053610753976496e+17 0.0 468502072188017.6 -2455410007825137.5 0.0 -87764821387412.17 221482490159697.8 0.0 -1106113471669563.0 3264451506928163.0 0.0 -2664124620008369.5 7900919124498922.0 0.0 -6043353291203067.0 1.7956958498770042e+16 0.0 -1.280215013812681e+16 3.808660256015952e+16 0.0 -2.37165683972592e+16 7.063833818549244e+16 0.0 -3.675215087883552e+16 1.096187900615488e+17 0.0 -4.621339414546844e+16 1.3809039611648976e+17 0.0 -4.607548041828062e+16 1.3798166060049877e+17 0.0 -4.914289200121482e+16 2.457144600062076e+17 0.0 464321616656392.3 -2417355854810195.5 0.0 -84373426781986.23 217724893930817.6 0.0 -1084995264330612.6 3209474925423172.0 0.0 -2612468880166481.0 7760158396802704.0 0.0 -5924871842716844.0 1.7628469559978648e+16 0.0 -1.255298135686347e+16 3.7388908870854136e+16 0.0 -2.3265212424342452e+16 6.936376829150323e+16 0.0 -3.6076132489772504e+16 1.0768953670632218e+17 0.0 -4.5397502363262456e+16 1.3572752086289394e+17 0.0 -4.5291605369254984e+16 1.3566751779257851e+17 0.0 -4.832451312017082e+16 2.4162256560113536e+17 0.0 460987941158093.56 -2385319169718710.0 0.0 -81395921380041.72 214519061776477.5 0.0 -1067070619099383.6 3163113573811600.5 0.0 -2568744378191873.0 7641602586717353.0 0.0 -5824736985539995.0 1.7351982049293614e+16 0.0 -1.2342536016672644e+16 3.68017677457401e+16 0.0 -2.288411285541147e+16 6.829104943022114e+16 0.0 -3.5505492040866336e+16 1.0606544530341062e+17 0.0 -4.47091439797996e+16 1.3373795832479672e+17 0.0 -4.463092343979483e+16 1.3371894272345362e+17 0.0 -4.763549633244667e+16 2.3817748166259427e+17 0.0 458447064315959.94 -2358703764346998.5 0.0 -78767768493723.16 211800446004647.38 0.0 -1051964253915396.4 3124461670058354.0 0.0 -2532064610753073.5 7542897717305690.0 0.0 -5740900864652075.0 1.7121939995561008e+16 0.0 -1.2166511038372426e+16 3.631335719758817e+16 0.0 -2.256552775284632e+16 6.739867683459466e+16 0.0 -3.5028759265978812e+16 1.0471421024156728e+17 0.0 -4.413464878887206e+16 1.3208246682417629e+17 0.0 -4.408043037815311e+16 1.3209767608114992e+17 0.0 -4.70623182094872e+16 2.353115910476266e+17 0.0 456658337641945.2 -2337026203932219.5 0.0 -76394790956443.97 209503010803708.8 0.0 -1039383693717797.6 3092789874268266.0 0.0 -2501709765777155.5 7462141136856808.0 0.0 -5671704035515525.0 1.6933857746462626e+16 0.0 -1.2021421495801278e+16 3.5914133836052972e+16 0.0 -2.230318624953669e+16 6.666928240374331e+16 0.0 -3.4636640382439188e+16 1.0360972140361002e+17 0.0 -4.366293906930039e+16 1.3072930664228366e+17 0.0 -4.362959502948314e+16 1.3077276432762915e+17 0.0 -4.659403937047734e+16 2.329701968524765e+17 0.0 455563298932955.75 -2319749928475910.0 0.0 -74248952461811.64 207589353042007.34 0.0 -1029078793946608.8 3067474798723895.0 0.0 -2477100726838114.0 7397815032298982.0 0.0 -5615814929981221.0 1.6784160882252674e+16 0.0 -1.1904473865126944e+16 3.559649433046331e+16 0.0 -2.2092063214588624e+16 6.608902403186933e+16 0.0 -3.432168968784604e+16 1.0273115752433267e+17 0.0 -4.3285146903322216e+16 1.2965315432047514e+17 0.0 -4.327000063462845e+16 1.2971950908657224e+17 0.0 -4.622193299332236e+16 2.3110966496673152e+17 0.0 455159049037829.6 -2306643815730066.5 0.0 -72371678521934.47 206052160858553.94 0.0 -1020866594328415.2 3048078670162901.5 0.0 -2457779075669511.0 7348735545255689.0 0.0 -5572183395577231.0 1.6670064621153678e+16 0.0 -1.1813468789902694e+16 3.5354516664186668e+16 0.0 -2.19282063375454e+16 6.564711857952001e+16 0.0 -3.40780577822939e+16 1.0206229293553194e+17 0.0 -4.2994318962538264e+16 1.288342704073938e+17 0.0 -4.299506906027693e+16 1.2891866110803098e+17 0.0 -4.593920011702954e+16 2.2969600058531373e+17 0.0 455470961409186.9 -2297638777835288.5 0.0 -70710009936284.25 204858300715010.72 0.0 -1014613157928499.2 3034298995100822.0 0.0 -2443391865642984.5 7314014468113612.0 0.0 -5540005434263937.0 1.6589482406568938e+16 0.0 -1.1746727371657082e+16 3.5183765642684756e+16 0.0 -2.180860507327385e+16 6.533549059654589e+16 0.0 -3.390130084466624e+16 1.015909757971027e+17 0.0 -4.278519395609041e+16 1.2825787309077717e+17 0.0 -4.279985278383373e+16 1.2835581341320995e+17 0.0 -4.574075533922108e+16 2.2870377669620544e+17 0.0 456504206796315.6 -2292579419001065.0 0.0 -69192688123598.72 203972899015738.84 0.0 -1010207454829475.2 3025893688232919.5 0.0 -2433680266218239.0 7293031326678908.0 0.0 -5518697045612428.0 1.6540959382278944e+16 0.0 -1.1703036628073824e+16 3.5081151404086292e+16 0.0 -2.173109381883929e+16 6.51485167209851e+16 0.0 -3.378823993217247e+16 1.013087482496102e+17 0.0 -4.265403903386324e+16 1.279136821733582e+17 0.0 -4.268088288805033e+16 1.2802095973842709e+17 0.0 -4.56230709776581e+16 2.2811535488848714e+17 0.0 -2504217461466.7656 -3207930417356611.0 0.0 -78760479097041.25 232691511311114.62 0.0 -1153192406530437.2 3454869165792936.5 0.0 -2778243854746099.0 8326757359412277.0 0.0 -6300095305722873.0 1.8885221219875524e+16 0.0 -1.3360353501216882e+16 4.005322590211109e+16 0.0 -2.4809384231264264e+16 7.438358516736974e+16 0.0 -3.857631706088858e+16 1.1567322362316227e+17 0.0 -4.870126524737087e+16 1.4605556893998835e+17 0.0 -4.873464469763554e+16 1.461823362633606e+17 0.0 -7.977212471141466e+16 2.3931637413469322e+17 0.0
    </DataArray>
    <DataArray type="Float32" Name="Ion drift flux Density [Am^-2]" NumberOfComponents="3" format="ascii">
-1.203876650609852e+30 5.450233982501055e+31 0.0 1.6826308085634809e+31 7.652601132546169e+31 0.0 3.774812709449754e+31 1.816071231636387e+32 0.0 5.765100477822686e+31 2.7209259158517017e+32 0.0 8.198852912695127e+31 3.73161082536699e+32 0.0 1.1719097248797346e+32 4.9797829370562844e+32 0.0 1.7501222520007076e+32 6.57488092180094e+32 0.0 2.601908212276243e+32 8.334760325484651e+32 0.0 3.0984750471269615e+32 8.788759551868617e+32 0.0 2.392928056444554e+32 6.612086242228201e+32 0.0 2.9909096089498404e+32 8.972728826850308e+32 0.0 4.53437328198691e+30 2.5266307680807188e+31 0.0 9.386776612445391e+30 4.103389556436978e+31 0.0 2.2216071815905195e+31 1.0529714667587414e+32 0.0 3.535784942224865e+31 1.6605758624209902e+32 0.0 5.245853456606078e+31 2.360637324428215e+32 0.0 7.822332243285442e+31 3.234022043233013e+32 0.0 1.2046054237886919e+32 4.3419748827400535e+32 0.0 1.787703403365176e+32 5.516368840716927e+32 0.0 2.0874725703716316e+32 5.808125909211078e+32 0.0 1.6455109380351616e+32 4.527474151701252e+32 0.0 1.4087401347683014e+32 7.043700673841991e+32 0.0 1.6506034325080236e+30 1.0050325884059236e+31 0.0 2.0648672770440624e+30 1.336378311062167e+31 0.0 4.304065973506722e+30 3.887469542033302e+31 0.0 7.760314258139479e+30 6.737268836630726e+31 0.0 1.4681300671860921e+31 1.0194909506140316e+32 0.0 2.8940646379865998e+31 1.4681017816428174e+32 0.0 5.560700464724489e+31 2.0307787474331137e+32 0.0 9.120560708648485e+31 2.583785910501536e+32 0.0 1.1102599363316983e+32 2.77336681944683e+32 0.0 9.414955068845251e+31 2.3873247985277782e+32 0.0 8.340388838434746e+31 4.1701944192175756e+32 0.0 6.126132415908432e+29 3.8215261258220024e+30 0.0 6.111948622144059e+29 3.9696786015107775e+30 0.0 1.2277265781919417e+30 1.1912853434744087e+31 0.0 2.550918222526476e+30 2.2084256139222373e+31 0.0 5.918131252601321e+30 3.447761947763039e+31 0.0 1.3074460912432372e+31 5.100059621551224e+31 0.0 2.515312871958854e+31 7.186298233572775e+31 0.0 3.9440404146677432e+31 9.317542727318931e+31 0.0 4.80622524645542e+31 1.0656469517761608e+32 0.0 4.308445249544501e+31 1.0237027875407881e+32 0.0 4.0016013813985164e+31 2.0008006906993566e+32 0.0 2.5838136620648356e+29 1.6022935343762536e+30 0.0 2.628545468992044e+29 1.3859415375769656e+30 0.0 6.567923396097775e+29 4.010897895975958e+30 0.0 1.5343602337807838e+30 7.787271955064011e+30 0.0 3.406052894601471e+30 1.231741391385538e+31 0.0 6.727545979845578e+30 1.8143258650770087e+31 0.0 1.1536598678912387e+31 2.5625629116632935e+31 0.0 1.6760624113650427e+31 3.394681292466269e+31 0.0 1.9849590968947387e+31 4.045880650270791e+31 0.0 1.803144998242137e+31 4.129080978919289e+31 0.0 1.739265247652557e+31 8.696326238263218e+31 0.0 1.2009010398996126e+29 7.40785745633696e+29 0.0 1.2792981637645911e+29 5.7071998738255445e+29 0.0 3.5207585439734674e+29 1.5715374269336835e+30 0.0 8.642164858794189e+29 3.191667361522228e+30 0.0 1.8688722610582591e+30 5.249570136183656e+30 0.0 3.4561898301005423e+30 7.755045734978484e+30 0.0 5.475199801477707e+30 1.0759458506258434e+31 0.0 7.392520376439132e+30 1.3927496093013976e+31 0.0 8.292750679954666e+30 1.6317158094910138e+31 0.0 7.431019955435549e+30 1.6826643496840051e+31 0.0 7.360804532170619e+30 3.6804022660854333e+31 0.0 5.956958580703399e+28 3.677563010090411e+29 0.0 6.448715847869876e+28 2.6198157383846453e+29 0.0 1.7699862054066156e+29 6.808298596502973e+29 0.0 4.335493806239517e+29 1.413359122537999e+30 0.0 9.250883062871098e+29 2.416379546653026e+30 0.0 1.6722338519865611e+30 3.6174882180978265e+30 0.0 2.5528611872956744e+30 4.9355688492867504e+30 0.0 3.29201293587181e+30 6.177199394200486e+30 0.0 3.542936431890817e+30 6.998313884946251e+30 0.0 3.136420188412718e+30 7.151064827380376e+30 0.0 3.1557581021658314e+30 1.5778790510829618e+31 0.0 3.0743708232068373e+28 1.9119890731177584e+29 0.0 3.288582247263539e+28 1.2844322129858362e+29 0.0 8.641174640908744e+28 3.1430971476280027e+29 0.0 2.0536101462155584e+29 6.509198753116229e+29 0.0 4.2883958858537164e+29 1.1365855513927022e+30 0.0 7.646871848761733e+29 1.722201164581847e+30 0.0 1.150752065624212e+30 2.3303467429911618e+30 0.0 1.456879126919545e+30 2.849791308497164e+30 0.0 1.5416018793242196e+30 3.145487439001681e+30 0.0 1.3661959012993695e+30 3.179261069383464e+30 0.0 1.4010487974941377e+30 7.005243987471034e+30 0.0 1.6179767805730253e+28 1.0213174841036604e+29 0.0 1.6798539791370956e+28 6.545327663687334e+28 0.0 4.183494554178262e+28 1.5156198874969104e+29 0.0 9.575103515751642e+28 3.0956775799610648e+29 0.0 1.946803908724877e+29 5.446945192878154e+29 0.0 3.422735733791817e+29 8.323674281157826e+29 0.0 5.1185734808875364e+29 1.123719162729653e+30 0.0 6.462439397556949e+29 1.3569801760964744e+30 0.0 6.85396879735429e+29 1.475184433975531e+30 0.0 6.185147704007006e+29 1.4851709946940735e+30 0.0 6.530412718847975e+29 3.2652063594241324e+30 0.0 8.5207162661562e+27 5.521108399153568e+28 0.0 8.516948709043243e+27 3.405551609883331e+28 0.0 2.022602713576707e+28 7.53234021935282e+28 0.0 4.485041921602183e+28 1.516273410517164e+29 0.0 8.916936250938768e+28 2.6779104774845854e+29 0.0 1.5482330993864074e+29 4.123882462495528e+29 0.0 2.310281195629557e+29 5.585500740822516e+29 0.0 2.9351705017387707e+29 6.724351321871965e+29 0.0 3.164754052419309e+29 7.283261876876474e+29 0.0 2.9475078907929605e+29 7.362018409817319e+29 0.0 3.224267367496471e+29 1.6121336837483405e+30 0.0 4.3682323403794355e+27 2.9723356657713438e+28 0.0 4.2285545055842e+27 1.7854288871079142e+28 0.0 9.771585477857104e+27 3.8223534769596735e+28 0.0 2.1279171500210356e+28 7.61729622178314e+28 0.0 4.180839429057048e+28 1.3532353416353825e+29 0.0 7.227939340680385e+28 2.1097126970568e+29 0.0 1.0834529923750398e+29 2.8896034724674813e+29 0.0 1.3980155670408955e+29 3.5093755560533604e+29 0.0 1.5531916993225175e+29 3.843200805275224e+29 0.0 1.4943693971522795e+29 3.899735443450256e+29 0.0 1.69441305854839e+29 8.472065292742755e+29 0.0 2.0602819709318503e+27 1.5539474684981505e+28 0.0 2.0184137069704255e+27 9.331929794884906e+27 0.0 4.700275986413575e+27 1.9589930380616858e+28 0.0 1.0249378880256906e+28 3.897167711275658e+28 0.0 2.0230717456100393e+28 7.0261687662100265e+28 0.0 3.5336858499216215e+28 1.1206104274077196e+29 0.0 5.394116022051621e+28 1.5743989633716425e+29 0.0 7.166065426426772e+28 1.9614219317746093e+29 0.0 8.229765000314002e+28 2.1870247764068706e+29 0.0 8.092295176962852e+28 2.2078626721191927e+29 0.0 9.489083593713207e+28 4.7445417968571234e+29 0.0 7.40623716891447e+26 7.514243245854832e+27 0.0 9.008057897438834e+26 4.714794922128056e+27 0.0 2.26415139037028e+27 1.002022030386121e+28 0.0 5.066629012803487e+27 2.0288343242875024e+28 0.0 1.0229158337589611e+28 3.769762664341695e+28 0.0 1.8468193635742205e+28 6.277907726770971e+28 0.0 2.8937764454599522e+28 9.137585381107897e+28 0.0 3.974562506857342e+28 1.1758937685290823e+29 0.0 4.6724487179995465e+28 1.3260860901820866e+29 0.0 4.673990936805805e+28 1.3297711103846792e+29 0.0 5.653847057064659e+28 2.826923528532611e+29 0.0 2.9429840806018923e+26 3.018777523896293e+27 0.0 3.502384247005083e+26 1.7953489735134725e+27 0.0 8.461214898665448e+26 3.7516918579141644e+27 0.0 2.1347978163975037e+27 8.721185381968621e+27 0.0 5.107765835689159e+27 1.9601069365784158e+28 0.0 1.108866837394024e+28 4.004899253044736e+28 0.0 1.6608148142871558e+28 5.6286424838465165e+28 0.0 2.3576998693294474e+28 7.479555925101614e+28 0.0 2.845812420116466e+28 8.538704183094931e+28 0.0 2.875236571309943e+28 8.491587305238443e+28 0.0 3.570580389706632e+28 1.785290194853477e+29 0.0 2.0833365124145083e+26 1.5216284964068332e+27 0.0 1.8561911709938555e+26 8.137512236258857e+26 0.0 3.8122486988053164e+26 1.5822017341519317e+27 0.0 8.830214538167821e+26 3.517539894706385e+27 0.0 2.0533938928299244e+27 7.920493842330573e+27 0.0 4.427435034355124e+27 1.6540508020925888e+28 0.0 8.561884925308162e+27 3.0537850433983603e+28 0.0 1.4484607002963372e+28 4.897965544120552e+28 0.0 2.038423770655109e+28 6.5223582139667635e+28 0.0 1.8703121005473614e+28 5.735464985883428e+28 0.0 2.379967683373628e+28 1.1899838416869605e+29 0.0 1.5034335410881204e+26 9.207026453202115e+26 0.0 1.1609595034240466e+26 4.4709785142974e+26 0.0 2.1100345082004112e+26 8.095872988684048e+26 0.0 4.604105354871998e+26 1.744869440651613e+27 0.0 1.0568656091213108e+27 3.9479022168025956e+27 0.0 2.311834418122576e+27 8.488408846136573e+27 0.0 4.547528015676897e+27 1.630849777166607e+28 0.0 7.642568720648425e+27 2.6627584150702328e+28 0.0 1.0630055546733854e+28 3.5683563714068093e+28 0.0 1.2581302147630426e+28 3.9612740529432967e+28 0.0 1.673922374726515e+28 8.369611873634008e+28 0.0 1.1365783691951622e+26 6.355520545607145e+26 0.0 8.332916771242593e+25 2.9470489015907432e+26 0.0 1.421961682957169e+26 5.112106454534121e+26 0.0 3.003528500475215e+26 1.0825800235353425e+27 0.0 6.820709807704426e+26 2.4469185285791012e+27 0.0 1.5121419925684127e+27 5.370043365614095e+27 0.0 3.0330141500702154e+27 1.0597821798992311e+28 0.0 5.227080870066629e+27 1.7844036294768805e+28 0.0 7.514589812976141e+27 2.481181892167152e+28 0.0 9.091565314131445e+27 2.86193126052308e+28 0.0 1.2214563129041089e+28 6.107281564521452e+28 0.0 8.826333767025082e+25 4.739518016578186e+26 0.0 6.375769515312537e+25 2.1435795582114653e+26 0.0 1.0631123804784832e+26 3.647149961078553e+26 0.0 2.2170218691234415e+26 7.668938008369919e+26 0.0 4.972609662587195e+26 1.720481650193269e+27 0.0 1.100659684723857e+27 3.7852563057492223e+27 0.0 2.22641033941447e+27 7.564403238380037e+27 0.0 3.884137662365281e+27 1.2949767880709434e+28 0.0 5.64708341294142e+27 1.8323232329128482e+28 0.0 6.847329762147103e+27 2.1413459272083584e+28 0.0 9.184795749629543e+27 4.592397874815354e+28 0.0 7.014894495849471e+25 3.700349280947817e+26 0.0 5.02420465643181e+25 1.639805991393766e+26 0.0 8.283602554488072e+25 2.7520262765386833e+26 0.0 1.7096452134694942e+26 5.732424723991156e+26 0.0 3.8016734119092546e+26 1.2776488335480512e+27 0.0 8.393403014048784e+26 2.8108516674550767e+27 0.0 1.7025313141043462e+27 5.649908230943634e+27 0.0 2.9871601156361747e+27 9.765695685763108e+27 0.0 4.3671390137639614e+27 1.3970870984214483e+28 0.0 5.304895196457034e+27 1.647780864736491e+28 0.0 7.094614688832141e+27 3.5473073444165067e+28 0.0 5.703926612890095e+25 2.9819447394034447e+26 0.0 4.047510490731562e+25 1.2972650098265827e+26 0.0 6.607500609026682e+25 2.147417163625278e+26 0.0 1.3521442076055458e+26 4.430435614078903e+26 0.0 2.9850352784560555e+26 9.808524521048084e+26 0.0 6.576321759322094e+26 2.1564284627081126e+27 0.0 1.336600400896323e+27 4.352888718602239e+27 0.0 2.3548806909633305e+27 7.578947467844186e+27 0.0 3.4579150632327607e+27 1.0936998941673821e+28 0.0 4.2100812637696845e+27 1.3000673558415618e+28 0.0 5.616126750332008e+27 2.8080633751662363e+28 0.0 4.733162520177534e+25 2.461536635884039e+26 0.0 3.3262191688612104e+25 1.0535470148896214e+26 0.0 5.379212887415515e+25 1.7214971583677515e+26 0.0 1.0925669794049464e+26 3.519438851034592e+26 0.0 2.396730126707705e+26 7.740618824440488e+26 0.0 5.2693051688350164e+26 1.699597138497611e+27 0.0 1.0727429649475131e+27 3.442004060955061e+27 0.0 1.8971942108056471e+27 6.030333197102696e+27 0.0 2.7972971648317845e+27 8.766970278928746e+27 0.0 3.4147251877713034e+27 1.049348032477682e+28 0.0 4.546677658964101e+27 2.2733388294825126e+28 0.0 4.000305329689675e+25 2.072746493321286e+26 0.0 2.7844377940267476e+25 8.746704127341913e+25 0.0 4.463362764565737e+25 1.4125718506130601e+26 0.0 9.002958773223677e+25 2.8633918901820708e+26 0.0 1.963532182962026e+26 6.25810555800954e+26 0.0 4.308490757927921e+26 1.3719157199476268e+27 0.0 8.784455400846276e+26 2.785669063546431e+27 0.0 1.559049835924096e+27 4.9066411322349585e+27 0.0 2.3078998148592927e+27 7.180179413542502e+27 0.0 2.825283348485436e+27 8.647728806583325e+27 0.0 3.757251801486936e+27 1.8786259007439376e+28 0.0 3.436933082220267e+25 1.7755455376971426e+26 0.0 2.371032768874506e+25 7.402135625273865e+25 0.0 3.7698088009565254e+25 1.1831599331500587e+26 0.0 7.55483054677523e+25 2.3796554898193593e+26 0.0 1.638891388048267e+26 5.170209209695101e+26 0.0 3.5894196884778385e+26 1.1314772227731222e+27 0.0 7.328049968829279e+26 2.3023166227076234e+27 0.0 1.3048110350564868e+27 4.0741436439579914e+27 0.0 1.9389659209395814e+27 5.996808844778606e+27 0.0 2.3805699439842888e+27 7.263090886827402e+27 0.0 3.1636699295096505e+27 1.581834964755145e+28 0.0 2.9970453356252836e+25 1.5442202134378134e+26 0.0 2.0509264165399702e+25 6.371536855744466e+25 0.0 3.2368290095384464e+25 1.009333256506748e+26 0.0 6.447566535431265e+25 2.015672520071818e+26 0.0 1.3917340301489681e+26 4.35546788794831e+26 0.0 3.0425719248825177e+26 9.514898348157921e+26 0.0 6.218773571797408e+26 1.939400009132145e+27 0.0 1.110616022074435e+27 3.445865812330671e+27 0.0 1.6564051236808775e+27 5.098518800691067e+27 0.0 2.039583880448983e+27 6.206487849240518e+27 0.0 2.7097819714759965e+27 1.354890985738287e+28 0.0 2.64907921120532e+25 1.3614942286341856e+26 0.0 1.79969441776756e+25 5.568402118557694e+25 0.0 2.821526726020111e+25 8.752895660595803e+25 0.0 5.588859790835364e+25 1.736836061139291e+26 0.0 1.2008011701574796e+26 3.734122670562091e+26 0.0 2.6205342405763225e+26 8.143211217647165e+26 0.0 5.3614387157911305e+26 1.6621346925286255e+27 0.0 9.601247410146743e+26 2.9637382251649656e+27 0.0 1.436847759499573e+27 4.4056214462453067e+27 0.0 1.7742674352812445e+27 5.387632818490567e+27 0.0 2.3573688138931164e+27 1.1786844069466238e+28 0.0 -5.027338337779943e+23 8.523194590603581e+25 0.0 -4.4486010924201124e+23 4.400016386867092e+25 0.0 -7.4017529240408e+23 6.871832122749211e+25 0.0 -1.5190299864372472e+24 1.3559813064282153e+26 0.0 -3.287380172030905e+24 2.9020734498335513e+26 0.0 -6.99249212369285e+24 6.317433090145933e+26 0.0 -1.3335599406343314e+25 1.290634843755372e+27 0.0 -2.07706907020505e+25 2.3075190041492555e+27 0.0 -2.3803154572787394e+25 3.442021736533884e+27 0.0 -1.6299869791995685e+25 4.222384927320371e+27 0.0 0.0 1.4559470461580376e+28 0.0 -2.2514591738365702e+25 1.1008397093250442e+26 0.0 -1.5194851904785483e+25 4.451598995638927e+25 0.0 -2.362450157447972e+25 6.9130431797876675e+25 0.0 -4.641464038072767e+25 1.3572036278242553e+26 0.0 -9.893426252117154e+25 2.8925795407662075e+26 0.0 -2.1485788964039724e+26 6.286083562682871e+26 0.0 -4.3854896096060934e+26 1.2852140762896113e+27 0.0 -7.836626838537916e+26 2.3034633344186042e+27 0.0 -1.1672365777144979e+27 3.447025253642505e+27 0.0 -1.4262676997762263e+27 4.241216308236511e+27 0.0 -1.8587425377468067e+27 9.293712688736129e+27 0.0 -2.0487618791759916e+25 1.0037018981687862e+26 0.0 -1.3742520251907924e+25 4.0360774119632215e+25 0.0 -2.1244187632306414e+25 6.234216107177304e+25 0.0 -4.153334911361626e+25 1.2182633281411695e+26 0.0 -8.81805814890077e+25 2.5865970458601277e+26 0.0 -1.912169132471904e+26 5.6126623595137105e+26 0.0 -3.9069549669427765e+26 1.1484987403289343e+27 0.0 -7.001997707614464e+26 2.0636879521440305e+27 0.0 -1.0472015453132733e+27 3.098985448099096e+27 0.0 -1.2853765294907182e+27 3.82673896059692e+27 0.0 -1.6804054684670127e+27 8.402027342336905e+27 0.0 -1.8818840380286485e+25 9.23656959747093e+25 0.0 -1.2562246180299514e+25 3.697589266804949e+25 0.0 -1.9318542927043705e+25 5.683140951561955e+25 0.0 -3.7605799875991107e+25 1.1060009640587087e+26 0.0 -7.956124895254096e+25 2.3402202728799886e+26 0.0 -1.722888936557201e+26 5.070972440591072e+26 0.0 -3.5232723123562414e+26 1.0383927262612678e+27 0.0 -6.330643600309238e+26 1.8700561709928058e+27 0.0 -9.502327364568457e+26 2.816955573625224e+27 0.0 -1.1710215082247007e+27 3.489726781270986e+27 0.0 -1.5351410034348286e+27 7.675705017176927e+27 0.0 -1.7434192800741908e+25 8.571822439740477e+25 0.0 -1.1590303912580153e+25 3.41826792000496e+25 0.0 -1.7744348909443974e+25 5.231352667080745e+25 0.0 -3.4410386745068724e+25 1.0143511643389755e+26 0.0 -7.257299709453137e+25 2.139714115269515e+26 0.0 -1.5695998952636545e+26 4.6305940677723846e+26 0.0 -3.212170058293001e+26 9.487853141126908e+26 0.0 -5.784774120348374e+26 1.7121000368839472e+27 0.0 -8.710927233430515e+26 2.586188035029867e+27 0.0 -1.077307034437613e+27 3.2131350265030793e+27 0.0 -1.4157303350028056e+27 7.078651675014518e+27 0.0 -1.6277284008912795e+25 8.015937485274675e+25 0.0 -1.0783368704587693e+25 3.1859554928194076e+25 0.0 -1.644558933105713e+25 4.8577258897168376e+25 0.0 -3.1785141378940582e+25 9.388408129343503e+25 0.0 -6.684961904366987e+25 1.9749889802550585e+26 0.0 -1.4441889660297526e+26 4.269158067839247e+26 0.0 -2.957398543028187e+26 8.751781859346333e+26 0.0 -5.336670160434511e+26 1.582080577200891e+27 0.0 -8.059139483251178e+26 2.395724335261471e+27 0.0 -9.998469557954726e+26 2.984236111538735e+27 0.0 -1.3167695422137277e+27 6.583847711071454e+27 0.0 -1.530466947320393e+25 7.548227782579733e+25 0.0 -1.010861074945704e+25 2.991399908812558e+25 0.0 -1.5365414111515886e+25 4.546362471333256e+25 0.0 -2.960979584770286e+25 8.761235472808963e+25 0.0 -6.212036919469088e+25 1.8385255672456346e+26 0.0 -1.3406619968500402e+26 3.9700044675913794e+26 0.0 -2.7469207963790416e+26 8.142136379743625e+26 0.0 -4.965702313077114e+26 1.4741988753083695e+27 0.0 -7.518006427714398e+26 2.2373149996614382e+27 0.0 -9.3533509681086e+26 2.793405618784408e+27 0.0 -1.2341628089693478e+27 6.17081404485011e+27 0.0 -1.4482528084162918e+25 7.152582504545664e+25 0.0 -9.540835419070059e+24 2.8274765715020108e+25 0.0 -1.446071194360033e+25 4.285144244083263e+25 0.0 -2.7793751685598325e+25 8.236627782860243e+25 0.0 -5.818214604829015e+25 1.7246450322941794e+26 0.0 -1.254529381220694e+26 3.720569868175158e+26 0.0 -2.5716949621299298e+26 7.633528509690065e+26 0.0 -4.656309760072042e+26 1.384055054998584e+27 0.0 -7.065566434516218e+26 2.1046742947110242e+27 0.0 -8.812488168542033e+26 2.633279753069121e+27 0.0 -1.164769641894259e+27 5.823848209474329e+27 0.0 -1.3784280600933995e+25 6.816335328572878e+25 0.0 -9.060486539007106e+24 2.688639685837646e+25 0.0 -1.3698375829904877e+25 4.0647253673076715e+25 0.0 -2.6267859958972222e+25 7.795123157833078e+25 0.0 -5.488055079636e+25 1.629005543628796e+26 0.0 -1.1823811045455711e+26 3.511255990941825e+26 0.0 -2.424841061113253e+26 7.206531263428188e+26 0.0 -4.396608246888609e+26 1.3082717857901924e+27 0.0 -6.684964446062875e+26 1.9929585817405728e+27 0.0 -8.356414252645433e+26 2.498162434019317e+27 0.0 -1.1061559813615505e+27 5.530779906810462e+27 0.0 -1.3188858143277705e+25 6.529441236369854e+25 0.0 -8.652227769268012e+24 2.570529672325408e+25 0.0 -1.3052689189794627e+25 3.877820187589697e+25 0.0 -2.497870881023559e+25 7.421622440751747e+25 0.0 -5.2096771615109405e+25 1.5482497619599284e+26 0.0 -1.1215955857158171e+26 3.334646911822298e+26 0.0 -2.3010617507944526e+26 6.846114214763695e+26 0.0 -4.177416938220625e+26 1.244228653060328e+27 0.0 -6.363121812290094e+26 1.8983963843436182e+27 0.0 -7.969949004754787e+26 2.3836027854105036e+27 0.0 -1.0564163780786244e+27 5.282081890394831e+27 0.0 -1.2679427567633112e+25 6.283870538269104e+25 0.0 -8.303919589125328e+24 2.4696885285034087e+25 0.0 -1.250346794363087e+25 3.718693044555976e+25 0.0 -2.388459162536742e+25 7.104291341676426e+25 0.0 -4.9738361511103974e+25 1.4797545626956391e+26 0.0 -1.070134956752598e+26 3.1849533421327806e+26 0.0 -2.196233793416734e+26 6.540529858717166e+26 0.0 -3.99156858212279e+26 1.1898723215532427e+27 0.0 -6.089787363434888e+26 1.8180227556702784e+27 0.0 -7.64114065278167e+26 2.286090360345346e+27 0.0 -1.01404542684569e+27 5.07022713423e+27 0.0 -1.2242442988371197e+25 6.073158077056505e+25 0.0 -8.005871873192415e+24 2.3833509878396345e+25 0.0 -1.2034721357484282e+25 3.582788128753432e+25 0.0 -2.295262057735941e+25 6.8337682881789845e+25 0.0 -4.773266101969409e+25 1.4214510424232955e+26 0.0 -1.0263990924899136e+26 3.0576130486620575e+26 0.0 -2.1071160030533216e+26 6.280511084004858e+26 0.0 -3.83341410869133e+26 1.1435792224400395e+27 0.0 -5.856851983743841e+26 1.7494862964132343e+27 0.0 -7.360496477052414e+26 2.2028327883242237e+27 0.0 -9.778437702291614e+26 4.8892188511491104e+27 0.0 -1.1866933192537102e+25 5.89206466866408e+25 0.0 -7.750291349588009e+24 2.3092896054405144e+25 0.0 -1.1633674437263192e+25 3.4664578062390917e+25 0.0 -2.215663295235457e+25 6.602586024813521e+25 0.0 -4.6022045166873565e+25 1.3716935112583474e+26 0.0 -9.891201731949383e+25 2.949000116573069e+26 0.0 -2.03113781919657e+26 6.0586861074345746e+26 0.0 -3.698462526048954e+26 1.1040551086887739e+27 0.0 -5.657847746125858e+26 1.6909074166832937e+27 0.0 -7.12041723452257e+26 2.1315918254529223e+27 0.0 -9.468486538484307e+26 4.734243269245351e+27 0.0 -1.1543961639123677e+25 5.736320627313222e+25 0.0 -7.530868831108235e+24 2.2456987095029593e+25 0.0 -1.1290045944569125e+25 3.3667610709404573e+25 0.0 -2.147565417603425e+25 6.404744608455821e+25 0.0 -4.456044684236271e+25 1.3291630733462339e+26 0.0 -9.572856068894015e+25 2.8562110636967524e+26 0.0 -1.9662444518112063e+26 5.869147321861741e+26 0.0 -3.5831161988368365e+26 1.0702608055126208e+27 0.0 -5.487577942269669e+26 1.6407731706421831e+27 0.0 -6.914777116690084e+26 2.0705612656739846e+27 0.0 -9.202821169365115e+26 4.601410584686142e+27 0.0 -1.1266214037592285e+25 5.6024299409933555e+25 0.0 -7.342469602229614e+24 2.191107182146014e+25 0.0 -1.09955095403625e+25 3.2813125464142445e+25 0.0 -2.0892757082870246e+25 6.2353929662386334e+25 0.0 -4.331078540296105e+25 1.292795933423685e+26 0.0 -9.300810590762784e+25 2.7769058839178208e+26 0.0 -1.9107822340541493e+26 5.707130386299704e+26 0.0 -3.484474209866729e+26 1.0413567895133409e+27 0.0 -5.34184105954943e+26 1.5978584886480562e+27 0.0 -6.738608814981312e+26 2.0182751878624515e+27 0.0 -8.975119886931608e+26 4.4875599434672536e+27 0.0 -1.102768114548396e+25 5.487519694076026e+25 0.0 -7.180920143225012e+24 2.1443186186185032e+25 0.0 -1.0743287758820133e+25 3.2081683458995647e+25 0.0 -2.0394206814244956e+25 6.090589215394171e+25 0.0 -4.224304547005546e+25 1.2617295877818386e+26 0.0 -9.068479187615204e+25 2.7091888094442416e+26 0.0 -1.863412903641193e+26 5.568773181626552e+26 0.0 -3.400184898019779e+26 1.0166614529149413e+27 0.0 -5.217222960525946e+26 1.5611666704042102e+27 0.0 -6.587865333269648e+26 1.9735384211838343e+27 0.0 -8.780222816740939e+26 4.390111408373386e+27 0.0 -1.0823413248719308e+25 5.38922354220756e+25 0.0 -7.042741309735874e+24 2.104334537884146e+25 0.0 -1.052787177095422e+25 3.1457475572805978e+25 0.0 -1.996881411856831e+25 5.967118773600807e+25 0.0 -4.1332828451540585e+25 1.23526209875667e+26 0.0 -8.870512545380167e+25 2.6515181183396254e+26 0.0 -1.823048944047807e+26 5.4509332676592194e+26 0.0 -3.328334324785765e+26 9.956194225196264e+26 0.0 -5.1109391268134044e+26 1.5298840812912742e+27 0.0 -6.459238440131773e+26 1.9353734527677894e+27 0.0 -8.613905520064922e+26 4.306952760034117e+27 0.0 -1.0649329209161715e+25 5.305591110566573e+25 0.0 -6.925102987651026e+24 2.070342993194137e+25 0.0 -1.0344750095031802e+25 3.092755046936655e+25 0.0 -1.9607442483369317e+25 5.862355347775329e+25 0.0 -4.0560251817376294e+25 1.212821047762305e+26 0.0 -8.70255482907465e+25 2.6026374183693656e+26 0.0 -1.7888044349644808e+26 5.351048663453809e+26 0.0 -3.2673612869406535e+26 9.777773455178089e+26 0.0 -5.0207140545393625e+26 1.503345432171608e+27 0.0 -6.350019363443365e+26 1.9029796287766566e+27 0.0 -8.47270477539547e+26 4.236352387701223e+27 0.0 -1.0502067272765293e+25 5.235017233969749e+25 0.0 -6.825681025347577e+24 2.0416775145161884e+25 0.0 -1.0190149272707963e+25 3.0481068618532226e+25 0.0 -1.930263007008197e+25 5.774154085148284e+25 0.0 -3.9909107160633735e+25 1.1939397275962948e+26 0.0 -8.561057722300271e+25 2.56152298617043e+26 0.0 -1.7599574541962946e+26 5.267031059547968e+26 0.0 -3.215992162137392e+26 9.627652798416922e+26 0.0 -4.944688519733365e+26 1.4810070287577957e+27 0.0 -6.257991325577426e+26 1.8757016429786313e+27 0.0 -8.3537838472937e+26 4.1768919236513246e+27 0.0 -1.0378868270064356e+25 5.176186599925847e+25 0.0 -6.742572871935323e+24 2.0177932003044694e+25 0.0 -1.0061041917663738e+25 3.0109348397803697e+25 0.0 -1.9048298394972848e+25 5.700769102151508e+25 0.0 -3.936621316856348e+25 1.1782388112600676e+26 0.0 -8.443137630788686e+25 2.527343246686991e+26 0.0 -1.7359211840645976e+26 5.197183584654282e+26 0.0 -3.1731907403019974e+26 9.502823377570217e+26 0.0 -4.8813479859914814e+26 1.4624260883604008e+27 0.0 -6.181346345379689e+26 1.853005118807947e+27 0.0 -8.254827962494699e+26 4.1274139812497145e+27 0.0 -1.0277484133613683e+25 5.128030443804067e+25 0.0 -6.67423185836253e+24 1.998248098002267e+25 0.0 -9.954973049906622e+24 2.980536389435484e+25 0.0 -1.8839527539851499e+25 5.6407897835505685e+25 0.0 -3.8920917302544186e+25 1.165412217814334e+26 0.0 -8.34646577779605e+25 2.4994275467574893e+26 0.0 -1.716221658310847e+26 5.140137389928241e+26 0.0 -3.138119521404595e+26 9.400855974191463e+26 0.0 -4.8294672792616485e+26 1.4472447405426708e+27 0.0 -6.118620759172651e+26 1.8344576740745833e+27 0.0 -8.17396316728781e+26 4.0869815836450195e+27 0.0 -1.0196106487491557e+25 5.089692817731884e+25 0.0 -6.619570064413808e+24 1.982734812446244e+25 0.0 -9.869975935695494e+24 2.9563506568984908e+25 0.0 -1.8672382795281665e+25 5.5930916762167926e+25 0.0 -3.8564712375446323e+25 1.1552162372349271e+26 0.0 -8.2691837051802e+25 2.4772421420841828e+26 0.0 -1.7004806446873493e+26 5.0948028539655215e+26 0.0 -3.1101099061158976e+26 9.319815596780385e+26 0.0 -4.7880678487664324e+26 1.435177663866998e+27 0.0 -6.068645362650778e+26 1.81971427700991e+27 0.0 -8.109693527232071e+26 4.0548467636175204e+27 0.0 -1.0133311144876742e+25 5.060504461490567e+25 0.0 -6.577541373758105e+24 1.9709563577973145e+25 0.0 -9.80450745651658e+24 2.9379402829685824e+25 0.0 -1.8543781813919254e+25 5.556798941403477e+25 0.0 -3.829094332366728e+25 1.1474612269402733e+26 0.0 -8.209838704200412e+25 2.4603718714829795e+26 0.0 -1.688402561016617e+26 5.0603323263212785e+26 0.0 -3.0886393880117456e+26 9.25819617668238e+26 0.0 -4.7563850450765945e+26 1.426002628182101e+27 0.0 -6.030507167722629e+26 1.8085060190171566e+27 0.0 -8.060852941886612e+26 4.030426470945367e+27 0.0 -1.008801599401087e+25 5.039963102980832e+25 0.0 -6.547249045146733e+24 1.9626589132312363e+25 0.0 -9.75739900392074e+24 2.9249776316740935e+25 0.0 -1.8451394203991157e+25 5.531256110133541e+25 0.0 -3.809458614096535e+25 1.1420053768937683e+26 0.0 -8.167335184901419e+25 2.4485064044037936e+26 0.0 -1.679764620788907e+26 5.036092158925969e+26 0.0 -3.0733143636459445e+26 9.214871491628078e+26 0.0 -4.7338434436216426e+26 1.4195533787056835e+27 0.0 -6.003520557609653e+26 1.8006316580884306e+27 0.0 -8.026568832703946e+26 4.013284416353216e+27 0.0 -1.0059449936988241e+25 5.027719094517034e+25 0.0 -6.528170188055573e+24 1.957699552175857e+25 0.0 -9.727820450604303e+24 2.9172347534628575e+25 0.0 -1.8393567900523816e+25 5.516007541565091e+25 0.0 -3.7972086013029678e+25 1.1387501813500057e+26 0.0 -8.140899101293242e+25 2.4414302577844403e+26 0.0 -1.674409626486953e+26 5.021642398635429e+26 0.0 -3.0638575618528788e+26 9.189059507015712e+26 0.0 -4.7200388045942625e+26 1.4157144606672346e+27 0.0 -5.987206229020626e+26 1.795951464004251e+27 0.0 -8.006235711172827e+26 4.003117855588853e+27 0.0 -4.994621707973112e+21 7.032991756803135e+25 0.0 -7.454076643055948e+24 2.235474589843994e+25 0.0 -1.110710130453573e+25 3.331023704155532e+25 0.0 -2.1000796298521244e+25 6.298184954767552e+25 0.0 -4.335323016279121e+25 1.3001863144385928e+26 0.0 -9.294474419834002e+25 2.787506573737973e+26 0.0 -1.9116966510155804e+26 5.733510526958191e+26 0.0 -3.498150022308644e+26 1.049194803298002e+27 0.0 -5.389314599645733e+26 1.6164985073408582e+27 0.0 -6.836493064832252e+26 2.050738431442859e+27 0.0 -1.3999120134563018e+27 4.199736040374482e+27 0.0
    </DataArray>
    <DataArray type="Float32" Name="Ion soret flux Density [Am^-2]" NumberOfComponents="3" format="ascii">
110713805730.6414 -3813958113374.115 0.0 -14690041185.018917 -3960748283703.83 0.0 1625106178161.201 -7486507940598.525 0.0 3608693223393.1016 -9550181310154.88 0.0 5632427681113.567 -11470398455129.844 0.0 7772346629483.833 -13152501727610.059 0.0 10093956864570.572 -13224524285650.488 0.0 12173965887105.582 -8835158787954.03 0.0 12225281955919.285 265864318856.62537 0.0 9145363518632.225 6752492643745.143 0.0 7429746034380.713 13138971144274.715 0.0 -280342125481.22986 -1649174212135.658 0.0 -58879729087.70665 -2018367305028.0298 0.0 769006511622.2694 -4183322031734.8306 0.0 2029842091974.9724 -5601297771859.736 0.0 3510499027076.765 -6788551140677.606 0.0 5169032360797.581 -7619975994519.903 0.0 6927058231453.134 -7212017328441.269 0.0 8346880755261.708 -4017919157632.11 0.0 8302038217162.995 1529882682475.242 0.0 6399185776377.276 5251189342586.451 0.0 4721400258096.346 10129302224579.186 0.0 -76834653094.98843 -570896449600.4635 0.0 134650693347.74347 -578655454606.1333 0.0 898510974973.5079 -1368559168966.2004 0.0 2114188163962.2307 -1979546946141.9797 0.0 3650295334017.4717 -2396923386814.033 0.0 5382703802230.617 -2477729146947.937 0.0 6968180728262.054 -1853298490765.6692 0.0 7770870693744.03 -193382760416.53073 0.0 7274616994214.049 1978801776152.268 0.0 5703848412766.616 3430404475154.764 0.0 4425300054389.012 6206044175114.087 0.0 -19481297374.100147 -188785250556.74487 0.0 48254953669.86711 -153292547307.3339 0.0 304415068303.02216 -377568829195.01056 0.0 793432886627.1793 -570693636779.5536 0.0 1454368514609.8599 -663089458531.1425 0.0 2220504101359.2856 -596640149608.3894 0.0 2934217570060.9653 -280941620254.22076 0.0 3397271185840.1626 313074548984.26904 0.0 3493859426596.7256 1051337832526.5543 0.0 3115745228811.798 1642540559169.9866 0.0 2792763735817.2446 3016786602877.924 0.0 -5311282453.190144 -69103710661.4942 0.0 15414562143.399311 -47328983838.77744 0.0 88542860671.03185 -112219927009.43408 0.0 245696111884.99106 -173317899899.36624 0.0 468341112674.22766 -192957033424.4335 0.0 732876770140.9725 -151468329401.39835 0.0 1010646435283.7861 -30187334919.091858 0.0 1262124152214.2993 179307380438.18878 0.0 1424965388620.1716 449710633848.21466 0.0 1400752602500.7864 693321800473.7683 0.0 1429398896402.144 1310845480039.5574 0.0 -1473626239.2572744 -27713976816.40866 0.0 5704908365.847051 -16920133231.473686 0.0 28944582898.773346 -37771557640.33112 0.0 83302453360.54066 -59583896076.42549 0.0 168039201854.44058 -66577040677.042244 0.0 273688248816.61667 -47966070734.01707 0.0 390036578903.60547 2194158815.52786 0.0 502086622653.58 84867131898.93288 0.0 582411614456.0448 188604561669.65738 0.0 598098100324.197 285719231603.83356 0.0 667891885753.494 549620623147.9996 0.0 -361091790.26757187 -11837578721.385536 0.0 2403872672.783897 -6661026950.755728 0.0 10708073516.04522 -13879902012.789608 0.0 30955086799.660385 -21940081124.85072 0.0 65609027516.56681 -24864017505.059914 0.0 111827208890.6214 -16941427164.77029 0.0 163644299516.7862 4724742151.481153 0.0 212534114567.08347 39317972490.64836 0.0 246893453726.79868 80925149075.68906 0.0 258635270072.24023 120494752411.373 0.0 304479588418.08044 231740111320.31467 0.0 -42369183.8196034 -5271284712.761926 0.0 1099065219.8260095 -2787477808.51714 0.0 4336093423.528451 -5422499857.435154 0.0 12258412153.499596 -8417215317.186346 0.0 26628720114.19752 -9549337148.876265 0.0 46956656645.75657 -6186042074.468124 0.0 70395156195.11263 3173225229.016065 0.0 92416784659.5521 17987455830.319466 0.0 107838751789.3412 35458673315.118095 0.0 114843893521.45078 52396894501.498505 0.0 140024003617.19867 100292480856.10872 0.0 35077521.50350923 -2411173727.3264894 0.0 525938823.12322277 -1212909252.6875434 0.0 1868068827.553927 -2218266797.45203 0.0 5105676031.4190645 -3353778964.2423415 0.0 11148131290.0131 -3766957998.9933825 0.0 20066049089.19821 -2318741783.139259 0.0 30691503486.9853 1735659374.2614548 0.0 40877935395.49955 8193310081.844635 0.0 48308374088.43264 15852495013.649252 0.0 52635593480.81705 23578457669.80903 0.0 66027458649.43996 45026495256.451614 0.0 41751029.23243747 -1119571231.679795 0.0 257338149.1708517 -540657010.397734 0.0 838050989.8793055 -939212727.6016705 0.0 2214688023.5829816 -1385196744.9812298 0.0 4822892106.360681 -1537359877.0237265 0.0 8787847569.438063 -901623658.1269788 0.0 13672542190.061934 884626273.7069335 0.0 18530974714.576084 3778021188.128177 0.0 22367722271.85024 7307187423.664831 0.0 25106994479.536495 11070274195.63213 0.0 32199669781.71277 21098783241.850338 0.0 31249523.494117558 -520167651.1651788 0.0 126655677.61797987 -243908334.0462249 0.0 385486863.1242807 -407676056.3800762 0.0 990695860.9041314 -590168352.4909986 0.0 2152222424.8469844 -650008529.8842791 0.0 3968683264.2750936 -366703854.73493445 0.0 6289715480.510645 443217666.7686545 0.0 8725045201.408028 1796071965.656654 0.0 10874881332.629372 3533825099.0776124 0.0 12545896472.6655 5459155205.575599 0.0 16317930677.862223 10354557913.041712 0.0 19489688.273403633 -235614019.14955246 0.0 61841208.65180642 -110030100.51871197 0.0 178878040.69900513 -179110794.97718716 0.0 451780947.4321034 -257192086.8488446 0.0 987698163.2521344 -284399779.6446171 0.0 1857793119.7889538 -157045231.08451626 0.0 3028893541.808422 225603929.23360986 0.0 4351277089.235255 900306986.0351002 0.0 5615443696.904806 1815213003.1596735 0.0 6576472234.834424 2831212590.9278893 0.0 8613798444.250202 5328836579.256753 0.0 10399861.504267745 -98540252.88940611 0.0 28920648.416781165 -47756347.936579086 0.0 82639895.94777577 -78322399.61755854 0.0 209309683.5601307 -114380280.24681419 0.0 468281217.68949986 -129427539.30926904 0.0 916357468.455028 -71920030.94237624 0.0 1548258411.3151631 119683914.42148589 0.0 2309582894.6109548 479075705.4506236 0.0 3051031882.87786 981715567.0624332 0.0 3606663218.855834 1539762743.5686772 0.0 4739031409.791143 2874628861.180851 0.0 3992614.220038557 -31743405.281007193 0.0 9604820.15000385 -15028856.117887106 0.0 27451693.43451954 -25093250.086284578 0.0 79776278.06728922 -42592359.47752295 0.0 215260695.09184638 -58410929.28602708 0.0 516253345.54525965 -38623965.979504436 0.0 841479011.9297154 67344769.16252491 0.0 1293238336.895385 268653714.60109454 0.0 1742116351.8388286 558531902.4201053 0.0 2068242568.8150682 877490084.5671219 0.0 2715401433.735746 1622902939.352666 0.0 1950612.3020759723 -13406319.528789915 0.0 3851826.123280387 -5733509.6688510515 0.0 10238225.874177806 -9028465.401880246 0.0 28654541.983287297 -14693611.883910056 0.0 77422302.40341936 -20072792.80239957 0.0 188808888.74996236 -13186767.204830455 0.0 401887461.013412 32601721.16753559 0.0 742781347.6185607 154059769.28657565 0.0 1175422177.570726 375655505.6512057 0.0 1242252843.0082247 524762228.59296227 0.0 1617881269.144247 956594381.9604083 0.0 1155927.531548225 -7053984.871102123 0.0 1907459.1470105173 -2719131.247902698 0.0 4670596.056099881 -3990562.5668943683 0.0 12612995.314087987 -6301336.2737043835 0.0 34128753.264446594 -8621935.798094936 0.0 85379606.7714441 -5676246.547565212 0.0 188660487.18910733 15606794.282072637 0.0 356280740.7291139 74307262.7965076 0.0 564851275.9572982 180470378.79608285 0.0 750714765.8139306 316541596.0886128 0.0 1000578928.5463486 588820674.3337296 0.0 780921.6808025981 -4316924.609772053 0.0 1145978.0213319305 -1573112.8552035796 0.0 2647830.48232706 -2199353.2269901065 0.0 6970961.347433922 -3401129.5813011876 0.0 18746851.682047136 -4623644.654744092 0.0 47661528.35109445 -3020065.6970871217 0.0 107739687.21098568 9084337.763072047 0.0 208906251.97356626 43720921.73822825 0.0 342015150.1168268 109316791.5428971 0.0 474724549.0109883 199783411.50373203 0.0 640257647.6329334 374943027.2448371 0.0 564739.0477453432 -2872419.9290205888 0.0 762183.3598925053 -1012318.6586282606 0.0 1702554.4825452487 -1378920.6259945335 0.0 4412815.235707139 -2106829.0658959756 0.0 11711659.042273484 -2823742.6586292814 0.0 29714343.34153634 -1793454.1632964204 0.0 67736406.42621033 5824903.168772659 0.0 133011637.82434553 27962655.168926314 0.0 220874822.48967645 70703291.29932572 0.0 310534693.9917221 130715589.74691421 0.0 423034695.559524 247088281.58177984 0.0 422480.65471225197 -2002061.5508329005 0.0 532532.3908414716 -687241.5958413351 0.0 1159373.9253872281 -918095.1479335004 0.0 2953493.169906304 -1382452.3730130917 0.0 7744513.053553903 -1827640.518110986 0.0 19563124.933227185 -1123660.6918320754 0.0 44687469.60066647 3921410.6783288247 0.0 88300047.6776814 18662936.308196403 0.0 147861654.59198722 47443700.956977926 0.0 209662454.82171285 88355114.1160932 0.0 287874755.3656894 167992226.78807348 0.0 322676.0128244241 -1439415.4458366262 0.0 383827.8121418474 -483116.58707457903 0.0 816323.1512424548 -633689.744135998 0.0 2046005.158242099 -940656.4574200894 0.0 5302759.273041086 -1226500.3896021647 0.0 13333686.087995915 -728403.1426288658 0.0 30485096.50562358 2730304.0396424267 0.0 60500897.36045633 12864696.314533336 0.0 101960188.10070358 32815305.532792643 0.0 145593300.14262205 61467597.29966264 0.0 201249486.52186984 117488437.40739721 0.0 250133.89155827448 -1059515.4925779311 0.0 283229.2758903104 -348901.09685406345 0.0 590057.3193767663 -450122.35062949033 0.0 1457339.3236021758 -659342.7252312417 0.0 3736446.686493252 -848285.713804575 0.0 9351066.434622627 -485912.8873278549 0.0 21387160.183996655 1954457.5797807875 0.0 42600697.959546305 9117357.619867377 0.0 72180816.34276502 23313756.65911955 0.0 103700153.59049648 43884154.83369094 0.0 144183297.30546403 84291823.62916997 0.0 196297.43563635965 -795410.820279322 0.0 213118.09382487496 -257756.94447117276 0.0 436121.29117562337 -327715.09860462084 0.0 1063146.9003447732 -474242.9945332319 0.0 2698997.375711122 -602468.1490592816 0.0 6724313.153620723 -332709.6073197799 0.0 15380798.39169259 1433173.1158677377 0.0 30732550.694510322 6621777.264527438 0.0 52319231.32588404 16965147.987412557 0.0 75573662.74444962 32069961.186837927 0.0 105622288.743462 61883739.59769246 0.0 155727.81955342458 -607572.7024087852 0.0 163104.5035020594 -194252.9999985598 0.0 328697.19823260745 -243860.81707717426 0.0 792056.2736868131 -349039.24789032154 0.0 1993000.5969751284 -438236.23584404227 0.0 4944591.914381195 -233444.1820122561 0.0 11309310.75271898 1073334.4994270455 0.0 22658380.04462175 4915420.109106928 0.0 38737189.34172124 12613659.917297198 0.0 56227136.63771448 23933670.504305225 0.0 78947811.27608307 46385542.802897714 0.0 124767.62768099671 -471394.9998873917 0.0 126719.00856712698 -149031.0226385155 0.0 252057.8090322809 -185052.54300684945 0.0 601231.1170638334 -262274.1177637081 0.0 1500876.2387882061 -325787.0705641643 0.0 3709333.3886492113 -167665.0167114567 0.0 8482843.49232885 818862.0207977173 0.0 17035791.128665775 3720626.5119788363 0.0 29235360.643855486 9561118.858421817 0.0 42621182.017281 18202479.14902856 0.0 60093011.14514964 35425017.69004898 0.0 100874.68330136841 -370997.93146712164 0.0 99784.33256752118 -116201.84609866701 0.0 196292.77721707456 -142936.82323810292 0.0 464061.40738075454 -200822.84888017425 0.0 1150301.5318955067 -247067.01004899346 0.0 2832993.1162631256 -123186.11478589641 0.0 6477629.095141607 634927.5878261998 0.0 13036115.766364953 2865725.8741683164 0.0 22447919.959637314 7373998.186910105 0.0 32855476.82829244 14081239.813386196 0.0 46497749.20038483 27513816.884476442 0.0 117859.10948288508 -242479.36263964296 0.0 110180.02095301187 -118462.05493399389 0.0 192385.07588631858 -163861.57062884694 0.0 415709.2330779132 -277621.01071473246 0.0 959186.372199127 -489362.07454454264 0.0 2229582.2364904704 -825469.388477222 0.0 4860070.609270815 -1176191.9156017979 0.0 9387605.483435022 -1136467.8235581762 0.0 15580272.303783273 -58935.27469340007 0.0 22026539.151729025 2489908.287631553 0.0 40217974.99980444 14286952.7856365 0.0 179604.2110972859 -321254.7203513094 0.0 135410.2246174001 -140250.23542665146 0.0 221887.17806724814 -204635.24308601912 0.0 453644.6188324327 -371215.714404355 0.0 996333.4826213978 -717743.7474628461 0.0 2217325.211888472 -1387298.2584930877 0.0 4648195.397528323 -2470928.860889004 0.0 8656641.302225852 -3771455.685933233 0.0 13862694.806557147 -4647010.1042869715 0.0 18892736.371108513 -4288356.616116275 0.0 25774425.00195512 -933715.7529248898 0.0 147464.88379054828 -262786.0849189133 0.0 110113.28538855909 -114002.72403389873 0.0 179261.5997648462 -165290.82915343984 0.0 364397.4787148969 -298143.3227828542 0.0 796418.3209340071 -573585.5319752507 0.0 1767789.8989012325 -1105410.3957079824 0.0 3704611.2645126297 -1966971.283511125 0.0 6908335.219332096 -3002774.9934201427 0.0 11087769.524307035 -3700421.484803039 0.0 15150934.099927636 -3408247.082122109 0.0 20726634.603253998 -673284.8909042485 0.0 122117.68560855766 -217065.76939759738 0.0 90445.2645416208 -93671.37517955467 0.0 146353.57213611694 -135012.43789359246 0.0 295970.23023458617 -242273.1687404521 0.0 644002.4800285914 -463954.90099531517 0.0 1426013.8840025677 -891608.3545007656 0.0 2987246.2078047805 -1584774.971572295 0.0 5576692.47500439 -2418882.868332229 0.0 8967918.518416582 -2979688.808215587 0.0 12282599.573103612 -2736690.9988936563 0.0 16843720.861337874 -478164.9514606126 0.0 101917.05939363598 -180921.86052620484 0.0 74939.82892063067 -77701.22239685823 0.0 120616.31057747337 -111406.541091492 0.0 242786.44543222222 -198970.72810894385 0.0 526150.3912690713 -379402.67751408444 0.0 1162431.1310987142 -727127.749943974 0.0 2434035.3655550117 -1290782.0579300472 0.0 4548027.377640613 -1969095.446897313 0.0 7325925.230369452 -2423285.03909022 0.0 10053776.170273332 -2217214.1081561833 0.0 13816843.867764493 -330010.9484935523 0.0 85659.43051517337 -152058.09016786737 0.0 62580.579043935984 -65017.97190154872 0.0 100244.855926791 -92782.25454122412 0.0 200927.67060721756 -164987.82213300513 0.0 433830.841186976 -313345.77832312323 0.0 956448.3015555653 -598922.8465826793 0.0 2001754.7668790694 -1061661.0715440272 0.0 3742979.6232375023 -1618091.3893013801 0.0 6037653.733310915 -1988192.1463997113 0.0 8299938.909145976 -1810195.3628996285 0.0 11427959.655888068 -215933.00652454887 0.0 72454.40981526976 -128791.89895624387 0.0 52627.70439089251 -54842.71890140961 0.0 83940.9586287102 -77927.12855446275 0.0 167597.51765894366 -138012.2297252307 0.0 360637.3389613406 -261124.19372466844 0.0 793497.8666292244 -497782.3284407629 0.0 1659818.5047335902 -880931.1468008988 0.0 3105272.6540128645 -1340868.069830582 0.0 5014794.415332042 -1643869.051186708 0.0 6903616.801353541 -1487418.6985007979 0.0 9520811.212511444 -126763.78465661286 0.0 61636.13273937092 -109876.29690112213 0.0 44535.90869581107 -46603.496037215635 0.0 70757.83714397263 -65959.60962036833 0.0 140771.28857957173 -116373.97604911096 0.0 301957.23497596185 -219389.85662498517 0.0 663120.8791267641 -417105.3798353696 0.0 1386258.5088192963 -736776.6043241376 0.0 2594407.1588777187 -1119466.3326447818 0.0 4193606.3884449718 -1368318.748319582 0.0 5779729.862473368 -1228504.4080548275 0.0 7981837.098748252 -55903.280544174624 0.0 52701.4631077266 -94377.09793515946 0.0 37898.47312766028 -39875.25309970524 0.0 59996.00871892183 -56230.3573644764 0.0 118963.0141260796 -98850.5233059814 0.0 254422.85464637226 -185703.7017951065 0.0 557699.9264962648 -352094.08351130073 0.0 1165074.0557454315 -620607.8853748256 0.0 2180831.7009719876 -940807.9036383313 0.0 3527449.959389706 -1145481.9146923353 0.0 4865823.750350599 -1018534.4130721822 0.0 6727405.79557473 1459.8502479759782 0.0 45266.42803055213 -81587.2805482538 0.0 32408.60895390309 -34338.55793285204 0.0 51132.33380602281 -48255.23034058214 0.0 101068.11081403577 -84535.5049752351 0.0 215543.0507019572 -158265.67708428303 0.0 471613.2862912961 -299215.06903368793 0.0 984456.1570799343 -526098.7282543031 0.0 1842699.9246556025 -795244.9445790377 0.0 2981755.859128244 -963482.9796468618 0.0 4115466.502078695 -846448.3429959917 0.0 5695151.019999005 48879.03167036044 0.0 39035.17672773437 -70966.56545731483 0.0 27832.414011150908 -29750.80894220727 0.0 43771.002186374484 -41669.129497759684 0.0 86255.54191289096 -72748.96489733539 0.0 183452.12399926753 -135731.09634622862 0.0 400659.90932410385 -255834.09304819466 0.0 835580.0581195669 -448532.279370197 0.0 1563660.5919077527 -675572.8155245181 0.0 2530586.196254807 -813432.6652324307 0.0 3493718.69416897 -703944.8104105949 0.0 4838006.866576391 89015.58464746266 0.0 33777.638564301684 -62098.32675900111 0.0 23989.721553257463 -25925.924229106262 0.0 37609.22656581244 -36193.783113073616 0.0 73892.88210167036 -62975.12463449676 0.0 156736.2913533366 -117083.94646764224 0.0 341662.91957302106 -219964.46140896023 0.0 711772.3918052227 -384350.72483797313 0.0 1331330.304290001 -576348.7321874305 0.0 2154250.893045277 -688599.2097368904 0.0 2973983.5032712915 -584718.611737233 0.0 4120046.297270796 123893.750282122 0.0 29313.286293271703 -54658.55128972727 0.0 20740.3837655231 -22719.84690619985 0.0 32412.92979091368 -31614.98033697665 0.0 63493.56559349759 -54818.67374623351 0.0 134312.14179823027 -101548.31865663303 0.0 292192.5188912512 -190091.5028363057 0.0 607929.0257286137 -330840.9605201304 0.0 1136223.9927642567 -493415.3381590342 0.0 1837633.995604576 -583827.3005437469 0.0 2535787.983139898 -483924.3466382001 0.0 3513540.7575019794 155080.56035701712 0.0 25499.225908182885 -48393.26154922648 0.0 17974.3415653567 -20020.089523160746 0.0 27999.310220176198 -27766.29263960077 0.0 54679.291509376206 -47973.693665426305 0.0 115340.42687055883 -88525.71472149885 0.0 250369.86452096864 -165048.55649544837 0.0 520102.96327084047 -285912.44770824566 0.0 970996.529277433 -423563.4074292608 0.0 1569003.806553058 -495125.64247448393 0.0 2163201.045937516 -397794.6049965437 0.0 2996857.3896260182 183814.268274055 0.0 22221.381175108003 -43101.94461378611 0.0 15604.364743752325 -17738.119457564964 0.0 24224.198343689677 -24517.3055327417 0.0 47152.916673282416 -42201.309429744186 0.0 99164.17666729563 -77550.14542612845 0.0 214726.57194694123 -143928.31170353884 0.0 445209.09025958093 -247938.3507305836 0.0 829898.492944078 -364290.21916251915 0.0 1339156.9212237678 -419370.76198394084 0.0 1843692.1702433561 -323364.9407051685 0.0 2552937.7729746294 211097.2848719126 0.0 19387.911320636125 -38625.28497342551 0.0 13560.728590123326 -15803.804272654535 0.0 20972.788954442716 -21765.022759463387 0.0 40678.69077567397 -37313.44453707015 0.0 85263.7662549873 -68255.61481333197 0.0 184102.89655994947 -126018.70982034544 0.0 380810.1804586106 -215640.64854049982 0.0 708381.1105029082 -313624.5131864907 0.0 1140795.4201561748 -354091.86783801 0.0 1567298.7172284955 -258273.44755697242 0.0 2168185.009924734 237764.45853894946 0.0 16924.253809845228 -34836.01110887014 0.0 11787.042408393667 -14161.057188798057 0.0 18152.825595786475 -19427.57920700766 0.0 35067.68906256903 -33160.89300391029 0.0 73223.92722384931 -60352.328527259255 0.0 157573.11710216154 -110756.11221306035 0.0 324960.0513917325 -188006.15762475546 0.0 602806.2682526216 -269998.3052764168 0.0 968068.6568310156 -297312.85375767964 0.0 1326011.6716269148 -200612.9878518622 0.0 1831640.5876224595 264534.1549571111 0.0 14769.35919178149 -31632.01597891426 0.0 10237.440236947363 -12764.955644774154 0.0 15689.382111488208 -17439.44231175655 0.0 30166.96219392923 -29624.479106177256 0.0 62709.26577884056 -53609.11563263325 0.0 134390.25158088506 -97690.74068900506 0.0 276087.33598178095 -164224.5215699186 0.0 510231.29482551356 -232152.03208247462 0.0 816232.4152140239 -247434.9902905268 0.0 1113317.5070753726 -148820.92291907474 0.0 1534368.867089967 292047.3316019045 0.0 12872.806952924995 -28931.153778048603 0.0 8874.20883962312 -11579.303922439844 0.0 13520.890109332264 -15747.7645924093 0.0 25851.36967184852 -26608.448932253206 0.0 53445.896928418966 -47840.323196107944 0.0 113944.64520859407 -86460.93318879968 0.0 232908.39377324318 -143641.97130874768 0.0 428247.44855397975 -199063.6350413963 0.0 681392.5231334965 -203148.8541241323 0.0 923852.6323206872 -101595.76134950218 0.0 1268991.623357326 320898.2830238141 0.0 11192.576984000027 -26667.284320784293 0.0 7666.031056235732 -10574.853962094727 0.0 11596.422694125324 -14309.977066446007 0.0 22017.367000745155 -24035.491786688814 0.0 45207.51371822144 -42895.96369477436 0.0 95732.59707117963 -76773.79512137348 0.0 194361.30309867757 -125726.51678736668 0.0 354857.2917657555 -169894.99250961206 0.0 560309.7142233406 -163367.43190257472 0.0 753139.6301726418 -57833.2395318275 0.0 1029331.8148431828 351659.70929964574 0.0 9693.311940961217 -24787.255542221475 0.0 6586.624361360038 -9727.94879841031 0.0 9873.281408269935 -13091.627038321041 0.0 18578.225452221737 -21842.96403158204 0.0 37804.695650580594 -38654.25174921783 0.0 79332.30289285697 -68390.53540826259 0.0 159555.20846023638 -110041.49879850926 0.0 288380.40677384136 -143951.02380440108 0.0 450249.1838007247 -127174.65581129909 0.0 597383.2603501586 -16576.47039562208 0.0 810137.2944135778 384904.07158332807 0.0 8344.949029214364 -23248.599358045896 0.0 5613.804564799697 -9019.69433188216 0.0 8315.210648066406 -12064.827822732854 0.0 15460.307980747988 -19980.009222137403 0.0 31076.59539507007 -35015.91331135989 0.0 64385.15654376163 -61115.26562610637 0.0 127730.90470812563 -96225.30479325567 0.0 227379.8541920016 -120648.10995830984 0.0 348862.86605631403 -93785.22570228548 0.0 453310.2614909159 23023.741865539214 0.0 606863.1796419943 421222.74217660306 0.0 7121.630800551409 -22017.77715734414 0.0 4728.268996517476 -8434.619219153126 0.0 6890.984258702288 -11207.072651804454 0.0 12600.125968780052 -18405.35363884803 0.0 24884.375972542726 -31899.8229538757 0.0 50580.98423387692 -54786.38195976372 0.0 98229.65501283662 -83975.66209586269 0.0 170603.82032422783 -99489.395702481 0.0 254095.67801283693 -62512.692094444 0.0 318041.21776283847 61741.31196377021 0.0 415497.18893542635 461244.1642714122 0.0 6000.82693976388 -21068.85561863579 0.0 3913.1458278285304 -7960.332013006932 0.0 5573.26865459376 -10500.328294749606 0.0 9941.972570104304 -17085.616922995236 0.0 19105.933735570703 -29239.646958484533 0.0 37646.156314894404 -49269.89033071142 0.0 70468.01786137965 -73037.3507206173 0.0 116938.32887905132 -80045.18260519448 0.0 164109.1903243899 -32743.54611900127 0.0 188985.70696462132 100302.20247054564 0.0 232416.16154779607 505652.0655008072 0.0 4962.615245756926 -20382.526469616005 0.0 3153.5976787601826 -7587.362775412057 0.0 4337.690154359984 -9930.346966647476 0.0 7435.978502631876 -15994.021170143498 0.0 13631.55678203789 -26981.257216693768 0.0 25333.780695152956 -44454.2063248518 0.0 43917.00087922436 -63192.48167862488 0.0 65367.88778260546 -61937.077883198675 0.0 77217.74635752266 -3915.6059618730537 0.0 63754.005573467 139408.39084379733 0.0 54264.7058886249 555204.6935115901 0.0 1103.145603506733 -27923.572131945555 0.0 3450.514035584086 -8485.932608764948 0.0 4710.05073434254 -11060.572356417806 0.0 8001.143206346847 -17716.936605321636 0.0 14501.72564840669 -29653.13896121438 0.0 26548.469476453978 -48238.85086868532 0.0 45043.283620980284 -66878.20671919665 0.0 64778.31871306486 -60768.8725228235 0.0 71638.46198684083 11806.320773987009 0.0 49092.690413453245 181925.3367039802 0.0 -59473.44532138076 589863.45866016 0.0
    </DataArray>
    <DataArray type="Float32" Name="Power density [Wm^-3]" NumberOfComponents="1" format="ascii">
7.864607448075249e+18 8.717344570927098e+18 6.563494003158968e+18 4.785120725060187e+18 3.8751782503328266e+18 3.4428257588401787e+18 3.3687354001046067e+18 3.733496772380645e+18 4.68904625108373e+18 6.147807254354133e+18 5.606715539708493e+18 4.3039613147396644e+18 4.714910044317942e+18 3.6839538782079836e+18 2.8548115912463283e+18 2.4213765373079045e+18 2.227389311836339e+18 2.2440695776119867e+18 2.5513912966518e+18 3.254804212649278e+18 4.2806880687778074e+18 3.4228940063843436e+18 1.9987096530212303e+18 2.1059841491874086e+18 1.7780097904797683e+18 1.4887865911548116e+18 1.340622948718028e+18 1.2983979307766932e+18 1.3751523117478638e+18 1.639188956597248e+18 2.163770385028403e+18 2.900841894510908e+18 2.2696700589502428e+18 7.822054865571128e+17 8.539817626413129e+17 7.407872905347357e+17 6.378712998110007e+17 5.949784811754762e+17 6.114391677245951e+17 7.06204905194772e+17 9.198100764218474e+17 1.278694406359859e+18 1.734252897563635e+18 1.3391796032825846e+18 3.355522956680937e+17 3.857381853566726e+17 3.3972884854380666e+17 2.949454545020241e+17 2.8269552779616835e+17 3.109680495674782e+17 3.9169288821558016e+17 5.395601306578276e+17 7.547416493224338e+17 1.0032729556737322e+18 7.654010548392932e+17 1.7217987086016698e+17 2.059346814605092e+17 1.8774286418849178e+17 1.69847078559505e+17 1.7166440792300432e+17 2.0025273663962973e+17 2.5917694555969075e+17 3.5017059933338464e+17 4.678387607395781e+17 5.933487222312654e+17 4.460946148812981e+17 1.0251710730221342e+17 1.2629614977094059e+17 1.1973742981998008e+17 1.135393973097074e+17 1.1929435812642261e+17 1.4248925004263046e+17 1.8319121853936643e+17 2.3831240169027638e+17 3.0171221615014106e+17 3.630736144673122e+17 2.681447701579625e+17 6.729515414786112e+16 8.451289191955582e+16 8.252606224420043e+16 8.064870763146698e+16 8.539396808736024e+16 1.0104282661996139e+17 1.2754123042007634e+17 1.6106105306391523e+17 1.9576563676497398e+17 2.2552384979055286e+17 1.636105851647264e+17 4.6693002830486616e+16 5.9260554462190776e+16 5.8965913650507896e+16 5.852790710251158e+16 6.130598159190947e+16 7.025352143574092e+16 8.59058194523396e+16 1.0558304392004334e+17 1.2463332574228691e+17 1.3914881910962942e+17 9.94886614430846e+16 3.3144286135615196e+16 4.222510985631052e+16 4.247814860063468e+16 4.246052846020233e+16 4.3781107619543544e+16 4.8184195485041496e+16 5.639822583958413e+16 6.710942988410748e+16 7.729025541758294e+16 8.446582724893045e+16 5.978101148962558e+16 2.3382134164169016e+16 2.971338157250698e+16 3.0045460360929056e+16 3.009502196655667e+16 3.0612080208822384e+16 3.2491876443356e+16 3.631229723299951e+16 4.163751894182132e+16 4.6848932023821304e+16 5.044710951691395e+16 3.5477881454152904e+16 1.5870892005041366e+16 1.995546532366563e+16 2.018536066230499e+16 2.0239650700129908e+16 2.044055098874589e+16 2.118518411359943e+16 2.2854531606999324e+16 2.537263128099592e+16 2.7935614153965412e+16 2.972720055908458e+16 2.0830205378041216e+16 9942738392934620.0 1.2174938167238338e+16 1.2377601118182546e+16 1.2543659515433034e+16 1.2729178967271454e+16 1.3105317184802014e+16 1.4014692969059702e+16 1.521673598343243e+16 1.6398889577970866e+16 1.7288276414402998e+16 1.2116135442192308e+16 5233690775879569.0 6488047601619003.0 6708877096321368.0 7015379487831119.0 7435200775028797.0 8064873076353287.0 8520223933142743.0 9011100589042462.0 9480068578327378.0 1.001632878005447e+16 7049997541516196.0 3268781998609090.0 4108084484728819.5 4177390985635575.5 4309541884885083.5 4460858539882634.0 4568203287642600.0 4852675930495088.0 5298159885404680.0 5775885339131880.0 5940569758736548.0 4136090203617110.5 2393989637349585.5 3053551349561464.0 3051543615294020.5 3074498293426072.5 3093510179527352.5 3102680474941178.0 3124560467364067.5 3158143094857757.5 3184659604105790.5 3355505346721996.0 2394472657390773.0 1961546740409699.8 2534894403311427.5 2516704319173994.5 2504504486525669.0 2486944374546788.5 2452202007774613.0 2393528406111032.5 2306229105363274.0 2207336897767216.2 2163346481467269.2 1530863485682360.0 1717890304719048.2 2240799486949365.8 2223470275118252.0 2203086171167579.0 2175994524618142.2 2132595141773611.2 2060487579569076.2 1945949767734570.8 1781044501585315.0 1621456570754496.8 1126700192513549.5 1561381154598383.5 2048944552123459.8 2036132437824009.8 2016832843132746.0 1989380500707032.8 1946161005469764.2 1874192292811302.2 1755977641517828.2 1572847374077991.0 1367216534959704.8 936615446000828.6 1450425181663135.2 1910463022449319.2 1901678776745759.8 1885874949707298.0 1861394505307081.2 1821541043006444.8 1753814031435462.0 1639949687474334.0 1457614958889940.2 1239031040310966.2 842198539641618.1 1365879923964965.8 1803469387229146.0 1797502331312965.0 1785175212941093.0 1764430075371551.0 1728920165299195.2 1666643844434256.2 1559525053618087.8 1384395469322532.5 1166597117114256.2 790253934732632.2 1298452574088593.5 1717117613904937.0 1712901928874019.8 1703329790608903.8 1685986003546019.8 1654676249282631.0 1597793850884144.8 1497682990114482.2 1331391894745883.8 1119540900306281.0 757548133111954.6 1242629273218286.2 1645104529832635.0 1642041350503610.2 1634529558876320.2 1619967136429877.0 1592288851529399.0 1540230192313674.0 1446598002982860.8 1289028009513380.8 1084722186066029.1 734011838692649.2 1195376380276106.2 1583889976149987.8 1581589507313933.0 1575578976449315.2 1563183941974464.8 1538484327478931.8 1490536469463451.5 1402605302186544.0 1253032475015767.2 1056428996574788.0 715270090453689.0 1154831930727249.0 1531249093208189.2 1529471064883457.2 1524543498519169.0 1513798007055964.8 1491479063645442.8 1446952323143882.8 1363922639637330.2 1221459814029589.5 1032152760017853.0 699400316221977.9 1187399592776334.8 1483250511400039.8 1480877109454932.2 1475543491081045.8 1464444631232148.2 1441732823966686.2 1396741819046499.2 1314340667653089.0 1182820003975835.0 1025330104897572.1 650611359987685.9 1077436305859051.2 1441900092361654.2 1439624097037823.8 1435000102673229.5 1425630504181993.8 1406762452731037.0 1369404480650307.0 1300661698372464.8 1194517359149773.0 1069557705818337.1 760921016525782.8 1052285952333489.9 1407821617975404.5 1406052962386433.2 1402125745780374.0 1393674067744599.8 1376011380019001.8 1340277275632914.0 1273620272137381.2 1169130099260434.0 1043946304765160.0 740532558528700.8 1030193619251622.8 1377868122587434.8 1376472170894202.8 1373069346937837.8 1365333627354261.8 1348648603733195.0 1314279607964160.8 1249429098141997.2 1146420655453548.2 1021064936057558.6 722326854552738.8 1010756594636184.5 1351502205004634.0 1350384627409532.5 1347380957912866.2 1340208936738702.0 1324322613360828.0 1291106014550143.0 1227821001729176.0 1126131045003689.8 1000633173748312.0 706069941693022.0 993636454621568.5 1328270627405264.8 1327364862543589.0 1324669219750496.0 1317945922339395.2 1302717441643316.8 1270478459103582.2 1208552154737783.0 1108030754085875.9 982407608618868.0 691563476220754.2 978545220758955.8 1307786384465929.2 1307044860797584.5 1304590494487183.2 1298228650119003.2 1283546645740509.2 1252141249561924.8 1191396405836369.2 1091907954547788.0 966168732781643.6 678631037514242.8 965235936519751.2 1289716634376620.8 1289104797506728.2 1286842284701503.8 1280775067466545.8 1266550824684106.2 1235859673306504.8 1176144097242362.2 1077566876461124.9 951716059262516.1 667112704142888.2 953495813128504.0 1273773911794340.2 1273266203065879.2 1271158447874481.8 1265334090823833.2 1251496241348296.2 1221419736115075.2 1162602284332110.0 1064827377773182.4 938866417705070.5 656862924163545.8 943140971523095.8 1259709343270089.5 1259286490265971.8 1257305214995867.8 1251683076976055.8 1238173562001072.8 1208627898899672.8 1150595039505559.0 1053525003344411.9 927453261244675.4 647749562247157.1 934012247543806.4 1247307188014901.2 1246954369111846.0 1245077658559650.2 1239625373095899.2 1226396402221748.0 1197310459807801.0 1139963387296760.0 1043510883721344.9 917326115840883.9 639653254824634.2 925971754922662.1 1236380325711316.2 1236085916722200.0 1234296495669464.5 1228987906504913.2 1215999673523759.8 1187312571320156.2 1130564811932227.2 1034651307005911.6 908349884644986.5 632466755777538.6 918900021296982.5 1226766466721395.5 1226521176437169.2 1224805194714728.0 1219618855942228.8 1206837819000535.5 1178496999247638.8 1122272429230247.1 1026826996227481.5 900403967022810.6 626094191998827.6 912693578079116.8 1218324941170791.0 1218121208038931.2 1216467376688092.8 1211385455814376.5 1198783034326905.8 1170742746310227.8 1114973947990240.6 1019932186327041.4 893381241696022.9 620450240731606.2 907262921950518.4 1210933967815897.2 1210765532996545.8 1209164503769138.8 1204171971983258.8 1191723550110926.2 1163943642090201.2 1108570532185562.1 1013873597061655.6 887186983052961.4 615459268110202.8 902530785425240.8 1204488329098763.2 1204349929296070.0 1202793843258986.2 1197877870733387.5 1185562026397799.8 1158006972196140.5 1102975647956729.0 1008569379373729.4 881737771753853.6 611054468900040.8 898430670661116.0 1198897388440758.2 1198784534397594.0 1197266689235200.2 1192416187992550.8 1180214088511366.8 1152852193513935.8 1098113952733176.5 1003948090415075.1 876960444868811.0 607177038735600.4 894905613521799.4 1194083414399363.8 1193992224308543.8 1192506825276218.0 1187712097311241.2 1175607018295639.0 1148409762967204.8 1093920262595082.1 999947733110082.1 872791115360041.6 603775400048960.8 891907140093308.8 1189980162327329.8 1189907232991699.2 1188449204629135.2 1183701667110542.0 1171678603935215.2 1144620093387871.0 1090338618496877.1 996514881412871.0 869174278221742.1 600804494165833.2 889394395239486.5 1186531688459291.2 1186473998229015.8 1185038835266333.8 1180330801025320.8 1168376147884278.8 1141432641892278.8 1087321461362254.6 993603901756794.5 866062011288954.0 598225145354993.8 887333419763306.6 1183691358492040.2 1183646188508721.0 1182229839316924.0 1177554339419804.2 1165655620015753.5 1138805125432192.5 1084828916209104.6 991176272735348.4 863413271925565.9 596003497813581.2 885696549642785.5 1181421035621676.5 1181385903744822.2 1179984674299740.2 1175335309346527.5 1163480946017083.5 1136702857393095.2 1082828182615986.9 989200001393888.5 861193287364162.6 594110523851402.2 884461922282914.5 1179690398132574.2 1179663013726542.0 1178273489703293.2 1173644306538003.8 1161823420807300.8 1135098199155881.5 1081293028277658.0 987649133599642.9 859373035293028.0 592521600406447.5 883613115899841.9 1178476430704402.2 1178454651884043.5 1177073629768657.8 1172459013616570.8 1160661247757538.8 1133970126086916.0 1080203384625081.1 986503356367676.6 857928811001786.5 591216150652291.8 883138882585024.0 1177763052635689.5 1177744842578629.0 1176369268525992.8 1171763843977402.8 1159979195478545.2 1133303901641538.0 1079545039679870.4 985747687670884.0 856841876158561.6 590177346847155.2 1177325755253861.0 1471853886534945.0 1471924219216531.5 1470455400275324.2 1465262331724291.2 1451772812770113.5 1420920416829959.0 1358000210423292.8 1246409049365698.5 1088084623005729.8 785855826920437.4
    </DataArray>
    <DataArray type="Float32" Name="Temperature [K]" NumberOfComponents="1" format="ascii">
366.1894819669901 390.58935558684203 405.31426110087807 414.96294237645253 422.2859703850758 428.4073957040823 433.73999289146593 438.19298834919306 440.9522655633182 440.09833039106934 432.6314661893325 364.18952956436135 386.65430530575446 401.3054354348293 411.3398810688621 418.9988744454489 425.3296545148991 430.7457765034526 435.1659667166855 437.8132401223954 436.91258613924765 429.8063524475213 359.82009042803764 378.5527425429726 392.44213096452864 402.78182095161117 410.87334635790234 417.4929194998478 422.97958369488737 427.23974692415277 429.58766663392316 428.6025311804178 422.387779498093 354.9453294781114 370.3271668686752 382.84613148036243 392.8368737584803 400.9089440863888 407.51291073062384 412.8434209708742 416.76689425969977 418.7167772331838 417.6830688143945 412.5201446288271 350.2225958652664 363.0390155004836 374.06875239559815 383.2945963741537 390.94249913421334 397.21354426175964 402.16495233382875 405.6323579655201 407.1807420737144 406.15944794545254 401.95807680724755 345.79995339249876 356.6522502957424 366.2920149582339 374.5959656815103 381.5995961353279 387.34774223539654 391.8038790872445 394.798060520028 396.01645651467857 395.0684399966335 391.6617457023035 341.6946771672861 350.9886083494365 359.3885134549103 366.7497281698241 373.02119497727244 378.1652644269937 382.09865002074787 384.6649457370258 385.6440059959101 384.81001610623895 382.0401355927451 337.8958039194181 345.9118305067441 353.22258243347466 359.6885962213331 365.2242754107441 369.75620415380604 373.1876847381543 375.3857278002231 376.1967733078353 375.4915646943757 373.23000162083866 334.38822402311047 341.3322620996313 347.69270061304655 353.3428837434381 358.1878017104692 362.14349249996724 365.11737483372116 367.00239736553203 367.69146207740783 367.1098503431162 365.2540249943134 331.15737276817947 337.18960615459724 342.7241281129109 347.64866542550624 351.87062129302217 355.30768706316616 357.87804738251697 359.4981567348584 360.09327989026286 359.6193805259695 358.0866834077351 328.18945467078373 333.43996387018774 338.25858192402467 342.54696132178213 346.2200877417491 349.20256619006176 351.42450298238435 352.82122916754486 353.3402199653246 352.954915939243 351.6790066885379 325.4709922177075 330.0485108520707 334.2477841440764 337.9831911736351 341.1790611526741 343.7686521901266 345.69299487091047 346.90156451333996 347.35669424243935 347.0418870905114 345.9702046914093 322.98850226421456 326.9857383357168 330.650041579098 333.90710692374563 336.69067628424636 338.9427017889763 340.61355260853554 341.6630366026334 342.0632860846403 341.8036049190065 340.8950901340175 320.7282773579055 324.225324283775 327.4280772934758 330.27226008156345 332.7004847040876 334.6627378041649 336.11710453327515 337.0310412624296 337.3832339295071 337.16626966966527 336.38905817077614 318.6763916771543 321.74334134511 324.54807860310376 327.0357390830935 329.1571089989949 330.8695869913824 332.138022940967 332.93567299027404 333.24543111070943 333.0615051274676 332.3908624813469 316.81729428996937 319.51350220187544 321.97492265353344 324.154991440703 326.01177281806395 327.50902075087066 328.6170786369828 329.3137461255342 329.58520045755887 329.42680786255687 328.84374321504123 315.13544947571125 317.51095069630037 319.67563602242217 321.5900042352416 323.2184038905574 324.530027004475 325.4997656537647 326.10897764761023 326.34616977516004 326.2074757482765 325.69688518365456 313.61588396635045 315.7129706073521 317.620484185155 319.3048383962893 320.73570342973966 321.8868732907496 322.737022777625 323.2703605067935 323.4771600098101 323.35408793336615 322.90426143715695 312.24443238380104 314.0990262833978 315.7830154666512 317.2677433138773 318.5273449344037 319.5394800020984 320.28597670885034 320.7533784419994 320.93337040013995 320.823027404567 320.4248030595653 311.0078396763177 312.65061008812387 314.139779223034 315.450802080089 316.561550173708 317.45292166653275 318.10937967498944 318.5194067425184 318.6758546138704 318.576143195211 318.22222726640496 309.8937933130791 311.351051899182 312.6699805600488 313.82947424891915 314.81053446033343 315.5967742230561 316.17486514139557 316.5349151871657 316.67075992147994 316.5801292288433 316.26461066222805 308.8909194197694 310.1853392375035 311.355156923934 312.38215733455445 313.24997149346575 313.94449419170087 314.4542549784798 314.77073338546813 314.88860461604946 314.8058836063296 314.52389206213775 307.9887572909219 309.13995419064014 310.178893593779 311.08979884263846 311.8585183186269 312.47287132102446 312.922956688863 313.2014173193368 313.3036498754002 313.22793192344255 312.9753944608937 307.17772119364054 308.2027279692758 309.1265784602011 309.935562940563 310.6174072297492 311.16156012810904 311.5594512192487 311.8047143034186 311.8933682456401 311.8239307880809 311.5973962299489 306.44905391511577 307.3627094153122 308.18519009193625 308.90454601888143 309.5100992506736 309.9926837412222 310.34486179597417 310.5611141119771 310.63799716642603 310.5742460779648 310.37075639646383 305.7947759792996 306.610046530092 307.34311435292926 307.9835342223335 308.52199083550636 308.950500080773 309.26259180373654 309.45347257972446 309.52016381207403 309.46159532216024 309.27859012754635 305.20763297445296 305.9358794674504 306.58998509521075 307.160796267638 307.6401653339171 308.02112032391034 308.2980201753615 308.46669511870454 308.5245687631589 308.4707436966923 308.3059882919123 304.68104296154115 305.33224437266483 305.9165456619492 306.42590599866946 306.85318181638604 307.19227074662757 307.43824424042424 307.58746947185296 307.6377180335393 307.58824458783164 307.4397749620558 304.20904492728204 304.7919863801521 305.314527568865 305.7695894610346 306.1508946880042 306.4530902615449 306.6718615564672 306.8040388797914 306.8476949044166 306.8022172563149 306.66829736992474 303.78624917129173 304.3086810558579 304.776543939104 305.1835925284061 305.52429884720186 305.7939574274958 305.9887838536196 306.1060085484617 306.14396469517203 306.1021555317816 305.9812436083415 303.4077901585325 303.87656348622085 304.2959956253183 304.66056585158384 304.96539616257326 305.2063419276182 305.3800775855453 305.484179729727 305.5172069698894 305.47876261462756 305.36948410101706 303.0692821568439 303.49046429245175 303.8669882932276 304.19396448864 304.46707984394345 304.68267648624175 304.83782666745554 304.9304068570236 304.95917075741414 304.92380797678373 304.82493349431644 302.76677782798345 303.1457519255596 303.4842590305539 303.77796005582485 304.023033929689 304.21624597004575 304.3550138409426 304.4374740635957 304.4625492054241 304.4300030752953 304.3404301512594 302.4967298319511 302.838280664566 303.1431112808667 303.4073636268042 303.62764562926617 303.80109103493487 303.9254177830182 303.9989881053091 304.02087074936566 303.9908931656186 303.90963086573674 302.2559554278443 302.56434379964674 302.83935709287687 303.07755791850917 303.2759286717208 303.4319241684755 303.5435236117314 303.6092852569906 303.62840439842597 303.6007629599324 303.5269187781716 302.0416040017295 302.32063153434405 302.5692658306986 302.78443755050745 302.96345613865174 303.1040563650876 303.20444486423173 303.2633501843311 303.28007715558215 303.25455424570686 303.18732277655175 301.8511274168828 302.10419318751235 302.3295186170421 302.52435636441066 302.68630152160756 302.81333297946264 302.90385535999303 302.9567451386315 302.9714019216651 302.94779388091507 302.8864469201717 301.6822530597167 301.9124033172392 302.1171678852679 302.29408095105873 302.4409869536952 302.5560775503722 302.63792963154293 302.6855480989209 302.6984145027466 302.6765308294078 302.62040863657194 301.53295944238903 301.7429314264282 301.9296015025549 302.0907496644856 302.22443773471593 302.3290425858682 302.40329082250526 302.44629871044594 302.4576185599532 302.43728110434955 302.38578462228764 301.40145421794557 301.59371494371027 301.7645109988602 301.91183650953667 302.03394240732064 302.1293664624815 302.19696512963816 302.2359510518273 302.2459375216783 302.22697965790246 302.1795635309854 301.2861544639928 301.4629352044065 301.61986349781193 301.7551193795569 301.8671177553757 301.9545357235875 302.01634201072073 302.051832414194 302.0606726282577 302.04293839827614 301.99910466308376 301.1856690948845 301.34899618484246 301.49387699843504 301.6186521957272 301.7218781902427 301.80235217190653 301.85913950041885 301.891607401161 301.8994664047922 301.8828096361023 301.8421019829033 301.0987832691819 301.2505057697788 301.3849987024346 301.50074056342004 301.5964090700931 301.670904242998 301.723374076902 301.7532467638809 301.76027096384126 301.7445543650166 301.7065528859086 301.0244446678761 301.16625935733276 301.29188612199755 301.39992061571644 301.4891435648457 301.5585422243183 301.60733460704574 301.63500047466505 301.6413206300022 301.6264148696423 301.5907312223095 300.96175152897194 301.0952256288164 301.21339073882467 301.3149407618137 301.39874273729885 301.4638569508724 301.5095599707084 301.5353746190496 301.5411084559735 301.5268912305635 301.4931641563268 300.9099423350562 301.03653433254874 301.148544017166 301.24474609985816 301.324078561429 301.38566166595785 301.42882002730875 301.45311175220763 301.4583662670015 301.4447213624967 301.41261250461315 300.868387062094 300.98946595117314 301.0965456027687 301.18846529095845 301.2642196432124 301.32297678582546 301.3640996427444 301.3871744233257 301.39204792959225 301.37886428052724 301.34805425417215 300.8365799096845 300.95344314142375 301.0567535663369 301.14539972463575 301.2184194488822 301.2750173516893 301.3145855431687 301.3367316226092 301.34131559263506 301.3284863414382 301.29867101093356 300.81413344521826 300.9280238538878 301.028676574899 301.11501483655354 301.1861068812733 301.24118299259413 301.27965580557884 301.3011479512984 301.30552869596295 301.29295025407293 301.26383717603136 300.8007741066334 300.9128960580584 301.0119678976114 301.09693346754227 301.16687907758876 301.2210502591303 301.258871834625 301.2799753565875 301.2842355839765 301.2718066954056 301.2431116887643 300.79633902076773 300.9078740151631 301.00642117448444 301.09093117933446 301.1604963322985 301.2143672217423 301.2519727114598 301.2729473116159 301.2771676012606 301.26478840847653 301.2362322140582
    </DataArray>
   </PointData>
  </Piece>
 </UnstructuredGrid>
</VTKFile>
