<?xml version="1.0"?>
<VTKFile type="UnstructuredGrid" version="0.1" byte_order="LittleEndian">
 <UnstructuredGrid>
  <Piece NumberOfPoints="561" NumberOfCells="1000">
   <Points>
    <DataArray type="Float32" NumberOfComponents="3" format="ascii">
0.0 1e-08 0.0
0.0 1.1000000000000001e-08 0.0
0.0 1.2000000000000002e-08 0.0
0.0 1.3e-08 0.0
0.0 1.4000000000000001e-08 0.0
0.0 1.5000000000000002e-08 0.0
0.0 1.6e-08 0.0
0.0 1.7e-08 0.0
0.0 1.8000000000000002e-08 0.0
0.0 1.9e-08 0.0
0.0 2e-08 0.0
1e-09 1e-08 0.0
1e-09 1.1000000000000001e-08 0.0
1e-09 1.2000000000000002e-08 0.0
1e-09 1.3e-08 0.0
1e-09 1.4000000000000001e-08 0.0
1e-09 1.5000000000000002e-08 0.0
1e-09 1.6e-08 0.0
1e-09 1.7e-08 0.0
1e-09 1.8000000000000002e-08 0.0
1e-09 1.9e-08 0.0
1e-09 2e-08 0.0
2e-09 1e-08 0.0
2e-09 1.1000000000000001e-08 0.0
2e-09 1.2000000000000002e-08 0.0
2e-09 1.3e-08 0.0
2e-09 1.4000000000000001e-08 0.0
2e-09 1.5000000000000002e-08 0.0
2e-09 1.6e-08 0.0
2e-09 1.7e-08 0.0
2e-09 1.8000000000000002e-08 0.0
2e-09 1.9e-08 0.0
2e-09 2e-08 0.0
3.0000000000000004e-09 1e-08 0.0
3.0000000000000004e-09 1.1000000000000001e-08 0.0
3.0000000000000004e-09 1.2000000000000002e-08 0.0
3.0000000000000004e-09 1.3e-08 0.0
3.0000000000000004e-09 1.4000000000000001e-08 0.0
3.0000000000000004e-09 1.5000000000000002e-08 0.0
3.0000000000000004e-09 1.6e-08 0.0
3.0000000000000004e-09 1.7e-08 0.0
3.0000000000000004e-09 1.8000000000000002e-08 0.0
3.0000000000000004e-09 1.9e-08 0.0
3.0000000000000004e-09 2e-08 0.0
4e-09 1e-08 0.0
4e-09 1.1000000000000001e-08 0.0
4e-09 1.2000000000000002e-08 0.0
4e-09 1.3e-08 0.0
4e-09 1.4000000000000001e-08 0.0
4e-09 1.5000000000000002e-08 0.0
4e-09 1.6e-08 0.0
4e-09 1.7e-08 0.0
4e-09 1.8000000000000002e-08 0.0
4e-09 1.9e-08 0.0
4e-09 2e-08 0.0
5e-09 1e-08 0.0
5e-09 1.1000000000000001e-08 0.0
5e-09 1.2000000000000002e-08 0.0
5e-09 1.3e-08 0.0
5e-09 1.4000000000000001e-08 0.0
5e-09 1.5000000000000002e-08 0.0
5e-09 1.6e-08 0.0
5e-09 1.7e-08 0.0
5e-09 1.8000000000000002e-08 0.0
5e-09 1.9e-08 0.0
5e-09 2e-08 0.0
6.000000000000001e-09 1e-08 0.0
6.000000000000001e-09 1.1000000000000001e-08 0.0
6.000000000000001e-09 1.2000000000000002e-08 0.0
6.000000000000001e-09 1.3e-08 0.0
6.000000000000001e-09 1.4000000000000001e-08 0.0
6.000000000000001e-09 1.5000000000000002e-08 0.0
6.000000000000001e-09 1.6e-08 0.0
6.000000000000001e-09 1.7e-08 0.0
6.000000000000001e-09 1.8000000000000002e-08 0.0
6.000000000000001e-09 1.9e-08 0.0
6.000000000000001e-09 2e-08 0.0
7.000000000000001e-09 1e-08 0.0
7.000000000000001e-09 1.1000000000000001e-08 0.0
7.000000000000001e-09 1.2000000000000002e-08 0.0
7.000000000000001e-09 1.3e-08 0.0
7.000000000000001e-09 1.4000000000000001e-08 0.0
7.000000000000001e-09 1.5000000000000002e-08 0.0
7.000000000000001e-09 1.6e-08 0.0
7.000000000000001e-09 1.7e-08 0.0
7.000000000000001e-09 1.8000000000000002e-08 0.0
7.000000000000001e-09 1.9e-08 0.0
7.000000000000001e-09 2e-08 0.0
8e-09 1e-08 0.0
8e-09 1.1000000000000001e-08 0.0
8e-09 1.2000000000000002e-08 0.0
8e-09 1.3e-08 0.0
8e-09 1.4000000000000001e-08 0.0
8e-09 1.5000000000000002e-08 0.0
8e-09 1.6e-08 0.0
8e-09 1.7e-08 0.0
8e-09 1.8000000000000002e-08 0.0
8e-09 1.9e-08 0.0
8e-09 2e-08 0.0
9.000000000000001e-09 1e-08 0.0
9.000000000000001e-09 1.1000000000000001e-08 0.0
9.000000000000001e-09 1.2000000000000002e-08 0.0
9.000000000000001e-09 1.3e-08 0.0
9.000000000000001e-09 1.4000000000000001e-08 0.0
9.000000000000001e-09 1.5000000000000002e-08 0.0
9.000000000000001e-09 1.6e-08 0.0
9.000000000000001e-09 1.7e-08 0.0
9.000000000000001e-09 1.8000000000000002e-08 0.0
9.000000000000001e-09 1.9e-08 0.0
9.000000000000001e-09 2e-08 0.0
1e-08 1e-08 0.0
1e-08 1.1000000000000001e-08 0.0
1e-08 1.2000000000000002e-08 0.0
1e-08 1.3e-08 0.0
1e-08 1.4000000000000001e-08 0.0
1e-08 1.5000000000000002e-08 0.0
1e-08 1.6e-08 0.0
1e-08 1.7e-08 0.0
1e-08 1.8000000000000002e-08 0.0
1e-08 1.9e-08 0.0
1e-08 2e-08 0.0
1.1000000000000001e-08 1e-08 0.0
1.1000000000000001e-08 1.1000000000000001e-08 0.0
1.1000000000000001e-08 1.2000000000000002e-08 0.0
1.1000000000000001e-08 1.3e-08 0.0
1.1000000000000001e-08 1.4000000000000001e-08 0.0
1.1000000000000001e-08 1.5000000000000002e-08 0.0
1.1000000000000001e-08 1.6e-08 0.0
1.1000000000000001e-08 1.7e-08 0.0
1.1000000000000001e-08 1.8000000000000002e-08 0.0
1.1000000000000001e-08 1.9e-08 0.0
1.1000000000000001e-08 2e-08 0.0
1.2000000000000002e-08 1e-08 0.0
1.2000000000000002e-08 1.1000000000000001e-08 0.0
1.2000000000000002e-08 1.2000000000000002e-08 0.0
1.2000000000000002e-08 1.3e-08 0.0
1.2000000000000002e-08 1.4000000000000001e-08 0.0
1.2000000000000002e-08 1.5000000000000002e-08 0.0
1.2000000000000002e-08 1.6e-08 0.0
1.2000000000000002e-08 1.7e-08 0.0
1.2000000000000002e-08 1.8000000000000002e-08 0.0
1.2000000000000002e-08 1.9e-08 0.0
1.2000000000000002e-08 2e-08 0.0
1.3e-08 1e-08 0.0
1.3e-08 1.1000000000000001e-08 0.0
1.3e-08 1.2000000000000002e-08 0.0
1.3e-08 1.3e-08 0.0
1.3e-08 1.4000000000000001e-08 0.0
1.3e-08 1.5000000000000002e-08 0.0
1.3e-08 1.6e-08 0.0
1.3e-08 1.7e-08 0.0
1.3e-08 1.8000000000000002e-08 0.0
1.3e-08 1.9e-08 0.0
1.3e-08 2e-08 0.0
1.4000000000000001e-08 1e-08 0.0
1.4000000000000001e-08 1.1000000000000001e-08 0.0
1.4000000000000001e-08 1.2000000000000002e-08 0.0
1.4000000000000001e-08 1.3e-08 0.0
1.4000000000000001e-08 1.4000000000000001e-08 0.0
1.4000000000000001e-08 1.5000000000000002e-08 0.0
1.4000000000000001e-08 1.6e-08 0.0
1.4000000000000001e-08 1.7e-08 0.0
1.4000000000000001e-08 1.8000000000000002e-08 0.0
1.4000000000000001e-08 1.9e-08 0.0
1.4000000000000001e-08 2e-08 0.0
1.5000000000000002e-08 1e-08 0.0
1.5000000000000002e-08 1.1000000000000001e-08 0.0
1.5000000000000002e-08 1.2000000000000002e-08 0.0
1.5000000000000002e-08 1.3e-08 0.0
1.5000000000000002e-08 1.4000000000000001e-08 0.0
1.5000000000000002e-08 1.5000000000000002e-08 0.0
1.5000000000000002e-08 1.6e-08 0.0
1.5000000000000002e-08 1.7e-08 0.0
1.5000000000000002e-08 1.8000000000000002e-08 0.0
1.5000000000000002e-08 1.9e-08 0.0
1.5000000000000002e-08 2e-08 0.0
1.6e-08 1e-08 0.0
1.6e-08 1.1000000000000001e-08 0.0
1.6e-08 1.2000000000000002e-08 0.0
1.6e-08 1.3e-08 0.0
1.6e-08 1.4000000000000001e-08 0.0
1.6e-08 1.5000000000000002e-08 0.0
1.6e-08 1.6e-08 0.0
1.6e-08 1.7e-08 0.0
1.6e-08 1.8000000000000002e-08 0.0
1.6e-08 1.9e-08 0.0
1.6e-08 2e-08 0.0
1.7e-08 1e-08 0.0
1.7e-08 1.1000000000000001e-08 0.0
1.7e-08 1.2000000000000002e-08 0.0
1.7e-08 1.3e-08 0.0
1.7e-08 1.4000000000000001e-08 0.0
1.7e-08 1.5000000000000002e-08 0.0
1.7e-08 1.6e-08 0.0
1.7e-08 1.7e-08 0.0
1.7e-08 1.8000000000000002e-08 0.0
1.7e-08 1.9e-08 0.0
1.7e-08 2e-08 0.0
1.8000000000000002e-08 1e-08 0.0
1.8000000000000002e-08 1.1000000000000001e-08 0.0
1.8000000000000002e-08 1.2000000000000002e-08 0.0
1.8000000000000002e-08 1.3e-08 0.0
1.8000000000000002e-08 1.4000000000000001e-08 0.0
1.8000000000000002e-08 1.5000000000000002e-08 0.0
1.8000000000000002e-08 1.6e-08 0.0
1.8000000000000002e-08 1.7e-08 0.0
1.8000000000000002e-08 1.8000000000000002e-08 0.0
1.8000000000000002e-08 1.9e-08 0.0
1.8000000000000002e-08 2e-08 0.0
1.9e-08 1e-08 0.0
1.9e-08 1.1000000000000001e-08 0.0
1.9e-08 1.2000000000000002e-08 0.0
1.9e-08 1.3e-08 0.0
1.9e-08 1.4000000000000001e-08 0.0
1.9e-08 1.5000000000000002e-08 0.0
1.9e-08 1.6e-08 0.0
1.9e-08 1.7e-08 0.0
1.9e-08 1.8000000000000002e-08 0.0
1.9e-08 1.9e-08 0.0
1.9e-08 2e-08 0.0
2e-08 1e-08 0.0
2e-08 1.1000000000000001e-08 0.0
2e-08 1.2000000000000002e-08 0.0
2e-08 1.3e-08 0.0
2e-08 1.4000000000000001e-08 0.0
2e-08 1.5000000000000002e-08 0.0
2e-08 1.6e-08 0.0
2e-08 1.7e-08 0.0
2e-08 1.8000000000000002e-08 0.0
2e-08 1.9e-08 0.0
2e-08 2e-08 0.0
2.1000000000000003e-08 1e-08 0.0
2.1000000000000003e-08 1.1000000000000001e-08 0.0
2.1000000000000003e-08 1.2000000000000002e-08 0.0
2.1000000000000003e-08 1.3e-08 0.0
2.1000000000000003e-08 1.4000000000000001e-08 0.0
2.1000000000000003e-08 1.5000000000000002e-08 0.0
2.1000000000000003e-08 1.6e-08 0.0
2.1000000000000003e-08 1.7e-08 0.0
2.1000000000000003e-08 1.8000000000000002e-08 0.0
2.1000000000000003e-08 1.9e-08 0.0
2.1000000000000003e-08 2e-08 0.0
2.2000000000000002e-08 1e-08 0.0
2.2000000000000002e-08 1.1000000000000001e-08 0.0
2.2000000000000002e-08 1.2000000000000002e-08 0.0
2.2000000000000002e-08 1.3e-08 0.0
2.2000000000000002e-08 1.4000000000000001e-08 0.0
2.2000000000000002e-08 1.5000000000000002e-08 0.0
2.2000000000000002e-08 1.6e-08 0.0
2.2000000000000002e-08 1.7e-08 0.0
2.2000000000000002e-08 1.8000000000000002e-08 0.0
2.2000000000000002e-08 1.9e-08 0.0
2.2000000000000002e-08 2e-08 0.0
2.3e-08 1e-08 0.0
2.3e-08 1.1000000000000001e-08 0.0
2.3e-08 1.2000000000000002e-08 0.0
2.3e-08 1.3e-08 0.0
2.3e-08 1.4000000000000001e-08 0.0
2.3e-08 1.5000000000000002e-08 0.0
2.3e-08 1.6e-08 0.0
2.3e-08 1.7e-08 0.0
2.3e-08 1.8000000000000002e-08 0.0
2.3e-08 1.9e-08 0.0
2.3e-08 2e-08 0.0
2.4000000000000003e-08 1e-08 0.0
2.4000000000000003e-08 1.1000000000000001e-08 0.0
2.4000000000000003e-08 1.2000000000000002e-08 0.0
2.4000000000000003e-08 1.3e-08 0.0
2.4000000000000003e-08 1.4000000000000001e-08 0.0
2.4000000000000003e-08 1.5000000000000002e-08 0.0
2.4000000000000003e-08 1.6e-08 0.0
2.4000000000000003e-08 1.7e-08 0.0
2.4000000000000003e-08 1.8000000000000002e-08 0.0
2.4000000000000003e-08 1.9e-08 0.0
2.4000000000000003e-08 2e-08 0.0
2.5000000000000002e-08 1e-08 0.0
2.5000000000000002e-08 1.1000000000000001e-08 0.0
2.5000000000000002e-08 1.2000000000000002e-08 0.0
2.5000000000000002e-08 1.3e-08 0.0
2.5000000000000002e-08 1.4000000000000001e-08 0.0
2.5000000000000002e-08 1.5000000000000002e-08 0.0
2.5000000000000002e-08 1.6e-08 0.0
2.5000000000000002e-08 1.7e-08 0.0
2.5000000000000002e-08 1.8000000000000002e-08 0.0
2.5000000000000002e-08 1.9e-08 0.0
2.5000000000000002e-08 2e-08 0.0
2.6e-08 1e-08 0.0
2.6e-08 1.1000000000000001e-08 0.0
2.6e-08 1.2000000000000002e-08 0.0
2.6e-08 1.3e-08 0.0
2.6e-08 1.4000000000000001e-08 0.0
2.6e-08 1.5000000000000002e-08 0.0
2.6e-08 1.6e-08 0.0
2.6e-08 1.7e-08 0.0
2.6e-08 1.8000000000000002e-08 0.0
2.6e-08 1.9e-08 0.0
2.6e-08 2e-08 0.0
2.7e-08 1e-08 0.0
2.7e-08 1.1000000000000001e-08 0.0
2.7e-08 1.2000000000000002e-08 0.0
2.7e-08 1.3e-08 0.0
2.7e-08 1.4000000000000001e-08 0.0
2.7e-08 1.5000000000000002e-08 0.0
2.7e-08 1.6e-08 0.0
2.7e-08 1.7e-08 0.0
2.7e-08 1.8000000000000002e-08 0.0
2.7e-08 1.9e-08 0.0
2.7e-08 2e-08 0.0
2.8000000000000003e-08 1e-08 0.0
2.8000000000000003e-08 1.1000000000000001e-08 0.0
2.8000000000000003e-08 1.2000000000000002e-08 0.0
2.8000000000000003e-08 1.3e-08 0.0
2.8000000000000003e-08 1.4000000000000001e-08 0.0
2.8000000000000003e-08 1.5000000000000002e-08 0.0
2.8000000000000003e-08 1.6e-08 0.0
2.8000000000000003e-08 1.7e-08 0.0
2.8000000000000003e-08 1.8000000000000002e-08 0.0
2.8000000000000003e-08 1.9e-08 0.0
2.8000000000000003e-08 2e-08 0.0
2.9e-08 1e-08 0.0
2.9e-08 1.1000000000000001e-08 0.0
2.9e-08 1.2000000000000002e-08 0.0
2.9e-08 1.3e-08 0.0
2.9e-08 1.4000000000000001e-08 0.0
2.9e-08 1.5000000000000002e-08 0.0
2.9e-08 1.6e-08 0.0
2.9e-08 1.7e-08 0.0
2.9e-08 1.8000000000000002e-08 0.0
2.9e-08 1.9e-08 0.0
2.9e-08 2e-08 0.0
3.0000000000000004e-08 1e-08 0.0
3.0000000000000004e-08 1.1000000000000001e-08 0.0
3.0000000000000004e-08 1.2000000000000002e-08 0.0
3.0000000000000004e-08 1.3e-08 0.0
3.0000000000000004e-08 1.4000000000000001e-08 0.0
3.0000000000000004e-08 1.5000000000000002e-08 0.0
3.0000000000000004e-08 1.6e-08 0.0
3.0000000000000004e-08 1.7e-08 0.0
3.0000000000000004e-08 1.8000000000000002e-08 0.0
3.0000000000000004e-08 1.9e-08 0.0
3.0000000000000004e-08 2e-08 0.0
3.1e-08 1e-08 0.0
3.1e-08 1.1000000000000001e-08 0.0
3.1e-08 1.2000000000000002e-08 0.0
3.1e-08 1.3e-08 0.0
3.1e-08 1.4000000000000001e-08 0.0
3.1e-08 1.5000000000000002e-08 0.0
3.1e-08 1.6e-08 0.0
3.1e-08 1.7e-08 0.0
3.1e-08 1.8000000000000002e-08 0.0
3.1e-08 1.9e-08 0.0
3.1e-08 2e-08 0.0
3.2e-08 1e-08 0.0
3.2e-08 1.1000000000000001e-08 0.0
3.2e-08 1.2000000000000002e-08 0.0
3.2e-08 1.3e-08 0.0
3.2e-08 1.4000000000000001e-08 0.0
3.2e-08 1.5000000000000002e-08 0.0
3.2e-08 1.6e-08 0.0
3.2e-08 1.7e-08 0.0
3.2e-08 1.8000000000000002e-08 0.0
3.2e-08 1.9e-08 0.0
3.2e-08 2e-08 0.0
3.3000000000000004e-08 1e-08 0.0
3.3000000000000004e-08 1.1000000000000001e-08 0.0
3.3000000000000004e-08 1.2000000000000002e-08 0.0
3.3000000000000004e-08 1.3e-08 0.0
3.3000000000000004e-08 1.4000000000000001e-08 0.0
3.3000000000000004e-08 1.5000000000000002e-08 0.0
3.3000000000000004e-08 1.6e-08 0.0
3.3000000000000004e-08 1.7e-08 0.0
3.3000000000000004e-08 1.8000000000000002e-08 0.0
3.3000000000000004e-08 1.9e-08 0.0
3.3000000000000004e-08 2e-08 0.0
3.4e-08 1e-08 0.0
3.4e-08 1.1000000000000001e-08 0.0
3.4e-08 1.2000000000000002e-08 0.0
3.4e-08 1.3e-08 0.0
3.4e-08 1.4000000000000001e-08 0.0
3.4e-08 1.5000000000000002e-08 0.0
3.4e-08 1.6e-08 0.0
3.4e-08 1.7e-08 0.0
3.4e-08 1.8000000000000002e-08 0.0
3.4e-08 1.9e-08 0.0
3.4e-08 2e-08 0.0
3.5e-08 1e-08 0.0
3.5e-08 1.1000000000000001e-08 0.0
3.5e-08 1.2000000000000002e-08 0.0
3.5e-08 1.3e-08 0.0
3.5e-08 1.4000000000000001e-08 0.0
3.5e-08 1.5000000000000002e-08 0.0
3.5e-08 1.6e-08 0.0
3.5e-08 1.7e-08 0.0
3.5e-08 1.8000000000000002e-08 0.0
3.5e-08 1.9e-08 0.0
3.5e-08 2e-08 0.0
3.6000000000000005e-08 1e-08 0.0
3.6000000000000005e-08 1.1000000000000001e-08 0.0
3.6000000000000005e-08 1.2000000000000002e-08 0.0
3.6000000000000005e-08 1.3e-08 0.0
3.6000000000000005e-08 1.4000000000000001e-08 0.0
3.6000000000000005e-08 1.5000000000000002e-08 0.0
3.6000000000000005e-08 1.6e-08 0.0
3.6000000000000005e-08 1.7e-08 0.0
3.6000000000000005e-08 1.8000000000000002e-08 0.0
3.6000000000000005e-08 1.9e-08 0.0
3.6000000000000005e-08 2e-08 0.0
3.7e-08 1e-08 0.0
3.7e-08 1.1000000000000001e-08 0.0
3.7e-08 1.2000000000000002e-08 0.0
3.7e-08 1.3e-08 0.0
3.7e-08 1.4000000000000001e-08 0.0
3.7e-08 1.5000000000000002e-08 0.0
3.7e-08 1.6e-08 0.0
3.7e-08 1.7e-08 0.0
3.7e-08 1.8000000000000002e-08 0.0
3.7e-08 1.9e-08 0.0
3.7e-08 2e-08 0.0
3.8e-08 1e-08 0.0
3.8e-08 1.1000000000000001e-08 0.0
3.8e-08 1.2000000000000002e-08 0.0
3.8e-08 1.3e-08 0.0
3.8e-08 1.4000000000000001e-08 0.0
3.8e-08 1.5000000000000002e-08 0.0
3.8e-08 1.6e-08 0.0
3.8e-08 1.7e-08 0.0
3.8e-08 1.8000000000000002e-08 0.0
3.8e-08 1.9e-08 0.0
3.8e-08 2e-08 0.0
3.9000000000000005e-08 1e-08 0.0
3.9000000000000005e-08 1.1000000000000001e-08 0.0
3.9000000000000005e-08 1.2000000000000002e-08 0.0
3.9000000000000005e-08 1.3e-08 0.0
3.9000000000000005e-08 1.4000000000000001e-08 0.0
3.9000000000000005e-08 1.5000000000000002e-08 0.0
3.9000000000000005e-08 1.6e-08 0.0
3.9000000000000005e-08 1.7e-08 0.0
3.9000000000000005e-08 1.8000000000000002e-08 0.0
3.9000000000000005e-08 1.9e-08 0.0
3.9000000000000005e-08 2e-08 0.0
4e-08 1e-08 0.0
4e-08 1.1000000000000001e-08 0.0
4e-08 1.2000000000000002e-08 0.0
4e-08 1.3e-08 0.0
4e-08 1.4000000000000001e-08 0.0
4e-08 1.5000000000000002e-08 0.0
4e-08 1.6e-08 0.0
4e-08 1.7e-08 0.0
4e-08 1.8000000000000002e-08 0.0
4e-08 1.9e-08 0.0
4e-08 2e-08 0.0
4.1e-08 1e-08 0.0
4.1e-08 1.1000000000000001e-08 0.0
4.1e-08 1.2000000000000002e-08 0.0
4.1e-08 1.3e-08 0.0
4.1e-08 1.4000000000000001e-08 0.0
4.1e-08 1.5000000000000002e-08 0.0
4.1e-08 1.6e-08 0.0
4.1e-08 1.7e-08 0.0
4.1e-08 1.8000000000000002e-08 0.0
4.1e-08 1.9e-08 0.0
4.1e-08 2e-08 0.0
4.2000000000000006e-08 1e-08 0.0
4.2000000000000006e-08 1.1000000000000001e-08 0.0
4.2000000000000006e-08 1.2000000000000002e-08 0.0
4.2000000000000006e-08 1.3e-08 0.0
4.2000000000000006e-08 1.4000000000000001e-08 0.0
4.2000000000000006e-08 1.5000000000000002e-08 0.0
4.2000000000000006e-08 1.6e-08 0.0
4.2000000000000006e-08 1.7e-08 0.0
4.2000000000000006e-08 1.8000000000000002e-08 0.0
4.2000000000000006e-08 1.9e-08 0.0
4.2000000000000006e-08 2e-08 0.0
4.3e-08 1e-08 0.0
4.3e-08 1.1000000000000001e-08 0.0
4.3e-08 1.2000000000000002e-08 0.0
4.3e-08 1.3e-08 0.0
4.3e-08 1.4000000000000001e-08 0.0
4.3e-08 1.5000000000000002e-08 0.0
4.3e-08 1.6e-08 0.0
4.3e-08 1.7e-08 0.0
4.3e-08 1.8000000000000002e-08 0.0
4.3e-08 1.9e-08 0.0
4.3e-08 2e-08 0.0
4.4000000000000004e-08 1e-08 0.0
4.4000000000000004e-08 1.1000000000000001e-08 0.0
4.4000000000000004e-08 1.2000000000000002e-08 0.0
4.4000000000000004e-08 1.3e-08 0.0
4.4000000000000004e-08 1.4000000000000001e-08 0.0
4.4000000000000004e-08 1.5000000000000002e-08 0.0
4.4000000000000004e-08 1.6e-08 0.0
4.4000000000000004e-08 1.7e-08 0.0
4.4000000000000004e-08 1.8000000000000002e-08 0.0
4.4000000000000004e-08 1.9e-08 0.0
4.4000000000000004e-08 2e-08 0.0
4.5000000000000006e-08 1e-08 0.0
4.5000000000000006e-08 1.1000000000000001e-08 0.0
4.5000000000000006e-08 1.2000000000000002e-08 0.0
4.5000000000000006e-08 1.3e-08 0.0
4.5000000000000006e-08 1.4000000000000001e-08 0.0
4.5000000000000006e-08 1.5000000000000002e-08 0.0
4.5000000000000006e-08 1.6e-08 0.0
4.5000000000000006e-08 1.7e-08 0.0
4.5000000000000006e-08 1.8000000000000002e-08 0.0
4.5000000000000006e-08 1.9e-08 0.0
4.5000000000000006e-08 2e-08 0.0
4.6e-08 1e-08 0.0
4.6e-08 1.1000000000000001e-08 0.0
4.6e-08 1.2000000000000002e-08 0.0
4.6e-08 1.3e-08 0.0
4.6e-08 1.4000000000000001e-08 0.0
4.6e-08 1.5000000000000002e-08 0.0
4.6e-08 1.6e-08 0.0
4.6e-08 1.7e-08 0.0
4.6e-08 1.8000000000000002e-08 0.0
4.6e-08 1.9e-08 0.0
4.6e-08 2e-08 0.0
4.7000000000000004e-08 1e-08 0.0
4.7000000000000004e-08 1.1000000000000001e-08 0.0
4.7000000000000004e-08 1.2000000000000002e-08 0.0
4.7000000000000004e-08 1.3e-08 0.0
4.7000000000000004e-08 1.4000000000000001e-08 0.0
4.7000000000000004e-08 1.5000000000000002e-08 0.0
4.7000000000000004e-08 1.6e-08 0.0
4.7000000000000004e-08 1.7e-08 0.0
4.7000000000000004e-08 1.8000000000000002e-08 0.0
4.7000000000000004e-08 1.9e-08 0.0
4.7000000000000004e-08 2e-08 0.0
4.8000000000000006e-08 1e-08 0.0
4.8000000000000006e-08 1.1000000000000001e-08 0.0
4.8000000000000006e-08 1.2000000000000002e-08 0.0
4.8000000000000006e-08 1.3e-08 0.0
4.8000000000000006e-08 1.4000000000000001e-08 0.0
4.8000000000000006e-08 1.5000000000000002e-08 0.0
4.8000000000000006e-08 1.6e-08 0.0
4.8000000000000006e-08 1.7e-08 0.0
4.8000000000000006e-08 1.8000000000000002e-08 0.0
4.8000000000000006e-08 1.9e-08 0.0
4.8000000000000006e-08 2e-08 0.0
4.9e-08 1e-08 0.0
4.9e-08 1.1000000000000001e-08 0.0
4.9e-08 1.2000000000000002e-08 0.0
4.9e-08 1.3e-08 0.0
4.9e-08 1.4000000000000001e-08 0.0
4.9e-08 1.5000000000000002e-08 0.0
4.9e-08 1.6e-08 0.0
4.9e-08 1.7e-08 0.0
4.9e-08 1.8000000000000002e-08 0.0
4.9e-08 1.9e-08 0.0
4.9e-08 2e-08 0.0
5.0000000000000004e-08 1e-08 0.0
5.0000000000000004e-08 1.1000000000000001e-08 0.0
5.0000000000000004e-08 1.2000000000000002e-08 0.0
5.0000000000000004e-08 1.3e-08 0.0
5.0000000000000004e-08 1.4000000000000001e-08 0.0
5.0000000000000004e-08 1.5000000000000002e-08 0.0
5.0000000000000004e-08 1.6e-08 0.0
5.0000000000000004e-08 1.7e-08 0.0
5.0000000000000004e-08 1.8000000000000002e-08 0.0
5.0000000000000004e-08 1.9e-08 0.0
5.0000000000000004e-08 2e-08 0.0
    </DataArray>
   </Points>
   <Cells>
    <DataArray type="Int32" Name="connectivity" format="ascii">
0 11 1
11 12 1
1 12 2
12 13 2
2 13 3
13 14 3
3 14 4
14 15 4
4 15 5
15 16 5
5 16 6
16 17 6
6 17 7
17 18 7
7 18 8
18 19 8
8 19 9
19 20 9
9 20 10
20 21 10
11 22 12
22 23 12
12 23 13
23 24 13
13 24 14
24 25 14
14 25 15
25 26 15
15 26 16
26 27 16
16 27 17
27 28 17
17 28 18
28 29 18
18 29 19
29 30 19
19 30 20
30 31 20
20 31 21
31 32 21
22 33 23
33 34 23
23 34 24
34 35 24
24 35 25
35 36 25
25 36 26
36 37 26
26 37 27
37 38 27
27 38 28
38 39 28
28 39 29
39 40 29
29 40 30
40 41 30
30 41 31
41 42 31
31 42 32
42 43 32
33 44 34
44 45 34
34 45 35
45 46 35
35 46 36
46 47 36
36 47 37
47 48 37
37 48 38
48 49 38
38 49 39
49 50 39
39 50 40
50 51 40
40 51 41
51 52 41
41 52 42
52 53 42
42 53 43
53 54 43
44 55 45
55 56 45
45 56 46
56 57 46
46 57 47
57 58 47
47 58 48
58 59 48
48 59 49
59 60 49
49 60 50
60 61 50
50 61 51
61 62 51
51 62 52
62 63 52
52 63 53
63 64 53
53 64 54
64 65 54
55 66 56
66 67 56
56 67 57
67 68 57
57 68 58
68 69 58
58 69 59
69 70 59
59 70 60
70 71 60
60 71 61
71 72 61
61 72 62
72 73 62
62 73 63
73 74 63
63 74 64
74 75 64
64 75 65
75 76 65
66 77 67
77 78 67
67 78 68
78 79 68
68 79 69
79 80 69
69 80 70
80 81 70
70 81 71
81 82 71
71 82 72
82 83 72
72 83 73
83 84 73
73 84 74
84 85 74
74 85 75
85 86 75
75 86 76
86 87 76
77 88 78
88 89 78
78 89 79
89 90 79
79 90 80
90 91 80
80 91 81
91 92 81
81 92 82
92 93 82
82 93 83
93 94 83
83 94 84
94 95 84
84 95 85
95 96 85
85 96 86
96 97 86
86 97 87
97 98 87
88 99 89
99 100 89
89 100 90
100 101 90
90 101 91
101 102 91
91 102 92
102 103 92
92 103 93
103 104 93
93 104 94
104 105 94
94 105 95
105 106 95
95 106 96
106 107 96
96 107 97
107 108 97
97 108 98
108 109 98
99 110 100
110 111 100
100 111 101
111 112 101
101 112 102
112 113 102
102 113 103
113 114 103
103 114 104
114 115 104
104 115 105
115 116 105
105 116 106
116 117 106
106 117 107
117 118 107
107 118 108
118 119 108
108 119 109
119 120 109
110 121 111
121 122 111
111 122 112
122 123 112
112 123 113
123 124 113
113 124 114
124 125 114
114 125 115
125 126 115
115 126 116
126 127 116
116 127 117
127 128 117
117 128 118
128 129 118
118 129 119
129 130 119
119 130 120
130 131 120
121 132 122
132 133 122
122 133 123
133 134 123
123 134 124
134 135 124
124 135 125
135 136 125
125 136 126
136 137 126
126 137 127
137 138 127
127 138 128
138 139 128
128 139 129
139 140 129
129 140 130
140 141 130
130 141 131
141 142 131
132 143 133
143 144 133
133 144 134
144 145 134
134 145 135
145 146 135
135 146 136
146 147 136
136 147 137
147 148 137
137 148 138
148 149 138
138 149 139
149 150 139
139 150 140
150 151 140
140 151 141
151 152 141
141 152 142
152 153 142
143 154 144
154 155 144
144 155 145
155 156 145
145 156 146
156 157 146
146 157 147
157 158 147
147 158 148
158 159 148
148 159 149
159 160 149
149 160 150
160 161 150
150 161 151
161 162 151
151 162 152
162 163 152
152 163 153
163 164 153
154 165 155
165 166 155
155 166 156
166 167 156
156 167 157
167 168 157
157 168 158
168 169 158
158 169 159
169 170 159
159 170 160
170 171 160
160 171 161
171 172 161
161 172 162
172 173 162
162 173 163
173 174 163
163 174 164
174 175 164
165 176 166
176 177 166
166 177 167
177 178 167
167 178 168
178 179 168
168 179 169
179 180 169
169 180 170
180 181 170
170 181 171
181 182 171
171 182 172
182 183 172
172 183 173
183 184 173
173 184 174
184 185 174
174 185 175
185 186 175
176 187 177
187 188 177
177 188 178
188 189 178
178 189 179
189 190 179
179 190 180
190 191 180
180 191 181
191 192 181
181 192 182
192 193 182
182 193 183
193 194 183
183 194 184
194 195 184
184 195 185
195 196 185
185 196 186
196 197 186
187 198 188
198 199 188
188 199 189
199 200 189
189 200 190
200 201 190
190 201 191
201 202 191
191 202 192
202 203 192
192 203 193
203 204 193
193 204 194
204 205 194
194 205 195
205 206 195
195 206 196
206 207 196
196 207 197
207 208 197
198 209 199
209 210 199
199 210 200
210 211 200
200 211 201
211 212 201
201 212 202
212 213 202
202 213 203
213 214 203
203 214 204
214 215 204
204 215 205
215 216 205
205 216 206
216 217 206
206 217 207
217 218 207
207 218 208
218 219 208
209 220 210
220 221 210
210 221 211
221 222 211
211 222 212
222 223 212
212 223 213
223 224 213
213 224 214
224 225 214
214 225 215
225 226 215
215 226 216
226 227 216
216 227 217
227 228 217
217 228 218
228 229 218
218 229 219
229 230 219
220 231 221
231 232 221
221 232 222
232 233 222
222 233 223
233 234 223
223 234 224
234 235 224
224 235 225
235 236 225
225 236 226
236 237 226
226 237 227
237 238 227
227 238 228
238 239 228
228 239 229
239 240 229
229 240 230
240 241 230
231 242 232
242 243 232
232 243 233
243 244 233
233 244 234
244 245 234
234 245 235
245 246 235
235 246 236
246 247 236
236 247 237
247 248 237
237 248 238
248 249 238
238 249 239
249 250 239
239 250 240
250 251 240
240 251 241
251 252 241
242 253 243
253 254 243
243 254 244
254 255 244
244 255 245
255 256 245
245 256 246
256 257 246
246 257 247
257 258 247
247 258 248
258 259 248
248 259 249
259 260 249
249 260 250
260 261 250
250 261 251
261 262 251
251 262 252
262 263 252
253 264 254
264 265 254
254 265 255
265 266 255
255 266 256
266 267 256
256 267 257
267 268 257
257 268 258
268 269 258
258 269 259
269 270 259
259 270 260
270 271 260
260 271 261
271 272 261
261 272 262
272 273 262
262 273 263
273 274 263
264 275 265
275 276 265
265 276 266
276 277 266
266 277 267
277 278 267
267 278 268
278 279 268
268 279 269
279 280 269
269 280 270
280 281 270
270 281 271
281 282 271
271 282 272
282 283 272
272 283 273
283 284 273
273 284 274
284 285 274
275 286 287
275 287 276
276 287 288
276 288 277
277 288 289
277 289 278
278 289 290
278 290 279
279 290 291
279 291 280
280 291 292
280 292 281
281 292 293
281 293 282
282 293 294
282 294 283
283 294 295
283 295 284
284 295 296
284 296 285
286 297 298
286 298 287
287 298 299
287 299 288
288 299 300
288 300 289
289 300 301
289 301 290
290 301 302
290 302 291
291 302 303
291 303 292
292 303 304
292 304 293
293 304 305
293 305 294
294 305 306
294 306 295
295 306 307
295 307 296
297 308 309
297 309 298
298 309 310
298 310 299
299 310 311
299 311 300
300 311 312
300 312 301
301 312 313
301 313 302
302 313 314
302 314 303
303 314 315
303 315 304
304 315 316
304 316 305
305 316 317
305 317 306
306 317 318
306 318 307
308 319 320
308 320 309
309 320 321
309 321 310
310 321 322
310 322 311
311 322 323
311 323 312
312 323 324
312 324 313
313 324 325
313 325 314
314 325 326
314 326 315
315 326 327
315 327 316
316 327 328
316 328 317
317 328 329
317 329 318
319 330 331
319 331 320
320 331 332
320 332 321
321 332 333
321 333 322
322 333 334
322 334 323
323 334 335
323 335 324
324 335 336
324 336 325
325 336 337
325 337 326
326 337 338
326 338 327
327 338 339
327 339 328
328 339 340
328 340 329
330 341 342
330 342 331
331 342 343
331 343 332
332 343 344
332 344 333
333 344 345
333 345 334
334 345 346
334 346 335
335 346 347
335 347 336
336 347 348
336 348 337
337 348 349
337 349 338
338 349 350
338 350 339
339 350 351
339 351 340
341 352 353
341 353 342
342 353 354
342 354 343
343 354 355
343 355 344
344 355 356
344 356 345
345 356 357
345 357 346
346 357 358
346 358 347
347 358 359
347 359 348
348 359 360
348 360 349
349 360 361
349 361 350
350 361 362
350 362 351
352 363 364
352 364 353
353 364 365
353 365 354
354 365 366
354 366 355
355 366 367
355 367 356
356 367 368
356 368 357
357 368 369
357 369 358
358 369 370
358 370 359
359 370 371
359 371 360
360 371 372
360 372 361
361 372 373
361 373 362
363 374 375
363 375 364
364 375 376
364 376 365
365 376 377
365 377 366
366 377 378
366 378 367
367 378 379
367 379 368
368 379 380
368 380 369
369 380 381
369 381 370
370 381 382
370 382 371
371 382 383
371 383 372
372 383 384
372 384 373
374 385 386
374 386 375
375 386 387
375 387 376
376 387 388
376 388 377
377 388 389
377 389 378
378 389 390
378 390 379
379 390 391
379 391 380
380 391 392
380 392 381
381 392 393
381 393 382
382 393 394
382 394 383
383 394 395
383 395 384
385 396 397
385 397 386
386 397 398
386 398 387
387 398 399
387 399 388
388 399 400
388 400 389
389 400 401
389 401 390
390 401 402
390 402 391
391 402 403
391 403 392
392 403 404
392 404 393
393 404 405
393 405 394
394 405 406
394 406 395
396 407 408
396 408 397
397 408 409
397 409 398
398 409 410
398 410 399
399 410 411
399 411 400
400 411 412
400 412 401
401 412 413
401 413 402
402 413 414
402 414 403
403 414 415
403 415 404
404 415 416
404 416 405
405 416 417
405 417 406
407 418 419
407 419 408
408 419 420
408 420 409
409 420 421
409 421 410
410 421 422
410 422 411
411 422 423
411 423 412
412 423 424
412 424 413
413 424 425
413 425 414
414 425 426
414 426 415
415 426 427
415 427 416
416 427 428
416 428 417
418 429 430
418 430 419
419 430 431
419 431 420
420 431 432
420 432 421
421 432 433
421 433 422
422 433 434
422 434 423
423 434 435
423 435 424
424 435 436
424 436 425
425 436 437
425 437 426
426 437 438
426 438 427
427 438 439
427 439 428
429 440 441
429 441 430
430 441 442
430 442 431
431 442 443
431 443 432
432 443 444
432 444 433
433 444 445
433 445 434
434 445 446
434 446 435
435 446 447
435 447 436
436 447 448
436 448 437
437 448 449
437 449 438
438 449 450
438 450 439
440 451 452
440 452 441
441 452 453
441 453 442
442 453 454
442 454 443
443 454 455
443 455 444
444 455 456
444 456 445
445 456 457
445 457 446
446 457 458
446 458 447
447 458 459
447 459 448
448 459 460
448 460 449
449 460 461
449 461 450
451 462 463
451 463 452
452 463 464
452 464 453
453 464 465
453 465 454
454 465 466
454 466 455
455 466 467
455 467 456
456 467 468
456 468 457
457 468 469
457 469 458
458 469 470
458 470 459
459 470 471
459 471 460
460 471 472
460 472 461
462 473 474
462 474 463
463 474 475
463 475 464
464 475 476
464 476 465
465 476 477
465 477 466
466 477 478
466 478 467
467 478 479
467 479 468
468 479 480
468 480 469
469 480 481
469 481 470
470 481 482
470 482 471
471 482 483
471 483 472
473 484 485
473 485 474
474 485 486
474 486 475
475 486 487
475 487 476
476 487 488
476 488 477
477 488 489
477 489 478
478 489 490
478 490 479
479 490 491
479 491 480
480 491 492
480 492 481
481 492 493
481 493 482
482 493 494
482 494 483
484 495 496
484 496 485
485 496 497
485 497 486
486 497 498
486 498 487
487 498 499
487 499 488
488 499 500
488 500 489
489 500 501
489 501 490
490 501 502
490 502 491
491 502 503
491 503 492
492 503 504
492 504 493
493 504 505
493 505 494
495 506 507
495 507 496
496 507 508
496 508 497
497 508 509
497 509 498
498 509 510
498 510 499
499 510 511
499 511 500
500 511 512
500 512 501
501 512 513
501 513 502
502 513 514
502 514 503
503 514 515
503 515 504
504 515 516
504 516 505
506 517 518
506 518 507
507 518 519
507 519 508
508 519 520
508 520 509
509 520 521
509 521 510
510 521 522
510 522 511
511 522 523
511 523 512
512 523 524
512 524 513
513 524 525
513 525 514
514 525 526
514 526 515
515 526 527
515 527 516
517 528 529
517 529 518
518 529 530
518 530 519
519 530 531
519 531 520
520 531 532
520 532 521
521 532 533
521 533 522
522 533 534
522 534 523
523 534 535
523 535 524
524 535 536
524 536 525
525 536 537
525 537 526
526 537 538
526 538 527
528 539 540
528 540 529
529 540 541
529 541 530
530 541 542
530 542 531
531 542 543
531 543 532
532 543 544
532 544 533
533 544 545
533 545 534
534 545 546
534 546 535
535 546 547
535 547 536
536 547 548
536 548 537
537 548 549
537 549 538
539 550 551
539 551 540
540 551 552
540 552 541
541 552 553
541 553 542
542 553 554
542 554 543
543 554 555
543 555 544
544 555 556
544 556 545
545 556 557
545 557 546
546 557 558
546 558 547
547 558 559
547 559 548
548 559 560
548 560 549
    </DataArray>
    <DataArray type="Int32" Name="offsets" format="ascii">
3 6 9 12 15 18 21 24 27 30 33 36 39 42 45 48 51 54 57 60 63 66 69 72 75 78 81 84 87 90 93 96 99 102 105 108 111 114 117 120 123 126 129 132 135 138 141 144 147 150 153 156 159 162 165 168 171 174 177 180 183 186 189 192 195 198 201 204 207 210 213 216 219 222 225 228 231 234 237 240 243 246 249 252 255 258 261 264 267 270 273 276 279 282 285 288 291 294 297 300 303 306 309 312 315 318 321 324 327 330 333 336 339 342 345 348 351 354 357 360 363 366 369 372 375 378 381 384 387 390 393 396 399 402 405 408 411 414 417 420 423 426 429 432 435 438 441 444 447 450 453 456 459 462 465 468 471 474 477 480 483 486 489 492 495 498 501 504 507 510 513 516 519 522 525 528 531 534 537 540 543 546 549 552 555 558 561 564 567 570 573 576 579 582 585 588 591 594 597 600 603 606 609 612 615 618 621 624 627 630 633 636 639 642 645 648 651 654 657 660 663 666 669 672 675 678 681 684 687 690 693 696 699 702 705 708 711 714 717 720 723 726 729 732 735 738 741 744 747 750 753 756 759 762 765 768 771 774 777 780 783 786 789 792 795 798 801 804 807 810 813 816 819 822 825 828 831 834 837 840 843 846 849 852 855 858 861 864 867 870 873 876 879 882 885 888 891 894 897 900 903 906 909 912 915 918 921 924 927 930 933 936 939 942 945 948 951 954 957 960 963 966 969 972 975 978 981 984 987 990 993 996 999 1002 1005 1008 1011 1014 1017 1020 1023 1026 1029 1032 1035 1038 1041 1044 1047 1050 1053 1056 1059 1062 1065 1068 1071 1074 1077 1080 1083 1086 1089 1092 1095 1098 1101 1104 1107 1110 1113 1116 1119 1122 1125 1128 1131 1134 1137 1140 1143 1146 1149 1152 1155 1158 1161 1164 1167 1170 1173 1176 1179 1182 1185 1188 1191 1194 1197 1200 1203 1206 1209 1212 1215 1218 1221 1224 1227 1230 1233 1236 1239 1242 1245 1248 1251 1254 1257 1260 1263 1266 1269 1272 1275 1278 1281 1284 1287 1290 1293 1296 1299 1302 1305 1308 1311 1314 1317 1320 1323 1326 1329 1332 1335 1338 1341 1344 1347 1350 1353 1356 1359 1362 1365 1368 1371 1374 1377 1380 1383 1386 1389 1392 1395 1398 1401 1404 1407 1410 1413 1416 1419 1422 1425 1428 1431 1434 1437 1440 1443 1446 1449 1452 1455 1458 1461 1464 1467 1470 1473 1476 1479 1482 1485 1488 1491 1494 1497 1500 1503 1506 1509 1512 1515 1518 1521 1524 1527 1530 1533 1536 1539 1542 1545 1548 1551 1554 1557 1560 1563 1566 1569 1572 1575 1578 1581 1584 1587 1590 1593 1596 1599 1602 1605 1608 1611 1614 1617 1620 1623 1626 1629 1632 1635 1638 1641 1644 1647 1650 1653 1656 1659 1662 1665 1668 1671 1674 1677 1680 1683 1686 1689 1692 1695 1698 1701 1704 1707 1710 1713 1716 1719 1722 1725 1728 1731 1734 1737 1740 1743 1746 1749 1752 1755 1758 1761 1764 1767 1770 1773 1776 1779 1782 1785 1788 1791 1794 1797 1800 1803 1806 1809 1812 1815 1818 1821 1824 1827 1830 1833 1836 1839 1842 1845 1848 1851 1854 1857 1860 1863 1866 1869 1872 1875 1878 1881 1884 1887 1890 1893 1896 1899 1902 1905 1908 1911 1914 1917 1920 1923 1926 1929 1932 1935 1938 1941 1944 1947 1950 1953 1956 1959 1962 1965 1968 1971 1974 1977 1980 1983 1986 1989 1992 1995 1998 2001 2004 2007 2010 2013 2016 2019 2022 2025 2028 2031 2034 2037 2040 2043 2046 2049 2052 2055 2058 2061 2064 2067 2070 2073 2076 2079 2082 2085 2088 2091 2094 2097 2100 2103 2106 2109 2112 2115 2118 2121 2124 2127 2130 2133 2136 2139 2142 2145 2148 2151 2154 2157 2160 2163 2166 2169 2172 2175 2178 2181 2184 2187 2190 2193 2196 2199 2202 2205 2208 2211 2214 2217 2220 2223 2226 2229 2232 2235 2238 2241 2244 2247 2250 2253 2256 2259 2262 2265 2268 2271 2274 2277 2280 2283 2286 2289 2292 2295 2298 2301 2304 2307 2310 2313 2316 2319 2322 2325 2328 2331 2334 2337 2340 2343 2346 2349 2352 2355 2358 2361 2364 2367 2370 2373 2376 2379 2382 2385 2388 2391 2394 2397 2400 2403 2406 2409 2412 2415 2418 2421 2424 2427 2430 2433 2436 2439 2442 2445 2448 2451 2454 2457 2460 2463 2466 2469 2472 2475 2478 2481 2484 2487 2490 2493 2496 2499 2502 2505 2508 2511 2514 2517 2520 2523 2526 2529 2532 2535 2538 2541 2544 2547 2550 2553 2556 2559 2562 2565 2568 2571 2574 2577 2580 2583 2586 2589 2592 2595 2598 2601 2604 2607 2610 2613 2616 2619 2622 2625 2628 2631 2634 2637 2640 2643 2646 2649 2652 2655 2658 2661 2664 2667 2670 2673 2676 2679 2682 2685 2688 2691 2694 2697 2700 2703 2706 2709 2712 2715 2718 2721 2724 2727 2730 2733 2736 2739 2742 2745 2748 2751 2754 2757 2760 2763 2766 2769 2772 2775 2778 2781 2784 2787 2790 2793 2796 2799 2802 2805 2808 2811 2814 2817 2820 2823 2826 2829 2832 2835 2838 2841 2844 2847 2850 2853 2856 2859 2862 2865 2868 2871 2874 2877 2880 2883 2886 2889 2892 2895 2898 2901 2904 2907 2910 2913 2916 2919 2922 2925 2928 2931 2934 2937 2940 2943 2946 2949 2952 2955 2958 2961 2964 2967 2970 2973 2976 2979 2982 2985 2988 2991 2994 2997 3000
    </DataArray>
    <DataArray type="UInt8" Name="types" format="ascii">
5 5 5 5 5 5 5 5 5 5 5 5 5 5 5 5 5 5 5 5 5 5 5 5 5 5 5 5 5 5 5 5 5 5 5 5 5 5 5 5 5 5 5 5 5 5 5 5 5 5 5 5 5 5 5 5 5 5 5 5 5 5 5 5 5 5 5 5 5 5 5 5 5 5 5 5 5 5 5 5 5 5 5 5 5 5 5 5 5 5 5 5 5 5 5 5 5 5 5 5 5 5 5 5 5 5 5 5 5 5 5 5 5 5 5 5 5 5 5 5 5 5 5 5 5 5 5 5 5 5 5 5 5 5 5 5 5 5 5 5 5 5 5 5 5 5 5 5 5 5 5 5 5 5 5 5 5 5 5 5 5 5 5 5 5 5 5 5 5 5 5 5 5 5 5 5 5 5 5 5 5 5 5 5 5 5 5 5 5 5 5 5 5 5 5 5 5 5 5 5 5 5 5 5 5 5 5 5 5 5 5 5 5 5 5 5 5 5 5 5 5 5 5 5 5 5 5 5 5 5 5 5 5 5 5 5 5 5 5 5 5 5 5 5 5 5 5 5 5 5 5 5 5 5 5 5 5 5 5 5 5 5 5 5 5 5 5 5 5 5 5 5 5 5 5 5 5 5 5 5 5 5 5 5 5 5 5 5 5 5 5 5 5 5 5 5 5 5 5 5 5 5 5 5 5 5 5 5 5 5 5 5 5 5 5 5 5 5 5 5 5 5 5 5 5 5 5 5 5 5 5 5 5 5 5 5 5 5 5 5 5 5 5 5 5 5 5 5 5 5 5 5 5 5 5 5 5 5 5 5 5 5 5 5 5 5 5 5 5 5 5 5 5 5 5 5 5 5 5 5 5 5 5 5 5 5 5 5 5 5 5 5 5 5 5 5 5 5 5 5 5 5 5 5 5 5 5 5 5 5 5 5 5 5 5 5 5 5 5 5 5 5 5 5 5 5 5 5 5 5 5 5 5 5 5 5 5 5 5 5 5 5 5 5 5 5 5 5 5 5 5 5 5 5 5 5 5 5 5 5 5 5 5 5 5 5 5 5 5 5 5 5 5 5 5 5 5 5 5 5 5 5 5 5 5 5 5 5 5 5 5 5 5 5 5 5 5 5 5 5 5 5 5 5 5 5 5 5 5 5 5 5 5 5 5 5 5 5 5 5 5 5 5 5 5 5 5 5 5 5 5 5 5 5 5 5 5 5 5 5 5 5 5 5 5 5 5 5 5 5 5 5 5 5 5 5 5 5 5 5 5 5 5 5 5 5 5 5 5 5 5 5 5 5 5 5 5 5 5 5 5 5 5 5 5 5 5 5 5 5 5 5 5 5 5 5 5 5 5 5 5 5 5 5 5 5 5 5 5 5 5 5 5 5 5 5 5 5 5 5 5 5 5 5 5 5 5 5 5 5 5 5 5 5 5 5 5 5 5 5 5 5 5 5 5 5 5 5 5 5 5 5 5 5 5 5 5 5 5 5 5 5 5 5 5 5 5 5 5 5 5 5 5 5 5 5 5 5 5 5 5 5 5 5 5 5 5 5 5 5 5 5 5 5 5 5 5 5 5 5 5 5 5 5 5 5 5 5 5 5 5 5 5 5 5 5 5 5 5 5 5 5 5 5 5 5 5 5 5 5 5 5 5 5 5 5 5 5 5 5 5 5 5 5 5 5 5 5 5 5 5 5 5 5 5 5 5 5 5 5 5 5 5 5 5 5 5 5 5 5 5 5 5 5 5 5 5 5 5 5 5 5 5 5 5 5 5 5 5 5 5 5 5 5 5 5 5 5 5 5 5 5 5 5 5 5 5 5 5 5 5 5 5 5 5 5 5 5 5 5 5 5 5 5 5 5 5 5 5 5 5 5 5 5 5 5 5 5 5 5 5 5 5 5 5 5 5 5 5 5 5 5 5 5 5 5 5 5 5 5 5 5 5 5 5 5 5 5 5 5 5 5 5 5 5 5 5 5 5 5 5 5 5 5 5 5 5 5 5 5 5 5 5 5 5 5 5 5 5 5 5 5 5 5 5 5 5 5 5 5 5 5 5 5 5 5 5 5 5 5 5 5 5 5 5 5 5 5 5 5 5 5 5 5 5 5 5 5 5 5 5 5 5 5 5 5 5 5 5 5 5 5 5 5 5 5 5 5 5 5 5 5 5 5 5 5 5 5 5 5 5 5 5 5 5 5 5 5 5 5 5 5 5 5 5 5 5 5 5 5 5 5 5 5 5 5 5 5 5 5
    </DataArray>
   </Cells>
   <PointData>
    <DataArray type="Float32" Name="Acceptor Doping [log10(m^-3)]" NumberOfComponents="1" format="ascii">
0.0 0.0 0.0 0.0 0.0 0.0 0.0 0.0 0.0 0.0 0.0 0.0 0.0 0.0 0.0 0.0 0.0 0.0 0.0 0.0 0.0 0.0 0.0 0.0 0.0 0.0 0.0 0.0 0.0 0.0 0.0 0.0 0.0 0.0 0.0 0.0 0.0 0.0 0.0 0.0 0.0 0.0 0.0 0.0 0.0 0.0 0.0 0.0 0.0 0.0 0.0 0.0 0.0 0.0 0.0 0.0 0.0 0.0 0.0 0.0 0.0 0.0 0.0 0.0 0.0 0.0 0.0 0.0 0.0 0.0 0.0 0.0 0.0 0.0 0.0 0.0 0.0 0.0 0.0 0.0 0.0 0.0 0.0 0.0 0.0 0.0 0.0 0.0 0.0 0.0 0.0 0.0 0.0 0.0 0.0 0.0 0.0 0.0 0.0 0.0 0.0 0.0 0.0 0.0 0.0 0.0 0.0 0.0 0.0 0.0 0.0 0.0 0.0 0.0 0.0 0.0 0.0 0.0 0.0 0.0 0.0 0.0 0.0 0.0 0.0 0.0 0.0 0.0 0.0 0.0 0.0 0.0 0.0 0.0 0.0 0.0 0.0 0.0 0.0 0.0 0.0 0.0 0.0 0.0 0.0 0.0 0.0 0.0 0.0 0.0 0.0 0.0 0.0 0.0 0.0 0.0 0.0 0.0 0.0 0.0 0.0 0.0 0.0 0.0 0.0 0.0 0.0 0.0 0.0 0.0 0.0 0.0 0.0 0.0 0.0 0.0 0.0 0.0 0.0 0.0 0.0 0.0 0.0 0.0 0.0 0.0 0.0 0.0 0.0 0.0 0.0 0.0 0.0 0.0 0.0 0.0 0.0 0.0 0.0 0.0 0.0 0.0 0.0 0.0 0.0 0.0 0.0 0.0 0.0 0.0 0.0 0.0 0.0 0.0 0.0 0.0 0.0 0.0 0.0 0.0 0.0 0.0 0.0 0.0 0.0 0.0 0.0 0.0 0.0 0.0 0.0 0.0 0.0 0.0 0.0 0.0 0.0 0.0 0.0 0.0 0.0 0.0 0.0 0.0 0.0 0.0 0.0 0.0 0.0 0.0 0.0 0.0 0.0 0.0 0.0 0.0 0.0 0.0 0.0 0.0 0.0 0.0 0.0 0.0 0.0 0.0 0.0 0.0 0.0 0.0 0.0 0.0 0.0 0.0 0.0 0.0 0.0 0.0 0.0 0.0 0.0 0.0 0.0 0.0 0.0 0.0 0.0 0.0 0.0 0.0 0.0 0.0 0.0 0.0 0.0 0.0 0.0 0.0 0.0 0.0 0.0 0.0 0.0 0.0 0.0 0.0 0.0 0.0 0.0 0.0 0.0 0.0 0.0 0.0 0.0 0.0 0.0 0.0 0.0 0.0 0.0 0.0 0.0 0.0 0.0 0.0 0.0 0.0 0.0 0.0 0.0 0.0 0.0 0.0 0.0 0.0 0.0 0.0 0.0 0.0 0.0 0.0 0.0 0.0 0.0 0.0 0.0 0.0 0.0 0.0 0.0 0.0 0.0 0.0 0.0 0.0 0.0 0.0 0.0 0.0 0.0 0.0 0.0 0.0 0.0 0.0 0.0 0.0 0.0 0.0 0.0 0.0 0.0 0.0 0.0 0.0 0.0 0.0 0.0 0.0 0.0 0.0 0.0 0.0 0.0 0.0 0.0 0.0 0.0 0.0 0.0 0.0 0.0 0.0 0.0 0.0 0.0 0.0 0.0 0.0 0.0 0.0 0.0 0.0 0.0 0.0 0.0 0.0 0.0 0.0 0.0 0.0 0.0 0.0 0.0 0.0 0.0 0.0 0.0 0.0 0.0 0.0 0.0 0.0 0.0 0.0 0.0 0.0 0.0 0.0 0.0 0.0 0.0 0.0 0.0 0.0 0.0 0.0 0.0 0.0 0.0 0.0 0.0 0.0 0.0 0.0 0.0 0.0 0.0 0.0 0.0 0.0 0.0 0.0 0.0 0.0 0.0 0.0 0.0 0.0 0.0 0.0 0.0 0.0 0.0 0.0 0.0 0.0 0.0 0.0 0.0 0.0 0.0 0.0 0.0 0.0 0.0 0.0 0.0 0.0 0.0 0.0 0.0 0.0 0.0 0.0 0.0 0.0 0.0 0.0 0.0 0.0 0.0 0.0 0.0 0.0 0.0 0.0 0.0 0.0 0.0 0.0 0.0 0.0 0.0 0.0 0.0 0.0 0.0 0.0 0.0 0.0 0.0 0.0 0.0 0.0 0.0 0.0 0.0 0.0 0.0 0.0 0.0 0.0 0.0 0.0 0.0 0.0 0.0 0.0 0.0 0.0 0.0 0.0 0.0 0.0 0.0 0.0 0.0 0.0 0.0 0.0 0.0 0.0 0.0 0.0 0.0 0.0 0.0 0.0 0.0 0.0 0.0 0.0 0.0 0.0 0.0 0.0 0.0 0.0 0.0
    </DataArray>
    <DataArray type="Float32" Name="Donor Doping [log10(m^-3)]" NumberOfComponents="1" format="ascii">
25.796500951832098 25.970114479901067 26.025177123653705 26.008643925899598 25.99149040586993 25.96507430368351 25.91415396587513 25.81303629419079 25.63536753236054 25.41495910375971 25.299942900022767 25.720297192363457 25.87891960219745 25.961886647325034 25.954895691885675 25.941532002325474 25.915779418345714 25.862101134481303 25.756736730342148 25.583782070425404 25.387597054304866 25.299942900022767 25.561176692488786 25.664285237921124 25.795046646263923 25.80758189422979 25.798273897146835 25.77055676275224 25.70969943820888 25.60171091176205 25.457133113756562 25.32594572133635 25.299942900022767 25.405343586531128 25.432411030078125 25.576890318453838 25.60315691893675 25.58800603694202 25.552614290365945 25.491673152497587 25.40746153885316 25.32265967623386 25.265508572778955 25.299942900022767 25.27309275156497 25.245806751774477 25.37950057673097 25.417101763889764 25.399000777302113 25.35959195432513 25.311462168593625 25.264188299675812 25.23071139936265 25.224115443957487 25.299942900022767 25.156906874723 25.101201777193346 25.223630601341963 25.279569354897596 25.280241638852697 25.253921871128462 25.221233908384846 25.1948877753366 25.184504473806395 25.201989260451423 25.299942900022767 25.04867019511559 24.980247233309502 25.094186750208753 25.167066406346724 25.194292340850353 25.19167297939459 25.177373822968455 25.165285235134004 25.165952533944683 25.194597539576897 25.299942900022767 24.942722408694845 24.869931350678026 24.97883626220534 25.064382239312163 25.115166059191807 25.137262284845256 25.143504554426656 25.146418570979762 25.156880553307495 25.192807025725372 25.299942900022767 24.834873064157456 24.761961157954897 24.869875897739025 24.96638505321274 25.03670574797135 25.08116364244963 25.107613276154897 25.126257022603568 25.147765090761144 25.19205890381477 25.299942900022767 24.7212258072849 24.65057188084377 24.76141672035442 24.869572827080262 24.957826247811596 25.02250360158435 25.068204373279077 25.10297203920462 25.137623276922323 25.192475769755497 25.299942900022767 24.596187260185687 24.530888115812424 24.64883712801267 24.770241617270365 24.876598068187338 24.961424187301258 25.026584122753878 25.079083369912773 25.130658789185002 25.194942521817364 25.299942900022767 24.4486147527111 24.397774475937243 24.526239658999657 24.66379765846768 24.79115305323847 24.898809735070596 24.986873825031328 25.061368377339793 25.130565610253658 25.19912269930749 25.299942900022767 24.254179897743107 24.234157470246547 24.386407549927412 24.54878809145849 24.703264326255077 24.841243803344522 24.95449227667174 25.051501128238932 25.13311536419375 25.203720743497737 25.299942900022767 23.932949580313146 23.914777002254922 24.092130106637256 24.334369946166778 24.585395766201383 24.823143288419747 24.929255532880486 25.046037461388977 25.138190624065746 25.2089522421305 25.299942900022767 23.722907987614345 23.671410356102204 23.83949348118009 24.0797462466665 24.344722078904994 24.600580035383256 24.83038098303854 25.032764308312903 25.196492388592056 25.21639261335303 25.299942900022767 23.598138601034147 23.511022198141227 23.663062797648582 23.903213484115582 24.18108472849192 24.457500614419732 24.71035285587389 24.924024097991474 25.089903490318232 25.208605039136305 25.299942900022767 23.529458466526496 23.426258551109218 23.570313166482794 23.81314328535161 24.09932277748628 24.391250935201974 24.660115992322318 24.889015468465985 25.07020976904284 25.20474603708526 25.299942900022767 23.488272373402452 23.37785747358497 23.522357686522586 23.770575029493333 24.060805682889725 24.359440712741115 24.637439369393277 24.875215771129803 25.063854024795003 25.2031460450026 25.299942900022767 23.459069904338538 23.343618893206425 23.490237008887924 23.741737105760386 24.035428821693245 24.338937694651317 24.62273024377629 24.866256885087502 25.059723731124954 25.202073822388094 25.299942900022767 23.435810012449416 23.31620344917579 23.46434948667947 23.718329042520395 24.01469431492931 24.322245987548513 24.610807332482697 24.858965363037694 25.0563027570128 25.201179637487712 25.299942900022767 23.415825822792847 23.292862890323445 23.442319594898393 23.698370494896178 23.996908676055856 24.307789975789152 24.60041425343669 24.85261204410718 25.053288191502077 25.200386217705606 25.299942900022767 23.3980296867309 23.27238891502662 23.423131141747326 23.68097843760287 23.98132471688626 24.295030655711013 24.59117854204221 24.84692609522033 25.050570456231235 25.19966453530506 25.299942900022767 23.381903412044323 23.254162836539358 23.406225432973123 23.66566137106313 23.967557695763542 24.283690645268816 24.5829163444513 24.84179634844949 25.048098613555965 25.198998754525523 25.299942900022767 23.367186319083192 23.23782490806809 23.391242064955165 23.65210772586258 23.95534886304376 24.273582370989043 24.575507110770968 24.83716100681515 25.045845851783508 25.198381706377845 25.299942900022767 23.353739706549405 23.223138436040376 23.37792169365632 23.640082902188126 23.944499569981744 24.264560455593312 24.56885882839267 24.832974562007223 25.04379488416365 25.197810507033612 25.299942900022767 23.341534409857363 23.209927616699463 23.36606190079475 23.62939889875382 23.934847998810742 24.256504672568564 24.562894877046883 24.829202738102808 25.041931776651687 25.197283746866148 25.299942900022767 23.330421795343103 23.19804980167569 23.35549577577405 23.619898715391688 23.92625730770467 24.249311667356494 24.55754835587434 24.82580753392936 25.040243616655335 25.19680017360965 25.299942900022767 23.320330515004677 23.187507677989604 23.346080233944452 23.611447559857655 23.9186089575762 24.24289042831583 24.55275916332655 24.82275431868125 25.038717759291607 25.196358227596335 25.299942900022767 23.311191267029496 23.178184903909802 23.33769004189372 23.603927847679877 23.911798869266995 24.237159829970246 24.54847263320165 24.82001253158031 25.03734170798094 25.19595595667401 25.299942900022767 23.302935251088947 23.169819583822797 23.330214472799394 23.597236182300612 23.90573508022323 24.232049174424898 24.544638925908423 24.817553572348732 25.036103229304366 25.19559109078837 25.299942900022767 23.295494530321058 23.16232195738754 23.323555221750205 23.591281332186664 23.90033615354665 24.22749219644511 24.541212686641373 24.81535083891835 25.034990528490702 25.195261159409203 25.299942900022767 23.288802954942575 23.155609712880977 23.317624925822543 23.58598271018445 23.89552994872242 24.22342958082061 24.538152796205196 24.813379775996776 25.033992406062605 25.194963605590583 25.299942900022767 23.28279710611513 23.14960759541758 23.312345987295252 23.581269137786663 23.89125260399959 24.219809449230755 24.53542213724903 24.811617891243515 25.033098378625365 25.19469588653971 25.299942900022767 23.27741705190329 23.144247101202065 23.30764956664836 23.577077789892787 23.887447653976622 24.21658561875102 24.53298735030842 24.810044726642374 25.03229874372695 25.194455534844383 25.299942900022767 23.27260686119137 23.13946616273315 23.303474681407984 23.57335326183622 23.8840652355642 24.21371707234988 24.53081857208186 24.808641789438223 25.031584608881573 25.194240206968477 25.299942900022767 23.26831489175848 23.135208799821285 23.299767390808064 23.570046739116428 23.881061371459154 24.21116746057629 24.528889164004248 24.807392452778657 25.03094789079454 25.19404771363611 25.299942900022767 23.264493894542305 23.13142474173552 23.29648005800703 23.56711525876975 23.878397325727445 24.20890463745693 24.52717544041039 24.806281837044377 25.030381292000264 25.193876035889783 25.299942900022767 23.261100980905827 23.12806903098243 23.293570685555878 23.564521054795772 23.8760390278605 24.206900233782594 24.52565640488448 24.805296682011445 25.02987826324018 25.19372333107507 25.299942900022767 23.25809749524453 23.12510162553748 23.29100232140635 23.562230981097848 23.873956561679734 24.20512926970461 24.52431350114705 24.804425217486898 25.029432957933313 25.19358793205001 25.299942900022767 23.255448827692916 23.122487111616604 23.288742531885962 23.560216005904113 23.872123715330506 24.203569807293057 24.523130382779176 24.80365703788403 25.02904018331494 25.193468342072297 25.299942900022767 23.253124193773903 23.12019576754511 23.28676293747656 23.558450771284857 23.870517587745127 24.202202642138555 24.522092703959895 24.802982984229118 25.028695351401602 25.193363227145593 25.299942900022767 23.251096400816444 23.118198108247974 23.28503997255419 23.55691321145171 23.869118246675217 24.20101103209158 24.521187931927688 24.802395035673324 25.028394431886102 25.193271407092446 25.299942900022767 23.249341615147706 23.11647015837812 23.283553160781505 23.555584223832074 23.867908433424898 24.199980460812302 24.520405181193677 24.801886211714137 25.028133908279635 25.193191846224682 25.299942900022767 23.2478391398029 23.11499117894651 23.282281466399343 23.554447387322487 23.866873309597544 24.199098433393516 24.51973506860803 24.80145048542488 25.0279107379496 25.19312364418942 25.299942900022767 23.246571208923477 23.113743423129666 23.28120920374949 23.553488722573984 23.866000241520695 24.198354301317156 24.519169588095245 24.801082707292277 25.027722316306868 25.193066027420382 25.299942900022767 23.24552280304159 23.112711924312233 23.280323192480655 23.552696490201104 23.865278618603796 24.197739114188657 24.51870200374921 24.800778539672613 25.027566448028693 25.193018341632747 25.299942900022767 23.24468148743871 23.11189440253992 23.279612573702146 23.552061023150056 23.86469970242491 24.197245496094038 24.518326760219534 24.800534401810037 25.027441318426373 25.192980044749696 25.299942900022767 23.244037275109456 23.111276509967706 23.27906865961011 23.55157458997031 23.86425650356971 24.196867544344755 24.51803940896399 24.800347424424082 25.027345471883923 25.192950701108504 25.299942900022767 23.24358251446534 23.110840330683367 23.27868481360506 23.55123128621789 23.863943683860338 24.19660074892148 24.517836549374938 24.80021541301762 25.027277794313726 25.19292997675558 25.299942900022767 23.243311802094542 23.11058067981658 23.2784563589955 23.551026951979765 23.863757482133042 24.19644193122163 24.517715783903995 24.80013681980735 25.027237499556332 25.192917635775824 25.299942900022767 23.2432219207352 23.11049447108206 23.278380515033803 23.55095911410212 23.863695662219435 24.19638920106935 24.51767568650631 24.800110723953125 25.027224119743956 25.192913537668886 25.299942900022767
    </DataArray>
    <DataArray type="Float32" Name="Potential [V]" NumberOfComponents="1" format="ascii">
2.7665552682661367 2.8412556599408365 2.902423898509521 2.9482236649028883 2.9864675413255704 3.021521606399483 3.0566434029607006 3.096233979805398 3.1480062019407167 3.2225731433992815 3.3252990313809114 2.7620212628600145 2.8360380003883154 2.8980963830380446 2.944874225412146 2.9837486345130144 3.0193238887492004 3.055122136707676 3.095793768613813 3.1489693030933648 3.22420067120048 3.3252990313809114 2.752553840101776 2.824155075468995 2.887161073528365 2.9361964972389156 2.976879287055534 3.014162764483762 3.052194438525228 3.0960713139551728 3.152738184610238 3.2289107521916454 3.3252990313809114 2.74328201217896 2.811575563649197 2.874409397912559 2.9260190114543496 2.9695902136132055 3.0099823180756644 3.051837534011048 3.1001980933099222 3.160378955696408 3.235929708685365 3.3252990313809114 2.7354132927761126 2.8012168834154703 2.8639463285023634 2.918472671797711 2.9660277095106915 3.0106994287321505 3.0570100413215986 3.109313942296621 3.1711719875292426 3.2439972457090116 3.3252990313809114 2.728500413445883 2.793267755808693 2.8566368740348373 2.9144565099524096 2.966706900785741 3.0162029718740753 3.066678100149457 3.1215831849813287 3.1832527929244114 3.2520154022698273 3.3252990313809114 2.7220604990124913 2.7869654036137597 2.8515591570362973 2.912652806705381 2.96954931164002 3.0237676544704724 3.0779071363199564 3.1344761497485467 3.1949992110586205 3.2593419585670955 3.3252990313809114 2.7157567701709233 2.7814749504139846 2.8475522607317982 2.9115926615674694 2.97258933804301 3.031031956227047 3.0883760148588375 3.146196303270646 3.2053950838348086 3.265647970844707 3.3252990313809114 2.709339901572983 2.776126788481342 2.8436989588627704 2.910246522850794 2.974642636900952 3.0366632470454684 3.096802270142383 3.155772989205999 3.2139205436596985 3.2707963124625064 3.3252990313809114 2.7025780661905277 2.770409309672931 2.8393640374881652 2.908002991098117 2.9751523369044515 3.040126313268555 3.102700266262231 3.162858011646812 3.220420853554298 3.274778881118025 3.3252990313809114 2.695138466720965 2.763875467474038 2.834117853323569 2.9045483644408696 2.9739563866713525 3.0413779333352715 3.1060947904399234 3.1675224309702443 3.2249986425617116 3.2776757660609985 3.3252990313809114 2.6863581315859224 2.756026495068714 2.8276639744406795 2.899774699307689 2.971129455760529 3.0406412884580067 3.1072868235376125 3.170072552433154 3.227891581649325 3.279615628528904 3.3252990313809114 2.6747895595140108 2.7462685072119615 2.819873561695401 2.89376305117876 2.966893214416487 3.0382543085202425 3.1066486703754594 3.170848943791524 3.2293493499962036 3.280739767248544 3.3252990313809114 2.655676854235509 2.7343333231781015 2.8110636129403583 2.8868318734507663 2.961549569983659 3.0345528321898634 3.1044695682497587 3.1701276104756277 3.229635760677413 3.281193040934678 3.3252990313809114 2.6431797054931447 2.7243754882834894 2.80293426081995 2.879929803115991 2.9555967124837528 3.0295574714528746 3.1008538696224384 3.1680709047065023 3.229028625114833 3.281076925869318 3.3252990313809114 2.635756120656677 2.717116621062295 2.7962670445173416 2.873854854347141 2.9500665074401895 3.0246164278530303 3.096679355231229 3.1647936311518565 3.226778522125978 3.2802797573481777 3.3252990313809114 2.631669759257682 2.7121289715018833 2.791124443705252 2.8688543858436995 2.945341563110354 3.020287970511087 3.0929136746160277 3.161783415509521 3.22474241084886 3.2793978398173866 3.3252990313809114 2.6292192506451992 2.7086596678469603 2.787222798408428 2.864855773871166 2.9414480294771472 3.01666180887686 3.0897297598488893 3.1592362618457033 3.223022423080749 3.278603589961734 3.3252990313809114 2.6274817490635036 2.7061176128703295 2.784228241515356 2.8616749588387327 2.9382776386559324 3.013668417344669 3.0870810360940055 3.157108707095056 3.2215775961920694 3.2779209366783357 3.3252990313809114 2.6260978215997346 2.704148335385413 2.7818756972620884 2.859127238963431 2.935697331931155 3.0112045933840372 3.0848842568390635 3.1553341519219003 3.2203647565178652 3.2773421415433317 3.3252990313809114 2.62490879333431 2.702548347823063 2.779978921001442 2.8570606069679307 2.9335856714872497 3.0091717807660663 3.0830594805104723 3.153851658308645 3.2193458635162506 3.2768533523869383 3.3252990313809114 2.6238499508615027 2.7012024347569894 2.778412803966905 2.8553594151826798 2.931842263701024 3.007485218962594 3.081537520445477 3.1526088982540643 3.21848781524538 3.276440443676573 3.3252990313809114 2.622890462548598 2.7000428084674435 2.77709374399459 2.8539386098608994 2.930388134720186 3.0060755719326777 3.0802608407992467 3.151562143825106 3.217762424217753 3.2760906636240748 3.3252990313809114 2.622014818361048 2.6990278643103744 2.775965222555373 2.85273633567833 2.9291626705191756 3.004887700769403 3.079182746945153 3.150675492200661 3.217146189923887 3.275793103950673 3.3252990313809114 2.621214765786905 2.6981309866017216 2.77498826650648 2.851707532295467 2.9281198231363557 3.0038784348344643 3.0782659343416787 3.1499198618763784 3.2166198363506733 3.275538696909514 3.3252990313809114 2.6204885695785958 2.6973345571912817 2.774135245216771 2.85081901583777 2.9272246334404923 3.0030142046332786 3.0774808704687726 3.1492719252964894 3.2161677304119554 3.275320026960338 3.3252990313809114 2.6198273862638204 2.6966241116729934 2.7733854794449226 2.85004586181459 2.92645039449122 3.0022689174029225 3.0768042558331627 3.1487130419785947 3.2157772727938934 3.2751310839390393 3.3252990313809114 2.619226970747209 2.6959889303721654 2.772723315255286 2.849369069161492 2.9257765241514444 3.0016222166384634 3.0762176999920556 3.1482283487271356 3.215438339351542 3.2749670177628403 3.3252990313809114 2.6186831996784807 2.6954204704330342 2.772136573805396 2.848773897965939 2.925186981084666 3.0010581124395896 3.0757066323332203 3.1478059774272165 3.215142791636535 3.2748239167878515 3.3252990313809114 2.6181919795448745 2.6949115892621682 2.7716155059445753 2.848248694633018 2.9246690970586844 3.0005639290568378 3.0752594326360434 3.1474364040252083 3.2148840641707146 3.2746986179764317 3.3252990313809114 2.6177492682085535 2.694456144124015 2.7711521124260736 2.8477840707881152 2.9242127240036955 3.0001295054727573 3.0748667538017247 3.1471119320594916 3.214656829566994 3.2745885506837755 3.3252990313809114 2.61735112986009 2.6940487454570974 2.770739692902808 2.8473723292913196 2.9238096158255944 2.999746602169161 3.074521004197995 3.146826290149349 3.2144567332416303 3.27449161157926 3.3252990313809114 2.61699379117704 2.6936846102421765 2.7703725437042293 2.847007061166891 2.9234529803436207 2.9994084599651964 3.0742159551975576 3.1465743219611553 3.214280186502587 3.2744060663260326 3.3252990313809114 2.61667368630227 2.6933594687023734 2.7700457508159824 2.846682859773065 2.9231371532077013 2.999109471160392 3.0739464447093834 3.1463517490480153 3.214124206639957 3.274330473081081 3.3252990313809114 2.6163874874212123 2.6930695001346754 2.769755044077695 2.8463951154137024 2.9228573593767124 2.9988449354286635 3.073708153819307 3.1461549901417705 3.213986294065682 3.274263623479467 3.3252990313809114 2.616132121901882 2.692811285007419 2.769496691254008 2.846139865332295 2.9226095371005116 2.9986108776818328 3.073497438266685 3.1459810235206724 3.2138643380925465 3.274204497228401 3.3252990313809114 2.61590477849841 2.692581766467192 2.7692674185517614 2.845913682111435 2.9223902065313636 2.9984039111583907 3.073311200726295 3.145827281909117 3.2137565445725365 3.274152227151749 3.3252990313809114 2.6157029054034666 2.6923782176441144 2.769064349091641 2.845713588995548 2.9221963703342246 2.998221133531503 3.0731467933523136 3.145691571808438 3.2136613801014287 3.2741060721945305 3.3252990313809114 2.6155242026685817 2.692198212893818 2.768884953924428 2.8455369943595925 2.922025437410064 2.9980600472046386 3.0730019427709294 3.1455720111412897 3.2135775287371193 3.2740653964637088 3.3252990313809114 2.6153666110604807 2.692039602045279 2.768727012111056 2.8453816400347285 2.921875163489105 2.997918497437594 3.0728746917842042 3.145466980646007 3.2135038581730586 3.2740296528428865 3.3252990313809114 2.6152282989505586 2.6919004871941983 2.768588577592839 2.84524555986977 2.921743604201862 2.9977946237378745 3.072763353596355 3.1453750856452385 3.213439393081615 3.2739983700820154 3.3252990313809114 2.6151076484170983 2.6917792015459514 2.768467951337209 2.8451270460244333 2.921629077528364 2.9976868212418593 3.0726664755142976 3.1452951257043384 3.213383293932722 3.2739711425435125 3.3252990313809114 2.6150032413935587 2.691674290855503 2.7683636576085195 2.8450246212325783 2.921530133428943 2.997593709733084 3.0725828099075447 3.1452260703573764 3.2133348400351367 3.273947621997816 3.3252990313809114 2.614913846442661 2.6915844966721956 2.7682744236975334 2.844937015855273 2.9214455291099957 2.997514108607453 3.0725112908163985 3.1451670395635314 3.2132934158772812 3.273927511020244 3.3252990313809114 2.614838406523397 2.691508741798343 2.7681991633679237 2.844863148988562 2.9213742088238597 2.9974470165602063 3.0724510150320925 3.145117287911868 3.2132585000873743 3.2739105576584766 3.3252990313809114 2.614776028000744 2.6914461176453077 2.7681369623916363 2.844802112718469 2.92131528732372 2.997391595084011 3.072401226783288 3.145076191852518 3.213229656516563 3.273896551127035 3.3252990313809114 2.6147259710282493 2.691395873635682 2.768087066495367 2.8447531591396054 2.9212680363852432 2.9973471551240363 3.0723613053959866 3.1450432394178844 3.2132065270484773 3.273885318339342 3.3252990313809114 2.6146876413945948 2.691357406936728 2.768048871200125 2.8447156897833286 2.9212318739704175 2.9973131464163894 3.0723307554654387 3.1450180220467177 3.2131888258868853 3.273876721152674 3.3252990313809114 2.6146605838421424 2.691330255600794 2.768021914077546 2.8446892473657095 2.9212063557571706 2.9972891491726537 3.072309199203525 3.1450002282219 3.2131763351127107 3.2738706542265485 3.3252990313809114 2.614644476876275 2.6913140939290385 2.7680058690515614 2.8446735096120968 2.9211911687885954 2.997274867852123 3.0722963707139286 3.144989638713421 3.213168901361545 3.273867043421886 3.3252990313809114 2.6146391290749063 2.69130872814581 2.768000542166659 2.8446682848906995 2.9211861270387303 2.997270126831812 3.0722921120180082 3.144986123277499 3.2131664335185723 3.2738658446905866 3.3252990313809114
    </DataArray>
    <DataArray type="Float32" Name="Electron density [log10(m^-3)]" NumberOfComponents="1" format="ascii">
25.796500951832098 25.779862588552696 25.86200020266292 25.915484619706074 25.93520409961458 25.935979732705142 25.924458801419412 25.906507587935188 25.888418508332645 25.841352996650027 25.299942900022767 25.720297192363457 25.698441028047355 25.787867605260114 25.856455078019753 25.887121251009003 25.895344320322387 25.88977679777938 25.877256754849277 25.861534207913987 25.808930382474642 25.299942900022767 25.561176692488786 25.522765027315636 25.60819586777061 25.704107506180605 25.760189614721146 25.787803908881383 25.79849933648418 25.7990399547333 25.784964713627925 25.718495701442773 25.299942900022767 25.405343586531128 25.353923655502005 25.404873943139634 25.51362438401352 25.596406653651528 25.648197843233213 25.678056573601648 25.688221962630355 25.668490982163746 25.59071018770738 25.299942900022767 25.27309275156497 25.22255338059295 25.230051544508918 25.329875981117365 25.43036298981003 25.501939445146114 25.543788570091568 25.555456268425633 25.530732461195935 25.453247255914803 25.299942900022767 25.156906874723 25.1128574304748 25.084627530909987 25.15830302414445 25.261228492575587 25.34526401669327 25.39654954344141 25.41281268974579 25.39148258616484 25.326561178138107 25.299942900022767 25.04867019511559 25.010604832700004 24.957396395344343 24.996515063796593 25.08689028634008 25.176785248829436 25.239318241604497 25.26655857631571 25.256843025387887 25.21674606166465 25.299942900022767 24.942722408694845 24.908736312714915 24.84025705825315 24.844954125020966 24.910877583059296 24.997526007525735 25.07009605767564 25.112353215695947 25.121334859720104 25.119134709430025 25.299942900022767 24.834873064157456 24.803124967089396 24.72672735117439 24.702683892367364 24.737776299736026 24.81021452394225 24.88675952648373 24.944193531055696 24.97762610892595 25.028213447349476 25.299942900022767 24.7212258072849 24.689933314504085 24.610441127953713 24.565205081479764 24.569678906008416 24.619163928653194 24.690508990199056 24.75939147989864 24.82247175234553 24.943148739659165 25.299942900022767 24.596187260185687 24.563271204786652 24.483767997646176 24.42434070183832 24.402906744642248 24.42591530706012 24.48344052995507 24.55834425059002 24.658200378551562 24.866848975369113 25.299942900022767 24.4486147527111 24.41196991656196 24.33576292173758 24.26862685169606 24.22765454090604 24.225676100900095 24.265067694793544 24.34346312815116 24.49187197648872 24.802288423559048 25.299942900022767 24.254179897743107 24.215900344371455 24.151946051794162 24.085918394063185 24.0316458852301 24.0099862540777 24.03411582875558 24.11890333213843 24.33149602326648 24.749677238810712 25.299942900022767 23.932949580313146 23.95061617365854 23.92813663998209 23.874105775315833 23.805570397957716 23.78032244242509 23.79814055659581 23.89026987666586 24.183872795111277 24.707262126179973 25.299942900022767 23.722907987614345 23.74418040668179 23.741430358392257 23.706445022478583 23.64188482442232 23.580227973886615 23.55474843496172 23.65273206870989 24.057817433353367 24.67244081737824 25.299942900022767 23.598138601034147 23.611540025101146 23.610474258269594 23.583691898944338 23.523818677318335 23.4437709486434 23.384201285371198 23.470923085756347 23.941854631662217 24.6363940080516 25.299942900022767 23.529458466526496 23.53439098045854 23.528725659011954 23.501755092446142 23.44235773100626 23.35375890406164 23.27107911066757 23.33933846787508 23.856911190820966 24.607250045641766 25.299942900022767 23.488272373402452 23.488169410436317 23.478660258492408 23.449688712488154 23.38896267858481 23.29556079033116 23.199911653336702 23.253412887396593 23.798043864329895 24.584395034910614 25.299942900022767 23.459069904338538 23.45680721089183 23.44551592720091 23.415487630609018 23.353922327896733 23.257822316933158 23.154677165383873 23.19656762000848 23.75479942308196 24.565923770061836 25.299942900022767 23.435810012449416 23.432736585965788 23.420949024540036 23.390892933732 23.329387759660268 23.232036641687888 23.124276795836902 23.156570486643265 23.72093154482387 24.550524227987015 25.299942900022767 23.415825822792847 23.412585236351156 23.400907893515686 23.371394271636817 23.310548396756435 23.212850622920666 23.10210447549534 23.126346427122535 23.693140752130656 24.537418216745948 25.299942900022767 23.3980296867309 23.39491272022838 23.383557234526616 23.3547984336036 23.294880629044606 23.197326859089717 23.084551945084566 23.102048065066903 23.66964210968129 24.52612352575333 25.299942900022767 23.381903412044323 23.378986901151013 23.368022043826684 23.3400620571497 23.2811481544 23.18397646928846 23.06975322687267 23.081608368089164 23.64939929910484 24.516312349196234 25.299942900022767 23.367186319083192 23.364479413105485 23.353902007839697 23.326705397380447 23.268772586872448 23.172081097100506 23.056774511254 23.06390404035126 23.63175777100239 24.507742967486728 25.299942900022767 23.353739706549405 23.35123263296842 23.341011336284563 23.31450997318747 23.25748994796163 23.161302731779305 23.045152472990296 23.048303240756272 23.616269235926605 24.500227079815556 25.299942900022767 23.341534409857363 23.33917885766164 23.329258921154587 23.30336908094067 23.2471740196671 23.151477009602438 23.03464804090397 23.03442665578904 23.602604648116394 24.49361310741969 25.299942900022767 23.330421795343103 23.328203494706255 23.31854785855114 23.293197040916816 23.2377419576522 23.142506933629758 23.025120671640703 23.02202306493052 23.590508923171928 24.487776659685203 25.299942900022767 23.320330515004677 23.31823002498217 23.308803994147087 23.283926888519844 23.2291323696501 23.13432541859929 23.01647515633248 23.01090989008012 23.579776739677282 24.482614466003273 25.299942900022767 23.311191267029496 23.309190434163284 23.299962591921915 23.275500681673858 23.22129374239263 23.126879015594575 23.008638248803713 23.000944254219785 23.5702386480552 24.47804008851178 25.299942900022767 23.302935251088947 23.30101838648224 23.291961397215413 23.26786308571059 23.21417770164034 23.120119653478056 23.001547380050987 22.992007850375213 23.561752306006984 24.473980668838486 25.299942900022767 23.295494530321058 23.2936485145926 23.284738976467892 23.26095919850985 23.20773627995384 23.114000924852558 22.99514529840933 22.98399873396954 23.554196547531173 24.47037438272899 25.299942900022767 23.288802954942575 23.287016930620084 23.278234936460667 23.254734489209433 23.201921468237803 23.10847701777911 22.98937789997896 22.976826827374225 23.547467179141766 24.467168429724108 25.299942900022767 23.28279710611513 23.281062102756664 23.272390725238196 23.24913551792775 23.19668574826368 23.103502860667817 22.984193634535085 22.970411439818285 23.5414739033948 24.46431744308139 25.299942900022767 23.27741705190329 23.275725638009465 23.267150443266818 23.244110777328004 23.191982882007437 23.0990346777276 22.97954357181143 22.96467984769209 23.53613800598998 24.461782229569785 25.299942900022767 23.27260686119137 23.270952847436163 23.262461471579726 23.23961139644844 23.187768635278466 23.095030592757567 22.975381670980788 22.95956641323338 23.531390576705913 24.45952877062426 25.299942900022767 23.26831489175848 23.266693087480384 23.258274881057844 23.23559163645612 23.18400132465907 23.091451119019528 22.971665039309904 22.955011963298602 23.52717111149645 24.45752742743709 25.299942900022767 23.264493894542305 23.26289991185074 23.254545646391513 23.232009186922262 23.180642174904087 23.088259493550694 22.968354102072134 22.950963289640196 23.52342639283217 24.45575230455936 25.299942900022767 23.261100980905827 23.259531078665876 23.25123270618925 23.228825298655323 23.17765551259273 23.085421865841003 22.965412670910165 22.94737270724352 23.52010957799119 24.45418073667257 25.299942900022767 23.25809749524453 23.25654845533818 23.248298911522056 23.22600479418001 23.175008832657507 23.082907368793844 22.962807924520412 22.944197644979564 23.51717944635032 24.45279287130431 25.299942900022767 23.255448827692916 23.253917856980106 23.245710899595387 23.223515993077164 23.172672773367974 23.08068810272632 22.96051032354561 22.94140026043909 23.514599770944873 24.451571326707136 25.299942900022767 23.253124193773903 23.251608846485702 23.243438921772373 23.221330582546834 23.17062102987226 23.078739059842924 22.958493481332862 22.938947078230083 23.51233878922758 24.45050090914619 25.299942900022767 23.251096400816444 23.249594513509795 23.241456647314806 23.21942345628402 23.168830229940017 23.077038011433356 22.95673400894901 22.936808653590678 23.510368754677742 24.449568377713167 25.299942900022767 23.249341615147706 23.24785125678341 23.239740960089634 23.217772539540867 23.167279790183375 23.075565375180357 22.955211349073565 22.93495926366751 23.508665555645525 24.448762247715667 25.299942900022767 23.2478391398029 23.24635857010728 23.238271756578747 23.21635861207303 23.165951765908048 23.074304075521802 22.953907609779243 22.933376628386437 23.507208391215347 24.44807262590837 25.299942900022767 23.246571208923477 23.245098843993897 23.237031764147293 23.2151651427925 23.16483070630676 23.073239407282752 22.95280740635526 22.93204166210616 23.505979496308196 24.44749107248549 25.299942900022767 23.24552280304159 23.24405718710986 23.23600636939655 23.21417813428094 23.163903517258323 23.07235890650186 22.951897714996264 22.930938255775235 23.50496391004525 24.447010485994127 25.299942900022767 23.24468148743871 23.243221272945902 23.235183468149636 23.213385983769324 23.163159336743774 23.07165223270713 22.95116774159951 22.93005308928247 23.504149282308813 24.44662500809914 25.299942900022767 23.244037275109456 23.24258119051625 23.234553328156554 23.21277935903156 23.162589424528374 23.07111106540878 22.950608808242993 22.929375473973575 23.5035257153852 24.44632994613208 25.299942900022767 23.24358251446534 23.24212933969858 23.23410848605457 23.212351101589068 23.162187074035973 23.0707290202442 22.950214260890483 22.92889722580739 23.503085637937485 24.446121711732857 25.299942900022767 23.243311802094542 23.241860357066518 23.233843671810018 23.212096154185183 23.16194754533793 23.070501584616718 22.94997939833366 22.92861256818018 23.502823709116544 24.445997774308296 25.299942900022767 23.2432219207352 23.241771049597528 23.233755747692445 23.212011505095973 23.161868015006245 23.0704260703433 22.949901420739454 22.928518062798794 23.502736751120974 24.44595662839476 25.299942900022767
    </DataArray>
    <DataArray type="Float32" Name="Hole density [log10(m^-3)]" NumberOfComponents="1" format="ascii">
0.0 0.0 0.0 0.0 0.0 0.0 0.0 0.0 0.0 0.0 0.0 0.0 0.0 0.0 0.0 0.0 0.0 0.0 0.0 0.0 0.0 0.0 0.0 0.0 0.0 0.0 0.0 0.0 0.0 0.0 0.0 0.0 0.0 0.0 0.0 0.0 0.0 0.0 0.0 0.0 0.0 0.0 0.0 0.0 0.0 0.0 0.0 0.0 0.0 0.0 0.0 0.0 0.0 0.0 0.0 0.0 0.0 0.0 0.0 0.0 0.0 0.0 0.0 0.0 0.0 0.0 0.0 0.0 0.0 0.0 0.0 0.0 0.0 0.0 0.0 0.0 0.0 0.0 0.0 0.0 0.0 0.0 0.0 0.0 0.0 0.0 0.0 0.0 0.0 0.0 0.0 0.0 0.0 0.0 0.0 0.0 0.0 0.0 0.0 0.0 0.0 0.0 0.0 0.0 0.0 0.0 0.0 0.0 0.0 0.0 0.0 0.0 0.0 0.0 0.0 0.0 0.0 0.0 0.0 0.0 0.0 0.0 0.0 0.0 0.0 0.0 0.0 0.0 0.0 0.0 0.0 0.0 0.0 0.0 0.0 0.0 0.0 0.0 0.0 0.0 0.0 0.0 0.0 0.0 0.0 0.0 0.0 0.0 0.0 0.0 0.0 0.0 0.0 0.0 0.0 0.0 0.0 0.0 0.0 0.0 0.0 0.0 0.0 0.0 0.0 0.0 0.0 0.0 0.0 0.0 0.0 0.0 0.0 0.0 0.0 0.0 0.0 0.0 0.0 0.0 0.0 0.0 0.0 0.0 0.0 0.0 0.0 0.0 0.0 0.0 0.0 0.0 0.0 0.0 0.0 0.0 0.0 0.0 0.0 0.0 0.0 0.0 0.0 0.0 0.0 0.0 0.0 0.0 0.0 0.0 0.0 0.0 0.0 0.0 0.0 0.0 0.0 0.0 0.0 0.0 0.0 0.0 0.0 0.0 0.0 0.0 0.0 0.0 0.0 0.0 0.0 0.0 0.0 0.0 0.0 0.0 0.0 0.0 0.0 0.0 0.0 0.0 0.0 0.0 0.0 0.0 0.0 0.0 0.0 0.0 0.0 0.0 0.0 0.0 0.0 0.0 0.0 0.0 0.0 0.0 0.0 0.0 0.0 0.0 0.0 0.0 0.0 0.0 0.0 0.0 0.0 0.0 0.0 0.0 0.0 0.0 0.0 0.0 0.0 0.0 0.0 0.0 0.0 0.0 0.0 0.0 0.0 0.0 0.0 0.0 0.0 0.0 0.0 0.0 0.0 0.0 0.0 0.0 0.0 0.0 0.0 0.0 0.0 0.0 0.0 0.0 0.0 0.0 0.0 0.0 0.0 0.0 0.0 0.0 0.0 0.0 0.0 0.0 0.0 0.0 0.0 0.0 0.0 0.0 0.0 0.0 0.0 0.0 0.0 0.0 0.0 0.0 0.0 0.0 0.0 0.0 0.0 0.0 0.0 0.0 0.0 0.0 0.0 0.0 0.0 0.0 0.0 0.0 0.0 0.0 0.0 0.0 0.0 0.0 0.0 0.0 0.0 0.0 0.0 0.0 0.0 0.0 0.0 0.0 0.0 0.0 0.0 0.0 0.0 0.0 0.0 0.0 0.0 0.0 0.0 0.0 0.0 0.0 0.0 0.0 0.0 0.0 0.0 0.0 0.0 0.0 0.0 0.0 0.0 0.0 0.0 0.0 0.0 0.0 0.0 0.0 0.0 0.0 0.0 0.0 0.0 0.0 0.0 0.0 0.0 0.0 0.0 0.0 0.0 0.0 0.0 0.0 0.0 0.0 0.0 0.0 0.0 0.0 0.0 0.0 0.0 0.0 0.0 0.0 0.0 0.0 0.0 0.0 0.0 0.0 0.0 0.0 0.0 0.0 0.0 0.0 0.0 0.0 0.0 0.0 0.0 0.0 0.0 0.0 0.0 0.0 0.0 0.0 0.0 0.0 0.0 0.0 0.0 0.0 0.0 0.0 0.0 0.0 0.0 0.0 0.0 0.0 0.0 0.0 0.0 0.0 0.0 0.0 0.0 0.0 0.0 0.0 0.0 0.0 0.0 0.0 0.0 0.0 0.0 0.0 0.0 0.0 0.0 0.0 0.0 0.0 0.0 0.0 0.0 0.0 0.0 0.0 0.0 0.0 0.0 0.0 0.0 0.0 0.0 0.0 0.0 0.0 0.0 0.0 0.0 0.0 0.0 0.0 0.0 0.0 0.0 0.0 0.0 0.0 0.0 0.0 0.0 0.0 0.0 0.0 0.0 0.0 0.0 0.0 0.0 0.0 0.0 0.0 0.0 0.0 0.0 0.0 0.0 0.0 0.0 0.0 0.0 0.0 0.0 0.0 0.0 0.0 0.0 0.0 0.0 0.0 0.0 0.0 0.0 0.0 0.0 0.0 0.0 0.0 0.0 0.0 0.0 0.0 0.0 0.0 0.0
    </DataArray>
    <DataArray type="Float32" Name="Ion density [log10(m^-3)]" NumberOfComponents="1" format="ascii">
25.434988862015697 25.629571773653808 25.68969915318857 25.672352710789898 25.654865888739906 25.62790184925909 25.5750381713661 25.468383039409428 25.279769671932197 25.05879047900545 24.977723605288848 25.34722387840107 25.52966551655269 25.6218855169008 25.615054270219346 25.601723510123687 25.575467540571385 25.519450424514673 25.407604212474574 25.22314463429398 25.028964905612415 24.977723605288848 25.156041648410927 25.28535215544843 25.438853298893505 25.454365652884395 25.445708115574288 25.417186943660152 25.352435074255585 25.235430709355636 25.080429897897776 24.961566337241905 24.977723605288848 24.956676116726797 24.999466450710347 25.188044879975646 25.222463698568475 25.207431443922797 25.16926780983765 25.10190881209942 25.009049867818714 24.924530476095153 24.896682950906115 24.977723605288848 24.778160129905576 24.74491709648961 24.946022386216384 25.00044184625058 24.98183109030226 24.93704352156387 24.88354349081229 24.836760264292415 24.819837230575025 24.854831652716165 24.977723605288848 24.61754581489736 24.532309412152586 24.745059209020052 24.832402114286054 24.8396973875098 24.811746903288316 24.77868863190731 24.760730675726542 24.774798844238543 24.835886570749608 24.977723605288848 24.469729530516034 24.351394030936806 24.57618015282333 24.697179681679152 24.743328592605753 24.748087693073145 24.740077475367553 24.74071598975013 24.76663340385854 24.832940551828067 24.977723605288848 24.33164691352274 24.19343789108961 24.429942785087924 24.578834208961084 24.660420191212715 24.699003197397552 24.71783453776903 24.73640079816119 24.770702815719982 24.836519926168027 24.977723605288848 24.200903296175284 24.052137452449596 24.30040759295642 24.472305735031867 24.58313684405045 24.65119890781322 24.694934342291532 24.731013757699607 24.774338183488634 24.84095135837055 24.977723605288848 24.07353437551211 23.921423516537185 24.181966605626528 24.37406764424333 24.509648396521133 24.602982221687874 24.668930504800453 24.72179337366581 24.77581733798188 24.845868827215355 24.977723605288848 23.939917432614607 23.792085969023333 24.066505014962942 24.278296902133544 24.436846219834337 24.553484509291074 24.64055166049049 24.71089554460215 24.778305685931738 24.85243355408576 24.977723605288848 23.776895568663498 23.647379217436967 23.940819114453838 24.175822982847475 24.35992618605006 24.502071295139135 24.612801682354924 24.70363785077086 24.784702625887824 24.860078013978917 24.977723605288848 23.533024946369846 23.46123691038925 23.790638821289438 24.05714977887429 24.276676020732864 24.4525544372709 24.588984865202903 24.70064563831733 24.791788715978647 24.867855330146984 24.977723605288848 22.947785959242744 22.96945525076909 23.413769737988684 23.814996100096476 24.15765667255525 24.45127177837912 24.570893639402268 24.699856651398118 24.800745462879217 24.87632321442095 24.977723605288848 22.513626601211435 22.59893175263076 23.08010394966524 23.51169339277291 23.8888976498214 24.209695404986736 24.47195416575367 24.692244812895797 24.867247489363425 24.88662485174277 24.977723605288848 22.24407311248801 22.35809688370545 22.858232121821587 23.310281030248895 23.71062900574095 24.05649789148298 24.346069661111233 24.579267057802287 24.756528233234707 24.880901911017503 24.977723605288848 22.111619680093252 22.24080707155461 22.752060588470044 23.21674610117458 23.631361608260836 23.99261128699707 24.297824815330944 24.545709103585377 24.737378786596025 24.877908757523567 24.977723605288848 22.04032448586296 22.178429615436023 22.696700316268636 23.16932433304832 23.59278357220816 23.963390739228398 24.277818521887212 24.533995781874395 24.73229999681009 24.87708556942471 24.977723605288848 21.98861730408074 22.13283766538893 22.65651177867877 23.13521894689733 23.565345475493157 23.942899209952195 24.264065900313476 24.526182736037466 24.72904729624751 24.876550778467056 24.977723605288848 21.944982167529215 22.093977171959054 22.62224057938922 23.106147562930413 23.54193487458523 23.925346276441996 24.252183757766236 24.519319987045375 24.726086134496537 24.875980903800453 24.977723605288848 21.906781820207733 22.05965897293124 22.591894997998118 23.08035443084389 23.521100759527776 23.909638219586082 24.24144682700113 24.5130130248668 24.723272450060964 24.87536947621965 24.977723605288848 21.873051006809355 22.029169762558073 22.564851890198394 23.057304777284767 23.502419036512844 23.895481450901226 24.231693336239438 24.50720897994238 24.720617721045684 24.874743530906425 24.977723605288848 21.84319287216985 22.00205761834586 22.54073337856098 23.036688556569214 23.485653464696806 23.882719796751246 24.222844346603118 24.501890402735285 24.718139461085407 24.87412544233749 24.977723605288848 21.816726056933298 21.977942562885907 22.519226034719942 23.01825507093673 23.470616696875847 23.871229499024178 24.214834742645618 24.497038417568632 24.715846534746895 24.873530171961626 24.977723605288848 21.793240333217575 21.95648724150913 22.500050798641883 23.001782261553725 23.457143026144106 23.86089933911654 24.20760235235318 24.492629673270415 24.713740212896585 24.872966923814353 24.977723605288848 21.77235237893281 21.93739000096038 22.482956481661557 22.98706910424767 23.445081143551427 23.851625625622525 24.201086107888717 24.488637228876133 24.71181638440964 24.872440830927633 24.977723605288848 21.753782149797452 21.92038791974317 22.467718492054924 22.97393335047064 23.43429204628718 23.843311138439596 24.195226454696577 24.485032229875166 24.71006735561234 24.871954211092188 24.977723605288848 21.737256464679646 21.90524660723499 22.454135450326863 22.96220985138472 23.424648104549355 23.835864915563118 24.189965877540768 24.48178492115783 24.708483186284926 24.871507462640107 24.977723605288848 21.722540541883195 21.891758369428352 22.442027273551016 22.95174943795466 23.416032634291334 23.829202428903173 24.18524957476148 24.47886560695667 24.70705268424164 24.87109970821801 24.977723605288848 21.709429572277937 21.87973976630588 22.43123350014431 22.942417977617396 23.408339591926143 23.823245803271618 24.181026075102135 24.476245474803118 24.70576414068191 24.870729259614254 24.977723605288848 21.69774451874303 21.869028973417507 22.42161159636856 22.934095388369123 23.401473181145658 23.817923901593403 24.177247626140684 24.473897144722358 24.704605855546898 24.870393951429612 24.977723605288848 21.687328689569277 21.859483423037826 22.41303525280546 22.92667455480247 23.39534729839345 23.813172191386997 24.1738703797991 24.471795015323384 24.703566496185708 24.870091376735715 24.977723605288848 21.678044784056283 21.85097758844501 22.40539273481344 22.92006021059941 23.389884883017295 23.808932477547284 24.170854413624646 24.469915449764105 24.70263532712665 24.86981904925895 24.977723605288848 21.669772365962835 21.843400984261987 22.398585341833897 22.91416783872602 23.38501722065662 23.80515254932424 24.168163632756844 24.468236843884526 24.701802345992085 24.869574513210107 24.977723605288848 21.66240569694753 21.836656380628927 22.39252597684426 22.90892260500128 23.38068322084567 23.801785759501673 24.165765588372707 24.46673960899001 24.701058349751467 24.86935541332059 24.977723605288848 21.65585188175501 21.83065822701812 22.387137849068843 22.904258356952763 23.376828705608464 23.79879057551511 24.16363124592507 24.46540609823158 24.700394952967738 24.869159536994147 24.977723605288848 21.65002928197745 21.82533127196784 22.38235331314127 22.900116703883157 23.37340573239833 23.79613012914736 24.161734729095176 24.464220499028492 24.699804574501496 24.868984837178626 24.977723605288848 21.644866160579987 21.820609361806355 22.378112841241357 22.896446185187457 23.37037196554568 23.79377178274751 24.160053057959566 24.46316870784098 24.69928040462657 24.868829442175596 24.977723605288848 21.640299524289297 21.816434400144068 22.37436412055184 22.89320152799418 23.36769010366974 23.791686723252745 24.1585658938982 24.46223819874647 24.698816361111945 24.868691656883477 24.977723605288848 21.636274135436103 21.812755450016002 22.3710612660632 22.890342991257477 23.36532736570926 23.78984959031096 24.157255299185007 24.46141789353015 24.698407040235256 24.868569958681423 24.977723605288848 21.632741668766318 21.80952796137383 22.368164137777722 22.88783579103206 23.36325503497008 23.788238141232195 24.15610551581661 24.460698038195748 24.698047666739498 24.868462990194107 24.977723605288848 21.62965999346677 21.80671311038107 22.36563775110644 22.88564960052523 23.361448058626983 23.78683295314293 24.15510276578792 24.460070088803604 24.69773404533727 24.868369550475474 24.977723605288848 21.626992561667393 21.804277232519944 22.36345177166336 22.883758118129908 23.35988469899127 23.785617161199998 24.154235073428065 24.45952660814065 24.697462515354967 24.86828858563922 24.977723605288848 21.624707891068027 21.802191342758338 22.361580084616264 22.88213869664631 23.358546232390427 23.784576230905852 24.15349210944655 24.459061173825035 24.69722990943514 24.868219179609195 24.977723605288848 21.62277912590375 21.800430726284016 22.36000042471358 22.880772027144236 23.357416691452585 23.783697762178836 24.152865055770274 24.458668297862577 24.697033516740472 24.868160545407918 24.977723605288848 21.62118367076164 21.79897459720875 22.358694068908804 22.87964187258762 23.35648264700577 23.782971322750956 24.15234648992827 24.45834335725348 24.696871050706577 24.868112017229443 24.977723605288848 21.61990288570515 21.79780581297197 22.35764558061137 22.878734846406232 23.355733026265135 23.78238830882636 24.151930287980832 24.45808253546194 24.696740621721492 24.868073043521736 24.977723605288848 21.618921842312172 21.796910652014944 22.356842601800455 22.87804023174849 23.35515896400875 23.78194183068307 24.151611544526222 24.457882773915745 24.696640714236004 24.868043181078896 24.977723605288848 21.618229126647904 21.79627862803062 22.356275687164484 22.877549837685553 23.354753684134355 23.781626621480715 24.151386508776238 24.4577417331133 24.696570168295537 24.8680220901956 24.977723605288848 21.617816688573214 21.79590234527328 22.355938177704225 22.87725788984891 23.354512409564936 23.78143896781923 24.15125253579788 24.457657762886374 24.696528165361624 24.868009530903947 24.977723605288848 21.617679739058804 21.795777404394087 22.355826112712904 22.877160953834537 23.354432299025948 23.781376660949327 24.151208052208165 24.45762988143966 24.696514218290474 24.868005360293065 24.977723605288848
    </DataArray>
    <DataArray type="Float32" Name="Ion density residual[log10(m^-3)]" NumberOfComponents="1" format="ascii">
24.609423321373637 24.608430419112935 24.606416367797138 24.599615618818774 24.58638354443368 24.566331779869827 24.537198985049788 24.49231102587976 24.40649189468411 24.190323093665715 23.676693609624866 24.603552777244314 24.59948038523407 24.5944755253538 24.585779780671974 24.572063678195157 24.551664491562416 24.52195218415619 24.476260981758312 24.3908053464751 24.18073867393074 23.676693609624866 24.58882095006005 24.578656153616894 24.570593218252267 24.560491773742832 24.546055384048874 24.524667591834373 24.49307312033303 24.445261794256556 24.35997367334896 24.15758410383733 23.676693609624866 24.563996348778815 24.549600474820995 24.538478788151412 24.526377575197642 24.510637001419724 24.488778459937286 24.457338576174347 24.40934308247696 24.32341561900232 24.124439008473985 23.676693609624866 24.52851206229705 24.51161327578196 24.498189961535903 24.484824730144776 24.46839061567718 24.44607641644159 24.414170031557806 24.36544702965207 24.27890901324708 24.085747903737584 23.676693609624866 24.48154369037913 24.463230094001606 24.448365180195097 24.43449433720231 24.418154605512946 24.3961101392115 24.364384971805084 24.31547541782681 24.228617042807446 24.044443575664086 23.676693609624866 24.42219059395582 24.403423095964122 24.38780448092321 24.37407419730651 24.358565197432547 24.337512334382602 24.30659499320896 24.25796952374282 24.17142563780038 24.00848834522748 23.676693609624866 24.34949456844764 24.33139481759781 24.31618110611137 24.302609331260836 24.288477117766057 24.269084865018332 24.239517185836625 24.191627192958574 24.106360873690456 23.96904518781983 23.676693609624866 24.262537902878766 24.246170388775113 24.232578480531835 24.220284032601104 24.207232697766443 24.18984568148204 24.1620243910175 24.115299407719878 24.032975108580317 23.92808946386083 23.676693609624866 24.160455341983326 24.14670659556633 24.135504797166835 24.126007628328157 24.11526732952503 24.099476573124864 24.0734992189427 24.02859584877475 23.952507027469505 23.889817494531833 23.676693609624866 24.04231520807956 24.03266921219676 24.026110295577066 24.020300650598326 24.01241241373671 23.999268100558243 23.975393103852632 23.934219425257083 23.87674855844306 23.85338176849289 23.676693609624866 23.906569951069248 23.906080363785414 23.906877214844148 23.906571937658338 23.903465961282564 23.893969937613107 23.87562371476524 23.848099332153797 23.82112532422437 23.821391134105617 23.676693609624866 23.74548553348388 23.754397054357767 23.777963818336598 23.798291579350554 23.802027773227277 23.80213513501302 23.79324567086505 23.785463844831725 23.779577481519198 23.789626168732593 23.676693609624866 23.5312199078059 23.50201972697985 23.55494737832243 23.630088979811433 23.687573970570202 23.699677436139424 23.720486902441493 23.739508902211004 23.742578239229857 23.754107991275255 23.676693609624866 23.364618406319398 23.28984608251427 23.352678401901738 23.440788241574925 23.52056233905969 23.57115323212382 23.622072130763684 23.67083648580299 23.694125574220827 23.72174165768151 23.676693609624866 23.2568632164044 23.14416802101719 23.198690798579516 23.291829996677667 23.389287426792723 23.46953994785368 23.541378233817973 23.604279822501802 23.644827588583084 23.682596443243472 23.676693609624866 23.193904299934445 23.064502943675098 23.11193440727033 23.205345672403467 23.302250541211674 23.3940382764626 23.478216462512812 23.55533212007416 23.6180325861231 23.664834283932652 23.676693609624866 23.15511839307685 23.018161069932486 23.06717299349938 23.167704232369434 23.26386344214669 23.351797228547866 23.43748875360842 23.5205793606434 23.594508992593717 23.65034578236818 23.676693609624866 23.127596411505678 22.985540271052102 23.038445133177195 23.144089982118498 23.242850070756916 23.331247232089904 23.416098788221714 23.4996227587572 23.57814306336904 23.640113383866044 23.676693609624866 23.105779479483335 22.95970758128054 23.015990017806832 23.12616001454158 23.227685771215047 23.31805969774722 23.403888495607372 23.48774673536765 23.56816076754946 23.633590976110842 23.676693609624866 23.087025467914582 22.937841248210706 22.997274027690857 23.11170106249133 23.21611877400709 23.308635935010468 23.395912465604653 23.480894579247508 23.56224609463338 23.62960507055901 23.676693609624866 23.070261238932716 22.91867593157652 22.98113558101406 23.09950726369025 23.206720471798207 23.301408469189155 23.390287638276632 23.476478209508855 23.558614459948355 23.627193970923695 23.676693609624866 23.054992480707067 22.901582778477227 22.966964203192283 23.088943313661687 23.19881721311626 23.29560681641698 23.38607650786105 23.47337007172024 23.556235793429504 23.625683994924465 23.676693609624866 23.040986618803508 22.886215194636392 22.95440082231605 23.079670920972543 23.192030618071513 23.290798651286956 23.382767757190955 23.471041497710882 23.55456571860301 23.62468088322948 23.676693609624866 23.028131743525865 22.872357518756193 22.943210318431642 23.071470922763176 23.18612247420669 23.286719751244345 23.380066709445792 23.469208189521453 23.553316434682714 23.623968639339648 23.676693609624866 23.01642668523215 22.859855765299724 22.93322192725142 23.064189510464583 23.180934197639754 23.283202569002842 23.37779746926093 23.46775800992443 23.552330920440195 23.623430040223674 23.676693609624866 23.005735370750013 22.84858650829489 22.924300432910567 23.057710143663115 23.17635355453861 23.28013613943831 23.375851581264424 23.46655799035252 23.551520591188677 23.62300051684032 23.676693609624866 22.996001497540867 22.838583790090816 22.91633195541769 23.051938812630944 23.172296209391583 23.27744322852021 23.37415955907724 23.46552489742108 23.550833914776796 23.622643757279892 23.676693609624866 22.987167525302347 22.82974407876518 22.909217072938358 23.04679628713678 23.16869544065521 23.275067234558396 23.372674773935554 23.464621833016064 23.55023991377166 23.62233873200448 23.676693609624866 22.979173932226733 22.82179819160063 22.90286738413441 23.042213973539425 23.1654963460315 23.27297345856531 23.371364262945523 23.46382484699035 23.549719166632954 23.622072847701336 23.676693609624866 22.971960109723483 22.8146662326628 22.897203695524635 23.03813160669773 23.162652501978002 23.271121403492366 23.37020347017128 23.463117492675696 23.54925886204014 23.621838224549766 23.676693609624866 22.965465714992217 22.808273936845765 22.8921549402849 23.034495861521794 23.160123961012967 23.269477181961083 23.369173209679257 23.462487757509397 23.548850014674386 23.621629649862037 23.676693609624866 22.959631956067334 22.802552623246726 22.887657410928014 23.031259423002954 23.157875980995478 23.26801680244125 23.368257896230947 23.46192634929365 23.548486009041902 23.621443583633965 23.676693609624866 22.954402612879484 22.79743917920148 22.883654122671754 23.02838028926001 23.155878161399603 23.26671972058814 23.367444498367075 23.461425717701 23.548161645683773 23.621277356934073 23.676693609624866 22.949724755145006 22.792875981075913 22.880094234803266 23.025821200702612 23.154103813232453 23.26556815929599 23.36672189620759 23.46097950431071 23.547872642335758 23.621128838080523 23.676693609624866 22.94554918633229 22.78881073295015 22.87693250660137 23.023549146556036 23.1525294705863 23.264546636573197 23.366080476308042 23.46058222807561 23.547615367857535 23.62099625431309 23.676693609624866 22.941830666702202 22.785196236819242 22.874128784447336 23.02153492717664 23.151134494378432 23.263641619791347 23.36551186168577 23.460229095723484 23.547386681820036 23.62087808711742 23.676693609624866 22.938527971013283 22.781990112225674 22.871647522200675 23.01975276227844 23.149900740807166 23.262841260177623 23.36500872191908 23.459915883016198 23.547183835378526 23.62077301051411 23.676693609624866 22.935603830067166 22.779154489078852 22.869457338768253 23.018179940079698 23.148812278516775 23.26213518066553 23.364564631764047 23.45963885573873 23.547004408011045 23.62067985433443 23.676693609624866 22.933024796096618 22.776655802082708 22.86753061514696 23.016796504852376 23.14785514561789 23.261514302213506 23.364173961526692 23.45939471369418 23.54684626480731 23.62059758154489 23.676693609624866 22.93076106282561 22.77446606504615 22.865843131802986 23.015584980333877 23.147017140076425 23.260970698858593 23.363831788455478 23.459180547658992 23.54670752536365 23.62052527326472 23.676693609624866 22.928786262977514 22.772556903668207 22.864375281518143 23.01453012644056 23.146287638712085 23.260497475070125 23.363533822408005 23.458993803740604 23.546586539359893 23.62046211794466 23.676693609624866 22.92707725954616 22.77090546994956 22.863109974735142 23.013618726753094 23.14565744126768 23.26008866180369 23.363276343830137 23.458832254015647 23.546481866330183 23.620407402801565 23.676693609624866 22.925613942143542 22.769491978276786 22.862027991529395 23.01283940432103 23.145118636627842 23.25973912815628 23.363056151144537 23.458693971286472 23.546392256550835 23.620360506403458 23.676693609624866 22.924379036020902 22.768299482947665 22.86111589344727 23.01218246343473 23.14466448875384 23.259444506411107 23.36287051588435 23.458577303879515 23.546316630702457 23.620320893039654 23.676693609624866 22.923357928676456 22.76731368316563 22.860362381462306 23.011639755191016 23.14428934033949 23.259201128976432 23.362717144798058 23.458480855030764 23.546254101425408 23.620288112713094 23.676693609624866 22.922538517090562 22.76653392714695 22.85975814234091 23.01120456492529 23.14398853250683 23.25900597595481 23.36259414820917 23.45840346842428 23.546203927082253 23.620261791332627 23.676693609624866 22.92191107733522 22.765945821022807 22.859295722211673 23.010871519816654 23.14375833912353 23.258856632319144 23.36250001405889 23.458344217539498 23.546165509750434 23.62024162695311 23.676693609624866 22.921468157482888 22.765530668298233 22.858969425567803 23.010636515222938 23.143595914574174 23.258751253893383 23.362433587205956 23.458302393902642 23.546138391317026 23.620227387572065 23.676693609624866 22.921204494237 22.76528353444441 22.85877523823476 23.010496658574688 23.143499254055385 23.25868854149274 23.362394053626243 23.458277497835873 23.546122248475918 23.62021890910626 23.676693609624866 22.9211169534101 22.76520148164648 22.8587107731639 23.01045022993247 23.143467165701924 23.25866772277768 23.362380929302542 23.458269232041758 23.54611688882001 23.62021609377755 23.676693609624866
    </DataArray>
    <DataArray type="Float32" Name="Ion density last step [log10(m^-3)]" NumberOfComponents="1" format="ascii">
25.417613093046672 25.610031555716223 25.675592709128495 25.65749718500269 25.63810175086422 25.608321558885386 25.550768852196512 25.4380237957388 25.249053200718983 25.041929350084708 24.977723605288848 25.333102967670243 25.51172800830265 25.608170298731938 25.600324176894624 25.58455837851992 25.555025911288084 25.49416169400713 25.377121970479763 25.19451812365098 25.01430366946361 24.977723605288848 25.14789777873783 25.271828149310593 25.426304624711047 25.440247640467202 25.42799522297734 25.395301766298505 25.32622054139505 25.207580594296118 25.05892395173227 24.951979782423646 24.977723605288848 24.95272479794647 24.99160684879286 25.179235746525464 25.212161599166418 25.193586608986084 25.151586461732922 25.082234512291016 24.991608073132817 24.913359089677712 24.89197268375957 24.977723605288848 24.776179348599968 24.74082189928017 24.941254499114947 24.995540162304934 24.976149280576546 24.930239517404353 24.87663271861723 24.831307421810198 24.81644830206857 24.853236700139416 24.977723605288848 24.616440364196688 24.530055741335037 24.742417719321843 24.83003067167867 24.837921786282173 24.81053779121725 24.778030234180733 24.76057734157439 24.774866799548988 24.835854100346484 24.977723605288848 24.469051844172732 24.350059832044426 24.5745737908184 24.695690814913725 24.742338804796375 24.74776692690111 24.74039445162473 24.74148156962913 24.767485269760446 24.833424057032857 24.977723605288848 24.33120224154378 24.19260368048051 24.428920459694456 24.577819222379294 24.659658383873698 24.698669561731563 24.71797229693753 24.736916098274197 24.77136428540856 24.836971641773182 24.977723605288848 24.200597116885202 24.051593371778196 24.299739860974373 24.471612812606946 24.58255900198577 24.650859728504795 24.694891777009005 24.731237356391325 24.7747036205093 24.841238280126912 24.977723605288848 24.073315803042295 23.92105578815241 24.181519875749874 24.373595069217632 24.509229676218613 24.60269527016109 24.668822013673736 24.72185865835866 24.775992970606584 24.84602776365507 24.977723605288848 23.939756381520425 23.79182886041211 24.066197856233163 24.277970976175013 24.43654839706493 24.55326262795987 24.640437890681042 24.710893152111563 24.778383299505613 24.8525182158751 24.977723605288848 23.776772295678292 23.647192692088588 23.9406007683809 24.175592775804162 24.35971281677032 24.501904452346828 24.612703124229846 24.703612460380025 24.784734230433806 24.860122694153066 24.977723605288848 23.532924372025235 23.461096318040656 23.790479213438648 24.05698343814383 24.276520330911804 24.452427047607355 24.588904548089925 24.70061498803666 24.791798684903313 24.867878948237408 24.977723605288848 22.947688491009966 22.96933622894895 23.413638848086872 23.81486272502861 24.15753649616258 24.451184047203867 24.570832729634816 24.699827326874832 24.800742938852707 24.87633562164834 24.977723605288848 22.513550963094175 22.59883952710088 23.08000209011659 23.511587703071612 23.888796765033867 24.209608961910625 24.47189343852942 24.692215635193982 24.86724839876941 24.886631433864675 24.977723605288848 22.244014008953755 22.35802597923754 22.85815502981842 23.310201991833527 23.71055381251148 24.056433002300217 24.34602079735035 24.579237128560013 24.75651602906665 24.880904039042864 24.977723605288848 22.111572429159985 22.240751774974093 22.752001637299735 23.216686670300707 23.63130578299986 23.992563487141098 24.297788875596503 24.54568711242455 24.737369967464776 24.877908522193366 24.977723605288848 22.040285526355326 22.178385192609916 22.696653816725345 23.169278180871693 23.592740747614222 23.963354373168006 24.277791273312726 24.533979048523438 24.732293126333335 24.877085137656515 24.977723605288848 21.98858441034291 22.13280109401197 22.656474134860872 23.13518210799567 23.565311668392575 23.942870715010557 24.26404461302399 24.526169611012946 24.729041783999566 24.876550275907334 24.977723605288848 21.94495388922702 22.09394646311424 22.622209453480398 23.106117492494405 23.54190755536934 23.92532340661467 24.252166720565118 24.51930944697644 24.726081622352805 24.8759803871151 24.977723605288848 21.906757135171382 22.05963273713705 22.591868776963878 23.080329394222804 23.521078220820893 23.909619468671355 24.2414328947017 24.513004381418718 24.72326868970341 24.875368972781985 24.977723605288848 21.873029165659364 22.029146997526496 22.564829425551828 23.057283553849217 23.5024000881864 23.895465775602784 24.231681717232032 24.507201754656876 24.720614534457244 24.874743052676518 24.977723605288848 21.84317331192455 22.00203758589815 22.54071383567147 23.036670269312932 23.485637259335316 23.882706458691448 24.222834481830215 24.501884256134698 24.71813671853875 24.87412499333995 24.977723605288848 21.8167083471097 21.97792470992521 22.519208796388995 23.01823907835856 23.470602619874235 23.871217965730672 24.214826229795506 24.497033104389597 24.715844140355962 24.873529752274262 24.977723605288848 21.793224139701824 21.95647114717246 22.500035401107585 23.00176808657864 23.4571306240626 23.86088921984061 24.207594896792624 24.492625013284695 24.71373809481083 24.8729665316679 24.977723605288848 21.772337439362698 21.937375340479086 22.482942571258572 22.987056386562763 23.44507007647056 23.851616628898693 24.20107949027239 24.488633087518995 24.711814488071177 24.87244046379967 24.977723605288848 21.753768255103818 21.920374439176275 22.467705795345545 22.973921814014336 23.43428205557198 23.84330304352754 24.19522050921098 24.485028505164554 24.710065639065714 24.87195386626627 24.977723605288848 21.737243446845728 21.90523410568811 22.454123753215526 22.96219928181574 23.424638990677124 23.835857552905896 24.18996047704235 24.481781534723495 24.708481616875652 24.871507137480428 24.977723605288848 21.722528264508796 21.891746686227062 22.442016406434316 22.95173966678968 23.416024241357743 23.82919566653889 24.185244620460374 24.478862497789606 24.707051236263915 24.871099400293133 24.977723605288848 21.70941792363102 21.879728771638717 22.431223327201792 22.942408870898028 23.40833179665386 23.823239537239374 24.181021489290803 24.4762425948345 24.705762793682414 24.87072896674196 24.977723605288848 21.697733406537555 21.869018561422784 22.421602007735242 22.934086838451584 23.40146588497512 23.81791804905997 24.17724334699354 24.473894455652342 24.70460459308717 24.870393671681512 24.977723605288848 21.68731803699303 21.859473506631055 22.413026158777388 22.926666474330744 23.395340421714064 23.81316668565498 24.17386635760159 24.47179248631567 24.703565304928677 24.87009110842258 24.977723605288848 21.67803452671619 21.85096809540452 22.405384061506414 22.920052528025934 23.389878360905744 23.808927264382262 24.170850608002972 24.469913055748343 24.70263419615492 24.86981879090786 24.977723605288848 21.669762449511893 21.84339185423424 22.398577027893985 22.914160494943275 23.38501099969041 23.805147584218847 24.168160010617516 24.46823456429108 24.70180126629367 24.86957426353925 24.977723605288848 21.662396075223537 21.836647562813837 22.39251797092815 22.908915550780215 23.38067725669308 23.80178100561371 24.16576212235192 24.466737426796065 24.701057313827853 24.869355171214668 24.977723605288848 21.65584251530734 21.830649678362306 22.387130107893988 22.904251550974024 23.376822961185706 23.798786002096275 24.16362791320869 24.465403999233985 24.700393954532153 24.86915930148168 24.977723605288848 21.65002013689067 21.825322955740997 22.382345799962017 22.900110111208356 23.373400176445553 23.79612571033304 24.161731510511043 24.46421847128362 24.699803608244384 24.86898460741171 24.977723605288848 21.644857207526453 21.82060124646913 22.378105524646504 22.896439776060326 23.37036657151547 23.793767496614993 24.16004993727207 24.463166741228747 24.69927946603161 24.86882921741214 24.977723605288848 21.640290737759702 21.816426458439636 22.374356973506906 22.893195276891323 23.367684848850867 23.791682551080985 24.15856285725447 24.462236284627707 24.698815446310295 24.868691436471785 24.977723605288848 21.636265493109295 21.812747658234574 22.371054265140508 22.89033687612955 23.365322230529184 23.789845515992965 24.157252334675817 24.461416024474577 24.69840614588909 24.86856974204688 24.977723605288848 21.632733150988685 21.809520298751774 22.36815726253162 22.887829792691274 23.363250002434253 23.788234150803927 24.15610261312475 24.46069620776393 24.698046789948034 24.86846277682771 24.977723605288848 21.629651582818422 21.8067055586054 22.365630983561452 22.885643702146165 23.361443113863597 23.786829034401833 24.155099915903786 24.460068291370415 24.697733183560235 24.868369339923927 24.977723605288848 21.6269842425972 21.804269775315724 22.36344509589058 22.883752304838445 23.359879828877823 23.785613303392793 24.154232268417136 24.459524838750813 24.6974616663496 24.868288377496363 24.977723605288848 21.624699649583576 21.80218396554154 22.361573486379072 22.882132955177454 23.358541425243924 23.784572424470223 24.15348934225721 24.459059428073637 24.697229071203846 24.86821897350854 24.977723605288848 21.622770949305064 21.8004234158661 22.35999389116787 22.880766345553866 23.35741193676953 23.78369399852707 24.152862320073005 24.458666571794993 24.697032687486733 24.86816034101612 24.977723605288848 21.621175547409674 21.798967341542063 22.358687588346022 22.879636240006526 23.35647793524097 23.782967594086315 24.15234377997932 24.45834164728049 24.696870228797405 24.86811181424053 24.977723605288848 21.619894804817896 21.797798600927344 22.35763914223512 22.87872925282709 23.35572834864072 23.78238460798487 24.151927598504834 24.45808083828658 24.69673980565494 24.868072841651948 24.977723605288848 21.618913793782287 21.796903473184134 22.35683619552904 22.8780346678383 23.355154312346535 23.78193815099488 24.151608870613458 24.45788108646925 24.69663990261259 24.868042980062025 24.977723605288848 21.618221100876895 21.796271472547822 22.35626930345322 22.877544294617394 23.354749050705777 23.78162295664624 24.1513838457909 24.45774005249789 24.696569359792637 24.868021889778706 24.977723605288848 21.617808676317747 21.795895203650687 22.35593180738222 22.8772523591478 23.35450778695392 23.781435311796088 24.151249879294383 24.45765608632303 24.696527358710057 24.868009330843382 24.977723605288848 21.617671731285384 21.795770267366983 22.355819746829702 22.877155427232932 23.35442768000052 23.78137300784662 24.15120539785295 24.457628206219308 24.696513412252553 24.868005160350673 24.977723605288848
    </DataArray>
    <DataArray type="Float32" Name="Ion density max [log10(m^-3)]" NumberOfComponents="1" format="ascii">
25.448292511913053 25.64722288507527 25.703896407681135 25.68704381495053 25.671324101796195 25.64690433957002 25.597508568684102 25.492997975773463 25.297679206890827 25.06329665790939 24.977723605288848 25.357541351419194 25.545030218972517 25.63486053825902 25.62880401551979 25.617727073378596 25.594358398568964 25.541860074455098 25.43143201208387 25.23904216997078 25.032413170336643 24.977723605288848 25.161395588020827 25.295837062887987 25.44946410319096 25.466472660438807 25.460772348604554 25.4357355974345 25.373961171961543 25.255707643364218 25.09075098009399 24.96286772067766 24.977723605288848 24.958962689371802 25.00488464187091 25.19475217422224 25.230708074122298 25.218615412827848 25.18365060443199 25.117385056040135 25.020701728356386 24.928323273779437 24.896816248032728 24.977723605288848 24.779175840434274 24.74741192012866 24.94922886751649 25.00394338629596 24.986047186533327 24.942174997001473 24.888374307039165 24.839406259494947 24.819979379483126 24.87136432406148 24.977723605288848 24.618054686680377 24.533538045532765 24.74663717107564 24.8338753367515 24.840776816998506 24.812364376901037 24.778731521960804 24.766834324993376 24.799696154537724 24.86724516998389 24.977723605288848 24.470011843648894 24.35205133066661 24.577046607043638 24.698016883716654 24.74385790273244 24.74817026883636 24.7420345256936 24.753240832536353 24.794580567201738 24.863142383981458 24.977723605288848 24.33181520925939 24.193810860444728 24.430443575565405 24.5793577723891 24.660807664564672 24.699129838271602 24.718304775976602 24.743093287595528 24.789152864868502 24.858748733316656 24.977723605288848 24.201008733270694 24.052358547935043 24.300704978033263 24.472632971779653 24.583414081687874 24.651348847634086 24.694955198366056 24.733051850191043 24.783672308775888 24.855001239928544 24.977723605288848 24.073602882374175 23.921559351460473 24.18214741909442 24.37427129060087 24.509834531156955 24.603107168999067 24.668964706493473 24.72210979333918 24.779528860286238 24.853937986109667 24.977723605288848 23.939963368303808 23.792172222306693 24.066617846636237 24.27842465065165 24.43696761609786 24.553575231202093 24.640593930750782 24.710900600632673 24.77947806290524 24.856788285156934 24.977723605288848 23.776927535217116 23.647435892695533 23.94089170037952 24.17590473970214 24.36000534916195 24.502134261927196 24.612837613561553 24.703644767176286 24.784990144948846 24.86226545014936 24.977723605288848 23.53304854143095 23.46127526862697 23.79068640815816 24.057203039654762 24.27672829152426 24.452598246401877 24.58901231661886 24.70065478312014 24.791835579525838 24.86881045148406 24.977723605288848 22.947806506039814 22.969484477053122 23.413804992158248 23.81503432636054 24.15769288347941 24.451298580030887 24.570912564637474 24.69986536287604 24.8007463773261 24.876694142892422 24.977723605288848 22.513641182026696 22.598952317986402 23.080128725638975 23.511720857854165 23.888925170999197 24.209719752385737 24.471971637059845 24.69225295403642 24.867249705645452 24.886753583954157 24.977723605288848 22.244083489635795 22.3581112229356 22.85824909169489 23.3102995984519 23.710647539324967 24.05651441195141 24.34608231489341 24.579274782920002 24.75653118949789 24.880916484777867 24.977723605288848 22.11162721903581 22.240817203156784 22.752072327569113 23.216758720186792 23.631374039150764 23.99262228197469 24.29783323121749 24.54571425704047 24.73738076234947 24.877908873655215 24.977723605288848 22.040330123976794 22.17843697709218 22.696708678288854 23.169333173614277 23.59279216961716 23.96339827906529 24.277824275211124 24.533999324173532 24.732301400494013 24.877085677505605 24.977723605288848 21.988621618296165 22.132843143373645 22.6565178874977 23.13522530735891 23.565351588165388 23.942904528430724 24.264069946723968 24.526185240540904 24.72904831871274 24.876550873555914 24.977723605288848 21.94498552845202 22.093981329412888 22.622245136963205 23.1061522415067 23.541939321696745 23.925350117106863 24.252186671246164 24.519321798163755 24.726086896558837 24.875980986177364 24.977723605288848 21.906784479264132 22.059662183658872 22.591898462527812 23.080357941053666 23.521104062182594 23.909641052070967 24.24144896945561 24.5130143614342 24.72327303365393 24.875369548879327 24.977723605288848 21.873053139934754 22.029172281587503 22.56485456909418 23.057307458876124 23.502421535794618 23.89548358047696 24.231694942458688 24.50720998492879 24.72061817579227 24.87474359789007 24.977723605288848 21.843194605155166 22.00205962334576 22.54073548247125 23.036690639236678 23.485655388842797 23.88272142632484 24.222845572316718 24.501891171786493 24.718139821341456 24.874125502513266 24.977723605288848 21.81672748547705 21.977944179919962 22.51922771074986 23.018256713038728 23.470618201708188 23.871230766237886 24.214835693260948 24.497039026743632 24.71584682465061 24.873530225409144 24.977723605288848 21.793241540288093 21.956488570232956 22.500052153384132 23.00178357428074 23.457144220066077 23.860900343242157 24.20760311208128 24.492630163616106 24.713740449658346 24.872966971112447 24.977723605288848 21.772353410220354 21.93739111771768 22.48295760852814 22.987070185764782 23.44508212123549 23.851626444669442 24.201086726672894 24.488637629506282 24.71181658047876 24.872440872815247 24.977723605288848 21.75378304012 21.920388869248626 22.467719441005286 22.973934254033054 23.434292858124117 23.843311815817227 24.19522696577962 24.485032561782756 24.710067520121004 24.871954248312775 24.977723605288848 21.737257240885206 21.905247423326493 22.45413625871636 22.962210615466297 23.424648787186797 23.83586548302579 24.189966305196425 24.481785199716445 24.708483326022687 24.87150749587605 24.977723605288848 21.722541224905036 21.891759078033125 22.44202796968444 22.951750091445696 23.416033215060185 23.829202910025582 24.18524993697996 24.478865843589684 24.707052804321616 24.871099738068427 24.977723605288848 21.709430178607988 21.879740387522457 22.43123410573723 22.94241854249744 23.40834009148724 23.82324621579998 24.181026385403825 24.476245678115507 24.70576424500215 24.870729286593058 24.977723605288848 21.697745061501923 21.869029522997433 22.421612128277022 22.934095881566527 23.401473615317368 23.817924259061126 24.177247894820503 24.473897321279903 24.704605947113926 24.870393976038457 24.977723605288848 21.687329179292544 21.859483913453833 22.413035724258126 22.926674989506566 23.395347679432227 23.813172504241578 24.173870614792996 24.471795170196955 24.70356657734427 24.87009139984868 24.977723605288848 21.67804522927834 21.850978029670365 22.40539315630059 22.920060597198873 23.389885220527344 23.808932753947335 24.17085462112147 24.469915586915054 24.702635399724763 24.86981907110179 24.977723605288848 21.66977277365523 21.84340138434569 22.398585721756668 22.914168185488414 23.3850175222445 23.80515279571072 24.16816381763625 24.468236966441157 24.701802411501006 24.869574533970518 24.977723605288848 21.66240607285107 21.83665674612478 22.392526321994154 22.90892291857104 23.380683492597193 23.801785981012387 24.165765754522425 24.466739719448377 24.701058409353866 24.86935543315558 24.977723605288848 21.655852230633847 21.830658563308134 22.387138164985835 22.904258642720315 23.3768289524402 23.79879077628915 24.163631396473583 24.465406198603 24.700395007623154 24.86915955603587 24.977723605288848 21.650029607815185 21.825331583508397 22.38235360438398 22.900116966261457 23.37340595831955 23.796130312551163 24.1617348665843 24.464220590949186 24.699804624995462 24.868984855539015 24.977723605288848 21.644866466732402 21.820609652317376 22.378113111592935 22.89644642782134 23.3703721738557 23.7937719515446 24.160053184473835 24.46316879265439 24.699280451607866 24.86882945995006 24.977723605288848 21.64029981360432 21.816434672755744 22.374364373178416 22.89320175392044 23.367690297108076 23.791686879732502 24.15856601116291 24.462238277565753 24.698816405856455 24.868691674153855 24.977723605288848 21.63627441034886 21.812755707383637 22.371061503636998 22.89034320302854 23.365327546571088 23.789849736387325 24.157255408641287 24.461417967286092 24.69840708359173 24.868569975518394 24.977723605288848 21.632741931375122 21.80952820576861 22.368164362573616 22.887835990812377 23.36325520519591 23.78823827852009 24.156105618679465 24.460698107673853 24.698047708911787 24.868463006659123 24.977723605288848 21.629660245594415 21.80671334376245 22.36563796507846 22.885649790167257 23.361448219872948 23.786833083018053 24.1551028630916 24.46007015625662 24.697734086501967 24.868369566622373 24.977723605288848 21.626992809153663 21.804277456593955 22.36345197650589 22.883758299234557 23.359884852684925 23.785617284846097 24.154235167261977 24.459526674072837 24.697462555666412 24.868288601515538 24.977723605288848 21.624708135070506 21.802191562847867 22.36158028395901 22.882138871970977 23.3585463811899 23.784576351475504 24.15349220141267 24.45906123848072 24.697229949029563 24.868219195257268 24.977723605288848 21.622779367000547 21.800430943367097 22.360000621115994 22.880772199724035 23.357416837819834 23.78369788072611 24.152865146187043 24.45866836145915 24.69703355573938 24.868160560865824 24.977723605288848 21.621183909479328 21.798974811833947 22.35869426290975 22.879642042927436 23.356482791389453 23.782971439649625 24.152346579082266 24.458343419986683 24.696871089219623 24.868112032531783 24.977723605288848 21.61990312252897 21.797806025643006 22.35764577270454 22.878735014967756 23.355733169074913 23.782388424417373 24.15193037613336 24.45808259751032 24.696740659848896 24.868073058700336 24.977723605288848 21.618922077694975 21.796910863200544 22.356842792444365 22.878040398959822 23.35515910562402 23.781941945281922 24.15161163191899 24.45788283544453 24.696640752070646 24.8680431961634 24.977723605288848 21.618229361018237 21.79627883817329 22.356275876791333 22.877550003949725 23.354753824911928 23.78162673538392 24.151386595636357 24.45774179427777 24.696570205924832 24.868022105214013 24.977723605288848 21.617816922342705 21.795902554797333 22.355938366727987 22.87725805555159 23.354512549846007 23.781439081310186 24.15125262234236 24.457657823834946 24.696528202869196 24.868009545883158 24.977723605288848 21.617679972629116 21.795777613713113 22.35582630153682 22.877161119351175 23.354432439142528 23.781376774303713 24.15120813864808 24.457629942316714 24.696514255757716 24.868005375259283 24.977723605288848
    </DataArray>
    <DataArray type="Float32" Name="Mobility [m^2/V/s]" NumberOfComponents="1" format="ascii">
0.0 0.0 0.0 0.0 0.0 0.0 0.0 0.0 0.0 0.0 0.0 0.0003017033976355276 0.0003254336030270681 0.0003582745355852004 0.0002988999260585191 0.00035547106400819187 0.00034828465096481555 0.00037481832793336445 0.00032648707555555994 0.00034583433948073264 0.0003388745438976711 0.0003606721193069267 0.00018220146174164012 0.00019660095639071143 0.00017347134211965936 0.00014902866224150368 0.00012054778756832948 0.00012927790719031025 0.00011769808986196639 9.794733481077295e-05 9.063631855220494e-05 9.348601625856798e-05 9.063631855220494e-05 0.0 0.0 0.0 0.0 0.0 0.0 0.0 0.0 0.0 0.0 0.0 0.0 0.0 0.0 0.0 0.0 0.0 0.0 0.0 0.0 0.0 0.0 0.0002175732617054634 0.0002540140619025192 0.00023694035984780874 0.0001973473064427645 0.00022336621547163437 0.00019520865184319297 0.00016383456700410184 0.00017527005678070464 0.00014209725728056823 0.0001245400528633396 0.0001227413382022943 0.0 0.0 0.0 0.0 0.0 0.0 0.0 0.0 0.0 0.0 0.0 0.0 0.0 0.0 0.0 0.0 0.0 0.0 0.0 0.0 0.00010257684888210328 0.00012120547127583226 0.00015472221161963513 0.000117715786385559 0.00014676673683251403 0.0001268281417700257 0.00010063228278828328 0.00011770011295987111 9.834419388159717e-05 8.473285143136404e-05 9.157279133483257e-05 8.076720165445069e-05 7.600389072631592e-05 0.0 0.0 0.0 0.0 0.0 0.0 0.0 0.0 0.0 0.0 0.0 0.0 0.0 0.0 0.0 0.0 0.0 0.0 7.136511199624182e-05 7.487941797551797e-05 5.826789064297143e-05 7.322138854561594e-05 9.102236599522556e-05 8.189433718507096e-05 6.935555799889565e-05 7.896547479195337e-05 7.219407224518873e-05 6.544256803323377e-05 7.120994467264445e-05 6.925238651436093e-05 6.653669007460781e-05 7.133063612827928e-05 7.739496984426307e-05 0.0 0.0 0.0 0.0 0.0 0.0 0.0 0.0 0.0 0.0 0.0 0.0 0.0 0.0 0.0 0.0 5.296997168386637e-05 5.131194225396435e-05 4.324391661680492e-05 4.854183557590998e-05 6.0816608256004526e-05 4.854865688114764e-05 5.906819162464806e-05 6.229118144539489e-05 6.130705387285059e-05 5.886732025476514e-05 6.201870684260402e-05 6.409695645652235e-05 6.295108212497985e-05 6.746906535698363e-05 7.624909551272056e-05 7.624909551272056e-05 8.6175e-05 0.0 0.0 0.0 0.0 0.0 0.0 0.0 0.0 0.0 0.0 0.0 0.0 0.0 0.0 4.15296560764161e-05 3.8759549398361724e-05 3.440733954915083e-05 3.612160008953966e-05 4.4196447031936745e-05 3.747944866826095e-05 4.9906505459868926e-05 5.4550983551581574e-05 5.789377195679536e-05 5.747791009895437e-05 5.916311136667756e-05 6.253522026713885e-05 6.236148144124735e-05 6.614945219954962e-05 7.607535668682905e-05 7.607535668682905e-05 8.6175e-05 0.0 0.0 0.0 0.0 0.0 0.0 0.0 0.0 0.0 0.0 0.0 0.0 0.0 0.0 3.403296307610911e-05 3.139501376728704e-05 2.882704026125318e-05 2.9201416734294907e-05 3.491147516222709e-05 3.087114750871846e-05 3.914917944268451e-05 4.368979055164561e-05 3.9235808765160264e-05 4.7816747527630004e-05 5.895352531905702e-05 6.25677572514678e-05 6.277900181693219e-05 6.61869579391225e-05 7.628660125229342e-05 7.628660125229342e-05 8.6175e-05 0.0 0.0 0.0 0.0 0.0 0.0 0.0 0.0 0.0 0.0 0.0 0.0 0.0 0.0 0.0 2.6734945619885196e-05 2.510905250355317e-05 2.5007550111929018e-05 2.924525439238643e-05 2.6642587682185288e-05 3.2506185078974726e-05 3.663314205495912e-05 3.3540206593569015e-05 4.026983027975456e-05 4.3208346722067375e-05 4.0411399478409e-05 6.3228872158681e-05 6.666215671385358e-05 7.655055546156013e-05 7.655055546156013e-05 8.6175e-05 0.0 0.0 0.0 0.0 0.0 0.0 0.0 0.0 0.0 0.0 0.0 0.0 0.0 0.0 0.0 0.0 0.0 2.2282683145657903e-05 2.5543613832246198e-05 2.3755969451029184e-05 2.8115873987556566e-05 3.175256221235201e-05 2.950019568013058e-05 3.4924528286143034e-05 3.815903294618758e-05 3.592352272143716e-05 4.141039391370313e-05 4.3846882024623586e-05 7.684662994912648e-05 7.684662994912648e-05 8.6175e-05 0.0 0.0 0.0 0.0 0.0 0.0 0.0 0.0 0.0 0.0 0.0 0.0 0.0 0.0 0.0 0.0 0.0 0.0 0.0 2.1618915806975426e-05 2.499716671193684e-05 2.816913278572787e-05 2.6413063283191583e-05 3.091609225138532e-05 3.416745321890088e-05 3.2296137728980744e-05 3.730356819903258e-05 4.021051290652747e-05 3.8591312954876454e-05 4.336957315229147e-05 8.6175e-05 0.0 0.0 0.0 0.0 0.0 0.0 0.0 0.0 0.0 0.0 0.0 0.0 0.0 0.0 0.0 0.0 0.0 0.0 0.0 0.0 0.0 2.531479080335348e-05 2.381880577743897e-05 2.766403772293453e-05 3.080015270306624e-05 2.9135820061045916e-05 3.376792006709213e-05 3.692698031285613e-05 3.542952735891175e-05 4.025292024669607e-05 4.323038364776157e-05 4.2215864726845625e-05 0.0 0.0 0.0 0.0 0.0 0.0 0.0 0.0 0.0 0.0 0.0 0.0 0.0 0.0 0.0 0.0 0.0 0.0 0.0 0.0 0.0 0.0 2.4823937985263838e-05 2.7791705349289734e-05 2.6293408421616182e-05 3.060529049739827e-05 3.3931230431238195e-05 3.264728042058071e-05 3.7471517282094194e-05 4.0931914716188134e-05 4.011141511744991e-05 4.4855762562201335e-05 4.8432745520884725e-05 0.0 0.0 0.0 0.0 0.0 0.0 0.0 0.0 0.0 0.0 0.0 0.0 0.0 0.0 0.0 0.0 0.0 0.0 0.0 0.0 0.0 0.0 2.2765448574787436e-05 2.7407227780950796e-05 3.094751463180679e-05 3.091616218799085e-05 3.6156214827620764e-05 4.0080062673633965e-05 3.948620058244747e-05 4.344140087227661e-05 4.770875206445983e-05 4.767458812339447e-05 5.253580140676419e-05 0.0 0.0 0.0 0.0 0.0 0.0 0.0 0.0 0.0 0.0 0.0 0.0 0.0 0.0 0.0 0.0 0.0 0.0 0.0 0.0 0.0 0.0 2.8428478574025006e-05 2.3906071244658713e-05 3.1602455054438534e-05 3.496379325308118e-05 3.211946825957313e-05 4.0003213787582055e-05 4.483026312988642e-05 4.450383106453333e-05 5.2175205400345754e-05 5.708843570152054e-05 6.101039001562768e-05 0.0 0.0 0.0 0.0 0.0 0.0 0.0 0.0 0.0 0.0 0.0 0.0 0.0 0.0 0.0 0.0 0.0 0.0 0.0 0.0 0.0 1.5113146776450019e-05 2.5273519808664123e-05 3.0312940343165006e-05 2.751556687783113e-05 3.436151532874013e-05 4.170645759919946e-05 3.7477632419134646e-05 4.761994815492784e-05 5.678156483556287e-05 5.056524346724088e-05 6.395568532794071e-05 6.521610104967969e-05 0.0 0.0 0.0 0.0 0.0 0.0 0.0 0.0 0.0 0.0 0.0 0.0 0.0 0.0 0.0 0.0 0.0 0.0 0.0 1.5039271454033337e-05 1.5059021768249076e-05 1.5038778609781865e-05 2.60565926193889e-05 3.0689423179335104e-05 3.660291373506349e-05 3.5544541223567445e-05 4.233275046336699e-05 4.950687095574484e-05 4.8583466690674196e-05 5.681595969454809e-05 6.391457410418745e-05 6.371878787636588e-05 7.174080655107587e-05 0.0 0.0 0.0 0.0 0.0 0.0 0.0 0.0 0.0 0.0 0.0 0.0 0.0 0.0 0.0 0.0 0.0 1.5014638527322773e-05 1.5031437413174633e-05 1.502270234705599e-05 1.5046842429515081e-05 1.5193434604721442e-05 3.5209364648043505e-05 3.485878021045749e-05 4.092379351428493e-05 4.823288225308818e-05 4.799473308961506e-05 5.565440626600434e-05 6.348063871289275e-05 6.342702902634361e-05 7.149141063670514e-05 7.880640047507799e-05 7.880640047507799e-05 0.0 0.0 0.0 0.0 0.0 0.0 0.0 0.0 0.0 0.0 0.0
    </DataArray>
    <DataArray type="Float32" Name="Electric Field [Vm^-1]" NumberOfComponents="3" format="ascii">
395991186.2241159 -1645635315.6821249 0.0 6955494.525837855 -68803232.60835056 0.0 6777338.376820358 -54708913.93369781 0.0 4708302.623907277 -42701252.97460696 0.0 3354746.3418620066 -36966890.51295034 0.0 2336952.9127456453 -35157548.448796675 0.0 1076140.8974581931 -37133624.02517441 0.0 -991150.9752354239 -44965718.40659784 0.0 -3818543.243330993 -61741860.751600295 0.0 -5460398.262050437 -86729979.48967141 0.0 414813834.5162109 1143343143.3682017 0.0 7890405.457198272 -1444573238.6549299 0.0 8137086.455655036 -67624354.3087492 0.0 7627604.919191466 -54414304.94052855 0.0 6216964.914269208 -43029506.81976776 0.0 4955026.079202782 -37385730.61271181 0.0 3808392.4322085455 -35815722.57167886 0.0 2368528.5954300733 -38378986.31000023 0.0 306574.3225594256 -47148824.59029109 0.0 -2012627.6438902572 -64556814.98420375 0.0 -2847713.486745613 -88485955.05320974 0.0 -2707316.6876168647 1345549486.6691313 0.0 10482704.911484802 -1438778217.6497326 0.0 11699305.956231365 -66771704.29996667 0.0 11539774.421185642 -55716992.743403204 0.0 9523333.118334418 -44954832.903020725 0.0 7226734.0936789075 -39130657.26619756 0.0 4780185.4556730455 -37766975.85375222 0.0 1719588.6445777188 -41031562.031969205 0.0 -2078118.8863776007 -50395916.50418186 0.0 -5383227.269380561 -66741318.15037728 0.0 -5353485.442603219 -86791456.6851762 0.0 -2990751.60463919 1348205613.3630557 0.0 9967653.346272888 -1432676104.791724 0.0 11179371.397403378 -65273968.2374406 0.0 11272550.137037203 -56886901.52661269 0.0 8865452.397017138 -47593947.52673825 0.0 5535189.837407856 -42091054.37564407 0.0 1788676.983941025 -41180669.30705667 0.0 -2411337.300043336 -45104351.71527082 0.0 -6567645.427633111 -54324379.58577082 0.0 -8929526.779679012 -68153182.36754467 0.0 -7006564.048116662 -82996720.55281827 0.0 -3115909.823062904 1351862927.320624 0.0 8806634.305007242 -1427428332.9855978 0.0 9037421.532742118 -64150035.47561555 0.0 8601629.862072526 -58343262.11433222 0.0 5694932.88448253 -50954372.63767656 0.0 1493623.7089011616 -46165345.762388475 0.0 -3064207.4976040595 -45537285.30705494 0.0 -7392636.317981316 -49334903.53345847 0.0 -10577045.709364073 -57196473.230161086 0.0 -11119786.424045598 -67658783.89615145 0.0 -7542235.768569445 -77564132.94949618 0.0 -3103881.69992404 1355908831.0637054 0.0 7969207.7223744085 -1423258169.7843106 0.0 7062976.038256172 -64005466.43187811 0.0 5935003.5548041975 -60335794.89362933 0.0 2732265.125060086 -54857345.954346895 0.0 -1783080.7853601577 -50850951.240136795 0.0 -6464393.362137886 -50055319.188881174 0.0 -10315651.284522278 -52823002.7682834 0.0 -12349557.990180666 -58518892.1232593 0.0 -11549098.989520947 -65580621.419417314 0.0 -7222569.588557603 -71472906.06873442 0.0 -3012094.543376327 1359849163.5784476 0.0 7532174.125487829 -1419912259.847581 0.0 5844982.753029186 -64697909.067577906 0.0 4318499.544490089 -62619894.43878132 0.0 1219503.8256300732 -58782656.93502129 0.0 -3018981.153786625 -55479661.35739353 0.0 -7344501.954050562 -54248902.56240356 0.0 -10656376.331491686 -55546828.6622357 0.0 -12006831.442630317 -58845765.07136043 0.0 -10684197.818819905 -62819852.045653075 0.0 -6411697.312603322 -65554497.13598194 0.0 -2879941.643700154 1363400753.6870809 0.0 7417378.03503782 -1417006938.0911074 0.0 5367451.287461521 -65845889.00169015 0.0 3748612.6988918707 -64877369.18887084 0.0 1004015.8787248408 -62319412.60703728 0.0 -2649767.3528370685 -59616542.60741786 0.0 -6401119.390226428 -57940015.3051853 0.0 -9254605.725975085 -57775134.70703787 0.0 -10339080.804011362 -58818873.412700385 0.0 -9080837.002024777 -60105663.085544504 0.0 -5361065.188890291 -60318085.531866565 0.0 -2731496.3315777443 1366422505.3537006 0.0 7565208.123624013 -1414196296.2319884 0.0 5476507.434330415 -67123215.70869741 0.0 3953535.9069981496 -66919291.46990767 0.0 1631329.2405900059 -65308333.02500479 0.0 -1384594.4562585505 -63105267.07179922 0.0 -4527378.301446109 -61099616.84002329 0.0 -7001563.2960774815 -59715433.48588465 0.0 -8051072.634154382 -58838918.31258621 0.0 -7163834.152135123 -57860712.33586323 0.0 -4236630.0893193465 -56018068.907946356 0.0 -2582889.898053918 1368861770.16487 0.0 7987238.849078868 -1411191284.4390922 0.0 6066060.4832600895 -68333385.62842667 0.0 4690086.321146761 -68696374.2641391 0.0 2728869.9238587865 -67773940.42703968 0.0 256288.89036999398 -65974824.86078905 0.0 -2355763.0945197963 -63775544.729271516 0.0 -4526775.425018836 -61485333.912879914 0.0 -5642894.920628472 -59092119.60752771 0.0 -5235160.58562384 -56264323.60098932 0.0 -3152018.7253612494 -52726796.987191506 0.0 -2445085.964236022 1370725569.946049 0.0 8836305.51860911 -1407702804.8844776 0.0 7146870.389036337 -69445156.38822968 0.0 5800473.525628571 -70286890.48530163 0.0 4041838.060909132 -69846958.83958675 0.0 1948836.0622790188 -68352179.9375186 0.0 -264064.85440300155 -66062624.62460833 0.0 -2210930.7840390597 -63154596.67113822 0.0 -3426680.5580161447 -59632515.896049015 0.0 -3482398.8363705315 -55329632.75652005 0.0 -2175397.6650313255 -50393170.45000811 0.0 -2324061.047570403 1372060240.0958138 0.0 10534534.659999292 -1403342441.2562566 0.0 8855416.467628771 -70704857.76396912 0.0 7158065.984304627 -71910022.28970817 0.0 5371660.430303793 -71711744.45917372 0.0 3492226.2213487625 -70393934.66907485 0.0 1551885.3364299706 -68068756.81745733 0.0 -228097.66646919385 -64764474.28887255 0.0 -1529290.5486624073 -60436344.91783369 0.0 -1971047.016218909 -54975844.74890204 0.0 -1331221.4886893001 -48904503.97087652 0.0 -2221291.3659850466 1372931993.160768 0.0 14620651.564129075 -1397301222.3694246 0.0 11497829.21195214 -73193244.3573411 0.0 8468489.58296903 -73915580.81620781 0.0 6484333.458731557 -73522746.8908132 0.0 4757226.874545886 -72212912.65685216 0.0 3030895.7999263755 -69864395.64534093 0.0 1422106.3544463362 -66310796.34616023 0.0 69519.95642517757 -61447388.78803404 0.0 -704417.8110008843 -55113083.43155297 0.0 -627330.9873163226 -48136215.90792449 0.0 -2137116.0372573785 1373412247.5387938 0.0 15218422.288685147 -1391317559.8518891 0.0 10873269.28535293 -77620139.17354143 0.0 8463364.406119889 -76242989.10472678 0.0 6871592.59269305 -75197947.08295874 0.0 5561631.557919661 -73773859.96110104 0.0 4277808.853463843 -71389389.4528297 0.0 2887637.0389935365 -67777625.80536522 0.0 1457925.650146969 -62652002.32146329 0.0 320700.84088797134 -55693053.62972761 0.0 -50542.53746783484 -47949672.12466854 0.0 -2066039.0349135303 1373568306.0085413 0.0 10595912.934669282 -1387432298.5914912 0.0 8400380.413037028 -79669307.0185363 0.0 7318830.353127524 -77697703.55786987 0.0 6443891.3891737815 -76286607.66926254 0.0 5689937.142030925 -74762240.03873794 0.0 4869389.5851728525 -72529765.98609912 0.0 3796048.5530699124 -69157658.67061892 0.0 2597948.4906379427 -64018336.57494949 0.0 1495638.0342888723 -56570029.33997918 0.0 623744.2185444381 -48302305.558333695 0.0 -1981503.7067054266 1373424331.8140543 0.0 7113656.8905286165 -1384441120.6211343 0.0 5936641.005802715 -80068844.54533197 0.0 5811506.209169422 -78275714.29424359 0.0 5487382.209065855 -76849405.03434415 0.0 5088370.02793533 -75341582.0941804 0.0 4588495.193300898 -73260168.61792691 0.0 3928289.4894776037 -70046793.63568546 0.0 3109781.3993750648 -65015620.24825882 0.0 2083253.3701743984 -57683209.335348435 0.0 884171.1791141005 -49304882.78061511 0.0 -1971556.0001064593 1373013276.3438551 0.0 4971730.761318931 -1382240482.9071558 0.0 4120496.1338219866 -79619361.74993967 0.0 4450313.810638156 -78290897.9270895 0.0 4452978.881823064 -77061998.3463865 0.0 4272812.900450401 -75680366.25262308 0.0 3940383.89711477 -73749130.16186664 0.0 3435645.427947665 -70708570.23599476 0.0 2736516.7453395342 -65872200.208678916 0.0 1837171.0412869465 -58766333.672605306 0.0 843561.2409302084 -50283787.81373427 0.0 -1983092.7783636292 1372581337.6160624 0.0 3904742.88967181 -1380581738.267621 0.0 2959152.8466476058 -78955247.4124851 0.0 3403659.189856583 -78053611.10701141 0.0 3553296.4426474045 -77076198.47452357 0.0 3499843.7537406343 -75870899.02937682 0.0 3276620.6359509616 -74107709.23861293 0.0 2879807.5952594113 -71250714.81866992 0.0 2299104.5957986936 -66608082.00449597 0.0 1552031.0720839004 -59653287.80170405 0.0 734442.0382290329 -51134294.61878487 0.0 -1997538.6618467262 1372196441.497159 0.0 3390477.0177358175 -1379308279.902292 0.0 2239060.217685333 -78356640.21283783 0.0 2648924.4945461275 -77754046.90557785 0.0 2838567.4747110596 -76998998.59113163 0.0 2849150.5056838 -75970530.9856557 0.0 2700084.619766287 -74373175.59239137 0.0 2390985.9675945723 -71688379.33787516 0.0 1918491.98937882 -67215717.07650922 0.0 1303776.0181506223 -60381057.52834867 0.0 624648.1161764011 -51854641.5013963 0.0 -2010941.5428231875 1371866624.2126553 0.0 3113859.702049689 -1378305053.7646456 0.0 1781170.9575614692 -77885476.26510505 0.0 2111958.622424191 -77476750.1544761 0.0 2290017.324728728 -76893658.72386095 0.0 2325794.6827725037 -76018488.3087343 0.0 2224793.6793319243 -74569937.84398493 0.0 1984004.3177157787 -72038005.79488076 0.0 1601095.295253541 -67712820.74144886 0.0 1094560.8469644643 -60982689.31977075 0.0 527705.7344758547 -52461051.0203003 0.0 -2022547.4473722128 1371587230.0588534 0.0 2945974.393207744 -1377486480.8967445 0.0 1474165.0773406134 -77536278.59669475 0.0 1725153.118390495 -77249836.04323266 0.0 1872656.1025869125 -76792119.45511521 0.0 1912401.1367017187 -76040453.92070411 0.0 1840788.4223933811 -74718005.72328298 0.0 1651158.07468596 -72317728.64918204 0.0 1339576.7587647338 -68120141.42773587 0.0 920296.6285536364 -61482673.03145778 0.0 445392.7338933818 -52971127.73284439 0.0 -2032332.528309338 1371351267.0716147 0.0 2828095.2930775224 -1376799071.1333678 0.0 1255277.9267875461 -77283934.8016788 0.0 1439543.6369190589 -77075445.34633832 0.0 1553557.3849542781 -76707288.69849823 0.0 1587497.1783055372 -76051630.68473057 0.0 1533089.4432499234 -74832613.39878201 0.0 1381040.7772716922 -72543560.5673942 0.0 1125408.9209647428 -68455799.0791468 0.0 776247.6293521347 -61900300.69135749 0.0 376682.1645272372 -53400945.85086115 0.0 -2040477.7893738062 1371151813.1320403 0.0 2735957.1491491045 -1376208724.4926586 0.0 1089801.9374637164 -77104157.43715227 0.0 1222311.714180634 -76946421.70514266 0.0 1306486.116638025 -76642141.7272611 0.0 1331337.594753897 -76060022.03971869 0.0 1286837.3033516114 -74924431.24628662 0.0 1162368.2616505518 -72728267.4577028 0.0 950462.8802414244 -68734551.56279273 0.0 657663.4551778713 -62251110.69391565 0.0 319781.6839456394 -53764415.40257509 0.0 -2047221.5986773863 1370982695.1972847 0.0 2657881.4114082186 -1375693954.0139096 0.0 958004.9513157067 -76977296.11561726 0.0 1051948.044444084 -76853444.98436686 0.0 1111956.6182750687 -76595141.81746013 0.0 1127701.1622035608 -76069227.91582483 0.0 1089044.0664442277 -75000513.73032628 0.0 985079.6165109569 -72881522.10335591 0.0 807486.5929403356 -68968067.10794345 0.0 560119.1998653734 -62547631.14133166 0.0 272781.71461192257 -54073219.08584395 0.0 -2052800.6078579854 1370838665.796863 0.0 2586868.3874979476 -1375241164.4706697 0.0 847884.2018100925 -76887981.00205107 0.0 914395.6011385992 -76787679.77871038 0.0 955978.5242760824 -76563096.91893394 0.0 963986.7035856601 -76080419.43374261 0.0 929061.3384638702 -75065368.87306322 0.0 840686.2443262085 -73010461.52709307 0.0 690264.7698292484 -69165432.32224078 0.0 479715.2696053283 -62799903.03020739 0.0 233917.11371534056 -54336976.13366701 0.0 -2057426.7249865788 1370715378.2269006 0.0 713605.6624829476 -946192390.5463878 0.0 769422.8198356061 -76832997.14086494 0.0 811207.4339986121 -76741970.16158201 0.0 832128.2678149049 -76518493.73324628 0.0 824729.1203021462 -76014743.82456976 0.0 780118.8952665975 -74925709.16080749 0.0 688362.819135944 -72697767.37397496 0.0 542700.5587245568 -68537829.73965882 0.0 348790.01400578517 -61738420.55872339 0.0 135870.99015828967 -53036768.46317649 0.0 0.0 1845069100.1946845 0.0 -1354363.5195479991 -1374629396.1388068 0.0 670028.4952201301 -76781831.50488909 0.0 702878.5069802555 -76713961.54456069 0.0 721684.5175573828 -76535746.34373051 0.0 720522.8318478718 -76115059.60684223 0.0 692094.8468531223 -75180829.82152581 0.0 627436.488995776 -73226211.03719892 0.0 518284.7232527686 -69490012.04178934 0.0 363890.3344166405 -63209826.17601218 0.0 181185.65131947058 -54756198.24093857 0.0 2108369.9137272774 1370561908.233213 0.0 -1406080.4316192514 -1374299469.942682 0.0 599760.0857973638 -76750232.78822055 0.0 622133.676870194 -76692388.5375565 0.0 633449.850296065 -76529136.52210875 0.0 628892.1339542809 -76129388.30780846 0.0 602169.111076188 -75223821.29089583 0.0 545242.8205257006 -73306634.97378172 0.0 450412.15128111345 -69613439.80415127 0.0 316404.7123153113 -63370170.38421606 0.0 157554.36198933414 -54926375.22828925 0.0 2105398.82966971 1370476373.425204 0.0 -1453876.1038229985 -1374003619.5537167 0.0 537107.7824425293 -76728249.8360135 0.0 552136.4005229819 -76678482.02128468 0.0 558218.6326616426 -76527172.27121037 0.0 551454.4820731126 -76144366.3011322 0.0 526450.688604012 -75262518.72648592 0.0 476059.9586148259 -73377006.21320477 0.0 393203.6538047392 -69720848.34881632 0.0 276311.95672772825 -63509795.314003535 0.0 137593.38427909705 -55074726.381113365 0.0 2102898.4497384317 1370401860.840104 0.0 -1497904.2620876993 -1373738341.6119928 0.0 480949.07239565183 -76712977.28196424 0.0 490861.1442169219 -76669922.23086911 0.0 493365.3061600674 -76528343.83980633 0.0 485299.76998911233 -76159445.9824059 0.0 462047.97009967966 -75297423.30199601 0.0 417286.3678694166 -73438890.3820637 0.0 344571.30050902563 -69814767.15068898 0.0 242190.86291099864 -63631897.147471264 0.0 120603.22225604944 -55204563.434880406 0.0 2100778.070766612 1370336687.6179597 0.0 -1538315.8954109126 -1373500594.770558 0.0 430457.7843499087 -76702386.22694552 0.0 436828.2200313801 -76665041.6329024 0.0 436949.7152122956 -76531538.74444792 0.0 428246.3559711628 -76174211.60289477 0.0 406762.9152186856 -75328915.42763443 0.0 366918.85104600317 -73493508.66134536 0.0 302889.5984075766 -69897205.2221567 0.0 212925.48218565708 -63739049.29449842 0.0 106031.72440448446 -55318572.38114017 0.0 2098965.9662351534 1370279488.0885131 0.0 -1575284.8788568857 -1373287684.4704678 0.0 384986.1490697267 -76695062.31320842 0.0 388921.6196099074 -76662654.65842338 0.0 387510.48361396237 -76535955.78839135 0.0 378639.3351230524 -76188368.9338349 0.0 358911.71265262377 -75357305.22732815 0.0 323408.4130364083 -73541834.87914126 0.0 266890.82972270006 -69969778.74126299 0.0 187639.54457379886 -63833342.70258508 0.0 93443.67482405696 -55418947.57368804 0.0 2097405.609181152 1370229147.0317547 0.0 -1609011.0646583915 -1373097197.6763842 0.0 343995.22943361726 -76690019.41152303 0.0 346270.3586529235 -76661926.14711715 0.0 343923.1111576646 -76541029.96766528 0.0 335205.597864038 -76201725.1102351 0.0 317192.3745568485 -75382860.55679612 0.0 285549.1978674275 -73584661.54441789 0.0 235581.52088353995 -70033804.68229799 0.0 165642.654770588 -63916492.82850459 0.0 82495.27919750985 -55507496.40905416 0.0 2096052.4193187396 1370184746.9289286 0.0 -1639714.4823725645 -1372926963.2205641 0.0 307017.74194507813 -76686569.56866154 0.0 308173.09734615625 -76662272.25126694 0.0 305302.9973502706 -76546371.07510361 0.0 296950.0032848916 -76214166.17383254 0.0 280586.4544493352 -75405821.5646582 0.0 252393.98072518632 -73622645.65221196 0.0 208177.31507549694 -70090369.55990373 0.0 146387.47818373662 -63989920.7568017 0.0 72913.55029081595 -55585720.24346912 0.0 2094871.1077575495 1370145526.7943184 0.0 -1667627.055029262 -1372775025.3322663 0.0 273637.84870105004 -76684232.32701744 0.0 274049.6668785513 -76663287.75362214 0.0 270939.04209979315 -76551715.82779403 0.0 263081.3034702988 -76225636.757605 0.0 248286.2274110169 -75426407.73316579 0.0 223190.21011524624 -73656340.36778758 0.0 184052.93065503985 -70140379.95620376 0.0 129436.34994289534 -64054814.59261071 0.0 64480.0165394673 -55654876.56741546 0.0 2093833.5477146222 1370110850.334286 0.0 -1692984.7255539945 -1372639623.93868 0.0 243479.90300337604 -76682671.6068013 0.0 243409.3657396377 -76664693.55966523 0.0 240247.91245469855 -76556891.66193095 0.0 232959.3926119768 -76236123.20483121 0.0 219641.57842613177 -75444821.1397969 0.0 197332.32967772012 -73686217.13624813 0.0 162704.22132402626 -70184599.8079334 0.0 114435.64714825168 -64112175.95328857 0.0 57018.11953623422 -55716026.6885054 0.0 2092917.1166674627 1370080181.429429 0.0 -1716021.0857109472 -1372519178.4932742 0.0 216201.869188135 -76681651.8391396 0.0 215829.76790180244 -76666299.13540304 0.0 212742.23870342976 -76561789.91947132 0.0 206057.6433261038 -76245640.2632953 0.0 194121.29926476322 -75461247.87336573 0.0 174326.42090437535 -73712681.41164458 0.0 143719.64352505413 -70223678.13571274 0.0 101096.31776588924 -64162855.29910886 0.0 50383.577702592236 -55770072.343420066 0.0 2092103.4234412382 1370053065.2630188 0.0 -1736962.7385241718 -1372412273.7568443 0.0 191491.12278487298 -76681007.50798932 0.0 190942.16762921718 -76667975.82175428 0.0 188008.20497599678 -76566346.29223692 0.0 181935.85083136967 -76254220.97779617 0.0 171284.82997241622 -75475858.65594809 0.0 153764.020016593 -73736084.09613375 0.0 126758.88022161767 -70258169.87824957 0.0 89179.16721901302 -64207578.9435357 0.0 44457.066903536936 -55817783.916857995 0.0 2091377.338901709 1370029113.7607892 0.0 -1756026.2470251191 -1372317646.8222644 0.0 169061.41809546584 -76680622.00924535 0.0 168421.2521145236 -76669637.97106536 0.0 165689.4963287802 -76570526.72689891 0.0 160220.6172948742 -76261909.22778799 0.0 150761.52407666467 -75488809.2033107 0.0 135302.6908094032 -73756730.06157085 0.0 111536.82909231355 -70288551.73521821 0.0 78483.7591351024 -64246969.86625939 0.0 39138.67740517685 -55859822.32031294 0.0 2090726.2612560014 1370007994.3045323 0.0 -1773416.3872111375 -1372234175.1057293 0.0 148650.4031471015 -76680412.97195026 0.0 147977.50103294785 -76671229.65948619 0.0 145475.5712603331 -76574317.36267553 0.0 140590.95614859968 -76268754.34938501 0.0 132235.3136375342 -75500240.56729415 0.0 118651.53644202376 -73774884.65505168 0.0 97811.57079031074 -70315234.37166244 0.0 68840.02783336256 -64281563.898358546 0.0 34343.71364258023 -55896756.081130534 0.0 2090139.5597288539 1369989420.9269173 0.0 -1789325.3716697504 -1372160865.192004 0.0 130017.48294183123 -76680322.08786206 0.0 129351.37724479043 -76672715.34746456 0.0 127092.90282502705 -76577717.406834 0.0 122767.56789958484 -76274807.34652314 0.0 115433.24456308785 -75510279.55055079 0.0 103560.30629243677 -73790778.78234293 0.0 85375.27021845423 -70338571.94324572 0.0 60101.907535135775 -64311822.43102157 0.0 29999.49869569929 -55929074.800639585 0.0 2089608.152220326 1369973147.3899705 0.0 -1803932.8903393266 -1372096842.5203447 0.0 112941.65977937118 -76680307.96962339 0.0 112308.79913258969 -76674073.43226817 0.0 110298.28332826415 -76580734.13084517 0.0 106504.70910855275 -76280118.28606379 0.0 100116.78682780692 -75519039.20853427 0.0 89811.11367600599 -73804612.96196878 0.0 74047.23040360681 -70358869.62273958 0.0 52142.45325390515 -64338142.4895722 0.0 26042.925186371605 -55957199.84100805 0.0 2089124.1827341807 1369958961.7007477 0.0 -1817406.578754235 -1372041342.0989888 0.0 97219.44447416073 -76680341.09988414 0.0 96637.3733474705 -76675291.6350278 0.0 94873.56938975058 -76583379.42540228 0.0 91583.89657387143 -76284734.5628631 0.0 86075.13672319989 -75526619.41978067 0.0 77212.04953969741 -73816560.61155613 0.0 63668.523378690115 -70376389.61082077 0.0 44850.06135707113 -64360864.786583096 0.0 22418.558423877173 -55981492.876097806 0.0 2088680.7727414533 1369946681.7326748 0.0 -1829902.8903468843 -1371993700.0640342 0.0 82662.8064984928 -76680400.34951778 0.0 82142.97147573534 -76676363.74036086 0.0 80621.3661463403 -76585667.4620929 0.0 77808.90497532491 -76288699.77365643 0.0 73119.95273584627 -75533107.48690446 0.0 65592.17545637215 -73826770.74030899 0.0 54097.77719727894 -70391355.97599822 0.0 38125.499862432494 -64380280.202374965 0.0 19077.146984237344 -56002262.77450065 0.0 2088271.8270373885 1369936151.7075925 0.0 -1841568.159699995 -1371953346.2409954 0.0 69097.24702685712 -76680470.6886804 0.0 68646.88270463469 -76677287.36535347 0.0 67361.40502022627 -76587612.8913498 0.0 65001.712716729875 -76292052.96624327 0.0 61081.13815838528 -75538578.7276791 0.0 54797.52574109975 -73835370.16664515 0.0 45207.81101973825 -70403958.5721279 0.0 31879.53315747547 -64396635.02050587 0.0 15974.433691773123 -56019771.15968136 0.0 2087891.8797571762 1369927239.357586 0.0 -1852539.826605923 -1371919797.6402004 0.0 56359.86336316172 -76680541.41341345 0.0 55983.54369611969 -76678062.42916282 0.0 54927.68270426494 -76589229.70781586 0.0 52999.1932396442 -76294828.20883954 0.0 49803.39949389735 -75543097.04837514 0.0 44687.85239330654 -73842465.3499132 0.0 36882.899855146825 -70414356.21377417 0.0 26030.995466771343 -64410135.16124016 0.0 13070.191026916516 -56034236.90071467 0.0 2087535.9699293966 1369919833.6332407 0.0 -1862947.5302452086 -1371892652.7470706 0.0 44298.04918449126 -76680605.03866419 0.0 43998.36755447091 -76678689.98016275 0.0 43165.8895644936 -76590530.52294381 0.0 41650.2933021635 -76297054.37556438 0.0 39143.35898613434 -75546715.48019631 0.0 35133.91058613087 -73848143.89526264 0.0 29016.49578673879 -70422679.23335867 0.0 20505.188791816443 -64420949.58677574 0.0 10327.423896010134 -56045839.72950151 0.0 2087199.5399338105 1369913842.8564665 0.0 -1872914.6244617426 -1371871586.3644385 0.0 32767.6076121692 -76680656.31259696 0.0 32545.796254440404 -76679171.8359563 0.0 31931.10377202855 -76591526.16832206 0.0 30813.56052881127 -76298755.07003787 0.0 28967.066360905115 -75549476.65684098 0.0 26015.13873117116 -73852475.77266385 0.0 21509.28658444657 -70429031.52213098 0.0 15232.51307400335 -64429213.007787436 0.0 7711.687496526355 -56054723.11591331 0.0 2086878.3489331831 1369909193.247066 0.0 -1882559.5556552906 -1371856346.0252414 0.0 21630.200188140087 -76680691.42135836 0.0 21486.941904732877 -76679510.01483487 0.0 21085.575606207058 -76592225.34982193 0.0 20354.910451993357 -76299948.58393107 0.0 19147.79945527452 -75551413.20585507 0.0 17217.6258431149 -73855514.27453521 0.0 14267.50162113707 -70433492.11961997 0.0 10147.275687597798 -64435027.98930673 0.0 5190.49581726433 -56060996.50367707 0.0 2086568.398229532 1369905827.7698777 0.0 -1891997.0141531439 -1371846749.2892413 0.0 10752.026965210842 -76680707.78816988 0.0 10687.765726824604 -76679706.03124592 0.0 10496.775110000666 -76592634.33091202 0.0 10145.61615558466 -76300647.86307766 0.0 9564.085877547664 -75552548.04720986 0.0 8632.28912534043 -73857296.7342821 0.0 7201.395721467713 -70436116.40028714 0.0 5186.62777421127 -64438466.52352748 0.0 2732.7948814485585 -56064736.98278282 0.0 2086265.8652369133 1369903705.2627237 0.0 -370343437.0885834 -1558495259.0560682 0.0 8534.20983208361 -76679122.33257441 0.0 1899.2420230373036 -76681492.19388442 0.0 -16160.45703119108 -76603485.02524993 0.0 -56883.45183267048 -76331883.57140514 0.0 -146889.42937144975 -75628807.71448022 0.0 -328171.2009259265 -74024213.17126676 0.0 -641086.6352810954 -70759461.78588352 0.0 -1065932.7117645217 -64974060.98391225 0.0 -1322185.0198923426 -56727990.80676555 0.0 -407950971.2088526 1172420925.667534 0.0
    </DataArray>
    <DataArray type="Float32" Name="Electron Current Density [Am^-2]" NumberOfComponents="3" format="ascii">
-1833506409.3939 -208254641839.15445 0.0 -12243868221.10152 -200710177176.0317 0.0 -14917132604.262512 -192023088209.64404 0.0 -13394347694.780827 -180331090838.62433 0.0 -11017271329.337189 -169051585390.58627 0.0 -9318093571.976656 -158730263326.39743 0.0 -8443807494.564144 -148681519297.6216 0.0 -8236818670.635791 -137930783978.10324 0.0 -8101757109.56304 -126320116770.32681 0.0 -6956727351.552942 -115651489628.3476 0.0 -3204006949.023413 -108910613198.64943 0.0 2394139442.8249826 -149825983820.03314 0.0 -5716455696.064938 -138230321387.43237 0.0 -10428099929.479996 -137617900768.61523 0.0 -11981596212.974798 -135354502363.49326 0.0 -11543397907.651524 -131738071013.02817 0.0 -11145895362.6881 -126969633195.22537 0.0 -11478940802.114727 -121026899113.81229 0.0 -12395300459.607862 -113837747750.44493 0.0 -12521685799.04958 -106100080204.12097 0.0 -10132534104.28453 -99543604999.37596 0.0 -3900232180.778447 -91454169386.20209 0.0 3417083531.504911 -69300690449.93701 0.0 -254167122.18938735 -61280754740.21075 0.0 -4294793053.3079934 -64363747128.38866 0.0 -7644672498.6891985 -68141383414.10581 0.0 -9382422021.150888 -70927461683.67412 0.0 -10899691012.343117 -72150409680.81331 0.0 -12843057948.209719 -72013206898.16185 0.0 -14759121942.020205 -71167050146.54642 0.0 -14903491837.204319 -70532242671.73395 0.0 -11635762394.289707 -70453298993.53079 0.0 -3591461037.7641683 -64688558004.95938 0.0 1543042567.408564 -28689181324.416195 0.0 896219293.0194197 -25251940922.242096 0.0 -973194426.6780286 -26192492308.985172 0.0 -3687969003.807882 -28396459142.231525 0.0 -6040399351.0438795 -30981433310.554546 0.0 -8310044219.554536 -33429707194.84417 0.0 -10592650472.57874 -35890789481.72778 0.0 -12219061783.101774 -38739248011.03383 0.0 -12031913761.293192 -42000691971.47274 0.0 -9131588733.437365 -44960817219.13956 0.0 -2441559028.805163 -41784577086.77704 0.0 514513957.17327416 -13223288805.48989 0.0 376100411.6656207 -11889324067.972126 0.0 -468735366.6724046 -12003098205.87711 0.0 -2255897104.3756194 -12910526087.589941 0.0 -4264916844.7480106 -14498017473.678156 0.0 -6201273840.166926 -16535769256.075027 0.0 -7838208278.39209 -19080241039.55094 0.0 -8705327500.693289 -22158924913.614285 0.0 -8280203246.449382 -25449479105.372715 0.0 -6111551313.546523 -28284221430.516243 0.0 -1486235030.85072 -26573207618.18276 0.0 172090328.49383402 -7103651438.007748 0.0 43271003.846067116 -6555123706.255395 0.0 -392403604.84257764 -6598087702.761875 0.0 -1491795947.2852075 -7113653130.648362 0.0 -2966255659.181094 -8247885727.7522955 0.0 -4421800950.423932 -9879294301.609022 0.0 -5518427237.195054 -11892391703.829268 0.0 -5956532190.782453 -14162474293.42898 0.0 -5505348644.692268 -16443357109.438051 0.0 -3945845323.7070036 -18353175404.29356 0.0 -907147547.3127961 -17322989093.742928 0.0 63023508.71394882 -4297483211.099401 0.0 -53818183.36702634 -4050947871.918206 0.0 -278484705.23982775 -4103823204.407135 0.0 -890405194.4009475 -4428922403.786317 0.0 -1841996801.7816963 -5214162342.33814 0.0 -2889303163.5747995 -6444316546.678777 0.0 -3711259326.8720503 -7968890996.590189 0.0 -4040668329.536543 -9596380148.99005 0.0 -3718259001.2691917 -11122460162.92114 0.0 -2625412342.275973 -12323491010.2389 0.0 -594596878.9926051 -11610963617.88548 0.0 25727470.65644014 -2809704987.437928 0.0 -66402546.14041573 -2684636892.0870423 0.0 -179303617.7535313 -2731463276.109057 0.0 -493315567.43571234 -2922845877.1986094 0.0 -1038714000.8402623 -3403190027.3398795 0.0 -1726324572.0552452 -4227277642.967437 0.0 -2346214344.253286 -5313600433.216746 0.0 -2667110151.773224 -6488093773.116998 0.0 -2528517418.9917464 -7558304675.379423 0.0 -1817003293.0742195 -8353219910.012049 0.0 -415296952.1965867 -7831612005.730476 0.0 12201280.582615294 -1922263569.695857 0.0 -56060803.50465823 -1849011772.4809244 0.0 -112503960.61393887 -1882838345.8454518 0.0 -266561343.7090437 -1988309776.6148326 0.0 -552068363.9826101 -2252274703.1925926 0.0 -957267491.4874082 -2740892411.8615746 0.0 -1385534030.6584735 -3441874601.8369536 0.0 -1679823699.2820294 -4249303086.21147 0.0 -1689488390.2436435 -5008221319.0968275 0.0 -1274168855.7816021 -5571345915.055632 0.0 -293830403.7617115 -5198600519.543836 0.0 7074781.484530556 -1340762012.03314 0.0 -43045410.17924424 -1291080030.0587683 0.0 -71911376.25461555 -1312449322.8010492 0.0 -146725633.14739797 -1367814802.3413885 0.0 -288322090.64201075 -1502448257.805177 0.0 -506940918.16688555 -1764688875.7226214 0.0 -773674421.7692307 -2172908667.842847 0.0 -1007466422.2458454 -2684842832.0208783 0.0 -1093536300.3409023 -3203218970.403539 0.0 -880702890.0717205 -3611114885.427662 0.0 -203088509.711869 -3357971121.8686905 0.0 4948538.130432655 -928821204.0903645 0.0 -33575856.67260827 -890631118.115566 0.0 -49347141.90018996 -902048843.0659565 0.0 -86158893.35017769 -929564120.5643506 0.0 -154911012.71888995 -995055841.479575 0.0 -266468126.92217508 -1126397668.0937948 0.0 -419137969.4990023 -1345316821.27423 0.0 -581965772.2792133 -1645874585.2064638 0.0 -683681127.9701773 -1982035244.4826732 0.0 -591981234.2168969 -2271304723.4538646 0.0 -135820203.68383017 -2106611052.084991 0.0 3710768.4921871223 -617369016.7328465 0.0 -28606220.50993885 -586124214.5635676 0.0 -37807183.190445825 -591141964.3422314 0.0 -55502089.06546366 -605108685.858108 0.0 -88659373.8476805 -637560808.3991495 0.0 -144104303.73808533 -702336274.4811703 0.0 -225946287.4479761 -815965566.0957164 0.0 -327848586.9074175 -985619786.5999193 0.0 -414409239.6253314 -1194384132.1129272 0.0 -387574259.45066947 -1390395023.7184129 0.0 -88364207.35850976 -1285725527.972835 0.0 2329300.1052918006 -373508274.53665745 0.0 -27306206.149955504 -348356344.2056012 0.0 -30012837.4018925 -354187011.49077237 0.0 -37183997.290082775 -365434469.6834153 0.0 -53644853.54270918 -385066769.55285525 0.0 -80773698.78949456 -419631403.02022165 0.0 -119349673.44310115 -482560603.5572431 0.0 -179763672.92686987 -577839990.4062079 0.0 -245027059.48017967 -702261741.4690425 0.0 -248461961.64975327 -829690236.2569716 0.0 -55880467.470417105 -765190450.9514914 0.0 1399995.3372205202 -176831607.31645322 0.0 -11133660.32188734 -173433822.6273949 0.0 -13104694.067326277 -184351430.6214347 0.0 -16409773.919609169 -197306608.8339196 0.0 -25010211.075522956 -216674094.0227288 0.0 -38200687.7664024 -247428002.6461305 0.0 -61877419.13692421 -282967370.57380676 0.0 -98837559.09169663 -333881416.5705052 0.0 -144614010.6933808 -404334558.0391757 0.0 -154044566.76546255 -486690057.21320033 0.0 -33737266.43084345 -448900935.0501168 0.0 841374.935496052 -107698258.51426283 0.0 -3672725.6585934428 -106157589.7043984 0.0 -4285850.860310713 -111243818.58488826 0.0 -3931752.916381349 -116951419.92725672 0.0 -4262285.937882722 -123855164.5811303 0.0 -11689204.817321511 -133828165.99058846 0.0 -24834315.87951285 -153871699.8569036 0.0 -47410245.68386368 -188433914.02359647 0.0 -80336030.06340097 -240813705.35400328 0.0 -99986678.10599877 -290429438.19961435 0.0 -22587811.854283802 -262981090.2943317 0.0 565630.4812284267 -79589718.99008466 0.0 -779759.763466132 -78357158.96355732 0.0 -1066855.064022849 -80230444.33276893 0.0 -1066028.3339442115 -82395749.56600925 0.0 -1147870.8769731494 -84685503.51237355 0.0 -2576338.4488332323 -88021615.30035572 0.0 -6346572.549866739 -94280093.12189409 0.0 -15081074.484050881 -106025532.46145578 0.0 -38165546.39759923 -128561142.66036771 0.0 -60739972.688985586 -163098900.5627117 0.0 -12640546.719277393 -149756081.0186114 0.0 381738.71507332934 -66617519.533983335 0.0 126217.82310554144 -65593838.83376072 0.0 157537.51617133373 -66125283.56981717 0.0 94578.15815237912 -66866695.99350209 0.0 -65018.73070287708 -67708136.85409948 0.0 -683034.6042803826 -68825575.28371568 0.0 -2349253.4769048817 -70822450.070284 0.0 -6614582.295076533 -75007397.44224858 0.0 -18225571.16847613 -84767796.7418083 0.0 -36721992.46772127 -102721217.08106343 0.0 -7245076.854833673 -94310213.91837242 0.0 260201.21286722878 -59521613.05671925 0.0 294727.7541874566 -58707579.81460964 0.0 492050.3321838849 -58745854.49186597 0.0 523989.67186028213 -58895039.081749424 0.0 425757.0188932512 -59143605.56969828 0.0 93136.35573208825 -59525819.48453606 0.0 -719557.5711991261 -60234055.546436906 0.0 -2853054.852596477 -61817083.134771794 0.0 -9663754.000745147 -65825908.20237417 0.0 -24307414.145505432 -74931265.1534641 0.0 -4612913.0957852015 -68620438.02433625 0.0 183878.19314711305 -54906813.366938144 0.0 250019.74573636707 -54282177.635423556 0.0 482584.2435518969 -54185099.211407885 0.0 583302.5625144863 -54119744.17055138 0.0 564583.3068468263 -54114333.05685859 0.0 383862.8870197529 -54186597.539233886 0.0 -70389.38788393135 -54400087.861168906 0.0 -1300108.9013735156 -54975356.15289911 0.0 -5873206.065696583 -56661792.39119306 0.0 -17871028.427014023 -61637671.83036989 0.0 -3306509.3711844827 -56473845.93186313 0.0 136336.91442662632 -51539583.723829515 0.0 168531.21017140904 -51055365.39977863 0.0 375670.0711831104 -50945649.999207884 0.0 495992.42676608777 -50827367.21664501 0.0 524291.0306569788 -50733899.76585428 0.0 429316.9544687123 -50682037.79162939 0.0 147194.96495820952 -50696958.74544511 0.0 -660394.0950433392 -50873593.75288725 0.0 -4061889.666302778 -51616078.174205855 0.0 -14228255.940260103 -54690067.1946931 0.0 -2599276.6714757243 -50288385.93339624 0.0 105080.74077001665 -48887088.20242389 0.0 100903.38939299794 -48505983.339515924 0.0 264814.3616156453 -48417295.531389706 0.0 376438.31038149615 -48305961.80555182 0.0 423137.0589885623 -48199393.6292495 0.0 375116.2800806213 -48112278.585626096 0.0 185858.40339819828 -48056974.24081778 0.0 -396799.8872544382 -48079254.94485616 0.0 -3096567.9780578464 -48426216.76020453 0.0 -11894040.773065545 -50576147.38848099 0.0 -2164817.8199587413 -46748574.79932738 0.0 84214.09534551362 -46708823.98253461 0.0 51474.30124717052 -46399046.98418856 0.0 174616.76266537525 -46332617.531446494 0.0 267987.5179382711 -46243408.81708815 0.0 317430.5829020723 -46150693.22864609 0.0 294210.98357020976 -46065679.701181956 0.0 159199.99924405405 -45995136.69761971 0.0 -288159.9574746415 -45963703.95946006 0.0 -2513312.768932195 -46139498.04617879 0.0 -10213262.84046415 -47793318.78849391 0.0 -1861487.062925424 -44431331.01460129 0.0 70036.25155125411 -44860348.27042469 0.0 17856.941656366 -44603085.289095074 0.0 108199.44311211261 -44556167.240605794 0.0 182493.8674810554 -44490034.74155128 0.0 227786.88271748536 -44417840.27851015 0.0 217259.1710169614 -44347610.68295295 0.0 115994.6935179449 -44283169.31750647 0.0 -241632.55534162885 -44239013.42111697 0.0 -2115906.007905375 -44338398.28262612 0.0 -8895646.528435959 -45690805.37082931 0.0 -1627455.9574396764 -42722663.69956679 0.0 59492.08313208374 -43264909.51478217 0.0 -3382.0770403884776 -43048067.29257282 0.0 62181.83338780451 -43016115.5828187 0.0 119810.19062491413 -42969277.839858204 0.0 158626.65746825506 -42916350.23349789 0.0 154343.39046707994 -42862835.07572556 0.0 75295.90624930456 -42810816.482867084 0.0 -218260.9537052977 -42769393.99478444 0.0 -1817775.3933529977 -42833320.262748666 0.0 -7806812.822067862 -43979389.72889106 0.0 -1434842.7359767677 -41352342.2889647 0.0 51297.20854626426 -41875337.07561994 0.0 -15193.97374936878 -41691145.88613518 0.0 32006.276905053895 -41670079.30499905 0.0 75972.02327222623 -41637863.899746865 0.0 108023.69563813567 -41600418.41607936 0.0 106594.90344322623 -41561429.002471365 0.0 42952.295401632764 -41521903.29164111 0.0 -202328.88388723382 -41487799.21028526 0.0 -1578893.8709387823 -41534144.19419451 0.0 -6879657.014717402 -42525006.139760934 0.0 -1270347.6339369628 -40197135.08983104 0.0 107157.19301271817 -40569468.690853395 0.0 143157.8751548691 -40560970.29214869 0.0 177403.67250458276 -40544901.47929186 0.0 212050.00636374217 -40519449.47610059 0.0 237854.20129268506 -40487665.462466344 0.0 231082.73459774008 -40454039.67355045 0.0 161831.29979366934 -40424762.08503783 0.0 -100335.72576702647 -40412295.78236391 0.0 -1588769.758151482 -40482960.20517108 0.0 -6608474.366165015 -41023075.41664716 0.0 0.0 -41451409.13546765 0.0 34313.866328927885 -39428542.61229301 0.0 -40323.907834117636 -39564423.3845657 0.0 -15178.708931056166 -39551744.8398257 0.0 10814.685247994963 -39530635.782648675 0.0 32634.869236129045 -39502150.21210524 0.0 34117.98287730665 -39471928.67042132 0.0 -7982.99895879831 -39451064.18602902 0.0 -180647.14856735876 -39458870.044427305 0.0 -1194010.0563848894 -39560681.67217917 0.0 -5331539.434463424 -39682986.11055328 0.0 -1127985.34774785 -42578618.39095032 0.0 30340.083508281812 -38513276.64694111 0.0 -39434.65800679512 -38633160.16960083 0.0 -21129.16310723268 -38624222.98252483 0.0 -1218.4393549586332 -38609011.69496553 0.0 16425.670016814893 -38587962.34488126 0.0 17811.1653111066 -38565358.966523886 0.0 -17802.25110215444 -38550360.342900425 0.0 -166031.01263878742 -38559480.445828 0.0 -1049530.1358271393 -38649495.301787995 0.0 -4719676.535252601 -38758776.38855029 0.0 -1001761.3479342919 -41330072.796904616 0.0 26880.920578637728 -37705924.070765145 0.0 -37408.53968974979 -37811761.912122086 0.0 -23995.733991324894 -37805428.85454172 0.0 -8647.926967761323 -37794417.13834712 0.0 5659.269621255185 -37778784.19556743 0.0 6830.10432851811 -37761819.908724055 0.0 -23574.356055888024 -37751143.28221504 0.0 -151474.39911046406 -37760948.29980409 0.0 -923776.697344775 -37840786.07511346 0.0 -4180873.3685086914 -37939939.23434772 0.0 -890100.4603269887 -40225571.44362853 0.0 23844.82333822599 -36993339.04957785 0.0 -34775.26903760956 -37086806.816650756 0.0 -24860.225036083535 -37082275.760634474 0.0 -12928.316121081507 -37074236.93747954 0.0 -1267.7559078984075 -37062529.23412139 0.0 -333.30556251245747 -37049710.34854083 0.0 -26473.19150600084 -37042163.188248 0.0 -137277.32862936705 -37052138.85236918 0.0 -813793.2125507795 -37123027.00680313 0.0 -3705154.7844258924 -37214073.745795734 0.0 -791029.511880466 -39247242.15120093 0.0 21164.873796610682 -36364159.4266502 0.0 -31881.910264338076 -36446716.60649198 0.0 -24474.710055284424 -36443433.86287412 0.0 -15104.936001914248 -36437498.88765911 0.0 -5538.023624574148 -36428633.87931216 0.0 -4817.712162234103 -36418854.03244285 0.0 -27410.40500203655 -36413543.592503026 0.0 -123711.70285454646 -36423315.035283364 0.0 -717303.0186329205 -36486266.75427929 0.0 -3284278.5504845693 -36570724.53459746 0.0 -702968.9830960211 -38380282.8633954 0.0 18789.672604627005 -35808498.25757574 0.0 -28945.69389911743 -35881422.583333425 0.0 -23347.014406859882 -35879009.03897543 0.0 -15909.075086524266 -35874568.50397759 0.0 -8001.298551874861 -35867769.16268384 0.0 -7457.5768527661785 -35860220.36273464 0.0 -27061.842407523432 -35856493.83337277 0.0 -110970.68628853202 -35865812.34650165 0.0 -632460.2335831376 -35921707.197405934 0.0 -2911269.2158410437 -36000777.6210184 0.0 -624593.4551522572 -37611967.43458189 0.0 16678.07442520621 -35317727.75710101 0.0 -26096.332069830536 -35382139.18617282 0.0 -21812.093612065033 -35380335.57607484 0.0 -15842.226994353157 -35376963.85638426 0.0 -9256.053654222635 -35371675.63266407 0.0 -8850.24618649247 -35365772.94110522 0.0 -25910.95497096837 -35363161.04065244 0.0 -99164.81032557048 -35371878.345725745 0.0 -557717.7115918446 -35421498.82925353 0.0 -2580136.487185994 -35496169.57217803 0.0 -554760.1483847825 -36931150.56216839 0.0 14796.057789836897 -34884312.8718957 0.0 -23406.064496720843 -34941192.586338595 0.0 -20086.215108811964 -34939821.26341256 0.0 -15243.000304621959 -34937221.06236689 0.0 -9717.547384855654 -34933048.65155403 0.0 -9415.735069880988 -34928370.16897509 0.0 -24293.594340010284 -34926539.552372925 0.0 -88336.02706672503 -34934581.23990769 0.0 -491752.81605850323 -34978629.71534498 0.0 -2285688.699982247 -35049733.56530001 0.0 -492468.83571989957 -36327995.75103887 0.0 13114.805866882882 -34501674.2650662 0.0 -20910.19810450078 -34551880.85299809 0.0 -18305.58435054869 -34550819.62016187 0.0 -14336.815781027155 -34548782.68325445 0.0 -9670.54412729542 -34545443.686318666 0.0 -9445.268864375852 -34541685.063091785 0.0 -22436.894067556947 -34540400.83001967 0.0 -78475.9708227156 -34547743.59678952 0.0 -433422.31329407066 -34586851.04077221 0.0 -2023399.0859365251 -34655102.897745095 0.0 -436836.9084150794 -35793803.26373701 0.0 11609.485279456481 -34164071.15497402 0.0 -18620.87351474048 -34208354.85241389 0.0 -16553.098739065263 -34207519.193268545 0.0 -13271.465720186668 -34205898.92008633 0.0 -9308.275927112814 -34203190.64771417 0.0 -9138.355329553326 -34200131.65347706 0.0 -20490.26233206195 -34199229.14242795 0.0 -69542.70594019444 -34205883.09852377 0.0 -381732.1935578459 -34240614.931886755 0.0 -1789303.5492359726 -34306637.15131266 0.0 -387082.10208642913 -35320883.14806324 0.0 10258.43286068293 -33866499.339607894 0.0 -16536.157485686253 -33905514.69895344 0.0 -14876.585976451666 -33904845.7493676 0.0 -12142.019296534363 -33903538.2527073 0.0 -8760.442469065394 -33901314.247120954 0.0 -8630.065209778675 -33898794.656874195 0.0 -18548.750873355828 -33898158.8321665 0.0 -61473.99651577823 -33904154.5745831 0.0 -335815.3487335756 -33935015.72415736 0.0 -1579918.6748680857 -33999357.02775041 0.0 -342509.29792601 -34902449.58622435 0.0 9042.584835421289 -33604601.92761073 0.0 -14645.963067722825 -33638919.08089865 0.0 -13301.104594759647 -33638375.494047694 0.0 -11008.036824251225 -33637306.54980736 0.0 -8112.988690346484 -33635460.0928885 0.0 -8010.644701766473 -33633362.48311465 0.0 -16670.06754080579 -33632913.14720671 0.0 -54196.95627417046 -33638292.724100046 0.0 -294913.676666769 -33665732.63858322 0.0 -1392173.7436074826 -33728883.22643899 0.0 -302499.66594951024 -34532527.01579952 0.0 7945.053330109277 -33374591.23571223 0.0 -12935.842411540423 -33404705.855592478 0.0 -11837.16703831278 -33404258.298637364 0.0 -9905.360233957548 -33403374.36620529 0.0 -7421.918306389181 -33401826.931899734 0.0 -7339.402348677299 -33400064.48080661 0.0 -14886.67331147191 -33399745.791710287 0.0 -47634.63838741925 -33404556.61135561 0.0 -258362.98626836747 -33428974.340453792 0.0 -1223353.1441993562 -33491378.551076595 0.0 -266501.3140494107 -34205864.664561 0.0 6950.795869921138 -33173180.702585705 0.0 -11389.365347733106 -33199522.752172314 0.0 -10486.189438426223 -33199150.178746354 0.0 -8854.131944913419 -33198412.218702506 0.0 -6722.867075367524 -33197105.391934972 0.0 -6654.440426867431 -33195613.251277477 0.0 -13214.23928253103 -33195386.34866147 0.0 -41710.28232601908 -33199677.2152435 0.0 -225579.9270915316 -33221426.453128096 0.0 -1071046.94038521 -33283493.695331555 0.0 -234021.03436853422 -33917858.58123709 0.0 6046.360178249364 -32997525.800997235 0.0 -9989.560658801352 -33020467.20221905 0.0 -9244.07494406899 -33020154.314800955 0.0 -7864.218562620344 -33019533.516772375 0.0 -6037.701611451808 -33018423.328236263 0.0 -5979.424749431512 -33017152.52201615 0.0 -11657.480285976062 -33016990.365647398 0.0 -36349.869892433286 -33020809.002468336 0.0 -196050.5451050538 -33040202.961904112 0.0 -933108.073804597 -33102317.348065373 0.0 -204616.9357506843 -33664481.0124249 0.0 5219.635319721744 -32845173.041351896 0.0 -8719.756787306236 -32865034.239825882 0.0 -8103.538972196421 -32864769.8082194 0.0 -6938.8582338864035 -32864244.668233827 0.0 -5379.04791404423 -32863297.623879272 0.0 -5328.266781198426 -32862210.733251937 0.0 -10214.129694784619 -32862094.505226225 0.0 -31483.508813861685 -32865486.094820514 0.0 -169320.2232858053 -32882802.107157644 0.0 -807615.0808873167 -32945331.081222944 0.0 -177891.8354303098 -33442217.078953993 0.0 4459.671508318153 -32714016.318607412 0.0 -7564.040524212027 -32731071.96680523 0.0 -7055.547642766129 -32730847.636472274 0.0 -6077.086331352593 -32730401.890145473 0.0 -4753.379806519799 -32729592.15974899 0.0 -4708.339859428445 -32728660.26111635 0.0 -8877.609160439391 -32728576.865916193 0.0 -27046.027425263088 -32731583.269748297 0.0 -144984.82801669344 -32747067.045783926 0.0 -692839.4376939846 -32810369.231323868 0.0 -153487.31910059587 -33248008.59102186 0.0 3756.496802637043 -32602259.690104846 0.0 -6507.5168544141 -32616743.456812914 0.0 -6090.320405888063 -32616552.85867772 0.0 -5275.361131646912 -32616174.05497017 0.0 -4163.113989870998 -32615481.522145767 0.0 -4122.6710749367885 -32614682.03197013 0.0 -7638.790178384596 -32614622.37224897 0.0 -22977.055518352718 -32617281.793984387 0.0 -122682.91056989139 -32631151.31359297 0.0 -587216.8026669411 -32695583.769419543 0.0 -131078.39243131885 -33079204.69831086 0.0 3100.967350824991 -32508385.96787425 0.0 -5536.352346945436 -32520494.62254951 0.0 -5197.89287362488 -32520332.87744751 0.0 -4528.565984414189 -32520011.368447557 0.0 -3607.992912686002 -32519420.189289562 0.0 -3571.417723309169 -32518735.280835345 0.0 -6487.13411849232 -32518693.03231866 0.0 -19220.789801016363 -32521039.935290135 0.0 -102088.83223520206 -32533488.947630502 0.0 -489321.54037951736 -32599413.992388744 0.0 -110368.65523684461 -32933518.954649933 0.0 2484.620874957693 -32431130.455468114 0.0 -4637.726577453318 -32441027.256780483 0.0 -4368.396364423054 -32440890.609501854 0.0 -3830.7382540988438 -32440618.86043247 0.0 -3086.0867675890545 -32440116.4342087 0.0 -3052.9155825475036 -32439531.88797559 0.0 -5411.447323498585 -32439502.63480163 0.0 -15725.594318194942 -32441567.817422662 0.0 -82906.69295945765 -32452768.98024192 0.0 -397843.993499659 -32520560.75382671 0.0 -91085.93418895145 -32808992.300163727 0.0 1899.6283974991031 -32369459.159677286 0.0 -3799.6849916304172 -32377276.86495538 0.0 -3592.2391228228817 -32377162.378277875 0.0 -3175.51925392937 -32376934.37491974 0.0 -2594.461127582939 -32376510.55300769 0.0 -2564.3883227581787 -32376014.905821778 0.0 -4400.348713658706 -32375995.533687282 0.0 -12443.494714640045 -32377806.30506743 0.0 -64864.92398248616 -32387914.003370456 0.0 -311570.0202975074 -32457964.926898062 0.0 -72978.30839955067 -32703961.45191671 0.0 1338.5891338609974 -32322550.93107511 0.0 -3011.061560692749 -32328393.9300909 0.0 -2860.2976664738417 -32328299.315240797 0.0 -2556.4868101936145 -32328110.288210582 0.0 -2129.6311117831488 -32327756.907530185 0.0 -2102.4142063954537 -32327340.899199687 0.0 -3442.5261120782834 -32327329.213288475 0.0 -9329.60059513142 -32328909.64659591 0.0 -47711.41481411197 -32338062.543002844 0.0 -229362.36703579838 -32410789.833199546 0.0 -55810.46105313367 -32617032.24557667 0.0 794.3934398225887 -32289783.83754359 0.0 -2261.4588615049934 -32293729.7635732 0.0 -2163.764525893983 -32293653.20977814 0.0 -1967.1655960331366 -32293499.406198703 0.0 -1687.7422839663932 -32293209.928738672 0.0 -1663.1636408305728 -32292866.082100686 0.0 -2526.819561585737 -32292860.531480376 0.0 -6341.476514243834 -32294231.723175094 0.0 -31209.063303536394 -32302555.049918104 0.0 -150143.50382572782 -32378407.41141725 0.0 -39360.29833308674 -32547057.52867861 0.0 260.1905481041332 -32270724.974127524 0.0 -1541.079934702566 -32272826.10074057 0.0 -1494.1142746470873 -32272766.15040975 0.0 -1401.1037766199856 -32272644.547532365 0.0 -1264.7453905145335 -32272413.69023995 0.0 -1242.5900465746724 -32272135.925573215 0.0 -1642.2569088798782 -32272135.35808499 0.0 -3438.5315158416374 -32273315.647246227 0.0 -15131.685084375249 -32280923.259554245 0.0 -72879.60957753281 -32360387.88453757 0.0 -23415.788186093436 -32493119.227224074 0.0 -6.102848432492133 -32264581.7151371 0.0 -1362.9886159945083 -32265255.724918768 0.0 -1345.1730879531358 -32265208.288062252 0.0 -1312.9116694230856 -32265109.656969536 0.0 -1256.7599164221242 -32264922.484256454 0.0 -1220.5838942725015 -32264693.51311387 0.0 -1316.1182685853564 -32264688.149101418 0.0 -1837.1357211221275 -32265695.618896656 0.0 -5083.488438426112 -32272531.92797312 0.0 -11311.396320146716 -32345778.25453229 0.0 -13600.950425124318 -32452571.239836637 0.0
    </DataArray>
    <DataArray type="Float32" Name="Hole Current Density [Am^-2]" NumberOfComponents="3" format="ascii">
1e-30 -1e-30 0.0 1e-30 -1e-30 0.0 1e-30 -1e-30 0.0 1e-30 -1e-30 0.0 1e-30 -1e-30 0.0 1e-30 -1e-30 0.0 -1e-30 -1e-30 0.0 -1e-30 -1e-30 0.0 1e-30 -1e-30 0.0 1e-30 -1e-30 0.0 -1e-30 -1e-30 0.0 1e-30 -1e-30 0.0 1e-30 -1e-30 0.0 1e-30 -1e-30 0.0 1e-30 -1e-30 0.0 1e-30 -1e-30 0.0 1e-30 -1e-30 0.0 -1e-30 -1e-30 0.0 -1e-30 -1e-30 0.0 -1e-30 -1e-30 0.0 -1e-30 -1e-30 0.0 -1e-30 -1e-30 0.0 1e-30 -1e-30 0.0 1e-30 -1e-30 0.0 1e-30 -1e-30 0.0 1e-30 -1e-30 0.0 1e-30 -1e-30 0.0 1e-30 -1e-30 0.0 -1e-30 -1e-30 0.0 -1e-30 -1e-30 0.0 -1e-30 -1e-30 0.0 -1e-30 -1e-30 0.0 -1e-30 -1e-30 0.0 1e-30 -1e-30 0.0 1e-30 -1e-30 0.0 1e-30 -1e-30 0.0 1e-30 -1e-30 0.0 1e-30 -1e-30 0.0 -1e-30 -1e-30 0.0 -1e-30 -1e-30 0.0 -1e-30 -1e-30 0.0 -1e-30 -1e-30 0.0 -1e-30 -1e-30 0.0 -1e-30 -1e-30 0.0 1e-30 -1e-30 0.0 1e-30 -1e-30 0.0 1e-30 -1e-30 0.0 1e-30 -1e-30 0.0 -1e-30 -1e-30 0.0 -1e-30 -1e-30 0.0 -1e-30 -1e-30 0.0 -1e-30 -1e-30 0.0 -1e-30 -1e-30 0.0 -1e-30 -1e-30 0.0 -1e-30 -1e-30 0.0 1e-30 -1e-30 0.0 1e-30 -1e-30 0.0 1e-30 -1e-30 0.0 -1e-30 -1e-30 0.0 -1e-30 -1e-30 0.0 -1e-30 -1e-30 0.0 -1e-30 -1e-30 0.0 -1e-30 -1e-30 0.0 -1e-30 -1e-30 0.0 -1e-30 -1e-30 0.0 -1e-30 -1e-30 0.0 1e-30 -1e-30 0.0 1e-30 -1e-30 0.0 1e-30 -1e-30 0.0 -1e-30 -1e-30 0.0 -1e-30 -1e-30 0.0 -1e-30 -1e-30 0.0 -1e-30 -1e-30 0.0 -1e-30 -1e-30 0.0 -1e-30 -1e-30 0.0 -1e-30 -1e-30 0.0 -1e-30 -1e-30 0.0 1e-30 -1e-30 0.0 1e-30 -1e-30 0.0 -1e-30 -1e-30 0.0 -1e-30 -1e-30 0.0 -1e-30 -1e-30 0.0 -1e-30 -1e-30 0.0 -1e-30 -1e-30 0.0 -1e-30 -1e-30 0.0 -1e-30 -1e-30 0.0 -1e-30 -1e-30 0.0 -1e-30 -1e-30 0.0 1e-30 -1e-30 0.0 -1e-30 -1e-30 0.0 -1e-30 -1e-30 0.0 -1e-30 -1e-30 0.0 -1e-30 -1e-30 0.0 -1e-30 -1e-30 0.0 -1e-30 -1e-30 0.0 -1e-30 -1e-30 0.0 -1e-30 -1e-30 0.0 -1e-30 -1e-30 0.0 -1e-30 -1e-30 0.0 -1e-30 -1e-30 0.0 -1e-30 -1e-30 0.0 -1e-30 -1e-30 0.0 -1e-30 -1e-30 0.0 -1e-30 -1e-30 0.0 -1e-30 -1e-30 0.0 -1e-30 -1e-30 0.0 -1e-30 -1e-30 0.0 -1e-30 -1e-30 0.0 -1e-30 -1e-30 0.0 -1e-30 -1e-30 0.0 -1e-30 -1e-30 0.0 -1e-30 -1e-30 0.0 -1e-30 -1e-30 0.0 -1e-30 -1e-30 0.0 -1e-30 -1e-30 0.0 -1e-30 -1e-30 0.0 -1e-30 -1e-30 0.0 -1e-30 -1e-30 0.0 -1e-30 -1e-30 0.0 -1e-30 -1e-30 0.0 -1e-30 -1e-30 0.0 1e-30 -1e-30 0.0 -1e-30 -1e-30 0.0 -1e-30 -1e-30 0.0 -1e-30 -1e-30 0.0 -1e-30 -1e-30 0.0 -1e-30 -1e-30 0.0 -1e-30 -1e-30 0.0 -1e-30 -1e-30 0.0 -1e-30 -1e-30 0.0 -1e-30 -1e-30 0.0 -1e-30 -1e-30 0.0 1e-30 -1e-30 0.0 -1e-30 -1e-30 0.0 -1e-30 -1e-30 0.0 -1e-30 -1e-30 0.0 -1e-30 -1e-30 0.0 -1e-30 -1e-30 0.0 -1e-30 -1e-30 0.0 -1e-30 -1e-30 0.0 -1e-30 -1e-30 0.0 -1e-30 -1e-30 0.0 -1e-30 -1e-30 0.0 1e-30 -1e-30 0.0 -1e-30 -1e-30 0.0 -1e-30 -1e-30 0.0 -1e-30 -1e-30 0.0 -1e-30 -1e-30 0.0 -1e-30 -1e-30 0.0 -1e-30 -1e-30 0.0 -1e-30 -1e-30 0.0 -1e-30 -1e-30 0.0 -1e-30 -1e-30 0.0 1e-30 -1e-30 0.0 1e-30 -1e-30 0.0 1e-30 -1e-30 0.0 -1e-30 -1e-30 0.0 -1e-30 -1e-30 0.0 -1e-30 -1e-30 0.0 -1e-30 -1e-30 0.0 -1e-30 -1e-30 0.0 -1e-30 -1e-30 0.0 -1e-30 -1e-30 0.0 -1e-30 -1e-30 0.0 -1e-30 -1e-30 0.0 1e-30 -1e-30 0.0 1e-30 -1e-30 0.0 -1e-30 -1e-30 0.0 -1e-30 -1e-30 0.0 -1e-30 -1e-30 0.0 -1e-30 -1e-30 0.0 -1e-30 -1e-30 0.0 -1e-30 -1e-30 0.0 -1e-30 -1e-30 0.0 -1e-30 -1e-30 0.0 1e-30 -1e-30 0.0 1e-30 -1e-30 0.0 1e-30 -1e-30 0.0 1e-30 -1e-30 0.0 1e-30 -1e-30 0.0 1e-30 -1e-30 0.0 -1e-30 -1e-30 0.0 1e-30 -1e-30 0.0 1e-30 -1e-30 0.0 1e-30 -1e-30 0.0 1e-30 -1e-30 0.0 1e-30 -1e-30 0.0 1e-30 -1e-30 0.0 1e-30 -1e-30 0.0 1e-30 -1e-30 0.0 1e-30 -1e-30 0.0 1e-30 -1e-30 0.0 1e-30 -1e-30 0.0 1e-30 -1e-30 0.0 1e-30 -1e-30 0.0 1e-30 -1e-30 0.0 1e-30 -1e-30 0.0 1e-30 -1e-30 0.0 1e-30 -1e-30 0.0 1e-30 -1e-30 0.0 1e-30 -1e-30 0.0 1e-30 -1e-30 0.0 1e-30 -1e-30 0.0 1e-30 -1e-30 0.0 1e-30 -1e-30 0.0 1e-30 -1e-30 0.0 1e-30 -1e-30 0.0 1e-30 -1e-30 0.0 1e-30 -1e-30 0.0 1e-30 -1e-30 0.0 1e-30 -1e-30 0.0 1e-30 -1e-30 0.0 1e-30 -1e-30 0.0 1e-30 -1e-30 0.0 1e-30 -1e-30 0.0 1e-30 -1e-30 0.0 1e-30 -1e-30 0.0 1e-30 -1e-30 0.0 1e-30 -1e-30 0.0 1e-30 -1e-30 0.0 1e-30 -1e-30 0.0 1e-30 -1e-30 0.0 1e-30 -1e-30 0.0 1e-30 -1e-30 0.0 1e-30 -1e-30 0.0 1e-30 -1e-30 0.0 1e-30 -1e-30 0.0 1e-30 -1e-30 0.0 1e-30 -1e-30 0.0 1e-30 -1e-30 0.0 1e-30 -1e-30 0.0 1e-30 -1e-30 0.0 1e-30 -1e-30 0.0 1e-30 -1e-30 0.0 1e-30 -1e-30 0.0 1e-30 -1e-30 0.0 1e-30 -1e-30 0.0 1e-30 -1e-30 0.0 1e-30 -1e-30 0.0 1e-30 -1e-30 0.0 1e-30 -1e-30 0.0 1e-30 -1e-30 0.0 1e-30 -1e-30 0.0 1e-30 -1e-30 0.0 1e-30 -1e-30 0.0 1e-30 -1e-30 0.0 1e-30 -1e-30 0.0 1e-30 -1e-30 0.0 1e-30 -1e-30 0.0 1e-30 -1e-30 0.0 1e-30 -1e-30 0.0 1e-30 -1e-30 0.0 1e-30 -1e-30 0.0 1e-30 -1e-30 0.0 1e-30 -1e-30 0.0 1e-30 -1e-30 0.0 1e-30 -1e-30 0.0 1e-30 -1e-30 0.0 1e-30 -1e-30 0.0 1e-30 -1e-30 0.0 1e-30 -1e-30 0.0 1e-30 -1e-30 0.0 1e-30 -1e-30 0.0 1e-30 -1e-30 0.0 1e-30 -1e-30 0.0 1e-30 -1e-30 0.0 1e-30 -1e-30 0.0 1e-30 -1e-30 0.0 1e-30 -1e-30 0.0 1e-30 -1e-30 0.0 1e-30 -1e-30 0.0 1e-30 -1e-30 0.0 1e-30 -1e-30 0.0 1e-30 -1e-30 0.0 1e-30 -1e-30 0.0 1e-30 -1e-30 0.0 1e-30 -1e-30 0.0 1e-30 -1e-30 0.0 1e-30 -1e-30 0.0 1e-30 -1e-30 0.0 1e-30 -1e-30 0.0 1e-30 -1e-30 0.0 1e-30 -1e-30 0.0 1e-30 -1e-30 0.0 1e-30 -1e-30 0.0 0.0 -1e-30 0.0 1e-30 -1e-30 0.0 1e-30 -1e-30 0.0 1e-30 -1e-30 0.0 1e-30 -1e-30 0.0 1e-30 -1e-30 0.0 1e-30 -1e-30 0.0 1e-30 -1e-30 0.0 1e-30 -1e-30 0.0 1e-30 -1e-30 0.0 1e-30 -1e-30 0.0 1e-30 -1e-30 0.0 1e-30 -1e-30 0.0 1e-30 -1e-30 0.0 1e-30 -1e-30 0.0 1e-30 -1e-30 0.0 1e-30 -1e-30 0.0 1e-30 -1e-30 0.0 1e-30 -1e-30 0.0 1e-30 -1e-30 0.0 1e-30 -1e-30 0.0 1e-30 -1e-30 0.0 1e-30 -1e-30 0.0 1e-30 -1e-30 0.0 1e-30 -1e-30 0.0 1e-30 -1e-30 0.0 1e-30 -1e-30 0.0 1e-30 -1e-30 0.0 1e-30 -1e-30 0.0 1e-30 -1e-30 0.0 1e-30 -1e-30 0.0 1e-30 -1e-30 0.0 1e-30 -1e-30 0.0 1e-30 -1e-30 0.0 1e-30 -1e-30 0.0 1e-30 -1e-30 0.0 1e-30 -1e-30 0.0 1e-30 -1e-30 0.0 1e-30 -1e-30 0.0 1e-30 -1e-30 0.0 1e-30 -1e-30 0.0 1e-30 -1e-30 0.0 1e-30 -1e-30 0.0 1e-30 -1e-30 0.0 1e-30 -1e-30 0.0 1e-30 -1e-30 0.0 1e-30 -1e-30 0.0 1e-30 -1e-30 0.0 1e-30 -1e-30 0.0 1e-30 -1e-30 0.0 1e-30 -1e-30 0.0 1e-30 -1e-30 0.0 1e-30 -1e-30 0.0 1e-30 -1e-30 0.0 1e-30 -1e-30 0.0 1e-30 -1e-30 0.0 1e-30 -1e-30 0.0 1e-30 -1e-30 0.0 1e-30 -1e-30 0.0 1e-30 -1e-30 0.0 1e-30 -1e-30 0.0 1e-30 -1e-30 0.0 1e-30 -1e-30 0.0 1e-30 -1e-30 0.0 1e-30 -1e-30 0.0 1e-30 -1e-30 0.0 1e-30 -1e-30 0.0 1e-30 -1e-30 0.0 1e-30 -1e-30 0.0 1e-30 -1e-30 0.0 1e-30 -1e-30 0.0 1e-30 -1e-30 0.0 1e-30 -1e-30 0.0 1e-30 -1e-30 0.0 1e-30 -1e-30 0.0 1e-30 -1e-30 0.0 1e-30 -1e-30 0.0 1e-30 -1e-30 0.0 1e-30 -1e-30 0.0 1e-30 -1e-30 0.0 1e-30 -1e-30 0.0 1e-30 -1e-30 0.0 1e-30 -1e-30 0.0 1e-30 -1e-30 0.0 1e-30 -1e-30 0.0 1e-30 -1e-30 0.0 1e-30 -1e-30 0.0 1e-30 -1e-30 0.0 1e-30 -1e-30 0.0 1e-30 -1e-30 0.0 1e-30 -1e-30 0.0 1e-30 -1e-30 0.0 1e-30 -1e-30 0.0 1e-30 -1e-30 0.0 1e-30 -1e-30 0.0 1e-30 -1e-30 0.0 1e-30 -1e-30 0.0 1e-30 -1e-30 0.0 1e-30 -1e-30 0.0 1e-30 -1e-30 0.0 1e-30 -1e-30 0.0 1e-30 -1e-30 0.0 1e-30 -1e-30 0.0 1e-30 -1e-30 0.0 1e-30 -1e-30 0.0 1e-30 -1e-30 0.0 1e-30 -1e-30 0.0 1e-30 -1e-30 0.0 1e-30 -1e-30 0.0 1e-30 -1e-30 0.0 1e-30 -1e-30 0.0 1e-30 -1e-30 0.0 1e-30 -1e-30 0.0 1e-30 -1e-30 0.0 1e-30 -1e-30 0.0 1e-30 -1e-30 0.0 1e-30 -1e-30 0.0 1e-30 -1e-30 0.0 1e-30 -1e-30 0.0 1e-30 -1e-30 0.0 1e-30 -1e-30 0.0 1e-30 -1e-30 0.0 1e-30 -1e-30 0.0 1e-30 -1e-30 0.0 1e-30 -1e-30 0.0 1e-30 -1e-30 0.0 1e-30 -1e-30 0.0 1e-30 -1e-30 0.0 1e-30 -1e-30 0.0 1e-30 -1e-30 0.0 1e-30 -1e-30 0.0 1e-30 -1e-30 0.0 1e-30 -1e-30 0.0 1e-30 -1e-30 0.0 1e-30 -1e-30 0.0 1e-30 -1e-30 0.0 1e-30 -1e-30 0.0 1e-30 -1e-30 0.0 1e-30 -1e-30 0.0 1e-30 -1e-30 0.0 1e-30 -1e-30 0.0 1e-30 -1e-30 0.0 1e-30 -1e-30 0.0 1e-30 -1e-30 0.0 1e-30 -1e-30 0.0 1e-30 -1e-30 0.0 1e-30 -1e-30 0.0 1e-30 -1e-30 0.0 1e-30 -1e-30 0.0 1e-30 -1e-30 0.0 1e-30 -1e-30 0.0 1e-30 -1e-30 0.0 1e-30 -1e-30 0.0 1e-30 -1e-30 0.0 1e-30 -1e-30 0.0 1e-30 -1e-30 0.0 1e-30 -1e-30 0.0 1e-30 -1e-30 0.0 1e-30 -1e-30 0.0 1e-30 -1e-30 0.0 1e-30 -1e-30 0.0 1e-30 -1e-30 0.0 1e-30 -1e-30 0.0 1e-30 -1e-30 0.0 1e-30 -1e-30 0.0 1e-30 -1e-30 0.0 1e-30 -1e-30 0.0 1e-30 -1e-30 0.0 1e-30 -1e-30 0.0 1e-30 -1e-30 0.0 1e-30 -1e-30 0.0 1e-30 -1e-30 0.0 1e-30 -1e-30 0.0 1e-30 -1e-30 0.0 1e-30 -1e-30 0.0 1e-30 -1e-30 0.0 1e-30 -1e-30 0.0 1e-30 -1e-30 0.0 1e-30 -1e-30 0.0 1e-30 -1e-30 0.0 1e-30 -1e-30 0.0 1e-30 -1e-30 0.0 1e-30 -1e-30 0.0 1e-30 -1e-30 0.0 1e-30 -1e-30 0.0 1e-30 -1e-30 0.0 1e-30 -1e-30 0.0 1e-30 -1e-30 0.0 1e-30 -1e-30 0.0 1e-30 -1e-30 0.0 1e-30 -1e-30 0.0 1e-30 -1e-30 0.0 1e-30 -1e-30 0.0 1e-30 -1e-30 0.0 1e-30 -1e-30 0.0 1e-30 -1e-30 0.0 1e-30 -1e-30 0.0 1e-30 -1e-30 0.0 1e-30 -1e-30 0.0 1e-30 -1e-30 0.0 1e-30 -1e-30 0.0 1e-30 -1e-30 0.0 1e-30 -1e-30 0.0 1e-30 -1e-30 0.0 1e-30 -1e-30 0.0 1e-30 -1e-30 0.0 1e-30 -1e-30 0.0 1e-30 -1e-30 0.0 1e-30 -1e-30 0.0 1e-30 -1e-30 0.0 1e-30 -1e-30 0.0 1e-30 -1e-30 0.0 1e-30 -1e-30 0.0 1e-30 -1e-30 0.0 1e-30 -1e-30 0.0 1e-30 -1e-30 0.0 1e-30 -1e-30 0.0 1e-30 -1e-30 0.0 1e-30 -1e-30 0.0 1e-30 -1e-30 0.0 1e-30 -1e-30 0.0 1e-30 -1e-30 0.0 1e-30 -1e-30 0.0 1e-30 -1e-30 0.0 1e-30 -1e-30 0.0 1e-30 -1e-30 0.0 1e-30 -1e-30 0.0 1e-30 -1e-30 0.0 1e-30 -1e-30 0.0 1e-30 -1e-30 0.0 1e-30 -1e-30 0.0 1e-30 -1e-30 0.0 1e-30 -1e-30 0.0 1e-30 -1e-30 0.0 1e-30 -1e-30 0.0 1e-30 -1e-30 0.0 1e-30 -1e-30 0.0 1e-30 -1e-30 0.0 1e-30 -1e-30 0.0 1e-30 -1e-30 0.0 1e-30 -1e-30 0.0 1e-30 -1e-30 0.0 1e-30 -1e-30 0.0 1e-30 -1e-30 0.0 1e-30 -1e-30 0.0 1e-30 -1e-30 0.0 1e-30 -1e-30 0.0 1e-30 -1e-30 0.0 1e-30 -1e-30 0.0 1e-30 -1e-30 0.0 1e-30 -1e-30 0.0 1e-30 -1e-30 0.0 1e-30 -1e-30 0.0 1e-30 -1e-30 0.0 1e-30 -1e-30 0.0 1e-30 -1e-30 0.0 1e-30 -1e-30 0.0 1e-30 -1e-30 0.0 1e-30 -1e-30 0.0 1e-30 -1e-30 0.0 1e-30 -1e-30 0.0 1e-30 -1e-30 0.0 1e-30 -1e-30 0.0 1e-30 -1e-30 0.0 1e-30 -1e-30 0.0 1e-30 -1e-30 0.0 1e-30 -1e-30 0.0 1e-30 -1e-30 0.0 1e-30 -1e-30 0.0 1e-30 -1e-30 0.0 1e-30 -1e-30 0.0 1e-30 -1e-30 0.0 -1e-30 -1e-30 0.0 -1e-30 -1e-30 0.0 -1e-30 -1e-30 0.0 1e-30 -1e-30 0.0
    </DataArray>
    <DataArray type="Float32" Name="Ion diffusion flux Density [Am^-2]" NumberOfComponents="3" format="ascii">
-6.710868714699391e+20 6.242220437991984e+21 0.0 -4.5065444256366886e+21 2.690450595813375e+21 0.0 -1.394986228830659e+22 -2.2164699994576645e+21 0.0 -2.5191704705224338e+22 -9.967282801500247e+21 0.0 -3.856676237698812e+22 -1.8075274314067955e+22 0.0 -5.7687822494809025e+22 -3.702474293834183e+22 0.0 -8.50187328066724e+22 -7.649145714969972e+22 0.0 -1.0910955000418598e+23 -1.2817876153326838e+23 0.0 -9.316721579675492e+22 -1.3745348930326686e+23 0.0 -3.994656308238363e+22 -7.619865452733082e+22 0.0 -1.8178527796285233e+22 -5.4535583388860756e+22 0.0 2.102119654197307e+20 2.5355624347822625e+21 0.0 -2.189733547352243e+21 1.729062323274744e+21 0.0 -7.930146853148288e+21 -1.2192171125430024e+21 0.0 -1.5681012467631206e+22 -7.091517298092279e+21 0.0 -2.572955540994547e+22 -1.4273191013435094e+22 0.0 -3.998934691097392e+22 -2.939173817956852e+22 0.0 -5.875876492697312e+22 -5.765329885567673e+22 0.0 -7.195396106160717e+22 -8.89882016243152e+22 0.0 -5.803041692320021e+22 -8.811168386253649e+22 0.0 -2.401993232483701e+22 -4.547547442551197e+22 0.0 -6.384414775903968e+21 -3.1922073879520737e+22 0.0 -1.2032654094133507e+20 5.7831479502572624e+20 0.0 -1.6980980574249075e+21 5.7319377572136236e+20 0.0 -6.272367325350668e+21 -8.261167613054655e+20 0.0 -1.3110867026072308e+22 -4.496947745692439e+21 0.0 -2.2923005550789963e+22 -9.980858941984507e+21 0.0 -3.57208553450193e+22 -1.958896999473292e+22 0.0 -4.877000496010534e+22 -3.35290292712242e+22 0.0 -5.206946754361043e+22 -4.306079213985554e+22 0.0 -3.604119102882569e+22 -3.58756883746067e+22 0.0 -1.2715097494595456e+22 -1.517841887665887e+22 0.0 -1.0790645788986713e+21 -5.39532289449287e+21 0.0 -9.662632413672397e+19 2.6547350900720456e+19 0.0 -5.451879660706669e+20 1.5107363030507124e+20 0.0 -2.3537481803856423e+21 -2.935690037168934e+20 0.0 -5.420139568992456e+21 -1.8345197935881358e+21 0.0 -1.0057531832702884e+22 -4.3081346607488696e+21 0.0 -1.572025637032487e+22 -7.764687577148719e+21 0.0 -2.0000551581398222e+22 -1.1271084293022416e+22 0.0 -1.8923439601084516e+22 -1.1989252326294248e+22 0.0 -1.1907178526984687e+22 -8.482362889687603e+21 0.0 -3.8553836239348323e+21 -2.1620209797754132e+21 0.0 6.767318047854136e+20 3.383659023927604e+21 0.0 -4.888425215069706e+19 -4.017405416864943e+19 0.0 -1.4238880840196484e+20 4.287217707717834e+19 0.0 -6.168776207621823e+20 -3.234819657840322e+19 0.0 -1.4662911305633363e+21 -4.8611229427378435e+20 0.0 -2.6593981416832374e+21 -1.2189448836353404e+21 0.0 -3.981154576017307e+21 -2.0169405458557703e+21 0.0 -4.715637003469988e+21 -2.5173406532480947e+21 0.0 -4.1779651094928053e+21 -2.3007518982953716e+21 0.0 -2.618930524172852e+21 -1.342518885382304e+21 0.0 -7.070676359392956e+20 4.642261784973711e+20 0.0 6.643634731133016e+20 3.3218173655668317e+21 0.0 -2.3973067538893365e+19 -2.9804893269678154e+19 0.0 -4.2856676090739606e+19 1.3760871686773959e+19 0.0 -1.5872953596688758e+20 2.1734586676725953e+19 0.0 -3.6322805949088065e+20 -7.893113067659044e+19 0.0 -5.860665363400438e+20 -2.5786541241363946e+20 0.0 -7.746511175667454e+20 -4.313642282886293e+20 0.0 -8.425379900961687e+20 -4.9992027726668327e+20 0.0 -7.254052897425985e+20 -3.9950699411734954e+20 0.0 -4.493030118968359e+20 -1.1556667097981603e+20 0.0 -4.980402479271857e+18 5.283463659607771e+20 0.0 3.836036713665633e+20 1.918018356832923e+21 0.0 -1.215542464818544e+19 -1.6915136609440483e+19 0.0 -1.6057409257254097e+19 4.5992321556728115e+18 0.0 -4.839618165541767e+19 1.8397151678291857e+19 0.0 -1.0828513072533094e+20 1.4837954080434883e+18 0.0 -1.642052361019624e+20 -4.111309578308308e+19 0.0 -1.9129214367276306e+20 -8.649437796568385e+19 0.0 -1.8056281146357232e+20 -1.017193099056027e+20 0.0 -1.3389968508322469e+20 -6.46916778085317e+19 0.0 -5.793042566913618e+19 4.162949391947216e+19 0.0 7.666734937980415e+19 3.068610758841175e+20 0.0 1.9003179544494332e+20 9.5015897722476e+20 0.0 -6.412993243108674e+18 -9.012981380505366e+18 0.0 -7.122122381112847e+18 1.6133783063277798e+18 0.0 -1.7454260038879558e+19 1.0608826286666508e+19 0.0 -3.807651540071338e+19 1.0851165604587233e+19 0.0 -5.86851877420448e+19 2.7001584991080955e+18 0.0 -6.725848060531923e+19 -9.10733397567282e+18 0.0 -5.895243515125019e+19 -1.3465308575258595e+19 0.0 -3.6810982135698817e+19 -4.185895252289363e+17 0.0 -4.661835336036143e+18 4.2632512399325766e+19 0.0 4.993119070730146e+19 1.5901248815387266e+20 0.0 9.233269689543967e+19 4.616634844772334e+20 0.0 -3.5114764455311724e+18 -4.732303312939901e+18 0.0 -3.5288429251463956e+18 6.244023206555692e+17 0.0 -7.19890833946606e+18 5.750525301127346e+18 0.0 -1.48430509827693e+19 8.400163780723541e+18 0.0 -2.3257304308560863e+19 8.641271081664695e+18 0.0 -2.7575693798392193e+19 6.790867811318322e+18 0.0 -2.468045769347478e+19 6.118338878486067e+18 0.0 -1.502670570737029e+19 1.1127518765897744e+19 0.0 7.65873742424959e+17 3.0188590830604243e+19 0.0 2.7572797895792894e+19 8.382621430904236e+19 0.0 4.626096570839494e+19 2.3130482854199014e+20 0.0 -1.9918614576752284e+18 -2.479028773713967e+18 0.0 -1.8773458026503951e+18 2.7966573141113898e+17 0.0 -3.3049015505900237e+18 3.138180817751265e+18 0.0 -6.322139594738988e+18 5.365809688322054e+18 0.0 -9.79581817894822e+18 7.092354849165937e+18 0.0 -1.186573241614746e+19 7.919192089122804e+18 0.0 -1.0851161040003981e+19 8.664155970119555e+18 0.0 -6.242163328341924e+18 1.145140676604029e+19 0.0 2.6524626014006856e+18 2.122229775316748e+19 0.0 1.6036053823876157e+19 4.632921563455552e+19 0.0 2.4005176263846216e+19 1.2002588131924245e+20 0.0 -1.1716609727933005e+18 -1.2760235563415503e+18 0.0 -1.0435272551416026e+18 1.5635650304043232e+17 0.0 -1.6558002674981007e+18 1.7450106993970345e+18 0.0 -2.9446014262512307e+18 3.2536666650364897e+18 0.0 -4.402437416534027e+18 4.860660088420775e+18 0.0 -5.204909931800707e+18 6.222530550786008e+18 0.0 -4.435749061461545e+18 7.514086562536144e+18 0.0 -1.4270486956327997e+18 9.91563740715603e+18 0.0 3.886430722095777e+18 1.5140761313711004e+19 0.0 9.65703757461902e+18 2.634790315414333e+19 0.0 1.2836092280900393e+19 6.418046140451056e+19 0.0 -7.11906400795546e+17 -5.954937635425464e+17 0.0 -6.08427621540113e+17 1.0644613150207328e+17 0.0 -8.984093029254565e+17 9.806618707474125e+17 0.0 -1.4652913976680008e+18 1.9732182406582856e+18 0.0 -2.030598950287524e+18 3.2453593018786816e+18 0.0 -2.095410014930327e+18 4.643255128572571e+18 0.0 -1.2254883854669937e+18 6.156860478696902e+18 0.0 9.607685668871338e+17 8.120747010013021e+18 0.0 3.584048348049167e+18 1.0376848992332855e+19 0.0 5.742891971935457e+18 1.5130109139271981e+19 0.0 7.087371127492488e+18 3.5436855637467787e+19 0.0 -4.494645199551986e+17 -2.1856700744363523e+17 0.0 -4.24225604840871e+17 7.459547189439637e+16 0.0 -6.632687800019818e+17 5.30965321602308e+17 0.0 -9.882759889848582e+17 1.1664441462926308e+18 0.0 -1.058182951828428e+18 2.2089229212674563e+18 0.0 -1.8287356644245094e+17 3.6429329504326313e+18 0.0 1.5205152211166102e+17 4.820937071066003e+18 0.0 1.4740636243151703e+18 6.086028320509043e+18 0.0 2.581999322267869e+18 6.857516670111528e+18 0.0 3.454022906695396e+18 8.961055713856239e+18 0.0 4.077025921203083e+18 2.038512960601815e+19 0.0 -2.3444937605702384e+17 -1.006643709626622e+17 0.0 -2.6176590117332954e+17 3794801716037452.0 0.0 -4.441257924628628e+17 2.4873161402721302e+17 0.0 -6.712123235096836e+17 8.061717845735744e+17 0.0 -7.214794570180923e+17 2.0189901462032474e+18 0.0 -7.02161148839581e+17 2.4968335464927176e+18 0.0 -4.43828261428963e+17 2.9864766714027863e+18 0.0 1.1101908999876883e+18 4.371846337479831e+18 0.0 3.117840144517857e+18 5.035143202194966e+18 0.0 2.202162748565178e+18 5.498282259783312e+18 0.0 2.431668451839024e+18 1.2158342259196539e+19 0.0 -7.1395858087608104e+16 -5.30525204308966e+16 0.0 -7.686859052440157e+16 5400437219466880.0 0.0 -1.3226416817351038e+17 1.1286541086776698e+17 0.0 -2.876604703378589e+17 3.2511632321170534e+17 0.0 -6.119000174326875e+17 7.525252861351564e+17 0.0 -1.2136109107128364e+18 1.4520415605273894e+18 0.0 -6.38164825238434e+17 2.928724710970016e+18 0.0 3.240292681654289e+17 4.573979060051237e+18 0.0 8.784255202769312e+17 3.1994558437705257e+18 0.0 8.473993734833929e+17 2.3801808917484723e+18 0.0 1.4726255223441915e+18 7.36312761172231e+18 0.0 -2.7470180453662644e+16 -3.733057012923671e+16 0.0 -2.3689019734636148e+16 2956420796878025.0 0.0 -3.0139873115946236e+16 6.607523215601966e+16 0.0 -5.131851999527919e+16 1.9511073114533395e+17 0.0 -9.21525754484616e+16 4.723021143385255e+17 0.0 -1.488661439911959e+17 9.748478500876657e+17 0.0 -2.1723079508281142e+17 1.6759914541777928e+18 0.0 -4.154933079167699e+17 2.2876967951168323e+18 0.0 -8.160155481373088e+17 2.428948045850142e+18 0.0 7.954999788843398e+17 2.879716104693037e+18 0.0 1.0858547912583421e+18 5.42927395629304e+18 0.0 -1.293973867054146e+16 -2.6879077788084996e+16 0.0 -7238471564356786.0 2729837498133624.0 0.0 -133204688467333.38 4.6937618544769816e+16 0.0 1.2783233195986356e+16 1.3689534144199962e+17 0.0 4.303845775768572e+16 3.367912662096957e+17 0.0 1.1059648446850405e+17 7.124885955794753e+17 0.0 2.2638348587444125e+17 1.2628805363320443e+18 0.0 3.772450184671331e+17 1.8405094437734766e+18 0.0 5.3706416070066464e+17 2.2014432439724908e+18 0.0 6.795380834168941e+17 2.1997332059531167e+18 0.0 7.95218343684238e+17 3.9760917184220186e+18 0.0 -7655704196090835.0 -2.045696828320745e+16 0.0 -2717369611504369.5 2351298480565755.5 0.0 5919593756467702.0 3.5684429230105376e+16 0.0 2.229448253690056e+16 1.0132679596684981e+17 0.0 5.868484776143239e+16 2.4721524583476685e+17 0.0 1.31304351721125e+17 5.262118106637171e+17 0.0 2.4895003613905078e+17 9.436299088883621e+17 0.0 3.908606360274312e+17 1.3917246291287e+18 0.0 5.042245244744253e+17 1.671645466291709e+18 0.0 5.296925466766971e+17 1.6438552916733468e+18 0.0 5.890449948424072e+17 2.945224974212558e+18 0.0 -5343907531826226.0 -1.634612527021918e+16 0.0 -1341810422360505.2 1842506616490163.0 0.0 6014577709503493.0 2.7514009964246336e+16 0.0 1.9489119130087916e+16 7.661056773761774e+16 0.0 4.975924180007537e+16 1.8576797907451654e+17 0.0 1.0981453560665973e+17 3.960302169993956e+17 0.0 2.0457779669388243e+17 7.135519065477219e+17 0.0 3.154116626955094e+17 1.0586340789020352e+18 0.0 3.976789415396112e+17 1.276049421584342e+18 0.0 4.077308278725407e+17 1.2527651986071165e+18 0.0 4.4767074143011245e+17 2.238353707150948e+18 0.0 -4077825512120865.5 -1.3469156638705632e+16 0.0 -794533249949203.5 1395436475529864.8 0.0 5215552709929248.0 2.1658459791321724e+16 0.0 1.5996421480433698e+16 5.941544960739015e+16 0.0 4.011317555293333e+16 1.432462860808527e+17 0.0 8.794463272380096e+16 3.0556156192283283e+17 0.0 1.6328922346304506e+17 5.5253773285223155e+17 0.0 2.508849683402215e+17 8.237696194932049e+17 0.0 3.1437487719345856e+17 9.968384220064221e+17 0.0 3.1983301842752474e+17 9.789102894310927e+17 0.0 3.492928859701615e+17 1.74646442985101e+18 0.0 -3267542843907107.0 -1.131918189836408e+16 0.0 -520168109367488.75 1068825985739453.0 0.0 4450280529683520.0 1.745290161123621e+16 0.0 1.3181777921467628e+16 4.725861146265392e+16 0.0 3.2627716271307916e+16 1.1329582247993182e+17 0.0 7.115615026226749e+16 2.416928660144019e+17 0.0 1.3189723337826458e+17 4.384163301038457e+17 0.0 2.0253788860806838e+17 6.564298809200663e+17 0.0 2.5328569793871274e+17 7.973050207839319e+17 0.0 2.5660458268995523e+17 7.83538431662403e+17 0.0 2.7929394875912394e+17 1.396469743796018e+18 0.0 -2694395741167167.0 -9658039755192120.0 0.0 -358654131830048.44 840260881946355.9 0.0 3816779577717949.0 1.4372643548503552e+16 0.0 1.1007270057785446e+16 3.845800260742463e+16 0.0 2.6962125281929788e+16 9.1706751616789e+16 0.0 5.857943169728732e+16 1.9561913495156893e+17 0.0 1.0849645856308416e+17 3.558109774616102e+17 0.0 1.665873485915331e+17 5.348001742116678e+17 0.0 2.082209709486429e+17 6.518855172889262e+17 0.0 2.1035589988533552e+17 6.412136422685128e+17 0.0 2.2838884119084448e+17 1.1419442059546243e+18 0.0 -2266512014665685.0 -8348952136099470.0 0.0 -253053227029457.34 681210652611354.4 0.0 3308473861373857.5 1.2071869641095746e+16 0.0 9333566542630330.0 3.1951614795018148e+16 0.0 2.266244465880917e+16 7.581269955789541e+16 0.0 4.9089110716514456e+16 1.6167917152035584e+17 0.0 9.088235744834693e+16 2.9477964852887264e+17 0.0 1.3958896689342934e+17 4.446314318457414e+17 0.0 1.7448208044027194e+17 5.4380057244593946e+17 0.0 1.7590175503451738e+17 5.3544772498637466e+17 0.0 1.9061405355024486e+17 9.530702677514957e+17 0.0 -1936299225667467.0 -7303432571951853.0 0.0 -179248033998928.25 569436487121725.2 0.0 2902622229901319.0 1.0322250207552732e+16 0.0 8035900850978124.0 2.704861001911122e+16 0.0 1.936193566979049e+16 6.38820367546114e+16 0.0 4.183332203435178e+16 1.3619305599900738e+17 0.0 7.743747699081856e+16 2.4883505318177322e+17 0.0 1.1901498928907467e+17 3.765457160576088e+17 0.0 1.4881577399926077e+17 4.619846163251566e+17 0.0 1.4978537307009875e+17 4.553935275993253e+17 0.0 1.6205718296596634e+17 8.10285914830075e+17 0.0 -1675125077961694.0 -6460008313341956.0 0.0 -125502043784497.95 489419951466162.5 0.0 2577242358323986.5 8969672919711047.0 0.0 7018580350693818.0 2.3289250699207204e+16 0.0 1.679551697628179e+16 5.476783459430326e+16 0.0 3.62089851542311e+16 1.1671958999964195e+17 0.0 6.702762670490074e+16 2.136540946240368e+17 0.0 1.0310342141170437e+17 3.242665439241635e+17 0.0 1.2898566783150189e+17 3.99014376217894e+17 0.0 1.2966566484832328e+17 3.937772582315238e+17 0.0 1.4009982356155062e+17 7.004991178078081e+17 0.0 -259653223476939.3 -3966389660547049.0 0.0 -228953583989236.6 458575238166582.75 0.0 -321650792122583.3 7136840477809341.0 0.0 -575284040752958.0 1.829083807244278e+16 0.0 -1123529657667944.5 4.276932851428704e+16 0.0 -2077030867977986.8 9.100781235423707e+16 0.0 -3241260559218878.5 1.666797488335225e+17 0.0 -3880938112385085.5 2.533023634520804e+17 0.0 -3162653841247222.5 3.119974942322006e+17 0.0 -1276542892043985.2 3.076499502000559e+17 0.0 0.0 8.606895428760979e+17 0.0 750813577665592.1 -5035480110502534.0 0.0 -357199585415110.9 523132393962275.94 0.0 -2672619589818087.0 7254966325750093.0 0.0 -6580499709406597.0 1.838759153090653e+16 0.0 -1.5139119708989518e+16 4.2783827927901e+16 0.0 -3.1931756304364776e+16 9.092398764596709e+16 0.0 -5.808971160659569e+16 1.6663774643862032e+17 0.0 -8.759542428573288e+16 2.5359426245852794e+17 0.0 -1.0676274377631776e+17 3.127307195465791e+17 0.0 -1.0378531473867618e+17 3.082576803648447e+17 0.0 -1.0938316834645966e+17 5.4691584173247315e+17 0.0 708036229239602.5 -4601746035936782.0 0.0 -300553537555119.3 462465261891093.7 0.0 -2382373463867052.5 6536408532380158.0 0.0 -5848423122054664.0 1.6468837704578116e+16 0.0 -1.3430889702128678e+16 3.8206524366866664e+16 0.0 -2.8348068980026908e+16 8.118408064162917e+16 0.0 -5.169698443631129e+16 1.490236609058883e+17 0.0 -7.82345751740156e+16 2.2735630664997674e+17 0.0 -9.573517573774928e+16 2.8111994620371776e+17 0.0 -9.335071202512602e+16 2.7752385102310125e+17 0.0 -9.85041127965231e+16 4.925205639827684e+17 0.0 670444687984835.6 -4237262745634251.0 0.0 -257512096771329.28 415491466236523.4 0.0 -2148997432501900.8 5952660944235584.0 0.0 -5262155320449130.0 1.4920387933806192e+16 0.0 -1.2064825526685074e+16 3.452153879560072e+16 0.0 -2.547910484543655e+16 7.33417099378079e+16 0.0 -4.656616037124423e+16 1.3481842130644035e+17 0.0 -7.069501685355785e+16 2.0614804446121706e+17 0.0 -8.682032723937571e+16 2.5551242455365654e+17 0.0 -8.489535224786699e+16 2.526067078825874e+17 0.0 -8.96866838108472e+16 4.484334190544661e+17 0.0 638167427262711.6 -3932947724514370.5 0.0 -224633611922402.47 378687773601481.2 0.0 -1959599318314169.0 5474702046209760.0 0.0 -4787356687875563.0 1.3657797554044558e+16 0.0 -1.096004035241886e+16 3.1523758234308584e+16 0.0 -2.315673015842156e+16 6.696095472065987e+16 0.0 -4.240346464618801e+16 1.2324417365199763e+17 0.0 -6.455907873738858e+16 1.8883285502793648e+17 0.0 -7.954109517537131e+16 2.3456349641389827e+17 0.0 -7.79762982801631e+16 2.322064773113434e+17 0.0 -8.246919916474845e+16 4.123459958237827e+17 0.0 610388909776246.0 -3677453727143454.5 0.0 -198334107130692.66 349134685468065.75 0.0 -1804374798408354.8 5079878274416445.0 0.0 -4398978593477943.5 1.2618796978556064e+16 0.0 -1.0057504352487628e+16 2.906201674071721e+16 0.0 -2.125838022775992e+16 6.172098480476807e+16 0.0 -3.8993643086527336e+16 1.1372722092497586e+17 0.0 -5.951905295399609e+16 1.7456950526464522e+17 0.0 -7.354427310235864e+16 2.1727540294286272e+17 0.0 -7.226485183377242e+16 2.1535840019012976e+17 0.0 -7.65093142323415e+16 3.825465711619389e+17 0.0 586428880056766.2 -3461855121823309.0 0.0 -177065131304260.16 325101201083067.06 0.0 -1676045910686097.2 4751171777142332.0 0.0 -4078470284070614.0 1.1756819988408938e+16 0.0 -9313559637124366.0 2.7023558044936052e+16 0.0 -1.9692857211557696e+16 5.738218932660142e+16 0.0 -3.617662005405059e+16 1.0583838191584042e+17 0.0 -5.534507313932407e+16 1.6272694751123792e+17 0.0 -6.8564810735573256e+16 2.02897835786734e+17 0.0 -6.751377262507898e+16 2.0133667423889994e+17 0.0 -7.154969608342272e+16 3.5774848041739034e+17 0.0 565724150555703.1 -3279087874642597.5 0.0 -159691919364892.56 305338497544755.75 0.0 -1569134893036623.0 4475633863401139.5 0.0 -3811901682677756.0 1.103659026035069e+16 0.0 -8695495354533578.0 2.532325783831199e+16 0.0 -1.839167045013402e+16 5.3763397121111384e+16 0.0 -3.3831744695154196e+16 9.925241118630934e+16 0.0 -5.1863209007061304e+16 1.5282585744411715e+17 0.0 -6.440131199707412e+16 1.9085953887420608e+17 0.0 -6.353476452864871e+16 1.8958840656441747e+17 0.0 -6.739445102744753e+16 3.3697225513748595e+17 0.0 547809072125591.9 -3123526912530081.0 0.0 -145370929000268.22 288930807485816.7 0.0 -1479466567601239.5 4243295248189465.0 0.0 -3588678884365142.5 1.0431063475706266e+16 0.0 -8178466342989933.0 2.3896005102642116e+16 0.0 -1.7302823656344578e+16 5.072601438666703e+16 0.0 -3.186699135535638e+16 9.37199923599111e+16 0.0 -4.894028697711265e+16 1.4449791455730886e+17 0.0 -6.089897078185564e+16 1.807205556862568e+17 0.0 -6.018276897595981e+16 1.7968753043093453e+17 0.0 -6.389270694987741e+16 3.1946353474960845e+17 0.0 532298060260903.44 -2990665941425604.5 0.0 -133466925257448.03 275196075616992.88 0.0 -1403821562793626.0 4046396805125381.0 0.0 -3400650717476361.5 9919277137254448.0 0.0 -7743380178013678.0 2.269144210943989e+16 0.0 -1.6386315603740768e+16 4.816282245713029e+16 0.0 -3.0211375391181084e+16 8.904792798402157e+16 0.0 -4.647321925822156e+16 1.3745705185143349e+17 0.0 -5.7937515176670184e+16 1.721384414652231e+17 0.0 -5.734483977216432e+16 1.7130219482605574e+17 0.0 -6.092700769251446e+16 3.0463503846271194e+17 0.0 518871009257178.3 -2876873879101826.5 0.0 -123495783019897.3 263618802021792.25 0.0 -1339690979763721.2 3878839248566129.0 0.0 -3241477974558971.0 9484818060256930.0 0.0 -7375406820113390.0 2.167022292765235e+16 0.0 -1.5611045499762058e+16 4.5990031745553064e+16 0.0 -2.880957330125266e+16 8.50850060846802e+16 0.0 -4.4381400557384344e+16 1.3147889129298384e+17 0.0 -5.5422582481967816e+16 1.6484404458909002e+17 0.0 -5.493217439410097e+16 1.6417139262287725e+17 0.0 -5.84050045863969e+16 2.920250229321107e+17 0.0 507261473217508.8 -2779208725528486.5 0.0 -115084404121125.25 253803990925014.7 0.0 -1285100480264952.8 3735784512208070.0 0.0 -3106182082139411.5 9114716326831906.0 0.0 -7062913310996514.0 2.080131845612109e+16 0.0 -1.4952597128131788e+16 4.4141554429473304e+16 0.0 -2.7618057443127284e+16 8.171179253858616e+16 0.0 -4.260122239058131e+16 1.2638585490317078e+17 0.0 -5.327947206681424e+16 1.58623936520377e+17 0.0 -5.287433184655823e+16 1.5808800460921286e+17 0.0 -5.625343523494805e+16 2.8126717617500902e+17 0.0 497247223381040.0 -2695274719999915.0 0.0 -107942226067262.64 245445124481996.94 0.0 -1238482586114132.8 3613363665947571.5 0.0 -2990818142593543.0 8798637677742761.0 0.0 -6796692842131663.0 2.006005245554682e+16 0.0 -1.4391632851940006e+16 4.256482833577587e+16 0.0 -2.6602285838178796e+16 7.88331742414508e+16 0.0 -4.108206923676574e+16 1.220362629111734e+17 0.0 -5.144856840787725e+16 1.53307521207254e+17 0.0 -5.111498904833699e+16 1.528863577753418e+17 0.0 -5.441370947586593e+16 2.720685473795897e+17 0.0 488642735075780.25 -2623112177218966.0 0.0 -101840254763440.05 238301435430126.28 0.0 -1198582910807644.8 3508460583850498.0 0.0 -2892235345903811.0 8528287407362942.0 0.0 -6569400434762471.0 1.9426654689883044e+16 0.0 -1.3912716454355064e+16 4.1217738981202696e+16 0.0 -2.5734636500818816e+16 7.63728536712218e+16 0.0 -3.978336487241806e+16 1.1831626719475725e+17 0.0 -4.988195261107485e+16 1.4875747859049344e+17 0.0 -4.9608793718276264e+16 1.4843299939804694e+17 0.0 -5.2838638829919224e+16 2.6419319414988717e+17 0.0 481292888009950.3 -2561110486997778.0 0.0 -96589947942608.31 232179716001618.78 0.0 -1164390436127097.2 3418549689139736.0 0.0 -2807899543916645.5 8296965973980808.0 0.0 -6375135479425686.0 1.8885184302693468e+16 0.0 -1.350344129787513e+16 4.0066328356704e+16 0.0 -2.49928735599461e+16 7.42692441175679e+16 0.0 -3.867237179836237e+16 1.151338244871969e+17 0.0 -4.854086948586402e+16 1.448626113174533e+17 0.0 -4.831900786060903e+16 1.4461978897828445e+17 0.0 -5.148998926049536e+16 2.5744994630259437e+17 0.0 475063625443999.6 -2507918710845455.5 0.0 -92054879922613.17 226930099453204.94 0.0 -1135075918619479.8 3341565194476223.0 0.0 -2735760584863769.5 8099234687436482.0 0.0 -6209129921329992.0 1.8422721326641916e+16 0.0 -1.315377844039159e+16 3.908307379427641e+16 0.0 -2.4358997645338656e+16 7.247238165532533e+16 0.0 -3.772253685083165e+16 1.1241415351567107e+17 0.0 -4.739381735111952e+16 1.415324430681706e+17 0.0 -4.721572765648938e+16 1.413586797258979e+17 0.0 -5.033663350996248e+16 2.5168316755004902e+17 0.0 469854886697071.1 -2462477195742079.5 0.0 -88126720450238.17 222439166976546.97 0.0 -1109969061210449.6 3275833516972725.5 0.0 -2674149771385679.5 7930654736419185.0 0.0 -6067513306138567.0 1.802875454183797e+16 0.0 -1.285558498717096e+16 3.824558448236789e+16 0.0 -2.381837697446175e+16 7.0941583250166856e+16 0.0 -3.6912237209914584e+16 1.1009628344023933e+17 0.0 -4.641509598337913e+16 1.3869310743489715e+17 0.0 -4.627452815345176e+16 1.385777451143419e+17 0.0 -4.93531449277919e+16 2.4676572463909363e+17 0.0 465579110283949.3 -2423884346439715.0 0.0 -84702480526181.67 218609545256189.3 0.0 -1088548009484935.1 3219986646996010.5 0.0 -2621706866550316.0 7787602752602576.0 0.0 -5947134366720203.0 1.7694714694591586e+16 0.0 -1.2602230468995914e+16 3.753560730826747e+16 0.0 -2.3359085735142732e+16 6.964365834053143e+16 0.0 -3.622382308426963e+16 1.0813041342442805e+17 0.0 -4.558369521519355e+16 1.362841978074065e+17 0.0 -4.547542436407264e+16 1.3621813286853806e+17 0.0 -4.851871993510238e+16 2.425935996757944e+17 0.0 462165634401794.6 -2391398438678077.5 0.0 -81697812423655.36 215343627381521.34 0.0 -1070371612774136.9 3172900725894014.0 0.0 -2577328637128885.0 7667142297164174.0 0.0 -5845424658490954.0 1.741361650243649e+16 0.0 -1.2388311101351692e+16 3.693826427575287e+16 0.0 -2.297139722152853e+16 6.85515354153251e+16 0.0 -3.564288264563133e+16 1.0647588161096018e+17 0.0 -4.488243953705847e+16 1.3425634061536808e+17 0.0 -4.4802070550896744e+16 1.3423171732680643e+17 0.0 -4.781634781132722e+16 2.390817390569984e+17 0.0 459558856655910.56 -2364412455881379.0 0.0 -79047288112628.83 212575377433359.5 0.0 -1055057887276158.9 3133651760883789.0 0.0 -2540111082511219.5 7566870131401537.0 0.0 -5760293809917303.0 1.7179782994303702e+16 0.0 -1.2209430196642242e+16 3.644146524263346e+16 0.0 -2.264739372408334e+16 6.764320317796993e+16 0.0 -3.5157675122226396e+16 1.0509959699082654e+17 0.0 -4.429732619783005e+16 1.3256931887995386e+17 0.0 -4.424114071928406e+16 1.3257928361206086e+17 0.0 -4.723216870332088e+16 2.361608435167957e+17 0.0 457716833862624.2 -2342434346913897.5 0.0 -76655929393608.06 210237543969237.8 0.0 -1042309097757117.5 3101495983019082.5 0.0 -2509320564143591.0 7484844632248601.0 0.0 -5690048817458303.0 1.6988632918536994e+16 0.0 -1.2062028944943812e+16 3.603545498827966e+16 0.0 -2.2380665544818116e+16 6.690089316082409e+16 0.0 -3.475869283502018e+16 1.039748280550421e+17 0.0 -4.381701419002577e+16 1.3119062041956402e+17 0.0 -4.378184875653407e+16 1.3122912086943589e+17 0.0 -4.67549765693634e+16 2.337748828469071e+17 0.0 456580024198682.94 -2324920443768981.5 0.0 -74495188176480.98 208291794559439.1 0.0 -1031870936889621.0 3075798584291240.0 0.0 -2484367140438103.5 7419517488960790.0 0.0 -5633331871641880.0 1.6836517129831546e+16 0.0 -1.194325606117804e+16 3.5712464630501344e+16 0.0 -2.2166078967954332e+16 6.631045020960491e+16 0.0 -3.4438322652233e+16 1.0308026726861867e+17 0.0 -4.343242933594955e+16 1.3009431674684366e+17 0.0 -4.341557808007959e+16 1.3015593724845547e+17 0.0 -4.637583559959507e+16 2.318791779980955e+17 0.0 456144800977547.94 -2311634596441580.0 0.0 -72606245510542.95 206730166790407.94 0.0 -1023557275994625.8 3056113147102241.5 0.0 -2464784067472443.5 7369681457425615.0 0.0 -5589072669110923.0 1.672059360652242e+16 0.0 -1.1850867854671404e+16 3.546644536194415e+16 0.0 -2.1999598330428932e+16 6.586085134226892e+16 0.0 -3.419058660859645e+16 1.0239931616359472e+17 0.0 -4.313645988572645e+16 1.2926020423978949e+17 0.0 -4.313559711390141e+16 1.2934002802333336e+17 0.0 -4.60877864372146e+16 2.3043893218623958e+17 0.0 456436065800175.56 -2302504199017583.5 0.0 -70935747233198.73 205518980516897.88 0.0 -1017231826822285.2 3042130836425741.5 0.0 -2450212200411580.5 7334431050072296.0 0.0 -5556452243288590.0 1.6638733537812956e+16 0.0 -1.1783152526229674e+16 3.529286841178924e+16 0.0 -2.1878151257576212e+16 6.554384405463822e+16 0.0 -3.4010945553560756e+16 1.0191954757276971e+17 0.0 -4.292372716440346e+16 1.2867315812129674e+17 0.0 -4.29368447929158e+16 1.2876664961762451e+17 0.0 -4.588562515779403e+16 2.2942812578907053e+17 0.0 457458657199919.75 -2297371195917588.5 0.0 -69412066899403.96 204622944601107.3 0.0 -1012781872023708.6 3033605114994435.5 0.0 -2440388368631493.0 7313133897273647.0 0.0 -5534876152174103.0 1.6589453009225182e+16 0.0 -1.173887418929848e+16 3.518857958665859e+16 0.0 -2.179952916741658e+16 6.535368326064533e+16 0.0 -3.3896154396920324e+16 1.0163231432088984e+17 0.0 -4.279041708063442e+16 1.2832266234655653e+17 0.0 -4.2815773902807336e+16 1.2842556433928965e+17 0.0 -4.576574261487431e+16 2.2882871307456883e+17 0.0 -2509046342663.646 -3214606056604240.5 0.0 -79009380671652.4 233430211692950.06 0.0 -1156118719718926.8 3463636407581016.0 0.0 -2785869394061604.0 8349612474479713.0 0.0 -6318487659320309.0 1.8940355058432948e+16 0.0 -1.340109466387188e+16 4.017536579837559e+16 0.0 -2.4887186130276092e+16 7.4616852856511e+16 0.0 -3.869900642075929e+16 1.1604111627778949e+17 0.0 -4.885632195897437e+16 1.4652058674850858e+17 0.0 -4.8888016173078e+16 1.466423829697764e+17 0.0 -8.002052694929906e+16 2.4006158084834784e+17 0.0
    </DataArray>
    <DataArray type="Float32" Name="Ion drift flux Density [Am^-2]" NumberOfComponents="3" format="ascii">
-1.1996622176369712e+30 5.808884316928352e+31 0.0 1.8718336084662787e+31 8.276726459765119e+31 0.0 4.281885328771775e+31 2.010428706793757e+32 0.0 6.591181703819806e+31 3.0345404148329567e+32 0.0 9.430625962548738e+31 4.172450989049289e+32 0.0 1.3549102117537896e+32 5.574368292807552e+32 0.0 2.0175349980622283e+32 7.339364014660558e+32 0.0 2.930844586012172e+32 9.174459077427378e+32 0.0 3.3706828755720025e+32 9.468779889603653e+32 0.0 2.5718344891718755e+32 7.101392630708613e+32 0.0 3.2678793706004856e+32 9.803638111802317e+32 0.0 4.9130596695299697e+30 2.7178691168803763e+31 0.0 1.046179768023395e+31 4.46091946037209e+31 0.0 2.5293867622964364e+31 1.1688501071976633e+32 0.0 4.062702484915654e+31 1.8561415066605884e+32 0.0 6.064681688209917e+31 2.643587188151566e+32 0.0 9.076801302323395e+31 3.623708058993325e+32 0.0 1.3885193062713595e+32 4.8474338558966255e+32 0.0 2.008612364588059e+32 6.071479396296825e+32 0.0 2.2741014118224972e+32 6.2783273105708096e+32 0.0 1.776256232068489e+32 4.886226137536846e+32 0.0 1.5419373662945206e+32 7.709686831473135e+32 0.0 1.8263048565070132e+30 1.0976195351833363e+31 0.0 2.4149233866446517e+30 1.4695623578600796e+31 0.0 5.29030075542216e+30 4.338638952964109e+31 0.0 9.715130568336078e+30 7.570533401923807e+31 0.0 1.8317670329091113e+31 1.1464308554701502e+32 0.0 3.5376219346783003e+31 1.6490165056154167e+32 0.0 6.5662347606267535e+31 2.2684557786123477e+32 0.0 1.0349711770319624e+32 2.851965336772928e+32 0.0 1.2242425628875279e+32 3.032113823639595e+32 0.0 1.026815142070505e+32 2.6060218056455223e+32 0.0 9.17102234596854e+31 4.585511172984493e+32 0.0 6.84271479159425e+29 4.2137897738935987e+30 0.0 7.210866635531688e+29 4.4143116359827997e+30 0.0 1.5537725511227422e+30 1.3400742458247435e+31 0.0 3.2902608215720944e+30 2.504027196248189e+31 0.0 7.439024859509654e+30 3.9139379962739924e+31 0.0 1.585148702819545e+31 5.774284657684228e+31 0.0 2.9440357921847023e+31 8.091023136871325e+31 0.0 4.4847008977003e+31 1.0416466249206768e+32 0.0 5.355633726820481e+31 1.1835395152404165e+32 0.0 4.743518600565101e+31 1.1302597550194966e+32 0.0 4.424258650198509e+31 2.2121293250993635e+32 0.0 2.8894795928034216e+29 1.772513684113109e+30 0.0 3.0439170279919326e+29 1.5478940590103657e+30 0.0 7.852038595236068e+29 4.5309215271251063e+30 0.0 1.8481044001652572e+30 8.884887169099492e+30 0.0 4.0637853501573836e+30 1.4124281628447993e+31 0.0 7.908459284395854e+30 2.079650810341919e+31 0.0 1.3338163514638596e+31 2.9243699678957784e+31 0.0 1.905953074901684e+31 3.845754572153599e+31 0.0 2.2229913396252787e+31 4.541015513286587e+31 0.0 1.9976718144724588e+31 4.59384811312028e+31 0.0 1.9313602372273634e+31 9.6568011861373e+31 0.0 1.3404020825552023e+29 8.188998120585701e+29 0.0 1.4573799545072917e+29 6.365019154710591e+29 0.0 4.0663178291828514e+29 1.770810179443288e+30 0.0 1.001030500535656e+30 3.629427929358213e+30 0.0 2.1583148689834647e+30 6.005893427785128e+30 0.0 3.971456307225782e+30 8.886025871706446e+30 0.0 6.246947702511367e+30 1.22932687318112e+31 0.0 8.358818018349254e+30 1.581270684796806e+31 0.0 9.286356156610138e+30 1.8372026550445904e+31 0.0 8.258085173102434e+30 1.8789484337966716e+31 0.0 8.19267154898999e+30 4.096335774495133e+31 0.0 6.625646951998188e+28 4.053118351525398e+29 0.0 7.260075532139344e+28 2.9094843635985405e+29 0.0 2.0068132053572054e+29 7.628487463527585e+29 0.0 4.921851957195057e+29 1.5955753545184509e+30 0.0 1.048437265209017e+30 2.7420933183241905e+30 0.0 1.8907066966367377e+30 4.1130797751423654e+30 0.0 2.877025126864519e+30 5.603892965938438e+30 0.0 3.693676485395443e+30 6.985131118351258e+30 0.0 3.9550300311904985e+30 7.868069808219487e+30 0.0 3.486073977746264e+30 7.988564396727985e+30 0.0 3.513633860300209e+30 1.7568169301501557e+31 0.0 3.404689925116753e+28 2.0983025479514147e+29 0.0 3.6696214428906307e+28 1.4188066385767241e+29 0.0 9.683516701448952e+28 3.498683052298358e+29 0.0 2.302965982305855e+29 7.291468738042467e+29 0.0 4.802844141984801e+29 1.2788457345646245e+30 0.0 8.550091479798081e+29 1.9418051556784445e+30 0.0 1.2844047737669525e+30 2.6266028003004846e+30 0.0 1.6226653801521758e+30 3.2045396644069095e+30 0.0 1.713096224280399e+30 3.5238725803765374e+30 0.0 1.5154970363318722e+30 3.5455134452686145e+30 0.0 1.5583030281965008e+30 7.791515140982889e+30 0.0 1.7837505943885692e+28 1.1154843460675972e+29 0.0 1.861612000089849e+28 7.18887821172823e+28 0.0 4.6492213662114325e+28 1.675842118422756e+29 0.0 1.0646188726924838e+29 3.441733090705936e+29 0.0 2.16228819354971e+29 6.080093645195094e+29 0.0 3.7963154954095025e+29 9.31228541817054e+29 0.0 5.670443575766431e+29 1.2577948814025476e+30 0.0 7.152137420341545e+29 1.5172859205130924e+30 0.0 7.580247922226045e+29 1.6458128515710272e+30 0.0 6.840656735907172e+29 1.65182132738172e+30 0.0 7.249865719956324e+29 3.624932859978323e+30 0.0 9.355262998099723e+27 6.000759796687474e+28 0.0 9.388822358778536e+27 3.7193454164196804e+28 0.0 2.233717892848134e+28 8.274903137019446e+28 0.0 4.954601776577207e+28 1.6738407266713037e+29 0.0 9.842079702015525e+28 2.9671485354195745e+29 0.0 1.7068169958592277e+29 4.580446824722474e+29 0.0 2.5444927586461986e+29 6.211038602409403e+29 0.0 3.231295400959949e+29 7.477459079485685e+29 0.0 3.484898795255095e+29 8.091307642755398e+29 0.0 3.2496189153678836e+29 8.163376863379038e+29 0.0 3.571243414024976e+29 1.7856217070126038e+30 0.0 4.782072097530087e+27 3.215296074201793e+28 0.0 4.64471632308897e+27 1.939493137709208e+28 0.0 1.0740318217573814e+28 4.173520262737233e+28 0.0 2.3387349867124625e+28 8.353079800187085e+28 0.0 4.5917404392464635e+28 1.4890815923238439e+29 0.0 7.930490929362857e+28 2.327418612167927e+29 0.0 1.1878579291669757e+29 3.193077633523969e+29 0.0 1.5325121711682911e+29 3.881319949886513e+29 0.0 1.70398247911392e+29 4.25125725029425e+29 0.0 1.6426985633053334e+29 4.310415144585793e+29 0.0 1.8718693568208575e+29 9.359346784105178e+29 0.0 2.2552193210305948e+27 1.6734128330730716e+28 0.0 2.2136556144177448e+27 1.008587782827866e+28 0.0 5.147460157571705e+27 2.1266199188557416e+28 0.0 1.1217042788823187e+28 4.247044866470975e+28 0.0 2.2126083239390948e+28 7.6817534268847825e+28 0.0 3.8618695761260563e+28 1.2283443076025653e+29 0.0 5.892071178805855e+28 1.729228440730864e+29 0.0 7.828448546978585e+28 2.1576583739932813e+29 0.0 9.000999262265672e+28 2.4085904105250844e+29 0.0 8.871825022139037e+28 2.4320810004746928e+29 0.0 1.0452259254317569e+29 5.2261296271593564e+29 0.0 8.198325372435646e+26 8.056270969167621e+27 0.0 9.881654882793064e+26 5.070289742449976e+27 0.0 2.4710469526297273e+27 1.0817279250041218e+28 0.0 5.522963297028415e+27 2.198066649873701e+28 0.0 1.1144588474651514e+28 4.096729383200233e+28 0.0 2.011168208870759e+28 6.840033003889445e+28 0.0 3.150841572968633e+28 9.978025918361062e+28 0.0 4.329246326397901e+28 1.2866704809042195e+29 0.0 5.096616541232063e+28 1.4538141334634821e+29 0.0 5.1111656205471726e+28 1.459449606761425e+29 0.0 6.207250675042162e+28 3.103625337521389e+29 0.0 3.2264878834725175e+26 3.2158318690866075e+27 0.0 3.80932786292829e+26 1.9190880667112258e+27 0.0 9.181744665375643e+26 4.027925719364719e+27 0.0 2.3162136988971363e+27 9.396779200516776e+27 0.0 5.543103216207043e+27 2.118216329975946e+28 0.0 1.203686530518837e+28 4.339192024330818e+28 0.0 1.8032584942544436e+28 6.112710250621997e+28 0.0 2.5612713807177467e+28 8.141560554725337e+28 0.0 3.0959092439255066e+28 9.317568477129702e+28 0.0 3.135881384121086e+28 9.283069862142858e+28 0.0 3.905757957923469e+28 1.9528789789619105e+29 0.0 2.235593783466139e+26 1.6134407150529342e+27 0.0 1.995770102267126e+26 8.656483657485369e+26 0.0 4.106913353888509e+26 1.690454094832773e+27 0.0 9.527650973898612e+26 3.771378102687536e+27 0.0 2.2185121260681035e+27 8.516487121537709e+27 0.0 4.7887188324966585e+27 1.7828904529747254e+28 0.0 9.267541328215121e+27 3.299109974826594e+28 0.0 1.569471449320264e+28 5.30428596939759e+28 0.0 2.2128166805428632e+28 7.084327361059664e+28 0.0 2.0345001637265713e+28 6.244393726181025e+28 0.0 2.5930567813131476e+28 1.296528390656733e+29 0.0 1.5976849456644183e+26 9.728663627778085e+26 0.0 1.2380470145879466e+26 4.7377049190779545e+26 0.0 2.2580957099188606e+26 8.613473905279888e+26 0.0 4.93952629373118e+26 1.8625558006555404e+27 0.0 1.1360352400434286e+27 4.225683074743398e+27 0.0 2.48891919992223e+27 9.106996803394135e+27 0.0 4.9029503398828524e+27 1.753577939598375e+28 0.0 8.254496631816765e+27 2.8701723257583346e+28 0.0 1.1507648204125365e+28 3.8576494969586456e+28 0.0 1.3638755838326258e+28 4.293125825248941e+28 0.0 1.8158709602306513e+28 9.079354801154808e+28 0.0 1.2012114114661056e+26 6.696891601696331e+26 0.0 8.83631287837932e+25 3.112851531531364e+26 0.0 1.5135134456725006e+26 5.419147511374276e+26 0.0 3.2057914749597935e+26 1.1510660540490735e+27 0.0 7.295530260755539e+26 2.6083075525630494e+27 0.0 1.620216393910214e+27 5.736840057794976e+27 0.0 3.2550369258963495e+27 1.1345621836365497e+28 0.0 5.620121902565554e+27 1.9148520179939656e+28 0.0 8.098042952233315e+27 2.6702782620131463e+28 0.0 9.815406258545715e+27 3.0881750159256547e+28 0.0 1.3194421005704144e+28 6.59721050285305e+28 0.0 9.295291124655712e+25 4.981990352205929e+26 0.0 6.733344343815801e+25 2.2578760663016425e+26 0.0 1.1266263886619303e+26 3.8538198764589484e+26 0.0 2.3558337457890854e+26 8.125548167818516e+26 0.0 5.295196218560444e+26 1.8271447104725097e+27 0.0 1.1741186213206818e+27 4.028134684876523e+27 0.0 2.3789051872907765e+27 8.065786805445093e+27 0.0 4.157978030711309e+27 1.3839623015718266e+28 0.0 6.059452144796934e+27 1.9638294951653588e+28 0.0 7.362802541769781e+27 2.3012933559379493e+28 0.0 9.882422043308809e+27 4.9412110216550305e+28 0.0 7.367739783983448e+25 3.8810475129894414e+26 0.0 5.2889371088721584e+25 1.722925115185435e+26 0.0 8.746891572104768e+25 2.8996520426741787e+26 0.0 1.809776228645773e+26 6.054658747507453e+26 0.0 4.032465984917668e+26 1.352309332998035e+27 0.0 8.918092048567803e+26 2.980698376064867e+27 0.0 1.8118923845749454e+27 6.002483400065872e+27 0.0 3.1850321387393726e+27 1.0397840711297467e+28 0.0 4.6676950795028746e+27 1.491713700330242e+28 0.0 5.682864113179091e+27 1.764283581148304e+28 0.0 7.605623695222981e+27 3.8028118476119576e+28 0.0 5.977140057579772e+25 3.121158678096728e+26 0.0 4.249320354284961e+25 1.3599235726887463e+26 0.0 6.95569724765561e+25 2.25677064104952e+26 0.0 1.4266137467236092e+26 4.666232393198154e+26 0.0 3.155331961535435e+26 1.0350248711734676e+27 0.0 6.962697549174513e+26 2.279453126678365e+27 0.0 1.417351869612189e+27 4.6092550374839733e+27 0.0 2.5018194344233223e+27 8.042183180918133e+27 0.0 3.6827094271923146e+27 1.1637673511624083e+28 0.0 4.4944779109764457e+27 1.3872518646327305e+28 0.0 6.00046770320551e+27 3.0002338516030027e+28 0.0 4.949794386620709e+25 2.5715767494349265e+26 0.0 3.483897820318403e+25 1.1021407671525311e+26 0.0 5.647610190170689e+25 1.804929038462554e+26 0.0 1.1494035042259272e+26 3.697259260199396e+26 0.0 2.5257250629903064e+26 8.145750858504798e+26 0.0 5.561259275332113e+26 1.7913800572421628e+27 0.0 1.1338833834589788e+27 3.633807836428863e+27 0.0 2.0090068923894408e+27 6.379214763267353e+27 0.0 2.969481429027174e+27 9.299480031022748e+27 0.0 3.6338865321638333e+27 1.1162444239674742e+28 0.0 4.8429483122220676e+27 2.421474156111525e+28 0.0 4.175684429296892e+25 2.161629209669194e+26 0.0 2.9103768406353015e+25 9.132780752361692e+25 0.0 4.675045894972366e+25 1.4778853127552012e+26 0.0 9.447026439919613e+25 3.0010885072002768e+26 0.0 2.063586342968628e+26 6.569307613857387e+26 0.0 4.534349745671954e+26 1.4422271635177577e+27 0.0 9.258184682456601e+26 2.9329159700297027e+27 0.0 1.6460759285327344e+27 5.176016313041555e+27 0.0 2.4427519118471368e+27 7.594697795591068e+27 0.0 2.997970835577257e+27 9.173050424229987e+27 0.0 3.990910069527951e+27 1.9954550347644737e+28 0.0 3.581585104965657e+25 1.848720649387882e+26 0.0 2.473655205672719e+25 7.715489947789798e+25 0.0 3.940319113751099e+25 1.2354773326160649e+26 0.0 7.909355924168439e+25 2.4888473569818044e+26 0.0 1.7182188071668275e+26 5.415120637752167e+26 0.0 3.7680059300514254e+26 1.1866536740322803e+27 0.0 7.70308401064496e+26 2.4180542449902568e+27 0.0 1.3739878534503004e+27 4.286938091471255e+27 0.0 2.046796105887312e+27 6.32669041473603e+27 0.0 2.5194837360889906e+27 7.684547346255688e+27 0.0 3.351888320743329e+27 1.6759441603720027e+28 0.0 3.118393818870461e+25 1.6055096454211014e+26 0.0 2.136097110073776e+25 6.6307995465134036e+25 0.0 3.3768694622562354e+25 1.0521182556111485e+26 0.0 6.736319712052356e+25 2.1041478481237325e+26 0.0 1.4559216730127965e+26 4.552508285723149e+26 0.0 3.186679793038048e+26 9.95753789504916e+26 0.0 6.521687596524628e+26 2.032360952222978e+27 0.0 1.1666972780845744e+27 3.6175383653163505e+27 0.0 1.744313736847214e+27 5.366452604421615e+27 0.0 2.1534979433171124e+27 6.55137283633805e+27 0.0 2.864389981481427e+27 1.4321949907410186e+28 0.0 2.752478198311747e+25 1.413643965873303e+26 0.0 1.8715826592752782e+25 5.786687846454799e+25 0.0 2.9386185091920706e+25 9.109435690335619e+25 0.0 5.828427577265036e+25 1.8099458211673584e+26 0.0 1.2537272589897943e+26 3.895872245163352e+26 0.0 2.7390373207140194e+26 8.505544738355751e+26 0.0 5.610710304553263e+26 1.738300067493894e+27 0.0 1.0064304529807831e+27 3.10494490764418e+27 0.0 1.50981729112093e+27 4.6273695636574384e+27 0.0 1.869359252669988e+27 5.675055097487955e+27 0.0 2.48667726609529e+27 1.243338633047714e+28 0.0 -5.0827601541866877e+23 8.838552236975713e+25 0.0 -4.5107831085949784e+23 4.566211627464923e+25 0.0 -7.523975330045146e+23 7.140904628438267e+25 0.0 -1.5473817604625683e+24 1.410744997579112e+26 0.0 -3.3547151286998794e+24 3.022514061691818e+26 0.0 -7.146635190151769e+24 6.586505841892408e+26 0.0 -1.364884447201766e+25 1.3472313277034575e+27 0.0 -2.129228364635896e+25 2.4127927232528011e+27 0.0 -2.4456741953893334e+25 3.608219405909532e+27 0.0 -1.680009303100793e+25 4.439077012280734e+27 0.0 0.0 1.5329164391314997e+28 0.0 -2.3308277057975356e+25 1.1402756296224003e+26 0.0 -1.5740788595839354e+25 4.614030604184823e+25 0.0 -2.450287384594835e+25 7.173951295910723e+25 0.0 -4.819246417089766e+25 1.4099422562974863e+26 0.0 -1.0282594771839334e+26 3.0079264514156306e+26 0.0 -2.235322643512225e+26 6.543111558027037e+26 0.0 -4.567959352660341e+26 1.339302791443551e+27 0.0 -8.17664568286663e+26 2.4043762197885436e+27 0.0 -1.2210659671495824e+27 3.607130120354592e+27 0.0 -1.496599376157187e+27 4.451139580352214e+27 0.0 -1.9536767545503394e+27 9.768383772753901e+27 0.0 -2.1189965966534284e+25 1.0386324533587364e+26 0.0 -1.4222102699055893e+25 4.178962408382547e+25 0.0 -2.2009743126050304e+25 6.462002725843278e+25 0.0 -4.307250142220447e+25 1.2640122944213758e+26 0.0 -9.153176803776878e+25 2.6861379578743066e+26 0.0 -1.9866762735685773e+26 5.833920001196749e+26 0.0 -4.063760571928574e+26 1.1950786113077923e+27 0.0 -7.295104462314967e+26 2.1508415077787552e+27 0.0 -1.0938487216511466e+27 3.2379315318802135e+27 0.0 -1.346709004091617e+27 4.009955600564471e+27 0.0 -1.7635215551287334e+27 8.8176077756456e+27 0.0 -1.9447535771969422e+25 9.5495029938728e+25 0.0 -1.2988962510979164e+25 3.824869416590858e+25 0.0 -1.9994763687203227e+25 5.884629472224899e+25 0.0 -3.895717407414868e+25 1.1462332420858836e+26 0.0 -8.248925372112066e+25 2.4273429838144326e+26 0.0 -1.7878337256682025e+26 5.264177624805584e+26 0.0 -3.660002863062143e+26 1.0790788598218082e+27 0.0 -6.586934341988861e+26 1.9463786104610284e+27 0.0 -9.912154274222245e+26 2.9391741340360853e+27 0.0 -1.225215618395795e+27 3.651729826367905e+27 0.0 -1.6088456577212587e+27 8.044228288609213e+27 0.0 -1.800293295246533e+25 8.855115205439481e+25 0.0 -1.1974310720688388e+25 3.5329188309087454e+25 0.0 -1.8348975185465278e+25 5.411717710638258e+25 0.0 -3.5612133151070376e+25 1.0501759576173396e+26 0.0 -7.516527683827045e+25 2.21695676954405e+26 0.0 -1.6269724328092614e+26 4.801519741199968e+26 0.0 -3.332990477107997e+26 9.847872414545207e+26 0.0 -6.011803247518413e+26 1.7797921300553335e+27 0.0 -9.075534033485566e+26 2.69502645546978e+27 0.0 -1.1257733359575856e+27 3.358096907944502e+27 0.0 -1.481857103600181e+27 7.409285518001418e+27 0.0 -1.6796798776565638e+25 8.274869512840325e+25 0.0 -1.1132536304798927e+25 3.2902885074004588e+25 0.0 -1.699222102309445e+25 5.020947137886044e+25 0.0 -3.286629988381753e+25 9.711056692619723e+25 0.0 -6.917240380035072e+25 2.0442817133755073e+26 0.0 -1.4954933610041826e+26 4.422186115314902e+26 0.0 -3.0654608581662722e+26 9.074150862624526e+26 0.0 -5.5401757327364054e+26 1.6428201740930191e+27 0.0 -8.3872511581751e+26 2.4937465261751167e+27 0.0 -1.0436695036738921e+27 3.1153690081415426e+27 0.0 -1.3767338946544167e+27 6.883669473275028e+27 0.0 -1.5783456001224796e+25 7.78698524657982e+25 0.0 -1.0429113102109359e+25 3.0872320165249307e+25 0.0 -1.5864618520032717e+25 4.695540681667599e+25 0.0 -3.0592785815721694e+25 9.054849036308662e+25 0.0 -6.422454634306183e+25 1.9013566002396495e+26 0.0 -1.3870516916875206e+26 4.1085073148457924e+26 0.0 -2.8446448750451408e+26 8.433936481067938e+26 0.0 -5.150103892651647e+26 1.5292823390175786e+27 0.0 -7.816376223740242e+26 2.3265103915830005e+27 0.0 -9.75357794030331e+26 2.913213747362955e+27 0.0 -1.2890710748094887e+27 6.445355374050966e+27 0.0 -1.4927384410155427e+25 7.374518331690893e+25 0.0 -9.83757141039555e+24 2.916252215283406e+25 0.0 -1.4920803150995348e+25 4.422724809125331e+25 0.0 -2.869610885907874e+25 8.506354961159002e+25 0.0 -6.010734248035375e+25 1.782176729886964e+26 0.0 -1.2969010085422473e+26 3.84717710682535e+26 0.0 -2.660963451182569e+26 7.900285298871464e+26 0.0 -4.825055798781595e+26 1.4344965857579346e+27 0.0 -7.33948732309116e+26 2.18660542176792e+27 0.0 -9.181365595107518e+26 2.74373857079087e+27 0.0 -1.2154966296674689e+27 6.077483148340512e+27 0.0 -1.4200698314793243e+25 7.024161054863691e+25 0.0 -9.337385165328825e+24 2.771519285199166e+25 0.0 -1.4125971670327654e+25 4.192658809566909e+25 0.0 -2.710346787345906e+25 8.045049950177925e+25 0.0 -5.665801194619894e+25 1.6821567637178403e+26 0.0 -1.2214404623691637e+26 3.6280429530557595e+26 0.0 -2.5071369311661432e+26 7.452608269287177e+26 0.0 -4.552422259735454e+26 1.3548741925563712e+27 0.0 -6.938633804007267e+26 2.0688667746256297e+27 0.0 -8.699240142898909e+26 2.600847672159428e+27 0.0 -1.153401030808542e+27 5.767005154045537e+27 0.0 -1.3581314599059067e+25 6.725369925220332e+25 0.0 -8.912472145784523e+24 2.648454780245756e+25 0.0 -1.3453115053796176e+25 3.9976789717726405e+25 0.0 -2.575868502551461e+25 7.655027577146875e+25 0.0 -5.375142317546607e+25 1.5977551322010877e+26 0.0 -1.1579048125448988e+26 3.443270228656991e+26 0.0 -2.3775668005977062e+26 7.074996336932558e+26 0.0 -4.322474495487633e+26 1.2876344755937725e+27 0.0 -6.599905094565215e+26 1.9692784776423918e+27 0.0 -8.290990005526019e+26 2.479784571551863e+27 0.0 -1.1007443576816781e+27 5.503721788410172e+27 0.0 -1.305160566794585e+25 6.469724383493831e+25 0.0 -8.550113404102639e+24 2.543430365727793e+25 0.0 -1.2881053498954473e+25 3.831757700480091e+25 0.0 -2.4617934520994517e+25 7.3238333930606315e+25 0.0 -5.129030706699703e+25 1.5262077296893426e+26 0.0 -1.1041467474588948e+26 3.286749714045025e+26 0.0 -2.2679001895475265e+26 6.755030130518967e+26 0.0 -4.1276263072017294e+26 1.2306012404359957e+27 0.0 -6.312411270765233e+26 1.8846874664376704e+27 0.0 -7.943867600939437e+26 2.3768027251715382e+27 0.0 -1.0559170866510209e+27 5.279585433256719e+27 0.0 -1.2597398184256736e+25 6.250450248087788e+25 0.0 -8.240164515972556e+24 2.4535470073650912e+25 0.0 -1.2393021356169539e+25 3.6901115281171136e+25 0.0 -2.364668764676005e+25 7.0416245140674004e+25 0.0 -4.9198284608007065e+25 1.465336633392815e+26 0.0 -1.0584818496547133e+26 3.153672135012243e+26 0.0 -2.1747189266345594e+26 6.482923416564987e+26 0.0 -3.961904914877363e+26 1.1820557745623767e+27 0.0 -6.067547755135657e+26 1.8125961633390643e+27 0.0 -7.647760112966006e+26 2.2889256016986478e+27 0.0 -1.0176384764375084e+27 5.088192382190981e+27 0.0 -1.2207221632888593e+25 6.062062181928542e+25 0.0 -7.974473016869694e+24 2.3764713396628904e+25 0.0 -1.197563501250139e+25 3.5689136970192924e+25 0.0 -2.281749892046088e+25 6.8005566512639805e+25 0.0 -4.741483334045268e+25 1.4134110437088302e+26 0.0 -1.0195767314364904e+26 3.040218985611732e+26 0.0 -2.095314697600215e+26 6.250899492921078e+26 0.0 -3.8205667953185185e+26 1.1406294642076436e+27 0.0 -5.858458727701211e+26 1.751010360295718e+27 0.0 -7.394580796493553e+26 2.2137700445269044e+27 0.0 -9.848816086997536e+26 4.9244080435020956e+27 0.0 -1.187173946198703e+25 5.900093111793925e+25 0.0 -7.746443589920708e+24 2.3103132024915744e+25 0.0 -1.1618131301516948e+25 3.465081138541151e+25 0.0 -2.2108382342334438e+25 6.594332051844941e+25 0.0 -4.589160906272809e+25 1.3690450517576217e+26 0.0 -9.863673425301682e+25 2.9433353461253267e+26 0.0 -2.0275245463310968e+26 6.052732214630585e+26 0.0 -3.6998156092479235e+26 1.1052245216143013e+27 0.0 -5.6796412696212446e+26 1.698326509640852e+27 0.0 -7.177817517095873e+26 2.149414921132063e+27 0.0 -9.568175437423976e+26 4.784087718715716e+27 0.0 -1.1583315042579632e+25 5.76088782724818e+25 0.0 -7.550712155344826e+24 2.2535336700786192e+25 0.0 -1.1311799555710134e+25 3.3761150248868768e+25 0.0 -2.150160729281791e+25 6.417862700929821e+25 0.0 -4.45897277415035e+25 1.3311217027444616e+26 0.0 -9.579986476964138e+25 2.8605612324876095e+26 0.0 -1.969609214648389e+26 5.88340477972664e+26 0.0 -3.5965929082063866e+26 1.0749548886670282e+27 0.0 -5.5266503787193536e+26 1.6532474159054646e+27 0.0 -6.992194686028348e+26 2.0943025407547055e+27 0.0 -9.327733352657562e+26 4.6638666763302877e+27 0.0 -1.1335678143440747e+25 5.641444410686529e+25 0.0 -7.382921023208195e+24 2.2048818350969023e+25 0.0 -1.1049553999394303e+25 3.2999803458787806e+25 0.0 -2.0982796667372123e+25 6.267017058020869e+25 0.0 -4.347773646810855e+25 1.2987360579327515e+26 0.0 -9.337796316546235e+25 2.789905218706565e+26 0.0 -1.920162270098542e+26 5.738853717552699e+26 0.0 -3.508421347922266e+26 1.0491017852000667e+27 0.0 -5.3958771218302635e+26 1.6147186210110897e+27 0.0 -6.833417881371626e+26 2.047164036967834e+27 0.0 -9.122002002012461e+26 4.5610010010092616e+27 0.0 -1.1123667000155602e+25 5.53929162969079e+25 0.0 -7.239440440085315e+24 2.16331459825163e+25 0.0 -1.0825638158816565e+25 3.2350229208738833e+25 0.0 -2.0540245344651887e+25 6.138428024918286e+25 0.0 -4.253008493537127e+25 1.271152140455066e+26 0.0 -9.13149430735436e+25 2.7297489370103006e+26 0.0 -1.878041623721499e+26 5.615775211680601e+26 0.0 -3.4332862200910096e+26 1.0270800031467447e+27 0.0 -5.284380408302457e+26 1.581880028234782e+27 0.0 -6.697979412795889e+26 2.006962460571944e+27 0.0 -8.946492069220932e+26 4.4732460346121855e+27 0.0 -1.09430278680294e+25 5.452393678258438e+25 0.0 -7.11731892352192e+24 2.127984031108334e+25 0.0 -1.0635340373199422e+25 3.1798883370266224e+25 0.0 -2.0164401160005187e+25 6.029346301430732e+25 0.0 -4.1725964795458985e+25 1.247770141202337e+26 0.0 -8.956516371950781e+25 2.6787743842991755e+26 0.0 -1.8423175200162895e+26 5.511477530930404e+26 0.0 -3.369545265281336e+26 1.0084121709300458e+27 0.0 -5.189758508202038e+26 1.5540288666433395e+27 0.0 -6.583009282089828e+26 1.9728490964250876e+27 0.0 -8.797525870044612e+26 4.3987629350259287e+27 0.0 -1.0790258530887469e+25 5.3790758339192014e+25 0.0 -7.014133852356217e+24 2.0981944516006687e+25 0.0 -1.0474723072935525e+25 3.133443999400075e+25 0.0 -1.984746706039643e+25 5.937527754216474e+25 0.0 -4.1048422551026066e+25 1.2281012914272973e+26 0.0 -8.809146760845103e+25 2.6359082603307667e+26 0.0 -1.812232783648415e+26 5.423767938570879e+26 0.0 -3.315859592929619e+26 9.927089931585174e+26 0.0 -5.110050352369875e+26 1.5305911845531515e+27 0.0 -6.486160320335013e+26 1.9441297581002154e+27 0.0 -8.672092972440229e+26 4.33604648622476e+27 0.0 -1.0662485871645069e+25 5.317966335438571e+25 0.0 -6.927903000679576e+24 2.0733773103887595e+25 0.0 -1.034062796692031e+25 3.0947829304516783e+25 0.0 -1.9583094752690865e+25 5.8611465444480084e+25 0.0 -4.048367829290021e+25 1.2117485297452968e+26 0.0 -8.686367480541475e+25 2.6002791714387723e+26 0.0 -1.7871722934317813e+26 5.350865677045726e+26 0.0 -3.271140533871981e+26 9.79654019771473e+26 0.0 -5.0436594007681725e+26 1.511099828543472e+27 0.0 -6.405519342099418e+26 1.9202386939140295e+27 0.0 -8.567738290436453e+26 4.283869145220682e+27 0.0 -1.055737004340002e+25 5.267950942036074e+25 0.0 -6.857015665571826e+24 2.0530716444482624e+25 0.0 -1.0230495134265531e+25 3.0631714131495915e+25 0.0 -1.9366148460030666e+25 5.79872806930857e+25 0.0 -4.002060136022351e+25 1.1983916055501973e+26 0.0 -8.585742484954286e+25 2.57118467386783e+26 0.0 -1.7666394891820538e+26 5.2913349150043175e+26 0.0 -3.234508671592806e+26 9.689918914888735e+26 0.0 -4.9892948556925986e+26 1.4951774230618273e+27 0.0 -6.339538346029871e+26 1.900718368839875e+27 0.0 -8.482475283409545e+26 4.241237641705929e+27 0.0 -1.0473029711952754e+25 5.2281375570201274e+25 0.0 -6.800337315004544e+24 2.0369562337047623e+25 0.0 -1.0142274746920916e+25 3.0380239483604034e+25 0.0 -1.9192522844243868e+25 5.749097297408237e+25 0.0 -3.965030715265227e+25 1.1877756242020844e+26 0.0 -8.505328695896562e+25 2.5480659464554697e+26 0.0 -1.750238312879295e+26 5.2440331885578565e+26 0.0 -3.2052623097878477e+26 9.605192898270654e+26 0.0 -4.945926283686886e+26 1.4825232282809185e+27 0.0 -6.286981356257761e+26 1.885203840264296e+27 0.0 -8.414718827019296e+26 4.2073594135111883e+27 0.0 -1.0407983995994195e+25 5.19782884169405e+25 0.0 -6.756780469011127e+24 2.0247218123050178e+25 0.0 -1.0074359315486024e+25 3.0188840950168873e+25 0.0 -1.9059003560815678e+25 5.711339284894374e+25 0.0 -3.936584897728764e+25 1.1797023056992427e+26 0.0 -8.443608053319591e+25 2.5304884729265302e+26 0.0 -1.7376594142216193e+26 5.208072058287244e+26 0.0 -3.182853362584798e+26 9.540780236504007e+26 0.0 -4.9127488966512834e+26 1.4729030928947445e+27 0.0 -6.246883675600684e+26 1.873410787074358e+27 0.0 -8.363233740461891e+26 4.181616870233084e+27 0.0 -1.0361108432137459e+25 5.176501572364511e+25 0.0 -6.725414713270528e+24 2.0161045650834665e+25 0.0 -1.0025532250688555e+25 3.0054100138742424e+25 0.0 -1.8963161934236785e+25 5.684769488572348e+25 0.0 -3.9161985877498164e+25 1.1740234241685245e+26 0.0 -8.399436371279586e+25 2.5181275522723098e+26 0.0 -1.7286697678586713e+26 5.182787589792987e+26 0.0 -3.166869195411921e+26 9.495498365266369e+26 0.0 -4.889157386661898e+26 1.466141898949204e+27 0.0 -6.218521171485283e+26 1.8651264980507787e+27 0.0 -8.327096018677603e+26 4.163548009340091e+27 0.0 -1.0331602517246883e+25 5.163791592099422e+25 0.0 -6.705696869232024e+24 2.0109555715757454e+25 0.0 -9.99493014552661e+24 2.997363936006724e+25 0.0 -1.890327777523751e+25 5.668912184153242e+25 0.0 -3.903501275377715e+25 1.1706360451126274e+26 0.0 -8.372005950504434e+25 2.5107577850464028e+26 0.0 -1.723105085632659e+26 5.167718929825069e+26 0.0 -3.1570193547970284e+26 9.468526355347481e+26 0.0 -4.874726810377274e+26 1.4621180696474483e+27 0.0 -6.201387866766664e+26 1.8602033162160802e+27 0.0 -8.305664625881149e+26 4.1528323129431055e+27 0.0 -5.004002604833769e+21 7.223276864012561e+25 0.0 -7.656723788429838e+24 2.29626676770504e+25 0.0 -1.1411984749768482e+25 3.4224850459770314e+25 0.0 -2.158254895438134e+25 6.472702505260507e+25 0.0 -4.456632464617874e+25 1.3365772270849022e+26 0.0 -9.558223483325991e+25 2.866626802749291e+26 0.0 -1.9672699555370114e+26 5.900220672220719e+26 0.0 -3.604473220511794e+26 1.0810899234885352e+27 0.0 -5.565865977085505e+26 1.6694611468290917e+27 0.0 -7.080963954761859e+26 2.1240770756035723e+27 0.0 -1.4522484090465484e+27 4.3567452271454296e+27 0.0
    </DataArray>
    <DataArray type="Float32" Name="Ion soret flux Density [Am^-2]" NumberOfComponents="3" format="ascii">
113079342234.49562 -3987624808253.2036 0.0 -53738786621.229515 -4192431296617.1006 0.0 1659722157767.9553 -8116255717119.974 0.0 3802322117509.7783 -10419948924895.434 0.0 6005327240346.322 -12492391311345.6 0.0 8330725469147.347 -14189075900789.895 0.0 10813685769029.25 -13929840938792.611 0.0 12915909118185.434 -8801766957811.139 0.0 12789252205983.44 778504304609.1793 0.0 9591807258879.178 7307563079858.518 0.0 8017428422708.964 14333979065293.205 0.0 -297549278658.37134 -1743552560742.008 0.0 -78872445050.00189 -2149536550675.0662 0.0 786970098673.2946 -4543933851583.165 0.0 2145172266117.7517 -6114304874802.375 0.0 3747465482602.9688 -7390335159900.779 0.0 5537692124875.278 -8208674383555.17 0.0 7406565080017.499 -7568852750570.369 0.0 8842616671972.727 -3933961657147.7207 0.0 8714108586521.55 1889631845164.1091 0.0 6751618771217.189 5677498871567.889 0.0 5087755411600.533 11072830313074.96 0.0 -83569640701.19789 -614400916978.8059 0.0 137706987813.4616 -624630703148.525 0.0 953302515464.4991 -1493678962018.9756 0.0 2267035490040.9517 -2166190507265.2698 0.0 3919035229132.7056 -2610023530350.2925 0.0 5764212576112.54 -2663473038564.0015 0.0 7419742231145.964 -1928002694636.2505 0.0 8223084010222.602 -104215740020.0974 0.0 7701126577527.156 2196844413174.328 0.0 6075604024229.815 3722424748601.623 0.0 4773769632131.082 6804443152462.526 0.0 -21542482389.888306 -205186854219.51956 0.0 51097389428.21294 -167305808880.8657 0.0 328258474319.70557 -414615756351.8785 0.0 861279265026.3561 -628214628710.9198 0.0 1577662856271.0496 -726577100014.972 0.0 2400667754411.682 -645755841768.0779 0.0 3163637271658.529 -290794164160.13196 0.0 3664108477158.254 362422984390.4461 0.0 3775424975975.6953 1164540012141.963 0.0 3365906277708.2354 1798890634694.5767 0.0 3029198301607.231 3322305489791.3853 0.0 -5927984838.244676 -75274300058.63858 0.0 16572770321.371002 -51854383991.01924 0.0 96567517047.43709 -123707241720.63783 0.0 270019183014.0703 -191920946260.96823 0.0 516515979364.63434 -213689388498.1669 0.0 808910491204.653 -166378870650.719 0.0 1115484064316.8972 -29691669631.668224 0.0 1391694745501.5605 204148989131.42197 0.0 1565410834960.887 501864601124.98175 0.0 1530452501752.105 765233763252.9209 0.0 1559464310120.99 1448769283487.9644 0.0 -1659517871.9089975 -30142098823.265003 0.0 6165805059.528629 -18514023747.710205 0.0 31684427617.167347 -41587545014.61664 0.0 91904783468.94627 -65909876799.64333 0.0 186438329491.9622 -73781023849.85553 0.0 304689794111.5295 -52802748444.435036 0.0 434634620527.5953 3739026120.96112 0.0 558418561800.4976 96322782640.96924 0.0 644591119177.9147 211034644022.06708 0.0 657767996939.6272 316594106123.31305 0.0 731496728234.9677 608320718419.805 0.0 -414960578.8776499 -12833674414.244234 0.0 2599424378.0697217 -7262513056.90213 0.0 11712211553.138288 -15223793983.088797 0.0 34101939658.511967 -24159706636.773693 0.0 72660685072.95964 -27412126043.543945 0.0 124280477085.7122 -18531945031.509686 0.0 182111847089.6838 5746315684.260058 0.0 236249191440.56412 44346650084.80721 0.0 273473178251.90506 90359270923.26088 0.0 284995204269.15497 133522651973.07306 0.0 333904436257.8683 256258989070.79688 0.0 -55727216.36739547 -5692468896.320687 0.0 1186346208.912051 -3025519033.7396393 0.0 4728444987.222567 -5918794357.721941 0.0 13455489014.980532 -9219177129.067755 0.0 29364955452.81795 -10464255991.929964 0.0 51940597222.63928 -6715054205.406678 0.0 77972878515.34268 3701509076.934036 0.0 102313804072.01822 20140030667.820084 0.0 119112346757.40253 39407725580.54702 0.0 126364894363.64532 57899609030.26725 0.0 153401577889.0201 110595952293.5761 0.0 33418604.013531767 -2592853296.3682995 0.0 566021954.2416193 -1310125900.107822 0.0 2028757676.24642 -2408702918.453193 0.0 5578258812.665534 -3653038463.8219457 0.0 12230845494.544817 -4103502274.531905 0.0 22074422449.231987 -2498875191.6341343 0.0 33806979037.104996 1984019029.1634176 0.0 45020943724.32452 9107521213.466215 0.0 53122771485.81162 17518837210.981503 0.0 57717993650.937675 25941416864.634842 0.0 72142861273.3286 49452909556.33203 0.0 42839321.330960855 -1198762423.0606043 0.0 275967164.75661725 -581142776.194427 0.0 905966169.4233984 -1014477883.8258007 0.0 2407370239.0704665 -1500526229.0817406 0.0 5262553962.74634 -1665277368.5862129 0.0 9612602939.582108 -965376105.5121843 0.0 14974198141.6708 997293676.781834 0.0 20296349022.40835 4170490721.9067674 0.0 24472485134.52282 8027844307.409496 0.0 27410608920.926495 12118546668.673845 0.0 35051506423.93128 23063878773.33673 0.0 32517408.569759287 -554599182.2327319 0.0 135307800.74237213 -260922158.97754943 0.0 414753127.02590317 -438077740.9751749 0.0 1071273644.6394542 -635897351.7710667 0.0 2335510245.57217 -700329639.818712 0.0 4316583215.105458 -390401896.8715564 0.0 6849304554.358487 494168729.748279 0.0 9503083120.776518 1969506725.7349486 0.0 11835585386.475506 3859609223.4263644 0.0 13631252285.394756 5944711714.170803 0.0 17687181932.491566 11262215298.316818 0.0 20362672.9966268 -250178286.7470866 0.0 65810075.466884166 -117167253.57828492 0.0 191553862.07559675 -191518087.72775057 0.0 486007929.7515301 -275709855.24586236 0.0 1066010671.5747986 -304876391.9162023 0.0 2009455462.9770842 -166382431.58669594 0.0 3280049682.7491817 249148436.08069715 0.0 4713428064.788315 980970603.0747898 0.0 6079458676.814586 1971214722.8662643 0.0 7110251302.814503 3066812955.693667 0.0 9294362460.628834 5766509128.536089 0.0 10873070.21539497 -104222157.63764076 0.0 30658396.870738287 -50635133.70771653 0.0 88090656.17393301 -83359646.29276605 0.0 224043520.74033967 -122030405.5812264 0.0 502765736.9390602 -138099314.99610958 0.0 985863059.9612441 -75888782.56703418 0.0 1667661716.7371423 131043561.99892686 0.0 2488607881.2193804 518826658.38594985 0.0 3286248770.2025476 1060193637.2112839 0.0 3880412691.1178145 1659315429.1817772 0.0 5090129048.175059 3095174279.8836603 0.0 4170658.6280338215 -33451027.75329466 0.0 10144199.578530837 -15871413.213122888 0.0 29135128.475974496 -26592694.61583078 0.0 84984934.7259339 -45241191.24225221 0.0 229958256.81881467 -62061529.65708186 0.0 552586462.365418 -40631209.84412333 0.0 901744316.1187347 73146251.16166757 0.0 1386456789.7572017 289266214.9585371 0.0 1867195452.6425996 599993097.1999505 0.0 2214728275.6378555 940942549.9275438 0.0 2903530568.484443 1738976136.2769575 0.0 2034353.9841497329 -14080022.49441619 0.0 4053564.025111429 -6032984.622886936 0.0 10821311.423492765 -9530623.658305964 0.0 30389456.06839417 -15544328.229065552 0.0 82321922.61474693 -21242714.48223229 0.0 201125900.95911852 -13829676.44422217 0.0 428593790.44331515 35162969.50490938 0.0 792518657.9144999 164984015.60941052 0.0 1253953981.6526515 401535121.4689961 0.0 1324248701.0392702 560065836.3255287 0.0 1722527941.00174 1020303301.7327161 0.0 1203278.1143256284 -7385667.667710835 0.0 2000684.0921315516 -2851716.2614680897 0.0 4917840.774046489 -4197522.066251303 0.0 13321631.956915913 -6641669.273342839 0.0 36131923.12707253 -9092029.384905132 0.0 90546376.05808015 -5938783.214018811 0.0 200296456.68687508 16723883.292703241 0.0 378443086.2506687 79174692.6992212 0.0 599943716.7070006 192002305.40407625 0.0 796862125.6713895 336347481.64574486 0.0 1060950570.0295842 625329243.9650786 0.0 811310.7907576945 -4507233.911941751 0.0 1198310.6775927679 -1644878.516512546 0.0 2778320.7265888397 -2305923.742451896 0.0 7334926.465256904 -3572786.57149262 0.0 19768683.167128302 -4859826.13248843 0.0 50339919.13648869 -3152890.583950858 0.0 113912943.07102336 9678012.127620684 0.0 220987237.7257634 46370366.32107823 0.0 361787590.4391857 115802454.04193325 0.0 501910039.76317614 211414572.9277556 0.0 676288290.7335154 396592006.42191446 0.0 585574.5252480996 -2991405.0187680353 0.0 794758.2690244112 -1055632.0388942459 0.0 1780817.2986472563 -1441488.152073971 0.0 4627329.608716911 -2206392.5261372416 0.0 12305482.284995794 -2959104.4009466167 0.0 31267258.111974165 -1868572.2114703797 0.0 71346489.76160333 6173337.479157208 0.0 140170049.97433135 29532504.489507914 0.0 232766937.61388734 74602272.16300097 0.0 327111776.6737669 137803370.89387867 0.0 445249592.43164575 260386140.2130202 0.0 437248.95312063437 -2080172.8176956696 0.0 553871.6886239318 -714891.1640967368 0.0 1209186.7611560076 -957199.9943149111 0.0 3087441.818995009 -1443761.0929624296 0.0 8110489.86034901 -1910021.1294552374 0.0 20515598.81161008 -1168570.2416357375 0.0 46906249.30034294 4136722.4875342604 0.0 92728624.6113094 19635348.729888733 0.0 155284978.69435105 49879161.042263806 0.0 220107066.91174567 92822987.58010255 0.0 301994714.84966314 176430251.69747958 0.0 333365.2930913045 -1492444.3044171885 0.0 398276.07778339065 -501443.75527514046 0.0 849176.3184637971 -659093.492623485 0.0 2132763.242102954 -979900.8789063415 0.0 5536795.306030416 -1278602.9932906511 0.0 13939642.752796555 -756261.7940972779 0.0 31897725.997208774 2868308.577857102 0.0 63333311.21681234 13488067.691753171 0.0 106740552.39972964 34386191.15678035 0.0 152371175.58805752 64370982.547261834 0.0 210481349.23760033 123005100.09631225 0.0 257992.49066940398 -1096471.5816919506 0.0 293264.836443645 -361417.0407504796 0.0 612350.5764365185 -467153.79900535016 0.0 1515248.1349277883 -685290.8119597363 0.0 3890800.2329676175 -882336.2411734996 0.0 9748570.97857272 -503765.2402305309 0.0 22313924.503892668 2045666.2128450237 0.0 44465856.11217697 9529132.953819353 0.0 75346771.81585358 24356616.761938997 0.0 108219094.4334453 45824046.62517642 0.0 150378951.44115773 87998902.51560876 0.0 202153.10227982723 -821752.7660460757 0.0 220241.13532100953 -266527.035695446 0.0 451625.45323660295 -339453.5933699303 0.0 1102827.1527299325 -491899.6415892051 0.0 2803599.533694807 -625385.7442239509 0.0 6992286.848188637 -344508.4905566008 0.0 16005405.554298867 1495101.5181976978 0.0 31993503.748232845 6901187.533149232 0.0 54470316.05964943 17675850.673420034 0.0 78662266.17590927 33399521.158376116 0.0 109881726.86910212 64438430.613521606 0.0 160144.8363057461 -626733.5871419791 0.0 168257.993520933 -200541.77870352313 0.0 339718.26777044986 -252155.83544395314 0.0 819890.7991720148 -361371.6680839417 0.0 2065639.9113835571 -454084.4825798432 0.0 5129759.455830637 -241480.80235704614 0.0 11740707.351144016 1116400.137065932 0.0 23531557.486180637 5109683.700194855 0.0 40233363.74519827 13109724.5474747 0.0 58386841.05998533 24866455.951747343 0.0 81941923.20985271 48187370.29942922 0.0 128137.80754666837 -485595.35392421746 0.0 130512.49460241054 -153636.82468178245 0.0 260048.0879785299 -191049.8740425352 0.0 621174.2551117808 -271097.3991831091 0.0 1552448.6875798835 -337026.37047587946 0.0 3840189.345248637 -173304.4470250991 0.0 8787528.353248311 849452.9036097125 0.0 17653873.31634378 3858709.912302855 0.0 30298618.903224114 9915028.701591387 0.0 44163356.95072196 18871089.364575807 0.0 62241217.21286189 36723254.33338326 0.0 103473.9675838366 -381707.31545818417 0.0 102620.96748845984 -119641.72476694053 0.0 202190.20841468842 -147365.56036783248 0.0 478627.7792817474 -207277.81521130813 0.0 1187661.4283949689 -255228.00049278105 0.0 2927381.4031433025 -127262.17215237352 0.0 6697262.240887806 657069.7223369379 0.0 13482526.46702412 2965869.4759620433 0.0 23218581.060386103 7631602.966610841 0.0 33978135.32569822 14570042.398625948 0.0 48068378.09317403 28467781.266849115 0.0 120915.46380544514 -249144.27957369603 0.0 113203.93013833153 -121795.71463841858 0.0 197920.8451548853 -168671.53610390218 0.0 428143.10016756057 -286051.40140794404 0.0 988770.5569652158 -504609.0329620793 0.0 2299961.945193928 -851626.1395500847 0.0 5015949.470225618 -1213667.424278577 0.0 9691380.822610214 -1171975.8949833764 0.0 16085406.654091181 -57549.13001868383 0.0 22737122.81465897 2576514.908754366 0.0 41500084.85810383 14773455.008310754 0.0 184165.03939671398 -329700.1359214259 0.0 138995.64064786315 -144020.96466794636 0.0 228015.90641776123 -210359.13779986714 0.0 466618.5736149939 -381937.7695662305 0.0 1025628.0072202549 -738995.1327295308 0.0 2283891.239579553 -1429097.8314664261 0.0 4789718.3694114685 -2546109.6120614135 0.0 8922174.11811092 -3886333.9894591547 0.0 14288253.627261413 -4787143.914979565 0.0 19469310.13698945 -4413909.438257413 0.0 26551076.752946258 -943863.505566278 0.0 151074.18732628014 -269462.6294130518 0.0 112915.4217577617 -116957.6719019468 0.0 184007.0198863523 -169735.1798636465 0.0 374363.33490837325 -306401.4833529027 0.0 818771.9057326453 -589839.5083274092 0.0 1818383.932649277 -1137233.4354234338 0.0 3812037.4817980467 -2024068.6971342165 0.0 7110027.6883446155 -3089907.282402065 0.0 11411629.842981672 -3806521.4110006257 0.0 15590860.231682092 -3502760.236804958 0.0 21321076.469898395 -677526.342697594 0.0 125006.5865295881 -222412.87384826835 0.0 92663.63327800446 -96019.65106345357 0.0 150077.41480504675 -138513.35169603158 0.0 303733.14726575767 -248729.1302712832 0.0 661307.3660536107 -476577.5643410402 0.0 1465033.1920534864 -916208.967136166 0.0 3069981.7949937624 -1628794.6751211274 0.0 5732093.260310903 -2485934.8762139305 0.0 9217838.852461211 -3061122.7128969524 0.0 12622840.055126807 -2808693.274079675 0.0 17304743.75116823 -478351.9070310421 0.0 104253.88029257659 -185256.9634565005 0.0 76716.43406237665 -79591.28731599863 0.0 123574.61803231419 -114201.49567747542 0.0 248911.2736152057 -204088.08410892144 0.0 539724.7657581122 -389344.71483267867 0.0 1192928.09199698 -746415.9336267993 0.0 2498606.2688400606 -1325193.2508843658 0.0 4669332.69959974 -2021386.7997379322 0.0 7521256.120723055 -2486567.2343638074 0.0 10320192.884068605 -2272645.5363603053 0.0 14178722.234682169 -327393.84472542326 0.0 87568.2791335886 -155613.56945232683 0.0 64018.61391621234 -66557.49335091804 0.0 102621.6328584428 -95041.66790031138 0.0 205817.0058917442 -169096.65289644015 0.0 444608.0828192023 -321279.7943526192 0.0 980576.6392435312 -614245.1959211098 0.0 2052763.221003739 -1088907.84287322 0.0 3838803.2414558157 -1659373.3828667845 0.0 6192099.008048728 -2037923.8996119904 0.0 8510908.794448847 -1853255.5429616957 0.0 11715137.487586118 -211361.03254120293 0.0 74027.87137679316 -131740.02540571717 0.0 53803.14812398348 -56110.84752717587 0.0 85870.32589227571 -79775.0864901781 0.0 171542.576518271 -141351.119692286 0.0 369288.45620472194 -267533.4377980401 0.0 812800.6851449084 -510103.0397016127 0.0 1700559.8803325994 -902761.9590527293 0.0 3181790.1288652583 -1373826.058618549 0.0 5138202.917327617 -1683348.1788022388 0.0 7072387.830022744 -1521118.6348652272 0.0 9750969.690750616 -120815.8522240169 0.0 62944.049135928544 -112346.32689157428 0.0 45505.39656638516 -47659.16916928796 0.0 72338.85707759537 -67487.70297608903 0.0 143985.63976694725 -119117.82399357468 0.0 308971.4836756111 -224626.56882119004 0.0 678719.7199152483 -427124.93964561075 0.0 1419126.1379031506 -754460.3343757042 0.0 2656108.4120385353 -1146049.812764757 0.0 4293154.3431285815 -1399941.3323053753 0.0 5915981.956373129 -1255031.269164621 0.0 8167935.530993627 -48974.472173188 0.0 53797.07894782718 -96467.13395756186 0.0 38704.713165883484 -40762.89223523302 0.0 61302.7593298454 -57507.06442952997 0.0 121605.30446737644 -101129.24912809588 0.0 260161.69721907386 -190028.11939697634 0.0 570420.8408003809 -360328.3399531802 0.0 1191829.293944049 -635077.8136825034 0.0 2231024.001918055 -962450.8858545086 0.0 3608433.6627390576 -1171011.190982593 0.0 4976719.104765602 -1039496.2894487682 0.0 6879060.255297532 9100.736880014385 0.0 46190.74290260564 -83372.60319236488 0.0 33084.15915731656 -35092.0313423981 0.0 52220.85339514836 -49332.37234865447 0.0 103257.6069755001 -86446.82519527488 0.0 220276.83106254027 -161872.51843851488 0.0 482072.2633261988 -306048.7629839898 0.0 1006411.3306589139 -538049.9906887154 0.0 1883849.195667231 -813015.3143127582 0.0 3048131.0744931195 -984231.981365789 0.0 4206366.719395831 -863040.8302383618 0.0 5819579.026611768 57050.871677322146 0.0 39820.061118036596 -72505.55586083232 0.0 28402.34923506081 -30396.223175616127 0.0 44684.1415792915 -42586.37386154952 0.0 88082.9093782699 -74367.24267017966 0.0 187385.3560965999 -138767.80575512486 0.0 409321.6084870959 -261557.63146424 0.0 853724.1951975601 -458488.78183727723 0.0 1597626.3176986238 -690275.0081860042 0.0 2585340.3579082624 -830390.0104585811 0.0 3568681.1806558627 -717065.908417734 0.0 4940683.469718292 97598.83133845989 0.0 34448.08807452549 -63436.72406929853 0.0 24473.538669906702 -26483.614658874798 0.0 38380.082595661006 -36981.82587309522 0.0 75427.75999317248 -64357.583270363364 0.0 160025.33332884425 -119663.43639979976 0.0 348881.6017022367 -224799.52786402105 0.0 726858.8078804099 -392711.718638868 0.0 1359529.384687809 -588595.2639803246 0.0 2199663.33099638 -702516.8660636735 0.0 3036109.523537833 -595048.9729126397 0.0 4205165.523573754 132812.6972362616 0.0 29889.068807413725 -55832.546567698184 0.0 21153.377819463934 -23205.813625389026 0.0 33067.30394120271 -32297.823013447163 0.0 64789.955920332286 -56009.814761599555 0.0 137077.70565566636 -103757.98444033162 0.0 298240.9375660897 -194209.12605447817 0.0 620537.1148562385 -337913.87857365614 0.0 1159746.4711069278 -503677.26917560847 0.0 1875460.1220884381 -595282.5720782978 0.0 2587469.6646213396 -491983.9808857573 0.0 3584344.028228157 164291.2391497031 0.0 25996.096673552183 -49431.76974982466 0.0 18328.610256485175 -20447.04463893486 0.0 28557.488966639332 -28362.89028468615 0.0 55779.438019974245 -49008.47604265443 0.0 117676.53812555676 -90433.8903210667 0.0 255459.90347186214 -168582.01444314985 0.0 530682.3114207584 -291936.33554435894 0.0 990688.2928746878 -432206.3647901947 0.0 1600606.9899902472 -504565.4532747565 0.0 2206298.6573393997 -403983.38333329867 0.0 3055869.857958144 193296.1881581839 0.0 22651.98726117082 -44028.2900133233 0.0 15909.54893335869 -18116.25916669591 0.0 24702.25585673235 -25042.77295917288 0.0 48090.12689202024 -43107.463594083296 0.0 101144.66258282925 -79210.78031177455 0.0 219024.1512441645 -146982.45422687745 0.0 454111.31800426566 -253100.77733881393 0.0 846421.0184968541 -371600.39848547877 0.0 1365603.9195564436 -427143.62980867317 0.0 1879662.6939392714 -327991.81207459833 0.0 2602140.1495789075 220847.82347926148 0.0 19762.47061826251 -39458.46395512968 0.0 13824.564036127998 -16141.384915348259 0.0 21383.549607585956 -22231.526835157583 0.0 41479.409808242424 -38113.17490717584 0.0 86947.0026249926 -69711.69942441645 0.0 187738.85040010995 -128676.76770181673 0.0 388312.16394369554 -220090.04275681925 0.0 722255.0616562618 -319827.64150303655 0.0 1162926.1253097015 -360471.2165697644 0.0 1597289.9958416678 -261577.69808584705 0.0 2209139.6631740346 247795.1082173714 0.0 17251.068850633987 -35591.64765070195 0.0 12015.770667451276 -14464.82466206017 0.0 18506.582459934576 -19845.006858913508 0.0 35753.03761651684 -33872.14377500149 0.0 74656.34374877269 -61638.42952569183 0.0 160651.20671550347 -113084.72204047968 0.0 331281.01408368634 -191860.89843467195 0.0 614443.6009041413 -275273.603905218 0.0 986547.5198476138 -302514.16117208503 0.0 1350931.9429912053 -202779.82296249137 0.0 1865584.8663752372 274868.0917355183 0.0 15055.208842308773 -32323.09184303642 0.0 10436.122779332987 -13040.475782406635 0.0 15994.435561845488 -17815.903354772752 0.0 30753.88670938072 -30261.884846405468 0.0 63927.95648618935 -54753.27121206962 0.0 136993.1174052869 -99743.68965111024 0.0 281401.5331448795 -167579.69986247696 0.0 519959.09006088524 -236642.5883362664 0.0 831586.6590399093 -251628.49839037968 0.0 1133887.1452981364 -149992.95017352537 0.0 1562284.664457155 302717.94990966225 0.0 13123.24699959015 -29568.572287390998 0.0 9046.964991951601 -11831.214460770478 0.0 13783.95359454866 -16089.972618213225 0.0 26353.508586197513 -27184.05557839237 0.0 54480.57821069923 -48865.47382058636 0.0 116138.25998778854 -88281.9761417557 0.0 237354.59178147846 -146574.46383208325 0.0 436325.7230964197 -202884.16685346488 0.0 694040.7178740763 -206469.04893250734 0.0 940642.8777709302 -101881.47549117517 0.0 1291657.523481826 331948.45939861215 0.0 11412.172129594335 -27260.310442792914 0.0 7816.220242695676 -10807.059849993837 0.0 11822.935891731817 -14623.54787539467 0.0 22445.707001852094 -24559.30894308107 0.0 46082.00145133858 -43821.04249874323 0.0 97569.61591821161 -78398.79283531947 0.0 198049.90070350157 -128298.82441605741 0.0 361492.3725510993 -173137.70009780888 0.0 570583.2396273322 -165920.1435318141 0.0 766601.6927887531 -57313.28410066911 0.0 1047362.3201705136 363141.6417849719 0.0 9885.815684261614 -25343.863602906407 0.0 6716.9862967569115 -9943.775265547747 0.0 10067.647749031523 -13381.308798167021 0.0 18941.600586784836 -22323.392377102427 0.0 38538.02359769478 -39495.02353409783 0.0 80854.59187732599 -69849.09163308353 0.0 162573.6017774292 -112304.67120443664 0.0 293734.99722569634 -146690.02228370178 0.0 458408.37542761106 -129042.38304182254 0.0 607870.2079925981 -15308.222733898485 0.0 824012.3443965706 396879.60129102075 0.0 8513.443548717256 -23775.751620057887 0.0 5726.569975705789 -9222.01302570958 0.0 8480.979239474438 -12334.682361645431 0.0 15765.779709351336 -20424.17487007348 0.0 31683.862562081868 -35785.62646724082 0.0 65625.70124365213 -62431.99099641358 0.0 130147.52597987013 -98221.18302795355 0.0 231580.59805503796 -122942.7969761329 0.0 355109.1297534303 -95031.1163122282 0.0 461093.4198772645 25002.876074672426 0.0 616950.2629715458 433764.108169736 0.0 7268.635804105367 -22521.65072635036 0.0 4825.238216749652 -8625.938500141707 0.0 7030.98897418086 -11460.620156811003 0.0 12853.271726610466 -18819.37286056348 0.0 25377.38604554327 -32609.721325249382 0.0 51565.322867703646 -55981.87786974383 0.0 100096.99338280724 -85738.60679537954 0.0 173746.94029824453 -101387.0093322109 0.0 258580.49305821816 -63183.48724430292 0.0 323322.3189542882 64411.62401476824 0.0 422067.70006494893 474435.1783127891 0.0 6128.384121941934 -21555.031021064453 0.0 3995.7523227779106 -8142.8751072351815 0.0 5689.733685027257 -10740.664614820316 0.0 10147.102776616744 -17474.808658900303 0.0 19493.672041011956 -29899.37640057184 0.0 38393.44114346571 -50361.52115394409 0.0 71824.84260159072 -74595.57823118648 0.0 119093.7521734201 -81582.73394578064 0.0 166940.6574330272 -32871.70811838152 0.0 191905.66738826505 103660.24028745403 0.0 235657.17717057664 519589.7238018998 0.0 5072.353269609499 -20856.148313762522 0.0 3222.9593686814947 -7763.139610424846 0.0 4432.308759141941 -10160.24052962396 0.0 7596.296359709619 -16363.080484042333 0.0 13920.53721753129 -27599.19283485875 0.0 25857.541326170893 -45456.71063853445 0.0 44789.94292857297 -64569.09770233796 0.0 66582.14891677274 -63142.79134099109 0.0 78465.14122032981 -3520.782999145127 0.0 64398.94980358275 143466.23221659777 0.0 54287.00230358915 570001.2715306131 0.0 1121.823249962936 -28575.85744211786 0.0 3527.086586813051 -8683.502366059702 0.0 4813.785739737748 -11318.091407433047 0.0 8175.425876739723 -18128.47857161808 0.0 14812.46949137163 -30337.70244925883 0.0 27103.25040483481 -49337.51766658331 0.0 45946.8893117892 -68353.64413257904 0.0 65984.60931833352 -61964.11041210976 0.0 72761.1418716414 12552.524726346937 0.0 49398.298983855646 186968.39673193917 0.0 -62218.34239403175 605511.750423836 0.0
    </DataArray>
    <DataArray type="Float32" Name="Power density [Wm^-3]" NumberOfComponents="1" format="ascii">
7.774195092743396e+18 8.663543244703218e+18 6.593539511698133e+18 4.827519163136236e+18 3.913536277867656e+18 3.484519054904869e+18 3.4233790071130245e+18 3.8013823595901553e+18 4.734892523228498e+18 6.103642235072402e+18 5.512178779292582e+18 4.2843667496411254e+18 4.727210182382601e+18 3.7193245105140506e+18 2.886098840342964e+18 2.44691452231972e+18 2.2541778943957737e+18 2.2793834083482596e+18 2.5945860100496973e+18 3.281081174856061e+18 4.24702167330626e+18 3.3755485118145065e+18 2.02150822074464e+18 2.145487545724419e+18 1.8138897705401393e+18 1.5150313069263652e+18 1.3606245268013038e+18 1.3184508259709396e+18 1.4013304666865787e+18 1.6720448050771732e+18 2.18924734855765e+18 2.893352657700012e+18 2.2539346235475384e+18 8.062990407912691e+17 8.850081443503717e+17 7.680850549116838e+17 6.596137094705064e+17 6.138107975881655e+17 6.314902101802012e+17 7.311532496215251e+17 9.493541302873001e+17 1.304842799610657e+18 1.7453546410575688e+18 1.343245725000794e+18 3.5133870834257555e+17 4.0518508920650054e+17 3.5779621390425043e+17 3.111620069246566e+17 2.986586591094505e+17 3.2889616310111494e+17 4.129597967681519e+17 5.632184437456171e+17 7.770451616767995e+17 1.0198490853840614e+18 7.758787895051099e+17 1.8190906911573674e+17 2.1804275734863453e+17 1.9943733773058198e+17 1.8097851848037504e+17 1.830499273935399e+17 2.13057802346747e+17 2.740240342534086e+17 3.665833708866164e+17 4.8428368135523686e+17 6.080554263461057e+17 4.560386177702057e+17 1.087402245950984e+17 1.3413362916612634e+17 1.2747295850810811e+17 1.2105960030251853e+17 1.2691897774321122e+17 1.5082624814483494e+17 1.9269297027832093e+17 2.489058846906204e+17 3.127736755743754e+17 3.7376359275888634e+17 2.754733057092798e+17 7.145540560762972e+16 8.979098214145179e+16 8.779797275966486e+16 8.582060498174773e+16 9.053410205830858e+16 1.0640401233851966e+17 1.334235360881413e+17 1.6757441554481213e+17 2.0270644144477776e+17 2.324735185303293e+17 1.683862026004802e+17 4.955702480409448e+16 6.290577556808713e+16 6.263030149495721e+16 6.2143545469122104e+16 6.484911131115964e+16 7.378082493972978e+16 8.95562512432411e+16 1.0948747945962834e+17 1.2878601074061189e+17 1.4337095794039112e+17 1.023932810062514e+17 3.513801908008854e+16 4.476111014345751e+16 4.5034841497469336e+16 4.4992283856424664e+16 4.624822923910121e+16 5.056810598076278e+16 5.872936534391984e+16 6.946530905884537e+16 7.972760602183808e+16 8.694161083073125e+16 6.148618989823792e+16 2.4755318171027944e+16 3.145069756693758e+16 3.179679310170166e+16 3.183079107843485e+16 3.230182889330725e+16 3.4104972462840016e+16 3.783461467638607e+16 4.309397256806763e+16 4.828990701778745e+16 5.188511033909343e+16 3.646671455565081e+16 1.6777561740739202e+16 2.1087898104579172e+16 2.1323334887612924e+16 2.136721250926832e+16 2.1540419928279276e+16 2.2235634506284716e+16 2.3836521823227076e+16 2.6285154749799376e+16 2.8802029216241956e+16 3.0565855560672956e+16 2.1402938544725944e+16 1.0488859702467562e+16 1.2837297489288926e+16 1.3045386271396824e+16 1.3211144580831864e+16 1.3386610031860512e+16 1.3740479683637694e+16 1.4621049705753408e+16 1.5780660161069606e+16 1.6920980620148234e+16 1.7777910801215742e+16 1.2447347845969142e+16 5495510646756957.0 6815441541110619.0 7047589225247303.0 7365333093174437.0 7795516973382172.0 8437143095831468.0 8882469565137200.0 9350497969701902.0 9790115963384488.0 1.0303256338683686e+16 7242772830490807.0 3426515208791996.5 4308349956994276.5 4381388470988098.5 4518406238903497.0 4673638700494413.0 4778219063457181.0 5060173173620941.0 5500846876240950.0 5970790760348113.0 6114189254246343.0 4251182594066575.5 2508966529690097.5 3201535222024048.5 3199852685915483.5 3223489773364178.5 3242422998398042.5 3249660824578590.0 3267519945491894.0 3294234259832738.5 3306476385915312.0 3462336041619887.5 2466624353262129.5 2056662405850750.8 2658628662807322.5 2639936044456468.5 2627175199023631.5 2608625345139352.5 2571856558003796.5 2509530157020106.5 2416290892779896.5 2307028903725500.0 2247759698989703.2 1587553724168373.5 1802165607038252.2 2351208822899661.5 2333343355651337.5 2312186602635070.0 2283989719052402.5 2238827145743690.0 2163852555899135.2 2044812399080585.0 1871864311214546.2 1698455820218886.0 1178560223063282.0 1638684903096543.8 2150674569550373.8 2137472755495966.0 2117506704426699.0 2089074843108654.8 2044351562059680.0 1970011577370001.8 1848158759946064.2 1658573764627959.2 1440970163992073.0 986666422225426.5 1522704658268528.8 2005841610593406.2 1996801625377142.2 1980489432426696.0 1955210610840304.2 1914094302241780.0 1844343793697491.0 1727369745789339.8 1539582096643057.0 1310535697946565.0 891074806805092.5 1434247190772027.2 1893849365945109.2 1887717280046626.2 1875015599129453.0 1853638068218637.0 1817074469382449.2 1753045110955796.0 1643174889930249.2 1463233947557011.0 1236091055802626.2 838032101042056.1 1363637740330207.8 1803393771175947.8 1799065879805316.0 1789215143614093.8 1771368798440955.8 1739173331350926.8 1680751536642557.2 1578152533156121.0 1407489077533282.8 1187133010024802.8 804236532343704.6 1305135980197508.2 1727907568999488.0 1724765965645123.2 1717043317479062.8 1702075377240078.8 1673641416022510.2 1620211400103197.8 1524293446071641.2 1362672825183657.0 1150522679893793.8 779643050614938.8 1255586295990640.0 1663706276160450.2 1661349157483479.2 1655175275533820.8 1642446000339013.0 1617089822510821.8 1567902369418374.2 1477844625114963.0 1324469027764255.2 1120563922719122.9 759902513186787.2 1213051927266741.8 1608474892921616.8 1606654868016896.8 1601597263137454.8 1590569448964761.2 1567669001493522.8 1522005983883878.0 1436976546848340.8 1290907915390178.8 1094757672585694.9 743107088581315.1 1247437877477237.2 1558267556094614.8 1555821301247640.0 1550332803557162.0 1538928105609324.0 1515613411790898.0 1469449217377621.2 1384852559713733.0 1249334622628279.8 1086765957174290.9 690566720140176.5 1132047301824900.8 1515000606075804.0 1512644286578877.2 1507873162871749.2 1498229523870117.8 1478844776398192.2 1440486332777098.8 1369748946033820.2 1259895474738751.8 1131486039301445.8 806965477599470.0 1105615956478468.5 1479183568458110.5 1477352699609157.2 1473303038202765.5 1464609149547700.2 1446469606153143.2 1409788097116058.0 1341225176274838.0 1233165475556469.0 1104514363703894.4 785436922947550.6 1082395842078829.8 1447698728229833.5 1446253903980736.0 1442747148683692.8 1434793765701654.2 1417663613328986.5 1382390875681064.0 1315709612462607.0 1209253598808348.8 1080416258788127.5 766213214698516.6 1061964991753437.5 1419982851827942.8 1418826367187552.8 1415732792515870.8 1408362223299933.2 1392056280975294.8 1357972178485895.2 1292920539404686.8 1187889927161115.0 1058898750237443.6 749049155718067.2 1043968495226427.0 1395560530510836.0 1394623425079344.2 1391848642328978.2 1384941853816810.8 1369314472139069.2 1336238303522762.8 1272600380388032.2 1168832267956509.2 1039706142883635.9 733735548955294.4 1028104142180535.0 1374025570327513.2 1373258547448080.2 1370733421084882.8 1364200092787553.2 1349136186479974.5 1316919159805595.2 1254510102589653.8 1151857625518001.2 1022607248278822.6 720085778854064.5 1014112639170048.2 1355028457817846.2 1354395704408855.2 1352069048016130.2 1345840040486284.8 1331247981313087.2 1299766888874701.8 1238428118308127.8 1136759746985039.0 1007390686802937.9 707930510465326.5 1001770482218590.9 1338267219982163.8 1337742244593612.8 1335575641813125.8 1329597412238951.5 1315403523377211.2 1284555595770222.5 1224150564091592.2 1123348803492807.0 993863277894644.9 697115605869329.6 990884478568075.5 1323480353704085.8 1323043181446810.5 1321007351951483.0 1315237878137511.2 1301382249096916.8 1271081054680143.2 1211491624150300.8 1111451505552326.0 981849382533515.1 687501173272383.9 981287367846242.0 1310441125659310.8 1310076397217242.8 1308148653344503.2 1302554480091338.2 1288987816585653.0 1259160033957057.2 1200283447366170.8 1100911012615273.5 971190345831634.0 678960895703611.6 972834228247599.5 1298952853258661.8 1298648526152134.2 1296810988666245.2 1291365089533949.2 1278046348784853.0 1248629237325489.8 1190375608942716.2 1091586482507660.5 961743765560665.4 671381331958836.1 965399477744003.8 1288844935745453.8 1288591388132100.8 1286829727494235.8 1281509951510827.8 1268404562642931.0 1239343976906685.2 1181634219337947.0 1083352305047257.4 953382557384864.6 664661116852170.2 958874347766100.5 1279969487962331.8 1279758892871316.2 1278061434068711.8 1272849369802860.8 1259927885994282.2 1231176707884318.2 1173940814432063.8 1076097123575890.0 945993874956793.1 658710078570107.0 953164744636681.8 1272198474788002.8 1272024357119551.8 1270381436535065.2 1265261573640105.0 1252498641732799.0 1224015531603413.5 1167191144544106.5 1069722747682377.5 939477960224548.9 653448316815876.1 948189434136030.2 1265421270268510.8 1265278187987591.0 1263681685471271.8 1258640788595354.2 1246014352187808.8 1217762743082229.2 1161293950421142.2 1064143039320070.6 933746989177271.0 648805284494854.2 943878501698203.2 1259542575155531.8 1259425889325087.5 1257868883313481.2 1252895518877972.2 1240386193880908.0 1212333471571079.0 1156169786022044.8 1059282830430975.5 928723960866280.4 644718905928882.0 940172053879049.8 1254480656118102.2 1254386357956640.5 1252862867292546.2 1247947039300602.5 1235537617044417.8 1207654442430731.8 1151749925591622.2 1055076909672606.6 924341660928742.9 641134753664507.1 937019121780699.0 1250165855115084.0 1250090432252511.5 1248595220989131.0 1243728086720339.2 1231403132872775.0 1203662874155863.2 1147975376285505.2 1051469100298186.6 920541717632066.4 638005296701336.0 934376745014979.0 1246539342673196.5 1246479678478962.0 1245008101427799.8 1240181744426428.0 1227927267834014.2 1200305515919786.0 1144796006568073.8 1048411440065381.4 917273758646171.0 635289225930577.5 932209211740475.8 1243552075569662.5 1243505367512145.2 1242053249576651.2 1237260496274147.2 1225063671236952.2 1197537819707880.2 1142169790235645.2 1045863465123698.0 914494669599630.0 632950857542198.6 930487427126628.8 1241163943066005.2 1241127634328558.8 1239691171086185.2 1234925437163739.2 1222774365449483.0 1195323240392762.8 1140062163021491.8 1043791596038117.4 912167951883660.4 630959612329448.2 929188394469500.9 1239343049546952.0 1239314782113178.5 1237890459251663.0 1233145622387506.8 1221029127804286.8 1193632657149908.0 1138445488191449.0 1042168623207817.5 910263176023129.6 629289567704015.8 928294835584319.5 1238065179321133.0 1238042749665747.5 1236627271800972.8 1231897560415377.5 1219805005125594.8 1192443915698293.8 1137298630071467.5 1040973289484401.0 908755526701760.6 627919078905341.4 927794909687640.2 1237313405198275.8 1237294719238042.2 1235884946783350.8 1231164837954209.8 1219085952127873.8 1191741484624135.2 1136606630337710.8 1040189965254683.9 907625434199519.5 626830465252218.1 1236856272128669.5 1546273317787437.8 1546345435593237.2 1544840188219894.0 1539517963655199.8 1525691907935900.0 1494066233899938.8 1429541113806534.5 1314876153056723.2 1152035212003528.2 834679675812763.5
    </DataArray>
    <DataArray type="Float32" Name="Temperature [K]" NumberOfComponents="1" format="ascii">
366.9360763703328 391.5830831735517 406.58711365110423 416.44126326022524 423.9037000826869 430.1170676544905 435.4893246427683 439.90066252364994 442.5035879860921 441.41356749891406 433.79717180616035 364.95406834312456 387.6803624234665 402.584008895029 412.8075459066294 420.5991943515427 427.01907530409363 432.47418177795447 436.855853021355 439.3587720738166 438.24245015280917 430.99336516611817 360.59479140594703 379.5944722238827 393.70319317751904 404.2093513020874 412.4233840517793 419.1273717184675 424.6523496205946 428.8827631224906 431.1154690989457 429.96012738582874 423.6170045072553 355.7002858599623 371.3302972659649 384.04779495739695 394.1922078484201 402.38059146038273 409.06582055975286 414.43523042065436 418.3404103580106 420.20711813286266 419.0484570897517 413.7731098885657 350.9388993414664 363.974302228926 375.18353707773394 384.55225308945774 392.31048467323495 398.6595062592094 403.6507327431739 407.11112807759264 408.6037223574756 407.4928443785772 403.19543661950445 346.46901697022116 357.51065836495803 367.3099174431842 375.74370604212197 382.84891032455033 388.66970180694284 393.1656467389673 396.162157946273 397.34535691543465 396.3331064578362 392.8465388055976 342.3134558234442 351.76995168036274 360.3095792654931 367.78631877813666 374.14890570166824 379.35884027923294 383.33055484444657 385.90525892534043 386.86302528981935 385.9824884148591 383.1476330106865 338.4641429669255 346.6194431329063 354.05154254847906 360.61898962057717 366.23517008507446 370.82578082694863 374.2928945104906 376.502409916144 377.30096239332175 376.56157692262633 374.2478935861241 334.90755260060314 341.9708809256912 348.4362298940665 354.17483720221543 359.0903508387253 363.09789443065563 366.1041799637118 368.00173558617246 368.68370758858435 368.0766324792611 366.1791962077525 331.63001427938076 337.7644760703707 343.3895160091671 348.3908734911294 352.67455504218884 356.15733403339937 358.75688441314475 360.38954468485 360.9808961574106 360.4877276482378 358.9217046103771 328.61823145523346 333.95642403399944 338.8531036647133 343.20813818889053 346.9351909346659 349.95798103912256 352.20615742474956 353.61501268716205 354.13235176435546 353.7322575656968 352.4294413841845 325.858987664106 330.51180254258287 334.77843126178817 338.5716795054473 341.81467484918636 344.43984708041637 346.38778180111007 347.6078935132963 348.06279204020126 347.73650923021216 346.6428852860919 323.338914148233 327.40092721612405 331.1234355261983 334.43075067154996 337.255539800372 339.53899555836057 341.2310524887964 342.2914111662691 342.69239808759795 342.42374259655827 341.4971548626349 321.0443199174979 324.5972674278485 327.8504473295072 330.73836653727966 333.2026888590973 335.1927147555309 336.66611020974864 337.590188219548 337.9437521069951 337.71971536885934 336.9274695793866 318.9612306857249 322.0766903785426 324.92526306564315 327.4510623874735 329.6040579386199 331.3410472170683 332.62649844387636 333.43350547963314 333.74501104432295 333.5554550286168 332.872178982678 317.073896639825 319.8124308738168 322.31211080895554 324.52553046647336 326.41006379373965 327.92894338058676 329.0521680674325 329.7573710543345 330.03073707598816 329.8677962889213 329.27400839043065 315.36654836444694 317.77915716458847 319.9773684475375 321.92099005546606 323.5737919546493 324.9045185216746 325.8877550029375 326.50469637123854 326.74382864440605 326.60139686142674 326.08160728532357 313.82397688567664 315.9537284969162 317.8907277689197 319.600818753913 321.0531872148219 322.2212447938442 323.08339595647146 323.6236952382793 323.83237802735084 323.7061832062222 323.2483915585322 312.4317916668942 314.31523983047225 316.02524631694376 317.5326813192569 318.8112731103441 319.83835508033917 320.59551880538675 321.06916527236723 321.25093226883547 321.1379392751498 320.73276323894254 311.1765274781583 312.84486257267343 314.35705548539346 315.68816492059193 316.815719021046 317.7203370953759 318.3862758510675 318.80188832063465 318.95997510793956 318.85798214612106 318.497957859046 310.0456777347849 311.5256461619005 312.86500254883833 314.0423073174749 315.0382705311743 315.8362662305566 316.42278619847394 316.7878219034275 316.92515761201076 316.83253709772276 316.51162007078733 309.02769053288597 310.3423316525375 311.5303163585826 312.573145056933 313.4542000378197 314.15917058403727 314.6764296028524 314.9973526205287 315.11656558284756 315.0320896983777 314.74530339522056 308.11194250460846 309.2811834408676 310.3363141827221 311.2613146176689 312.04181970655736 312.66547141387457 313.12223204730645 313.40465215346296 313.50808242075476 313.4308021354142 313.173987916448 307.28869975014794 308.3298397608944 309.26814977685535 310.08971048740597 310.78206369456035 311.3345046529733 311.73834382437667 311.98713331653613 312.07684992084893 312.00601057989087 311.77564718095994 306.5490704007868 307.47717788807773 308.31259616142165 309.0431939392472 309.6581339075798 310.1481166430145 310.50560039016113 310.7249937707063 310.80281530035666 310.7377981004533 310.5308694403361 305.88495282981216 306.7131929571201 307.4578580259128 308.108345175033 308.6552005315832 309.090323777141 309.40715372885995 309.60083348365293 309.6683505529696 309.6086324012987 309.42252942829396 305.2889819885561 306.0288886844618 306.6934090133145 307.2732518212793 307.76014854153624 308.1470256751089 308.4281624170413 308.59933315390316 308.65793148006355 308.60305778044153 308.4355045603493 304.75447587550104 305.416179316954 306.0098504580928 306.52732799801953 306.96136252059154 307.3057627234584 307.5555300986106 307.7069827247136 307.7578657826447 307.707432183446 307.5564294154172 304.2753830957228 304.8678009994214 305.3987877646587 305.86115852780745 306.24854299061286 306.555510076451 306.7776836930441 306.91185099785065 306.95606154430754 306.90970181566615 306.7734829954824 303.84623241138394 304.3772318084387 304.85272190693917 305.2663641808926 305.61254885094655 305.88650172920524 306.08438431321144 306.20338910326365 306.24182913563476 306.1992071804219 306.07620403156403 303.46208481653923 303.9386196145982 304.3649539080348 304.7354846257994 305.04526158037385 305.2900795363854 305.4665652681577 305.5722620344593 305.6057109590511 305.5665155668324 305.45533033200127 303.1184884558862 303.5467170214949 303.9295005172621 304.26187636648746 304.53946768864114 304.75856305257764 304.91619264089326 305.01020361133385 305.03933454726644 305.0032759326879 304.902658799014 302.81143655444805 303.1968227133446 303.5410196052874 303.83962344719356 304.0887565710825 304.2851368673589 304.42614481030506 304.5098911342726 304.535285382886 304.5020928564421 304.41092326777283 302.5373284157467 302.8847286152452 303.19474404382316 303.46345910777393 303.68743145271054 303.86375274039574 303.9901079791844 304.0648367006197 304.08699647656937 304.05641681098723 303.9736877614622 302.29293346905627 302.60667233314194 302.88642303480094 303.12869689330097 303.3304315318619 303.48904434266336 303.6024853170248 303.6692927115734 303.6886522700633 303.6604484751372 303.5852531212261 302.0753582933346 302.35929439576046 302.61227001440756 302.8311699778801 303.01326377007166 303.1562528065593 303.2583177586882 303.31816953849574 303.3351048514934 303.30905517294286 303.24057527488725 301.8820165102119 302.1395998694026 302.36891638790763 302.56717766792013 302.7319430430358 302.8611616030482 302.9532148437681 303.0069636690228 303.02180080823086 302.9976978357829 302.9351936640123 301.71060141638463 301.9449239597034 302.15337045823674 302.33343821558327 302.4829395823803 302.6000395160804 302.68329425644305 302.7316949354763 302.7447173161145 302.7223671324478 302.6651685641737 301.5590612135152 301.77290125316 301.962981000029 302.1270472076591 302.26313281136066 302.3695906875374 302.445128947237 302.4888516564129 302.5003062869472 302.4795276194902 302.4270262153325 301.4255766887128 301.621438286237 301.7954050050068 301.9454409054842 302.06977081878955 302.1669108708156 302.23570089825876 302.2753427085393 302.28544557979836 302.2660689366769 302.217710833981 301.3085411989629 301.48868916173 301.64857918756616 301.786364003047 301.90043483153465 301.98944916628545 302.05236074127254 302.0884556997413 302.09739643400115 302.0792632172454 302.0345427107606 301.2065428170357 301.3730339613338 301.52069489331404 301.6478413471362 301.7530081423067 301.83497462370616 301.89279256033353 301.92582054157003 301.93376640923964 301.9167280051632 301.875181710595 301.1183485033637 301.27305973040427 301.4101761000839 301.52815322845044 301.6256490303752 301.70154719022156 301.75498331307443 301.7853778265798 301.79247722573825 301.7763940759285 301.7375955901198 301.0428901773045 301.18754383601384 301.31566024197974 301.425813908389 301.5167672815439 301.5874925616279 301.6371963912056 301.66535150658115 301.6717369891965 301.65647764699054 301.62003263196783 300.97925257151644 301.11543952289406 301.23598162341744 301.3395530946955 301.4250039727206 301.4913805621879 301.537948914624 301.5642254454341 301.5700163638361 301.55545654131737 301.5209981694665 300.92666276439905 301.0558635138805 301.1701572227639 301.26830012166045 301.3492142376732 301.4120067366839 301.4559924172642 301.48072348704477 301.48602832521425 301.4720499351967 301.4392346403403 300.88448129737816 301.0080855223089 301.11737471481445 301.2111706284422 301.2884527756835 301.3483768895413 301.39029663849414 301.41379273781723 301.41871118429674 301.40520138082854 301.37370486562565 300.85219479600073 300.97151956354764 301.07698256848363 301.167455563116 301.2419619050071 301.29969435116396 301.3400361830845 301.36258981462254 301.36721462731145 301.3540648471641 301.3235783015102 300.82941002621885 300.9457169717658 301.04848210128785 301.13661237114485 301.2091619993564 301.2653497923275 301.30457985687923 301.3264698557453 301.3308885634554 301.31799357001904 301.28822005832393 300.81584932969383 300.9303610460629 301.031521395699 301.11825825557924 301.1896441788109 301.2449134445156 301.2834825253406 301.30497813438996 301.3092746157471 301.29653154582326 301.2671825234193 300.8113473944451 300.925263267553 301.02589100475006 301.11216542310734 301.1831651574084 301.238129618352 301.27647937910183 301.2978441531668 301.3021001301839 301.2894075434092 301.26019946405484
    </DataArray>
   </PointData>
  </Piece>
 </UnstructuredGrid>
</VTKFile>
