<?xml version="1.0"?>
<VTKFile type="UnstructuredGrid" version="0.1" byte_order="LittleEndian">
 <UnstructuredGrid>
  <Piece NumberOfPoints="561" NumberOfCells="1000">
   <Points>
    <DataArray type="Float32" NumberOfComponents="3" format="ascii">
0.0 1e-08 0.0
0.0 1.1000000000000001e-08 0.0
0.0 1.2000000000000002e-08 0.0
0.0 1.3e-08 0.0
0.0 1.4000000000000001e-08 0.0
0.0 1.5000000000000002e-08 0.0
0.0 1.6e-08 0.0
0.0 1.7e-08 0.0
0.0 1.8000000000000002e-08 0.0
0.0 1.9e-08 0.0
0.0 2e-08 0.0
1e-09 1e-08 0.0
1e-09 1.1000000000000001e-08 0.0
1e-09 1.2000000000000002e-08 0.0
1e-09 1.3e-08 0.0
1e-09 1.4000000000000001e-08 0.0
1e-09 1.5000000000000002e-08 0.0
1e-09 1.6e-08 0.0
1e-09 1.7e-08 0.0
1e-09 1.8000000000000002e-08 0.0
1e-09 1.9e-08 0.0
1e-09 2e-08 0.0
2e-09 1e-08 0.0
2e-09 1.1000000000000001e-08 0.0
2e-09 1.2000000000000002e-08 0.0
2e-09 1.3e-08 0.0
2e-09 1.4000000000000001e-08 0.0
2e-09 1.5000000000000002e-08 0.0
2e-09 1.6e-08 0.0
2e-09 1.7e-08 0.0
2e-09 1.8000000000000002e-08 0.0
2e-09 1.9e-08 0.0
2e-09 2e-08 0.0
3.0000000000000004e-09 1e-08 0.0
3.0000000000000004e-09 1.1000000000000001e-08 0.0
3.0000000000000004e-09 1.2000000000000002e-08 0.0
3.0000000000000004e-09 1.3e-08 0.0
3.0000000000000004e-09 1.4000000000000001e-08 0.0
3.0000000000000004e-09 1.5000000000000002e-08 0.0
3.0000000000000004e-09 1.6e-08 0.0
3.0000000000000004e-09 1.7e-08 0.0
3.0000000000000004e-09 1.8000000000000002e-08 0.0
3.0000000000000004e-09 1.9e-08 0.0
3.0000000000000004e-09 2e-08 0.0
4e-09 1e-08 0.0
4e-09 1.1000000000000001e-08 0.0
4e-09 1.2000000000000002e-08 0.0
4e-09 1.3e-08 0.0
4e-09 1.4000000000000001e-08 0.0
4e-09 1.5000000000000002e-08 0.0
4e-09 1.6e-08 0.0
4e-09 1.7e-08 0.0
4e-09 1.8000000000000002e-08 0.0
4e-09 1.9e-08 0.0
4e-09 2e-08 0.0
5e-09 1e-08 0.0
5e-09 1.1000000000000001e-08 0.0
5e-09 1.2000000000000002e-08 0.0
5e-09 1.3e-08 0.0
5e-09 1.4000000000000001e-08 0.0
5e-09 1.5000000000000002e-08 0.0
5e-09 1.6e-08 0.0
5e-09 1.7e-08 0.0
5e-09 1.8000000000000002e-08 0.0
5e-09 1.9e-08 0.0
5e-09 2e-08 0.0
6.000000000000001e-09 1e-08 0.0
6.000000000000001e-09 1.1000000000000001e-08 0.0
6.000000000000001e-09 1.2000000000000002e-08 0.0
6.000000000000001e-09 1.3e-08 0.0
6.000000000000001e-09 1.4000000000000001e-08 0.0
6.000000000000001e-09 1.5000000000000002e-08 0.0
6.000000000000001e-09 1.6e-08 0.0
6.000000000000001e-09 1.7e-08 0.0
6.000000000000001e-09 1.8000000000000002e-08 0.0
6.000000000000001e-09 1.9e-08 0.0
6.000000000000001e-09 2e-08 0.0
7.000000000000001e-09 1e-08 0.0
7.000000000000001e-09 1.1000000000000001e-08 0.0
7.000000000000001e-09 1.2000000000000002e-08 0.0
7.000000000000001e-09 1.3e-08 0.0
7.000000000000001e-09 1.4000000000000001e-08 0.0
7.000000000000001e-09 1.5000000000000002e-08 0.0
7.000000000000001e-09 1.6e-08 0.0
7.000000000000001e-09 1.7e-08 0.0
7.000000000000001e-09 1.8000000000000002e-08 0.0
7.000000000000001e-09 1.9e-08 0.0
7.000000000000001e-09 2e-08 0.0
8e-09 1e-08 0.0
8e-09 1.1000000000000001e-08 0.0
8e-09 1.2000000000000002e-08 0.0
8e-09 1.3e-08 0.0
8e-09 1.4000000000000001e-08 0.0
8e-09 1.5000000000000002e-08 0.0
8e-09 1.6e-08 0.0
8e-09 1.7e-08 0.0
8e-09 1.8000000000000002e-08 0.0
8e-09 1.9e-08 0.0
8e-09 2e-08 0.0
9.000000000000001e-09 1e-08 0.0
9.000000000000001e-09 1.1000000000000001e-08 0.0
9.000000000000001e-09 1.2000000000000002e-08 0.0
9.000000000000001e-09 1.3e-08 0.0
9.000000000000001e-09 1.4000000000000001e-08 0.0
9.000000000000001e-09 1.5000000000000002e-08 0.0
9.000000000000001e-09 1.6e-08 0.0
9.000000000000001e-09 1.7e-08 0.0
9.000000000000001e-09 1.8000000000000002e-08 0.0
9.000000000000001e-09 1.9e-08 0.0
9.000000000000001e-09 2e-08 0.0
1e-08 1e-08 0.0
1e-08 1.1000000000000001e-08 0.0
1e-08 1.2000000000000002e-08 0.0
1e-08 1.3e-08 0.0
1e-08 1.4000000000000001e-08 0.0
1e-08 1.5000000000000002e-08 0.0
1e-08 1.6e-08 0.0
1e-08 1.7e-08 0.0
1e-08 1.8000000000000002e-08 0.0
1e-08 1.9e-08 0.0
1e-08 2e-08 0.0
1.1000000000000001e-08 1e-08 0.0
1.1000000000000001e-08 1.1000000000000001e-08 0.0
1.1000000000000001e-08 1.2000000000000002e-08 0.0
1.1000000000000001e-08 1.3e-08 0.0
1.1000000000000001e-08 1.4000000000000001e-08 0.0
1.1000000000000001e-08 1.5000000000000002e-08 0.0
1.1000000000000001e-08 1.6e-08 0.0
1.1000000000000001e-08 1.7e-08 0.0
1.1000000000000001e-08 1.8000000000000002e-08 0.0
1.1000000000000001e-08 1.9e-08 0.0
1.1000000000000001e-08 2e-08 0.0
1.2000000000000002e-08 1e-08 0.0
1.2000000000000002e-08 1.1000000000000001e-08 0.0
1.2000000000000002e-08 1.2000000000000002e-08 0.0
1.2000000000000002e-08 1.3e-08 0.0
1.2000000000000002e-08 1.4000000000000001e-08 0.0
1.2000000000000002e-08 1.5000000000000002e-08 0.0
1.2000000000000002e-08 1.6e-08 0.0
1.2000000000000002e-08 1.7e-08 0.0
1.2000000000000002e-08 1.8000000000000002e-08 0.0
1.2000000000000002e-08 1.9e-08 0.0
1.2000000000000002e-08 2e-08 0.0
1.3e-08 1e-08 0.0
1.3e-08 1.1000000000000001e-08 0.0
1.3e-08 1.2000000000000002e-08 0.0
1.3e-08 1.3e-08 0.0
1.3e-08 1.4000000000000001e-08 0.0
1.3e-08 1.5000000000000002e-08 0.0
1.3e-08 1.6e-08 0.0
1.3e-08 1.7e-08 0.0
1.3e-08 1.8000000000000002e-08 0.0
1.3e-08 1.9e-08 0.0
1.3e-08 2e-08 0.0
1.4000000000000001e-08 1e-08 0.0
1.4000000000000001e-08 1.1000000000000001e-08 0.0
1.4000000000000001e-08 1.2000000000000002e-08 0.0
1.4000000000000001e-08 1.3e-08 0.0
1.4000000000000001e-08 1.4000000000000001e-08 0.0
1.4000000000000001e-08 1.5000000000000002e-08 0.0
1.4000000000000001e-08 1.6e-08 0.0
1.4000000000000001e-08 1.7e-08 0.0
1.4000000000000001e-08 1.8000000000000002e-08 0.0
1.4000000000000001e-08 1.9e-08 0.0
1.4000000000000001e-08 2e-08 0.0
1.5000000000000002e-08 1e-08 0.0
1.5000000000000002e-08 1.1000000000000001e-08 0.0
1.5000000000000002e-08 1.2000000000000002e-08 0.0
1.5000000000000002e-08 1.3e-08 0.0
1.5000000000000002e-08 1.4000000000000001e-08 0.0
1.5000000000000002e-08 1.5000000000000002e-08 0.0
1.5000000000000002e-08 1.6e-08 0.0
1.5000000000000002e-08 1.7e-08 0.0
1.5000000000000002e-08 1.8000000000000002e-08 0.0
1.5000000000000002e-08 1.9e-08 0.0
1.5000000000000002e-08 2e-08 0.0
1.6e-08 1e-08 0.0
1.6e-08 1.1000000000000001e-08 0.0
1.6e-08 1.2000000000000002e-08 0.0
1.6e-08 1.3e-08 0.0
1.6e-08 1.4000000000000001e-08 0.0
1.6e-08 1.5000000000000002e-08 0.0
1.6e-08 1.6e-08 0.0
1.6e-08 1.7e-08 0.0
1.6e-08 1.8000000000000002e-08 0.0
1.6e-08 1.9e-08 0.0
1.6e-08 2e-08 0.0
1.7e-08 1e-08 0.0
1.7e-08 1.1000000000000001e-08 0.0
1.7e-08 1.2000000000000002e-08 0.0
1.7e-08 1.3e-08 0.0
1.7e-08 1.4000000000000001e-08 0.0
1.7e-08 1.5000000000000002e-08 0.0
1.7e-08 1.6e-08 0.0
1.7e-08 1.7e-08 0.0
1.7e-08 1.8000000000000002e-08 0.0
1.7e-08 1.9e-08 0.0
1.7e-08 2e-08 0.0
1.8000000000000002e-08 1e-08 0.0
1.8000000000000002e-08 1.1000000000000001e-08 0.0
1.8000000000000002e-08 1.2000000000000002e-08 0.0
1.8000000000000002e-08 1.3e-08 0.0
1.8000000000000002e-08 1.4000000000000001e-08 0.0
1.8000000000000002e-08 1.5000000000000002e-08 0.0
1.8000000000000002e-08 1.6e-08 0.0
1.8000000000000002e-08 1.7e-08 0.0
1.8000000000000002e-08 1.8000000000000002e-08 0.0
1.8000000000000002e-08 1.9e-08 0.0
1.8000000000000002e-08 2e-08 0.0
1.9e-08 1e-08 0.0
1.9e-08 1.1000000000000001e-08 0.0
1.9e-08 1.2000000000000002e-08 0.0
1.9e-08 1.3e-08 0.0
1.9e-08 1.4000000000000001e-08 0.0
1.9e-08 1.5000000000000002e-08 0.0
1.9e-08 1.6e-08 0.0
1.9e-08 1.7e-08 0.0
1.9e-08 1.8000000000000002e-08 0.0
1.9e-08 1.9e-08 0.0
1.9e-08 2e-08 0.0
2e-08 1e-08 0.0
2e-08 1.1000000000000001e-08 0.0
2e-08 1.2000000000000002e-08 0.0
2e-08 1.3e-08 0.0
2e-08 1.4000000000000001e-08 0.0
2e-08 1.5000000000000002e-08 0.0
2e-08 1.6e-08 0.0
2e-08 1.7e-08 0.0
2e-08 1.8000000000000002e-08 0.0
2e-08 1.9e-08 0.0
2e-08 2e-08 0.0
2.1000000000000003e-08 1e-08 0.0
2.1000000000000003e-08 1.1000000000000001e-08 0.0
2.1000000000000003e-08 1.2000000000000002e-08 0.0
2.1000000000000003e-08 1.3e-08 0.0
2.1000000000000003e-08 1.4000000000000001e-08 0.0
2.1000000000000003e-08 1.5000000000000002e-08 0.0
2.1000000000000003e-08 1.6e-08 0.0
2.1000000000000003e-08 1.7e-08 0.0
2.1000000000000003e-08 1.8000000000000002e-08 0.0
2.1000000000000003e-08 1.9e-08 0.0
2.1000000000000003e-08 2e-08 0.0
2.2000000000000002e-08 1e-08 0.0
2.2000000000000002e-08 1.1000000000000001e-08 0.0
2.2000000000000002e-08 1.2000000000000002e-08 0.0
2.2000000000000002e-08 1.3e-08 0.0
2.2000000000000002e-08 1.4000000000000001e-08 0.0
2.2000000000000002e-08 1.5000000000000002e-08 0.0
2.2000000000000002e-08 1.6e-08 0.0
2.2000000000000002e-08 1.7e-08 0.0
2.2000000000000002e-08 1.8000000000000002e-08 0.0
2.2000000000000002e-08 1.9e-08 0.0
2.2000000000000002e-08 2e-08 0.0
2.3e-08 1e-08 0.0
2.3e-08 1.1000000000000001e-08 0.0
2.3e-08 1.2000000000000002e-08 0.0
2.3e-08 1.3e-08 0.0
2.3e-08 1.4000000000000001e-08 0.0
2.3e-08 1.5000000000000002e-08 0.0
2.3e-08 1.6e-08 0.0
2.3e-08 1.7e-08 0.0
2.3e-08 1.8000000000000002e-08 0.0
2.3e-08 1.9e-08 0.0
2.3e-08 2e-08 0.0
2.4000000000000003e-08 1e-08 0.0
2.4000000000000003e-08 1.1000000000000001e-08 0.0
2.4000000000000003e-08 1.2000000000000002e-08 0.0
2.4000000000000003e-08 1.3e-08 0.0
2.4000000000000003e-08 1.4000000000000001e-08 0.0
2.4000000000000003e-08 1.5000000000000002e-08 0.0
2.4000000000000003e-08 1.6e-08 0.0
2.4000000000000003e-08 1.7e-08 0.0
2.4000000000000003e-08 1.8000000000000002e-08 0.0
2.4000000000000003e-08 1.9e-08 0.0
2.4000000000000003e-08 2e-08 0.0
2.5000000000000002e-08 1e-08 0.0
2.5000000000000002e-08 1.1000000000000001e-08 0.0
2.5000000000000002e-08 1.2000000000000002e-08 0.0
2.5000000000000002e-08 1.3e-08 0.0
2.5000000000000002e-08 1.4000000000000001e-08 0.0
2.5000000000000002e-08 1.5000000000000002e-08 0.0
2.5000000000000002e-08 1.6e-08 0.0
2.5000000000000002e-08 1.7e-08 0.0
2.5000000000000002e-08 1.8000000000000002e-08 0.0
2.5000000000000002e-08 1.9e-08 0.0
2.5000000000000002e-08 2e-08 0.0
2.6e-08 1e-08 0.0
2.6e-08 1.1000000000000001e-08 0.0
2.6e-08 1.2000000000000002e-08 0.0
2.6e-08 1.3e-08 0.0
2.6e-08 1.4000000000000001e-08 0.0
2.6e-08 1.5000000000000002e-08 0.0
2.6e-08 1.6e-08 0.0
2.6e-08 1.7e-08 0.0
2.6e-08 1.8000000000000002e-08 0.0
2.6e-08 1.9e-08 0.0
2.6e-08 2e-08 0.0
2.7e-08 1e-08 0.0
2.7e-08 1.1000000000000001e-08 0.0
2.7e-08 1.2000000000000002e-08 0.0
2.7e-08 1.3e-08 0.0
2.7e-08 1.4000000000000001e-08 0.0
2.7e-08 1.5000000000000002e-08 0.0
2.7e-08 1.6e-08 0.0
2.7e-08 1.7e-08 0.0
2.7e-08 1.8000000000000002e-08 0.0
2.7e-08 1.9e-08 0.0
2.7e-08 2e-08 0.0
2.8000000000000003e-08 1e-08 0.0
2.8000000000000003e-08 1.1000000000000001e-08 0.0
2.8000000000000003e-08 1.2000000000000002e-08 0.0
2.8000000000000003e-08 1.3e-08 0.0
2.8000000000000003e-08 1.4000000000000001e-08 0.0
2.8000000000000003e-08 1.5000000000000002e-08 0.0
2.8000000000000003e-08 1.6e-08 0.0
2.8000000000000003e-08 1.7e-08 0.0
2.8000000000000003e-08 1.8000000000000002e-08 0.0
2.8000000000000003e-08 1.9e-08 0.0
2.8000000000000003e-08 2e-08 0.0
2.9e-08 1e-08 0.0
2.9e-08 1.1000000000000001e-08 0.0
2.9e-08 1.2000000000000002e-08 0.0
2.9e-08 1.3e-08 0.0
2.9e-08 1.4000000000000001e-08 0.0
2.9e-08 1.5000000000000002e-08 0.0
2.9e-08 1.6e-08 0.0
2.9e-08 1.7e-08 0.0
2.9e-08 1.8000000000000002e-08 0.0
2.9e-08 1.9e-08 0.0
2.9e-08 2e-08 0.0
3.0000000000000004e-08 1e-08 0.0
3.0000000000000004e-08 1.1000000000000001e-08 0.0
3.0000000000000004e-08 1.2000000000000002e-08 0.0
3.0000000000000004e-08 1.3e-08 0.0
3.0000000000000004e-08 1.4000000000000001e-08 0.0
3.0000000000000004e-08 1.5000000000000002e-08 0.0
3.0000000000000004e-08 1.6e-08 0.0
3.0000000000000004e-08 1.7e-08 0.0
3.0000000000000004e-08 1.8000000000000002e-08 0.0
3.0000000000000004e-08 1.9e-08 0.0
3.0000000000000004e-08 2e-08 0.0
3.1e-08 1e-08 0.0
3.1e-08 1.1000000000000001e-08 0.0
3.1e-08 1.2000000000000002e-08 0.0
3.1e-08 1.3e-08 0.0
3.1e-08 1.4000000000000001e-08 0.0
3.1e-08 1.5000000000000002e-08 0.0
3.1e-08 1.6e-08 0.0
3.1e-08 1.7e-08 0.0
3.1e-08 1.8000000000000002e-08 0.0
3.1e-08 1.9e-08 0.0
3.1e-08 2e-08 0.0
3.2e-08 1e-08 0.0
3.2e-08 1.1000000000000001e-08 0.0
3.2e-08 1.2000000000000002e-08 0.0
3.2e-08 1.3e-08 0.0
3.2e-08 1.4000000000000001e-08 0.0
3.2e-08 1.5000000000000002e-08 0.0
3.2e-08 1.6e-08 0.0
3.2e-08 1.7e-08 0.0
3.2e-08 1.8000000000000002e-08 0.0
3.2e-08 1.9e-08 0.0
3.2e-08 2e-08 0.0
3.3000000000000004e-08 1e-08 0.0
3.3000000000000004e-08 1.1000000000000001e-08 0.0
3.3000000000000004e-08 1.2000000000000002e-08 0.0
3.3000000000000004e-08 1.3e-08 0.0
3.3000000000000004e-08 1.4000000000000001e-08 0.0
3.3000000000000004e-08 1.5000000000000002e-08 0.0
3.3000000000000004e-08 1.6e-08 0.0
3.3000000000000004e-08 1.7e-08 0.0
3.3000000000000004e-08 1.8000000000000002e-08 0.0
3.3000000000000004e-08 1.9e-08 0.0
3.3000000000000004e-08 2e-08 0.0
3.4e-08 1e-08 0.0
3.4e-08 1.1000000000000001e-08 0.0
3.4e-08 1.2000000000000002e-08 0.0
3.4e-08 1.3e-08 0.0
3.4e-08 1.4000000000000001e-08 0.0
3.4e-08 1.5000000000000002e-08 0.0
3.4e-08 1.6e-08 0.0
3.4e-08 1.7e-08 0.0
3.4e-08 1.8000000000000002e-08 0.0
3.4e-08 1.9e-08 0.0
3.4e-08 2e-08 0.0
3.5e-08 1e-08 0.0
3.5e-08 1.1000000000000001e-08 0.0
3.5e-08 1.2000000000000002e-08 0.0
3.5e-08 1.3e-08 0.0
3.5e-08 1.4000000000000001e-08 0.0
3.5e-08 1.5000000000000002e-08 0.0
3.5e-08 1.6e-08 0.0
3.5e-08 1.7e-08 0.0
3.5e-08 1.8000000000000002e-08 0.0
3.5e-08 1.9e-08 0.0
3.5e-08 2e-08 0.0
3.6000000000000005e-08 1e-08 0.0
3.6000000000000005e-08 1.1000000000000001e-08 0.0
3.6000000000000005e-08 1.2000000000000002e-08 0.0
3.6000000000000005e-08 1.3e-08 0.0
3.6000000000000005e-08 1.4000000000000001e-08 0.0
3.6000000000000005e-08 1.5000000000000002e-08 0.0
3.6000000000000005e-08 1.6e-08 0.0
3.6000000000000005e-08 1.7e-08 0.0
3.6000000000000005e-08 1.8000000000000002e-08 0.0
3.6000000000000005e-08 1.9e-08 0.0
3.6000000000000005e-08 2e-08 0.0
3.7e-08 1e-08 0.0
3.7e-08 1.1000000000000001e-08 0.0
3.7e-08 1.2000000000000002e-08 0.0
3.7e-08 1.3e-08 0.0
3.7e-08 1.4000000000000001e-08 0.0
3.7e-08 1.5000000000000002e-08 0.0
3.7e-08 1.6e-08 0.0
3.7e-08 1.7e-08 0.0
3.7e-08 1.8000000000000002e-08 0.0
3.7e-08 1.9e-08 0.0
3.7e-08 2e-08 0.0
3.8e-08 1e-08 0.0
3.8e-08 1.1000000000000001e-08 0.0
3.8e-08 1.2000000000000002e-08 0.0
3.8e-08 1.3e-08 0.0
3.8e-08 1.4000000000000001e-08 0.0
3.8e-08 1.5000000000000002e-08 0.0
3.8e-08 1.6e-08 0.0
3.8e-08 1.7e-08 0.0
3.8e-08 1.8000000000000002e-08 0.0
3.8e-08 1.9e-08 0.0
3.8e-08 2e-08 0.0
3.9000000000000005e-08 1e-08 0.0
3.9000000000000005e-08 1.1000000000000001e-08 0.0
3.9000000000000005e-08 1.2000000000000002e-08 0.0
3.9000000000000005e-08 1.3e-08 0.0
3.9000000000000005e-08 1.4000000000000001e-08 0.0
3.9000000000000005e-08 1.5000000000000002e-08 0.0
3.9000000000000005e-08 1.6e-08 0.0
3.9000000000000005e-08 1.7e-08 0.0
3.9000000000000005e-08 1.8000000000000002e-08 0.0
3.9000000000000005e-08 1.9e-08 0.0
3.9000000000000005e-08 2e-08 0.0
4e-08 1e-08 0.0
4e-08 1.1000000000000001e-08 0.0
4e-08 1.2000000000000002e-08 0.0
4e-08 1.3e-08 0.0
4e-08 1.4000000000000001e-08 0.0
4e-08 1.5000000000000002e-08 0.0
4e-08 1.6e-08 0.0
4e-08 1.7e-08 0.0
4e-08 1.8000000000000002e-08 0.0
4e-08 1.9e-08 0.0
4e-08 2e-08 0.0
4.1e-08 1e-08 0.0
4.1e-08 1.1000000000000001e-08 0.0
4.1e-08 1.2000000000000002e-08 0.0
4.1e-08 1.3e-08 0.0
4.1e-08 1.4000000000000001e-08 0.0
4.1e-08 1.5000000000000002e-08 0.0
4.1e-08 1.6e-08 0.0
4.1e-08 1.7e-08 0.0
4.1e-08 1.8000000000000002e-08 0.0
4.1e-08 1.9e-08 0.0
4.1e-08 2e-08 0.0
4.2000000000000006e-08 1e-08 0.0
4.2000000000000006e-08 1.1000000000000001e-08 0.0
4.2000000000000006e-08 1.2000000000000002e-08 0.0
4.2000000000000006e-08 1.3e-08 0.0
4.2000000000000006e-08 1.4000000000000001e-08 0.0
4.2000000000000006e-08 1.5000000000000002e-08 0.0
4.2000000000000006e-08 1.6e-08 0.0
4.2000000000000006e-08 1.7e-08 0.0
4.2000000000000006e-08 1.8000000000000002e-08 0.0
4.2000000000000006e-08 1.9e-08 0.0
4.2000000000000006e-08 2e-08 0.0
4.3e-08 1e-08 0.0
4.3e-08 1.1000000000000001e-08 0.0
4.3e-08 1.2000000000000002e-08 0.0
4.3e-08 1.3e-08 0.0
4.3e-08 1.4000000000000001e-08 0.0
4.3e-08 1.5000000000000002e-08 0.0
4.3e-08 1.6e-08 0.0
4.3e-08 1.7e-08 0.0
4.3e-08 1.8000000000000002e-08 0.0
4.3e-08 1.9e-08 0.0
4.3e-08 2e-08 0.0
4.4000000000000004e-08 1e-08 0.0
4.4000000000000004e-08 1.1000000000000001e-08 0.0
4.4000000000000004e-08 1.2000000000000002e-08 0.0
4.4000000000000004e-08 1.3e-08 0.0
4.4000000000000004e-08 1.4000000000000001e-08 0.0
4.4000000000000004e-08 1.5000000000000002e-08 0.0
4.4000000000000004e-08 1.6e-08 0.0
4.4000000000000004e-08 1.7e-08 0.0
4.4000000000000004e-08 1.8000000000000002e-08 0.0
4.4000000000000004e-08 1.9e-08 0.0
4.4000000000000004e-08 2e-08 0.0
4.5000000000000006e-08 1e-08 0.0
4.5000000000000006e-08 1.1000000000000001e-08 0.0
4.5000000000000006e-08 1.2000000000000002e-08 0.0
4.5000000000000006e-08 1.3e-08 0.0
4.5000000000000006e-08 1.4000000000000001e-08 0.0
4.5000000000000006e-08 1.5000000000000002e-08 0.0
4.5000000000000006e-08 1.6e-08 0.0
4.5000000000000006e-08 1.7e-08 0.0
4.5000000000000006e-08 1.8000000000000002e-08 0.0
4.5000000000000006e-08 1.9e-08 0.0
4.5000000000000006e-08 2e-08 0.0
4.6e-08 1e-08 0.0
4.6e-08 1.1000000000000001e-08 0.0
4.6e-08 1.2000000000000002e-08 0.0
4.6e-08 1.3e-08 0.0
4.6e-08 1.4000000000000001e-08 0.0
4.6e-08 1.5000000000000002e-08 0.0
4.6e-08 1.6e-08 0.0
4.6e-08 1.7e-08 0.0
4.6e-08 1.8000000000000002e-08 0.0
4.6e-08 1.9e-08 0.0
4.6e-08 2e-08 0.0
4.7000000000000004e-08 1e-08 0.0
4.7000000000000004e-08 1.1000000000000001e-08 0.0
4.7000000000000004e-08 1.2000000000000002e-08 0.0
4.7000000000000004e-08 1.3e-08 0.0
4.7000000000000004e-08 1.4000000000000001e-08 0.0
4.7000000000000004e-08 1.5000000000000002e-08 0.0
4.7000000000000004e-08 1.6e-08 0.0
4.7000000000000004e-08 1.7e-08 0.0
4.7000000000000004e-08 1.8000000000000002e-08 0.0
4.7000000000000004e-08 1.9e-08 0.0
4.7000000000000004e-08 2e-08 0.0
4.8000000000000006e-08 1e-08 0.0
4.8000000000000006e-08 1.1000000000000001e-08 0.0
4.8000000000000006e-08 1.2000000000000002e-08 0.0
4.8000000000000006e-08 1.3e-08 0.0
4.8000000000000006e-08 1.4000000000000001e-08 0.0
4.8000000000000006e-08 1.5000000000000002e-08 0.0
4.8000000000000006e-08 1.6e-08 0.0
4.8000000000000006e-08 1.7e-08 0.0
4.8000000000000006e-08 1.8000000000000002e-08 0.0
4.8000000000000006e-08 1.9e-08 0.0
4.8000000000000006e-08 2e-08 0.0
4.9e-08 1e-08 0.0
4.9e-08 1.1000000000000001e-08 0.0
4.9e-08 1.2000000000000002e-08 0.0
4.9e-08 1.3e-08 0.0
4.9e-08 1.4000000000000001e-08 0.0
4.9e-08 1.5000000000000002e-08 0.0
4.9e-08 1.6e-08 0.0
4.9e-08 1.7e-08 0.0
4.9e-08 1.8000000000000002e-08 0.0
4.9e-08 1.9e-08 0.0
4.9e-08 2e-08 0.0
5.0000000000000004e-08 1e-08 0.0
5.0000000000000004e-08 1.1000000000000001e-08 0.0
5.0000000000000004e-08 1.2000000000000002e-08 0.0
5.0000000000000004e-08 1.3e-08 0.0
5.0000000000000004e-08 1.4000000000000001e-08 0.0
5.0000000000000004e-08 1.5000000000000002e-08 0.0
5.0000000000000004e-08 1.6e-08 0.0
5.0000000000000004e-08 1.7e-08 0.0
5.0000000000000004e-08 1.8000000000000002e-08 0.0
5.0000000000000004e-08 1.9e-08 0.0
5.0000000000000004e-08 2e-08 0.0
    </DataArray>
   </Points>
   <Cells>
    <DataArray type="Int32" Name="connectivity" format="ascii">
0 11 1
11 12 1
1 12 2
12 13 2
2 13 3
13 14 3
3 14 4
14 15 4
4 15 5
15 16 5
5 16 6
16 17 6
6 17 7
17 18 7
7 18 8
18 19 8
8 19 9
19 20 9
9 20 10
20 21 10
11 22 12
22 23 12
12 23 13
23 24 13
13 24 14
24 25 14
14 25 15
25 26 15
15 26 16
26 27 16
16 27 17
27 28 17
17 28 18
28 29 18
18 29 19
29 30 19
19 30 20
30 31 20
20 31 21
31 32 21
22 33 23
33 34 23
23 34 24
34 35 24
24 35 25
35 36 25
25 36 26
36 37 26
26 37 27
37 38 27
27 38 28
38 39 28
28 39 29
39 40 29
29 40 30
40 41 30
30 41 31
41 42 31
31 42 32
42 43 32
33 44 34
44 45 34
34 45 35
45 46 35
35 46 36
46 47 36
36 47 37
47 48 37
37 48 38
48 49 38
38 49 39
49 50 39
39 50 40
50 51 40
40 51 41
51 52 41
41 52 42
52 53 42
42 53 43
53 54 43
44 55 45
55 56 45
45 56 46
56 57 46
46 57 47
57 58 47
47 58 48
58 59 48
48 59 49
59 60 49
49 60 50
60 61 50
50 61 51
61 62 51
51 62 52
62 63 52
52 63 53
63 64 53
53 64 54
64 65 54
55 66 56
66 67 56
56 67 57
67 68 57
57 68 58
68 69 58
58 69 59
69 70 59
59 70 60
70 71 60
60 71 61
71 72 61
61 72 62
72 73 62
62 73 63
73 74 63
63 74 64
74 75 64
64 75 65
75 76 65
66 77 67
77 78 67
67 78 68
78 79 68
68 79 69
79 80 69
69 80 70
80 81 70
70 81 71
81 82 71
71 82 72
82 83 72
72 83 73
83 84 73
73 84 74
84 85 74
74 85 75
85 86 75
75 86 76
86 87 76
77 88 78
88 89 78
78 89 79
89 90 79
79 90 80
90 91 80
80 91 81
91 92 81
81 92 82
92 93 82
82 93 83
93 94 83
83 94 84
94 95 84
84 95 85
95 96 85
85 96 86
96 97 86
86 97 87
97 98 87
88 99 89
99 100 89
89 100 90
100 101 90
90 101 91
101 102 91
91 102 92
102 103 92
92 103 93
103 104 93
93 104 94
104 105 94
94 105 95
105 106 95
95 106 96
106 107 96
96 107 97
107 108 97
97 108 98
108 109 98
99 110 100
110 111 100
100 111 101
111 112 101
101 112 102
112 113 102
102 113 103
113 114 103
103 114 104
114 115 104
104 115 105
115 116 105
105 116 106
116 117 106
106 117 107
117 118 107
107 118 108
118 119 108
108 119 109
119 120 109
110 121 111
121 122 111
111 122 112
122 123 112
112 123 113
123 124 113
113 124 114
124 125 114
114 125 115
125 126 115
115 126 116
126 127 116
116 127 117
127 128 117
117 128 118
128 129 118
118 129 119
129 130 119
119 130 120
130 131 120
121 132 122
132 133 122
122 133 123
133 134 123
123 134 124
134 135 124
124 135 125
135 136 125
125 136 126
136 137 126
126 137 127
137 138 127
127 138 128
138 139 128
128 139 129
139 140 129
129 140 130
140 141 130
130 141 131
141 142 131
132 143 133
143 144 133
133 144 134
144 145 134
134 145 135
145 146 135
135 146 136
146 147 136
136 147 137
147 148 137
137 148 138
148 149 138
138 149 139
149 150 139
139 150 140
150 151 140
140 151 141
151 152 141
141 152 142
152 153 142
143 154 144
154 155 144
144 155 145
155 156 145
145 156 146
156 157 146
146 157 147
157 158 147
147 158 148
158 159 148
148 159 149
159 160 149
149 160 150
160 161 150
150 161 151
161 162 151
151 162 152
162 163 152
152 163 153
163 164 153
154 165 155
165 166 155
155 166 156
166 167 156
156 167 157
167 168 157
157 168 158
168 169 158
158 169 159
169 170 159
159 170 160
170 171 160
160 171 161
171 172 161
161 172 162
172 173 162
162 173 163
173 174 163
163 174 164
174 175 164
165 176 166
176 177 166
166 177 167
177 178 167
167 178 168
178 179 168
168 179 169
179 180 169
169 180 170
180 181 170
170 181 171
181 182 171
171 182 172
182 183 172
172 183 173
183 184 173
173 184 174
184 185 174
174 185 175
185 186 175
176 187 177
187 188 177
177 188 178
188 189 178
178 189 179
189 190 179
179 190 180
190 191 180
180 191 181
191 192 181
181 192 182
192 193 182
182 193 183
193 194 183
183 194 184
194 195 184
184 195 185
195 196 185
185 196 186
196 197 186
187 198 188
198 199 188
188 199 189
199 200 189
189 200 190
200 201 190
190 201 191
201 202 191
191 202 192
202 203 192
192 203 193
203 204 193
193 204 194
204 205 194
194 205 195
205 206 195
195 206 196
206 207 196
196 207 197
207 208 197
198 209 199
209 210 199
199 210 200
210 211 200
200 211 201
211 212 201
201 212 202
212 213 202
202 213 203
213 214 203
203 214 204
214 215 204
204 215 205
215 216 205
205 216 206
216 217 206
206 217 207
217 218 207
207 218 208
218 219 208
209 220 210
220 221 210
210 221 211
221 222 211
211 222 212
222 223 212
212 223 213
223 224 213
213 224 214
224 225 214
214 225 215
225 226 215
215 226 216
226 227 216
216 227 217
227 228 217
217 228 218
228 229 218
218 229 219
229 230 219
220 231 221
231 232 221
221 232 222
232 233 222
222 233 223
233 234 223
223 234 224
234 235 224
224 235 225
235 236 225
225 236 226
236 237 226
226 237 227
237 238 227
227 238 228
238 239 228
228 239 229
239 240 229
229 240 230
240 241 230
231 242 232
242 243 232
232 243 233
243 244 233
233 244 234
244 245 234
234 245 235
245 246 235
235 246 236
246 247 236
236 247 237
247 248 237
237 248 238
248 249 238
238 249 239
249 250 239
239 250 240
250 251 240
240 251 241
251 252 241
242 253 243
253 254 243
243 254 244
254 255 244
244 255 245
255 256 245
245 256 246
256 257 246
246 257 247
257 258 247
247 258 248
258 259 248
248 259 249
259 260 249
249 260 250
260 261 250
250 261 251
261 262 251
251 262 252
262 263 252
253 264 254
264 265 254
254 265 255
265 266 255
255 266 256
266 267 256
256 267 257
267 268 257
257 268 258
268 269 258
258 269 259
269 270 259
259 270 260
270 271 260
260 271 261
271 272 261
261 272 262
272 273 262
262 273 263
273 274 263
264 275 265
275 276 265
265 276 266
276 277 266
266 277 267
277 278 267
267 278 268
278 279 268
268 279 269
279 280 269
269 280 270
280 281 270
270 281 271
281 282 271
271 282 272
282 283 272
272 283 273
283 284 273
273 284 274
284 285 274
275 286 287
275 287 276
276 287 288
276 288 277
277 288 289
277 289 278
278 289 290
278 290 279
279 290 291
279 291 280
280 291 292
280 292 281
281 292 293
281 293 282
282 293 294
282 294 283
283 294 295
283 295 284
284 295 296
284 296 285
286 297 298
286 298 287
287 298 299
287 299 288
288 299 300
288 300 289
289 300 301
289 301 290
290 301 302
290 302 291
291 302 303
291 303 292
292 303 304
292 304 293
293 304 305
293 305 294
294 305 306
294 306 295
295 306 307
295 307 296
297 308 309
297 309 298
298 309 310
298 310 299
299 310 311
299 311 300
300 311 312
300 312 301
301 312 313
301 313 302
302 313 314
302 314 303
303 314 315
303 315 304
304 315 316
304 316 305
305 316 317
305 317 306
306 317 318
306 318 307
308 319 320
308 320 309
309 320 321
309 321 310
310 321 322
310 322 311
311 322 323
311 323 312
312 323 324
312 324 313
313 324 325
313 325 314
314 325 326
314 326 315
315 326 327
315 327 316
316 327 328
316 328 317
317 328 329
317 329 318
319 330 331
319 331 320
320 331 332
320 332 321
321 332 333
321 333 322
322 333 334
322 334 323
323 334 335
323 335 324
324 335 336
324 336 325
325 336 337
325 337 326
326 337 338
326 338 327
327 338 339
327 339 328
328 339 340
328 340 329
330 341 342
330 342 331
331 342 343
331 343 332
332 343 344
332 344 333
333 344 345
333 345 334
334 345 346
334 346 335
335 346 347
335 347 336
336 347 348
336 348 337
337 348 349
337 349 338
338 349 350
338 350 339
339 350 351
339 351 340
341 352 353
341 353 342
342 353 354
342 354 343
343 354 355
343 355 344
344 355 356
344 356 345
345 356 357
345 357 346
346 357 358
346 358 347
347 358 359
347 359 348
348 359 360
348 360 349
349 360 361
349 361 350
350 361 362
350 362 351
352 363 364
352 364 353
353 364 365
353 365 354
354 365 366
354 366 355
355 366 367
355 367 356
356 367 368
356 368 357
357 368 369
357 369 358
358 369 370
358 370 359
359 370 371
359 371 360
360 371 372
360 372 361
361 372 373
361 373 362
363 374 375
363 375 364
364 375 376
364 376 365
365 376 377
365 377 366
366 377 378
366 378 367
367 378 379
367 379 368
368 379 380
368 380 369
369 380 381
369 381 370
370 381 382
370 382 371
371 382 383
371 383 372
372 383 384
372 384 373
374 385 386
374 386 375
375 386 387
375 387 376
376 387 388
376 388 377
377 388 389
377 389 378
378 389 390
378 390 379
379 390 391
379 391 380
380 391 392
380 392 381
381 392 393
381 393 382
382 393 394
382 394 383
383 394 395
383 395 384
385 396 397
385 397 386
386 397 398
386 398 387
387 398 399
387 399 388
388 399 400
388 400 389
389 400 401
389 401 390
390 401 402
390 402 391
391 402 403
391 403 392
392 403 404
392 404 393
393 404 405
393 405 394
394 405 406
394 406 395
396 407 408
396 408 397
397 408 409
397 409 398
398 409 410
398 410 399
399 410 411
399 411 400
400 411 412
400 412 401
401 412 413
401 413 402
402 413 414
402 414 403
403 414 415
403 415 404
404 415 416
404 416 405
405 416 417
405 417 406
407 418 419
407 419 408
408 419 420
408 420 409
409 420 421
409 421 410
410 421 422
410 422 411
411 422 423
411 423 412
412 423 424
412 424 413
413 424 425
413 425 414
414 425 426
414 426 415
415 426 427
415 427 416
416 427 428
416 428 417
418 429 430
418 430 419
419 430 431
419 431 420
420 431 432
420 432 421
421 432 433
421 433 422
422 433 434
422 434 423
423 434 435
423 435 424
424 435 436
424 436 425
425 436 437
425 437 426
426 437 438
426 438 427
427 438 439
427 439 428
429 440 441
429 441 430
430 441 442
430 442 431
431 442 443
431 443 432
432 443 444
432 444 433
433 444 445
433 445 434
434 445 446
434 446 435
435 446 447
435 447 436
436 447 448
436 448 437
437 448 449
437 449 438
438 449 450
438 450 439
440 451 452
440 452 441
441 452 453
441 453 442
442 453 454
442 454 443
443 454 455
443 455 444
444 455 456
444 456 445
445 456 457
445 457 446
446 457 458
446 458 447
447 458 459
447 459 448
448 459 460
448 460 449
449 460 461
449 461 450
451 462 463
451 463 452
452 463 464
452 464 453
453 464 465
453 465 454
454 465 466
454 466 455
455 466 467
455 467 456
456 467 468
456 468 457
457 468 469
457 469 458
458 469 470
458 470 459
459 470 471
459 471 460
460 471 472
460 472 461
462 473 474
462 474 463
463 474 475
463 475 464
464 475 476
464 476 465
465 476 477
465 477 466
466 477 478
466 478 467
467 478 479
467 479 468
468 479 480
468 480 469
469 480 481
469 481 470
470 481 482
470 482 471
471 482 483
471 483 472
473 484 485
473 485 474
474 485 486
474 486 475
475 486 487
475 487 476
476 487 488
476 488 477
477 488 489
477 489 478
478 489 490
478 490 479
479 490 491
479 491 480
480 491 492
480 492 481
481 492 493
481 493 482
482 493 494
482 494 483
484 495 496
484 496 485
485 496 497
485 497 486
486 497 498
486 498 487
487 498 499
487 499 488
488 499 500
488 500 489
489 500 501
489 501 490
490 501 502
490 502 491
491 502 503
491 503 492
492 503 504
492 504 493
493 504 505
493 505 494
495 506 507
495 507 496
496 507 508
496 508 497
497 508 509
497 509 498
498 509 510
498 510 499
499 510 511
499 511 500
500 511 512
500 512 501
501 512 513
501 513 502
502 513 514
502 514 503
503 514 515
503 515 504
504 515 516
504 516 505
506 517 518
506 518 507
507 518 519
507 519 508
508 519 520
508 520 509
509 520 521
509 521 510
510 521 522
510 522 511
511 522 523
511 523 512
512 523 524
512 524 513
513 524 525
513 525 514
514 525 526
514 526 515
515 526 527
515 527 516
517 528 529
517 529 518
518 529 530
518 530 519
519 530 531
519 531 520
520 531 532
520 532 521
521 532 533
521 533 522
522 533 534
522 534 523
523 534 535
523 535 524
524 535 536
524 536 525
525 536 537
525 537 526
526 537 538
526 538 527
528 539 540
528 540 529
529 540 541
529 541 530
530 541 542
530 542 531
531 542 543
531 543 532
532 543 544
532 544 533
533 544 545
533 545 534
534 545 546
534 546 535
535 546 547
535 547 536
536 547 548
536 548 537
537 548 549
537 549 538
539 550 551
539 551 540
540 551 552
540 552 541
541 552 553
541 553 542
542 553 554
542 554 543
543 554 555
543 555 544
544 555 556
544 556 545
545 556 557
545 557 546
546 557 558
546 558 547
547 558 559
547 559 548
548 559 560
548 560 549
    </DataArray>
    <DataArray type="Int32" Name="offsets" format="ascii">
3 6 9 12 15 18 21 24 27 30 33 36 39 42 45 48 51 54 57 60 63 66 69 72 75 78 81 84 87 90 93 96 99 102 105 108 111 114 117 120 123 126 129 132 135 138 141 144 147 150 153 156 159 162 165 168 171 174 177 180 183 186 189 192 195 198 201 204 207 210 213 216 219 222 225 228 231 234 237 240 243 246 249 252 255 258 261 264 267 270 273 276 279 282 285 288 291 294 297 300 303 306 309 312 315 318 321 324 327 330 333 336 339 342 345 348 351 354 357 360 363 366 369 372 375 378 381 384 387 390 393 396 399 402 405 408 411 414 417 420 423 426 429 432 435 438 441 444 447 450 453 456 459 462 465 468 471 474 477 480 483 486 489 492 495 498 501 504 507 510 513 516 519 522 525 528 531 534 537 540 543 546 549 552 555 558 561 564 567 570 573 576 579 582 585 588 591 594 597 600 603 606 609 612 615 618 621 624 627 630 633 636 639 642 645 648 651 654 657 660 663 666 669 672 675 678 681 684 687 690 693 696 699 702 705 708 711 714 717 720 723 726 729 732 735 738 741 744 747 750 753 756 759 762 765 768 771 774 777 780 783 786 789 792 795 798 801 804 807 810 813 816 819 822 825 828 831 834 837 840 843 846 849 852 855 858 861 864 867 870 873 876 879 882 885 888 891 894 897 900 903 906 909 912 915 918 921 924 927 930 933 936 939 942 945 948 951 954 957 960 963 966 969 972 975 978 981 984 987 990 993 996 999 1002 1005 1008 1011 1014 1017 1020 1023 1026 1029 1032 1035 1038 1041 1044 1047 1050 1053 1056 1059 1062 1065 1068 1071 1074 1077 1080 1083 1086 1089 1092 1095 1098 1101 1104 1107 1110 1113 1116 1119 1122 1125 1128 1131 1134 1137 1140 1143 1146 1149 1152 1155 1158 1161 1164 1167 1170 1173 1176 1179 1182 1185 1188 1191 1194 1197 1200 1203 1206 1209 1212 1215 1218 1221 1224 1227 1230 1233 1236 1239 1242 1245 1248 1251 1254 1257 1260 1263 1266 1269 1272 1275 1278 1281 1284 1287 1290 1293 1296 1299 1302 1305 1308 1311 1314 1317 1320 1323 1326 1329 1332 1335 1338 1341 1344 1347 1350 1353 1356 1359 1362 1365 1368 1371 1374 1377 1380 1383 1386 1389 1392 1395 1398 1401 1404 1407 1410 1413 1416 1419 1422 1425 1428 1431 1434 1437 1440 1443 1446 1449 1452 1455 1458 1461 1464 1467 1470 1473 1476 1479 1482 1485 1488 1491 1494 1497 1500 1503 1506 1509 1512 1515 1518 1521 1524 1527 1530 1533 1536 1539 1542 1545 1548 1551 1554 1557 1560 1563 1566 1569 1572 1575 1578 1581 1584 1587 1590 1593 1596 1599 1602 1605 1608 1611 1614 1617 1620 1623 1626 1629 1632 1635 1638 1641 1644 1647 1650 1653 1656 1659 1662 1665 1668 1671 1674 1677 1680 1683 1686 1689 1692 1695 1698 1701 1704 1707 1710 1713 1716 1719 1722 1725 1728 1731 1734 1737 1740 1743 1746 1749 1752 1755 1758 1761 1764 1767 1770 1773 1776 1779 1782 1785 1788 1791 1794 1797 1800 1803 1806 1809 1812 1815 1818 1821 1824 1827 1830 1833 1836 1839 1842 1845 1848 1851 1854 1857 1860 1863 1866 1869 1872 1875 1878 1881 1884 1887 1890 1893 1896 1899 1902 1905 1908 1911 1914 1917 1920 1923 1926 1929 1932 1935 1938 1941 1944 1947 1950 1953 1956 1959 1962 1965 1968 1971 1974 1977 1980 1983 1986 1989 1992 1995 1998 2001 2004 2007 2010 2013 2016 2019 2022 2025 2028 2031 2034 2037 2040 2043 2046 2049 2052 2055 2058 2061 2064 2067 2070 2073 2076 2079 2082 2085 2088 2091 2094 2097 2100 2103 2106 2109 2112 2115 2118 2121 2124 2127 2130 2133 2136 2139 2142 2145 2148 2151 2154 2157 2160 2163 2166 2169 2172 2175 2178 2181 2184 2187 2190 2193 2196 2199 2202 2205 2208 2211 2214 2217 2220 2223 2226 2229 2232 2235 2238 2241 2244 2247 2250 2253 2256 2259 2262 2265 2268 2271 2274 2277 2280 2283 2286 2289 2292 2295 2298 2301 2304 2307 2310 2313 2316 2319 2322 2325 2328 2331 2334 2337 2340 2343 2346 2349 2352 2355 2358 2361 2364 2367 2370 2373 2376 2379 2382 2385 2388 2391 2394 2397 2400 2403 2406 2409 2412 2415 2418 2421 2424 2427 2430 2433 2436 2439 2442 2445 2448 2451 2454 2457 2460 2463 2466 2469 2472 2475 2478 2481 2484 2487 2490 2493 2496 2499 2502 2505 2508 2511 2514 2517 2520 2523 2526 2529 2532 2535 2538 2541 2544 2547 2550 2553 2556 2559 2562 2565 2568 2571 2574 2577 2580 2583 2586 2589 2592 2595 2598 2601 2604 2607 2610 2613 2616 2619 2622 2625 2628 2631 2634 2637 2640 2643 2646 2649 2652 2655 2658 2661 2664 2667 2670 2673 2676 2679 2682 2685 2688 2691 2694 2697 2700 2703 2706 2709 2712 2715 2718 2721 2724 2727 2730 2733 2736 2739 2742 2745 2748 2751 2754 2757 2760 2763 2766 2769 2772 2775 2778 2781 2784 2787 2790 2793 2796 2799 2802 2805 2808 2811 2814 2817 2820 2823 2826 2829 2832 2835 2838 2841 2844 2847 2850 2853 2856 2859 2862 2865 2868 2871 2874 2877 2880 2883 2886 2889 2892 2895 2898 2901 2904 2907 2910 2913 2916 2919 2922 2925 2928 2931 2934 2937 2940 2943 2946 2949 2952 2955 2958 2961 2964 2967 2970 2973 2976 2979 2982 2985 2988 2991 2994 2997 3000
    </DataArray>
    <DataArray type="UInt8" Name="types" format="ascii">
5 5 5 5 5 5 5 5 5 5 5 5 5 5 5 5 5 5 5 5 5 5 5 5 5 5 5 5 5 5 5 5 5 5 5 5 5 5 5 5 5 5 5 5 5 5 5 5 5 5 5 5 5 5 5 5 5 5 5 5 5 5 5 5 5 5 5 5 5 5 5 5 5 5 5 5 5 5 5 5 5 5 5 5 5 5 5 5 5 5 5 5 5 5 5 5 5 5 5 5 5 5 5 5 5 5 5 5 5 5 5 5 5 5 5 5 5 5 5 5 5 5 5 5 5 5 5 5 5 5 5 5 5 5 5 5 5 5 5 5 5 5 5 5 5 5 5 5 5 5 5 5 5 5 5 5 5 5 5 5 5 5 5 5 5 5 5 5 5 5 5 5 5 5 5 5 5 5 5 5 5 5 5 5 5 5 5 5 5 5 5 5 5 5 5 5 5 5 5 5 5 5 5 5 5 5 5 5 5 5 5 5 5 5 5 5 5 5 5 5 5 5 5 5 5 5 5 5 5 5 5 5 5 5 5 5 5 5 5 5 5 5 5 5 5 5 5 5 5 5 5 5 5 5 5 5 5 5 5 5 5 5 5 5 5 5 5 5 5 5 5 5 5 5 5 5 5 5 5 5 5 5 5 5 5 5 5 5 5 5 5 5 5 5 5 5 5 5 5 5 5 5 5 5 5 5 5 5 5 5 5 5 5 5 5 5 5 5 5 5 5 5 5 5 5 5 5 5 5 5 5 5 5 5 5 5 5 5 5 5 5 5 5 5 5 5 5 5 5 5 5 5 5 5 5 5 5 5 5 5 5 5 5 5 5 5 5 5 5 5 5 5 5 5 5 5 5 5 5 5 5 5 5 5 5 5 5 5 5 5 5 5 5 5 5 5 5 5 5 5 5 5 5 5 5 5 5 5 5 5 5 5 5 5 5 5 5 5 5 5 5 5 5 5 5 5 5 5 5 5 5 5 5 5 5 5 5 5 5 5 5 5 5 5 5 5 5 5 5 5 5 5 5 5 5 5 5 5 5 5 5 5 5 5 5 5 5 5 5 5 5 5 5 5 5 5 5 5 5 5 5 5 5 5 5 5 5 5 5 5 5 5 5 5 5 5 5 5 5 5 5 5 5 5 5 5 5 5 5 5 5 5 5 5 5 5 5 5 5 5 5 5 5 5 5 5 5 5 5 5 5 5 5 5 5 5 5 5 5 5 5 5 5 5 5 5 5 5 5 5 5 5 5 5 5 5 5 5 5 5 5 5 5 5 5 5 5 5 5 5 5 5 5 5 5 5 5 5 5 5 5 5 5 5 5 5 5 5 5 5 5 5 5 5 5 5 5 5 5 5 5 5 5 5 5 5 5 5 5 5 5 5 5 5 5 5 5 5 5 5 5 5 5 5 5 5 5 5 5 5 5 5 5 5 5 5 5 5 5 5 5 5 5 5 5 5 5 5 5 5 5 5 5 5 5 5 5 5 5 5 5 5 5 5 5 5 5 5 5 5 5 5 5 5 5 5 5 5 5 5 5 5 5 5 5 5 5 5 5 5 5 5 5 5 5 5 5 5 5 5 5 5 5 5 5 5 5 5 5 5 5 5 5 5 5 5 5 5 5 5 5 5 5 5 5 5 5 5 5 5 5 5 5 5 5 5 5 5 5 5 5 5 5 5 5 5 5 5 5 5 5 5 5 5 5 5 5 5 5 5 5 5 5 5 5 5 5 5 5 5 5 5 5 5 5 5 5 5 5 5 5 5 5 5 5 5 5 5 5 5 5 5 5 5 5 5 5 5 5 5 5 5 5 5 5 5 5 5 5 5 5 5 5 5 5 5 5 5 5 5 5 5 5 5 5 5 5 5 5 5 5 5 5 5 5 5 5 5 5 5 5 5 5 5 5 5 5 5 5 5 5 5 5 5 5 5 5 5 5 5 5 5 5 5 5 5 5 5 5 5 5 5 5 5 5 5 5 5 5 5 5 5 5 5 5 5 5 5 5 5 5 5 5 5 5 5 5 5 5 5 5 5 5 5 5 5 5 5 5 5 5 5 5 5 5 5 5 5 5 5 5 5 5 5 5 5 5 5 5 5 5 5 5 5 5 5 5 5 5 5 5 5 5 5 5 5 5 5 5 5 5 5 5 5 5 5 5 5 5 5 5 5 5 5 5 5 5 5 5 5 5 5 5 5 5 5 5 5 5 5 5 5 5 5 5 5 5 5 5 5 5 5 5 5 5 5 5 5 5 5
    </DataArray>
   </Cells>
   <PointData>
    <DataArray type="Float32" Name="Acceptor Doping [log10(m^-3)]" NumberOfComponents="1" format="ascii">
0.0 0.0 0.0 0.0 0.0 0.0 0.0 0.0 0.0 0.0 0.0 0.0 0.0 0.0 0.0 0.0 0.0 0.0 0.0 0.0 0.0 0.0 0.0 0.0 0.0 0.0 0.0 0.0 0.0 0.0 0.0 0.0 0.0 0.0 0.0 0.0 0.0 0.0 0.0 0.0 0.0 0.0 0.0 0.0 0.0 0.0 0.0 0.0 0.0 0.0 0.0 0.0 0.0 0.0 0.0 0.0 0.0 0.0 0.0 0.0 0.0 0.0 0.0 0.0 0.0 0.0 0.0 0.0 0.0 0.0 0.0 0.0 0.0 0.0 0.0 0.0 0.0 0.0 0.0 0.0 0.0 0.0 0.0 0.0 0.0 0.0 0.0 0.0 0.0 0.0 0.0 0.0 0.0 0.0 0.0 0.0 0.0 0.0 0.0 0.0 0.0 0.0 0.0 0.0 0.0 0.0 0.0 0.0 0.0 0.0 0.0 0.0 0.0 0.0 0.0 0.0 0.0 0.0 0.0 0.0 0.0 0.0 0.0 0.0 0.0 0.0 0.0 0.0 0.0 0.0 0.0 0.0 0.0 0.0 0.0 0.0 0.0 0.0 0.0 0.0 0.0 0.0 0.0 0.0 0.0 0.0 0.0 0.0 0.0 0.0 0.0 0.0 0.0 0.0 0.0 0.0 0.0 0.0 0.0 0.0 0.0 0.0 0.0 0.0 0.0 0.0 0.0 0.0 0.0 0.0 0.0 0.0 0.0 0.0 0.0 0.0 0.0 0.0 0.0 0.0 0.0 0.0 0.0 0.0 0.0 0.0 0.0 0.0 0.0 0.0 0.0 0.0 0.0 0.0 0.0 0.0 0.0 0.0 0.0 0.0 0.0 0.0 0.0 0.0 0.0 0.0 0.0 0.0 0.0 0.0 0.0 0.0 0.0 0.0 0.0 0.0 0.0 0.0 0.0 0.0 0.0 0.0 0.0 0.0 0.0 0.0 0.0 0.0 0.0 0.0 0.0 0.0 0.0 0.0 0.0 0.0 0.0 0.0 0.0 0.0 0.0 0.0 0.0 0.0 0.0 0.0 0.0 0.0 0.0 0.0 0.0 0.0 0.0 0.0 0.0 0.0 0.0 0.0 0.0 0.0 0.0 0.0 0.0 0.0 0.0 0.0 0.0 0.0 0.0 0.0 0.0 0.0 0.0 0.0 0.0 0.0 0.0 0.0 0.0 0.0 0.0 0.0 0.0 0.0 0.0 0.0 0.0 0.0 0.0 0.0 0.0 0.0 0.0 0.0 0.0 0.0 0.0 0.0 0.0 0.0 0.0 0.0 0.0 0.0 0.0 0.0 0.0 0.0 0.0 0.0 0.0 0.0 0.0 0.0 0.0 0.0 0.0 0.0 0.0 0.0 0.0 0.0 0.0 0.0 0.0 0.0 0.0 0.0 0.0 0.0 0.0 0.0 0.0 0.0 0.0 0.0 0.0 0.0 0.0 0.0 0.0 0.0 0.0 0.0 0.0 0.0 0.0 0.0 0.0 0.0 0.0 0.0 0.0 0.0 0.0 0.0 0.0 0.0 0.0 0.0 0.0 0.0 0.0 0.0 0.0 0.0 0.0 0.0 0.0 0.0 0.0 0.0 0.0 0.0 0.0 0.0 0.0 0.0 0.0 0.0 0.0 0.0 0.0 0.0 0.0 0.0 0.0 0.0 0.0 0.0 0.0 0.0 0.0 0.0 0.0 0.0 0.0 0.0 0.0 0.0 0.0 0.0 0.0 0.0 0.0 0.0 0.0 0.0 0.0 0.0 0.0 0.0 0.0 0.0 0.0 0.0 0.0 0.0 0.0 0.0 0.0 0.0 0.0 0.0 0.0 0.0 0.0 0.0 0.0 0.0 0.0 0.0 0.0 0.0 0.0 0.0 0.0 0.0 0.0 0.0 0.0 0.0 0.0 0.0 0.0 0.0 0.0 0.0 0.0 0.0 0.0 0.0 0.0 0.0 0.0 0.0 0.0 0.0 0.0 0.0 0.0 0.0 0.0 0.0 0.0 0.0 0.0 0.0 0.0 0.0 0.0 0.0 0.0 0.0 0.0 0.0 0.0 0.0 0.0 0.0 0.0 0.0 0.0 0.0 0.0 0.0 0.0 0.0 0.0 0.0 0.0 0.0 0.0 0.0 0.0 0.0 0.0 0.0 0.0 0.0 0.0 0.0 0.0 0.0 0.0 0.0 0.0 0.0 0.0 0.0 0.0 0.0 0.0 0.0 0.0 0.0 0.0 0.0 0.0 0.0 0.0 0.0 0.0 0.0 0.0 0.0 0.0 0.0 0.0 0.0 0.0 0.0 0.0 0.0 0.0 0.0 0.0 0.0 0.0 0.0 0.0 0.0 0.0 0.0 0.0 0.0 0.0 0.0 0.0 0.0 0.0 0.0 0.0 0.0 0.0 0.0 0.0 0.0 0.0 0.0 0.0
    </DataArray>
    <DataArray type="Float32" Name="Donor Doping [log10(m^-3)]" NumberOfComponents="1" format="ascii">
24.910453317037618 24.909460414776916 24.90744636346112 24.900645614482766 24.88741354010592 24.867361779779632 24.838230205004947 24.793523959024224 24.720282031617494 24.78565801854686 25.299942900022767 24.904582772908295 24.90051038089805 24.895505521017782 24.886809776335962 24.873093673867892 24.852694491726826 24.822983476222095 24.777484294421242 24.7052216468775 24.78195839979023 25.299942900022767 24.88985094572403 24.879686149280875 24.871623213916248 24.861521769406824 24.84708537972282 24.825697592618145 24.794104587148794 24.746509816130878 24.675836800494526 24.773713690273457 25.299942900022767 24.865026344442796 24.850630470484976 24.839508783815393 24.827407570861638 24.81166699709574 24.789808461759094 24.758370319822646 24.710627643261514 24.64134472760008 24.762888131627296 25.299942900022767 24.82954205796103 24.812643271445943 24.799219957199885 24.785854725808775 24.769420611356416 24.747106419850503 24.715202192070194 24.666785387879468 24.599755741921985 24.75179509380219 25.299942900022767 24.78257368604311 24.764260089665587 24.749395175859078 24.735524332866316 24.719184601197178 24.697140145021397 24.66541774242103 24.616889438918385 24.553359881492824 24.741771611513908 25.299942900022767 24.7232205896198 24.704453091628103 24.688834476587193 24.675104192970522 24.659595193124662 24.638542343869066 24.607628665281123 24.559490940864997 24.50139387812958 24.73577305631405 25.299942900022767 24.65052456411162 24.632424813261792 24.61721110177535 24.603639326924863 24.589507113470827 24.570114880211435 24.54055220396101 24.493302365218188 24.443351954094968 24.72997113763745 25.299942900022767 24.563567898542747 24.547200384439094 24.533608476195816 24.521314028265156 24.508262693491805 24.490875705618503 24.46306143359385 24.417196023184072 24.37936722875733 24.72494826182174 25.299942900022767 24.461485337647307 24.44773659123031 24.436534792830816 24.427037623992256 24.41629732528369 24.400506611202502 24.374539289737786 24.330809284762594 24.31119125741376 24.72176436652738 25.299942900022767 24.343345203743542 24.33369920786074 24.327140291241047 24.321330646262496 24.31344240954759 24.30029815951316 24.27643753279909 24.236867406799146 24.249449746053475 24.719635231195067 25.299942900022767 24.20759994673323 24.207110359449395 24.20790721050813 24.20760193332261 24.204495957166362 24.195000024780946 24.17667377877875 24.151253829260313 24.206510558672413 24.718804996129638 25.299942900022767 24.04651552914786 24.05542705002175 24.078993814000583 24.099321575014937 24.10305776918818 24.103165251790767 24.094301502315854 24.0890823423608 24.175883175346637 24.717627043970623 25.299942900022767 23.832249903469883 23.80304972264383 23.855977373986413 23.93111897547581 23.988603966544698 24.00070758319343 24.021547938096017 24.043484283184167 24.14870558566157 24.714658618296095 25.299942900022767 23.66564840198338 23.59087607817825 23.65370839756572 23.741818237239393 23.821592335073575 23.87218337329414 23.923132814914915 23.974918227797257 24.111310487586625 24.70981375875727 25.299942900022767 23.557893212068382 23.44519801668117 23.4997207942435 23.59285999234236 23.690317422930868 23.77057012315198 23.842443669162872 23.90862036395479 24.061734822247086 24.687928538928947 25.299942900022767 23.494934295598426 23.36553293933908 23.41296440293431 23.506375668068397 23.60328053749938 23.69506849794671 23.779288960105553 23.86013418862397 24.041788683571177 24.68515572157553 25.299942900022767 23.456148388740832 23.319191065596467 23.36820298916336 23.46873422803454 23.564893438542303 23.652827488210697 23.738567590049964 23.82582362298768 24.026238108196004 24.68531251089235 25.299942900022767 23.42862640716966 23.286570266716083 23.339475128841176 23.445119977783733 23.543880067229715 23.632277517246386 23.717181955685675 23.80518868908498 24.016010079479376 24.685873967686863 25.299942900022767 23.406809475147316 23.26073757694452 23.317020013470817 23.42719001020691 23.528715767745176 23.619090000953666 23.70497453732894 23.79352132323232 24.0100601088249 24.686419996181005 25.299942900022767 23.388055463578564 23.238871243874687 23.298304023354838 23.412731058156734 23.517148770578192 23.60966625078852 23.697000426602646 23.78679836722436 24.00662952290706 24.68681031666293 25.299942900022767 23.371291234596697 23.2197059272405 23.28216557667804 23.400537259355705 23.507750468398243 23.602438793535534 23.691376849494834 23.78246193056942 24.00448391964034 24.6870061076688 25.299942900022767 23.35602247637105 23.20261277414121 23.267994198856268 23.389973309327182 23.499847209736462 23.59663714644016 23.687166502018524 23.779401762754485 24.002964996696075 24.687013453261034 25.299942900022767 23.34201661446749 23.187245190300374 23.25543081798003 23.380700916638066 23.493060614705595 23.59182898493378 23.683858211762765 23.777099855199943 24.001758834547836 24.686865248520952 25.299942900022767 23.329161739189846 23.173387514420174 23.244240314095624 23.372500918428717 23.48715247085018 23.587750087080476 23.681157404980212 23.775279043839614 24.000721252080847 24.68660217642058 25.299942900022767 23.317456680896132 23.160885760963705 23.234251922915405 23.365219506130142 23.48196419428948 23.58423290603787 23.678888258645205 23.773831464339132 23.999786915544945 24.68626200917173 25.299942900022767 23.306765366413995 23.14961650395887 23.22533042857455 23.358740139328685 23.47738355119231 23.58116647699492 23.6769423675274 23.77262788066483 23.998926831618736 24.685875638376398 25.299942900022767 23.297031493204848 23.139613785754797 23.217361951081674 23.352968808296524 23.473326206047652 23.57847356613964 23.67525027965672 23.77158758155018 23.99812851324811 24.68546656440396 25.299942900022767 23.288197520966328 23.130774074429162 23.21024706860234 23.347826282802362 23.469725437312498 23.576097571933612 23.673765389706162 23.77067516843688 23.997386616708134 24.68505176682655 25.299942900022767 23.280203927890714 23.122828187264613 23.20389737979839 23.343243969205016 23.466526342689175 23.57400379548755 23.672454750665803 23.769867685845405 23.996698543064344 24.68464300876506 25.299942900022767 23.272990105387464 23.11569622832678 23.19823369118862 23.339161602363323 23.46368249863547 23.572151739830502 23.67129381733123 23.769149342983837 23.996062488055067 24.684248103612155 25.299942900022767 23.266495710656198 23.109303932509746 23.19318493594888 23.33552585718739 23.461153957669808 23.57050751763914 23.670263411003607 23.768508556822145 23.995476637553416 24.683871984865572 25.299942900022767 23.260661951731315 23.103582618910707 23.188687406591995 23.33228941866855 23.458905977651387 23.56904713741897 23.669347951313295 23.76793631386474 23.994938988963767 24.683517570390208 25.299942900022767 23.255432608543465 23.09846917486546 23.18468411833574 23.329410284925608 23.456908158054375 23.567750054850578 23.668534410071544 23.76742524241156 23.99444728420382 24.683186366401134 25.299942900022767 23.250754750808987 23.093905976739894 23.18112423046725 23.32685119636821 23.455133809885954 23.566598492846296 23.667811669588605 23.766969096378034 23.993999083480848 24.682878931575246 25.299942900022767 23.24657918199627 23.08984072861413 23.177962502265355 23.324579142221634 23.453559467238453 23.565576969427582 23.667170117878065 23.76656246319167 23.99359187209188 24.682595208176714 25.299942900022767 23.242860662366184 23.086226232483224 23.175158780111317 23.322564922842236 23.452164491029205 23.564671951975523 23.66660137891679 23.766200589111637 23.993223148280638 24.6823347522088 25.299942900022767 23.239557966677264 23.083020107889656 23.17267751786466 23.320782757944038 23.450930737456567 23.56387159172424 23.666098122901545 23.76587927039478 23.992890489051693 24.682096891290946 25.299942900022767 23.236633825731147 23.080184484742833 23.170487334432238 23.31920993574529 23.44984227516483 23.563165511612333 23.665653924972414 23.765594780875272 23.992591596361084 24.681880831743058 25.299942900022767 23.2340547917606 23.07768579774669 23.168560610810943 23.31782650051797 23.44888514226465 23.562544632601956 23.66526315565773 23.765343820359774 23.992324327266182 24.681685730456962 25.299942900022767 23.23179105848959 23.07549606071013 23.16687312746697 23.31661497599947 23.448047136721968 23.562001028732848 23.66492089231694 23.76512347454895 23.992086711723292 24.681510742661665 25.299942900022767 23.229816258641495 23.073586899332188 23.165405277182128 23.315560122106156 23.44731763535649 23.561527804476288 23.664622844842746 23.764931181425847 23.991876961415404 24.681355053378805 25.299942900022767 23.22810725521014 23.071935465613542 23.164139970399127 23.314648722418685 23.44668743791105 23.56111899078923 23.664365293665597 23.764764703293462 23.991693472489608 24.681217897948656 25.299942900022767 23.226643937807523 23.070521973940767 23.16305798719338 23.313869399986622 23.446148633270276 23.560769456769595 23.664145037160694 23.764622102517098 23.991534823122553 24.6810985752772 25.299942900022767 23.225409031684883 23.069329478611646 23.16214588911125 23.31321245910032 23.445694485395453 23.56047483470122 23.663959346795426 23.764501717068107 23.991399766287994 24.680996456449016 25.299942900022767 23.224387924340437 23.06834367882961 23.161392377126287 23.312669750856603 23.4453193369804 23.560231456992756 23.66380592924465 23.764402140445824 23.99128724997769 24.680910991034366 25.299942900022767 23.223568512754543 23.06756392281093 23.160788138004893 23.312234560590877 23.445018529147166 23.56003630374698 23.66368289475827 23.764322207582133 23.991196387244592 24.680841709693507 25.299942900022767 23.222941072999202 23.06697581668679 23.160325717875654 23.311901515482244 23.44478833576341 23.55988695993692 23.66358873121002 23.764260984443634 23.991126456819273 24.680788226362267 25.299942900022767 23.22249815314687 23.066560663962214 23.159999421231785 23.311666510888525 23.444625911213727 23.55978158138658 23.663522283401807 23.764217756504348 23.991076901638834 24.680750239737577 25.299942900022767 23.22223448990098 23.066313530108392 23.15980523389874 23.311526654240275 23.444529250694742 23.55971886891119 23.663482737266676 23.764192019656793 23.99104732610696 24.680727534144328 25.299942900022767 23.22214694907408 23.06623147731046 23.15974076882788 23.311480225598054 23.444497162341218 23.55969805017121 23.663469608760842 23.764183473904552 23.991037493811447 24.680719980017564 25.299942900022767
    </DataArray>
    <DataArray type="Float32" Name="Potential [V]" NumberOfComponents="1" format="ascii">
2.713836809304888 2.623682626466831 2.5375239350642453 2.4559547347654758 2.379584851528366 2.3091692207494434 2.2456857904255543 2.1904768957648466 2.1455362014011756 2.1139327441034106 2.0955988564867476 2.7134875210413587 2.623290280352798 2.5370827817682158 2.455489866129775 2.379125425047954 2.3087391460227003 2.2453056838159093 2.1901678210316398 2.1453235167295173 2.1138373046139076 2.0955988564867476 2.7126110001904022 2.6221796737287932 2.5358314413934786 2.4541845563734306 2.377843326476177 2.3075460887641945 2.2442595500269253 2.189326050576281 2.1447486102977464 2.113574664845965 2.0955988564867476 2.7111339749465193 2.6203743971078763 2.533834228659288 2.452125357061796 2.3758388419977057 2.3056999498235595 2.242663398670905 2.1880620379526285 2.143894148705832 2.113180981907141 2.0955988564867476 2.7090227149789987 2.6178774192955694 2.5311320722381914 2.44938390867577 2.3732041550473766 2.3032994851235653 2.240608666549546 2.186451781078473 2.1428172390282727 2.112688899662162 2.0955988564867476 2.7062281697534414 2.6146807488017414 2.527752465464037 2.4460147322649424 2.370011760002535 2.3004262603261627 2.2381769885382723 2.184567517575586 2.141571642334282 2.1121263911563073 2.0955988564867476 2.7026967526431847 2.6107772040220256 2.523723926761058 2.442071317780376 2.3663299802338034 2.2971541154568422 2.2354390765293815 2.1824690756613156 2.140200479880608 2.1115180125232076 2.0955988564867476 2.6983714519630606 2.6061631093376474 2.5190815875080217 2.437613590667039 2.3622318765208368 2.293559178247255 2.232465476969973 2.180214243115538 2.138742288503808 2.1108746666363847 2.0955988564867476 2.6931976653344636 2.6008379851869377 2.5138649193924927 2.432709248745916 2.3577982802365303 2.289723826568804 2.2293312022224345 2.177863790809476 2.13723813162236 2.1102143873013786 2.0955988564867476 2.6871239114121095 2.594803259169298 2.5081177617501362 2.427431367152523 2.3531181654727233 2.285738166370143 2.2261176654870143 2.175483700378386 2.1357332460192913 2.1095581241433337 2.0955988564867476 2.6800947568200693 2.5880574286816453 2.501892534505523 2.4218650836378193 2.3482896750883686 2.281700626561417 2.222913097346909 2.1731455211273505 2.1342776423303174 2.108924461515924 2.0955988564867476 2.6720181247295813 2.5805798817893875 2.49525299331403 2.416115866795857 2.3434276577231286 2.2777180180874455 2.2198094466971523 2.170921391058445 2.132913940441184 2.108329387705691 2.0955988564867476 2.6624338519159183 2.5722998183960604 2.4883042768015167 2.4103291093322494 2.3386662081113117 2.2739006450826738 2.216889568353854 2.1688631254313533 2.1316611845916267 2.1077779331934496 2.0955988564867476 2.6496853797677695 2.563327278463932 2.481328960088787 2.404718203821767 2.3341502266091605 2.2703359283662876 2.214204380815919 2.166993865085478 2.1305254934692384 2.1072693756057683 2.0955988564867476 2.639772849025519 2.5556084111166917 2.4751377436060853 2.3996796827972338 2.3300749055395107 2.2671281933376655 2.21179696473298 2.1653240721916025 2.1295093588561196 2.1068007786819054 2.0955988564867476 2.633361582481466 2.549836355643049 2.4701574690280856 2.3954764973459155 2.3266126758713486 2.2643788385374206 2.209726209108933 2.163885865266713 2.128626389737155 2.1063597417231095 2.0955988564867476 2.6296156246753304 2.545832979848537 2.4663911463733434 2.3921447439349666 2.323793098046126 2.2621014906691768 2.2079916754195783 2.1626721970939524 2.1278863052691737 2.1060141288098775 2.0955988564867476 2.62730792342017 2.543066535484505 2.463603322508971 2.3895715319062236 2.3215564441945773 2.2602613541749834 2.2065712261213672 2.161668116020766 2.1272729531909347 2.1057389760630585 2.0955988564867476 2.6256704082358664 2.5410685431754905 2.4615199189627517 2.387592170253628 2.3197994119434235 2.258794365727587 2.2054266949196624 2.1608528198237114 2.126773512729625 2.105517676875674 2.0955988564867476 2.6243723346444314 2.5395407460165336 2.459921575729457 2.386054661525703 2.3184175106106593 2.257629211378657 2.204511528630202 2.160198389859773 2.126372038150711 2.105339841042881 2.0955988564867476 2.623256500065769 2.5383065155323146 2.458654507249469 2.3848387490337077 2.3173212606202376 2.256701236287614 2.2037806399276185 2.1596753618026443 2.1260511536294797 2.1051971067598014 2.0955988564867476 2.622259054462517 2.537266633842575 2.4576175205649085 2.383856194586895 2.3164396870759396 2.2559562622322527 2.2031945607857906 2.1592566854267936 2.125794570327133 2.1050822938225178 2.0955988564867476 2.6213505870480143 2.536364632897887 2.4567454276002114 2.38304474593432 2.315719170130737 2.2553512158601716 2.20272072751518 2.1589195121561477 2.125588354884784 2.104989383003064 2.0955988564867476 2.620517260004428 2.5355676790647776 2.4559963086400223 2.382361283464666 2.3151203593912477 2.254853060237378 2.202333367748901 2.158645435732386 2.1254212043921847 2.1049135197820434 2.0955988564867476 2.619752414878541 2.534856191938171 2.4553429369985813 2.3817760770706156 2.3146148273214897 2.2544370489736636 2.2020126694986426 2.1584200901340043 2.125284248908659 2.104850900471049 2.0955988564867476 2.61905598207847 2.534218280152424 2.454767191606245 2.381268465678455 2.314182136958854 2.254084897640906 2.201743694986314 2.1582325130319897 2.1251706812827065 2.1047986025850953 2.0955988564867476 2.6184198654616706 2.5336439739511714 2.4542560727951206 2.3808237418685163 2.3138075216708693 2.253783164955871 2.201515302554573 2.158074435177705 2.1250753494365853 2.1047544085530725 2.0955988564867476 2.6178407151144896 2.5331262383149498 2.4538001758783388 2.380431256366132 2.3134802170970694 2.2535219600863994 2.201319221376642 2.1579396779910014 2.124994390335706 2.1047166487361193 2.0955988564867476 2.6173151074782486 2.532659531131413 2.453392421614123 2.380083111106394 2.313192264290904 2.253293955920814 2.201149304876168 2.1578236407461433 2.1249249195305904 2.1046840698324596 2.0955988564867476 2.616839501097777 2.532239154538655 2.4530272327557023 2.3797732712480015 2.312937662063215 2.253093658164773 2.2010009529121946 2.1577228838821885 2.1248647794405926 2.104655728969877 2.0955988564867476 2.616410289856014 2.5318609619646097 2.4527000332959905 2.3794969764506138 2.3127117766138783 2.2529168730699745 2.2008706797280144 2.1576348127076295 2.124812344884387 2.1046309116733912 2.0955988564867476 2.61602388345 2.5315211997914955 2.4524069421141554 2.379250354914317 2.312510937384836 2.252760333922315 2.200755800261427 2.1575574434228844 2.124766377435878 2.1046090701731788 2.0955988564867476 2.615676783849037 2.531216431785881 2.452144587107761 2.3790301720533957 2.312332162795956 2.2526214396619872 2.2006542060010164 2.157489233410741 2.1247259187830823 2.104589778055334 2.0955988564867476 2.6153656460462633 2.530943502468334 2.451909991396357 2.378833666785819 2.312172974829457 2.2524980725166754 2.2005642065701108 2.157428959925521 2.124690213871233 2.104572697385288 2.0955988564867476 2.615087320771958 2.530699517929881 2.451700501964435 2.3786584441275638 2.3120312739525515 2.2523884727091135 2.2004844190224326 2.1573756344204975 2.1246586562696073 2.1045575552642 2.0955988564867476 2.6148388809088527 2.5304818335389943 2.451513743044296 2.3785024036212716 2.311905254351116 2.252291152394109 2.2004136909101644 2.1573284425222767 2.124630749690167 2.104544127253297 2.0955988564867476 2.6146176347626895 2.530288043598338 2.4513475838284133 2.378363690439298 2.3117933458280167 2.252204836286835 2.200351046856018 2.1572867021220343 2.124606081012918 2.104532225707773 2.0955988564867476 2.6144211294955904 2.5301159709001575 2.45120011448638 2.3782406608147135 2.311694173237618 2.252128420298511 2.2002956512831067 2.1572498340835393 2.1245843013900596 2.104521691572475 2.0955988564867476 2.6142471476481015 2.5299636555706635 2.4510696270689354 2.3781318565707976 2.3116065274365356 2.252060942255934 2.2002467821571536 2.1572173416443534 2.1245651129568337 2.1045123885905905 2.0955988564867476 2.6140936991299895 2.529829343266531 2.450954599411532 2.3780359855105875 2.3115293438286413 2.252001560720017 2.200203812198874 2.1571887957651623 2.1245482594013265 2.1045041991800293 2.0955988564867476 2.6139590105140953 2.5297114730471573 2.4508536810296357 2.3779519056824876 2.3114616859761337 2.251949539255797 2.2001661951629914 2.1571638245369247 2.1245335191785673 2.104497021456955 2.0955988564867476 2.6138415129883863 2.5296086650454015 2.4507656804889724 2.3778786123156164 2.311402732661956 2.251904234414135 2.2001334555739924 2.157142105363224 2.1245207005372784 2.10449076704858 2.0955988564867476 2.613739829936909 2.529519708946127 2.4506895538886995 2.377815226687169 2.3113517673836226 2.251865086295464 2.2001051808532996 2.157123359058153 2.1245096377977384 2.1044853594524704 2.0955988564867476 2.6136527648227905 2.5294435528608905 2.450624394391324 2.3777609865391622 2.311308169656484 2.2518316109716006 2.2000810151398693 2.157107345289484 2.1245001885049684 2.1044807327795794 2.0955988564867476 2.6135792898252954 2.5293792932711927 2.450569423506 2.377715237930427 2.3112714077514007 2.2518033943016316 2.2000606543487837 2.157093858991388 2.1244922312099885 2.1044768307737676 2.0955988564867476 2.6135185355232475 2.52932616596932 2.4505239829136527 2.3776774281153066 2.31124103255663 2.251780086828105 2.2000438421692974 2.157082727502273 2.1244856637225062 2.1044736060376716 2.0955988564867476 2.6134697818057644 2.5292835383079715 2.4504875274212505 2.377647099439882 2.3112166724157084 2.251761399562317 2.2000303668111347 2.1570738082647973 2.124480401704356 2.1044710194106067 2.0955988564867476 2.613432450114223 2.5292509012083446 2.450459618747785 2.377623884187954 2.3111980288536986 2.251747100544253 2.200020058380024 2.157066986989713 2.1244763775599007 2.1044690394763683 2.0955988564867476 2.6134060970705026 2.5292278640028987 2.4504399208035306 2.377607500500886 2.3111848731712668 2.2517370121109215 2.2000127868074 2.1570621762168307 2.124473539571403 2.104467642179938 2.0955988564867476 2.6133904095166263 2.529214151033495 2.4504281962222834 2.3775977492921117 2.311177043852832 2.2517310088207316 2.2000084602833376 2.1570593142300947 2.1244718512491767 2.1044668105394018 2.0955988564867476 2.613385200973305 2.52920959820538 2.450424303671714 2.377594512011294 2.3111744447250757 2.251729015989967 2.2000070241569056 2.157058364299134 2.124471290878038 2.10446653444484 2.0955988564867476
    </DataArray>
    <DataArray type="Float32" Name="Electron density [log10(m^-3)]" NumberOfComponents="1" format="ascii">
24.910453317037618 25.09878945919666 25.120654545689906 25.141571949895575 25.166525518229385 25.19748111822858 25.237339285117226 25.29111507049446 25.36343064371099 25.3833380690242 25.299942900022767 24.904582772908295 25.095952130093586 25.11785461594489 25.138874335501875 25.16402128084802 25.19521625252457 25.235361738367956 25.289505945908164 25.36224538161768 25.382453347402006 25.299942900022767 24.88985094572403 25.08855067252325 25.110781414082012 25.132210046074906 25.15789082730531 25.18970885864557 25.2305781093298 25.285621163856277 25.35931376852052 25.380062653122422 25.299942900022767 24.865026344442796 25.077861144454495 25.100763519265982 25.12285341575271 25.149347562277345 25.18212596512029 25.224098538256943 25.280405722224508 25.355264468051832 25.376540122429063 25.299942900022767 24.82954205796103 25.064764347436594 25.088714981214483 25.1117113839992 25.1392378663714 25.173171021886183 25.216430004020495 25.27420012672802 25.350359991146604 25.372219587398636 25.299942900022767 24.78257368604311 25.04984794303294 25.075190234516946 25.09929309358769 25.128024320873436 25.163264982879667 25.207952240771693 25.26732772316745 25.3448554200736 25.367372797490265 25.299942900022767 24.7232205896198 25.033625522887093 25.060627493718457 25.085968712520206 25.11601664555808 25.15266584792959 25.198877766494018 25.25996126561631 25.338907056124594 25.362236503356485 25.299942900022767 24.65052456411162 25.016635634862972 25.045483331994664 25.0721125804285 25.103516982763544 25.14161367440834 25.189390200838442 25.25222885368203 25.332592698949092 25.356842161346233 25.299942900022767 24.563567898542747 24.999436622770727 25.030236700986165 25.058155228239706 25.09088111517584 25.130397677006787 25.17972086044451 25.24430732489317 25.326060589175576 25.351337137706484 25.299942900022767 24.461485337647307 24.982575956811885 25.015365202046056 25.04453616185308 25.07852095699643 25.119373574526637 25.17017174778101 25.236445919040026 25.31954202660082 25.345910365969083 25.299942900022767 24.343345203743542 24.966545357651228 25.00134135205292 25.0316923398059 25.066844981801477 25.108937104581496 25.161103558139718 25.228958625935572 25.313334223633195 25.34071338049825 25.299942900022767 24.20759994673323 24.951613275745654 24.988494642743706 25.019978063848093 25.056212173189675 25.09943530641105 25.15285503928143 25.222151361098113 25.307646173200183 25.3358736886419 25.299942900022767 24.04651552914786 24.937531600216058 24.97682686265521 25.009487537518627 25.04673824086489 25.09098777160091 25.145501479176183 25.216002035796137 25.302373129250146 25.33139766770765 25.299942900022767 23.832249903469883 24.923807652205934 24.96588095788544 24.99968545908893 25.03797237700082 25.083116279556226 25.138612676560594 25.210107140698312 25.29726563711474 25.32725884466665 25.299942900022767 23.66564840198338 24.912901288485383 24.956595312315443 24.990905019226968 25.02974316078707 25.075539462731953 25.131666011877726 25.20382252030213 25.29188787587192 25.323487195874993 25.299942900022767 23.557893212068382 24.905060441878824 24.949305146639112 24.983737942869332 25.022754844744682 25.068773314628693 25.124999431771123 25.196973439748355 25.285577173711758 25.320187618558162 25.299942900022767 23.494934295598426 24.899720002861166 24.943920853120318 24.978318253929313 25.017363570519027 25.063501565884092 25.11991959789241 25.192213084615908 25.281431575458594 25.317415046884246 25.299942900022767 23.456148388740832 24.896068008780173 24.940050936599725 24.97438819057188 25.01343112961953 25.05964129670555 25.116241329253977 25.18887457497979 25.27849084169538 25.31514451175045 25.299942900022767 23.42862640716966 24.893459921128766 24.93723674018129 24.97151578427111 25.010551883034605 25.056810888540912 25.113532168205243 25.186389911977695 25.276223829084667 25.313319916133732 25.299942900022767 23.406809475147316 24.89149723665181 24.935125709976074 24.969355003885454 25.008377973696586 25.054663117722185 25.11145753449335 25.18445208321683 25.274412318664098 25.311866680949496 25.299942900022767 23.388055463578564 24.889943185905306 24.93348302958971 24.967673164316484 25.006680253172348 25.05297587079025 25.109812560707972 25.182892360914753 25.272939032089436 25.310711225476272 25.299942900022767 23.371291234596697 24.888661636932238 24.932159399039556 24.966320955701285 25.00531330628497 25.051611922859045 25.10847362010991 25.1816082761172 25.271725034397164 25.309789289372066 25.299942900022767 23.35602247637105 24.887572839952803 24.931061400253068 24.965203839245337 25.004184876745935 25.050484171512743 25.107361817100717 25.180533118913242 25.27071256063175 25.309048062841402 25.299942900022767 23.34201661446749 24.886628865509746 24.930129991002953 24.964261008859282 25.00323469178247 25.04953478346232 25.106423737723844 25.179620476384997 25.26985825978579 25.30844597092662 25.299942900022767 23.329161739189846 24.885799831491 24.92932677569977 24.963452106724475 25.00242193137448 25.048723756991112 25.105621603051116 25.17883664161579 25.26912932802059 25.30795107477518 25.299942900022767 23.317456680896132 24.88506664812908 24.928625807753228 24.962749383458775 25.001718024556418 25.04802256931291 25.10492797360737 25.178156688650635 25.268500886091086 25.307539179709497 25.299942900022767 23.306765366413995 24.884413873061593 24.928008629023633 24.962133052078553 25.0011023675856 25.04741035329708 25.104322428617536 25.177561614732173 25.267954012141995 25.307192105154442 25.299942900022767 23.297031493204848 24.883830638104566 24.927461739117362 24.96158859689981 25.00055975887021 25.046871586432776 25.10378962328745 25.177036961256732 25.26747429926612 25.306896257958744 25.299942900022767 23.288197520966328 24.883308420174593 24.92697494476156 24.961105098935423 25.00007876211722 25.0463945611093 25.1033179305656 25.176571708097182 25.26705073737353 25.306641489924576 25.299942900022767 23.280203927890714 24.882840171797433 24.92654031267868 24.96067413832865 24.999650596771552 25.045970304962065 25.10289840641073 25.176157319609832 25.26667483735878 25.306420202223737 25.299942900022767 23.272990105387464 24.882420070518428 24.926151494479118 24.960289050218968 24.999268353222966 25.045591768817754 25.102524044918976 25.1757870739667 25.26633996915317 25.306226661901135 25.299942900022767 23.266495710656198 24.882043146964943 24.925803282848854 24.959944433949303 24.998926476852727 25.04525331321762 25.102189251943425 25.17545558180186 25.266040871328563 25.306056492311427 25.299942900022767 23.260661951731315 24.881705087257426 24.925491316802827 24.959635821130277 24.998620412692446 25.044950344620293 25.10188947224484 25.175158440777636 25.265773293737745 25.305906300775547 25.299942900022767 23.255432608543465 24.881402105655482 24.92521187943386 24.95935944341838 24.99834635007545 25.044679042139062 25.10162092478416 25.174891988422075 25.265533739194762 25.305773408971685 25.299942900022767 23.250754750808987 24.88113085576539 24.924961758175073 24.95911207184439 24.9981010460704 25.04443617093616 25.101380416372752 25.17465312655911 25.265319279270447 25.305655661469626 25.299942900022767 23.24657918199627 24.88088836614209 24.92473814736489 24.958890905339096 24.997881703111 25.044218952659524 25.101165210706323 25.174439197010244 25.265127423744865 25.305551290783633 25.299942900022767 23.242860662366184 24.880671991983462 24.924538579155673 24.95869349240515 24.997685883256917 25.044024974556645 25.100972936015218 25.174247893434266 25.26495602812646 25.30545882265368 25.299942900022767 23.239557966677264 24.880479377656044 24.92436087338525 24.95851767504358 24.997511447201962 25.04385212495917 25.10080151942255 25.174077198401022 25.264803227908605 25.305377009635723 25.299942900022767 23.236633825731147 24.880308426711142 24.924203100220094 24.958361547674425 24.997356510036116 25.04369854674998 25.100649139674196 25.173925337959886 25.264667391438717 25.305304784396636 25.299942900022767 23.2340547917606 24.88015727736487 24.924063551528942 24.958223426241894 24.997219408402202 25.043562603109198 25.100514192482027 25.173790748291673 25.264547085663292 25.305241226604693 25.299942900022767 23.23179105848959 24.880024282324104 24.923940718426966 24.95810182432796 24.997098675466564 25.04344285168374 25.10039526454236 25.173672050709307 25.264441050761576 25.305185539149292 25.299942900022767 23.229816258641495 24.87990798864219 24.92383327374109 24.957995434183914 24.99699302133045 25.043338024602892 25.100291113574144 25.173568032469518 25.26434818094312 25.305137030758676 25.299942900022767 23.22810725521014 24.879807124198486 24.923740055209294 24.957903111227253 24.996901317321 25.043247012636826 25.10020065261191 25.173477631697057 25.264267509569812 25.305095103028272 25.299942900022767 23.226643937807523 24.879720582379807 24.923660050160393 24.95782386120905 24.9968225831569 25.043168852381996 25.100122937385713 25.173399925290074 25.26419819737529 25.30505924053063 25.299942900022767 23.225409031684883 24.87964741341741 24.92359239014443 24.957756829740106 24.996755976343998 25.0431027157464 25.100057156025073 25.173334119066922 25.264139522991268 25.30502900313783 25.299942900022767 23.224387924340437 24.879586814678124 24.923536340236403 24.9577012933218 24.996700783332475 25.04304790125306 25.100002620595614 25.173279539704843 25.264090875360097 25.305004019993255 25.299942900022767 23.223568512754543 24.879538125981988 24.92349129112872 24.95765665184392 24.996656412157705 25.043003826838323 25.099958760103693 25.173235628043972 25.264051747313736 25.304983984643304 25.299942900022767 23.222941072999202 24.879500808496232 24.92345675235618 24.95762242239155 24.996622386402812 25.04297002397032 25.099925114808173 25.173201933671486 25.2640217304875 25.304968651202884 25.299942900022767 23.22249815314687 24.879474443953413 24.923432347378405 24.95759823433246 24.996598340387777 25.04294613296712 25.09990133169881 25.173178110616448 25.264000511308026 25.30495783137794 25.299942900022767 23.22223448990098 24.879458740656062 24.9234178100602 24.957583825586372 24.996584015501345 25.04293189942624 25.0998871610492 25.17316391406602 25.26398786793871 25.304951392228226 25.299942900022767 23.22214694907408 24.879453525386726 24.9234129818432 24.957579039966227 24.99657925760816 25.042927171706275 25.099882453987313 25.173159198050573 25.263983668129583 25.30494925460528 25.299942900022767
    </DataArray>
    <DataArray type="Float32" Name="Hole density [log10(m^-3)]" NumberOfComponents="1" format="ascii">
0.0 0.0 0.0 0.0 0.0 0.0 0.0 0.0 0.0 0.0 0.0 0.0 0.0 0.0 0.0 0.0 0.0 0.0 0.0 0.0 0.0 0.0 0.0 0.0 0.0 0.0 0.0 0.0 0.0 0.0 0.0 0.0 0.0 0.0 0.0 0.0 0.0 0.0 0.0 0.0 0.0 0.0 0.0 0.0 0.0 0.0 0.0 0.0 0.0 0.0 0.0 0.0 0.0 0.0 0.0 0.0 0.0 0.0 0.0 0.0 0.0 0.0 0.0 0.0 0.0 0.0 0.0 0.0 0.0 0.0 0.0 0.0 0.0 0.0 0.0 0.0 0.0 0.0 0.0 0.0 0.0 0.0 0.0 0.0 0.0 0.0 0.0 0.0 0.0 0.0 0.0 0.0 0.0 0.0 0.0 0.0 0.0 0.0 0.0 0.0 0.0 0.0 0.0 0.0 0.0 0.0 0.0 0.0 0.0 0.0 0.0 0.0 0.0 0.0 0.0 0.0 0.0 0.0 0.0 0.0 0.0 0.0 0.0 0.0 0.0 0.0 0.0 0.0 0.0 0.0 0.0 0.0 0.0 0.0 0.0 0.0 0.0 0.0 0.0 0.0 0.0 0.0 0.0 0.0 0.0 0.0 0.0 0.0 0.0 0.0 0.0 0.0 0.0 0.0 0.0 0.0 0.0 0.0 0.0 0.0 0.0 0.0 0.0 0.0 0.0 0.0 0.0 0.0 0.0 0.0 0.0 0.0 0.0 0.0 0.0 0.0 0.0 0.0 0.0 0.0 0.0 0.0 0.0 0.0 0.0 0.0 0.0 0.0 0.0 0.0 0.0 0.0 0.0 0.0 0.0 0.0 0.0 0.0 0.0 0.0 0.0 0.0 0.0 0.0 0.0 0.0 0.0 0.0 0.0 0.0 0.0 0.0 0.0 0.0 0.0 0.0 0.0 0.0 0.0 0.0 0.0 0.0 0.0 0.0 0.0 0.0 0.0 0.0 0.0 0.0 0.0 0.0 0.0 0.0 0.0 0.0 0.0 0.0 0.0 0.0 0.0 0.0 0.0 0.0 0.0 0.0 0.0 0.0 0.0 0.0 0.0 0.0 0.0 0.0 0.0 0.0 0.0 0.0 0.0 0.0 0.0 0.0 0.0 0.0 0.0 0.0 0.0 0.0 0.0 0.0 0.0 0.0 0.0 0.0 0.0 0.0 0.0 0.0 0.0 0.0 0.0 0.0 0.0 0.0 0.0 0.0 0.0 0.0 0.0 0.0 0.0 0.0 0.0 0.0 0.0 0.0 0.0 0.0 0.0 0.0 0.0 0.0 0.0 0.0 0.0 0.0 0.0 0.0 0.0 0.0 0.0 0.0 0.0 0.0 0.0 0.0 0.0 0.0 0.0 0.0 0.0 0.0 0.0 0.0 0.0 0.0 0.0 0.0 0.0 0.0 0.0 0.0 0.0 0.0 0.0 0.0 0.0 0.0 0.0 0.0 0.0 0.0 0.0 0.0 0.0 0.0 0.0 0.0 0.0 0.0 0.0 0.0 0.0 0.0 0.0 0.0 0.0 0.0 0.0 0.0 0.0 0.0 0.0 0.0 0.0 0.0 0.0 0.0 0.0 0.0 0.0 0.0 0.0 0.0 0.0 0.0 0.0 0.0 0.0 0.0 0.0 0.0 0.0 0.0 0.0 0.0 0.0 0.0 0.0 0.0 0.0 0.0 0.0 0.0 0.0 0.0 0.0 0.0 0.0 0.0 0.0 0.0 0.0 0.0 0.0 0.0 0.0 0.0 0.0 0.0 0.0 0.0 0.0 0.0 0.0 0.0 0.0 0.0 0.0 0.0 0.0 0.0 0.0 0.0 0.0 0.0 0.0 0.0 0.0 0.0 0.0 0.0 0.0 0.0 0.0 0.0 0.0 0.0 0.0 0.0 0.0 0.0 0.0 0.0 0.0 0.0 0.0 0.0 0.0 0.0 0.0 0.0 0.0 0.0 0.0 0.0 0.0 0.0 0.0 0.0 0.0 0.0 0.0 0.0 0.0 0.0 0.0 0.0 0.0 0.0 0.0 0.0 0.0 0.0 0.0 0.0 0.0 0.0 0.0 0.0 0.0 0.0 0.0 0.0 0.0 0.0 0.0 0.0 0.0 0.0 0.0 0.0 0.0 0.0 0.0 0.0 0.0 0.0 0.0 0.0 0.0 0.0 0.0 0.0 0.0 0.0 0.0 0.0 0.0 0.0 0.0 0.0 0.0 0.0 0.0 0.0 0.0 0.0 0.0 0.0 0.0 0.0 0.0 0.0 0.0 0.0 0.0 0.0 0.0 0.0 0.0 0.0 0.0 0.0 0.0 0.0 0.0 0.0 0.0 0.0 0.0 0.0 0.0 0.0 0.0 0.0 0.0 0.0 0.0 0.0 0.0 0.0 0.0 0.0 0.0 0.0 0.0 0.0 0.0 0.0 0.0
    </DataArray>
    <DataArray type="Float32" Name="Ion density [log10(m^-3)]" NumberOfComponents="1" format="ascii">
1.092100208247269 4.455148709636464 7.8011084656427725 10.941302209752884 13.865546411972755 16.556509430970443 18.987300006846475 21.116920879975734 22.88095875769243 24.176767182740573 24.977723605288848 1.098288541196949 4.46282862322247 7.810626040545522 10.951980790514144 13.876551824970418 16.56713408896848 18.996908187832354 21.12484337708494 22.88639208685392 24.179056514110624 24.977723605288848 1.1117159214909973 4.483973920902654 7.837099134851592 10.981405297691195 13.90673566861379 16.59613554798323 19.02294702652513 21.146095206712786 22.900859883053634 24.185281756114367 24.977723605288848 1.1350565321256516 4.518279890816115 7.8789697562225935 11.027301545483441 13.953352756418209 16.640421442851753 19.062092670783784 21.177484958173054 22.921972170946386 24.194402581932117 24.977723605288848 1.169868565614042 4.566176578757749 7.935486091150924 11.087936183546004 14.013986620174219 16.697309787466903 19.111814293203015 21.21687855605816 22.9481028023338 24.20549404491475 24.977723605288848 1.2181779302182596 4.628418183294498 8.006291626414919 11.162079825698832 14.086798282181967 16.764617074877275 19.169857518216048 21.262243114782727 22.977726725512937 24.21779476156466 24.977723605288848 1.2820198783540426 4.705606555190309 8.090880381155966 11.248427463508488 14.169981115951414 16.84031408117332 19.234236243921373 21.311885062612717 23.009662973168872 24.230794577534326 24.977723605288848 1.363122647028045 4.797838264366719 8.188171891529404 11.345129136154078 14.261254331531571 16.921983261146718 19.30265190738227 21.363844114468893 23.042513952037933 24.24397406714562 24.977723605288848 1.4621449727208995 4.904187599268208 8.296128313769206 11.449374484109166 14.357474598972866 17.006486696578456 19.37224247402141 21.41577708578749 23.07476264795562 24.25688701933042 24.977723605288848 1.5769767781522437 5.021248124814825 8.410481717339076 11.556396620116258 14.453736438930846 17.0891980157009 19.438970651423144 21.4645497550969 23.104699904094726 24.26923229706026 24.977723605288848 1.6985599316046578 5.1395691864008475 8.521674718249523 11.656999205082345 14.541652080194858 17.162825340253907 19.496981120624852 21.506219084790658 23.130637184593553 24.280659013721483 24.977723605288848 1.8011826513786862 5.236273827700634 8.609538331734353 11.734130344392653 14.60774215903148 17.21762508455287 19.54036109416056 21.53863473491615 23.15231317482221 24.29092761594434 24.977723605288848 1.8292318790148707 5.263782325672412 8.639244776749873 11.76226285234595 14.636884709686612 17.247544392214518 19.567695969913252 21.562022909541504 23.169283711043136 24.299654222853075 24.977723605288848 1.55851788849176 4.965143219621287 8.389394773942598 11.58804793486192 14.541871759405753 17.241990470596914 19.57463969149391 21.572340232222295 23.17999356768595 24.30626977048623 24.977723605288848 1.5683546514111375 4.922727651894192 8.318079900476896 11.493218311087858 14.426727050775138 17.09625090225382 19.471278644750463 21.519127372188915 23.180749985684898 24.308839875579523 24.977723605288848 1.6250982538403644 4.965291411531771 8.345090895271504 11.50614990279963 14.42742885638617 17.086145037463456 19.45310144554128 21.488051434678578 23.130267519551712 24.291311387642242 24.977723605288848 1.6606720850951362 5.012267453397516 8.390805959179307 11.545820785884112 14.459459838979267 17.110016728293296 19.468862041379808 21.496015286112197 23.131992339887102 24.29215089758097 24.977723605288848 1.674194635168484 5.042631515988582 8.426432396053134 11.58059273477275 14.49037213793727 17.135615083316132 19.488511432397438 21.509625901050416 23.13998455925853 24.29569134437329 24.977723605288848 1.6763029245130605 5.05832287413385 8.448673349078243 11.604478199320951 14.512917087026787 17.155100388107925 19.504022425458317 21.52077517904008 23.146775823191795 24.298658503411975 24.977723605288848 1.6731991911106374 5.064679125096419 8.460765214880569 11.61899463397355 14.527492290141627 17.168180626790292 19.514677276319368 21.528535770518175 23.15152983040407 24.30074084742315 24.977723605288848 1.668402102543514 5.06583198365675 8.46625377681646 11.626819154159568 14.535999236166571 17.176156552929616 19.52132548003263 21.53341646170303 23.15451641752268 24.302067210244203 24.977723605288848 1.6633153260341227 5.064252922942941 8.46770302952212 11.630190827782277 14.540236479856071 17.18040076482079 19.524968733429915 21.53610504359848 23.156147623857436 24.302815182632877 24.977723605288848 1.6585016543809379 5.0613203631617525 8.466766378712537 11.63070929715522 14.541591913328036 17.18203594856819 19.52646254196147 21.537206245621373 23.156793030317925 24.30314207776877 24.977723605288848 1.6541245243376712 5.0577729614917875 8.464463890313466 11.629453135037283 14.54106397706956 17.181909162519865 19.526473973197643 21.537200313735642 23.156748493641956 24.303173323108513 24.977723605288848 1.6501670595917033 5.053988025796598 8.461410716120021 11.627130119252827 14.539346801178333 17.180634362091265 19.525500512526975 21.53645126541089 23.156239564373934 24.30300436374619 24.977723605288848 1.646438066439959 5.050136514958785 8.457973639567722 11.624198612416013 14.536913254927764 17.17864511268921 19.52390227619574 21.535226341583307 23.155432891785342 24.302705735466297 24.977723605288848 1.6430022162004814 5.046347759861145 8.454384068598024 11.620956127951315 14.534081482922693 17.176241739929672 19.521934088275966 21.533717521573415 23.154448694407808 24.30232839503089 24.977723605288848 1.6397974327315972 5.042678524351873 8.450780938228446 11.617593097285425 14.531062533162268 17.173628616534735 19.519772529742532 21.532059407751863 23.153371703292258 24.301908373302652 24.977723605288848 1.6367770953604182 5.03915377202231 8.447246370315511 11.614229729966135 14.527994294336533 17.170942351304912 19.517537468976343 21.53034416550325 23.15226025438665 24.30147059866137 24.977723605288848 1.6339096198296525 5.035784407684754 8.44382855131151 11.610940860399566 14.524965349067825 17.168272488180317 19.515308545706613 21.52863348761758 23.15115354397664 24.30103192436052 24.977723605288848 1.6311757994539295 5.032574920814009 8.440555437196055 11.607772263334365 14.522031450265741 17.16567645081586 19.513137374655024 21.526967575811703 23.150077167351608 24.30060344369817 24.977723605288848 1.6285656038609664 5.029527289637221 8.437442971091006 11.604751219016526 14.519226689888567 17.163189934820068 19.51105632588839 21.52537172166624 23.149047224607227 24.30019221217735 24.977723605288848 1.626075268848355 5.026642598617579 8.434499921086967 11.601893280350684 14.516570987410967 17.160834105135677 19.509084737023624 21.523861033001506 23.14807329641454 24.29980249988374 24.977723605288848 1.6237049597603794 5.023921606294948 8.431730708435929 11.599206577693796 14.514075069955279 17.15862055156071 19.5072332510036 21.522443773670528 23.14716056432705 24.299436688807912 24.977723605288848 1.6214570351811635 5.021364859737708 8.429137059103251 11.596694545469699 14.511743752725057 17.15655463007263 19.505506799046145 21.521123687511015 23.146311296443937 24.299095903328137 24.977723605288848 1.6193348353871546 5.018972645643209 8.426718975847885 11.594357648959669 14.509578088027283 17.154637698720457 19.50390662836338 21.519901594576375 23.145525874219654 24.298780447543447 24.977723605288848 1.617341888846945 5.016744911886863 8.42447532283077 11.592194482797089 14.507576769518275 17.15286860460273 19.502431667981178 21.518776475694242 23.1448034940029 24.298490105249613 24.977723605288848 1.6154814322161655 5.014681214057965 8.422404192002665 11.590202477172777 14.50573705050349 17.151244668807642 19.501079442190232 21.517746202721018 23.144142641514108 24.298224343631592 24.977723605288848 1.6137561546467825 5.012780702626655 8.42050314781254 11.588378360173895 14.50405534738749 17.149762337928458 19.49984667840867 21.516808026657415 23.1435414099778 24.297982450371222 24.977723605288848 1.612168095672586 5.011042148574136 8.418769404150774 11.586718468713963 14.502527640161496 17.14841761585324 19.49872971062757 21.51595890213011 23.14299771190201 24.29776362527265 24.977723605288848 1.6107186431429672 5.009463998558147 8.417199962813424 11.58521896511973 14.501149742374391 17.1472063515872 19.497724747218054 21.515195702362554 23.142509419266474 24.297567041149875 24.977723605288848 1.609408592281492 5.00804445697865 8.4157917289722 11.583875994439328 14.499917487138495 17.14612443309259 19.496828049295083 21.514515361430245 23.142074455964988 24.297391884133393 24.977723605288848 1.608238238728192 5.006781566517984 8.414541614755246 11.582685804136586 14.498826858736345 17.14516791971424 19.496036050285284 21.513914968511624 23.141690858620596 24.29723738029537 24.977723605288848 1.6072074866202455 5.005673300094538 8.413446633543082 11.581644837661477 14.497874088013152 17.144333134168157 19.495345436843138 21.51339183056612 23.141356816595213 24.29710281323578 24.977723605288848 1.6063159592830287 5.004717645126263 8.412503964974098 11.580749805548999 14.497055722576674 17.14361672757021 19.494753204287324 21.51294351428579 23.141070698320334 24.296987535691663 24.977723605288848 1.6055631046753813 5.003912682860248 8.411711025983678 11.579997745958579 14.496368680840286 17.14301572659656 19.494256695174624 21.512567874361547 23.14083106846133 24.296890977176268 24.977723605288848 1.6049482904728418 5.003256653677187 8.411065531010138 11.579386075086369 14.495810294300568 17.14252756837545 19.493853626592706 21.512263072826208 23.140636699702302 24.296812649201595 24.977723605288848 1.604470885628631 5.002748053956659 8.410565550161305 11.578912629499643 14.49537834061394 17.142150126399386 19.493542109570505 21.512027592263376 23.140486580402882 24.296752148722305 24.977723605288848 1.604130328470986 5.002385675280926 8.410209546478898 11.578575696957264 14.495071068138387 17.141881729410834 19.493320662790694 21.51186024481922 23.14037991963654 24.29670916040428 24.977723605288848 1.6039261801943119 5.002168617382551 8.40999639917376 11.57837403795339 14.494887213447942 17.141721174729703 19.493188222049337 21.511760178249407 23.14031615046729 24.29668345810556 24.977723605288848 1.6038581625205681 5.002096326928663 8.409925426359711 11.578306902043712 14.494826013594308 17.141667737261077 19.49314414647199 21.51172687977814 23.14029493199473 24.296674905804178 24.977723605288848
    </DataArray>
    <DataArray type="Float32" Name="Ion density residual[log10(m^-3)]" NumberOfComponents="1" format="ascii">
24.609423321373637 24.608430419112935 24.606416367797138 24.599615618818774 24.58638354443368 24.566331779869827 24.537198985049788 24.49231102587976 24.40649189468411 24.190323093665715 23.676693609624866 24.603552777244314 24.59948038523407 24.5944755253538 24.585779780671974 24.572063678195157 24.551664491562416 24.52195218415619 24.476260981758312 24.3908053464751 24.18073867393074 23.676693609624866 24.58882095006005 24.578656153616894 24.570593218252267 24.560491773742832 24.546055384048874 24.524667591834373 24.49307312033303 24.445261794256556 24.35997367334896 24.15758410383733 23.676693609624866 24.563996348778815 24.549600474820995 24.538478788151412 24.526377575197642 24.510637001419724 24.488778459937286 24.457338576174347 24.40934308247696 24.32341561900232 24.124439008473985 23.676693609624866 24.52851206229705 24.51161327578196 24.498189961535903 24.484824730144776 24.46839061567718 24.44607641644159 24.414170031557806 24.36544702965207 24.27890901324708 24.085747903737584 23.676693609624866 24.48154369037913 24.463230094001606 24.448365180195097 24.43449433720231 24.418154605512946 24.3961101392115 24.364384971805084 24.31547541782681 24.228617042807446 24.044443575664086 23.676693609624866 24.42219059395582 24.403423095964122 24.38780448092321 24.37407419730651 24.358565197432547 24.337512334382602 24.30659499320896 24.25796952374282 24.17142563780038 24.00848834522748 23.676693609624866 24.34949456844764 24.33139481759781 24.31618110611137 24.302609331260836 24.288477117766057 24.269084865018332 24.239517185836625 24.191627192958574 24.106360873690456 23.96904518781983 23.676693609624866 24.262537902878766 24.246170388775113 24.232578480531835 24.220284032601104 24.207232697766443 24.18984568148204 24.1620243910175 24.115299407719878 24.032975108580317 23.92808946386083 23.676693609624866 24.160455341983326 24.14670659556633 24.135504797166835 24.126007628328157 24.11526732952503 24.099476573124864 24.0734992189427 24.02859584877475 23.952507027469505 23.889817494531833 23.676693609624866 24.04231520807956 24.03266921219676 24.026110295577066 24.020300650598326 24.01241241373671 23.999268100558243 23.975393103852632 23.934219425257083 23.87674855844306 23.85338176849289 23.676693609624866 23.906569951069248 23.906080363785414 23.906877214844148 23.906571937658338 23.903465961282564 23.893969937613107 23.87562371476524 23.848099332153797 23.82112532422437 23.821391134105617 23.676693609624866 23.74548553348388 23.754397054357767 23.777963818336598 23.798291579350554 23.802027773227277 23.80213513501302 23.79324567086505 23.785463844831725 23.779577481519198 23.789626168732593 23.676693609624866 23.5312199078059 23.50201972697985 23.55494737832243 23.630088979811433 23.687573970570202 23.699677436139424 23.720486902441493 23.739508902211004 23.742578239229857 23.754107991275255 23.676693609624866 23.364618406319398 23.28984608251427 23.352678401901738 23.440788241574925 23.52056233905969 23.57115323212382 23.622072130763684 23.67083648580299 23.694125574220827 23.72174165768151 23.676693609624866 23.2568632164044 23.14416802101719 23.198690798579516 23.291829996677667 23.389287426792723 23.46953994785368 23.541378233817973 23.604279822501802 23.644827588583084 23.682596443243472 23.676693609624866 23.193904299934445 23.064502943675098 23.11193440727033 23.205345672403467 23.302250541211674 23.3940382764626 23.478216462512812 23.55533212007416 23.6180325861231 23.664834283932652 23.676693609624866 23.15511839307685 23.018161069932486 23.06717299349938 23.167704232369434 23.26386344214669 23.351797228547866 23.43748875360842 23.5205793606434 23.594508992593717 23.65034578236818 23.676693609624866 23.127596411505678 22.985540271052102 23.038445133177195 23.144089982118498 23.242850070756916 23.331247232089904 23.416098788221714 23.4996227587572 23.57814306336904 23.640113383866044 23.676693609624866 23.105779479483335 22.95970758128054 23.015990017806832 23.12616001454158 23.227685771215047 23.31805969774722 23.403888495607372 23.48774673536765 23.56816076754946 23.633590976110842 23.676693609624866 23.087025467914582 22.937841248210706 22.997274027690857 23.11170106249133 23.21611877400709 23.308635935010468 23.395912465604653 23.480894579247508 23.56224609463338 23.62960507055901 23.676693609624866 23.070261238932716 22.91867593157652 22.98113558101406 23.09950726369025 23.206720471798207 23.301408469189155 23.390287638276632 23.476478209508855 23.558614459948355 23.627193970923695 23.676693609624866 23.054992480707067 22.901582778477227 22.966964203192283 23.088943313661687 23.19881721311626 23.29560681641698 23.38607650786105 23.47337007172024 23.556235793429504 23.625683994924465 23.676693609624866 23.040986618803508 22.886215194636392 22.95440082231605 23.079670920972543 23.192030618071513 23.290798651286956 23.382767757190955 23.471041497710882 23.55456571860301 23.62468088322948 23.676693609624866 23.028131743525865 22.872357518756193 22.943210318431642 23.071470922763176 23.18612247420669 23.286719751244345 23.380066709445792 23.469208189521453 23.553316434682714 23.623968639339648 23.676693609624866 23.01642668523215 22.859855765299724 22.93322192725142 23.064189510464583 23.180934197639754 23.283202569002842 23.37779746926093 23.46775800992443 23.552330920440195 23.623430040223674 23.676693609624866 23.005735370750013 22.84858650829489 22.924300432910567 23.057710143663115 23.17635355453861 23.28013613943831 23.375851581264424 23.46655799035252 23.551520591188677 23.62300051684032 23.676693609624866 22.996001497540867 22.838583790090816 22.91633195541769 23.051938812630944 23.172296209391583 23.27744322852021 23.37415955907724 23.46552489742108 23.550833914776796 23.622643757279892 23.676693609624866 22.987167525302347 22.82974407876518 22.909217072938358 23.04679628713678 23.16869544065521 23.275067234558396 23.372674773935554 23.464621833016064 23.55023991377166 23.62233873200448 23.676693609624866 22.979173932226733 22.82179819160063 22.90286738413441 23.042213973539425 23.1654963460315 23.27297345856531 23.371364262945523 23.46382484699035 23.549719166632954 23.622072847701336 23.676693609624866 22.971960109723483 22.8146662326628 22.897203695524635 23.03813160669773 23.162652501978002 23.271121403492366 23.37020347017128 23.463117492675696 23.54925886204014 23.621838224549766 23.676693609624866 22.965465714992217 22.808273936845765 22.8921549402849 23.034495861521794 23.160123961012967 23.269477181961083 23.369173209679257 23.462487757509397 23.548850014674386 23.621629649862037 23.676693609624866 22.959631956067334 22.802552623246726 22.887657410928014 23.031259423002954 23.157875980995478 23.26801680244125 23.368257896230947 23.46192634929365 23.548486009041902 23.621443583633965 23.676693609624866 22.954402612879484 22.79743917920148 22.883654122671754 23.02838028926001 23.155878161399603 23.26671972058814 23.367444498367075 23.461425717701 23.548161645683773 23.621277356934073 23.676693609624866 22.949724755145006 22.792875981075913 22.880094234803266 23.025821200702612 23.154103813232453 23.26556815929599 23.36672189620759 23.46097950431071 23.547872642335758 23.621128838080523 23.676693609624866 22.94554918633229 22.78881073295015 22.87693250660137 23.023549146556036 23.1525294705863 23.264546636573197 23.366080476308042 23.46058222807561 23.547615367857535 23.62099625431309 23.676693609624866 22.941830666702202 22.785196236819242 22.874128784447336 23.02153492717664 23.151134494378432 23.263641619791347 23.36551186168577 23.460229095723484 23.547386681820036 23.62087808711742 23.676693609624866 22.938527971013283 22.781990112225674 22.871647522200675 23.01975276227844 23.149900740807166 23.262841260177623 23.36500872191908 23.459915883016198 23.547183835378526 23.62077301051411 23.676693609624866 22.935603830067166 22.779154489078852 22.869457338768253 23.018179940079698 23.148812278516775 23.26213518066553 23.364564631764047 23.45963885573873 23.547004408011045 23.62067985433443 23.676693609624866 22.933024796096618 22.776655802082708 22.86753061514696 23.016796504852376 23.14785514561789 23.261514302213506 23.364173961526692 23.45939471369418 23.54684626480731 23.62059758154489 23.676693609624866 22.93076106282561 22.77446606504615 22.865843131802986 23.015584980333877 23.147017140076425 23.260970698858593 23.363831788455478 23.459180547658992 23.54670752536365 23.62052527326472 23.676693609624866 22.928786262977514 22.772556903668207 22.864375281518143 23.01453012644056 23.146287638712085 23.260497475070125 23.363533822408005 23.458993803740604 23.546586539359893 23.62046211794466 23.676693609624866 22.92707725954616 22.77090546994956 22.863109974735142 23.013618726753094 23.14565744126768 23.26008866180369 23.363276343830137 23.458832254015647 23.546481866330183 23.620407402801565 23.676693609624866 22.925613942143542 22.769491978276786 22.862027991529395 23.01283940432103 23.145118636627842 23.25973912815628 23.363056151144537 23.458693971286472 23.546392256550835 23.620360506403458 23.676693609624866 22.924379036020902 22.768299482947665 22.86111589344727 23.01218246343473 23.14466448875384 23.259444506411107 23.36287051588435 23.458577303879515 23.546316630702457 23.620320893039654 23.676693609624866 22.923357928676456 22.76731368316563 22.860362381462306 23.011639755191016 23.14428934033949 23.259201128976432 23.362717144798058 23.458480855030764 23.546254101425408 23.620288112713094 23.676693609624866 22.922538517090562 22.76653392714695 22.85975814234091 23.01120456492529 23.14398853250683 23.25900597595481 23.36259414820917 23.45840346842428 23.546203927082253 23.620261791332627 23.676693609624866 22.92191107733522 22.765945821022807 22.859295722211673 23.010871519816654 23.14375833912353 23.258856632319144 23.36250001405889 23.458344217539498 23.546165509750434 23.62024162695311 23.676693609624866 22.921468157482888 22.765530668298233 22.858969425567803 23.010636515222938 23.143595914574174 23.258751253893383 23.362433587205956 23.458302393902642 23.546138391317026 23.620227387572065 23.676693609624866 22.921204494237 22.76528353444441 22.85877523823476 23.010496658574688 23.143499254055385 23.25868854149274 23.362394053626243 23.458277497835873 23.546122248475918 23.62021890910626 23.676693609624866 22.9211169534101 22.76520148164648 22.8587107731639 23.01045022993247 23.143467165701924 23.25866772277768 23.362380929302542 23.458269232041758 23.54611688882001 23.62021609377755 23.676693609624866
    </DataArray>
    <DataArray type="Float32" Name="Ion density last step [log10(m^-3)]" NumberOfComponents="1" format="ascii">
0.14869361342692175 3.6865433054695433 7.172056491479576 10.435238442983813 13.467954921900422 16.25436819460078 18.76867942739262 20.97066564690551 22.796393600570514 24.141888804944227 24.977723605288848 0.1548282885054444 3.694230034921535 7.181646589154746 10.446039558671558 13.47911541119102 16.26516545609526 18.778464966571356 20.978757647131378 22.801971896281206 24.14426532978465 24.977723605288848 0.16808314591232568 3.7154129048184186 7.2083507174505765 10.475836272151389 13.509762373345085 16.29467682391619 18.805021998380656 21.0004980188667 22.81685153982925 24.15073576942288 24.977723605288848 0.19118424027650416 3.7498161339385963 7.2506210700928 10.522351124868942 13.557137625794692 16.339788940994136 18.84499777038151 21.032660421007826 22.838608688942205 24.160240843219814 24.977723605288848 0.22573502496340825 3.7978949587187523 7.307709437911643 10.583836857350619 13.618797733598416 16.397785152812663 18.89582479645716 21.07307649603954 22.865587863046077 24.17183574020908 24.977723605288848 0.27381314216347796 3.8604270675265 7.379260180753224 10.659048846200239 13.692877907759996 16.466450141681616 18.95521469920585 21.1196805166248 22.89623509927164 24.184737814027137 24.977723605288848 0.33751833592381114 3.938045769021488 7.464774732711535 10.746672939658628 13.777551667823879 16.54372862663772 19.021152483977925 21.170749157980698 22.929337227865883 24.198397640053734 24.977723605288848 0.4186842047982795 4.030918255148973 7.563217850581725 10.844886683277334 13.87055418882663 16.627212608028685 19.091346917040518 21.224330313902968 22.963505876553203 24.21230854876058 24.977723605288848 0.5181628910315654 4.138274395080758 7.672676798945482 10.95097924689501 13.96882179077501 16.713828379468357 19.162987408260033 21.27811817358186 22.997233991506203 24.226001254463313 24.977723605288848 0.6342796217860736 4.257089131593944 7.789216026168853 11.060469045378413 14.06769064875833 16.79915095018507 19.232196519876 21.32908498761612 23.0288263565937 24.239126249466647 24.977723605288848 0.7590489788553175 4.378860247358104 7.904108442973214 11.164870829512806 14.159367110241774 16.876363902196918 19.293464179885202 21.373466588794503 23.05658946037825 24.251303229388707 24.977723605288848 0.8693219713333198 4.4828429006061015 7.998936323349121 11.248513913838977 14.231406676263202 16.936405943869882 19.341177565556798 21.40905857325107 23.080124845187832 24.262267420455444 24.977723605288848 0.9148941608589224 4.525060748489707 8.041054253866184 11.28709009397188 14.269236831998574 16.973232961536592 19.373608095164585 21.435793325024772 23.09895700398892 24.271654542955865 24.977723605288848 0.6951990107709141 4.270552602448784 7.828519183036548 11.141668021773311 14.193378773573286 16.976418850901094 19.386269903730017 21.449716205999525 23.111612696862966 24.278926306847577 24.977723605288848 0.7283386188655957 4.249713004882968 7.777909716690124 11.067342750484102 14.098987191448623 16.852429354296348 19.29866214205319 21.405592729615538 23.114479674721917 24.282242095080935 24.977723605288848 0.7913218338605339 4.29845568628042 7.811142590955011 11.086523388751786 14.105917101683008 16.848442040412856 19.286378361374098 21.380526473153054 23.07067201953997 24.267077873482908 24.977723605288848 0.8273107037583389 4.346264779536893 7.8580750879427335 11.127690096382514 14.139626357776978 16.874074481720303 19.303877963805814 21.390083011863894 23.073663088802054 24.268520439587476 24.977723605288848 0.8398975772617385 4.376195951661137 7.893739480675817 11.16284881588871 14.171163934307215 16.900430226626654 19.324311881146414 21.404399870054053 23.08217638795906 24.27230599907455 24.977723605288848 0.8408776079519931 4.391199082150581 7.915740115075149 11.186837418264899 14.194052231837682 16.920399179214865 19.34035188390307 21.416034912234252 23.089328608209094 24.275444417849123 24.977723605288848 0.8366872121951855 4.396827707904572 7.927499442845119 11.201335108455385 14.208833906279128 16.933822514768785 19.351402402289278 21.424167191087435 23.09436208094208 24.27766069057953 24.977723605288848 0.8308906391834244 4.3972689330100865 7.9326165892976235 11.209067017291549 14.21745373808028 16.942040702781718 19.35834908743233 21.429336068185997 23.0975679460655 24.279093112459954 24.977723605288848 0.8248945777161812 4.39501351838366 7.933681448115797 11.212299605160398 14.221736986495005 16.94645138120211 19.36221614849328 21.432248042813544 23.099371333992504 24.279925153362417 24.977723605288848 0.8192560085753817 4.391447172892163 7.932362613826234 11.212651471035198 14.22309158607105 16.9481966521188 19.36387661399408 21.433522337227473 23.100152110239907 24.280318841178428 24.977723605288848 0.8141302538382319 4.38731019475917 7.9296888901651 11.211214150306915 14.22253082372469 16.948138551818428 19.364011323311566 21.4336506806714 23.100214362363197 24.28040341279766 24.977723605288848 0.8094921114418977 4.382978712323422 7.92628012085022 11.208704051752736 14.22075956238125 16.946902343532592 19.363128411677287 21.43300608602429 23.09979013058456 24.28027732660153 24.977723605288848 0.80514161318137 4.378621157986603 7.922505376030799 11.205585210027108 14.218258337332964 16.944930016227328 19.36159612209496 21.43186274587482 23.09905110234514 24.28001346014476 24.977723605288848 0.8011386327534735 4.3743646599895465 7.918597148559801 11.202158878745271 14.215350749829797 16.942528123838073 19.359675421237725 21.430417964163976 23.098121364337214 24.279664568566087 24.977723605288848 0.797415854135352 4.370263563968262 7.914694658654543 11.198617922249653 14.212251724512042 16.939905630468214 19.35754751007711 21.428810390409133 23.09708859314541 24.279268052981347 24.977723605288848 0.7939222454605745 4.366340501435683 7.9108798506961095 11.195084101982905 14.20910189946254 16.93720252607527 19.35533572380568 21.42713525274425 23.09601335712086 24.278849881539568 24.977723605288848 0.7906224922176123 4.362604219914992 7.907200478334238 11.191633209874658 14.205991801529166 16.93451084383809 19.35312230276768 21.425456560858674 23.094936543108457 24.278427696299044 24.977723605288848 0.787494176294874 4.359057226142062 7.90368392492084 11.18831157357088 14.202978551035466 16.931889842234863 19.35096081642294 21.423816273265697 23.09388502986034 24.278013190954113 24.977723605288848 0.7845244434807044 4.3556996714926175 7.900345486604429 11.18514674825027 14.20009719246316 16.929376570301148 19.34888510933453 21.422241019965135 23.092875897215944 24.277613880966296 24.977723605288848 0.7817069957109878 4.35253094522034 7.897193247167306 11.182154368964076 14.197368297806902 16.92699319165598 19.346915636798222 21.42074693543789 23.09191947976721 24.277234392039315 24.977723605288848 0.7790396862892346 4.3495502214906185 7.894230927923124 11.179342513670376 14.194803028689062 16.924752033033258 19.34506389405745 21.419343077778873 23.0910215450737 24.27687738424153 24.977723605288848 0.7765227390064505 4.346756559136797 7.891459553199211 11.176714470809978 14.192406475905848 16.922658993469312 19.343335466590325 21.418033811232657 23.090184821967863 24.276544202170857 24.977723605288848 0.7741575094217771 4.344148843855359 7.888878432329572 11.174270495670452 14.190179851490988 16.920715829870783 19.341732107298327 21.41682044545859 23.08941005855244 24.27623532664118 24.977723605288848 0.7719456762191725 4.341725705355357 7.88648575201075 11.172008930771694 14.188121924644546 16.918921680522203 19.34025313867727 21.415702351630284 23.088696746471 24.27595068508814 24.977723605288848 0.769888753805042 4.339485462558279 7.88427894913334 11.169926928629454 14.18622996361534 16.917274077049225 19.338896393051993 21.41467771582371 23.088043611948017 24.27568986283682 24.977723605288848 0.7679878337712094 4.337426111237568 7.882254961009783 11.168020926837727 14.184500356895164 16.915769616068147 19.337658840268386 21.413744044158175 23.0874489460219 24.275452245726267 24.977723605288848 0.7662434822415906 4.335545350971316 7.880410407073801 11.166286968931786 14.182929027193078 16.914404406098377 19.33653700591763 21.412898499881326 23.08691082521455 24.275237115775855 24.977723605288848 0.7646557381091276 4.333840641826947 7.878741731414986 11.164720928786002 14.181511711752552 16.913174366842433 19.335527250248308 21.41213812774538 23.086427258304713 24.27504371505835 24.977723605288848 0.7632241723573875 4.332309287821852 7.877245321684661 11.163318674097052 14.180244156357775 16.912075431782622 19.334625954950457 21.411460003348004 23.085996283698314 24.2748712882365 24.977723605288848 0.761947980885416 4.330948518314395 7.8759176155665935 11.162076190979592 14.179122253168588 16.911103687354302 19.333829649168077 21.410861332777078 23.085616033973565 24.274719110874173 24.977723605288848 0.7608260917271144 4.329755580424872 7.874755197459947 11.160989681411527 14.178142140977046 16.91025547016884 19.333135095389938 21.410339519435624 23.085284778746445 24.274586508313234 24.977723605288848 0.7598572742895191 4.328727823299695 7.8737548651812626 11.160055637333073 14.177300279203182 16.90952743612118 19.3325393487531 21.409892209209985 23.08500095321006 24.274472868281485 24.977723605288848 0.7590402428677676 4.32786277707133 7.8729137024790345 11.1592709035716 14.176593504918923 16.90891661074257 19.33203979863889 21.409517321247606 23.084763177018104 24.274377649310313 24.977723605288848 0.7583737495289954 4.32715821749375 7.872229140362187 11.158632730115867 14.176019077452306 16.908420426582673 19.33163419832145 21.40921306925689 23.08457026741493 24.274300386568026 24.977723605288848 0.757856663389844 4.326612262455958 7.871699016198506 11.158138815897676 14.175574713264789 16.90803675105068 19.331320686206293 21.408977976237207 23.08442124793609 24.274240695778815 24.977723605288848 0.7574880365723464 4.3262234102953165 7.871321611543122 11.157787340662027 14.175258611843972 16.907763906763396 19.331097800934344 21.40881088465125 23.08431535424412 24.27419827585492 24.977723605288848 0.7572671558512344 4.325990551752465 7.871095675695406 11.157576987244775 14.17506947419517 16.907600685941166 19.33096449186333 21.408710963327167 23.08425203799357 24.274172910646428 24.977723605288848 0.7571935788910031 4.325913008313511 7.871020448712773 11.1575069584075 14.17500651576964 16.907546360145865 19.33092012598381 21.408677711904236 23.084230969280714 24.274164470054323 24.977723605288848
    </DataArray>
    <DataArray type="Float32" Name="Ion density max [log10(m^-3)]" NumberOfComponents="1" format="ascii">
25.8989999352162 25.886569615192347 25.86916691892313 25.849202378597283 25.824800214345263 25.79328605613239 25.75059078719057 25.689441417414734 25.59530526461593 25.433156299793957 24.977723605288848 25.894260370991557 25.881904116111755 25.86459771938597 25.844767645593944 25.820510410623445 25.789163583219022 25.746658121949658 25.685720598426744 25.591791266708707 25.42988546961596 24.977723605288848 25.879833051085324 25.86761826266525 25.850440893183574 25.83089659650279 25.807050546239918 25.77620232361041 25.73426240620473 25.67394581410125 25.580681322942294 25.419766979420732 24.977723605288848 25.855420453485408 25.843274740918996 25.82626137316794 25.807201403038857 25.78406434250345 25.754031963039605 25.712955293374637 25.653584073189474 25.56145332899706 25.40245579513851 24.977723605288848 25.820485751545533 25.808346275725555 25.79155009856746 25.773189560057595 25.75107662349479 25.722228646969622 25.682406318794666 25.62437773029044 25.533820750428582 25.377582523280626 24.977723605288848 25.774308423364367 25.762141389301938 25.745668235036657 25.72829269652588 25.707580708956886 25.680321072181684 25.64215170928073 25.58585637290254 25.49731082774348 25.345473571328068 24.977723605288848 25.716016569382855 25.703800322926437 25.687831557267334 25.671823755936057 25.652974944608246 25.627767931319738 25.591684515441244 25.537522000412274 25.451437250585133 25.30951834089146 24.977723605288848 25.644637173322206 25.632342052804475 25.61721110177535 25.603018493694027 25.586595738888214 25.563966516194096 25.530425605861705 25.47879084795026 25.395707240486395 25.27007518348381 24.977723605288848 25.559152458648693 25.547200384439094 25.533608476195816 25.521314028265085 25.507786144007348 25.488305220915784 25.457756443062564 25.409031034452802 25.329715859354728 25.22911945952481 24.977723605288848 25.4585474688062 25.44773659123031 25.436534792830816 25.42703762399214 25.41629732518901 25.400244348578607 25.37308725205699 25.327692479824897 25.253441271274415 25.190847490195814 24.977723605288848 25.341720426007242 25.33369920786074 25.327140291241047 25.321330646262307 25.31344240940069 25.300298096222225 25.276423099516613 25.235249420921065 25.177778554107043 25.154411764156873 24.977723605288848 25.20660800683542 25.207110359449395 25.20790721050813 25.20760193332232 25.204495956946545 25.19499993327709 25.17665371042922 25.14912932781778 25.12215531988835 25.1224211297696 24.977723605288848 25.046515529147857 25.05542705002175 25.07899381400058 25.099321575014535 25.103057768891258 25.103165130677002 25.094275666529033 25.086493840495706 25.08060747718318 25.090656164396574 24.977723605288848 24.832249903469883 24.80304972264383 24.855977373986413 24.931118975475414 24.988603966234184 25.000707431803406 25.021516898105475 25.040538897874985 25.043608234893835 25.055137986939236 24.977723605288848 24.66564840198338 24.59087607817825 24.65370839756572 24.741818237238903 24.82159233472367 24.8721832277878 24.923102126427665 24.97186648146697 24.99515556988481 25.02277165334549 24.977723605288848 24.557448031457724 24.44519801668117 24.499720794243498 24.592859992341648 24.690317422456705 24.77056994351766 24.842408229481954 24.905309818165783 24.945857584247065 24.983626438907454 24.977723605288848 24.493223897114895 24.36553293933908 24.41296440293431 24.50637566806745 24.603280536875655 24.69506827212658 24.779246458176793 24.85636211573814 24.91906258178708 24.965864279596634 24.977723605288848 24.45283730775237 24.319191065596467 24.36820298916336 24.468734228033416 24.56489343781067 24.652827224211848 24.7385187492724 24.82160935630738 24.895538988257698 24.951375778032162 24.977723605288848 24.424226754320568 24.286570266716083 24.339475128841176 24.44511997778248 24.543880066420897 24.632277227753885 24.717128783885695 24.800652754421183 24.87917305903302 24.941143379530025 24.977723605288848 24.40171908273011 24.26073757694452 24.317020013470813 24.42719001020556 24.528715766879028 24.6190896934112 24.704918491271354 24.788776731031632 24.869190763213442 24.934620971774823 24.977723605288848 24.382667992028022 24.238871243874687 24.298304023354838 24.412731058155313 24.51714876967107 24.60966593067445 24.696942461268634 24.78192457491149 24.86327609029736 24.93063506622299 24.977723605288848 24.365832816167686 24.2197059272405 24.28216557667804 24.40053725935423 24.507750467462188 24.602438464853137 24.691317633940614 24.777508205172836 24.859644455612337 24.928223966587677 24.977723605288848 24.350623061298542 24.20261277414121 24.267994198856265 24.38997330932567 24.499847208780242 24.596636812080963 24.68710650352503 24.77440006738422 24.857265789093486 24.926713990588446 24.977723605288848 24.336748934904538 24.187245190300374 24.25543081798003 24.380700916636524 24.493060613735494 24.591828646950937 24.683797752854936 24.772071493374863 24.85559571426699 24.92571087889346 24.977723605288848 24.324057894142406 24.173387514420174 24.244240314095624 24.372500918427157 24.487152469870672 24.587749746908326 24.681096705109773 24.770238185185434 24.854346430346695 24.92499863500363 24.977723605288848 24.31245593661901 24.160885760963705 24.2342519229154 24.365219506128565 24.481964193303735 24.584232564666824 24.67882746492491 24.768788005588412 24.853360916104176 24.924460035887655 24.977723605288848 24.30187437669344 24.14961650395887 24.225330428574548 24.358740139327097 24.477383550202592 24.58116613510229 24.676881576928405 24.7675879860165 24.852550586852658 24.924030512504302 24.977723605288848 24.292250640681093 24.139613785754797 24.21736195108167 24.352968808294925 24.473326205055564 24.57847322418419 24.67518955474122 24.76655489308506 24.851863910440777 24.923673752943873 24.977723605288848 24.28352349158888 24.130774074429162 24.21024706860234 24.34782628280076 24.46972543631919 24.576097230222377 24.673704769599535 24.765651828680046 24.85126990943564 24.92336872766846 24.977723605288848 24.275631269473408 24.122828187264613 24.203897379798388 24.343243969203407 24.46652634169548 24.574003454229288 24.672394258609504 24.76485484265433 24.850749162296935 24.923102843365317 24.977723605288848 24.268512219376667 24.11569622832678 24.198233691188616 24.33916160236171 24.463682497641983 24.572151399156347 24.67123346583526 24.764147488339677 24.850288857704122 24.922868220213747 24.977723605288848 24.262105485047382 24.109303932509746 24.19318493594888 24.335525857185775 24.46115395667695 24.570507177625064 24.67020320534324 24.763517753173378 24.849880010338367 24.922659645526018 24.977723605288848 24.25635216081264 24.103582618910707 24.188687406591992 24.332289418666935 24.45890597665946 24.56904679810523 24.66928789189493 24.76295634495763 24.849516004705883 24.922473579297947 24.977723605288848 24.251196159997907 24.09846917486546 24.184684118335735 24.32941028492399 24.456908157063584 24.56774971625212 24.668474494031056 24.762455713364982 24.849191641347755 24.922307352598054 24.977723605288848 24.246584832586016 24.093905976739894 24.181124230467248 24.326851196366594 24.455133808896434 24.566598154959973 24.66775189187157 24.762009499974692 24.84890263799974 24.922158833744504 24.977723605288848 24.242469343341835 24.08984072861413 24.177962502265352 24.324579142220017 24.45355946625028 24.56557663223718 24.667110471972023 24.76161222373959 24.848645363521516 24.922026249977073 24.977723605288848 24.238804851746764 24.086226232483224 24.175158780111317 24.32256492284062 24.45216449004241 24.564671615455328 24.666541857349753 24.761259091387466 24.848416677484018 24.9219080827814 24.977723605288848 24.235550541704797 24.083020107889656 24.172677517864656 24.32078275794242 24.450930736471147 24.563871255841605 24.66603871758306 24.76094587868018 24.848213831042507 24.92180300617809 24.977723605288848 24.232669545111303 24.080184484742833 24.170487334432234 24.31920993574368 24.449842274180757 24.563165176329512 24.665594627428028 24.760668851402713 24.848034403675026 24.921709849998408 24.977723605288848 24.230128795956528 24.07768579774669 24.168560610810943 24.317826500516357 24.44888514128187 24.562544297877487 24.665203957190673 24.760424709358162 24.847876260471292 24.92162757720887 24.977723605288848 24.22789884354807 24.07549606071013 24.166873127466967 24.316614975997858 24.448047135740406 24.562000694522574 24.66486178411946 24.760210543322973 24.847737521027632 24.921555268928703 24.977723605288848 24.225953646119542 24.073586899332188 24.165405277182124 24.315560122104543 24.447317634376066 24.561527470734106 24.664563818071983 24.760023799404586 24.847616535023874 24.92149211360864 24.977723605288848 24.224270360119455 24.071935465613542 24.164139970399123 24.314648722417076 24.44668743693166 24.56111865746767 24.664306339494118 24.759862249679628 24.847511861994164 24.921437398465546 24.977723605288848 24.22282913580259 24.070521973940767 24.163057987193376 24.313869399985013 24.446148632291823 24.56076912382026 24.66408614680852 24.759723966950453 24.847422252214816 24.92139050206744 24.977723605288848 24.221612926250323 24.069329478611646 24.16214588911125 24.31321245909871 24.44569448441782 24.56047450207509 24.66390051154833 24.759607299543497 24.847346626366438 24.921350888703635 24.977723605288848 24.22060731441362 24.06834367882961 24.161392377126287 24.312669750854997 24.44531933600347 24.560231124640413 24.66374714046204 24.759510850694745 24.84728409708939 24.921318108377076 24.977723605288848 24.21980036100044 24.06756392281093 24.160788138004893 24.31223456058927 24.445018528170813 24.56003597161879 24.66362414387315 24.75943346408826 24.847233922746234 24.92129178699661 24.977723605288848 24.219182474807965 24.06697581668679 24.160325717875654 24.311901515480635 24.44478833478751 24.559886627983126 24.663530009722873 24.759374213203476 24.847195505414415 24.92127162261709 24.977723605288848 24.21874630632403 24.066560663962214 24.159999421231785 24.31166651088692 24.444625910238155 24.559781249557364 24.663463582869937 24.759332389566623 24.847168386981007 24.921257383236046 24.977723605288848 24.218486664950824 24.066313530108392 24.15980523389874 24.31152665423867 24.444529249719366 24.559718537156723 24.663424049290224 24.759307493499854 24.8471522441399 24.92124890477024 24.977723605288848 24.218400459932973 24.06623147731046 24.15974076882788 24.31148022559645 24.444497161365906 24.55969771844166 24.663410924966524 24.759299227705736 24.84714688448399 24.92124608944153 24.977723605288848
    </DataArray>
    <DataArray type="Float32" Name="Mobility [m^2/V/s]" NumberOfComponents="1" format="ascii">
0.0 0.0 0.0 0.0 0.0 0.0 0.0 0.0 0.0 0.0 0.0 1.5e-05 1.5e-05 1.5e-05 1.5e-05 1.5e-05 1.5e-05 1.5e-05 1.5e-05 1.5e-05 1.5e-05 1.5e-05 1.5215094181054456e-05 1.5215003816690485e-05 1.5218683327898992e-05 1.5498779704446573e-05 2.0847445833260567e-05 2.0843856686416034e-05 2.0877221943729142e-05 2.6222298925698604e-05 5.6213537518083576e-05 5.618376140761501e-05 5.6213537518083576e-05 0.0 0.0 0.0 0.0 0.0 0.0 0.0 0.0 0.0 0.0 0.0 0.0 0.0 0.0 0.0 0.0 0.0 0.0 0.0 0.0 0.0 0.0 1.5e-05 1.5e-05 1.5e-05 1.5e-05 1.5e-05 1.5e-05 1.5e-05 1.5e-05 1.521893402880525e-05 1.5228713050413108e-05 1.5512147872898967e-05 0.0 0.0 0.0 0.0 0.0 0.0 0.0 0.0 0.0 0.0 0.0 0.0 0.0 0.0 0.0 0.0 0.0 0.0 0.0 0.0 1.5e-05 1.5e-05 1.5e-05 1.5e-05 1.5e-05 1.5e-05 1.5e-05 1.5e-05 1.5229106527496965e-05 1.5243974133570354e-05 1.5536794500580216e-05 2.098363519199267e-05 2.1105571002311405e-05 0.0 0.0 0.0 0.0 0.0 0.0 0.0 0.0 0.0 0.0 0.0 0.0 0.0 0.0 0.0 0.0 0.0 0.0 1.5e-05 1.5e-05 1.5e-05 1.5e-05 1.5e-05 1.5e-05 1.5e-05 1.5e-05 1.5244509934221996e-05 1.5263941144616056e-05 1.557109331704766e-05 2.1125002212705464e-05 2.1276775697761298e-05 2.6811253383025043e-05 5.6569013434040427e-05 0.0 0.0 0.0 0.0 0.0 0.0 0.0 0.0 0.0 0.0 0.0 0.0 0.0 0.0 0.0 0.0 1.5e-05 1.5e-05 1.5e-05 1.5e-05 1.5e-05 1.5e-05 1.5e-05 1.5e-05 1.526462147819351e-05 1.5288111773988997e-05 1.5614014823237205e-05 2.130026599355678e-05 2.147318243554979e-05 2.7135943310073883e-05 5.674192987603343e-05 5.674192987603343e-05 8.6175e-05 0.0 0.0 0.0 0.0 0.0 0.0 0.0 0.0 0.0 0.0 0.0 0.0 0.0 0.0 1.5e-05 1.5e-05 1.5e-05 1.5e-05 1.5e-05 1.5e-05 1.5e-05 1.5e-05 1.528894238228207e-05 1.5316127019481285e-05 1.5664689756231906e-05 2.150036707274901e-05 2.1688513096199137e-05 2.7497005775517025e-05 5.693007589948357e-05 5.693007589948357e-05 8.6175e-05 0.0 0.0 0.0 0.0 0.0 0.0 0.0 0.0 0.0 0.0 0.0 0.0 0.0 0.0 1.5e-05 1.5e-05 1.5e-05 1.5e-05 1.5e-05 1.5e-05 1.5e-05 1.5e-05 1.5e-05 1.5e-05 1.5722003570327546e-05 2.1718642273095562e-05 2.1915225534349954e-05 2.7881735060221546e-05 5.712665916073796e-05 5.712665916073796e-05 8.6175e-05 0.0 0.0 0.0 0.0 0.0 0.0 0.0 0.0 0.0 0.0 0.0 0.0 0.0 0.0 0.0 1.5e-05 1.5e-05 1.5e-05 1.5e-05 1.5e-05 1.5e-05 1.5e-05 1.5e-05 1.5e-05 1.5e-05 1.5e-05 2.214558502954613e-05 2.8276799367497025e-05 5.732514020675904e-05 5.732514020675904e-05 8.6175e-05 0.0 0.0 0.0 0.0 0.0 0.0 0.0 0.0 0.0 0.0 0.0 0.0 0.0 0.0 0.0 0.0 0.0 1.5e-05 1.5e-05 1.5e-05 1.5e-05 1.5e-05 1.5e-05 1.5e-05 1.5e-05 1.5e-05 1.5e-05 1.5e-05 5.7520494113657906e-05 5.7520494113657906e-05 8.6175e-05 0.0 0.0 0.0 0.0 0.0 0.0 0.0 0.0 0.0 0.0 0.0 0.0 0.0 0.0 0.0 0.0 0.0 0.0 0.0 1.5e-05 1.5e-05 1.5e-05 1.5e-05 1.5e-05 1.5e-05 1.5e-05 1.5e-05 1.5e-05 1.5e-05 1.5e-05 8.6175e-05 0.0 0.0 0.0 0.0 0.0 0.0 0.0 0.0 0.0 0.0 0.0 0.0 0.0 0.0 0.0 0.0 0.0 0.0 0.0 0.0 0.0 1.5e-05 1.5e-05 1.5e-05 1.5e-05 1.5e-05 1.5e-05 1.5e-05 1.5e-05 1.5e-05 1.5e-05 1.5e-05 0.0 0.0 0.0 0.0 0.0 0.0 0.0 0.0 0.0 0.0 0.0 0.0 0.0 0.0 0.0 0.0 0.0 0.0 0.0 0.0 0.0 0.0 1.5e-05 1.5e-05 1.5e-05 1.5e-05 1.5e-05 1.5e-05 1.5e-05 1.5e-05 1.5e-05 1.5e-05 1.5e-05 0.0 0.0 0.0 0.0 0.0 0.0 0.0 0.0 0.0 0.0 0.0 0.0 0.0 0.0 0.0 0.0 0.0 0.0 0.0 0.0 0.0 0.0 1.5e-05 1.5e-05 1.5e-05 1.5e-05 1.5e-05 1.5e-05 1.5e-05 1.5e-05 1.5e-05 1.5e-05 1.5e-05 0.0 0.0 0.0 0.0 0.0 0.0 0.0 0.0 0.0 0.0 0.0 0.0 0.0 0.0 0.0 0.0 0.0 0.0 0.0 0.0 0.0 0.0 1.5e-05 1.5e-05 1.5e-05 1.5e-05 1.5e-05 1.5e-05 1.5e-05 1.5e-05 1.5e-05 1.5504969553537264e-05 1.5505958973440308e-05 0.0 0.0 0.0 0.0 0.0 0.0 0.0 0.0 0.0 0.0 0.0 0.0 0.0 0.0 0.0 0.0 0.0 0.0 0.0 0.0 0.0 1.5e-05 1.5e-05 1.5e-05 1.5e-05 1.5e-05 1.5e-05 1.5e-05 1.5e-05 1.550510321094929e-05 1.5442709509876915e-05 1.59997392622249e-05 2.3067264625030352e-05 0.0 0.0 0.0 0.0 0.0 0.0 0.0 0.0 0.0 0.0 0.0 0.0 0.0 0.0 0.0 0.0 0.0 0.0 0.0 1.5e-05 1.5e-05 1.5e-05 1.5e-05 1.5e-05 1.5e-05 1.5e-05 1.5e-05 1.5442923015614938e-05 1.54449373011564e-05 1.593935984669399e-05 2.2767216614405782e-05 2.2781407320606068e-05 2.960724980277639e-05 0.0 0.0 0.0 0.0 0.0 0.0 0.0 0.0 0.0 0.0 0.0 0.0 0.0 0.0 0.0 0.0 0.0 1.5e-05 1.5e-05 1.5e-05 1.5e-05 1.5e-05 1.5e-05 1.5e-05 1.5e-05 1.5445311379933938e-05 1.545475000924727e-05 1.5950812761548786e-05 2.27908459499194e-05 2.2850994803186895e-05 2.968158936224418e-05 5.795836910775583e-05 5.795836910775583e-05 0.0 0.0 0.0 0.0 0.0 0.0 0.0 0.0 0.0 0.0 0.0
    </DataArray>
    <DataArray type="Float32" Name="Electric Field [Vm^-1]" NumberOfComponents="3" format="ascii">
408802046.8174569 -1544495575.5432718 0.0 -190740.61974989044 88447980.48721263 0.0 -228433.19937180614 84198739.09837827 0.0 -284666.75587103347 79344309.46372555 0.0 -389626.11210362177 73817283.304274 0.0 -551853.4086418998 67440494.61909838 0.0 -787693.3087814965 59930062.45151167 0.0 -1137516.2016732479 50798089.97962934 0.0 -1665094.8916000414 39210965.612347186 0.0 -1766714.698610071 25899749.551270556 0.0 398011857.2280837 1212274019.8114119 0.0 2603088.4406275013 -1338332922.6239989 0.0 728316.5451373941 88225529.46045288 0.0 831619.5340007283 83914834.4128942 0.0 877662.7539106052 78986104.80224295 0.0 869994.9549567598 73376127.62467499 0.0 816450.1421460385 66904986.46650066 0.0 722606.6484499156 59276176.04639484 0.0 588919.2532924645 49977586.88418643 0.0 412497.9068936817 38146555.85368694 0.0 206143.02551352666 24835226.724594224 0.0 -2002296.1500848841 1404863868.736284 0.0 3113030.4927555295 -1337717754.5767226 0.0 1434501.9191732178 88413219.1017495 0.0 1607030.7130055495 84014804.51913963 0.0 1671604.8137381275 79004707.17890225 0.0 1639000.7151106473 73323524.61463146 0.0 1521025.8581097003 66790460.46608655 0.0 1326845.6038758552 59104316.06258319 0.0 1061050.8781030974 49747310.52599193 0.0 726844.5578313408 37863532.319169246 0.0 352928.71402669937 24550109.544855945 0.0 -1986206.0168749278 1404715470.9794664 0.0 3659623.6885130433 -1336732723.0109036 0.0 2126904.5001728344 88674095.86005466 0.0 2331785.573725433 84142419.02695847 0.0 2388572.9990688115 79009444.18055281 0.0 2313137.7016328257 73219151.63188553 0.0 2121331.153529639 66589692.33018531 0.0 1827140.9694730039 58817256.70468213 0.0 1441500.2758371164 49380259.455603294 0.0 974756.70267505 37431456.95480545 0.0 466775.65362096566 24123753.047822684 0.0 -1974267.563820931 1404505359.097572 0.0 4236332.114262614 -1335384680.8414407 0.0 2822205.820632371 88969939.70283873 0.0 3022926.0582008758 84264710.84932443 0.0 3043271.01438046 78975999.97945367 0.0 2906360.887041719 73049391.88664584 0.0 2633524.457298865 66301064.540314764 0.0 2242839.0086820493 58424218.08018055 0.0 1749018.6024951567 48893955.34666289 0.0 1167983.1078145185 36874710.78611589 0.0 551171.1183115429 23585315.527867988 0.0 -1965876.6031708608 1404249341.8299172 0.0 4851866.749302044 -1333668134.477175 0.0 3526458.7131302906 89261501.06834368 0.0 3687144.7027428956 84349936.30422328 0.0 3644838.30425022 78881809.8741977 0.0 3429895.465336065 72801427.91084033 0.0 3068695.847521836 65921374.717971034 0.0 2583147.304087702 57931019.08128311 0.0 1991453.1192941617 48302572.691279545 0.0 1313903.4828899605 36215039.30058176 0.0 610477.9838171909 22961358.509427283 0.0 -1960588.1554726372 1403961039.5822458 0.0 5509026.277095332 -1331577968.6679888 0.0 4238344.721923144 89506887.95118712 0.0 4321267.87962384 84367114.21920864 0.0 4190942.976934725 78706601.08564426 0.0 3883690.3034690227 72464852.59914699 0.0 3429657.744822621 65449335.14684227 0.0 2853489.228594349 57344786.45331853 0.0 2175573.174153345 47620362.3802575 0.0 1418909.0837874461 35471299.40050356 0.0 651670.6170709429 22275003.33982049 0.0 -1956687.882038271 1403651069.1611357 0.0 6207672.820529471 -1329111331.7979558 0.0 4954222.798362164 89660318.84670122 0.0 4919984.171217859 84284278.84836899 0.0 4675122.3664845405 78430767.64433806 0.0 4261797.39031624 72031258.81821238 0.0 3712257.813478676 64886086.405972235 0.0 3051725.8931336864 56674678.82619837 0.0 2301040.0849821675 46863196.5740202 0.0 1485105.3709534772 34665856.99774691 0.0 676879.0683668875 21546649.5510779 0.0 -1955053.8296737436 1403325803.6173747 0.0 6945263.423692392 -1326267853.1433747 0.0 5671246.567866322 89675051.48729363 0.0 5478818.15155237 84067462.94790123 0.0 5090928.058776418 78033503.27646287 0.0 4556795.802023011 71492770.8105896 0.0 3909678.142835209 64234366.80276866 0.0 3172443.3691999675 55931480.251943536 0.0 2363665.22854053 46048141.440072656 0.0 1508437.1524558545 33820785.84385125 0.0 681814.1352777354 20796094.67905404 0.0 -1956035.1135744725 1402994667.5703104 0.0 7721794.310657202 -1323047510.9145226 0.0 6389747.718784207 89503605.36484852 0.0 5992608.342744288 83679530.1091281 0.0 5429729.666588728 77492151.02616605 0.0 4759719.894731227 70841183.07053961 0.0 4013953.3927420774 63497896.60380606 0.0 3208993.1082991427 55127292.325342245 0.0 2358032.848693851 45193311.726230405 0.0 1484488.785651051 32958543.97789635 0.0 665672.6306671362 20046485.028331917 0.0 -1959322.5494367555 1402667886.0037928 0.0 8552710.163905764 -1319444419.85732 0.0 7121498.934354154 89091300.9128742 0.0 6454766.964410052 83073789.77555613 0.0 5676816.580730771 76782363.30617957 0.0 4857284.987434093 70070197.42556447 0.0 4015878.794179698 62682484.21789886 0.0 3155680.5118240756 54275981.600140125 0.0 2280772.787319088 44318109.38094702 0.0 1414463.678829638 32105718.91593719 0.0 631238.9002576816 19322522.240348548 0.0 -1964580.0044805522 1402354466.8613267 0.0 9591421.524256645 -1315399340.8591483 0.0 7937080.6077388935 88324290.24282922 0.0 6849256.668413622 82176879.68035492 0.0 5802332.099307856 75878322.84892777 0.0 4829970.858593705 69180686.98414043 0.0 3908130.587225332 61800965.66513433 0.0 3014011.256605276 53396066.75442249 0.0 2141345.9150529373 43447605.06092985 0.0 1312839.0816746193 31291391.464047715 0.0 586542.6021225958 18644263.536332823 0.0 -1970434.3053407662 1402061062.5362184 0.0 11427833.582022224 -1310683965.126047 0.0 8931874.829628536 86759214.39029992 0.0 7066424.63393304 80880946.51059388 0.0 5741219.405852047 74776646.42629547 0.0 4657571.482144792 68195376.19962701 0.0 3697766.1261153915 60881598.61319243 0.0 2804772.498397275 52516520.26787972 0.0 1965065.163299139 42612889.704297915 0.0 1198256.9717441443 30538562.63318043 0.0 539465.9277695459 18021704.174631357 0.0 -1976166.9918822136 1401789476.2010665 0.0 11624171.490695853 -1306125509.6351376 0.0 8370258.661635765 84153654.81753972 0.0 6603671.555502124 79284132.36329614 0.0 5331934.698737497 73582145.30858366 0.0 4297143.182040275 67189645.83159982 0.0 3384732.9803262106 59974415.78879875 0.0 2544350.779639939 51672982.67120191 0.0 1770033.365572464 41838936.92764316 0.0 1079228.4610097746 29858929.146598626 0.0 493449.7684689343 17458445.978548583 0.0 -1981503.5186814961 1401539066.5971766 0.0 9092582.489046197 -1302806795.2229683 0.0 6634406.436175569 82428607.68398285 0.0 5540631.210035056 78009478.48004463 0.0 4597589.384400461 72554682.88681255 0.0 3752946.586672018 66291573.51201804 0.0 2967614.404712768 59149900.91298616 0.0 2231707.851884699 50909438.574639685 0.0 1551361.2116825848 41146441.63613004 0.0 950514.3806252669 29260684.240264874 0.0 451483.8458676286 16958584.28014781 0.0 -1985270.0844500505 1401307168.623071 0.0 6542354.668626583 -1300384288.1973286 0.0 4756565.773574967 81733206.58719257 0.0 4305794.11800697 77247433.6469306 0.0 3729171.1137132444 71810694.89578892 0.0 3115816.3364184457 65573916.81452126 0.0 2496305.181841912 58460279.53361018 0.0 1891427.8416672368 50257703.45038737 0.0 1321641.0126586934 40554206.22205534 0.0 815483.2365492897 28759105.328725424 0.0 387504.26050815283 16519587.300709587 0.0 -1997448.5571158018 1401097648.2217588 0.0 4787395.205829883 -1298635168.9914334 0.0 3297935.5481918026 81699213.68207361 0.0 3220079.6665405887 76901111.54980184 0.0 2915287.251083812 71336219.63237081 0.0 2502406.865912583 65047335.60536792 0.0 2040455.0785269048 57918998.4159656 0.0 1564844.2037064594 49727294.077688724 0.0 1101722.688004179 40059837.0101716 0.0 676250.4531349655 28329501.9620127 0.0 309456.1322989929 16144651.08893955 0.0 -2006455.5961256493 1400932917.2576392 0.0 3844860.8901781915 -1297335893.2444043 0.0 2339831.1334769116 81894687.65864576 0.0 2398110.8211915633 76785004.6732449 0.0 2247222.305223057 71052503.69264321 0.0 1975069.5568620989 64676862.36010922 0.0 1637357.0467668145 57508814.46063316 0.0 1270751.3775413425 49308357.94952536 0.0 902001.8863333757 39656823.2140034 0.0 553603.3203149562 27967362.928313117 0.0 248599.532990001 15836674.786205273 0.0 -2013347.8173342051 1400801488.074792 0.0 3371346.6110958485 -1296349323.8488243 0.0 1744855.692695989 82093283.6778469 0.0 1819049.89376185 76760009.9569265 0.0 1738248.3282513663 70880440.37167314 0.0 1552662.2408844559 64415706.814094976 0.0 1302857.6154310827 57199572.294612765 0.0 1019942.8774350627 48980678.82008538 0.0 727973.1542185744 39333481.0212965 0.0 447309.2839992212 27670719.710131273 0.0 199859.9549308263 15587035.676596658 0.0 -2018909.731573589 1400695801.411504 0.0 3117285.9960910063 -1295578053.4591827 0.0 1375032.5926856257 82231360.68638948 0.0 1420996.7939989371 76754751.30805773 0.0 1363654.1840640386 70765088.9852949 0.0 1226940.1013103556 64224860.633805506 0.0 1036350.5749750886 56963205.13524 0.0 815071.2538890825 48723367.001574755 0.0 583092.1680873263 39075382.08219166 0.0 358492.6487947295 27431961.309724003 0.0 160324.35860613539 15386551.531311868 0.0 -2023400.9544686063 1400610893.6395655 0.0 2967784.4297053968 -1294950219.3367589 0.0 1135856.3256393909 82302196.16948958 0.0 1145994.9594225234 76739915.87215516 0.0 1091079.6864257923 70674777.09759401 0.0 980500.0177518479 64077168.122654796 0.0 828913.7107617704 56777871.20874989 0.0 652363.2057155416 48519057.958975025 0.0 466509.6202497429 38869085.74530943 0.0 286726.7662080005 27241134.66700237 0.0 128653.12042953314 15226269.061118137 0.0 -2026974.4062285537 1400542713.4457316 0.0 2865474.4726196174 -1294421732.6599715 0.0 971387.7502933134 82320320.51572467 0.0 951474.2924093226 76708285.16005974 0.0 891959.4758947638 70593958.81828351 0.0 795336.77205468 63955674.650016576 0.0 669582.171169691 56627991.18762602 0.0 525432.4981559537 48354312.110792935 0.0 374745.6890558799 38703174.36352115 0.0 230047.80525215514 27088547.369233694 0.0 103673.3390701338 15098045.459491247 0.0 -2029779.5813680587 1400487800.4102936 0.0 2786363.83991639 -1293964879.3300207 0.0 850285.5427094405 82301771.57009067 0.0 809004.7825428151 76661544.6616837 0.0 744296.1590097797 70516288.1368418 0.0 655811.4869763582 63850617.392443754 0.0 547781.249340517 56503041.05587545 0.0 427363.5005135373 48219084.869943246 0.0 303415.536481331 38568395.62592043 0.0 185885.63100752246 26965861.9130084 0.0 84184.07675276 14994952.142502531 0.0 -2031965.590178702 1400443277.711014 0.0 2719022.025113318 -1293562932.8510983 0.0 754910.8706529328 82259785.29140781 0.0 700302.6751438725 76604140.42572705 0.0 632273.6215054712 70440035.43473405 0.0 549548.8055732824 63756734.21269435 0.0 454424.0619451179 56396155.202482246 0.0 351782.717135983 48106058.54362863 0.0 248264.3511609829 38457528.338268846 0.0 151690.84347205362 26866320.11976156 0.0 69050.3849463121 14911364.833779763 0.0 -2033666.543069311 1400406839.2066758 0.0 2656664.6675470485 -1293206061.3431218 0.0 674750.1473215957 82204688.24883497 0.0 613808.6601411571 76540807.29052527 0.0 544966.3525909382 70365497.3790604 0.0 467286.2441319453 63671339.02054074 0.0 382234.5502887967 56302925.65937085 0.0 293314.4023626296 48010001.39876065 0.0 205587.26213043928 38365084.38305946 0.0 125220.71768045476 26784635.668536205 0.0 57289.90209963355 14842864.907330237 0.0 -2034994.7068665859 1400376685.2279503 0.0 646219.4701234057 -837910278.2002393 0.0 585216.6962433809 81235855.2425993 0.0 521010.6015034467 75472365.53688277 0.0 451996.00913647964 69214115.27655537 0.0 378082.55317221483 62418532.677211925 0.0 300855.82994243625 54919784.52894614 0.0 223398.14073972031 46449605.64645848 0.0 150034.89744539888 36541909.187658235 0.0 85715.14368741836 24600645.739179995 0.0 32163.9726588903 12923856.964768881 0.0 0.0 1864956146.5550532 0.0 -1503221.747309672 -1292766887.9886742 0.0 546017.3807504926 82081892.79528832 0.0 483479.8609194558 76410088.03829387 0.0 418756.41523658746 70224427.32120083 0.0 351461.0330955736 63520789.55852576 0.0 282438.64117938787 56147079.4220743 0.0 213738.83759417527 47855866.9218414 0.0 148482.08194812396 38222041.12044783 0.0 90588.81402989855 26662456.652845923 0.0 42649.17413115951 14739918.724561997 0.0 2047054.200419118 1400340355.1425133 0.0 -1550356.2832540947 -1292495004.0566025 0.0 492529.13383402536 82020577.3420301 0.0 432104.30486900377 76347769.68877916 0.0 370717.751164317 70160381.76073775 0.0 308282.72598316247 63455302.17586686 0.0 245606.02243073483 56081499.36511575 0.0 184404.39369315893 47792546.60218962 0.0 127241.90971646707 38164260.21440365 0.0 77328.22604350073 26613627.900487084 0.0 36496.9078397434 14699094.472012527 0.0 2046282.3366562657 1400320580.1699188 0.0 -1594347.7471337845 -1292249440.991562 0.0 444005.9779433122 81961807.0218585 0.0 386922.0512298146 76288660.5024211 0.0 329538.98078703135 70100625.08333126 0.0 272013.51466771436 63395313.59053053 0.0 215151.31687715644 56022480.0634322 0.0 160445.80286040148 47736469.157971896 0.0 110054.8646138562 38113850.48299611 0.0 66651.34909761076 26571631.358382728 0.0 31528.762980294705 14664100.401780576 0.0 2045662.4100356202 1400303565.0567243 0.0 -1635194.6491234768 -1292027904.147592 0.0 399814.16757407394 81906663.75520986 0.0 346729.5430679696 76233477.02932832 0.0 293684.7843872407 70045402.8027408 0.0 241010.99803359035 63340573.70113478 0.0 189515.49554840924 55969328.64563903 0.0 140530.5468825101 47686605.11409816 0.0 95908.82946502914 38069581.54600908 0.0 57912.26238127497 26535202.395435363 0.0 27451.820900358245 14633834.218288695 0.0 2045156.5387170995 1400288797.1815858 0.0 -1672925.265938793 -1291828338.6568706 0.0 359520.83313456696 81855671.73956652 0.0 310710.7543728359 76182558.1905974 0.0 262098.46122599152 69994768.6354398 0.0 214125.99752307447 63290815.34865311 0.0 167592.2054123498 55921478.5271152 0.0 123701.54148083605 47642155.39726956 0.0 84070.25132523481 38030517.44348676 0.0 50639.83611447713 26503389.350876167 0.0 24051.368287539648 14607466.168758193 0.0 2044736.8664575517 1400275888.957952 0.0 -1707616.8324876274 -1291648858.026121 0.0 322793.99357432645 81808999.57213216 0.0 278285.4498404315 76135984.79431506 0.0 234034.8702961706 69948635.03634685 0.0 190544.65629897278 63245748.24333868 0.0 148591.7141768039 55878443.57188776 0.0 109271.29259963262 47602479.67881597 0.0 74009.50125608241 37995931.26558635 0.0 44492.46331305804 26475466.037513368 0.0 21171.03783505278 14584364.703371676 0.0 2044383.0804280837 1400264544.2896163 0.0 -1739393.1817247437 -1291487714.1289582 0.0 289348.4102313707 81766598.11928855 0.0 249015.67832325443 76093670.18566671 0.0 208950.91979827982 69906819.01145208 0.0 169679.70904624907 63205064.62706094 0.0 131944.77958805763 55839792.47423804 0.0 96743.60243700039 47567049.882402115 0.0 65343.708043679886 37965245.56832912 0.0 39222.67201555962 26450868.567396455 0.0 18697.127058542457 14564041.881280424 0.0 2044080.4137452915 1400254533.7376602 0.0 -1768414.4260496015 -1291343285.6853364 0.0 258921.1003369343 81728291.49728997 0.0 222550.92572254513 76055426.19531703 0.0 186435.0457256884 69869079.36625975 0.0 151096.4506689609 63168449.1635386 0.0 117234.54659978965 55805135.199836046 0.0 85756.69826083558 47535419.50454613 0.0 57794.25040770076 37937991.10472487 0.0 34650.39334155346 26429150.40672069 0.0 16546.660656427262 14546113.95733208 0.0 2043818.1197841123 1400245676.4387352 0.0 -1794865.0668192618 -1291214074.1118746 0.0 231261.37280804428 81693836.31189935 0.0 198596.26261602846 76021008.98774418 0.0 166162.31587502384 69835144.73954307 0.0 134463.0510353695 63135588.521089986 0.0 104148.66960917167 55774116.07338534 0.0 76042.33570274142 47507203.65003757 0.0 51155.79210646346 37913778.4668969 0.0 30643.257390546314 26409950.745006274 0.0 14658.499699779393 14530273.325134203 0.0 2043588.317257829 1400237827.143634 0.0 -1818943.288456593 -1291098701.4750655 0.0 206127.75920214655 81662959.52570884 0.0 176893.9976157253 75990149.88846613 0.0 147866.0635044774 69804733.56596163 0.0 119517.6233962918 63106179.17471019 0.0 92446.61530205765 55746410.12463877 0.0 67397.15181131508 47482066.004520185 0.0 45274.21061334788 37892278.67138037 0.0 27102.401726486238 26392972.40787178 0.0 12986.90609014016 14516268.729586404 0.0 2043385.148987059 1400230867.0280316 0.0 -1840852.389798095 -1290995908.2575345 0.0 183287.92558835953 81635382.07330799 0.0 157213.15487365992 75962575.45543556 0.0 131320.0282444557 69777567.62516375 0.0 106046.56384894258 63079933.08333132 0.0 81937.54785058068 55721720.98605087 0.0 59662.87836773124 47459710.147239365 0.0 40031.12415213388 37873209.826333374 0.0 23952.42948289066 26377966.486559674 0.0 11496.964964389095 14503891.387638638 0.0 2043204.1804220474 1400224697.2154274 0.0 -1860794.4532765448 -1290904550.1421158 0.0 162519.59594586998 81610833.0867138 0.0 139343.40256626907 75938020.0655493 0.0 116327.09357711696 69753380.78370787 0.0 93870.35520058627 63056581.41756127 0.0 72465.47613193096 55699779.437937036 0.0 52712.81551294453 47439873.5735666 0.0 35333.17989751342 37856327.887580566 0.0 21134.39857908836 26364721.62606905 0.0 10161.371800818706 14492965.264865508 0.0 2043041.9755084768 1400219234.220972 0.0 -1878965.993892065 -1290823593.7305706 0.0 143611.5507214606 81589058.02349125 0.0 123091.45178107973 75916233.41428994 0.0 102712.11721463512 69731924.2813515 0.0 82834.25084543177 63035876.70378881 0.0 63899.311855516426 55680342.162299514 0.0 46442.646808257676 47422323.410482235 0.0 31104.704573902287 37841420.145545356 0.0 18600.97699330072 26353056.50950817 0.0 8958.201320353715 14483340.240140596 0.0 2042895.8010977714 1400214406.7391934 0.0 -1895555.2161308606 -1290752111.4161527 0.0 126364.30881585188 81569822.90629148 0.0 108278.78126640688 75896984.63958839 0.0 90317.27185516062 69712969.61914541 0.0 72802.11320448671 63017593.77828869 0.0 56126.20552342302 55663190.52033863 0.0 40764.218330156575 47406853.19867643 0.0 27282.68791563562 37828300.532975 0.0 16313.117133074493 26342814.520566322 0.0 7869.369551662271 14474887.260023447 0.0 2042763.4227624882 1400210153.3630335 0.0 -1910740.4735794757 -1290689275.689388 0.0 110590.47749329117 81552916.1091582 0.0 94740.04424042506 75880064.26529555 0.0 78998.91012336832 69696309.83938885 0.0 63652.271227180994 63001529.90122981 0.0 49047.04489411415 55648129.2985242 0.0 35601.31407070832 47393280.36106616 0.0 23813.3603733817 37816806.15161618 0.0 14237.778594659027 26333859.886555325 0.0 6879.577138405209 14467494.857323593 0.0 2042642.9644306835 1400206420.944597 0.0 -1924689.720756759 -1290634353.168593 0.0 96114.55363401181 81538148.75282589 0.0 82321.88162648238 75865284.67605093 0.0 68625.35061907781 69681759.76646791 0.0 55274.657884411026 62987504.312369555 0.0 42573.36448365858 55634985.42829904 0.0 30886.75947604924 47381444.13008575 0.0 20649.84560679178 37806794.6245779 0.0 12346.364037130727 26326074.830944594 0.0 5975.581842899765 14461066.604865914 0.0 2042532.8119150614 1400203163.3973253 0.0 -1937560.5265891114 -1290586698.7761102 0.0 82772.38779824977 81525354.31964734 0.0 70881.81752828824 75852479.89818318 0.0 59075.20709675056 69669155.57140814 0.0 47568.74609096351 62975357.43920724 0.0 36625.164920868134 55623606.708815165 0.0 26560.398713630202 47371203.80030772 0.0 17750.52933528027 37798142.020245984 0.0 10613.634361501521 26319357.421047702 0.0 5145.693317724305 14455519.214312822 0.0 2042431.546217572 1400200340.8031557 0.0 -1949500.5918200917 -1290545750.059737 0.0 70410.37803073728 81514387.75629671 0.0 60286.980258832395 75841504.94977318 0.0 50235.95908554415 69658353.94813465 0.0 40441.96433017405 62964949.93200003 0.0 31129.312465238083 55613860.573856264 0.0 22567.64193841742 47362437.2307388 0.0 15077.901088122446 37790741.185156114 0.0 9016.942216275886 26313619.90329365 0.0 4379.416109808945 14450781.085868804 0.0 2042337.8967645825 1400197918.7329369 0.0 -1960648.5359220274 -1290511021.9547005 0.0 58884.533069291785 81505124.24693167 0.0 50412.97972901723 75832234.91127618 0.0 42002.66895771042 69649231.33432944 0.0 33808.4227278799 62956161.68719876 0.0 26018.314382092773 55605632.94394272 0.0 18858.383849964546 47355039.55368585 0.0 12597.705025099523 37784500.38081719 0.0 7535.672697288996 26308787.3902764 0.0 3667.1900878757956 14446791.180754494 0.0 2042250.707764868 1400195867.7192018 0.0 -1971134.9002319835 -1290482102.034765 0.0 48059.335514217644 81497458.15870094 0.0 41143.02894314693 75824563.91357513 0.0 34277.025612985104 69641682.95885177 0.0 27587.88599815966 62948890.86175282 0.0 21229.34635956501 55598827.170368746 0.0 15386.165493681294 47348922.05958512 0.0 10278.29717603823 37779342.15727627 0.0 6150.829134634121 26304796.8086191 0.0 3000.1971206304065 14443498.133419504 0.0 2042168.913147026 1400194162.8413587 0.0 -1981083.0657199486 -1290458646.1995034 0.0 37807.084234282396 81491301.89600357 0.0 32366.92635999621 75818404.27747078 0.0 26966.35455879092 69635621.89365348 0.0 21704.85028540841 62943052.93760212 0.0 16703.427948576715 55593363.088309415 0.0 12107.488586598896 47344011.24270976 0.0 8090.130037274373 37775202.42714653 0.0 4844.707441328716 26301596.05323388 0.0 2370.2127575047693 14440859.540910147 0.0 2042091.5181179007 1400192783.3941233 0.0 -1990610.6144932492 -1290440374.617474 0.0 28006.56887674738 81486585.09955941 0.0 23980.07998183432 75813685.28131728 0.0 19982.64661079662 69630978.12415582 0.0 16087.677323085094 62938579.876952685 0.0 12384.686102538437 55589176.19724214 0.0 8981.225268767294 47340248.00067148 0.0 6005.32043854178 37772029.70651676 0.0 3600.6212966709904 26299143.311492503 0.0 1769.4795576015597 14438841.400799941 0.0 2042017.5833778295 1400191712.6239808 0.0 -1999830.5871032309 -1290427068.9581192 0.0 18541.018689538054 81483254.06475075 0.0 15881.99884062077 75810352.48709624 0.0 13241.493776967132 69627697.8619878 0.0 10667.747482260074 62935419.442031026 0.0 8219.67213227515 55586216.99230491 0.0 5968.088765739663 47337586.987468086 0.0 3997.2717131326613 37769784.509902455 0.0 2402.668198842288 26297406.531283066 0.0 1190.5999246518193 14437417.673769169 0.0 2041946.2118796755 1400190937.5229356 0.0 -2008852.5292645954 -1290418570.2857292 0.0 9297.18712517123 81481270.9355373 0.0 7975.205708886188 75808367.51049232 0.0 6661.1472223700985 69625743.0871522 0.0 5378.672263969981 62933534.684858404 0.0 4156.725966207684 55584450.450236194 0.0 3030.146579262379 47335996.11665051 0.0 2040.331036400207 37768438.88926855 0.0 1235.5201742226884 26296363.01883801 0.0 626.440940174498 14436569.954605594 0.0 2041876.5372033347 1400190448.6718612 0.0 -393052492.0780595 -1488512597.287447 0.0 774784.2087822545 81865564.3411292 0.0 854867.326046182 76233030.48478144 0.0 919099.411346971 70082860.53858379 0.0 999158.3930751027 63431027.64332284 0.0 1105514.1873401634 56135470.962372914 0.0 1254928.3241398404 47962071.94427052 0.0 1481315.4777631694 38508049.412835166 0.0 1798145.5293590568 27194707.506257195 0.0 1591368.5271703943 15231763.411949407 0.0 -399336825.5838608 1206878430.8042383 0.0
    </DataArray>
    <DataArray type="Float32" Name="Electron Current Density [Am^-2]" NumberOfComponents="3" format="ascii">
-116439.85378762096 2752316601.3370285 0.0 5524578.902460851 2746247381.01864 0.0 7010945.773289957 2731306287.8040333 0.0 8211237.922331129 2712895309.01208 0.0 8993804.058483882 2692182333.4185796 0.0 9324972.442488635 2670364571.032667 0.0 9257916.115018487 2648527240.4210715 0.0 8786112.566383641 2627737918.686421 0.0 7706405.541968987 2609454366.8435636 0.0 5665036.607691253 2596298462.087468 0.0 2247157.353663888 2590548774.5264583 0.0 -1150224.2719193723 2737952215.4189854 0.0 12234222.823975207 2730432394.9565063 0.0 16675921.338879066 2714904496.3960986 0.0 19642064.719047505 2696251378.51755 0.0 21410827.775046 2675758510.287267 0.0 22072348.18699674 2654526818.2924676 0.0 21707960.28450167 2633581318.5063806 0.0 20234253.67315808 2613979284.664062 0.0 17082305.64080865 2597015771.056917 0.0 10672045.72212343 2585023030.9641237 0.0 3590414.7078180113 2576644654.854503 0.0 -2478822.6066890014 2701672209.042552 0.0 24026892.035522368 2693068181.1123366 0.0 32173860.432369452 2676927410.566936 0.0 37364998.70399126 2658716001.5447702 0.0 40338302.449797384 2639367955.909574 0.0 41235602.19364903 2619785562.2012224 0.0 40115307.50027512 2600903376.505457 0.0 36789069.295006916 2583722297.172021 0.0 30443477.533838503 2569066482.6127462 0.0 18237214.08050886 2558678326.0341225 0.0 5460703.66095678 2547823443.33285 0.0 -2713631.604364586 2647109082.91099 0.0 37205592.77423971 2639174051.490192 0.0 47909695.65238145 2622803431.8888574 0.0 54356876.28119564 2605491874.005195 0.0 57777329.318319336 2587915535.255502 0.0 58329797.89221352 2570768713.1169086 0.0 56011629.215654835 2554728768.830668 0.0 50566494.98384016 2540477023.35792 0.0 41152352.782603934 2528281660.1009555 0.0 24349545.471487675 2519500786.9305015 0.0 6929669.963787555 2506741843.4068933 0.0 -2177331.862989979 2580192454.912767 0.0 51163056.3610462 2574171905.905523 0.0 63334935.39697027 2558013564.233641 0.0 70066427.26824188 2542001819.4451947 0.0 73136763.20296754 2526492909.26407 0.0 72773894.49191904 2511929658.916982 0.0 68987969.92661029 2498731214.1714535 0.0 61486748.39264029 2487304557.3862095 0.0 49394159.91395729 2477456094.75124 0.0 29117305.359005123 2470272236.628403 0.0 8035397.9862361895 2456126386.5071354 0.0 -1143451.7490259968 2504611980.7302804 0.0 65323739.22963446 2501311686.8597655 0.0 77898565.17712377 2485706398.3230643 0.0 84067613.2812255 2471270563.045542 0.0 86192690.26098777 2457995510.792647 0.0 84564411.12936264 2446064913.507286 0.0 79200101.6361144 2435651249.793028 0.0 69784189.01838954 2426900644.278224 0.0 55444874.90974283 2419202766.1123533 0.0 32698175.58776568 2413497724.251573 0.0 8810969.635591695 2398446519.240673 0.0 270570.79075792996 2422968648.256001 0.0 79381046.36483623 2422928113.4051557 0.0 91319162.69059244 2408050634.3664126 0.0 96144851.7432804 2395321847.555327 0.0 96814071.1747199 2384349977.7260537 0.0 93659189.58172224 2375058789.854504 0.0 86694809.52112584 2367382304.1923666 0.0 75588421.23269646 2361231430.50013 0.0 59502638.95229562 2355650777.6847787 0.0 35209731.76718647 2351468228.77586 0.0 9366057.49905834 2335787194.447764 0.0 2025171.8194533437 2337481124.639359 0.0 93211070.59068541 2341134299.8071566 0.0 103542376.39658125 2327031344.239835 0.0 106284202.10067646 2315989760.0804763 0.0 105011160.88068561 2307287351.036099 0.0 100100491.01290624 2300578071.139754 0.0 91535073.54731478 2295555875.9006767 0.0 78946092.87793416 2291906516.824772 0.0 61570655.866827905 2288366539.9759707 0.0 36687600.39795207 2285664042.458804 0.0 9655703.65460863 2269775289.5157166 0.0 4080219.4852876714 2250240142.1200075 0.0 106776263.51045269 2257928764.8845553 0.0 114637048.89974466 2244567606.496243 0.0 114587463.11976987 2235154122.4103293 0.0 110898519.14820665 2228635288.5722017 0.0 104006934.13456947 2224418770.0447702 0.0 93849883.97449283 2221948833.058304 0.0 79992399.89902742 2220696979.8774467 0.0 61807641.5961117 2219135506.8941326 0.0 37105303.670659445 2217917716.748127 0.0 9648564.24598846 2202326082.7341127 0.0 6381605.104924916 2163103572.9037304 0.0 120128984.67995003 2175042867.2053914 0.0 124666237.8829724 2162318823.4444313 0.0 121111894.47976613 2154575499.365138 0.0 114560672.03452694 2150292177.019019 0.0 105499616.02631839 2148546099.7575107 0.0 93771555.51355216 2148560577.59338 0.0 78846571.90866926 2149623743.538711 0.0 60306734.885079876 2150021514.8236938 0.0 36435689.412391014 2150333048.25102 0.0 9369567.982848024 2135463023.8422732 0.0 8867155.308717683 2077434611.8751783 0.0 133500362.6216327 2093646530.8877275 0.0 133610192.98795383 2081442790.44318 0.0 125692976.2564191 2075729721.3802147 0.0 115893213.28216715 2074045217.3831568 0.0 104582060.25198968 2074976624.4487257 0.0 91387362.91622025 2077516473.048381 0.0 75621113.5031772 2080842018.3031516 0.0 57142513.21896658 2083133972.5173087 0.0 34755498.05277418 2084844431.335568 0.0 8852382.076516863 2071018948.2754524 0.0 11417488.444671828 1993152404.3221939 0.0 147935750.7498382 2012699098.3674092 0.0 141003012.86616996 2001740579.2026172 0.0 127616865.1284327 1999499944.9337888 0.0 114408159.94694775 2001405015.5014846 0.0 101052318.30614795 2005512183.3071299 0.0 86694903.10979751 2010763116.6181412 0.0 70460944.11560251 2016337132.5278876 0.0 52598429.44569247 2020373193.2184653 0.0 32368996.433331948 2023172910.3501697 0.0 8246719.985957572 2010360239.514551 0.0 13832414.39472047 1902033488.7605495 0.0 164364919.3043617 1923146164.0598178 0.0 143968661.81847486 1920908628.39684 0.0 124870609.6698037 1926042953.1077204 0.0 109125459.4842532 1933213987.3544981 0.0 94538116.8577373 1941119248.5167332 0.0 79673569.292232 1949130916.785824 0.0 63538575.88056606 1956759233.6515257 0.0 46943036.79398627 1962314844.7686276 0.0 29634803.663678 1965950725.1002204 0.0 7678105.865173283 1953854540.8015478 0.0 15553096.62148128 1771714465.3634784 0.0 150966405.82197982 1819073668.218791 0.0 131963444.17948715 1839503319.045917 0.0 113716514.01377821 1855849327.7718391 0.0 98612255.68035664 1869369124.0204685 0.0 84585108.10051727 1881128869.0367746 0.0 70242554.09436502 1891755266.404923 0.0 54899140.454796344 1901279978.2851682 0.0 40153200.32704704 1908496758.668373 0.0 26887891.079504244 1913133196.4306624 0.0 7389296.607056567 1900756988.4950583 0.0 13558122.371298287 1693575734.3328886 0.0 117429828.8677541 1744021708.649715 0.0 108501109.49930127 1773392747.5827005 0.0 95932969.82419299 1795183882.430683 0.0 84025290.19690865 1812015140.6150777 0.0 71922423.63177322 1825807790.4324994 0.0 58904349.26524945 1837591409.7110147 0.0 44493171.86024549 1848052598.5954833 0.0 31301641.903363485 1857236186.6735282 0.0 25026802.457530722 1863048335.1649318 0.0 8797624.512646958 1846274869.8564596 0.0 10103341.781539606 1659394811.0578535 0.0 82843524.65375602 1700097947.0820088 0.0 82944892.75390339 1727203153.5557327 0.0 76644871.30664976 1748332025.7284074 0.0 68619229.59823309 1764815628.774643 0.0 59197195.33672205 1777851313.3253996 0.0 48181717.511602946 1787876577.0239425 0.0 35011839.7220324 1794568621.7587292 0.0 22772735.316529214 1796919778.9699965 0.0 21047623.0936559 1798835102.2246964 0.0 5464891.303160509 1791405639.1937125 0.0 6955463.114646438 1649986846.8453987 0.0 56745759.620824374 1677850077.7783728 0.0 61374284.3017804 1697961911.6465142 0.0 59502166.37815795 1715216849.6615026 0.0 54915984.22204466 1729381427.7736444 0.0 48514437.453976564 1740797728.6275525 0.0 40694184.08178533 1749575057.6613564 0.0 31780782.904488742 1755503407.0970747 0.0 23015023.399724655 1758354396.0470438 0.0 16188452.90245832 1761491194.1546721 0.0 4039003.683697159 1756042800.3100073 0.0 4775622.812192823 1648440220.1751964 0.0 39945933.47006809 1666439116.1742716 0.0 45454223.32040833 1679907087.9920022 0.0 45785362.74351415 1692792966.2315855 0.0 43438397.26791345 1704119616.8825188 0.0 39232692.83312709 1713696008.2375903 0.0 33629748.33657414 1721459562.378489 0.0 26943221.23617493 1727322369.4109712 0.0 19863828.78897667 1730973299.0382535 0.0 12882975.604838284 1733912086.4405136 0.0 3235097.3635753794 1729409850.484692 0.0 3438086.315678724 1647420331.8018897 0.0 29653408.408423778 1659377452.3964114 0.0 34369772.47400523 1668136375.458429 0.0 35381025.685135834 1677375196.9106998 0.0 34204018.946320646 1686062837.6740932 0.0 31359623.586966045 1693792877.2071154 0.0 27195548.487324223 1700365131.7672293 0.0 21946278.54860584 1705634665.609414 0.0 16161624.797369195 1709178729.9836516 0.0 10389150.179164324 1711723275.9980533 0.0 2635015.942732887 1707990717.9476905 0.0 2630715.3894882686 1645531503.8789253 0.0 23312373.910224847 1653938351.870829 0.0 26793117.113054045 1659658886.5013998 0.0 27711014.930680364 1666195190.780712 0.0 27007143.140002664 1672700456.795943 0.0 24945030.053336866 1678746530.405832 0.0 21733684.118355718 1684072696.197697 0.0 17534813.07872193 1688475735.2853532 0.0 12854738.971799143 1691513080.9061687 0.0 8377357.782557533 1693631928.8344316 0.0 2151682.975474528 1690534009.220399 0.0 2132632.4420149336 1642676209.5285952 0.0 19234801.79764529 1649030754.3590822 0.0 21574779.469742928 1652885798.4466774 0.0 22121924.858879894 1657536558.3927605 0.0 21526344.145542737 1662358939.2389464 0.0 19890597.765646532 1666990921.6753757 0.0 17318282.907610167 1671176653.8305156 0.0 13911053.707198257 1674698565.5934587 0.0 10135875.489030441 1677152133.5709608 0.0 6750907.448636607 1678858317.7700748 0.0 1761679.7439901547 1676270297.8773715 0.0 1805346.4395378446 1639228153.8202562 0.0 16439547.267014382 1644338909.4037497 0.0 17890737.212859485 1647055114.5187604 0.0 18038718.283068653 1650425794.5428944 0.0 17399056.484513957 1654006082.1005514 0.0 15991207.588694505 1657520565.7907345 0.0 13853123.70152878 1660751274.806863 0.0 11043874.880556742 1663498227.473613 0.0 7984838.497645255 1665418692.0290139 0.0 5455240.002877471 1666758926.8081574 0.0 1450441.133872297 1664576163.342695 0.0 1573653.099856568 1635498401.4510345 0.0 14384250.983939497 1639805960.7014859 0.0 15196817.703607246 1641821928.5771012 0.0 15015088.27765195 1644332699.81966 0.0 14291948.49789827 1647020349.5701165 0.0 13011767.6393079 1649687097.1644301 0.0 11177534.347684823 1652161786.8963354 0.0 8820984.13715077 1654276510.5115254 0.0 6318250.308559501 1655753744.7023628 0.0 4436459.401847009 1656789354.9190543 0.0 1204059.2149068615 1654928650.923 0.0 1396635.449752522 1631709308.551204 0.0 12766232.18759008 1635458765.713388 0.0 13144197.281984167 1637038615.3841243 0.0 12726791.494401868 1638971219.1358871 0.0 11932307.775845962 1641025870.0034869 0.0 10735573.979403334 1643065596.7010398 0.0 9124319.547702864 1644962701.6513793 0.0 7114414.8346885415 1646583858.213186 0.0 5041198.585611503 1647710708.6673582 0.0 3641180.9393794513 1648503398.5482657 0.0 1009487.0171694016 1646900304.006509 0.0 1251580.0973893031 1628010518.233533 0.0 11406149.366666673 1631348686.4588559 0.0 11512401.409807142 1632646637.5375907 0.0 10948212.133652445 1634184099.2193687 0.0 10112500.746611552 1635790260.5356903 0.0 8983854.352771219 1637372126.0366156 0.0 7546115.667980587 1638837295.2330284 0.0 5806987.909623464 1640083430.846254 0.0 4066501.7541420036 1640941825.0240421 0.0 3021120.6258417745 1641546340.661835 0.0 855352.7997068657 1640151541.9747446 0.0 2502823.4810465192 1626618744.7964616 0.0 9732352.85161011 1627378573.0285065 0.0 9438817.590023955 1628556433.1690018 0.0 8730269.124076331 1629825002.5853798 0.0 7816952.071951473 1631122084.024679 0.0 6683064.981767814 1632385813.980156 0.0 5318628.939276655 1633549625.8281333 0.0 3746486.4212371157 1634544158.081253 0.0 2379122.616380016 1635290921.9249957 0.0 1644708.5853565931 1635770729.4925587 0.0 0.0 1635882879.4651036 0.0 916748.1862761978 1625192510.2862887 0.0 9230457.9537921 1623701639.635623 0.0 9078425.05722682 1624804318.28927 0.0 8410122.269380255 1625876314.7758055 0.0 7589220.290071969 1626945928.8034258 0.0 6606537.018049083 1627973695.7384112 0.0 5448842.387484907 1628912246.5443964 0.0 4116785.8796449527 1629719647.207969 0.0 2841846.932039501 1630397430.686034 0.0 2258763.559211769 1630801299.2726803 0.0 732358.3283864728 1632228462.1622424 0.0 827227.9041900282 1621823790.3631597 0.0 8320346.545487683 1620484177.9111996 0.0 8107745.764087814 1621463223.6214728 0.0 7435228.187568583 1622383960.019519 0.0 6641738.503937445 1623279903.487187 0.0 5723871.0991416555 1624124425.7949772 0.0 4671974.205076453 1624883903.2392528 0.0 3487004.3348899684 1625528841.1819103 0.0 2379029.7810907774 1626065545.431699 0.0 1930343.2745053757 1626374934.6502964 0.0 633000.5663264028 1627605140.7779999 0.0 745392.8032885554 1618743504.2473354 0.0 7494976.037005861 1617542828.2811732 0.0 7254477.794718343 1618420739.1695273 0.0 6601125.699104288 1619224608.0188727 0.0 5848606.512574873 1619989296.4381502 0.0 4997938.5645562 1620696637.002136 0.0 4042713.7781943455 1621322623.2844057 0.0 2984574.1441644435 1621846715.677623 0.0 2014359.8630545933 1622278420.1566343 0.0 1665299.739798068 1622517664.657177 0.0 551654.8402852776 1623586441.0753863 0.0 670524.0063796164 1615942034.2719097 0.0 6743627.894857049 1614868139.3020766 0.0 6495809.0512892185 1615659682.7782552 0.0 5876059.107389131 1616369806.286913 0.0 5172706.878199141 1617032465.5837471 0.0 4389876.273347039 1617634990.3505867 0.0 3523792.0403975626 1618160013.0307043 0.0 2576815.3587036133 1618593332.9864178 0.0 1722369.9045212672 1618946325.0605774 0.0 1448009.1216203363 1619133245.5663528 0.0 484041.16589148 1620067802.1759963 0.0 602092.8650322681 1613404659.8763463 0.0 6059033.46460756 1612445987.3917794 0.0 5816325.087352874 1613161590.518585 0.0 5238242.728438299 1613793981.885278 0.0 4588153.342655185 1614375009.3971457 0.0 3872180.6140238857 1614895554.6627033 0.0 3088527.192849616 1615342806.5296504 0.0 2240140.2297876687 1615706961.7188163 0.0 1484582.8036394727 1616000248.3199177 0.0 1266994.0218105118 1616147769.6546948 0.0 426984.6870815992 1616969074.3517792 0.0 539654.4580531714 1611113925.6832638 0.0 5435568.974480553 1610259716.7625916 0.0 5205079.263352634 1610907386.5555425 0.0 4672359.894892257 1611473593.3857396 0.0 4076681.419288399 1611987533.533711 0.0 3425301.3957219133 1612442389.1287704 0.0 2717828.2502527037 1612828477.5536017 0.0 1957606.678235671 1613138990.5084805 0.0 1287689.9987898674 1613386281.7029533 0.0 1113883.354052365 1613503735.8113544 0.0 378148.47084488894 1614228124.387169 0.0 482790.7539703009 1609051299.4473095 0.0 4868365.653218366 1608291680.9928944 0.0 4653798.757581269 1608878043.4892058 0.0 4167265.582920667 1609386801.2249389 0.0 3625147.0153881093 1609844334.4835203 0.0 3035198.423755206 1610245329.5604746 0.0 2397976.5659959684 1610582260.742699 0.0 1717043.0611094227 1610850338.3610504 0.0 1122128.2520236564 1611061550.1830816 0.0 982581.4097635337 1611155678.0914772 0.0 335815.3496923206 1611796064.7402184 0.0 431088.4407555348 1607198246.4477587 0.0 4352906.116388005 1606524251.5284352 0.0 4155841.9024020447 1607055100.1920362 0.0 3714518.1158741326 1607513343.5003557 0.0 3223840.8055454907 1607922586.5367417 0.0 2691621.4825217333 1608278517.2978287 0.0 2119018.014498532 1608575113.5582268 0.0 1509657.1557254004 1608808935.1383555 0.0 981007.6302416926 1608991297.3608892 0.0 868632.3528275291 1609066996.4097354 0.0 298718.6620756862 1609633764.3285913 0.0 384134.51690150454 1605536892.7679632 0.0 3884866.1371770725 1604940443.1278667 0.0 3705600.46981303 1605421020.4137998 0.0 3307452.256571651 1605834497.140046 0.0 2865365.525890829 1606201846.5229554 0.0 2386916.908718666 1606519442.5806522 0.0 1873612.0744785268 1606782329.9332266 0.0 1329025.9697706506 1606987965.1833773 0.0 859324.3412161672 1607146820.2732222 0.0 768747.9993637997 1607207688.113132 0.0 265914.8266043188 1607709334.2616777 0.0 341519.33513060753 1604050411.1670442 0.0 3460071.979444203 1603524278.764537 0.0 3298159.8776116734 1603959416.3488743 0.0 2940597.021994548 1604333059.2669404 0.0 2543894.275494196 1604663735.8621438 0.0 2115212.8429890056 1604948307.4824927 0.0 1656227.591997184 1605182594.01952 0.0 1170377.4629514604 1605364645.7570734 0.0 753395.0754267764 1605504014.7946641 0.0 680465.1167467821 1605552737.8327792 0.0 236690.00019743407 1605996334.6310475 0.0 302841.8258560426 1602723223.6293004 0.0 3074505.9299821076 1602260981.5913994 0.0 2929106.6873582606 1602655168.5711112 0.0 2609310.7505317535 1602993321.1165588 0.0 2254683.8790301494 1603291720.494666 0.0 1871869.0911790926 1603547589.0214238 0.0 1462588.4741008875 1603757326.1177306 0.0 1030088.0944214667 1603919374.3314736 0.0 660457.530051609 1604042352.2133992 0.0 601901.3114212153 1604080978.788226 0.0 210493.06354310468 1604472502.6923103 0.0 267714.4909784906 1601541085.4029112 0.0 2724326.597303551 1601137054.8285306 0.0 2594418.666989248 1601494471.5216095 0.0 2309551.67573305 1601801026.5590343 0.0 1993756.5740661633 1602070945.13343 0.0 1653108.2639134729 1602301728.3592443 0.0 1289295.4561684725 1602490222.1425693 0.0 905335.6888057989 1602635127.9408636 0.0 578392.1089088919 1602744156.460685 0.0 531583.5924855666 1602774286.7017534 0.0 186888.23877449048 1603118851.7180893 0.0 235767.26560088323 1600491094.7919238 0.0 2405888.567262905 1600140291.3244817 0.0 2290399.933408933 1600464828.507736 0.0 2037732.0817962065 1600743316.0393999 0.0 1757691.3687867504 1600988098.451194 0.0 1455769.1922712703 1601196900.197346 0.0 1133569.651878633 1601366921.3572793 0.0 793861.7152390867 1601497033.8492649 0.0 505530.0160871734 1601594089.0826519 0.0 468329.22998662665 1601617005.7701597 0.0 165521.9688812489 1601919030.0157068 0.0 206650.1059928186 1599561658.9634829 0.0 2115755.42066304 1599259741.2669768 0.0 2013639.846320748 1599555014.6080825 0.0 1790623.4368984704 1599808659.9259293 0.0 1543486.0644263437 1600031296.998018 0.0 1277141.7529147859 1600220834.1248405 0.0 993079.0581879414 1600374759.5864704 0.0 693809.3141001068 1600492056.5158658 0.0 440521.8083834448 1600578777.020104 0.0 411163.5056445396 1600595535.364789 0.0 146099.94005835 1600858860.918748 0.0 180033.08600383913 1598742433.8192284 0.0 1850705.1634349835 1598485657.5709352 0.0 1760984.040579558 1598755021.0158684 0.0 1565292.3279128468 1598986785.8078492 0.0 1348464.388814768 1599189981.7056665 0.0 1114855.297013442 1599362670.639332 0.0 865820.8359811102 1599502580.0834136 0.0 603613.0083310405 1599608763.8196342 0.0 382247.6110932829 1599686538.4982002 0.0 359263.0631197091 1599698027.7342396 0.0 128371.18919930467 1599926008.0750604 0.0 155607.65455313833 1598024249.3288965 0.0 1607725.638991135 1597809424.8691137 0.0 1529511.234913466 1598055989.6807938 0.0 1359054.9195847886 1598268603.7056444 0.0 1170211.6845511773 1598454824.0363262 0.0 966802.0211490375 1598612841.3504932 0.0 750040.6693483572 1598740584.1171074 0.0 521923.23063838365 1598837147.9014719 0.0 329755.6508002668 1598907176.689175 0.0 311916.77394823113 1598914162.559596 0.0 112117.08651387632 1599109727.5103986 0.0 133084.4833061464 1597399034.5370808 0.0 1384004.2291645217 1597223490.4732032 0.0 1316510.554738402 1597450142.901278 0.0 1169442.249701103 1597646131.6102955 0.0 1006528.4002086327 1597817640.4040332 0.0 831082.8640390628 1597962967.0750213 0.0 644176.5131091868 1598080209.8432786 0.0 447554.0530947846 1598168484.3945801 0.0 282219.82187261153 1598231820.7901692 0.0 268498.44355024846 1598234975.215484 0.0 97143.62753078876 1598400680.1892254 0.0 112194.22869483137 1596859741.471897 0.0 1176917.2190891113 1596721290.562628 0.0 1119459.7004438245 1596930711.6038163 0.0 994170.4815298313 1597112424.089344 0.0 855394.2876923884 1597271314.8263676 0.0 705967.7812430861 1597405770.2260103 0.0 546818.2652486757 1597514032.2308621 0.0 379446.25308916945 1597595219.4457142 0.0 238909.9222374758 1597652800.9840682 0.0 228447.44629953257 1597652723.2028139 0.0 83275.95071153647 1597790787.3401551 0.0 92684.44817482136 1596400281.697927 0.0 984010.5205744285 1596297194.8400347 0.0 936003.4054149371 1596491882.3606143 0.0 831114.2265839956 1596661510.8270233 0.0 714939.5647061844 1596809730.8860972 0.0 589865.3678702101 1596934999.4895704 0.0 456677.8582237943 1597035679.4855816 0.0 316640.49506938335 1597110877.6564872 0.0 199170.25578176862 1597163548.3741357 0.0 191254.61341655132 1597160780.4478605 0.0 70354.33170616563 1597273116.722655 0.0 74319.01146767213 1596015465.630999 0.0 802980.2728823031 1595946447.5108194 0.0 763933.6625521572 1596128737.5318632 0.0 678286.2678128085 1596288338.6842763 0.0 583421.6633161707 1596427711.126193 0.0 481298.7516037217 1596545364.884314 0.0 372566.10175186343 1596639762.888587 0.0 258256.98669902494 1596709986.4864242 0.0 162403.764518797 1596758514.2105532 0.0 156451.6069009895 1596753552.708483 0.0 58231.15244934493 1596841792.016044 0.0 56869.91255475182 1595700944.4758396 0.0 631655.4268754327 1595665123.1404939 0.0 601170.416685184 1595837205.8664343 0.0 533816.8600081991 1595988720.1622992 0.0 459204.361683369 1596120964.0471945 0.0 378885.2259511949 1596232482.2242475 0.0 293373.8876577809 1596321817.9609172 0.0 203479.4824429945 1596388013.8236039 0.0 128059.7324762345 1596433103.9326484 0.0 123602.65405573395 1596426409.308903 0.0 46768.55290641788 1596491919.9746675 0.0 40121.18129683631 1595453142.4183464 0.0 467974.91785432695 1595450058.605859 0.0 445742.3340897148 1595614011.902883 0.0 395933.4253458565 1595759287.7864294 0.0 340738.2497884613 1595886038.9207234 0.0 281318.1188418454 1595992826.6772153 0.0 218056.1029085702 1596078256.0300698 0.0 151542.021386503 1596141317.309668 0.0 95623.78991107033 1596183624.2120414 0.0 92297.6596156347 1596175628.5491776 0.0 35836.46345164709 1596219532.086055 0.0 23868.231761384715 1595269231.0523953 0.0 309961.2200795016 1595298827.8174603 0.0 295757.9571347624 1595456642.2357452 0.0 262938.31045905757 1595597459.030194 0.0 226541.64382958427 1595720289.6985056 0.0 187350.02010357278 1595823695.4549353 0.0 145617.26703713284 1595906325.4957452 0.0 101717.40419634187 1595967104.106727 0.0 64609.42773657987 1596007241.1830122 0.0 62146.325015286064 1595998354.8659298 0.0 25310.920026706983 1596021538.560995 0.0 7910.486703931252 1595147110.0091088 0.0 155700.3175948462 1595209732.563854 0.0 149384.5873112679 1595363325.4033182 0.0 133189.16832578075 1595501411.0855758 0.0 115182.9032467207 1595621847.7512546 0.0 95777.2280147076 1595723179.3110764 0.0 75098.38960637595 1595804082.2519245 0.0 53306.834475258474 1595863400.2806382 0.0 34550.49518116317 1595901948.7585917 0.0 32772.90987084255 1595892566.454229 0.0 15072.56250615121 1595895693.1771584 0.0 -22.622589349325374 1595101272.1721094 0.0 57521.149463751164 1595168625.2477067 0.0 56764.536348678936 1595320286.3667073 0.0 51233.377522904484 1595458470.384885 0.0 44996.201497096125 1595579282.8423486 0.0 38244.75169294905 1595681202.8310242 0.0 31023.2661383538 1595762907.7764604 0.0 23371.98827572551 1595823190.5389178 0.0 16356.65086765975 1595862540.672891 0.0 25301.37009036429 1595858825.0646555 0.0 8759.18923524905 1595839316.7098083 0.0
    </DataArray>
    <DataArray type="Float32" Name="Hole Current Density [Am^-2]" NumberOfComponents="3" format="ascii">
1e-30 1e-30 0.0 1e-30 1e-30 0.0 1e-30 1e-30 0.0 1e-30 1e-30 0.0 1e-30 1e-30 0.0 1e-30 1e-30 0.0 1e-30 1e-30 0.0 1e-30 1e-30 0.0 1e-30 1e-30 0.0 -1e-30 -1e-30 0.0 -1e-30 -1e-30 0.0 1e-30 1e-30 0.0 1e-30 1e-30 0.0 1e-30 1e-30 0.0 1e-30 1e-30 0.0 1e-30 1e-30 0.0 1e-30 1e-30 0.0 1e-30 1e-30 0.0 1e-30 1e-30 0.0 -1e-30 1e-30 0.0 -1e-30 -1e-30 0.0 -1e-30 -1e-30 0.0 1e-30 1e-30 0.0 1e-30 1e-30 0.0 1e-30 1e-30 0.0 1e-30 1e-30 0.0 1e-30 1e-30 0.0 1e-30 1e-30 0.0 1e-30 1e-30 0.0 1e-30 1e-30 0.0 -1e-30 1e-30 0.0 -1e-30 -1e-30 0.0 -1e-30 -1e-30 0.0 1e-30 1e-30 0.0 1e-30 1e-30 0.0 1e-30 1e-30 0.0 1e-30 1e-30 0.0 1e-30 1e-30 0.0 1e-30 1e-30 0.0 1e-30 1e-30 0.0 1e-30 1e-30 0.0 -1e-30 1e-30 0.0 -1e-30 -1e-30 0.0 -1e-30 -1e-30 0.0 1e-30 1e-30 0.0 1e-30 1e-30 0.0 1e-30 1e-30 0.0 1e-30 1e-30 0.0 1e-30 1e-30 0.0 1e-30 1e-30 0.0 1e-30 1e-30 0.0 1e-30 1e-30 0.0 -1e-30 1e-30 0.0 -1e-30 -1e-30 0.0 -1e-30 -1e-30 0.0 1e-30 1e-30 0.0 1e-30 1e-30 0.0 1e-30 1e-30 0.0 1e-30 1e-30 0.0 1e-30 1e-30 0.0 1e-30 1e-30 0.0 1e-30 1e-30 0.0 1e-30 1e-30 0.0 -1e-30 1e-30 0.0 -1e-30 -1e-30 0.0 -1e-30 -1e-30 0.0 1e-30 1e-30 0.0 1e-30 1e-30 0.0 1e-30 1e-30 0.0 1e-30 1e-30 0.0 1e-30 1e-30 0.0 1e-30 1e-30 0.0 1e-30 1e-30 0.0 1e-30 1e-30 0.0 -1e-30 1e-30 0.0 -1e-30 -1e-30 0.0 -1e-30 -1e-30 0.0 1e-30 1e-30 0.0 1e-30 1e-30 0.0 1e-30 1e-30 0.0 1e-30 1e-30 0.0 1e-30 1e-30 0.0 1e-30 1e-30 0.0 1e-30 1e-30 0.0 1e-30 1e-30 0.0 -1e-30 1e-30 0.0 -1e-30 1e-30 0.0 -1e-30 -1e-30 0.0 1e-30 1e-30 0.0 1e-30 1e-30 0.0 1e-30 1e-30 0.0 1e-30 1e-30 0.0 1e-30 1e-30 0.0 1e-30 1e-30 0.0 1e-30 1e-30 0.0 1e-30 1e-30 0.0 -1e-30 1e-30 0.0 -1e-30 1e-30 0.0 -1e-30 1e-30 0.0 1e-30 1e-30 0.0 1e-30 1e-30 0.0 1e-30 1e-30 0.0 1e-30 1e-30 0.0 1e-30 1e-30 0.0 1e-30 1e-30 0.0 1e-30 1e-30 0.0 1e-30 1e-30 0.0 -1e-30 1e-30 0.0 -1e-30 1e-30 0.0 -1e-30 1e-30 0.0 1e-30 1e-30 0.0 1e-30 1e-30 0.0 1e-30 1e-30 0.0 1e-30 1e-30 0.0 1e-30 1e-30 0.0 1e-30 1e-30 0.0 1e-30 1e-30 0.0 -1e-30 1e-30 0.0 -1e-30 1e-30 0.0 -1e-30 1e-30 0.0 -1e-30 1e-30 0.0 1e-30 1e-30 0.0 1e-30 1e-30 0.0 1e-30 1e-30 0.0 1e-30 1e-30 0.0 1e-30 1e-30 0.0 1e-30 1e-30 0.0 1e-30 1e-30 0.0 -1e-30 1e-30 0.0 -1e-30 1e-30 0.0 -1e-30 1e-30 0.0 -1e-30 1e-30 0.0 1e-30 1e-30 0.0 1e-30 1e-30 0.0 1e-30 1e-30 0.0 1e-30 1e-30 0.0 1e-30 1e-30 0.0 1e-30 1e-30 0.0 1e-30 1e-30 0.0 -1e-30 1e-30 0.0 -1e-30 1e-30 0.0 -1e-30 1e-30 0.0 -1e-30 1e-30 0.0 -1e-30 1e-30 0.0 -1e-30 1e-30 0.0 -1e-30 1e-30 0.0 -1e-30 1e-30 0.0 1e-30 1e-30 0.0 1e-30 1e-30 0.0 1e-30 1e-30 0.0 -1e-30 1e-30 0.0 -1e-30 1e-30 0.0 -1e-30 1e-30 0.0 -1e-30 1e-30 0.0 -1e-30 1e-30 0.0 -1e-30 1e-30 0.0 -1e-30 1e-30 0.0 -1e-30 1e-30 0.0 -1e-30 1e-30 0.0 -1e-30 1e-30 0.0 -1e-30 1e-30 0.0 -1e-30 1e-30 0.0 -1e-30 1e-30 0.0 -1e-30 1e-30 0.0 -1e-30 1e-30 0.0 1e-30 1e-30 0.0 1e-30 1e-30 0.0 1e-30 1e-30 0.0 1e-30 1e-30 0.0 1e-30 1e-30 0.0 -1e-30 1e-30 0.0 -1e-30 1e-30 0.0 -1e-30 1e-30 0.0 -1e-30 1e-30 0.0 -1e-30 1e-30 0.0 -1e-30 1e-30 0.0 1e-30 1e-30 0.0 1e-30 1e-30 0.0 1e-30 1e-30 0.0 1e-30 1e-30 0.0 1e-30 1e-30 0.0 1e-30 1e-30 0.0 1e-30 1e-30 0.0 1e-30 1e-30 0.0 -1e-30 1e-30 0.0 -1e-30 1e-30 0.0 -1e-30 1e-30 0.0 1e-30 1e-30 0.0 1e-30 1e-30 0.0 1e-30 1e-30 0.0 1e-30 1e-30 0.0 1e-30 1e-30 0.0 1e-30 1e-30 0.0 1e-30 1e-30 0.0 1e-30 1e-30 0.0 1e-30 1e-30 0.0 1e-30 1e-30 0.0 -1e-30 1e-30 0.0 1e-30 1e-30 0.0 1e-30 1e-30 0.0 1e-30 1e-30 0.0 1e-30 1e-30 0.0 1e-30 1e-30 0.0 1e-30 1e-30 0.0 1e-30 1e-30 0.0 1e-30 1e-30 0.0 1e-30 1e-30 0.0 1e-30 1e-30 0.0 1e-30 1e-30 0.0 1e-30 1e-30 0.0 1e-30 1e-30 0.0 1e-30 1e-30 0.0 1e-30 1e-30 0.0 1e-30 1e-30 0.0 1e-30 1e-30 0.0 1e-30 1e-30 0.0 1e-30 1e-30 0.0 1e-30 1e-30 0.0 1e-30 1e-30 0.0 1e-30 1e-30 0.0 1e-30 1e-30 0.0 1e-30 1e-30 0.0 1e-30 1e-30 0.0 1e-30 1e-30 0.0 1e-30 1e-30 0.0 1e-30 1e-30 0.0 1e-30 1e-30 0.0 1e-30 1e-30 0.0 1e-30 1e-30 0.0 1e-30 1e-30 0.0 1e-30 1e-30 0.0 1e-30 1e-30 0.0 1e-30 1e-30 0.0 1e-30 1e-30 0.0 1e-30 1e-30 0.0 1e-30 1e-30 0.0 1e-30 1e-30 0.0 1e-30 1e-30 0.0 1e-30 1e-30 0.0 1e-30 1e-30 0.0 1e-30 1e-30 0.0 1e-30 1e-30 0.0 1e-30 1e-30 0.0 1e-30 1e-30 0.0 1e-30 1e-30 0.0 1e-30 1e-30 0.0 1e-30 1e-30 0.0 1e-30 1e-30 0.0 1e-30 1e-30 0.0 1e-30 1e-30 0.0 1e-30 1e-30 0.0 1e-30 1e-30 0.0 1e-30 1e-30 0.0 -1e-30 1e-30 0.0 1e-30 1e-30 0.0 1e-30 1e-30 0.0 1e-30 1e-30 0.0 1e-30 1e-30 0.0 1e-30 1e-30 0.0 1e-30 1e-30 0.0 1e-30 1e-30 0.0 1e-30 1e-30 0.0 1e-30 1e-30 0.0 1e-30 1e-30 0.0 -1e-30 1e-30 0.0 -1e-30 1e-30 0.0 1e-30 1e-30 0.0 1e-30 1e-30 0.0 1e-30 1e-30 0.0 1e-30 1e-30 0.0 1e-30 1e-30 0.0 1e-30 1e-30 0.0 1e-30 1e-30 0.0 1e-30 1e-30 0.0 1e-30 1e-30 0.0 -1e-30 1e-30 0.0 -1e-30 1e-30 0.0 -1e-30 1e-30 0.0 -1e-30 1e-30 0.0 -1e-30 1e-30 0.0 -1e-30 1e-30 0.0 1e-30 1e-30 0.0 1e-30 1e-30 0.0 1e-30 1e-30 0.0 1e-30 1e-30 0.0 0.0 1e-30 0.0 -1e-30 1e-30 0.0 -1e-30 1e-30 0.0 -1e-30 1e-30 0.0 -1e-30 1e-30 0.0 -1e-30 1e-30 0.0 -1e-30 1e-30 0.0 -1e-30 1e-30 0.0 1e-30 1e-30 0.0 1e-30 1e-30 0.0 1e-30 1e-30 0.0 1e-30 1e-30 0.0 -1e-30 1e-30 0.0 -1e-30 1e-30 0.0 -1e-30 1e-30 0.0 -1e-30 1e-30 0.0 -1e-30 1e-30 0.0 -1e-30 1e-30 0.0 -1e-30 1e-30 0.0 -1e-30 1e-30 0.0 1e-30 1e-30 0.0 1e-30 1e-30 0.0 1e-30 1e-30 0.0 -1e-30 1e-30 0.0 -1e-30 1e-30 0.0 -1e-30 1e-30 0.0 -1e-30 1e-30 0.0 -1e-30 1e-30 0.0 -1e-30 1e-30 0.0 -1e-30 1e-30 0.0 -1e-30 1e-30 0.0 1e-30 1e-30 0.0 1e-30 1e-30 0.0 1e-30 1e-30 0.0 -1e-30 1e-30 0.0 -1e-30 1e-30 0.0 -1e-30 1e-30 0.0 -1e-30 1e-30 0.0 -1e-30 1e-30 0.0 -1e-30 1e-30 0.0 -1e-30 1e-30 0.0 -1e-30 1e-30 0.0 1e-30 1e-30 0.0 1e-30 1e-30 0.0 1e-30 1e-30 0.0 -1e-30 1e-30 0.0 -1e-30 1e-30 0.0 -1e-30 1e-30 0.0 -1e-30 1e-30 0.0 -1e-30 1e-30 0.0 -1e-30 1e-30 0.0 -1e-30 1e-30 0.0 -1e-30 1e-30 0.0 1e-30 1e-30 0.0 1e-30 1e-30 0.0 1e-30 1e-30 0.0 -1e-30 1e-30 0.0 -1e-30 1e-30 0.0 -1e-30 1e-30 0.0 -1e-30 1e-30 0.0 -1e-30 1e-30 0.0 -1e-30 1e-30 0.0 -1e-30 1e-30 0.0 -1e-30 1e-30 0.0 1e-30 1e-30 0.0 1e-30 1e-30 0.0 1e-30 1e-30 0.0 -1e-30 1e-30 0.0 -1e-30 1e-30 0.0 -1e-30 1e-30 0.0 -1e-30 1e-30 0.0 -1e-30 1e-30 0.0 -1e-30 1e-30 0.0 -1e-30 1e-30 0.0 -1e-30 1e-30 0.0 1e-30 1e-30 0.0 1e-30 1e-30 0.0 1e-30 1e-30 0.0 -1e-30 1e-30 0.0 -1e-30 1e-30 0.0 -1e-30 1e-30 0.0 -1e-30 1e-30 0.0 -1e-30 1e-30 0.0 -1e-30 1e-30 0.0 -1e-30 1e-30 0.0 -1e-30 1e-30 0.0 1e-30 1e-30 0.0 1e-30 1e-30 0.0 1e-30 1e-30 0.0 -1e-30 1e-30 0.0 -1e-30 1e-30 0.0 -1e-30 1e-30 0.0 -1e-30 1e-30 0.0 -1e-30 1e-30 0.0 -1e-30 1e-30 0.0 -1e-30 1e-30 0.0 -1e-30 1e-30 0.0 1e-30 1e-30 0.0 1e-30 1e-30 0.0 1e-30 1e-30 0.0 -1e-30 1e-30 0.0 -1e-30 1e-30 0.0 -1e-30 1e-30 0.0 -1e-30 1e-30 0.0 -1e-30 1e-30 0.0 -1e-30 1e-30 0.0 -1e-30 1e-30 0.0 -1e-30 1e-30 0.0 1e-30 1e-30 0.0 1e-30 1e-30 0.0 1e-30 1e-30 0.0 -1e-30 1e-30 0.0 -1e-30 1e-30 0.0 -1e-30 1e-30 0.0 -1e-30 1e-30 0.0 -1e-30 1e-30 0.0 -1e-30 1e-30 0.0 -1e-30 1e-30 0.0 -1e-30 1e-30 0.0 1e-30 1e-30 0.0 1e-30 1e-30 0.0 1e-30 1e-30 0.0 -1e-30 1e-30 0.0 -1e-30 1e-30 0.0 -1e-30 1e-30 0.0 -1e-30 1e-30 0.0 -1e-30 1e-30 0.0 -1e-30 1e-30 0.0 -1e-30 1e-30 0.0 -1e-30 1e-30 0.0 1e-30 1e-30 0.0 1e-30 1e-30 0.0 1e-30 1e-30 0.0 -1e-30 1e-30 0.0 -1e-30 1e-30 0.0 -1e-30 1e-30 0.0 -1e-30 1e-30 0.0 -1e-30 1e-30 0.0 -1e-30 1e-30 0.0 -1e-30 1e-30 0.0 -1e-30 1e-30 0.0 1e-30 1e-30 0.0 1e-30 1e-30 0.0 1e-30 1e-30 0.0 -1e-30 1e-30 0.0 -1e-30 1e-30 0.0 -1e-30 1e-30 0.0 -1e-30 1e-30 0.0 -1e-30 1e-30 0.0 -1e-30 1e-30 0.0 -1e-30 1e-30 0.0 -1e-30 1e-30 0.0 1e-30 1e-30 0.0 1e-30 1e-30 0.0 1e-30 1e-30 0.0 -1e-30 1e-30 0.0 -1e-30 1e-30 0.0 -1e-30 1e-30 0.0 -1e-30 1e-30 0.0 -1e-30 1e-30 0.0 -1e-30 1e-30 0.0 -1e-30 1e-30 0.0 -1e-30 1e-30 0.0 1e-30 1e-30 0.0 1e-30 1e-30 0.0 1e-30 1e-30 0.0 -1e-30 1e-30 0.0 -1e-30 1e-30 0.0 -1e-30 1e-30 0.0 -1e-30 1e-30 0.0 -1e-30 1e-30 0.0 -1e-30 1e-30 0.0 -1e-30 1e-30 0.0 -1e-30 1e-30 0.0 1e-30 1e-30 0.0 1e-30 1e-30 0.0 1e-30 1e-30 0.0 -1e-30 1e-30 0.0 -1e-30 1e-30 0.0 -1e-30 1e-30 0.0 -1e-30 1e-30 0.0 -1e-30 1e-30 0.0 -1e-30 1e-30 0.0 -1e-30 1e-30 0.0 -1e-30 1e-30 0.0 1e-30 1e-30 0.0 1e-30 1e-30 0.0 1e-30 1e-30 0.0 -1e-30 1e-30 0.0 -1e-30 1e-30 0.0 -1e-30 1e-30 0.0 -1e-30 1e-30 0.0 -1e-30 1e-30 0.0 -1e-30 1e-30 0.0 -1e-30 1e-30 0.0 -1e-30 1e-30 0.0 1e-30 1e-30 0.0 1e-30 1e-30 0.0 1e-30 1e-30 0.0 -1e-30 1e-30 0.0 -1e-30 1e-30 0.0 -1e-30 1e-30 0.0 -1e-30 1e-30 0.0 -1e-30 1e-30 0.0 -1e-30 1e-30 0.0 -1e-30 1e-30 0.0 -1e-30 1e-30 0.0 1e-30 1e-30 0.0 1e-30 1e-30 0.0 1e-30 1e-30 0.0 -1e-30 1e-30 0.0 -1e-30 1e-30 0.0 -1e-30 1e-30 0.0 -1e-30 1e-30 0.0 -1e-30 1e-30 0.0 -1e-30 1e-30 0.0 -1e-30 1e-30 0.0 -1e-30 1e-30 0.0 1e-30 1e-30 0.0 1e-30 1e-30 0.0 1e-30 1e-30 0.0 -1e-30 1e-30 0.0 -1e-30 1e-30 0.0 -1e-30 1e-30 0.0 -1e-30 1e-30 0.0 -1e-30 1e-30 0.0 -1e-30 1e-30 0.0 -1e-30 1e-30 0.0 -1e-30 1e-30 0.0 1e-30 1e-30 0.0 1e-30 1e-30 0.0 1e-30 1e-30 0.0 -1e-30 1e-30 0.0 -1e-30 1e-30 0.0 -1e-30 1e-30 0.0 -1e-30 1e-30 0.0 -1e-30 1e-30 0.0 -1e-30 1e-30 0.0 -1e-30 1e-30 0.0 -1e-30 1e-30 0.0 1e-30 1e-30 0.0 1e-30 1e-30 0.0 1e-30 1e-30 0.0 -1e-30 1e-30 0.0 -1e-30 1e-30 0.0 -1e-30 1e-30 0.0 -1e-30 1e-30 0.0 -1e-30 1e-30 0.0 -1e-30 1e-30 0.0 -1e-30 1e-30 0.0 -1e-30 1e-30 0.0 1e-30 1e-30 0.0 1e-30 1e-30 0.0 1e-30 1e-30 0.0 -1e-30 1e-30 0.0 -1e-30 1e-30 0.0 -1e-30 1e-30 0.0 -1e-30 1e-30 0.0 -1e-30 1e-30 0.0 -1e-30 1e-30 0.0 -1e-30 1e-30 0.0 -1e-30 1e-30 0.0 1e-30 1e-30 0.0 1e-30 1e-30 0.0 1e-30 1e-30 0.0 1e-30 1e-30 0.0 -1e-30 1e-30 0.0 -1e-30 1e-30 0.0 -1e-30 1e-30 0.0 -1e-30 1e-30 0.0 -1e-30 1e-30 0.0 -1e-30 1e-30 0.0 -1e-30 1e-30 0.0 -1e-30 1e-30 0.0 -1e-30 1e-30 0.0 1e-30 1e-30 0.0
    </DataArray>
    <DataArray type="Float32" Name="Ion diffusion flux Density [Am^-2]" NumberOfComponents="3" format="ascii">
-1.3089207050318226e+16 -2407041169371421.0 0.0 -1.7113040883696558e+16 -5019937806760792.0 0.0 -2.6532381448319464e+16 -1.0555672522408016e+16 0.0 -3.5085121676992236e+16 -1.9591603652292644e+16 0.0 -4.00930538828123e+16 -2.9317131216958864e+16 0.0 -4.374186465887163e+16 -3.9583722274168424e+16 0.0 -4.744172496948126e+16 -5.27219377243358e+16 0.0 -5.157839291757998e+16 -7.093135187217272e+16 0.0 -2.491760751600354e+16 -1.0188344067149054e+16 0.0 1.7134058604778816e+17 5.319279773171727e+17 0.0 5.843805859137565e+17 1.7531417577415124e+18 0.0 -1.1051248530643814e+16 -1.0146987151868694e+16 0.0 -1.5532638157573332e+16 -9046149458073398.0 0.0 -2.130462122984547e+16 -1.3622853073019108e+16 0.0 -2.626073314863181e+16 -2.006896198964021e+16 0.0 -2.9851442760968176e+16 -2.7520496650498296e+16 0.0 -3.308375124227318e+16 -3.628674634475407e+16 0.0 -3.673134087019433e+16 -4.760452266118543e+16 0.0 -4.041640259806016e+16 -6.20984790149227e+16 0.0 -1.692768702715977e+16 -4814022814380011.0 0.0 1.5187627452689533e+17 4.6991508402794624e+17 0.0 3.346798612061526e+17 1.6733993060309827e+18 0.0 -2.117846086783735e+16 -2.2495373715176064e+16 0.0 -2.524374582734282e+16 -1.5706685113089688e+16 0.0 -3.09495076779993e+16 -1.8413192204249244e+16 0.0 -3.5852500945913564e+16 -2.3570246473472308e+16 0.0 -3.978543351216779e+16 -3.054251417954108e+16 0.0 -4.281735814414835e+16 -3.921174093001519e+16 0.0 -4.525575502819542e+16 -4.973287390735792e+16 0.0 -4.663050006282391e+16 -6.099305338082337e+16 0.0 -1.968465143364087e+16 3095931174863815.0 0.0 1.5174702336541776e+17 4.775756557296171e+17 0.0 3.3593096739360986e+17 1.6796548369682253e+18 0.0 -2.999689782530628e+16 -3.043892372758499e+16 0.0 -3.1678495491225136e+16 -2.0053949778051148e+16 0.0 -3.687021716472068e+16 -2.1811951469849028e+16 0.0 -4.140589006524707e+16 -2.588258464054799e+16 0.0 -4.484483097070464e+16 -3.1528625185392016e+16 0.0 -4.688371550340834e+16 -3.8540899358972184e+16 0.0 -4.782672252445066e+16 -4.756569613569837e+16 0.0 -4.7535237168826456e+16 -5.698090102620143e+16 0.0 -1.8530793392883704e+16 1.2103146832752682e+16 0.0 1.5349075346619366e+17 4.854020050512094e+17 0.0 3.3700296504739206e+17 1.6850148252371492e+18 0.0 -3.677045394029103e+16 -3.415061347408801e+16 0.0 -3.6741512877099064e+16 -2.251371048202528e+16 0.0 -4.109192227642065e+16 -2.360174758171553e+16 0.0 -4.4580530372785864e+16 -2.648134054943564e+16 0.0 -4.697918961050651e+16 -3.098840409026989e+16 0.0 -4.828262627945094e+16 -3.697580533402632e+16 0.0 -4.874710895889706e+16 -4.495246919861197e+16 0.0 -4.7495647377593624e+16 -5.223281707059167e+16 0.0 -1.5913655495117288e+16 2.2869181842683304e+16 0.0 1.5678496954118554e+17 4.9357661378158234e+17 0.0 3.3718370164727e+17 1.6859185082365448e+18 0.0 -4.137320327972228e+16 -3.486839291611543e+16 0.0 -4.022417347265163e+16 -2.3366467101082244e+16 0.0 -4.383809005952272e+16 -2.3969951772019284e+16 0.0 -4.647224083273911e+16 -2.58458817189224e+16 0.0 -4.798300659704522e+16 -2.9335015127914264e+16 0.0 -4.843105221368751e+16 -3.433798388806734e+16 0.0 -4.805923301872647e+16 -4.122251749722574e+16 0.0 -4.572373649312457e+16 -4.6438293706098824e+16 0.0 -1.1779231539811748e+16 3.46426758536525e+16 0.0 1.613307872066879e+17 5.01079304020938e+17 0.0 3.361700876880923e+17 1.6808504384405903e+18 0.0 -4.359761021143271e+16 -3.3174877504401724e+16 0.0 -4.1656401141638824e+16 -2.278147786590205e+16 0.0 -4.455104619061939e+16 -2.304794000176798e+16 0.0 -4.669296736193311e+16 -2.4154307651436e+16 0.0 -4.7618000357287256e+16 -2.677617443186648e+16 0.0 -4.7495844268307096e+16 -3.094347679528039e+16 0.0 -4.658345156755606e+16 -3.6894846307873304e+16 0.0 -4.33933662172757e+16 -4.011722946352672e+16 0.0 -6774254647493712.0 4.806436122212403e+16 0.0 1.6503514322822666e+17 5.0726771512193376e+17 0.0 3.3326740204824755e+17 1.6663370102413466e+18 0.0 -4.337371509521902e+16 -2.950690921166615e+16 0.0 -4.095793509492941e+16 -2.086263736417119e+16 0.0 -4.3218290267317624e+16 -2.1122152265583964e+16 0.0 -4.490212956035965e+16 -2.175626986534387e+16 0.0 -4.562708427000661e+16 -2.356898029239915e+16 0.0 -4.526931296510468e+16 -2.7026120920243692e+16 0.0 -4.411848405439526e+16 -3.2163492145833908e+16 0.0 -4.028393281556241e+16 -3.3394709765149276e+16 0.0 -1345641083332688.5 6.1270486165846984e+16 0.0 1.669582734257392e+17 5.117214253392031e+17 0.0 3.297799338162246e+17 1.6488996690812992e+18 0.0 -4.092458143297497e+16 -2.4666981138511812e+16 0.0 -3.841981042404613e+16 -1.8060527345743256e+16 0.0 -4.028746411900027e+16 -1.8330141574642716e+16 0.0 -4.1425381835515064e+16 -1.885461047980985e+16 0.0 -4.1972817378369064e+16 -2.0170264421391308e+16 0.0 -4.170326833998505e+16 -2.290269625628583e+16 0.0 -4.057140488343542e+16 -2.7251954692917544e+16 0.0 -3.6244742729760936e+16 -2.6419002410547708e+16 0.0 4682325985390780.0 7.414786420701848e+16 0.0 1.6898234077655347e+17 5.149576053681617e+17 0.0 3.256875396359986e+17 1.6284376981801436e+18 0.0 -3.6738762605842424e+16 -1.949453718267314e+16 0.0 -3.438171779901797e+16 -1.4887768314630668e+16 0.0 -3.581376425854643e+16 -1.5015238560289534e+16 0.0 -3.6634329095704776e+16 -1.5393996482575374e+16 0.0 -3.70263577550227e+16 -1.6612780644648014e+16 0.0 -3.685389777778286e+16 -1.8901431052920468e+16 0.0 -3.5816734187622604e+16 -2.231548949009145e+16 0.0 -3.0984575263471076e+16 -1.922250396647451e+16 0.0 1.2236484301843286e+16 8.688603563242354e+16 0.0 1.7050312202132858e+17 5.1655958217127814e+17 0.0 3.208575155721567e+17 1.6042875778609925e+18 0.0 -3.142501921199466e+16 -1.431488338555672e+16 0.0 -2.902793276357047e+16 -1.1354907182399178e+16 0.0 -2.9977915567541984e+16 -1.1396587007584508e+16 0.0 -3.068679647308613e+16 -1.1887439512105936e+16 0.0 -3.096258034036811e+16 -1.2939176422837012e+16 0.0 -3.0718466042795468e+16 -1.4794832236080532e+16 0.0 -2.948860435570956e+16 -1.7221194428246448e+16 0.0 -2.3311380752593304e+16 -1.0894133949073532e+16 0.0 2.123453220331117e+16 9.857481699173328e+16 0.0 1.708666643988651e+17 5.153544987980227e+17 0.0 3.1565120904707264e+17 1.5782560452356508e+18 0.0 -2.5798907663995224e+16 -8741726658475471.0 0.0 -2.3894703876849572e+16 -7935732588910598.0 0.0 -2.3888007929993984e+16 -7924972269761802.0 0.0 -2.343733851004196e+16 -8129938880327835.0 0.0 -2.350464685100845e+16 -9034056676948998.0 0.0 -2.282273980448698e+16 -1.0243651433098224e+16 0.0 -2.1048652527927616e+16 -1.1019532826455692e+16 0.0 -1.3853069885742408e+16 -1853778893032036.8 0.0 2.8454508994919076e+16 1.0692842850870117e+17 0.0 1.696534828362734e+17 5.107772135691614e+17 0.0 3.101333926054965e+17 1.5506669630277952e+18 0.0 -2.1382443827781576e+16 -5348463532851952.0 0.0 -2.180643548400983e+16 -5462678750689037.0 0.0 -2.1695321895782348e+16 -4528755581047512.0 0.0 -2.0044540715978508e+16 -5071041388414548.0 0.0 -1.7797670421689262e+16 -5655665760294134.0 0.0 -1.6802930863530338e+16 -6261984086009302.0 0.0 -1.3723566863366226e+16 -5630912362969444.0 0.0 -6648752061816858.0 4374395880152553.5 0.0 3.1760359233689572e+16 1.1057921612342347e+17 0.0 1.668703810368284e+17 5.042677699137001e+17 0.0 3.04825586366498e+17 1.5241279318327603e+18 0.0 -1.5719873222812236e+16 -8599423118751661.0 0.0 -1.6640460954756308e+16 -4647180367670861.0 0.0 -1.6879000055304464e+16 -782118182653065.2 0.0 -1.6569590133810978e+16 510946013087338.3 0.0 -1.5530639724769116e+16 -1555085813702728.2 0.0 -1.4268216419107646e+16 -2804536423800391.0 0.0 -1.0691054596868024e+16 -912775482978275.2 0.0 -4734310359322418.0 7445137144854842.0 0.0 3.179573468451903e+16 1.1085561822156677e+17 0.0 1.635249346279866e+17 4.9730555777739354e+17 0.0 3.001471825099217e+17 1.5007359125498417e+18 0.0 -8438921801105357.0 -8307412259590899.0 0.0 -8036207724471123.0 -2791157458516999.0 0.0 -8530792067461203.0 696455661086341.6 0.0 -1.027164670909094e+16 1502549001445186.0 0.0 -1.1543248040467118e+16 819591769143320.6 0.0 -9976870705128186.0 1018739533913770.1 0.0 -8206765834868198.0 2248039639137317.2 0.0 -4072468457651058.0 9905684985044488.0 0.0 3.083396641097958e+16 1.112397589062763e+17 0.0 1.5598069662103242e+17 4.898541271109396e+17 0.0 2.961453650798027e+17 1.4807268253993203e+18 0.0 -4708250623160696.0 -7689432122941236.0 0.0 -3776102728657210.0 -2025202060448165.8 0.0 -3718468863953361.5 1195819354850910.8 0.0 -4469291022654151.5 2484484327525069.5 0.0 -5300023463666174.0 2942996768210102.0 0.0 -5014921268364061.0 3345760524414697.5 0.0 -4540744678613689.0 3913422712789192.0 0.0 -1885208732641095.2 1.0497374776485864e+16 0.0 3.0964398822547736e+16 1.0672463736968554e+17 0.0 1.5516129569629645e+17 4.8541915298440736e+17 0.0 2.9623242409973184e+17 1.481162120499073e+18 0.0 -2950605379942934.5 -6886247405967603.0 0.0 -1882210760473449.5 -1562061273763596.8 0.0 -1255245318441325.2 1475464345684071.5 0.0 -1274140260255302.0 2772379750824399.5 0.0 -1729186274425318.2 3513270546726696.0 0.0 -2002209361416556.5 4141151268234663.5 0.0 -1973482099652054.8 4880518275207137.0 0.0 662825869913882.4 1.2171794749075886e+16 0.0 3.363648537873021e+16 1.073292831731311e+17 0.0 1.5976917272190973e+17 4.8134164557272506e+17 0.0 2.922375111042313e+17 1.4611875555215053e+18 0.0 -2181444914959245.5 -6337190887004448.0 0.0 -1171104454934553.5 -1295497090146122.8 0.0 -269129142544753.1 1714288973325991.5 0.0 54115258598468.87 2976487080403652.0 0.0 4704574190600.068 3583055888153633.0 0.0 -185338176867177.62 4201872240718039.0 0.0 -196908157705767.88 5167415591770858.0 0.0 2241936552148699.8 1.2864268316010456e+16 0.0 3.432341198407286e+16 1.074051178914107e+17 0.0 1.5871586944769814e+17 4.75605782126359e+17 0.0 2.8796092444392976e+17 1.439804622219938e+18 0.0 -1826759341320198.2 -5990876957892953.0 0.0 -879269348848719.6 -1143657339808951.0 0.0 62918991553905.086 1793143040725276.2 0.0 413438422147909.06 3005241122651580.5 0.0 525473476202219.44 3588420104227219.0 0.0 612733396163065.6 4197520738234183.0 0.0 761817467009645.5 5169309619173308.0 0.0 3227101173897598.0 1.3052242780641624e+16 0.0 3.4793104740608828e+16 1.0705597501777035e+17 0.0 1.568766397293202e+17 4.698018920165647e+17 0.0 2.8395666108421418e+17 1.4197833054213453e+18 0.0 -1634462182255295.2 -5741383387019281.0 0.0 -727526075900178.1 -1048430941520537.8 0.0 203375805567181.22 1818660985099854.5 0.0 566778540551511.6 3001345243028709.5 0.0 720930754324148.8 3576095897661805.0 0.0 891860955301146.9 4182145934057690.0 0.0 1163963628287198.8 5143060497753573.0 0.0 3746355968049725.5 1.3072965990624488e+16 0.0 3.496006890295176e+16 1.0638759363684642e+17 0.0 1.5497682917260803e+17 4.642379428842409e+17 0.0 2.803008962297964e+17 1.4015044811491622e+18 0.0 -1510432619387686.2 -5530890743381677.0 0.0 -630984294563756.9 -974506667668947.2 0.0 288208668191823.2 1833703417454287.5 0.0 658928077352781.5 2999677579437287.0 0.0 836005258946868.4 3572948951322473.0 0.0 1035246450960102.2 4176105993032236.5 0.0 1352674024831551.2 5134179921626830.0 0.0 3989231316751082.0 1.3036579006886022e+16 0.0 3.488888571652509e+16 1.0554333474734918e+17 0.0 1.5315634410280195e+17 4.5903988565999974e+17 0.0 2.7700236900553146e+17 1.3850118450280904e+18 0.0 -1416362471704149.0 -5340207121046378.0 0.0 -560203673720610.94 -910596413694971.8 0.0 346633159849891.06 1844157351449383.5 0.0 719077820095106.2 2997568229017336.0 0.0 907495999215397.1 3572825031311907.5 0.0 1121366175009592.6 4177996764090700.0 0.0 1457759624163077.0 5131995936921857.0 0.0 4091146453145603.5 1.2972163450593462e+16 0.0 3.468954996948837e+16 1.04634935035262e+17 0.0 1.5146992370945456e+17 4.542621389396228e+17 0.0 2.7404493309578845e+17 1.3702246654794662e+18 0.0 -1338020202245815.0 -5162908712719043.0 0.0 -503523035435291.1 -852725074707520.5 0.0 390315920499460.1 1851802407153454.2 0.0 762332334359779.2 2995287325062684.5 0.0 957734816313210.9 3575143592735195.5 0.0 1178870304507367.8 4183751603155330.0 0.0 1520609081992624.8 5130078226344685.0 0.0 4132800016071068.0 1.2895846548388156e+16 0.0 3.4434447952216216e+16 1.0371846370505997e+17 0.0 1.4993697159007587e+17 4.499112768617666e+17 0.0 2.7140205172637014e+17 1.357010258632267e+18 0.0 -1269318360501566.0 -4997279605129297.0 0.0 -455821237262518.25 -799579188670889.9 0.0 424789857094958.4 1857636251522159.0 0.0 795719554734915.4 2992832175762881.5 0.0 995468006930821.5 3578321458161161.0 0.0 1219788143399745.0 4190466649154935.5 0.0 1560251071041677.8 5127125986259743.0 0.0 4145848716286526.5 1.2814292327659924e+16 0.0 3.4162248505686156e+16 1.0282433554966387e+17 0.0 1.4855919464486563e+17 4.4596907283694106e+17 0.0 2.6904218697082867e+17 1.3452109348545748e+18 0.0 -1207015726930620.2 -4843230620762683.0 0.0 -414651498325377.94 -750826798547917.0 0.0 452907223033233.94 1862082924916631.0 0.0 822421791293435.4 2989972083932353.5 0.0 1024996801400337.0 3581331575283858.5 0.0 1250235970795948.2 4196659091912167.0 0.0 1586421664686056.5 5122996238336958.0 0.0 4145671253255705.5 1.2731886791656206e+16 0.0 3.389223508175042e+16 1.0197016028361339e+17 0.0 1.4732730636876947e+17 4.424060214455581e+17 0.0 2.6693362019883693e+17 1.334668100994296e+18 0.0 -175500113292381.56 -3239996337370423.5 0.0 -143240110328857.84 -580685736094659.4 0.0 -145500699220204.66 1706621315094048.2 0.0 -151270880924447.34 2705210879313889.5 0.0 -145768881399692.56 3234083903757562.0 0.0 -126835662908221.27 3777129143031878.5 0.0 -101498645793629.45 4584512960240840.0 0.0 -78835493171340.97 1.127148145267079e+16 0.0 -88139415228657.36 8.995303733763248e+16 0.0 -168913700944411.25 3.904466753959652e+17 0.0 0.0 1.8553293263836406e+18 0.0 701994043848313.0 -4443007258880704.5 0.0 66920154611176.69 -573651121781989.8 0.0 -780826859294845.2 1962677367341968.0 0.0 -1159118467017204.2 3081757565102535.0 0.0 -1353453994919863.2 3680229207017532.0 0.0 -1538593679217660.5 4287505054435592.0 0.0 -1813473855894212.2 5180617174493965.0 0.0 -4273275072119632.0 1.2621627767528546e+16 0.0 -3.3571650905584868e+16 1.0047275530606245e+17 0.0 -1.4565808584004173e+17 4.3642361845994125e+17 0.0 -2.633564987587973e+17 1.3167824937943854e+18 0.0 702551067587410.5 -4338959941580586.0 0.0 76265312441124.14 -550105140073055.0 0.0 -760819446425151.5 1951149005468507.2 0.0 -1137012887756012.2 3065192664160934.5 0.0 -1333587492900327.0 3668856105667182.5 0.0 -1521535621383638.2 4279240422812661.0 0.0 -1797203440443653.2 5167039640582535.0 0.0 -4236914091136956.5 1.2539774948448138e+16 0.0 -3.3331853879146028e+16 9.977245112506264e+16 0.0 -1.447912779238117e+17 4.3380751483077997e+17 0.0 -2.618394105098155e+17 1.3091970525494648e+18 0.0 702039331280329.0 -4241305960856647.0 0.0 83022082298332.92 -528306985700240.7 0.0 -743136290444138.2 1939815721581987.0 0.0 -1117707311143053.9 3050118096668286.5 0.0 -1316403523395633.8 3658500563177546.5 0.0 -1506799572395119.2 4271529075417203.5 0.0 -1783406999125159.2 5154416040350104.0 0.0 -4204442655798026.0 1.2463929223327026e+16 0.0 -3.3111269832760976e+16 9.912820330901237e+16 0.0 -1.440014556956994e+17 4.314419450223234e+17 0.0 -2.6047632557832733e+17 1.3023816278922767e+18 0.0 701422761134571.2 -4153694951820888.5 0.0 87612041625452.66 -508189346737596.1 0.0 -727753004599961.8 1929705444099407.8 0.0 -1100756632664863.1 3036356124363188.5 0.0 -1301447602872828.5 3649136290625156.0 0.0 -1493912625939755.5 4264206465853456.0 0.0 -1771348248453228.2 5142347682467104.0 0.0 -4175160854671360.0 1.2393880574028676e+16 0.0 -3.290897652886832e+16 9.853782844733115e+16 0.0 -1.4328305183399072e+17 4.293036086325667e+17 0.0 -2.5925048707405952e+17 1.29625243537042e+18 0.0 700756818942877.6 -4075337513527114.0 0.0 91440883079109.45 -490066117334584.0 0.0 -714319542613228.2 1920650078896653.2 0.0 -1085817408109051.9 3023780780826522.5 0.0 -1288314712059205.0 3640531975118471.5 0.0 -1482779048133327.0 4257292790462894.5 0.0 -1760660912382123.8 5130873437080458.0 0.0 -4148624033663854.0 1.2329396492949752e+16 0.0 -3.272397594967412e+16 9.799850039052808e+16 0.0 -1.4263064638933658e+17 4.2737143104042266e+17 0.0 -2.5814742753357728e+17 1.2907371376686408e+18 0.0 700080014491261.2 -4005427173652485.0 0.0 94664649703166.89 -473815381754276.6 0.0 -702550619441483.8 1912517289152333.5 0.0 -1072613451779672.6 3012293706835362.5 0.0 -1276696746923965.0 3632520055659970.0 0.0 -1473008929362980.0 4250728827992959.0 0.0 -1751123421236115.8 5120076481771887.0 0.0 -4124523610497426.0 1.2270215069638066e+16 0.0 -3.2555211261839812e+16 9.75070675637885e+16 0.0 -1.4203903743137013e+17 4.2562642568232474e+17 0.0 -2.5715460377027178e+17 1.2857730188523233e+18 0.0 699422116736804.5 -3943177483010268.5 0.0 97404677291976.72 -459297887335283.44 0.0 -692209825409827.0 1905199917073145.8 0.0 -1060916263402282.0 3001811845335797.0 0.0 -1266382001175659.8 3625067817455279.0 0.0 -1464300173477221.8 4244483957163988.5 0.0 -1742561042387668.2 5109950053883774.0 0.0 -4102626363849769.0 1.2216055727870068e+16 0.0 -3.2401605833460776e+16 9.706027912005766e+16 0.0 -1.4150330884011424e+17 4.240515286797686e+17 0.0 -2.56261084446913e+17 1.2813054222354836e+18 0.0 698807755051583.9 -3887844718648412.0 0.0 99757052251946.75 -446369221577624.0 0.0 -683099074911925.2 1898609149287800.8 0.0 -1050533229837122.0 2992261331761450.0 0.0 -1257198939295830.5 3618152258757808.5 0.0 -1456508835859788.5 4238572622272703.5 0.0 -1734847688487247.0 5100492834352947.0 0.0 -4082741642733908.0 1.2166626589810862e+16 0.0 -3.226209730613239e+16 9.66549238727194e+16 0.0 -1.4101887672853574e+17 4.226314329263545e+17 0.0 -2.5545730274978368e+17 1.2772865137497823e+18 0.0 698258038730327.9 -3838740450690507.0 0.0 101798944780111.75 -434887561666880.6 0.0 -675051098144699.5 1892669966318350.2 0.0 -1041299998714279.8 2983574557266374.0 0.0 -1249004881741534.2 3611753658084590.5 0.0 -1449520235288042.5 4233008419091460.5 0.0 -1727886210540522.2 5091701275135362.0 0.0 -4064704701516573.0 1.2121634020699642e+16 0.0 -3.213565949885776e+16 9.628792058377006e+16 0.0 -1.4058150236437426e+17 4.213524210843752e+17 0.0 -2.547348512204514e+17 1.2736742561028283e+18 0.0 697791382447700.9 -3795237239018825.0 0.0 103593078840804.23 -424718370448532.3 0.0 -667923798546010.2 1887318028594516.8 0.0 -1033075178734881.6 2975688817261298.0 0.0 -1241678911772477.5 3605852714378143.5 0.0 -1443239597745570.8 4227800770721790.0 0.0 -1721597474914938.8 5083567020811775.0 0.0 -4048368776678737.5 1.208079100311045e+16 0.0 -3.202131967381262e+16 9.595637156291053e+16 0.0 -1.4018729798005477e+17 4.202022124799743e+17 0.0 -2.540863164599519e+17 1.270431582300298e+18 0.0 697424040758225.8 -3756769824493861.5 0.0 105191002003690.39 -415737018514379.7 0.0 -661595848836043.5 1882497484762318.0 0.0 -1025736416293339.5 2968545721192897.0 0.0 -1235117187117092.0 3600429512119070.5 0.0 -1437586470083251.5 4222954077894166.0 0.0 -1715914319966776.2 5076076659643158.0 0.0 -4033601171634864.0 1.2043822894041628e+16 0.0 -3.1918169812635844e+16 9.565759075239251e+16 0.0 -1.3983272189632235e+17 4.191698247524214e+17 0.0 -2.5350514617941114e+17 1.2675257308982464e+18 0.0 697170567075891.0 -3722833591938157.0 0.0 106635550758928.38 -407830037538852.1 0.0 -655963172457374.1 1878159407538680.5 0.0 -1019177348667460.8 2962090947510104.0 0.0 -1229229672349622.5 3595463374795568.5 0.0 -1432491259244156.8 4218468037184210.5 0.0 -1710778143659028.8 5069212511844449.0 0.0 -4020281151542461.0 1.2010471095236356e+16 0.0 -3.1825372225701892e+16 9.538911492976702e+16 0.0 -1.3951456610423013e+17 4.182454502589997e+17 0.0 -2.5298554162422454e+17 1.2649277081223135e+18 0.0 697044255234371.6 -3692981435612024.0 0.0 107963360861727.88 -400895697412208.44 0.0 -650936080119362.2 1874260641029479.0 0.0 -1013305146332613.4 2956274126268733.0 0.0 -1223937728810855.2 3590933100757797.5 0.0 -1427892968877061.0 4214338425864714.5 0.0 -1706136907946986.8 5062953773502162.0 0.0 -4008298738930565.5 1.1980495237949604e+16 0.0 -3.174216134655308e+16 9.514870444128832e+16 0.0 -1.3922993956904478e+17 4.1742034667590106e+17 0.0 -2.5252236984255277e+17 1.262611849214136e+18 0.0 697057147354396.2 -3666817662920257.5 0.0 109214843755481.92 -394846711156768.56 0.0 -646436713573408.0 1870762321660619.8 0.0 -1008038484458841.0 2951048762631737.5 0.0 -1219172252805464.0 3586817334633893.5 0.0 -1423737629299413.5 4210558013973728.5 0.0 -1701943911028293.8 5057277684385848.0 0.0 -3997553933227448.5 1.1953674300968434e+16 0.0 -3.1667843105924892e+16 9.493433775754146e+16 0.0 -1.389762495654595e+17 4.166867408077529e+17 0.0 -2.5211109154358122e+17 1.260555457718475e+18 0.0 697214320860571.6 -3643963033793443.5 0.0 110404659861747.36 -389600126710636.0 0.0 -642383364321552.5 1867616858055484.8 0.0 -1003305847754557.0 2946372159264031.5 0.0 -1214872194533955.0 3583094950905277.0 0.0 -1419977156419391.0 4207117431917970.5 0.0 -1698157010276834.8 5052160571008117.0 0.0 -3987956147819942.5 1.1929807012764952e+16 0.0 -3.160179286070413e+16 9.474420269791331e+16 0.0 -1.3875118258403104e+17 4.160377444214899e+17 0.0 -2.517477012887526e+17 1.2587385064449341e+18 0.0 697536404016936.9 -3624161040043942.5 0.0 111543223319091.88 -385072082404011.6 0.0 -638712024444139.2 1864802506268103.5 0.0 -999040401366629.6 2942194227147683.5 0.0 -1210983344737114.0 3579745387970537.0 0.0 -1416568461413342.2 4204005902814148.5 0.0 -1694738047298109.8 5047578688670809.0 0.0 -3979423694269019.5 1.1908711782386206e+16 0.0 -3.15434525405123e+16 9.45766861672138e+16 0.0 -1.3855268580356856e+17 4.154672809200253e+17 0.0 -2.5142867757075834e+17 1.2571433878544686e+18 0.0 698035763204275.5 -3607152855709405.5 0.0 112660949571091.28 -381198406229959.3 0.0 -635405296292578.9 1862303084551628.5 0.0 -995183187282658.8 2938470614557120.5 0.0 -1207457321010878.0 3576748922004187.5 0.0 -1413472730172031.0 4201211858458239.5 0.0 -1691652382829444.0 5043508897625979.0 0.0 -3971883267148426.0 1.1890226309200724e+16 0.0 -3.1492327506023736e+16 9.443036352773046e+16 0.0 -1.3837894974427264e+17 4.1497002172501875e+17 0.0 -2.511509409240267e+17 1.2557547046215844e+18 0.0 698725610094416.2 -3592717311592073.0 0.0 113785190151196.23 -377951475600355.75 0.0 -632425950536150.4 1860098536672251.5 0.0 -991692564112755.1 2935194028358830.0 0.0 -1204250706432794.0 3574086874193863.5 0.0 -1410654823936821.2 4198723430226948.5 0.0 -1688868525936856.8 5039929187381478.0 0.0 -3965269550922933.0 1.18742070040359e+16 0.0 -3.1447983484056676e+16 9.430398835232237e+16 0.0 -1.3822839242787526e+17 4.14541331417711e+17 0.0 -2.509118186950431e+17 1.254559093477104e+18 0.0 699620378535234.9 -3580667684314159.5 0.0 114934378324180.33 -375288409658156.75 0.0 -629708566914634.4 1858159091395171.0 0.0 -988523761432982.1 2932335459244340.5 0.0 -1201324305882112.0 3571741754903392.0 0.0 -1408082759344903.0 4196528821751189.0 0.0 -1686357772733451.8 5036818966145627.0 0.0 -3959524755798377.0 1.1860528196037484e+16 0.0 -3.1410042164782076e+16 9.419648256464546e+16 0.0 -1.3809964507234187e+17 4.141772207682006e+17 0.0 -2.5070901539517114e+17 1.2535450769768655e+18 0.0 700736096825999.4 -3570848922859556.5 0.0 116184711766039.6 -373193559835063.2 0.0 -627216341572944.1 1856465542174359.5 0.0 -985636460560704.8 2929869128998188.0 0.0 -1198642495298168.5 3569697355042326.0 0.0 -1405727246104562.0 4194616584546218.5 0.0 -1684093883528293.2 5034159287431398.0 0.0 -3954598463362344.5 1.1849082729750022e+16 0.0 -3.137817952640338e+16 9.410692855570733e+16 0.0 -1.3799153951423698e+17 4.138743055578712e+17 0.0 -2.5054058772710688e+17 1.252702938636015e+18 0.0 702048306944635.0 -3562923036917114.5 0.0 117529617033819.97 -371635197085534.94 0.0 -624895783369942.6 1854940473061093.8 0.0 -982994103067502.8 2927772332711904.5 0.0 -1196172644806613.0 3567938793091591.5 0.0 -1403561270102913.2 4192975813506257.5 0.0 -1682052814028606.0 5031933091890692.0 0.0 -3950446661019243.5 1.183978003335193e+16 0.0 -3.1352124194038148e+16 9.403456180615294e+16 0.0 -1.3790309821312619e+17 4.13629774361064e+17 0.0 -2.5040492415557933e+17 1.2520246207785428e+18 0.0 703596193733231.0 -3556885911988168.0 0.0 118868500383919.72 -370551066110249.25 0.0 -622725288304253.2 1853595671416883.8 0.0 -980563276692065.8 2926025282414676.0 0.0 -1193884600069685.8 3566452524968132.5 0.0 -1401559710803029.8 4191596275625232.5 0.0 -1680212473094182.8 5030125415121769.0 0.0 -3947031545250549.0 1.1832545881187148e+16 0.0 -3.133165381594913e+16 9.397876407379245e+16 0.0 -1.378335250376053e+17 4.134413605956345e+17 0.0 -2.503007280979046e+17 1.2515036404904253e+18 0.0 705446212919404.4 -3552881935935610.5 0.0 120245415379241.67 -369931136420662.06 0.0 -620697134704204.1 1852479614100268.2 0.0 -978313162695593.1 2924610954003738.5 0.0 -1191750208440591.2 3565226322729073.5 0.0 -1399698984050359.8 4190468483255924.0 0.0 -1678552454614555.2 5028723429795504.0 0.0 -3944321348604036.5 1.1827322103510984e+16 0.0 -3.131659350998166e+16 9.393905843401443e+16 0.0 -1.377821980215083e+17 4.133073203266682e+17 0.0 -2.502270045416393e+17 1.2511350227087427e+18 0.0 707623795186553.2 -3550859260090961.0 0.0 121740241073528.92 -369787729814669.75 0.0 -618784386374955.6 1851579534550105.0 0.0 -976215030158986.1 2923514937832226.0 0.0 -1189742877594525.0 3564249225735881.5 0.0 -1397956701663007.2 4189583719335012.5 0.0 -1677053776602643.2 5027716444990165.0 0.0 -3942290045035780.5 1.1824066235250992e+16 0.0 -3.1306814561632436e+16 9.391510540761606e+16 0.0 -1.3774866383637925e+17 4.1322641539790554e+17 0.0 -2.5018304987667843e+17 1.2509152493844692e+18 0.0 -3174471838304.5137 -4971108657907513.0 0.0 139372064749057.42 -422668045994174.0 0.0 -706798053581675.4 2115636599588510.5 0.0 -1115245290576428.5 3340622703292660.0 0.0 -1359300714724943.0 4072939040853189.0 0.0 -1597310288081888.2 4787658346425376.0 0.0 -1916310533487494.0 5745497713687697.0 0.0 -4504903585354087.0 1.3511915361790258e+16 0.0 -3.5775883485692176e+16 1.0732232354148254e+17 0.0 -1.5741570502344435e+17 4.7222756932934816e+17 0.0 -4.377947783288258e+17 1.3133843349889418e+18 0.0
    </DataArray>
    <DataArray type="Float32" Name="Ion drift flux Density [Am^-2]" NumberOfComponents="3" format="ascii">
-2.5911026033712856e+25 -7.216071671518399e+27 0.0 -1.0999148087311644e+27 -3.232223753922419e+27 0.0 -1.1740295292508703e+27 -3.4372447769412754e+27 0.0 -1.1877330096832946e+27 -3.4674735728794865e+27 0.0 -1.1342301477222878e+27 -3.305722060979555e+27 0.0 -1.0190573314076484e+27 -2.9679222720566093e+27 0.0 -8.511024431334529e+26 -2.479076510360868e+27 0.0 -6.397340454941796e+26 -1.8654721223893353e+27 0.0 -4.010925853949632e+26 -1.1729499068967252e+27 0.0 -2.9063182846711e+26 -8.567127468454723e+26 0.0 -1.1641386959346322e+27 -3.492416087804236e+27 0.0 -1.0356258726221477e+27 -5.088529811399932e+27 0.0 -9.451913855685878e+26 -2.772344501922153e+27 0.0 -1.0022294452816404e+27 -2.9276898491968276e+27 0.0 -1.0092347168121619e+27 -2.939644284601786e+27 0.0 -9.623642606449789e+26 -2.79840492583372e+27 0.0 -8.635769767204502e+26 -2.509528783342707e+27 0.0 -7.198389351062925e+26 -2.0924584987160282e+27 0.0 -5.395541700513077e+26 -1.5705791734424685e+27 0.0 -3.385332280343079e+26 -9.885435620007233e+26 0.0 -2.5129778333982372e+26 -7.398041726651052e+26 0.0 -6.60796623448685e+26 -3.3039831172437256e+27 0.0 -1.0175323904740899e+27 -4.921812051965102e+27 0.0 -9.207194829218332e+26 -2.6456465372148513e+27 0.0 -9.71239432760118e+26 -2.7708120550495814e+27 0.0 -9.756826399593588e+26 -2.7698874531039635e+27 0.0 -9.288020391221912e+26 -2.6295500501911264e+27 0.0 -8.307752521192792e+26 -2.3501707022092847e+27 0.0 -6.88091687862413e+26 -1.9486192704873515e+27 0.0 -5.1147711058334044e+26 -1.4529055887452507e+27 0.0 -3.202494683323116e+26 -9.150700394770143e+26 0.0 -2.469910542722202e+26 -7.157442117624601e+26 0.0 -6.484809490033256e+26 -3.2424047450168605e+27 0.0 -9.770534682792018e+26 -4.6474674869192857e+27 0.0 -8.778496073214176e+26 -2.4736935059042237e+27 0.0 -9.190998265584086e+26 -2.5666283952086637e+27 0.0 -9.181271985589592e+26 -2.548662320534121e+27 0.0 -8.700295515333138e+26 -2.407669409680445e+27 0.0 -7.756387957165785e+26 -2.1455530057546734e+27 0.0 -6.406735978537932e+26 -1.7760514216834409e+27 0.0 -4.740090452376015e+26 -1.3203937822803135e+27 0.0 -2.9583349525112616e+26 -8.30925908945129e+26 0.0 -2.383688417610038e+26 -6.821314254045108e+26 0.0 -6.298514768529873e+26 -3.1492573842651773e+27 0.0 -9.150606278104949e+26 -4.2774160800300296e+27 0.0 -8.181534007833807e+26 -2.262130092995573e+27 0.0 -8.499772014417561e+26 -2.3271173891678372e+27 0.0 -8.443286698608764e+26 -2.297472931963409e+27 0.0 -7.964996904223559e+26 -2.1613312341898357e+27 0.0 -7.070740430945548e+26 -1.919363676575793e+27 0.0 -5.812386513520835e+26 -1.5831167174512107e+27 0.0 -4.2730673565683726e+26 -1.1714265444079609e+27 0.0 -2.6619206522750883e+26 -7.373929139989486e+26 0.0 -2.2749420409126127e+26 -6.445805350078483e+26 0.0 -6.064517410939277e+26 -3.032258705469876e+27 0.0 -8.342643819567992e+26 -3.8290180696523765e+27 0.0 -7.428525945942816e+26 -2.0160461779112523e+27 0.0 -7.65966759458656e+26 -2.0586587150880427e+27 0.0 -7.569040923384922e+26 -2.022880348159624e+27 0.0 -7.113562259697534e+26 -1.897508192657174e+27 0.0 -6.293635848494695e+26 -1.6813022221884628e+27 0.0 -5.1535106004911105e+26 -1.383292403752325e+27 0.0 -3.767996930337611e+26 -1.0196285519530302e+27 0.0 -2.348715465927111e+26 -6.434490241047601e+26 0.0 -2.1571049677091537e+26 -6.064969184358003e+26 0.0 -5.7969190832761405e+26 -2.898459541638221e+27 0.0 -7.387235317840261e+26 -3.3258560074900293e+27 0.0 -6.553931084849283e+26 -1.746501727587246e+27 0.0 -6.707408561980101e+26 -1.7718558331747288e+27 0.0 -6.595635163455758e+26 -1.7345642518951557e+27 0.0 -6.180869802127488e+26 -1.624470247696969e+27 0.0 -5.456017986132406e+26 -1.4380973150639393e+27 0.0 -4.455199467402688e+26 -1.1816277341079183e+27 0.0 -3.242750019174734e+26 -8.683697529329783e+26 0.0 -2.0311443610471668e+26 -5.5152845240629654e+26 0.0 -2.0498998055420283e+26 -5.727176600694589e+26 0.0 -5.508472795344413e+26 -2.754236397672328e+27 0.0 -6.336937576217865e+26 -2.795853582688344e+27 0.0 -5.6069495381455366e+26 -1.4676082104867823e+27 0.0 -5.702722175818869e+26 -1.4824681842307122e+27 0.0 -5.574721275610371e+26 -1.4453968635248898e+27 0.0 -5.212056598791971e+26 -1.3528670971154942e+27 0.0 -4.5955360810512075e+26 -1.1982328242140219e+27 0.0 -3.74604550439155e+26 -9.843327071161624e+26 0.0 -2.7172647198271894e+26 -7.219195328192818e+26 0.0 -1.7210873429136946e+26 -4.6423065417671495e+26 0.0 -1.937604849597961e+26 -5.385265675250878e+26 0.0 -5.206769246274244e+26 -2.60338462313731e+27 0.0 -5.253095066738565e+26 -2.2690591775021057e+27 0.0 -4.6400158674946874e+26 -1.1932594211202415e+27 0.0 -4.6973769151334736e+26 -1.2030729691281676e+27 0.0 -4.572364268134972e+26 -1.1710283299010385e+27 0.0 -4.259463523147491e+26 -1.0945905811335005e+27 0.0 -3.753107311467613e+26 -9.706943207624867e+26 0.0 -3.056510689395365e+26 -7.979739967077415e+26 0.0 -2.212107624931919e+26 -5.847141085007901e+26 0.0 -1.4300433411569547e+26 -3.841477074404299e+26 0.0 -1.8245863516255757e+26 -5.053982732896137e+26 0.0 -4.90131147048448e+26 -2.4506557352423928e+27 0.0 -4.198792850978545e+26 -1.773723679079474e+27 0.0 -3.705112830548465e+26 -9.362402060050988e+26 0.0 -3.735325236550344e+26 -9.436125042755693e+26 0.0 -3.629833026424677e+26 -9.201194572727595e+26 0.0 -3.377021643722467e+26 -8.614301088440611e+26 0.0 -2.970122648509184e+26 -7.642839154662997e+26 0.0 -2.417115837449832e+26 -6.28967880342844e+26 0.0 -1.7486023865868085e+26 -4.613113474465333e+26 0.0 -1.1702600743400737e+26 -3.140449419593539e+26 0.0 -1.7175215418419897e+26 -4.7513671502288786e+26 0.0 -4.60177050788451e+26 -2.300885253942457e+27 0.0 -3.229987050853638e+26 -1.3321855577475288e+27 0.0 -2.85302046547055e+26 -7.081075801645189e+26 0.0 -2.8741923329093168e+26 -7.170094277252042e+26 0.0 -2.7914246875651608e+26 -7.019672254538514e+26 0.0 -2.5960023491216435e+26 -6.592787944374831e+26 0.0 -2.284529668048274e+26 -5.8682791265768286e+26 0.0 -1.859210705619966e+26 -4.838923557609006e+26 0.0 -1.3510160630467493e+26 -3.570043419618336e+26 0.0 -9.673909712686557e+25 -2.6020402679082688e+26 0.0 -1.6156621369766037e+26 -4.473487155818767e+26 0.0 -4.316093559234045e+26 -2.1580467796172885e+27 0.0 -2.3936588490357492e+26 -9.577691716896344e+26 0.0 -2.129570419295947e+26 -5.1840097732151245e+26 0.0 -2.1501174430500504e+26 -5.3052642833605946e+26 0.0 -2.0940019352349347e+26 -5.239845910232927e+26 0.0 -1.9557199403847417e+26 -4.9623817237658067e+26 0.0 -1.726890244369196e+26 -4.444313279988135e+26 0.0 -1.4173454417628239e+26 -3.702974543434647e+26 0.0 -1.0594846256373873e+26 -2.813658847133927e+26 0.0 -8.329001917509299e+25 -2.251228783878534e+26 0.0 -1.5229007213085961e+26 -4.227165829018015e+26 0.0 -4.050476732858257e+26 -2.0252383664294047e+27 0.0 -1.7040143766493717e+26 -6.459037179860602e+26 0.0 -1.4912036782238426e+26 -3.557737121022013e+26 0.0 -1.5581992335941508e+26 -3.818050330658766e+26 0.0 -1.577918358932562e+26 -3.946820307112921e+26 0.0 -1.4895823480842014e+26 -3.792160662739385e+26 0.0 -1.3400074758118161e+26 -3.4675521583179485e+26 0.0 -1.1206360915910082e+26 -2.9479019777265752e+26 0.0 -8.751202620482243e+25 -2.3411969236678206e+26 0.0 -7.375883334174862e+25 -2.006263032807637e+26 0.0 -1.4358195447940954e+26 -3.9982437952778e+26 0.0 -3.8068682758387365e+26 -1.9034341379195963e+27 0.0 -9.993170210089184e+25 -3.7325160434716346e+26 0.0 -7.947108837347064e+25 -1.8956894649662508e+26 0.0 -8.908965992573904e+25 -2.1962781100143715e+26 0.0 -1.0240291290111902e+26 -2.5822444453800916e+26 0.0 -1.0937455098642064e+26 -2.8092948467023165e+26 0.0 -1.0106703131024336e+26 -2.6396913359560845e+26 0.0 -9.041265113676013e+25 -2.4005867469651872e+26 0.0 -7.508498148678131e+25 -2.0265042777143072e+26 0.0 -6.591928470450927e+25 -1.8060875507530807e+26 0.0 -1.3512213871426503e+26 -3.775586830940505e+26 0.0 -3.5849623381587865e+26 -1.7924811690795815e+27 0.0 -6.0907030268323035e+25 -2.431509634873589e+26 0.0 -4.5127647059814185e+25 -1.1150138419035692e+26 0.0 -5.258399722411337e+25 -1.3279378747634346e+26 0.0 -6.272302852840511e+25 -1.6116848991672088e+26 0.0 -7.076764642915027e+25 -1.8464343264267916e+26 0.0 -7.156163154453965e+25 -1.89506820706223e+26 0.0 -6.86764517799216e+25 -1.8458826953873404e+26 0.0 -6.112008975657445e+25 -1.667246967335949e+26 0.0 -5.762560197387119e+25 -1.592402084588383e+26 0.0 -1.2709285467344651e+26 -3.561217720188106e+26 0.0 -3.383513653524784e+26 -1.6917568267626266e+27 0.0 -4.286176242753636e+25 -1.8481012361973e+26 0.0 -2.9880787824949293e+25 -7.743154164225424e+25 0.0 -3.4620312767608175e+25 -9.036234640985067e+25 0.0 -4.207797599101087e+25 -1.1087254428073789e+26 0.0 -4.9648190630022905e+25 -1.3220652491983284e+26 0.0 -5.389388900517429e+25 -1.4517197273637768e+26 0.0 -5.437540066311534e+25 -1.4827007912303783e+26 0.0 -5.009087516645316e+25 -1.3830493419193036e+26 0.0 -4.908487579999171e+25 -1.3703543434609978e+26 0.0 -1.148073146728596e+26 -3.240604427628948e+26 0.0 -3.1983191804348945e+26 -1.5991595902177523e+27 0.0 -3.45939693425124e+25 -1.579095289951809e+26 0.0 -2.341898263916148e+25 -6.330279195730179e+25 0.0 -2.6829808400194678e+25 -7.232180775682174e+25 0.0 -3.27544807091434e+25 -8.855052003459988e+25 0.0 -3.870537185516899e+25 -1.05270188608221e+26 0.0 -4.324368773678375e+25 -1.1855665377141474e+26 0.0 -4.497418588602211e+25 -1.2445244283910852e+26 0.0 -4.29144044770484e+25 -1.1994133065869303e+26 0.0 -4.488145903977547e+25 -1.2663722002484482e+26 0.0 -1.0838061054170025e+26 -3.094256208185736e+26 0.0 -3.0488361136406906e+26 -1.524418056820596e+27 0.0 -3.046933103671532e+25 -1.4345195261418572e+26 0.0 -2.018823342399804e+25 -5.621426244557549e+25 0.0 -2.317238706610936e+25 -6.41107818077496e+25 0.0 -2.8763241389751275e+25 -7.951932732211513e+25 0.0 -3.396019355272028e+25 -9.415579935478784e+25 0.0 -3.7650994254958826e+25 -1.0493564098359513e+26 0.0 -3.934487230242185e+25 -1.1040551288967429e+26 0.0 -3.8139992331739213e+25 -1.0785096315487287e+26 0.0 -4.163074714026564e+25 -1.1863610443123163e+26 0.0 -1.037629485771336e+26 -2.9889879769784266e+26 0.0 -2.9263203589748062e+26 -1.463160179487607e+27 0.0 -2.80059136104595e+25 -1.3386885646877297e+26 0.0 -1.8201113992070833e+25 -5.164663615965633e+25 0.0 -2.098413464643606e+25 -5.917165173603829e+25 0.0 -2.630397111497892e+25 -7.4021512239739205e+25 0.0 -3.1223975221477767e+25 -8.79658753067687e+25 0.0 -3.4658522288698635e+25 -9.797552506250107e+25 0.0 -3.6166510005991233e+25 -1.0275139420659436e+26 0.0 -3.5136277963405427e+25 -1.0042076038110258e+26 0.0 -3.926363174160945e+25 -1.1291291066700744e+26 0.0 -1.0005452474604332e+26 -2.903241430607543e+26 0.0 -2.824835039284693e+26 -1.4124175196425362e+27 0.0 -2.6266298311386746e+25 -1.265499745138276e+26 0.0 -1.6803017245091542e+25 -4.824629550184296e+25 0.0 -1.9429445581687728e+25 -5.552316185567346e+25 0.0 -2.454193811168932e+25 -6.999413169055974e+25 0.0 -2.927679494338598e+25 -8.353375042704752e+25 0.0 -3.2627366924167373e+25 -9.331302405376507e+25 0.0 -3.412255806379639e+25 -9.795984105834187e+25 0.0 -3.319453742129056e+25 -9.574437889248976e+25 0.0 -3.7566883571670516e+25 -1.0889233454680663e+26 0.0 -9.699044461735416e+25 -2.8315745332159433e+26 0.0 -2.740485890370665e+26 -1.3702429451854553e+27 0.0 -2.4883092333664094e+25 -1.2043366715001024e+26 0.0 -1.5727985827367342e+25 -4.5504562010311404e+25 0.0 -1.8243269958909214e+25 -5.262016539362433e+25 0.0 -2.320613439390598e+25 -6.684283395194985e+25 0.0 -2.78211528568342e+25 -8.016173793850325e+25 0.0 -3.1130921197461002e+25 -8.986105747474183e+25 0.0 -3.2655083112400587e+25 -9.454420587894412e+25 0.0 -3.185467309771221e+25 -9.25768963269041e+25 0.0 -3.630813862108019e+25 -1.0593961849926852e+26 0.0 -9.442900578203561e+25 -2.7707582231128362e+26 0.0 -2.670137132205604e+26 -1.3350685661030944e+27 0.0 -2.371090914803292e+25 -1.1512093312423952e+26 0.0 -1.4854551107824998e+25 -4.320173253056821e+25 0.0 -1.7294563363511032e+25 -5.021382402632589e+25 0.0 -2.214659004798172e+25 -6.425831748785223e+25 0.0 -2.6678826648538154e+25 -7.744576561976606e+25 0.0 -2.9973133391664977e+25 -8.71461993502417e+25 0.0 -3.1541893594084228e+25 -9.193736566515745e+25 0.0 -3.0853550561428683e+25 -9.021284827578347e+25 0.0 -3.533054594218759e+25 -1.0363706215969389e+26 0.0 -9.226943929664767e+25 -2.7184923956370996e+26 0.0 -2.6111375577250995e+26 -1.3055687788628994e+27 0.0 -2.2687917158403858e+25 -1.1042728524751785e+26 0.0 -1.412145043365421e+25 -4.122656590598736e+25 0.0 -1.6511404775418972e+25 -4.817230823945103e+25 0.0 -2.1278313470619158e+25 -6.207603772041496e+25 0.0 -2.575378791853548e+25 -7.518562265598515e+25 0.0 -2.9047685909077824e+25 -8.492847954297866e+25 0.0 -3.0665080779882255e+25 -8.985341186196158e+25 0.0 -3.0068376557041355e+25 -8.83385904909992e+25 0.0 -3.454197033226416e+25 -1.0175165691910417e+26 0.0 -9.04322793691979e+25 -2.6730639074909798e+26 0.0 -2.5612876099615275e+26 -1.280643804981039e+27 0.0 -2.1783301517879696e+25 -1.0625424950962643e+26 0.0 -1.3494356009347283e+25 -3.951402651722317e+25 0.0 -1.5851120647014472e+25 -4.64168570233238e+25 0.0 -2.0551094856130042e+25 -6.020346376563103e+25 0.0 -2.498716245996328e+25 -7.326519214930581e+25 0.0 -2.8289370445251254e+25 -8.306907615609223e+25 0.0 -2.9954412563360203e+25 -8.813132343628166e+25 0.0 -2.943324363920673e+25 -8.679648388881515e+25 0.0 -3.3888181584937766e+25 -1.0015589627049428e+26 0.0 -8.885573683168809e+25 -2.63322889417429e+26 0.0 -2.518814068875384e+26 -1.2594070344379763e+27 0.0 -2.0978363179597895e+25 -1.0253986068622002e+26 0.0 -1.2951899990465922e+25 -3.802079755846269e+25 0.0 -1.528659517153514e+25 -4.489534070195944e+25 0.0 -1.993235321952441e+25 -5.8580213379785485e+25 0.0 -2.434036351061105e+25 -7.161019544501182e+25 0.0 -2.7655470069236643e+25 -8.14807218059773e+25 0.0 -2.936514293856792e+25 -8.667372194381623e+25 0.0 -2.8907403499671213e+25 -8.54947218849733e+25 0.0 -3.3335281939172726e+25 -9.877613747738016e+25 0.0 -8.74918376004974e+25 -2.5980648872732947e+26 0.0 -2.4823150952597216e+26 -1.2411575476299334e+27 0.0 -3.4643113289203424e+23 -6.937561045550226e+25 0.0 -2.41659890293575e+23 -3.255566695924025e+25 0.0 -2.7618642580124234e+23 -3.8637097213809097e+25 0.0 -3.453638725760255e+23 -5.069728508888396e+25 0.0 -3.971187983246909e+23 -6.224124543884611e+25 0.0 -4.151412620728009e+23 -7.106690797807917e+25 0.0 -3.946898911867449e+23 -7.579611068900122e+25 0.0 -3.388120996526209e+23 -7.489623066900613e+25 0.0 -3.385237492205439e+23 -8.661296041836258e+25 0.0 -7.409907719462107e+23 -2.2791880864335152e+26 0.0 0.0 -1.7154861185910646e+27 0.0 1.884685328407775e+25 -9.607640968976781e+25 0.0 1.1593551327942793e+25 -3.5414032220132484e+25 0.0 1.3838139467452514e+25 -4.223277497994535e+25 0.0 1.8269247355033339e+25 -5.569985243058458e+25 0.0 2.2545420739779485e+25 -6.865482696203115e+25 0.0 2.586098586526487e+25 -7.864064942942896e+25 0.0 2.7691910908073898e+25 -8.407498221524023e+25 0.0 2.7452235751059287e+25 -8.320959814078273e+25 0.0 3.181148268350716e+25 -9.628400571042717e+25 0.0 8.385502050168715e+25 -2.534388927730707e+26 0.0 2.423098452428729e+26 -1.2115492262146253e+27 0.0 1.8377310649273514e+25 -9.351807286505718e+25 0.0 1.1295395583017792e+25 -3.4441757667354686e+25 0.0 1.3538128621462742e+25 -4.124123555798911e+25 0.0 1.7954565572782518e+25 -5.4638339162980955e+25 0.0 2.223369318154809e+25 -6.758056408167479e+25 0.0 2.557143680035739e+25 -7.762236617102387e+25 0.0 2.743240259257728e+25 -8.315020847915817e+25 0.0 2.7223664187258512e+25 -8.239519225027157e+25 0.0 3.154833961364257e+25 -9.536416931165043e+25 0.0 8.314262598648762e+25 -2.5102491608781577e+26 0.0 2.398861944552954e+26 -1.199430972276729e+27 0.0 1.796127197462805e+25 -9.125034647377023e+25 0.0 1.103681083551355e+25 -3.359904766163996e+25 0.0 1.3273584527716071e+25 -4.0370211156562365e+25 0.0 1.767500184305961e+25 -5.37018200768461e+25 0.0 2.195513033708914e+25 -6.663058044592095e+25 0.0 2.531139809483265e+25 -7.6720593775535765e+25 0.0 2.719825682686405e+25 -8.232990394597965e+25 0.0 2.701674094700304e+25 -8.167142795643569e+25 0.0 3.1308012377226784e+25 -9.453914843803565e+25 0.0 8.249418028056194e+25 -2.4885681954119558e+26 0.0 2.3774642317364957e+26 -1.188732115868663e+27 0.0 1.7592907686476962e+25 -8.924178875001338e+25 0.0 1.0808807321893878e+25 -3.285676403015e+25 0.0 1.3040330500980599e+25 -3.960409107531433e+25 0.0 1.7426876114671555e+25 -5.287458840009505e+25 0.0 2.1706534744125794e+25 -6.578913358748427e+25 0.0 2.5078668496064276e+25 -7.592165935941206e+25 0.0 2.6987196075475796e+25 -8.15999884077264e+25 0.0 2.682952794052476e+25 -8.102590385012812e+25 0.0 3.1089063872196485e+25 -9.379790365633544e+25 0.0 8.190516361705541e+25 -2.469075814227017e+26 0.0 2.3584941332327316e+26 -1.1792470666164448e+27 0.0 1.7266906458249337e+25 -8.746374987722152e+25 0.0 1.0607732050912178e+25 -3.220255564211009e+25 0.0 1.283462716955376e+25 -3.892950693049719e+25 0.0 1.7206787848668725e+25 -5.214320946531038e+25 0.0 2.14849199298993e+25 -6.504298172978883e+25 0.0 2.487041361768753e+25 -7.5212068654301885e+25 0.0 2.6797195505767627e+25 -8.094923876381744e+25 0.0 2.6660361971870477e+25 -8.04489107372829e+25 0.0 3.0890088891713347e+25 -9.313135737999094e+25 0.0 8.13711461913123e+25 -2.4515410429131836e+26 0.0 2.3416231361326617e+26 -1.1708115680668164e+27 0.0 1.69784920378319e+25 -8.589038711949296e+25 0.0 1.043035997500236e+25 -3.162567384965621e+25 0.0 1.265316741598429e+25 -3.833497697832722e+25 0.0 1.7011648129695104e+25 -5.14961190550938e+25 0.0 2.128753186676067e+25 -6.4380833595491115e+25 0.0 2.4684033090162064e+25 -7.458047944396764e+25 0.0 2.6626401654170622e+25 -8.036842379911476e+25 0.0 2.650774139178275e+25 -7.993256247670445e+25 0.0 3.0709692626518094e+25 -9.253182232920078e+25 0.0 8.088784966771885e+25 -2.4357643426675235e+26 0.0 2.3265851909523086e+26 -1.1632925954767727e+27 0.0 1.6723410213618185e+25 -8.449859219476012e+25 0.0 1.0273865304094163e+25 -3.1116774945270464e+25 0.0 1.249305207721692e+25 -3.7810625930470432e+25 0.0 1.683868782609874e+25 -5.0923328611193906e+25 0.0 2.111186222242767e+25 -6.379297798701214e+25 0.0 2.4517427147076495e+25 -7.401805448646042e+25 0.0 2.647310338232432e+25 -7.984977283672285e+25 0.0 2.6370281266079693e+25 -7.947027205814531e+25 0.0 3.0546508709782413e+25 -9.199267192243039e+25 0.0 8.045120813141823e+25 -2.4215720185859086e+26 0.0 2.3131617368936436e+26 -1.1565808684474099e+27 0.0 1.6497898349495796e+25 -8.326784833244692e+25 0.0 1.0135784254398101e+25 -3.0667746594439564e+25 0.0 1.2351754730226458e+25 -3.734795301476995e+25 0.0 1.6685448577923166e+25 -5.041619397274206e+25 0.0 2.095565079170216e+25 -6.327101830792932e+25 0.0 2.4368679901227186e+25 -7.3517191384260135e+25 0.0 2.633572380014884e+25 -7.938663725504816e+25 0.0 2.6246697661533587e+25 -7.905642286863094e+25 0.0 3.0399216935454047e+25 -9.150811034764405e+25 0.0 8.005740454115608e+25 -2.4088117685147116e+26 0.0 2.3011706792026415e+26 -1.1505853396018725e+27 0.0 1.6298645926367293e+25 -8.218004188935498e+25 0.0 1.0013975634533767e+25 -3.027155307751382e+25 0.0 1.2227082341164403e+25 -3.693963580816341e+25 0.0 1.6549763310986705e+25 -4.9967225915354366e+25 0.0 2.0816878569416425e+25 -6.280767062264641e+25 0.0 2.4236057735796494e+25 -7.307130360205039e+25 0.0 2.621281871928285e+25 -7.89732654689957e+25 0.0 2.613580434275878e+25 -7.868615808283029e+25 0.0 3.0266563047110224e+25 -9.107302706015159e+25 0.0 7.970289775856871e+25 -2.397349427556268e+26 0.0 2.2904583368030974e+26 -1.1452291684019122e+27 0.0 1.6122751697253122e+25 -8.121925134159083e+25 0.0 9.90658262187351e+24 -2.992209752788423e+25 0.0 1.2117136045021455e+25 -3.657936316418467e+25 0.0 1.6429731480526973e+25 -4.9569931291460615e+25 0.0 2.0693754325634416e+25 -6.2396603460818815e+25 0.0 2.4118003789693394e+25 -7.267465921366232e+25 0.0 2.6103075430735437e+25 -7.860464684699655e+25 0.0 2.603651281308683e+25 -7.835523978473588e+25 0.0 3.0147374087999425e+25 -9.068289724197879e+25 0.0 7.93844350584976e+25 -2.3870664355094163e+26 0.0 2.2808935591758207e+26 -1.1404467795882532e+27 0.0 1.5967681002611814e+25 -8.03715310852961e+25 0.0 9.811997478151277e+24 -2.961410036622756e+25 0.0 1.2020274426362827e+25 -3.6261692894051486e+25 0.0 1.6323692609496902e+25 -4.921867841267586e+25 0.0 2.0584697530176127e+25 -6.203230708079598e+25 0.0 2.401312914443053e+25 -7.232225691246349e+25 0.0 2.6005309569965006e+25 -7.827639780580023e+25 0.0 2.594783179341941e+25 -7.805994946067424e+25 0.0 3.0040567326399925e+25 -9.033370648439333e+25 0.0 7.909905329048305e+25 -2.3778578198632012e+26 0.0 2.272363409590233e+26 -1.1361817047958726e+27 0.0 1.5831225342649752e+25 -7.962470189501997e+25 0.0 9.728829873997187e+24 -2.934299278353854e+25 0.0 1.1935080404995744e+25 -3.5981930760969815e+25 0.0 1.6230200328289026e+25 -4.890858252449156e+25 0.0 2.048831981514249e+25 -6.170998484087261e+25 0.0 2.3920201864422294e+25 -7.200972738635243e+25 0.0 2.5918459955684988e+25 -7.798467504582644e+25 0.0 2.58688652901894e+25 -7.779701471625e+25 0.0 2.9945154123449177e+25 -9.002189148274088e+25 0.0 7.884407233232974e+25 -2.369630565718528e+26 0.0 2.264769972112093e+26 -1.132384986056801e+27 0.0 1.5711465322980706e+25 -7.896815526410594e+25 0.0 9.655879066013655e+24 -2.9104824331836627e+25 0.0 1.1860332110429328e+25 -3.5736027935463725e+25 0.0 1.6147998157172086e+25 -4.863540831875948e+25 0.0 2.0403406463968556e+25 -6.142546195714345e+25 0.0 2.38381349949549e+25 -7.173325286093161e+25 0.0 2.5841581917076664e+25 -7.772610699240744e+25 0.0 2.5798809280198574e+25 -7.756355305133742e+25 0.0 2.9860240185435556e+25 -8.97442918655213e+25 0.0 7.86170837225529e+25 -2.362302280135047e+26 0.0 2.2580279622967343e+26 -1.1290139811492362e+27 0.0 1.5606737458494496e+25 -7.839267545721336e+25 0.0 9.592112242078309e+24 -2.889619069848978e+25 0.0 1.1794977691339017e+25 -3.5520494358541434e+25 0.0 1.607599765877476e+25 -4.839548710753624e+25 0.0 2.0328898896170357e+25 -6.117510853921623e+25 0.0 2.3765974444934235e+25 -7.148950047004176e+25 0.0 2.5773839828225587e+25 -7.749773826956234e+25 0.0 2.573694741807684e+25 -7.735702728187944e+25 0.0 2.978502341172594e+25 -8.949811007997165e+25 0.0 7.84159366410097e+25 -2.3558000840809276e+26 0.0 2.25206291327434e+26 -1.12603145663753e+27 0.0 1.5515604929388666e+25 -7.789028079108642e+25 0.0 9.536678573110931e+24 -2.871427020475205e+25 0.0 1.1738113790248236e+25 -3.5332325763806757e+25 0.0 1.6013259167362967e+25 -4.818564660531555e+25 0.0 2.0263878658084225e+25 -6.0955774516425075e+25 0.0 2.3702887358130888e+25 -7.127556648265901e+25 0.0 2.5714499392282135e+25 -7.729698378105532e+25 0.0 2.5682646165512676e+25 -7.717520914208701e+25 0.0 2.971879028417776e+25 -8.928087737855621e+25 0.0 7.823872280155419e+25 -2.3500596837575603e+26 0.0 2.246809776057919e+26 -1.1234048880296992e+27 0.0 1.5436832201558614e+25 -7.745408440996457e+25 0.0 9.488766880119353e+24 -2.8556390013649015e+25 0.0 1.1689008604689814e+25 -3.516906667529473e+25 0.0 1.595897506200927e+25 -4.80031515492433e+25 0.0 2.0207553147497238e+25 -6.076473459255343e+25 0.0 2.3648151339113783e+25 -7.10889292953717e+25 0.0 2.566292006230362e+25 -7.71215901172224e+25 0.0 2.563534969691429e+25 -7.701614889744628e+25 0.0 2.966091150581558e+25 -8.909042466659814e+25 0.0 7.808376134124612e+25 -2.34502458650576e+26 0.0 2.242211821511327e+26 -1.121105910756091e+27 0.0 1.5369363136528984e+25 -7.707817310600401e+25 0.0 9.447727680797655e+24 -2.8420389372010404e+25 0.0 1.1647037257301225e+25 -3.5028610629158505e+25 0.0 1.5912455438856445e+25 -4.784565360779813e+25 0.0 2.0159243137024125e+25 -6.059964175020752e+25 0.0 2.360114477331309e+25 -7.092740979168655e+25 0.0 2.5618547989171032e+25 -7.696960313707575e+25 0.0 2.5594574964447724e+25 -7.687814990946127e+25 0.0 2.9610837396700346e+25 -8.892485741242309e+25 0.0 7.794958441799588e+25 -2.3406454358081775e+26 0.0 2.2382197655929304e+26 -1.1191098827973804e+27 0.0 1.5312302416502395e+25 -7.675750353641039e+25 0.0 9.413011588947305e+24 -2.8304430146945275e+25 0.0 1.161155186502709e+25 -3.4908804846376324e+25 0.0 1.587311603604588e+25 -4.7711149313845165e+25 0.0 2.011837206654054e+25 -6.045848811736915e+25 0.0 2.3561338323877916e+25 -7.078913792676758e+25 0.0 2.5580909636539943e+25 -7.683934060025104e+25 0.0 2.555990708139382e+25 -7.675974713673439e+25 0.0 2.9568093303502876e+25 -8.878253380189777e+25 0.0 7.78349239630042e+25 -2.336879446465354e+26 0.0 2.234791063682806e+26 -1.117395531842593e+27 0.0 1.526489988796598e+25 -7.648781393871903e+25 0.0 9.384159053581665e+24 -2.820696243747906e+25 0.0 1.158208946593031e+25 -3.4808071931728063e+25 0.0 1.5840468169467517e+25 -4.759794513771597e+25 0.0 2.0084456985436168e+25 -6.033957224959995e+25 0.0 2.3528287605678984e+25 -7.067252466584046e+25 0.0 2.5549606144295167e+25 -7.672936907823394e+25 0.0 2.5530994960149613e+25 -7.665968838112776e+25 0.0 2.953227517185187e+25 -8.866204548397685e+25 0.0 7.773869988654695e+25 -2.3336899269083906e+26 0.0 2.2318893365729606e+26 -1.1159446682871167e+27 0.0 1.5226537568881193e+25 -7.6265550061238035e+25 0.0 9.360791958878825e+24 -2.8126696167977716e+25 0.0 1.1558269793455943e+25 -3.4725099212965964e+25 0.0 1.5814110320756957e+25 -4.750462838580073e+25 0.0 2.005710097522605e+25 -6.024147188991317e+25 0.0 2.3501626996972103e+25 -7.057623857088392e+25 0.0 2.5524308490111673e+25 -7.663848461777123e+25 0.0 2.550754756295662e+25 -7.65769186975577e+25 0.0 2.95030474870239e+25 -8.856220692725223e+25 0.0 7.766000993835844e+25 -2.3310458818575123e+26 0.0 2.229483902253547e+26 -1.1147419511270764e+27 0.0 1.5196719016598822e+25 -7.608780373020064e+25 0.0 9.342846915557847e+24 -2.8063299625371273e+25 0.0 1.1539788302541581e+25 -3.4658814976738253e+25 0.0 1.5793721341605397e+25 -4.74300433955575e+25 0.0 2.003598697604935e+25 -6.016302158742911e+25 0.0 2.348106455242453e+25 -7.0499186497655135e+25 0.0 2.5504753462925914e+25 -7.656569673649927e+25 0.0 2.5489330920453588e+25 -7.651056798058028e+25 0.0 2.948013836059898e+25 -8.848203714585494e+25 0.0 7.759812082451541e+25 -2.3289216720748032e+26 0.0 2.227549393416573e+26 -1.1137746967086929e+27 0.0 1.517506111897932e+25 -7.595226426946049e+25 0.0 9.329982818116795e+24 -2.8015616725311806e+25 0.0 1.1526410651156917e+25 -3.4608369146212105e+25 0.0 1.5779055104878461e+25 -4.737327231251063e+25 0.0 2.0020872914808474e+25 -6.010329462516324e+25 0.0 2.3466377966366915e+25 -7.044049796930233e+25 0.0 2.5490740438694876e+25 -7.651021541537523e+25 0.0 2.547616580127124e+25 -7.645994107557196e+25 0.0 2.946333729300595e+25 -8.842075000783938e+25 0.0 7.755246116735954e+25 -2.327296740932217e+26 0.0 2.226065449931641e+26 -1.1130327249663883e+27 0.0 1.5161287572324724e+25 -7.585717897505855e+25 0.0 9.321784889691595e+24 -2.7982277927597783e+25 0.0 1.1517968711430063e+25 -3.4573118519999886e+25 0.0 1.5769936526226835e+25 -4.733362016248669e+25 0.0 2.001158804752583e+25 -6.006158888817726e+25 0.0 2.345741153097471e+25 -7.0399512902449755e+25 0.0 2.5482128938273717e+25 -7.6471440838527115e+25 0.0 2.54679257566943e+25 -7.6424509405069935e+25 0.0 2.9452493335094853e+25 -8.83777461969294e+25 0.0 7.752261606577713e+25 -2.3261553981461065e+26 0.0 2.2250164770607337e+26 -1.1125082385307106e+27 0.0 1.5155224100590203e+25 -7.580132279332952e+25 0.0 9.318150770022125e+24 -2.796285764825768e+25 0.0 1.1514357650569218e+25 -3.4552615829752787e+25 0.0 1.576625872807075e+25 -4.731060372261299e+25 0.0 2.0008030388764427e+25 -6.003741629329335e+25 0.0 2.3454074021103632e+25 -7.037577239947312e+25 0.0 2.5478836936840325e+25 -7.644895567008142e+25 0.0 2.546453575084236e+25 -7.640390461197819e+25 0.0 2.9447513710195475e+25 -8.83526068394944e+25 0.0 7.750832319889382e+25 -2.3254866557721677e+26 0.0 2.224391462872757e+26 -1.1121957314370556e+27 0.0 -6.280256496683055e+21 -1.0609756941819711e+26 0.0 1.0647335004847747e+25 -3.1950383112652903e+25 0.0 1.3157213113096773e+25 -3.948115138841925e+25 0.0 1.801633949426916e+25 -5.406080791740018e+25 0.0 2.2864016555573245e+25 -6.86053318162375e+25 0.0 2.6802419098784644e+25 -8.042076370139199e+25 0.0 2.911652985236612e+25 -8.736199367001105e+25 0.0 2.9100301869876387e+25 -8.731116883524648e+25 0.0 3.3651689066584494e+25 -1.0096509944658795e+26 0.0 8.857381570757796e+25 -2.6574506864387565e+26 0.0 3.892321738485528e+26 -1.1676965215472082e+27 0.0
    </DataArray>
    <DataArray type="Float32" Name="Ion soret flux Density [Am^-2]" NumberOfComponents="3" format="ascii">
141097.62941449153 -25768377.914725114 0.0 -3291321.795901909 -10331038.60760115 0.0 -2686037.424916012 -8671846.112768795 0.0 -1912008.9417335181 -6467799.447221456 0.0 -1070912.8094949902 -4007468.0617836583 0.0 -277323.22343954194 -1630213.3969025225 0.0 372178.79480438837 370953.89139368996 0.0 800322.9362247161 1757957.4940333287 0.0 950348.0297171288 2350849.687550048 0.0 1272205.27852877 3297409.7568627573 0.0 7111079.26353691 19826372.69123262 0.0 -3501833.297618475 -18057805.467654165 0.0 -2786374.8136568638 -8797714.19323672 0.0 -2244842.3440607586 -7319943.401212999 0.0 -1574751.0792980234 -5419713.201197207 0.0 -860002.9880841394 -3335039.9576014685 0.0 -190171.90618582338 -1329005.169168731 0.0 354049.1630629411 353877.01210170274 0.0 707708.2655060733 1512728.5170329127 0.0 827969.9720134453 2007495.7502713022 0.0 1129526.4850286038 2880356.242967096 0.0 4363864.9417681275 18840655.825746547 0.0 -3242137.098926816 -17247094.766220618 0.0 -2480264.453651176 -8251643.106845357 0.0 -1905579.967777867 -6790348.519138558 0.0 -1236827.5523575833 -4981992.702619039 0.0 -548854.1949360913 -3025683.6450570836 0.0 76288.79104905354 -1154903.6672123924 0.0 563220.2409700867 401447.17724354425 0.0 854252.095093236 1456380.8573539243 0.0 924415.0511049713 1905307.0387645953 0.0 1275206.689484473 2851956.798208936 0.0 4930211.959644645 18825039.33079561 0.0 -2916020.0471204272 -16000161.90324462 0.0 -2153077.528791335 -7549934.689429641 0.0 -1571254.3315245584 -6144078.9878429985 0.0 -925408.0293677371 -4461466.147428047 0.0 -282949.5447520428 -2671921.526424737 0.0 283575.5835509523 -978209.2632721739 0.0 709746.4454936085 423823.15189796296 0.0 945047.5497994225 1368795.9929544085 0.0 975147.3426880226 1769536.3839993728 0.0 1384835.2728629687 2782510.0868420773 0.0 5419657.1132042175 18663280.131339908 0.0 -2546858.8747152477 -14407342.408680826 0.0 -1821853.067010103 -6732036.9086998515 0.0 -1260053.145753829 -5426698.214029627 0.0 -658501.7341397408 -3907339.6129564154 0.0 -75415.14919802846 -2312233.5051650917 0.0 426238.171453174 -812702.7738762017 0.0 790724.4316932865 422317.9166328524 0.0 974743.0930527621 1248214.4681321303 0.0 977288.9473618619 1601737.6667514455 0.0 1462556.522800853 2690625.092860441 0.0 5819484.309561733 18368941.356067188 0.0 -2157770.34271456 -12575166.53319847 0.0 -1499036.0356255397 -5833661.628205827 0.0 -980666.579738397 -4667109.45265396 0.0 -440418.82895164046 -3338806.216695513 0.0 73180.54887519988 -1957417.6836862073 0.0 506896.7941269125 -662896.9018421083 0.0 812978.9657104156 401465.84928954643 0.0 954221.5080291731 1110214.1029918932 0.0 941816.3473633358 1421459.7533053493 0.0 1513298.794117114 2588200.9490024056 0.0 6123380.23106656 17959896.176507168 0.0 -1771131.9816134586 -10622996.410959791 0.0 -1197876.2792260686 -4904058.649036536 0.0 -739747.1238050888 -3900268.4964269022 0.0 -272062.1145140684 -2777504.4874583175 0.0 166418.71276797846 -1617678.5183941072 0.0 532021.1527910738 -530546.669805325 0.0 784250.0845541195 364859.12846089096 0.0 891004.3569079821 960681.3171406334 0.0 875422.27290418 1235445.8447484525 0.0 1549614.1188121322 2495216.9603001885 0.0 6330104.357287627 17455064.059716664 0.0 -1406609.563802256 -8670816.956052415 0.0 -929193.9262372126 -3994459.412033652 0.0 -541686.3612919814 -3167193.205217692 0.0 -150883.8626429205 -2246581.533727275 0.0 211571.3117626667 -1303373.436130021 0.0 511689.9674090312 -416818.7998299417 0.0 715512.978511472 317104.2296916127 0.0 795502.4023158009 806911.710742257 0.0 786651.4646981426 1051156.5012366625 0.0 1560702.9640089113 2391655.1716145137 0.0 6443013.463926704 16877261.658545375 0.0 -1079639.5335984512 -6827722.552137561 0.0 -699198.9530873379 -3147391.003980964 0.0 -385510.69154461706 -2495875.5068637794 0.0 -71006.99149007777 -1769410.503609809 0.0 219035.77962986002 -1023724.9057592207 0.0 458575.64848071145 -321894.4826977904 0.0 619912.4842361816 263408.4957458124 0.0 679875.288215205 656632.426475097 0.0 685399.576905675 876474.2301316528 0.0 1551298.4151575589 2283983.651047862 0.0 6468168.716054468 16247397.522545407 0.0 -800107.7750311282 -5179394.365354288 0.0 -510003.1162136243 -2394863.802315412 0.0 -266926.9167518684 -1903844.1283245888 0.0 -23741.043206596438 -1355154.4084428563 0.0 201055.01428497877 -785896.4596647375 0.0 386630.4850772296 -245100.7451592432 0.0 511539.3035041447 209097.9716088611 0.0 557311.8204170598 517671.29469062807 0.0 582644.9275900078 719757.0010627307 0.0 1528139.3754393342 2180289.8619776974 0.0 6414163.470744821 15584955.659081016 0.0 -571903.1861267813 -3779350.651523187 0.0 -360909.2616677379 -1759719.786820793 0.0 -181356.9275379052 -1410946.2605647137 0.0 -88.13960657299806 -1011878.3074063713 0.0 168826.03303916357 -590502.115038286 0.0 309452.1863116809 -185194.0328623919 0.0 404659.45310135075 159310.34974778892 0.0 441969.8165843368 398294.2154828468 0.0 496145.1263236965 597155.6101808889 0.0 1491482.9997246866 2078646.2573924812 0.0 6291862.604098515 14909190.091822155 0.0 -393416.13906644954 -2645989.2095447634 0.0 -249390.04355409415 -1255962.9244460908 0.0 -122698.87794271896 -1023422.4869303827 0.0 8267.388815825094 -743880.3410107458 0.0 132918.6925622367 -440012.0768057576 0.0 238598.38613438033 -140742.60758858453 0.0 313306.22541363275 118768.24202299597 0.0 352422.9349066924 310588.18343841773 0.0 436103.73154073855 515498.2449752108 0.0 1445182.9657622816 1982027.0303093875 0.0 6113237.268445866 14236429.19716261 0.0 -256629.20375023386 -1750837.3850154867 0.0 -164102.40691174785 -848417.889592388 0.0 -83590.79794536841 -728966.3116924526 0.0 8116.072574130376 -556836.9341802214 0.0 101702.67166274892 -336157.5756469739 0.0 185377.7937786513 -112294.79987484876 0.0 248525.76433070147 90650.22476212309 0.0 292987.09242920385 254443.5643016905 0.0 390339.28347456624 456603.0368090582 0.0 1386917.1632576874 1884913.4044114265 0.0 5890859.410103372 13581951.388135873 0.0 -150834.453977523 -1030559.645925431 0.0 -89178.01913182727 -458567.8986788932 0.0 -50246.42753786809 -423445.53604353714 0.0 2186.1221530210264 -368439.0303107191 0.0 71553.64921455846 -253482.28735818592 0.0 137570.8494181834 -89464.99668211362 0.0 199259.48075833608 69956.11237813048 0.0 250296.78274987926 215878.94753133378 0.0 349087.6470430159 407096.13662824355 0.0 1315616.2086504598 1783774.8127676817 0.0 5636582.882190137 12957913.282023778 0.0 -99516.17381563394 -672734.0646748809 0.0 -54413.180693802635 -270285.43895401224 0.0 -33062.114027088835 -256059.47017358206 0.0 -1952.252006983036 -230149.15191702716 0.0 42865.75199000184 -167681.4825107798 0.0 94028.75155215446 -66681.4083998658 0.0 148329.61366444675 50444.12822890926 0.0 201552.03049246295 174561.5511701787 0.0 303619.979111402 355643.6604378843 0.0 1234663.444762998 1680971.5578074693 0.0 5360347.016207324 12370645.323318012 0.0 -76120.95171018862 -505428.0405387699 0.0 -39362.14803399774 -186476.9235902799 0.0 -24935.263862280164 -173496.30969661576 0.0 -4790.7319482525445 -158150.76415578058 0.0 26128.812203248708 -120760.29523046744 0.0 66529.37185661706 -52882.41656168976 0.0 112952.8006458291 37570.904131540105 0.0 161220.613037058 141088.26197634867 0.0 254752.46615046196 302286.69423630316 0.0 1112088.5728694552 1533409.655121237 0.0 5084419.28403704 11900143.742009392 0.0 -65028.167649753785 -423127.7672890389 0.0 -33262.890890556824 -150379.38488234594 0.0 -21918.10718274758 -137568.733975039 0.0 -6805.841763724177 -125669.43698823746 0.0 16721.14995457842 -96338.7068736389 0.0 49152.628586993575 -44394.582743291016 0.0 88677.0635035206 29195.78737398624 0.0 132982.5518853195 118965.20262492605 0.0 226577.92068026337 274442.7379049202 0.0 1038499.2384116385 1454940.815068618 0.0 4788263.780071031 11397424.281774592 0.0 -58959.1318430484 -376106.6924872026 0.0 -30284.700523077132 -131406.0851073502 0.0 -20977.116284406224 -120466.40089948483 0.0 -8678.129328722842 -111924.14358227045 0.0 11289.533333441881 -85987.70854214384 0.0 38765.327746654984 -40046.95494293456 0.0 72923.36927383882 24098.075155831524 0.0 112972.18722304913 104133.89087699457 0.0 203115.35033242602 252605.26097101343 0.0 972026.3005248117 1392971.3571636877 0.0 4500194.276891733 10948371.642349856 0.0 -54981.39853120554 -344267.0741729786 0.0 -28379.980546750056 -118878.99588264148 0.0 -20584.602525692113 -109752.74282213714 0.0 -10237.666137120796 -103153.31316651929 0.0 7325.835666502444 -79929.66404373839 0.0 31909.39581198715 -37815.022194094294 0.0 62572.89424546296 21044.70712711387 0.0 98964.81536740932 94586.5502726535 0.0 184232.44955524438 236319.8891971728 0.0 910103.0231989946 1339127.4646124176 0.0 4226308.413168963 10550086.737353832 0.0 -52025.309582478054 -320168.6821524052 0.0 -26960.580465207502 -109532.29551401423 0.0 -20301.96511132701 -101712.99925819336 0.0 -11486.714253804359 -96530.46802234309 0.0 4171.061725728182 -75389.45145234687 0.0 26581.132255549637 -36215.61825910831 0.0 54838.47718885687 18999.62349375903 0.0 88568.05687509944 88181.72999006433 0.0 168876.83949078657 224172.02926510107 0.0 852478.822470774 1291529.0042386763 0.0 3970055.780850742 10198338.419919241 0.0 -49628.94746942125 -300546.57476186764 0.0 -25814.3378663389 -102081.2712551611 0.0 -20059.19342793283 -95309.50252501982 0.0 -12492.590008639932 -91260.87097259749 0.0 1599.2517367571716 -71807.52101060037 0.0 22235.612444513277 -34938.62187477333 0.0 48586.01259856214 17507.606083739814 0.0 80309.2528259942 83560.7351660524 0.0 155947.52178252957 214700.2510442084 0.0 799232.1045991239 1249165.2165835327 0.0 3733145.3883979614 9888278.565435058 0.0 -47599.8197798696 -283971.38407620863 0.0 -24851.29576532329 -95922.48020986465 0.0 -19839.982923526004 -90039.50239244827 0.0 -13311.905698615685 -86918.52571008814 0.0 -538.22429189344 -68858.59049308677 0.0 18600.209117469203 -33871.06718680417 0.0 43353.94642991488 16362.205732135633 0.0 73392.58033960417 79959.80986355235 0.0 144750.12974977717 206956.2769675719 0.0 750379.0547322732 1211317.8589022849 0.0 3516024.1377908355 9614974.65722701 0.0 -45841.97869301873 -269690.4821383308 0.0 -24026.0381821498 -90725.59435653356 0.0 -19641.522768702744 -85616.18142964628 0.0 -13989.645664900652 -83263.3248956637 0.0 -2342.2217191993223 -66379.37960390034 0.0 15508.352420565881 -32963.05511384693 0.0 38886.35506021837 15446.03193835332 0.0 67448.93100217501 77021.10716438068 0.0 134896.08975678575 200403.85840257676 0.0 705816.6884588624 1177415.642278239 0.0 3318264.0079692416 9373758.567791576 0.0 -44302.35809666322 -257258.92538782905 0.0 -23311.997660112775 -86286.17596949641 0.0 -19463.813945265007 -81856.36977728484 0.0 -14560.224222131823 -80148.80155354942 0.0 -3884.975769859319 -64268.788420983365 0.0 12845.92933386753 -32185.340755043846 0.0 35019.98693279012 14687.597929296291 0.0 62271.24178556556 74552.47468786995 0.0 126153.75741539407 194737.67739114215 0.0 665353.2263568154 1147002.0920735148 0.0 3138882.9303292115 9160411.410323864 0.0 -42948.23780003139 -246383.68661238917 0.0 -22691.437041215355 -82464.60632667568 0.0 -19306.819028806705 -78633.05025734402 0.0 -15048.396145313947 -77472.21295839504 0.0 -5219.158733136758 -62456.20509082086 0.0 10530.466036437083 -31516.815175812688 0.0 31641.348202939622 14042.000611787968 0.0 57721.118854468164 72436.00688650826 0.0 118364.3556418242 189770.426620383 0.0 628730.9208045962 1119693.73644446 0.0 2976591.0242599235 8971231.84189223 0.0 4678.695584939538 -167222.062625193 0.0 4235.153278291828 -71774.26555545043 0.0 6114.458949894334 -69462.58238482832 0.0 9580.621869346685 -70000.1997055858 0.0 13912.719891029943 -58761.57572834795 0.0 18814.15626490999 -33774.364524031116 0.0 24173.56484738836 3924.79830007332 0.0 30169.32924069967 52701.28351901997 0.0 49612.9559505645 148241.79986295608 0.0 230600.57209154824 896605.0076770674 0.0 1336698.4553360809 11789565.915144134 0.0 51410.22081247848 -232100.56763590008 0.0 30115.43137197855 -79098.05735714162 0.0 31267.993995007626 -77514.99219607045 0.0 35055.162766845555 -79550.09165583565 0.0 35386.09912647935 -68854.64539692948 0.0 31219.345113741758 -43086.66929856949 0.0 22803.581369808846 -3294.7629695046935 0.0 10924.221416805543 48639.325997520544 0.0 -4631.606185253402 147952.6809952665 0.0 -97561.33107044829 917009.9956370771 0.0 -625539.3684912756 7962421.956259849 0.0 49315.79131949098 -224367.56995649837 0.0 28762.941844555728 -76304.84718101138 0.0 29822.383434962332 -74970.80105761476 0.0 33327.499771905335 -77110.25868447953 0.0 33362.10276744786 -66691.14120299742 0.0 28910.309619147774 -41357.68975826304 0.0 20207.33331146952 -2091.9396464739107 0.0 8014.378946586247 49242.44711203251 0.0 -8996.116448200282 147776.11253679145 0.0 -116324.67422327983 912383.9418681349 0.0 -704767.5284681031 7894712.256774885 0.0 47472.178293525474 -217561.10046314573 0.0 27590.757208525454 -73890.94942565256 0.0 28557.523306801446 -72748.97673955178 0.0 31807.980682747013 -74971.12024297417 0.0 31573.8329793002 -64788.23179684195 0.0 26860.345713897066 -39830.58185129234 0.0 17890.811860790684 -1021.9473711841423 0.0 5405.6075269358325 49787.85893282631 0.0 -12923.098159262556 147626.45257072322 0.0 -133282.03149929582 908253.8076564557 0.0 -776814.4646032403 7834773.4526549755 0.0 45847.06632342282 -211565.6546740045 0.0 26562.31069828112 -71775.12712489942 0.0 27446.735070603587 -70803.05072481815 0.0 30466.40032566039 -73089.95338937931 0.0 29987.62195533841 -63109.06382021578 0.0 25034.123853098423 -38478.21536447515 0.0 15817.372237274129 -67.95197634329878 0.0 3061.2746678396434 50280.39351585251 0.0 -16461.40445814095 147497.87702290434 0.0 -148617.12559736462 904563.1925851213 0.0 -842330.618494564 7781562.840503157 0.0 44412.630822054125 -206280.98594870887 0.0 25657.71320200909 -69917.21355248777 0.0 26468.098671151693 -69094.57716422813 0.0 29277.96738451939 -71431.46858845487 0.0 28575.824981175778 -61623.28132272561 0.0 23401.584060354864 -37276.866747463566 0.0 13956.147822728077 784.6298439429487 0.0 949.6593794676402 50725.48686224234 0.0 -19655.00639651916 147387.43473543003 0.0 -162501.35202296727 901267.4184215808 0.0 -901942.6192712242 7734236.623594746 0.0 43144.86178860743 -201619.98770762736 0.0 24860.254685789772 -68283.26811288916 0.0 25603.422349562454 -67591.48455490834 0.0 28222.10043534526 -69966.24169311584 0.0 27315.467094633925 -60305.62534248147 0.0 21937.631530902196 -36206.714194397195 0.0 12280.929179838908 1548.3724589614674 0.0 -956.7611939428376 51128.547004903434 0.0 -22543.113906652496 147293.71806293176 0.0 -175091.5574511781 898330.0939530758 0.0 -956239.0962347937 7692103.95936833 0.0 42023.0232596211 -197506.99915594052 0.0 24155.81528677706 -66844.47901964435 0.0 24837.482994377413 -66266.84341222857 0.0 27281.54616219021 -68669.55065478674 0.0 26187.25117206858 -59134.8973419345 0.0 20621.337798908957 -35251.47337334775 0.0 10769.294902792277 2234.09966148821 0.0 -2681.932676576412 51494.64608501959 0.0 -25160.520702855847 147216.14305028756 0.0 -186529.6669913523 895720.945580624 0.0 -1005764.4201717498 7654592.525044493 0.0 41029.19929612623 -193876.35875167826 0.0 23532.40933466779 -65576.30555661752 0.0 24157.45175583524 -65097.91995681648 0.0 26441.71919386384 -67520.49095529826 0.0 25174.81674814972 -58093.17484668986 0.0 19434.850123301832 -34397.32843394111 0.0 9401.926601419907 2851.13442326518 0.0 -4246.762793792726 51828.39441935137 0.0 -27538.04517914804 147154.52721269696 0.0 -196943.31963183606 893414.3219711982 0.0 -1051017.351282897 7621222.915910503 0.0 40147.904060906236 -190671.13455480794 0.0 22979.82331661808 -64457.7894405783 0.0 23552.450810449616 -64065.43514298128 0.0 25690.19827536291 -66501.29008132871 0.0 24264.1766863977 -57165.20775653115 0.0 18362.811264854503 -33632.48342753048 0.0 8162.0632023070175 3407.526410055797 0.0 -5669.585544717846 52133.916112929386 0.0 -29703.00004630138 147108.88142716276 0.0 -206447.02899696174 891388.2634855716 0.0 -1092452.5578437736 7591589.673420011 0.0 39365.74466704509 -187842.0025349637 0.0 22489.323754385274 -63470.99290876076 0.0 23013.205883424587 -63152.97629426493 0.0 25016.3354478262 -65596.76841701323 0.0 23443.282584399283 -56337.94741773234 0.0 17391.908307651283 -32946.80785898171 0.0 7035.063517094852 3910.2513542467364 0.0 -6966.556831146566 52414.8759994074 0.0 -31679.64744930723 147079.3170395287 0.0 -215143.54853300986 889623.8888488117 0.0 -1130483.679242126 7565347.217746507 0.0 38671.129838530425 -185346.25866777028 0.0 22053.419150998703 -62600.536119894 0.0 22531.77046442682 -62346.52517756776 0.0 24410.948637275513 -64793.910395474966 0.0 22701.684886248437 -55600.17514174408 0.0 16510.517694592756 -32331.554775254503 0.0 6008.053434455699 4365.381429605195 0.0 -8151.989040652507 52674.5287970854 0.0 -33489.616635284074 147066.0100131598 0.0 -223125.2621120184 888104.9799917083 0.0 -1165487.1008787751 7542199.374976178 0.0 38054.019046069276 -183146.9546115198 0.0 21665.664545398 -61833.213841463825 0.0 22101.304710338227 -61634.07650421391 0.0 23866.076906507387 -64081.52017466367 0.0 22030.263682317964 -54942.206326783686 0.0 15708.422820332404 -31779.135191030087 0.0 5069.639605569645 4778.228555039876 0.0 -9238.63273853357 52915.7753498759 0.0 -35152.27593917116 147069.19527070038 0.0 -230475.50654367058 886817.6953773648 0.0 -1197805.9403639187 7521891.526795821 0.0 37505.707408673945 -181212.1470236194 0.0 21320.500402531503 -61157.67714226553 0.0 21715.89674333356 -61005.3277641061 0.0 23374.783515181367 -63449.94304638352 0.0 21421.012966738108 -54355.652757217766 0.0 14976.586874625535 -31282.93648565155 0.0 4209.675480268169 5153.463811471738 0.0 -10237.913538596642 53141.218035985185 0.0 -36685.05844876105 147089.17601579582 0.0 -237269.7832588844 885750.3677748884 0.0 -1227753.9612731412 7504204.673212823 0.0 37018.64200390061 -179514.2500983158 0.0 21013.124703344165 -60564.18405122675 0.0 21370.417196302104 -60451.42588370294 0.0 22930.995978187977 -62890.83867025547 0.0 20866.865864825388 -53833.230281758275 0.0 14306.968170903281 -30837.175350537847 0.0 3419.068638708876 5495.2165257669785 0.0 -11160.13162996617 53353.21175347902 0.0 -38103.74459116136 147126.3395463486 0.0 -243576.84580425025 884893.358874418 0.0 -1255619.2679424817 7488950.896730434 0.0 36586.265549449905 -178029.4806400452 0.0 20739.457807704715 -60044.59775945882 0.0 21060.400097130016 -59964.75955740124 0.0 22529.375068807472 -62396.9955359593 0.0 20361.55157653103 -53368.60216476741 0.0 13692.368388241412 -30436.777962911 0.0 2689.6207341868785 5807.1564256309775 0.0 -12014.630547015293 53553.90911994108 0.0 -39422.706591515656 147181.17511558262 0.0 -249459.6658173982 884238.9537021895 0.0 -1281667.7188750599 7475969.862565721 0.0 36202.88375474592 -176737.38513220122 0.0 20495.77830994439 -59591.41646971293 0.0 20782.01825909962 -59538.99908952951 0.0 22165.206686888694 -61962.178520743844 0.0 19899.477112915 -52956.25073810737 0.0 13126.306499976925 -30077.281712222884 0.0 2013.8932419099501 6092.561898113157 0.0 -12809.94082067961 53745.299780767804 0.0 -40655.120241565884 147254.29179583822 0.0 -254976.2881042987 883781.2844942807 0.0 -1306146.045731972 7465126.095337665 0.0 35863.55304509682 -175620.43892610702 0.0 20278.94662568308 -59198.48513164475 0.0 20531.912087567922 -59168.70268165425 0.0 21834.311932661134 -61581.003225589906 0.0 19475.628584045502 -52591.37172296441 0.0 12602.91290852988 -29754.75413542549 0.0 1385.0936867335129 6354.376975448507 0.0 -13553.903297030422 53929.24456308839 0.0 -41813.14924146073 147346.43564488174 0.0 -260180.58866932732 883516.2778165172 0.0 -1329284.6920976555 7456306.848621845 0.0 35563.98573133264 -174663.70843113103 0.0 20086.232598407332 -58860.55729224308 0.0 20306.917927432845 -58848.60725842673 0.0 21532.971775217866 -61248.832193482405 0.0 19085.488018960194 -52269.78686960368 0.0 12116.839557121708 -29465.725639615983 0.0 796.978138910347 6595.259210598503 0.0 -14253.776038141374 54107.50516505061 0.0 -42908.10675852167 147458.50571294644 0.0 -265122.9501772127 883441.6212536566 0.0 -1351300.4001504404 7449420.437864899 0.0 35300.47013049474 -173854.56832632635 0.0 19915.262351287012 -58573.19061371645 0.0 20104.39933164244 -58574.64512581026 0.0 21257.863573830327 -60961.68915228022 0.0 18724.96265013121 -51987.87152468145 0.0 11663.182765912528 -29207.133358828643 0.0 243.766667842877 6817.620206802719 0.0 -14916.327917022723 54281.7697860822 0.0 -43950.598230175296 147591.5687612076 0.0 -269850.86876646604 883556.7479731777 0.0 -1372398.5789984239 7444394.945441712 0.0 35069.80346617869 -173182.46668765682 0.0 19763.973900323937 -58332.6608277688 0.0 19922.03219768808 -58343.38832843081 0.0 21006.00727605672 -60716.18830474878 0.0 18390.32427185893 -51742.49458613908 0.0 11237.416253158492 -28976.27414018927 0.0 -279.9308763075027 7023.660210487191 0.0 -15547.921693611854 54453.6760613307 0.0 -44950.65216968445 147746.88368507088 0.0 -274409.50520979235 883862.8394832314 0.0 -1392775.4897824742 7441177.233681357 0.0 34869.23572610424 -172638.7320894089 0.0 19631.085081585497 -58137.38692771436 0.0 19757.765166172045 -58151.98501269816 0.0 20774.719473403376 -60509.47625309535 0.0 18078.15670048116 -51530.9687685065 0.0 10835.33228121708 -28770.765038451278 0.0 -779.1808879204269 7215.397919914706 0.0 -16154.588844086169 54624.832216850926 0.0 -45917.834194514515 147925.90948127923 0.0 -278842.19009574567 884362.8411556274 0.0 -1412620.2816869793 7439732.221066535 0.0 34696.42290032927 -172216.4175559927 0.0 19514.823145021175 -57984.216363109925 0.0 19609.786169966817 -57998.10807235257 0.0 20561.5738710046 -60339.184718047865 0.0 17785.309768826657 -51351.00957882815 0.0 10452.989274861564 -28588.51004600631 0.0 -1258.7855716266718 7394.69644211902 0.0 -16742.097903749705 54796.83678058536 0.0 -46861.35474522906 148130.3244455458 0.0 -283190.8944706685 885061.4958115414 0.0 -1432116.9109134513 7440042.39077584 0.0 34549.38840583487 -171910.17763130454 0.0 19413.348688559192 -57869.68451710024 0.0 19476.494092060835 -57879.91437842241 0.0 20364.36701254518 -60203.39247141628 0.0 17508.858602684923 -51200.70168305936 0.0 10086.664583666428 -28427.672034440722 0.0 -1723.3374634589034 7563.286154682282 0.0 -17316.017654247615 54971.29676939516 0.0 -47790.16957518156 148362.0458511419 0.0 -287496.6742057572 885965.3942648736 0.0 -1451445.9722811165 7442107.510867395 0.0 34426.49169338732 -171716.17524677722 0.0 19325.546941647648 -57792.397185723574 0.0 19356.474886775948 -57796.013401997196 0.0 20181.088468834598 -60100.59543343421 0.0 17246.06723037836 -51078.471741820664 0.0 9732.81132408105 -28286.649155831958 0.0 -2177.270077755776 7722.785057374412 0.0 -17881.776551896168 55149.845237699155 0.0 -48713.07496747178 148623.25072406794 0.0 -291800.09572029737 887083.0430639606 0.0 -1470786.4709664257 7445944.552837531 0.0 103.81970137177254 -240284.821991925 0.0 22066.187185781542 -66014.76765938087 0.0 22095.674211912617 -66014.27540739585 0.0 23026.167017810258 -68636.89649514007 0.0 19657.176171271163 -58313.373400319535 0.0 11054.029713394593 -32252.464750305066 0.0 -2575.546132717799 8914.807447970656 0.0 -20543.61297683202 63131.825114436775 0.0 -55844.98614078969 170013.1557953018 0.0 -334284.93562936067 1014510.2676381496 0.0 -2590843.3435015692 7818429.7290656 0.0
    </DataArray>
    <DataArray type="Float32" Name="Power density [Wm^-3]" NumberOfComponents="1" format="ascii">
1.240664067170421e+17 1.5182368662498077e+17 1.4374716046623598e+17 1.3456131234423578e+17 1.242701511804007e+17 1.1268087516409718e+17 9.941637928521062e+16 8.376836358178771e+16 6.447734290164241e+16 4.259010849467592e+16 2.369944898544268e+16 9.248677563935944e+16 1.1994299248929362e+17 1.1331251809894805e+17 1.0584503834124286e+17 9.753520349473216e+16 8.82102636967065e+16 7.753884698652763e+16 6.490878902658051e+16 4.925472266092193e+16 3.196104328780949e+16 1.7530562702608358e+16 9.12696383917566e+16 1.1807133576721688e+17 1.1131042978826093e+17 1.0382601484366667e+17 9.558522845938525e+16 8.639850793071355e+16 7.591945198762722e+16 6.352253775650455e+16 4.813797525390253e+16 3.1167728115063492e+16 1.7038388949681546e+16 8.952430857369078e+16 1.1556625254176986e+17 1.0870785315028651e+17 1.0123971278972774e+17 9.310461685941869e+16 8.409586507271712e+16 7.384990000354438e+16 6.172521530461001e+16 4.6655029197717016e+16 3.007461055134853e+16 1.6360404602429704e+16 8.740572961836158e+16 1.1261230232083014e+17 1.0568906309178235e+17 9.826935202382976e+16 9.026600502303371e+16 8.145359272057155e+16 7.14542742664978e+16 5.961883354348378e+16 4.489690839432365e+16 2.8764096971872516e+16 1.5553700073154958e+16 8.499404169450723e+16 1.0930515822761203e+17 1.0234998869059218e+17 9.500908616168126e+16 8.716116225593282e+16 7.856257961382629e+16 6.882399780338068e+16 5.729375649349299e+16 4.294795287274172e+16 2.7309599641672292e+16 1.466790485084474e+16 8.233458677933166e+16 1.057024496014398e+17 9.875166718985093e+16 9.15218027697333e+16 8.38548315634595e+16 7.549005114080451e+16 6.602904412878214e+16 5.4821812095409176e+16 4.087783328888663e+16 2.5773570097532292e+16 1.3741198963395068e+16 7.945999766612742e+16 1.0185328556947672e+17 9.494916548404754e+16 8.786572042545221e+16 8.040879591534181e+16 7.23004486915029e+16 6.313543986462298e+16 5.2268893424704824e+16 3.874946480504588e+16 2.4204033709193252e+16 1.2800457763526952e+16 7.64053113884313e+16 9.780734785753746e+16 9.0995689708014e+16 8.410047031611174e+16 7.68884482660764e+16 6.906286385952698e+16 6.021294958719815e+16 4.970296781195258e+16 3.6626093844265256e+16 2.265046680970847e+16 1.1876228725782156e+16 7.320571289373435e+16 9.360752601134222e+16 8.693531520109506e+16 8.028201186770531e+16 7.33613457198583e+16 6.585051373057194e+16 5.733527969261969e+16 4.71942457994325e+16 3.4570401465786924e+16 2.116216566933015e+16 1.0996778758659558e+16 6.988396382308526e+16 8.926674596545514e+16 8.27875305084332e+16 7.645887575646533e+16 6.98945478019623e+16 6.2738162838460104e+16 5.457651619392977e+16 4.481080665825755e+16 3.2641921112004476e+16 1.978068928601915e+16 1.0183588519737904e+16 6.640343553602336e+16 8.462937402522862e+16 7.85032211594575e+16 7.266562490254245e+16 6.6555271704270504e+16 5.979780364264438e+16 5.200381520661695e+16 4.2612578387609544e+16 3.0887641239740244e+16 1.8532983225962944e+16 9448499059322354.0 6.223577571096138e+16 7.892461610118565e+16 7.397450974178774e+16 6.895222515330569e+16 6.3409775675559144e+16 5.7083790614180696e+16 4.965499672005155e+16 4.062665985293959e+16 2.9321555399181264e+16 1.742229710534308e+16 8790099622652490.0 5.530753802741058e+16 7.250502352665074e+16 6.956923110791825e+16 6.551661595405178e+16 6.0546961150921384e+16 5.4620858723901384e+16 4.75292116007216e+16 3.8843518112400536e+16 2.7933559507746796e+16 1.6441119138262962e+16 8198606190960117.0 5.174070280681832e+16 6.871395959208467e+16 6.6402960869117864e+16 6.278802967287596e+16 5.8133962321950216e+16 5.2467903627067016e+16 4.562905998148692e+16 3.7236700320515976e+16 2.670090565935837e+16 1.5567750934605966e+16 7644007119728030.0 5.070920266373768e+16 6.7188670349209544e+16 6.4565708032347224e+16 6.089503766963839e+16 5.628354986965263e+16 5.070239409641629e+16 4.39807965957784e+16 3.575031785371662e+16 2.5461272581600916e+16 1.4659344571177778e+16 7145354397567448.0 5.095898047946423e+16 6.6931701256131656e+16 6.3676334158352616e+16 5.971008669689184e+16 5.498194156146233e+16 4.938421596883257e+16 4.2719678328042776e+16 3.4624352076611564e+16 2.4586201203264172e+16 1.4065526369204502e+16 6793662665046758.0 5.146302035202723e+16 6.7083680325478584e+16 6.328866689582244e+16 5.900316925846458e+16 5.410995466351735e+16 4.845091480643184e+16 4.180610917239706e+16 3.38071010917473e+16 2.3940580223381068e+16 1.3608335296541614e+16 6524665799313486.0 5.182205843303769e+16 6.724669587560257e+16 6.3102909310985096e+16 5.856553044418787e+16 5.3518110982702824e+16 4.778495026056676e+16 4.113290280167159e+16 3.318708903828987e+16 2.3433540651194404e+16 1.3243671568827776e+16 6312028033939507.0 5.20077570647492e+16 6.7318302532616e+16 6.297220441004004e+16 5.82617245955775e+16 5.309268708637767e+16 4.729099690617988e+16 4.062045213257436e+16 3.2703991484855828e+16 2.3030669907274856e+16 1.295252814700525e+16 6142709493809449.0 5.205506422986025e+16 6.729271179000417e+16 6.283849898376023e+16 5.801854165654705e+16 5.276298241017817e+16 4.6907044866810024e+16 4.021782829242321e+16 3.232037001931979e+16 2.270882015433734e+16 1.271991060592528e+16 6007428786425735.0 5.2014656386894456e+16 6.7196034796649576e+16 6.26872158887095e+16 5.780186042100857e+16 5.24892313596257e+16 4.659504450573672e+16 3.98923134673929e+16 3.201051184919067e+16 2.2449589125753748e+16 1.2533165576066778e+16 5898746589052719.0 5.192266435156381e+16 6.705455527334541e+16 6.2520542425835064e+16 5.7598247261631496e+16 5.2250514215617976e+16 4.633215479931311e+16 3.962245548703929e+16 3.175605141573957e+16 2.2238529715953508e+16 1.2382001093040078e+16 5810694486045217.0 5.1803198815938536e+16 6.6889001538977464e+16 6.234559996155329e+16 5.740392961872231e+16 5.203632228554369e+16 4.610471154504023e+16 3.939397755506767e+16 3.1543717669316188e+16 2.2064543785760276e+16 1.225832249644584e+16 5738593838893912.0 5.167196509967589e+16 6.671517965459497e+16 6.21698308992658e+16 5.721902128508032e+16 5.184150664154452e+16 4.5904437555887176e+16 3.919725516438025e+16 3.136390572637405e+16 2.1919244767219104e+16 1.2155908488103998e+16 5678849508439106.0 5.519000360316777e+16 6.610310371320694e+16 6.1457347594546536e+16 5.6404718657756904e+16 5.090682317367379e+16 4.482530618982706e+16 3.7938586045335384e+16 2.9864079666786004e+16 2.011392046143932e+16 1.056985637558655e+16 5016569045904316.0 5.178161773980418e+16 6.691497263695574e+16 6.232496741025303e+16 5.730241854051497e+16 5.185023189310287e+16 4.584343384200967e+16 3.9080002668322296e+16 3.1214430607666044e+16 2.1774950756003604e+16 1.2038350398200344e+16 5613857467432593.0 5.162559823381674e+16 6.670551100827281e+16 6.211974869543617e+16 5.7102722880110696e+16 5.165830504853065e+16 4.566334835762708e+16 3.8917567129272984e+16 3.1077195424969556e+16 2.167145990304954e+16 1.1969681853847022e+16 5573480720330318.0 5.148151778858339e+16 6.651228638129153e+16 6.19320657428374e+16 5.69220647222263e+16 5.148663050017491e+16 4.5503967564088824e+16 3.877515366435092e+16 3.095787738950157e+16 2.1582176372463356e+16 1.1910654401622892e+16 5538735504604885.0 5.1349612426497304e+16 6.6335406582479784e+16 6.176115057012132e+16 5.675876772979808e+16 5.133274559070863e+16 4.536228428885918e+16 3.8649526293486584e+16 3.085336785525712e+16 2.150450071836187e+16 1.1859466928287098e+16 5508576137973532.0 5.122961768849936e+16 6.6174440496462696e+16 6.160609029867514e+16 5.661136630559194e+16 5.119468181393788e+16 4.523597329586292e+16 3.853821676785959e+16 3.0761310743364524e+16 2.1436471514192636e+16 1.18147613276111e+16 5482212509642008.0 5.112097391338613e+16 6.602862122202041e+16 6.146587044022087e+16 5.647852595681265e+16 5.1070800153891144e+16 4.51231792946144e+16 3.843929741213176e+16 3.067988867095184e+16 2.1376588516837356e+16 1.1775501534045354e+16 5459040834653135.0 5.102296376659645e+16 6.589699555860033e+16 6.1339424644744584e+16 5.635900942039983e+16 5.0959693185908824e+16 4.5022378957222904e+16 3.835122629517881e+16 3.060767151180029e+16 2.1323684703921516e+16 1.1740885034154422e+16 5438592831243378.0 5.09348017362392e+16 6.577852706556115e+16 6.122567887504301e+16 5.625166414630212e+16 5.086012627672656e+16 4.493229018399481e+16 3.8272741018995384e+16 3.0543510004391844e+16 2.1276834885794124e+16 1.1710279112286194e+16 5420498963319377.0 5.0855690842680904e+16 6.567216428176157e+16 6.112358496520784e+16 5.615541901365315e+16 5.0771002106928664e+16 4.485181292589369e+16 3.820278629688641e+16 3.0486461566761284e+16 2.123529110242681e+16 1.1683175454778372e+16 5404462181858174.0 5.07848573351624e+16 6.557688406475556e+16 6.103214374676698e+16 5.606928399480612e+16 5.069133850972679e+16 4.4779990058262184e+16 3.8140464696198376e+16 3.04357388178708e+16 2.119843728518384e+16 1.1659158097572502e+16 5390239334236582.0 5.072157080491321e+16 6.549171765899373e+16 6.0950419534291944e+16 5.599234995195284e+16 5.062025380935681e+16 4.4715980960317064e+16 3.808500285012764e+16 3.039067383127074e+16 2.1165757533108064e+16 1.1637880891395058e+16 5377628056918959.0 5.066515479335301e+16 6.541576506587084e+16 6.0877548050953544e+16 5.5923787543021224e+16 5.0556956361633064e+16 4.4659043140833336e+16 3.803572795574095e+16 3.0350693168515868e+16 2.1136813882062516e+16 1.1619051660303602e+16 5366457537181321.0 5.06149913376418e+16 6.534820169437404e+16 6.081273966443674e+16 5.586284505603527e+16 5.050073646751382e+16 4.460851897967017e+16 3.799205109835307e+16 3.0315300246301696e+16 2.1111230627894924e+16 1.1602421017904886e+16 5356581976718153.0 5.057052177631322e+16 6.528828008598211e+16 6.075527944748186e+16 5.5808845342361064e+16 5.0450959671244376e+16 4.456382575842697e+16 3.795345511536863e+16 3.0284062676502452e+16 2.1088683146241616e+16 1.1587774400758254e+16 5347875927879048.0 5.0531245328585864e+16 6.523532866273658e+16 6.070452522141444e+16 5.5761182129022296e+16 5.040706092548551e+16 4.452444785005171e+16 3.791948550170761e+16 3.0256602982170468e+16 2.10688897900731e+16 1.1574926315749832e+16 5340230922605110.0 5.0496716407273016e+16 6.518874850141645e+16 6.065990433104317e+16 5.571931598720841e+16 5.0368539361319864e+16 4.448993037259884e+16 3.788974338372377e+16 3.0232591621288496e+16 2.1051605899408292e+16 1.1563716112354372e+16 5333552994155540.0 5.046654132132765e+16 6.5148009487566856e+16 6.062090978550849e+16 5.5682770128052184e+16 5.0334953528463704e+16 4.445987388305936e+16 3.786387993532846e+16 3.021174161102949e+16 2.1036619273412044e+16 1.1554004812230554e+16 5327760819218255.0 5.04403748365913e+16 6.511264586028435e+16 6.058709604426815e+16 5.565112618944463e+16 5.030591706917217e+16 4.443392986313953e+16 3.784159183761982e+16 3.0193804288221036e+16 2.1023746671605188e+16 1.1545672681851894e+16 5322784296676414.0 5.04179169658557e+16 6.5082252165470616e+16 6.055807540573959e+16 5.562402054418689e+16 5.0281094893237816e+16 4.441179685967026e+16 3.782261752918615e+16 3.0178565901819212e+16 2.1012831057091604e+16 1.1538617339070614e+16 5318563440547919.0 5.039890987712296e+16 6.505647919932241e+16 6.0533514206933416e+16 5.5601140807328184e+16 5.0260199754911144e+16 4.439321715986756e+16 3.7806734076021256e+16 3.0165844839240348e+16 2.1003739396258156e+16 1.1532752257354944e+16 5315047506116766.0 5.0383135096357224e+16 6.50350306900602e+16 6.051312955933722e+16 5.558222259898767e+16 5.0242989203210856e+16 4.43779739279468e+16 3.779375454817227e+16 3.0155489353130444e+16 2.0996360882135436e+16 1.152800556860686e+16 5312194291776735.0 5.037041088344698e+16 6.501765905739255e+16 6.0496685789161544e+16 5.5567046573842136e+16 5.022926291447836e+16 4.43658887723994e+16 3.778352584095553e+16 3.0147375707373824e+16 2.0990605508005756e+16 1.1524319109250304e+16 5309969583011428.0 5.036059026355046e+16 6.50041628945599e+16 6.0483991730871864e+16 5.5555435994833864e+16 5.021886048149345e+16 4.435681974133486e+16 3.777592690214932e+16 3.0141406689055236e+16 2.098640293677279e+16 1.1521647672076094e+16 5308346716349920.0 5.035355935456868e+16 6.499438534770489e+16 6.047489913629174e+16 5.554725492444035e+16 5.02116596721598e+16 4.435065973283349e+16 3.7770867336943784e+16 3.0137510450851996e+16 2.098370163090159e+16 1.1519958436190478e+16 5307306247098518.0 6.71343055304267e+16 8.17733393503214e+16 7.618097525695269e+16 7.006758462796122e+16 6.345531927763336e+16 5.620464343203972e+16 4.808550069946788e+16 3.870307696483907e+16 2.7483108050925676e+16 1.5509931954656906e+16 7075780947302544.0
    </DataArray>
    <DataArray type="Float32" Name="Temperature [K]" NumberOfComponents="1" format="ascii">
305.152672055908 306.4002260249365 307.36582094664976 308.0700043847848 308.5341879380598 308.7808673684316 308.8341922939997 308.72091994244397 308.4720769380852 308.125760834676 307.72384232407677 305.14531652165476 306.38991306523417 307.3533907102986 308.0561303831871 308.51946544623934 308.7658153271445 308.8192500904586 308.70644877286566 308.4583643041668 308.11301712589085 307.7121629554046 305.1236446979043 306.3597467061518 307.3169686218959 308.01542645054406 308.47621962870113 308.72154141552295 308.7752365834088 308.6637635082728 308.41786407278266 308.07532794266643 307.6775755688168 305.0884475747987 306.3111291062652 307.25834255185526 307.94987530135637 308.406498068773 308.65006529206926 308.70407803990867 308.59465380174834 308.35219943726383 308.01412462565105 307.62131164279333 305.04080211383047 306.24580358632335 307.17970614702244 307.8619499922357 308.3129129048074 308.5540250104114 308.608350291801 308.5015682162553 308.26364354314427 307.93146700574 307.54519150774075 304.9819469433447 306.1656355587887 307.0833990058696 307.7543240967785 308.19834542172305 308.4363979151907 308.4910288349374 308.38739477081924 308.1549225356934 307.82985902964685 307.45145909258446 304.9132297487006 306.07256357869926 306.97184221958486 307.6297855029682 308.06583548966756 308.3003653164123 308.3553321229887 308.2552921592885 308.0290472133371 307.71209144598674 307.3426413210444 304.8360780358856 305.96858715819667 306.8475234517969 307.49120986255014 307.91853797998834 308.1492484751445 308.2046363076883 308.1085865220775 307.8891999582424 307.58112267261686 307.22143132787136 304.7519736085437 305.8557445245372 306.71296892810483 307.34152735319464 307.7596822633876 307.98645680423175 308.0424106733142 307.9506955843611 307.7386500945636 307.43999748737986 307.09061141229665 304.66242202993595 305.7360673292946 306.5706945322986 307.18367461887715 307.5925205919792 307.81542793839657 307.87214669635733 307.78504810235506 307.5806683926184 307.2917591929096 306.95296633182875 304.5689188045783 305.6115185243386 306.4231542422624 307.0205567442901 307.42028437109457 307.6395668446998 307.6972809304004 307.61499577101154 307.41843434485736 307.13935546492394 306.8111934615228 304.472916225679 305.48391692433415 306.27272059402657 306.85505375999605 307.24617111046655 307.46219687598835 307.52111659465766 307.4437207891368 307.25493789391714 306.9855438150812 306.66781957597925 304.37581516255665 305.3549055663934 306.12184210978364 306.69016090549667 307.07338982200014 307.2865259459463 307.3467441573851 307.27413542502455 307.0928786144299 306.8328042974775 306.52512750497215 304.27934017636295 305.22670644903997 305.973782004502 306.5293470633071 306.90525931209373 307.11562697289685 307.1769805067837 307.10881462305423 306.93461141128597 306.6832994194706 306.3851190571774 304.18750528901404 305.1060864862105 305.8338953402283 306.3767992316102 306.7452053697933 306.95241082094884 307.0143573537087 306.94998696777094 306.7821331353681 306.5388601582196 306.2495016051945 304.10230309267644 304.9962312929641 305.7055625482885 306.23559801990984 306.59595969685984 306.7993031123191 306.86102621727673 306.7995406545416 306.6370955011078 306.40099347185736 306.11970161944674 304.0241672553305 304.8974642555853 305.58969871691795 306.10704320420217 306.45900495921154 306.6578694863147 306.71860271792406 306.65913709486256 306.5011460428413 306.27119444784756 305.9970077549016 303.95269053478 304.80864315717844 305.4855859260875 305.99094638686887 306.33454120420265 306.52854916973064 306.58764660910975 306.5293652458875 306.37486684999345 306.1500793998021 305.8820809590257 303.8872533164529 304.72838474106527 305.3919009253425 305.88632002002475 306.2219274093995 306.41097679311287 306.4679910340774 306.41020139651727 306.2583519162741 306.0378428868563 305.7751929696551 303.82728111214976 304.6555375639885 305.3073150204045 305.79193723683466 306.12014912767137 306.30436660987607 306.35906071036544 306.3012576872475 306.1513775022792 305.9343905532009 305.6763423089556 303.7722764208857 304.58919842713857 305.23068663901984 305.70661605148445 306.02811345157437 306.20777735954925 306.26008779403696 306.20194044720625 306.05351067766145 305.83942257832 305.58532886724873 303.72181473817307 304.5286631772366 305.1610844046889 305.62932045275545 305.94478993740313 306.1202582170093 306.17024226262026 306.11155755708194 305.96419638223796 305.75250566753266 305.50181632733444 303.67552638965475 304.47336383956787 305.09775061576687 305.5591720426287 305.869260188859 306.0409176418808 306.08870530914623 306.02938894015296 305.8828225794045 305.67313130238847 305.42538406979855 303.63308332062593 304.42282615159 305.04005890932746 305.49542965879044 305.8007233482928 305.96894869842686 306.0147065374519 305.9547295386852 305.8087649313712 305.600758978012 305.3555675330878 303.5941899623721 304.3766422357259 304.9874799580017 305.4374626724828 305.7384842933586 305.90363246272193 305.94753945176046 305.8869129856669 305.74141505060373 305.534846000764 305.2918875536819 303.5585770609248 304.3344532511339 304.9395562184533 305.3847269868429 305.6819373123625 305.8443317997963 305.88656485539923 305.8253226624998 305.6801967588545 305.4748665803824 305.23387038427524 303.52599437415057 304.29593244870756 304.89588253397875 305.336745856826 305.63055062141007 305.79048194254096 305.8312081597763 305.76939508442393 305.62457418013736 305.420323030452 305.18106045331365 303.4962111364644 304.2607842666746 304.85609721284953 305.29309721143966 305.58385396535033 305.74158103191724 305.780954132972 305.71861901875815 305.57405465258876 305.3707515087593 305.1330278156038 303.4690136947205 304.2287389110687 304.81987448454623 305.2534041760015 305.54142878145035 305.6971816175785 305.7353408860769 305.67253242593074 305.52818852167024 305.3257241649909 305.0893719081664 303.4442040111522 304.19954897485695 304.78691904194284 305.2173279889003 305.5029004547705 305.6568833777077 305.6939539738571 305.63071847127276 305.48656720008984 305.2848490529194 305.0497228544348 303.42159858978516 304.17298714970235 304.75696213868235 305.18456270572494 305.4679322427462 305.62032703371347 305.65642100356905 305.5928013222052 305.4488203871556 305.24776874884304 305.01374122528864 303.40102762350256 304.1488445277868 304.72975869259454 305.1548311730777 305.436220487108 305.587189321273 305.6224068902037 305.55844210708756 305.4146129875579 305.21415829794336 304.9811168907137 303.3823342632826 304.1269292515994 304.70508504336993 305.12788188905625 305.40749079292925 305.5571788375252 305.59160975707397 305.52733520866224 305.38364203789735 305.18372288082816 304.95156738660523 303.36537395489034 304.1070653713076 304.6827371354794 305.10348648121783 305.3814949271612 305.5300325938511 305.5637574225986 305.49920495172375 305.3556338034497 305.15619543597387 304.9248360701556 303.3500138147117 304.08909183263756 304.66252898577466 305.0814376214049 305.3580082549616 305.5055131310567 305.5386043963255 305.473802685437 305.3303411195766 305.1313343712088 304.9006902327841 303.3361320317224 304.0728615541555 304.64429135071697 305.0615472576196 305.336827582573 305.4834060811186 305.515929305762 305.4509042317039 305.30754100105145 305.1089214323803 304.87891926955683 303.3236172911346 304.0582405728573 304.62787054212583 305.04364508409145 305.3177693134201 305.46351808535417 305.4955326834248 305.43030765978 305.2870325148169 305.0887597578611 304.85933295877294 303.31236821977876 304.04510724793573 304.61312736079714 305.0275771976521 305.30066785146516 305.44567500032457 305.47723505442997 305.4118313457485 305.2686348982237 305.0706721247759 304.84175987713365 303.3022928554196 304.0333515183957 304.59993612951286 305.01320490600455 305.2853742051352 305.4297203396528 305.46087527591914 305.3953122785212 305.25218589963265 305.05449938061935 304.826045958991 303.29330814298004 304.022874213065 304.58818381409225 305.0004036646941 305.27175475852414 305.4155139128004 305.4463090893984 305.3806045789677 305.23754031764446 305.0400990481597 304.81205319859856 303.28533946066386 304.01358641278625 304.57776922522606 304.9890621267651 305.25969018581645 305.4029306314561 305.4334078552412 305.3675782040846 305.22456871688263 305.0273440895055 304.79965848929606 303.27832017860527 304.0054088648889 304.5686022961206 304.9790812936965 305.24907449127903 305.3918594613162 305.4220574452129 305.3561178130953 305.2131563008733 305.01612181525667 304.7887525913812 303.27219125226685 303.99827145039205 304.56060343258144 304.97037375924907 305.2398141616409 305.382202502309 305.4121572740971 305.34612177671835 305.2032019254261 305.006332925745 304.7792392198397 303.2669008522293 303.99211270376884 304.5537029326188 304.96286303992514 305.23182742088505 305.3738741842345 305.4036194555836 305.3375013144944 305.1946172386397 304.99789067288935 304.77103424342624 303.26240403171323 303.9868793855424 304.5478404737599 304.9564829873619 305.2250435797516 305.36680056767483 305.3963680707312 305.33017974804807 305.18732593609644 304.99072013281534 304.7640649873434 303.2586624324394 303.9825261067853 304.5429646652468 304.95117727790773 305.2194024735102 305.3609187420924 305.3903385397496 305.3240918605864 305.1812631219053 304.98475758095077 304.75826963270686 303.25564402937846 303.97901500518833 304.53903266352165 304.94689897620697 305.21485398312296 305.3561763148217 305.38547708981514 305.3191833549168 305.1763747680369 304.97994996272536 304.7535967069726 303.2533229145276 303.97631547149507 304.5360098489227 304.9436101700339 305.2113576359638 305.3525309860494 305.3817403132237 305.315410403894 305.1726172659164 304.97625445429026 304.7500046604624 303.25167912024455 303.97440392746734 304.53386956398344 304.94128167489913 305.20888228327414 305.3499502060023 305.3790948114461 305.3127392885326 305.16995706550426 304.9736381087807 304.7474615250227 303.2506984820201 303.97326365425994 304.53259291161436 304.93989280641523 305.20740585185223 305.3484109113181 305.3775169216468 305.3111461201116 305.1683703981781 304.972077584626 304.74594465167127 303.25037254037517 303.97288466960913 304.5321686110527 304.9394312184656 305.2069151679104 305.3478993382747 305.37699252308687 305.31061664354087 305.1678430806719 304.9715589532899 304.7454405248575
    </DataArray>
   </PointData>
  </Piece>
 </UnstructuredGrid>
</VTKFile>
